Date,Open,High,Low,Close,Volume
2015-01-02 00:00:00-05:00,24.627197466302736,24.63825263316067,23.73399429855066,24.1717529296875,212818400
2015-01-05 00:00:00-05:00,23.94182638039237,24.02141888235011,23.30508805151262,23.490802764892578,257142000
2015-01-06 00:00:00-05:00,23.554918284430343,23.751688161624013,23.132635763336502,23.493013381958008,263188400
2015-01-07 00:00:00-05:00,23.700840959023996,23.92193089963721,23.590295988717386,23.82244110107422,160423600
2015-01-08 00:00:00-05:00,24.149656421177227,24.795238682124943,24.032477328642603,24.737754821777344,237458000
2015-01-09 00:00:00-05:00,24.91019493978416,25.038427467624796,24.366314068729043,24.7642765045166,214798000
2015-01-12 00:00:00-05:00,24.894716745140844,24.901349170748446,24.05457632813802,24.15406608581543,198603200
2015-01-13 00:00:00-05:00,24.636046935190233,24.93894069695725,24.078901144962483,24.368528366088867,268367600
2015-01-14 00:00:00-05:00,24.107644107868847,24.428223804239163,23.98825535346539,24.275672912597656,195826400
2015-01-15 00:00:00-05:00,24.31989111435514,24.33315596973811,23.581451593811096,23.616825103759766,240056000
2015-01-16 00:00:00-05:00,23.663248948514042,23.784849053948268,23.258654074194936,23.43331527709961,314053200
2015-01-20 00:00:00-05:00,23.842324196372946,24.09215676011937,23.546064661924916,24.036884307861328,199599600
2015-01-21 00:00:00-05:00,24.08774456365367,24.554244399862444,23.937403360229293,24.220399856567383,194303600
2015-01-22 00:00:00-05:00,24.377371692838484,24.86598014630522,24.257982950073732,24.85050392150879,215185600
2015-01-23 00:00:00-05:00,24.82838999497873,25.14896959198812,24.65814987160448,24.978731155395508,185859200
2015-01-26 00:00:00-05:00,25.146767420334676,25.283843780112186,24.938944039308314,25.00527000427246,222460000
2015-01-27 00:00:00-05:00,24.85491990316115,24.86818644083696,24.105425465571376,24.129745483398438,382274800
2015-01-28 00:00:00-05:00,26.00680010606825,26.115135353956926,25.493871688842773,25.493871688842773,585908400
2015-01-29 00:00:00-05:00,25.717172069569596,26.351700565680584,25.549143306141485,26.28758430480957,337745600
2015-01-30 00:00:00-05:00,26.17704406558535,26.530787562394195,25.83435405152494,25.90289306640625,334982000
2015-02-02 00:00:00-05:00,26.099668665327968,26.347288324029396,25.664121204070383,26.2278995513916,250956400
2015-02-03 00:00:00-05:00,26.199149338596126,26.32959155096424,26.002379491164405,26.23231315612793,207662800
2015-02-04 00:00:00-05:00,26.199153164948076,26.643544336500607,26.157145544153845,26.433507919311523,280598800
2015-02-05 00:00:00-05:00,26.639929015987743,26.686542614611152,26.469018696977805,26.622173309326172,168984800
2015-02-06 00:00:00-05:00,26.639935184459446,26.690987298209635,26.291454170632036,26.39799690246582,174826400
2015-02-09 00:00:00-05:00,26.31364385422298,26.599973867144346,26.287007755920143,26.573339462280273,155559200
2015-02-10 00:00:00-05:00,26.67322452285019,27.112710874686844,26.67100611784984,27.08385467529297,248034000
2015-02-11 00:00:00-05:00,27.250327115569267,27.727546684528846,27.190398003857585,27.71866798400879,294247200
2015-02-12 00:00:00-05:00,27.980583052789616,28.29577098667342,27.87182193753955,28.069368362426758,297898000
2015-02-13 00:00:00-05:00,28.2513791917622,28.2513791917622,27.889581022925857,28.206987380981445,217088800
2015-02-17 00:00:00-05:00,28.297998361881305,28.606527791695186,28.17147980591079,28.37346649169922,252609600
2015-02-18 00:00:00-05:00,28.329063041928176,28.58432016349851,28.289109738609003,28.571002960205078,179566800
2015-02-19 00:00:00-05:00,28.517730760460264,28.639810768780958,28.484437752226324,28.511072158813477,149449600
2015-02-20 00:00:00-05:00,28.54881066804694,28.744138717651367,28.422293826373803,28.744138717651367,195793600
2015-02-23 00:00:00-05:00,28.85956221196255,29.52100944519043,28.779655584756064,29.52100944519043,283896400
2015-02-24 00:00:00-05:00,29.507688768942803,29.6541847994094,29.114814282465368,29.336776733398438,276912400
2015-02-25 00:00:00-05:00,29.20137516080777,29.210255554176445,28.444482502820037,28.586538314819336,298846800
2015-02-26 00:00:00-05:00,28.586539620727553,29.048221877535564,28.1026631532394,28.948339462280273,365150000
2015-02-27 00:00:00-05:00,28.855116789834128,28.98163700453715,28.464464120263223,28.513296127319336,248059200
2015-03-02 00:00:00-05:00,28.688650108799695,28.91727118881315,28.477786433344782,28.653135299682617,192386800
2015-03-03 00:00:00-05:00,28.624271056502938,28.748569451925118,28.43116147580031,28.713054656982422,151265200
2015-03-04 00:00:00-05:00,28.65535153620305,28.75745235902055,28.48222110892298,28.531049728393555,126665200
2015-03-05 00:00:00-05:00,28.539931411738248,28.577664620734428,27.913997388365356,28.058273315429688,226068400
2015-03-06 00:00:00-05:00,28.499981976286783,28.71528585962888,28.024984083017344,28.10045051574707,291368400
2015-03-09 00:00:00-04:00,28.402319381168297,28.759680810980388,27.758627835894732,28.22031021118164,354114000
2015-03-10 00:00:00-04:00,28.058276112295825,28.238065167678325,27.478953941130857,27.636547088623047,275426400
2015-03-11 00:00:00-04:00,27.68981472769633,27.69425323143729,27.103834014425015,27.132688522338867,275756000
2015-03-12 00:00:00-04:00,27.148222910166183,27.72310645562932,26.997288397596602,27.62322235107422,193450800
2015-03-13 00:00:00-04:00,27.612125613115115,27.83408803493527,27.208154073139987,27.432334899902344,207309200
2015-03-16 00:00:00-04:00,27.496709293114733,27.734209060668945,27.27252842487255,27.734209060668945,143497200
2015-03-17 00:00:00-04:00,27.945065955443866,28.260252150891446,27.889575356522588,28.198102951049805,204092400
2015-03-18 00:00:00-04:00,28.18923120800626,28.668670913843595,28.049395473856592,28.51551628112793,261083600
2015-03-19 00:00:00-04:00,28.577667853411505,28.688649087793685,28.278018859267466,28.300214767456055,183238000
2015-03-20 00:00:00-04:00,28.46668163836852,28.499974648106683,27.780818542739226,27.945070266723633,274780400
2015-03-23 00:00:00-04:00,28.215864038377056,28.377895660087294,28.0826852288018,28.23583984375,150838800
2015-03-24 00:00:00-04:00,28.240286116320142,28.420073483673672,28.09156997275746,28.120426177978516,131369200
2015-03-25 00:00:00-04:00,28.087133007674453,28.149282232419186,27.385730743408203,27.385730743408203,206620800
2015-03-26 00:00:00-04:00,27.2481090167944,27.71866829557392,27.21259421431497,27.57661247253418,190291600
2015-03-27 00:00:00-04:00,27.649861003464096,27.67871551094298,27.2814042347131,27.356870651245117,158184800
2015-03-30 00:00:00-04:00,27.534443678458345,28.056055117703153,27.52334487814794,28.049396514892578,188398800
2015-03-31 00:00:00-04:00,27.987248418093518,28.076033749186635,27.60325427426685,27.618791580200195,168362400
2015-04-01 00:00:00-04:00,27.70535114691117,27.771940554974115,27.32357548668681,27.578832626342773,162485600
2015-04-02 00:00:00-04:00,27.751960652084765,27.869600461828853,27.565513035155764,27.816329956054688,128880400
2015-04-06 00:00:00-04:00,27.627666924397037,28.302432987869057,27.596592316307593,28.266918182373047,148776000
2015-04-07 00:00:00-04:00,28.331288251334495,28.43782928378001,27.962831448421586,27.96949005126953,140049200
2015-04-08 00:00:00-04:00,27.933973429983475,28.056053452395012,27.738647087564086,27.878482818603516,149316800
2015-04-09 00:00:00-04:00,27.93397485203498,28.096008190626378,27.669840679958504,28.091567993164062,129936000
2015-04-10 00:00:00-04:00,27.95616863659895,28.235841785121607,27.80301570455954,28.21142578125,160752000
2015-04-13 00:00:00-04:00,28.49331552230274,28.5377107169746,28.102662872086338,28.155933380126953,145460400
2015-04-14 00:00:00-04:00,28.189226543115986,28.253595846308986,27.94728832500602,28.03385353088379,102098400
2015-04-15 00:00:00-04:00,28.058269202501947,28.218080716019593,27.969483899366274,28.14039421081543,115881600
2015-04-16 00:00:00-04:00,28.02941898136785,28.211428129554427,27.991685769857757,28.005002975463867,113476000
2015-04-17 00:00:00-04:00,27.867380399129797,27.99833740416717,27.6254404990537,27.689809799194336,207828000
2015-04-20 00:00:00-04:00,27.871821413307316,28.43782457640034,27.78303610534011,28.322404861450195,188217200
2015-04-21 00:00:00-04:00,28.433394001099803,28.455588216159526,28.11598590515108,28.16925811767578,129740400
2015-04-22 00:00:00-04:00,28.187008986802727,28.604297752600676,28.038294562620575,28.54880714416504,150618000
2015-04-23 00:00:00-04:00,28.47777487312358,28.94833404883172,28.44226007842332,28.781862258911133,183083600
2015-04-24 00:00:00-04:00,28.963876628181755,28.994951230673138,28.68420181888168,28.91726303100586,178103600
2015-04-27 00:00:00-04:00,29.367850993756058,29.5498618270703,29.110373740867793,29.443317413330078,387816800
2015-04-28 00:00:00-04:00,29.84506752107098,29.862821533646084,28.759671457744723,28.979412078857422,475696000
2015-04-29 00:00:00-04:00,28.890633230589536,29.208037907572134,28.47778293917561,28.55324935913086,253544400
2015-04-30 00:00:00-04:00,28.553249161739682,28.553249161739682,27.652082165186428,27.778600692749023,332781600
2015-05-01 00:00:00-04:00,27.98946245844296,28.88397248578845,27.811893528132792,28.622055053710938,234050400
2015-05-04 00:00:00-04:00,28.744133265192428,28.98163467926251,28.468898646311512,28.56656265258789,203953200
2015-05-05 00:00:00-04:00,28.444486073516973,28.511075484630258,27.918436160790506,27.922876358032227,197085600
2015-05-06 00:00:00-04:00,28.091566948029953,28.13374035515713,27.381287790009118,27.747526168823242,288564000
2015-05-07 00:00:00-04:00,27.80993037983159,28.10191686741155,27.642763205462412,27.919147491455078,175763600
2015-05-08 00:00:00-04:00,28.235652694796116,28.44516944885254,28.10860569937123,28.44516944885254,222201600
2015-05-11 00:00:00-04:00,28.39390831197934,28.43179913893094,28.00162210800377,28.15541648864746,168143200
2015-05-12 00:00:00-04:00,27.994931698159256,28.280230096530865,27.821078092933593,28.055112838745117,192640000
2015-05-13 00:00:00-04:00,28.117525287150592,28.349330690934128,28.0551164669998,28.086320877075195,138776800
2015-05-14 00:00:00-04:00,28.39836301417201,28.74161148071289,28.342640617582404,28.74161148071289,180814000
2015-05-15 00:00:00-04:00,28.76835986410309,28.861973080038933,28.57667468832252,28.701492309570312,152832000
2015-05-18 00:00:00-04:00,28.614566226619402,29.136127043210262,28.610107482598703,29.017995834350586,203531600
2015-05-19 00:00:00-04:00,29.129447200463556,29.171796775653014,28.89541240143432,28.991256713867188,178532800
2015-05-20 00:00:00-04:00,28.97564656274828,29.19407740762655,28.828538617799044,28.9890193939209,145819600
2015-05-21 00:00:00-04:00,28.991245175901085,29.338952327037514,28.93775045994756,29.285457611083984,158921600
2015-05-22 00:00:00-04:00,29.332274719776624,29.637632404262497,29.287694075917575,29.54178810119629,182384000
2015-05-26 00:00:00-04:00,29.555156861273023,29.624252080346373,28.77949874780666,28.89094352722168,282790400
2015-05-27 00:00:00-04:00,29.051435723586238,29.479383436964397,28.9867992225193,29.430347442626953,183332800
2015-05-28 00:00:00-04:00,29.390224231415285,29.410283480151588,29.220829351488383,29.372392654418945,122933200
2015-05-29 00:00:00-04:00,29.24979216450945,29.298828133350483,28.95334868052477,29.038047790527344,203538000
2015-06-01 00:00:00-04:00,29.038050612136495,29.285458151320576,28.986786967375732,29.09600067138672,128451200
2015-06-02 00:00:00-04:00,28.944441706188638,29.122754054775914,28.824082826481696,28.966732025146484,134670400
2015-06-03 00:00:00-04:00,29.122754096088396,29.185162908028698,28.953355834228855,29.002391815185547,123934000
2015-06-04 00:00:00-04:00,28.882030437775946,29.10492000429588,28.732694836330577,28.83299446105957,153800400
2015-06-05 00:00:00-04:00,28.864201159359645,28.90655072452968,28.61010716936459,28.67474365234375,142507200
2015-06-08 00:00:00-04:00,28.730465114073123,28.799563739802192,28.26908545822926,28.485288619995117,210699200
2015-06-09 00:00:00-04:00,28.240106328012548,28.54769500648522,27.999386897679972,28.40058708190918,224301600
2015-06-10 00:00:00-04:00,28.512045240375347,28.828548153240835,28.49644303200911,28.72602081298828,156349200
2015-06-11 00:00:00-04:00,28.792879103615235,29.015768720708497,28.63685705185508,28.661375045776367,141563600
2015-06-12 00:00:00-04:00,28.572216031997122,28.603420437404722,28.331494875556302,28.344867706298828,147544800
2015-06-15 00:00:00-04:00,28.1063713420396,28.360465287819732,28.01944455535231,28.289140701293945,175955600
2015-06-16 00:00:00-04:00,28.31366117634184,28.49643055166313,28.166554947674665,28.44070816040039,125976400
2015-06-17 00:00:00-04:00,28.467461189265897,28.50312264250904,28.24902862379286,28.37384796142578,131672400
2015-06-18 00:00:00-04:00,28.358245445578536,28.598964928738177,28.356016073365065,28.503122329711914,141628800
2015-06-19 00:00:00-04:00,28.465230620681456,28.489748612730004,28.17324578875584,28.217823028564453,218867600
2015-06-22 00:00:00-04:00,28.416194301771778,28.543241304293367,28.32481045108704,28.442941665649414,136157200
2015-06-23 00:00:00-04:00,28.413970557732856,28.44294559722091,28.280235420371596,28.313669204711914,121075600
2015-06-24 00:00:00-04:00,28.353787057350907,28.93107203097419,28.33372780871592,28.55438804626465,221123600
2015-06-25 00:00:00-04:00,28.72155460483171,28.79733625420246,28.418424606323242,28.418424606323242,127752400
2015-06-26 00:00:00-04:00,28.45631304646923,28.527637645993725,28.19776201088517,28.25125503540039,176267200
2015-06-29 00:00:00-04:00,27.963726587029704,28.188845539651794,27.74529575025831,27.756439208984375,196645600
2015-06-30 00:00:00-04:00,27.988241373727654,28.11083130927194,27.8299899936238,27.9570369720459,177482800
2015-07-01 00:00:00-04:00,28.284690588790067,28.29360637685433,28.081860236481678,28.217823028564453,120955200
2015-07-02 00:00:00-04:00,28.1799338662497,28.23788564182807,28.032825905284497,28.18216323852539,108844000
2015-07-06 00:00:00-04:00,27.847824958735146,28.135352723984397,27.827764012060165,28.084087371826172,112241600
2015-07-07 00:00:00-04:00,28.059572816666325,28.117524591306235,27.587046232126976,28.014995574951172,187787200
2015-07-08 00:00:00-04:00,27.745292311292737,27.780953755513554,27.312886034221087,27.31957244873047,243046400
2015-07-09 00:00:00-04:00,27.604876303351464,27.651682914753206,26.57289807936976,26.762353897094727,314380000
2015-07-10 00:00:00-04:00,27.179159625272575,27.604877896696575,27.01644946152121,27.47783088684082,245418000
2015-07-13 00:00:00-04:00,27.867888769804207,28.030598939773252,27.70963734449888,28.008310317993164,165762000
2015-07-14 00:00:00-04:00,28.093002544204097,28.166556512881268,27.87011296676723,27.997159957885742,127072400
2015-07-15 00:00:00-04:00,28.021677052619474,28.340409206196515,27.990472648815775,28.266855239868164,134596800
2015-07-16 00:00:00-04:00,28.471911404138147,28.65691184423295,28.38498461334878,28.643535614013672,144889600
2015-07-17 00:00:00-04:00,28.770584661904355,28.89094352722168,28.598958749318292,28.89094352722168,184658800
2015-07-20 00:00:00-04:00,29.191856548814133,29.6376358307372,29.131675393467233,29.437036514282227,235600800
2015-07-21 00:00:00-04:00,29.6108899615348,29.62649046776288,29.046979445804723,29.142820358276367,307025600
2015-07-22 00:00:00-04:00,27.190304050904626,27.97264708701165,27.190304050904626,27.91023826599121,461802400
2015-07-23 00:00:00-04:00,28.12866570825328,28.3270373082323,27.87457171051582,27.896862030029297,203998000
2015-07-24 00:00:00-04:00,27.93252910751953,28.026142346489674,27.616026232613063,27.749759674072266,168649200
2015-07-27 00:00:00-04:00,27.435477505696046,27.551381039244013,27.21927604215904,27.364152908325195,177822000
2015-07-28 00:00:00-04:00,27.500118255615234,27.618251172130954,27.315121179871685,27.500118255615234,134472400
2015-07-29 00:00:00-04:00,27.448852083328312,27.526863096129816,27.25270816484163,27.413188934326172,148046800
2015-07-30 00:00:00-04:00,27.26385445887506,27.319576856125906,27.127891673541978,27.274999618530273,134513200
2015-07-31 00:00:00-04:00,27.32626015786236,27.335175944468048,26.949577951718467,27.0365047454834,171540000
2015-08-03 00:00:00-04:00,27.08108369318085,27.31957547332252,26.19398242562316,26.3990421295166,279904000
2015-08-04 00:00:00-04:00,26.171693835570665,26.23410264531658,25.242244703613594,25.552061080932617,496554400
2015-08-05 00:00:00-04:00,25.175381665508382,26.17615727440399,24.985925830366536,25.72146224975586,397250400
2015-08-06 00:00:00-04:00,25.96550902150507,26.084174951835017,25.55129714288187,25.777433395385742,211612000
2015-08-07 00:00:00-04:00,25.65429218855128,26.028202297608875,25.636379897429816,25.864755630493164,154681600
2015-08-10 00:00:00-04:00,26.090889495255514,26.86557802792801,26.090889495255514,26.805126190185547,219806400
2015-08-11 00:00:00-04:00,26.37748162069634,26.460324680282355,25.374417301768855,25.410240173339844,388331200
2015-08-12 00:00:00-04:00,25.19529452559621,25.84236096646408,24.54598862173229,25.802059173583984,404870000
2015-08-13 00:00:00-04:00,25.981177528211962,26.06178111054576,25.645329837891037,25.78190803527832,194143200
2015-08-14 00:00:00-04:00,25.596074898960804,26.041632408633568,25.526666914798433,25.963268280029297,171718000
2015-08-17 00:00:00-04:00,25.981181919757336,26.341658638289204,25.86027652582025,26.231948852539062,163538800
2015-08-18 00:00:00-04:00,26.0684984708707,26.294636399882883,25.974461525098807,26.084171295166016,138242800
2015-08-19 00:00:00-04:00,25.99461694847219,26.088653913711482,25.676681470828807,25.750568389892578,193146000
2015-08-20 00:00:00-04:00,25.542337117733236,25.60278895124628,24.99378485741103,25.2221622467041,274006400
2015-08-21 00:00:00-04:00,24.725105932667855,25.054236927891914,23.654871613646495,23.679500579833984,513102000
2015-08-24 00:00:00-04:00,21.241252423995853,24.360158760901577,20.598663080338365,23.088415145874023,648825200
2015-08-25 00:00:00-04:00,24.877366729071596,24.877366729071596,23.17349871582152,23.22723388671875,414406400
2015-08-26 00:00:00-04:00,23.977293513141916,24.604210100176438,23.52054200077737,24.559431076049805,387098400
2015-08-27 00:00:00-04:00,25.12812497808205,25.35426119331706,24.63330787706283,25.28261375427246,338464400
2015-08-28 00:00:00-04:00,25.11469819073031,25.369942383259534,24.97364272903055,25.36546516418457,212657600
2015-08-31 00:00:00-04:00,25.08334899563872,25.64309525264471,25.076632313868252,25.246795654296875,224917200
2015-09-01 00:00:00-04:00,24.662416701253587,25.049760096014527,24.03773976777712,24.118343353271484,307383600
2015-09-02 00:00:00-04:00,24.680333362901482,25.15275764465332,24.434043636790502,25.15275764465332,247555200
2015-09-03 00:00:00-04:00,25.186339324259134,25.25127008789612,24.637788736174347,24.7116756439209,212935600
2015-09-04 00:00:00-04:00,24.398215017804926,24.729583776008354,24.295221933054687,24.465383529663086,199985200
2015-09-08 00:00:00-04:00,25.020653553846913,25.20201076452285,24.700478679415603,25.14603614807129,219374400
2015-09-09 00:00:00-04:00,25.470697939320914,25.528910328782462,24.57734155057093,24.662424087524414,340043200
2015-09-10 00:00:00-04:00,24.689285047222274,25.363219961491765,24.60644370150344,25.204252243041992,251571200
2015-09-11 00:00:00-04:00,25.029605946951275,25.571439743041992,25.022889267297096,25.571439743041992,199662000
2015-09-14 00:00:00-04:00,26.10208772561707,26.171495714483527,25.716982029564473,25.81773567199707,233453600
2015-09-15 00:00:00-04:00,25.9565498932683,26.09088863465027,25.618462722692676,26.034914016723633,173364800
2015-09-16 00:00:00-04:00,26.0282012980391,26.093132069703284,25.846844054976746,26.06402587890625,148694000
2015-09-17 00:00:00-04:00,25.89610010440373,26.08193455236949,25.461736488332857,25.506515502929688,256450400
2015-09-18 00:00:00-04:00,25.123645839047576,25.591594505874923,25.047521183050506,25.40127944946289,297141200
2015-09-21 00:00:00-04:00,25.450545184122053,25.83117370539688,25.448307428760756,25.79534912109375,200888000
2015-09-22 00:00:00-04:00,25.385610108649438,25.564729583421176,25.193057271143285,25.39008903503418,201384800
2015-09-23 00:00:00-04:00,25.4415845547681,25.685634794748932,25.367699352030687,25.5960750579834,143026800
2015-09-24 00:00:00-04:00,25.356497370678444,25.860268841619078,25.159467365888187,25.748319625854492,200878000
2015-09-25 00:00:00-04:00,26.070736649852112,26.126711263608605,25.528901090449907,25.683391571044922,224607600
2015-09-28 00:00:00-04:00,25.49084014600147,25.652047315679575,25.17514419555664,25.17514419555664,208436000
2015-09-29 00:00:00-04:00,25.262469548383283,25.414720605049194,24.149693669132315,24.418371200561523,293461600
2015-09-30 00:00:00-04:00,24.666896969730384,24.973638525143357,24.34448429608788,24.69600486755371,265892000
2015-10-01 00:00:00-04:00,24.420605159944234,24.543749997216835,24.026543388881606,24.534793853759766,255716400
2015-10-02 00:00:00-04:00,24.18327094054889,24.854966259378173,24.080277863313544,24.713909149169922,232079200
2015-10-05 00:00:00-04:00,24.601963551958388,24.935573506011238,24.420606335797018,24.8034725189209,208258800
2015-10-06 00:00:00-04:00,24.769887185785613,25.018414624790967,24.577334364426335,24.922138214111328,192787200
2015-10-07 00:00:00-04:00,25.018414847610984,25.02513152847477,24.49673270474276,24.8034725189209,187062400
2015-10-08 00:00:00-04:00,24.671376269120408,24.671376269120408,24.228056487373365,24.51688575744629,247918400
2015-10-09 00:00:00-04:00,24.6288311899875,25.139319417702776,24.51464249435338,25.103496551513672,211064400
2015-10-12 00:00:00-04:00,25.240082239836674,25.24455945885989,24.95125292884764,24.987075805664062,121868800
2015-10-13 00:00:00-04:00,24.812427895180186,25.177381779236768,24.78108224664574,25.02960968017578,132197200
2015-10-14 00:00:00-04:00,24.91766837374016,24.969164080623525,24.53032315333488,24.675857543945312,177849600
2015-10-15 00:00:00-04:00,24.83705672367578,25.099017517047702,24.738540852714827,25.0452823638916,150694000
2015-10-16 00:00:00-04:00,25.027374938781016,25.07663288383072,24.747501803916833,24.861690521240234,156930400
2015-10-19 00:00:00-04:00,24.80795247463472,25.020655349128607,24.653461975516304,25.016178131103516,119036800
2015-10-20 00:00:00-04:00,24.928855632899708,25.562488733381457,24.812429176361526,25.472929000854492,195871200
2015-10-21 00:00:00-04:00,25.524428749430527,25.878188785928117,25.457258516805933,25.470693588256836,167180800
2015-10-22 00:00:00-04:00,25.598312560504443,25.860273361206055,25.546815160640392,25.860273361206055,166616400
2015-10-23 00:00:00-04:00,26.12895517501837,26.69541983460637,26.046113820393007,26.661834716796875,237467600
2015-10-26 00:00:00-04:00,26.437938360914124,26.449132262288376,25.73041819879012,25.81102180480957,265335200
2015-10-27 00:00:00-04:00,25.837884930052294,26.093129060560045,25.522187253355433,25.647571563720703,279537600
2015-10-28 00:00:00-04:00,26.180450754337446,26.711090795666422,25.985658451219486,26.70437240600586,342205600
2015-10-29 00:00:00-04:00,26.576744248767543,27.022303376022826,26.480467850862226,26.986478805541992,204909200
2015-10-30 00:00:00-04:00,27.08947331326267,27.140970708994747,26.7446694911273,26.7558650970459,197461200
2015-11-02 00:00:00-05:00,27.046940133228464,27.172322749614242,26.780500365198655,27.132020950317383,128813200
2015-11-03 00:00:00-05:00,27.044696394084855,27.649221579751767,27.024544643517416,27.443235397338867,182076000
2015-11-04 00:00:00-05:00,27.5686193690615,27.72310986768225,27.230533892435876,27.315614700317383,179544400
2015-11-05 00:00:00-05:00,27.39881233945184,27.58769302350806,27.023301736159723,27.189695358276367,158210800
2015-11-06 00:00:00-05:00,27.232419678827696,27.389818824830183,27.12224027662596,27.221176147460938,132169200
2015-11-09 00:00:00-05:00,27.198688386196107,27.389816393813046,26.994069514554077,27.110994338989258,135485600
2015-11-10 00:00:00-05:00,26.285770884859364,26.548853035442512,26.09689020446397,26.25653839111328,236511600
2015-11-11 00:00:00-05:00,26.166596587071624,26.402695289372794,25.9057617744091,26.10813331604004,180872000
2015-11-12 00:00:00-05:00,26.14186590486939,26.267785230646265,26.004703046924377,26.020442962646484,130102400
2015-11-13 00:00:00-05:00,25.903516496024874,25.98671417400718,25.24468565184891,25.260425567626953,183249600
2015-11-16 00:00:00-05:00,25.044563740844946,25.687654684920247,24.959118726755754,25.674163818359375,152426800
2015-11-17 00:00:00-05:00,25.840555041603942,25.869787537109683,25.480784337672787,25.563982009887695,110467600
2015-11-18 00:00:00-05:00,26.029435702858247,26.418437186317135,25.970972427437328,26.37346649169922,186698800
2015-11-19 00:00:00-05:00,26.45216509175698,26.926613279263847,26.25429164098788,26.7085018157959,173183200
2015-11-20 00:00:00-05:00,26.802937135826262,26.964834350174375,26.724237577607514,26.825424194335938,137148400
2015-11-23 00:00:00-05:00,26.81868183550105,26.92211751965151,26.384707947819734,26.476900100708008,129930000
2015-11-24 00:00:00-05:00,26.382458502037952,26.83666865100473,26.3352387624564,26.730985641479492,171212800
2015-11-25 00:00:00-05:00,26.805185204489334,26.809683302235452,26.5151196586439,26.539854049682617,85553200
2015-11-27 00:00:00-05:00,26.59832092904324,26.625304372624704,26.443169130613104,26.490388870239258,52185600
2015-11-30 00:00:00-05:00,26.53086387650366,26.850161962966027,26.47689870344151,26.600570678710938,156721200
2015-12-01 00:00:00-05:00,26.70175167318076,26.71524253558554,26.276772352213552,26.384702682495117,139409600
2015-12-02 00:00:00-05:00,26.384704315997926,26.557845066679683,26.10138589482705,26.1463565826416,133546400
2015-12-03 00:00:00-05:00,26.207069197908513,26.26103436700735,25.683152272821975,25.90351104736328,166278000
2015-12-04 00:00:00-05:00,25.92374906366475,26.814182073839056,25.88327475795129,26.764713287353516,231108000
2015-12-07 00:00:00-05:00,26.7534759244012,26.951349387744692,26.490392035729663,26.5960750579834,128336800
2015-12-08 00:00:00-05:00,26.42518512575095,26.66803101697787,26.276780447015966,26.584835052490234,137238000
2015-12-09 00:00:00-05:00,26.45216550415493,26.46340903533202,25.876532390745435,25.997955322265625,185445600
2015-12-10 00:00:00-05:00,26.092393215374774,26.294764755553963,25.97321934046978,26.121623992919922,116850800
2015-12-11 00:00:00-05:00,25.901267440158662,25.94623813495721,25.375101390301033,25.449304580688477,187544800
2015-12-14 00:00:00-05:00,25.224452401151517,25.33688087473206,24.68704443467831,25.29191017150879,257274800
2015-12-15 00:00:00-05:00,25.170474359648928,25.363851372691848,24.812951104177856,24.844430923461914,213292400
2015-12-16 00:00:00-05:00,24.974859527456996,25.18172749448732,24.46443504340053,25.03557014465332,224954000
2015-12-17 00:00:00-05:00,25.188477008790056,25.24019486668757,24.504913330078125,24.504913330078125,179091200
2015-12-18 00:00:00-05:00,24.489164559627596,24.626325683386437,23.79210683258561,23.841575622558594,385813200
2015-12-21 00:00:00-05:00,24.12264852785154,24.14288654140147,23.73814342562327,24.133892059326172,190362400
2015-12-22 00:00:00-05:00,24.149633498233573,24.221587643855155,23.936018395387947,24.111408233642578,131157600
2015-12-23 00:00:00-05:00,24.12039802626552,24.475672327001043,24.10465811246189,24.421707153320312,130629600
2015-12-24 00:00:00-05:00,24.50940559649959,24.50940559649959,24.273305131608815,24.29129409790039,54281600
2015-12-28 00:00:00-05:00,24.19235177181853,24.214838833050326,23.87530445160877,24.01921272277832,106816800
2015-12-29 00:00:00-05:00,24.050699793554966,24.60609674902735,24.028214441072862,24.450944900512695,123724800
2015-12-30 00:00:00-05:00,24.41495576071487,24.441937483207315,24.100155845971354,24.131635665893555,100855200
2015-12-31 00:00:00-05:00,24.06193753581308,24.066433919018245,23.569500372029918,23.668437957763672,163649200
2016-01-04 00:00:00-05:00,23.07256933661158,23.693174933323267,22.935406474375988,23.688676834106445,270597600
2016-01-05 00:00:00-05:00,23.77861399486199,23.80109933875041,23.027592872753676,23.095048904418945,223164000
2016-01-06 00:00:00-05:00,22.611603751375167,23.018595806788426,22.4564536951053,22.643083572387695,273829600
2016-01-07 00:00:00-05:00,22.188874316419493,22.514916066969125,21.682946397311802,21.687442779541016,324377600
2016-01-08 00:00:00-05:00,22.15964737347701,22.285566683920138,21.757153331285508,21.8021240234375,283192000
2016-01-11 00:00:00-05:00,22.25408321029279,22.274319503789176,21.887565438767243,22.1551456451416,198957600
2016-01-12 00:00:00-05:00,22.609360561798336,22.64084038858028,22.22485377727822,22.476694107055664,196616800
2016-01-13 00:00:00-05:00,22.557642065378527,22.753268167980142,21.878575044643163,21.89881134033203,249758400
2016-01-14 00:00:00-05:00,22.026979932182503,22.593620234931443,21.52779738017287,22.377756118774414,252680400
2016-01-15 00:00:00-05:00,21.631222774781268,21.970757012155207,21.44234389233506,21.84033966064453,319335600
2016-01-19 00:00:00-05:00,22.12816830586096,22.18213348140118,21.473833904788066,21.734668731689453,212350800
2016-01-20 00:00:00-05:00,21.383890151871395,22.07869884236,21.00613050352855,21.763898849487305,289337600
2016-01-21 00:00:00-05:00,21.824610870057498,22.00899346539293,21.347915324592353,21.65372085571289,208646000
2016-01-22 00:00:00-05:00,22.177634126383563,22.813979527720896,22.119172570994266,22.80498504638672,263202000
2016-01-25 00:00:00-05:00,22.82747279854689,22.829721847998016,22.30805388427223,22.359771728515625,207178000
2016-01-26 00:00:00-05:00,22.46995144067203,22.68356482234519,22.051717444208656,22.483442306518555,300308000
2016-01-27 00:00:00-05:00,21.595255886952298,21.72792062838977,20.988141255609346,21.00613021850586,533478800
2016-01-28 00:00:00-05:00,21.089326118341155,21.2534706733341,20.77452615611461,21.156782150268555,222715200
2016-01-29 00:00:00-05:00,21.314189086917164,21.8875732421875,21.215251486492456,21.8875732421875,257666000
2016-02-01 00:00:00-05:00,21.691949271668772,21.745914456911045,21.45135241454085,21.682954788208008,163774000
2016-02-02 00:00:00-05:00,21.455842520865982,21.59525440043462,21.19950582156241,21.244478225708008,149428800
2016-02-03 00:00:00-05:00,21.361404404872772,21.77514025621137,21.154536479203475,21.664960861206055,183857200
2016-02-04 00:00:00-05:00,21.67174234421626,22.004075825312874,21.520271161282515,21.839038848876953,185886800
2016-02-05 00:00:00-05:00,21.820952730410887,21.911383881383404,21.181156088787205,21.255760192871094,185672400
2016-02-08 00:00:00-05:00,21.05455024976029,21.635568066922946,21.034204147813604,21.479576110839844,216085600
2016-02-09 00:00:00-05:00,21.316798683574508,21.689826046107488,21.235410832664385,21.475051879882812,177324800
2016-02-10 00:00:00-05:00,21.685308095798124,21.782521286759618,21.27384797413499,21.312280654907227,169374400
2016-02-11 00:00:00-05:00,21.203766104741266,21.41401782406949,20.93247261779755,21.18341827392578,200298800
2016-02-12 00:00:00-05:00,21.29419983219834,21.36428317213981,21.027428819891604,21.24898338317871,161405600
2016-02-16 00:00:00-05:00,21.48183622031741,21.89555755273619,21.38914554533407,21.848081588745117,196231600
2016-02-17 00:00:00-05:00,21.854865502856725,22.20302432690373,21.737306209266045,22.18267822265625,179452800
2016-02-18 00:00:00-05:00,22.34545201182724,22.356756552852104,21.72374020173718,21.762174606323242,156084000
2016-02-19 00:00:00-05:00,21.703393388467173,21.87521240241181,21.65817867550683,21.71243667602539,141496800
2016-02-22 00:00:00-05:00,21.77347610961122,21.906862441372297,21.685306214392327,21.902339935302734,137123200
2016-02-23 00:00:00-05:00,21.79382375844853,21.816431114118785,21.375581641641404,21.4072322845459,127770400
2016-02-24 00:00:00-05:00,21.246713954975633,21.78929729175872,21.09750232997903,21.725996017456055,145022800
2016-02-25 00:00:00-05:00,21.714701034154015,21.875215530395508,21.53383870678927,21.875215530395508,110330800
2016-02-26 00:00:00-05:00,21.974690930125423,22.160074062042128,21.834524247963518,21.909130096435547,115964400
2016-02-29 00:00:00-05:00,21.897826764280794,22.20755299411974,21.85035078303505,21.859394073486328,140865200
2016-03-01 00:00:00-05:00,22.076420718272963,22.78177989666207,22.024422246230593,22.727521896362305,201628400
2016-03-02 00:00:00-05:00,22.723001824665893,22.808910471559376,22.526314195794363,22.777259826660156,132678400
2016-03-03 00:00:00-05:00,22.738826954826482,22.994293365018642,22.70943583850376,22.94681739807129,147822800
2016-03-04 00:00:00-05:00,23.1435017084295,23.455487328583967,22.917424722129894,23.288190841674805,184220400
2016-03-07 00:00:00-05:00,23.14802728536852,23.24750173189665,22.824737058982986,23.030467987060547,143315600
2016-03-08 00:00:00-05:00,22.784037853178436,23.005594053327982,22.698129221397846,22.840557098388672,126247600
2016-03-09 00:00:00-05:00,22.903860057578832,22.964901812789783,22.668739773273074,22.86090660095215,108806800
2016-03-10 00:00:00-05:00,22.926471182400185,23.114113796134067,22.641613657275727,22.872211456298828,134054400
2016-03-11 00:00:00-05:00,23.11411076459966,23.123154051097146,22.94681427647251,23.118633270263672,109632800
2016-03-14 00:00:00-04:00,23.039504761350855,23.265581730573032,23.01011365146052,23.177410125732422,100304400
2016-03-15 00:00:00-04:00,23.502966698023478,23.778780937290975,23.478098087936687,23.64313507080078,160270800
2016-03-16 00:00:00-04:00,23.649921081203402,24.034251388340746,23.645398574156008,23.957386016845703,153214000
2016-03-17 00:00:00-04:00,23.855649918078527,24.07042415372728,23.72904732010859,23.91895294189453,137682800
2016-03-18 00:00:00-04:00,24.041027365546956,24.07720051348592,23.781040195265838,23.946075439453125,176820800
2016-03-21 00:00:00-04:00,23.948339827689416,24.337192594788167,23.76973876722751,23.943819046020508,142010800
2016-03-22 00:00:00-04:00,23.7946062792447,24.25580360555607,23.785562991493798,24.12693977355957,129777600
2016-03-23 00:00:00-04:00,24.0726834109702,24.206068033508796,23.9415583169001,23.993555068969727,102814000
2016-03-24 00:00:00-04:00,23.84433455840179,24.02067429134425,23.713209522428635,23.889549255371094,104532000
2016-03-28 00:00:00-04:00,23.964165853851004,24.007121042704743,23.751652887729456,23.781044006347656,77645600
2016-03-29 00:00:00-04:00,23.71321622003621,24.3688398602475,23.710954967100033,24.343971252441406,124760400
2016-03-30 00:00:00-04:00,24.56326989730956,24.9634254854401,24.551965355765457,24.768999099731445,182404400
2016-03-31 00:00:00-04:00,24.80517180085156,24.845865734905658,24.61526620032215,24.640134811401367,103553600
2016-04-01 00:00:00-04:00,24.59265606401662,24.86847028312969,24.461530988564398,24.866209030151367,103496000
2016-04-04 00:00:00-04:00,24.96343383239505,25.36359127915601,24.92952192125458,25.121688842773438,149424800
2016-04-05 00:00:00-04:00,24.757695581568516,25.03350982905374,24.737347752331807,24.825517654418945,106314800
2016-04-06 00:00:00-04:00,24.920469282378427,25.090027037913124,24.68760851591967,25.08550453186035,105616400
2016-04-07 00:00:00-04:00,24.857170292431228,24.963426779060946,24.443450612873242,24.538402557373047,127207600
2016-04-08 00:00:00-04:00,24.62205385765068,24.81647854576308,24.45475558848368,24.565534591674805,94326800
2016-04-11 00:00:00-04:00,24.63561261993056,25.006378786836184,24.60396197579208,24.646915435791016,117630000
2016-04-12 00:00:00-04:00,24.719260900720705,24.981511075678288,24.565530180707952,24.967947006225586,108929200
2016-04-13 00:00:00-04:00,25.049340584563215,25.397497761998142,25.049340584563215,25.329675674438477,133029200
2016-04-14 00:00:00-04:00,25.234724703644073,25.40880329916808,25.169162142391034,25.34324073791504,101895600
2016-04-15 00:00:00-04:00,25.345491051158653,25.388446230465966,24.80742844514777,24.834556579589844,187756000
2016-04-18 00:00:00-04:00,24.617523304761406,24.631087372216538,24.176673864164115,24.298755645751953,243286000
2016-04-19 00:00:00-04:00,24.38919613251118,24.416326004566645,24.016170309528704,24.169902801513672,129539600
2016-04-20 00:00:00-04:00,24.108857732436007,24.436668782114527,23.97773262263216,24.219635009765625,122444000
2016-04-21 00:00:00-04:00,24.174419784681845,24.174419784681845,23.855650306252127,23.957386016845703,126210000
2016-04-22 00:00:00-04:00,23.74034970949823,24.072683223858203,23.652179804647325,23.891820907592773,134732400
2016-04-25 00:00:00-04:00,23.73808941754787,23.88503983986078,23.62731214988531,23.756175994873047,112126400
2016-04-26 00:00:00-04:00,23.49166231613834,23.805909213746393,23.49166231613834,23.591135025024414,224064800
2016-04-27 00:00:00-04:00,21.703392818744632,22.31606130487743,21.63104824500871,22.114852905273438,458408400
2016-04-28 00:00:00-04:00,22.067370736763944,22.12841075298126,21.30775206366952,21.43887710571289,328970800
2016-04-29 00:00:00-04:00,21.248974535866623,21.414011487618254,20.91438157658971,21.192455291748047,274126000
2016-05-02 00:00:00-04:00,21.244457131151787,21.269325740502186,20.889516290677836,21.169851303100586,192640400
2016-05-03 00:00:00-04:00,21.296458627351374,21.64461751106802,21.17889931361265,21.518014907836914,227325200
2016-05-04 00:00:00-04:00,21.52253365246713,21.680788616353926,21.21054795625804,21.29419708251953,164102000
2016-05-05 00:00:00-04:00,21.380626893387227,21.39654856740518,21.080388372382743,21.207761764526367,143562000
2016-05-06 00:00:00-04:00,21.237336027241078,21.255530990193993,20.891605701145775,21.08949089050293,174799600
2016-05-09 00:00:00-04:00,21.153170823695866,21.328309216431954,21.05991407635242,21.105405807495117,131745600
2016-05-10 00:00:00-04:00,21.228233023346398,21.28282137090078,20.950739509002165,21.248703002929688,134747200
2016-05-11 00:00:00-04:00,21.262345709156772,21.282815683269654,21.030342257219875,21.041715621948242,114876400
2016-05-12 00:00:00-04:00,21.0894876117092,21.103134265635397,20.350263778278634,20.548147201538086,305258800
2016-05-13 00:00:00-04:00,20.470819081949156,20.85066608621211,20.470819081949156,20.589094161987305,177571200
2016-05-16 00:00:00-04:00,21.01442919028808,21.46933620033494,20.84611408246385,21.353334426879883,245039200
2016-05-17 00:00:00-04:00,21.505731278245694,21.539847918404913,21.155452644838842,21.264629364013672,187667600
2016-05-18 00:00:00-04:00,21.417023219617608,21.65584836263633,21.355609800460968,21.50800323486328,168249600
2016-05-19 00:00:00-04:00,21.526195112774182,21.526195112774182,21.28281998228032,21.426115036010742,121768400
2016-05-20 00:00:00-04:00,21.526190088369486,21.70587848637562,21.498895055077952,21.658113479614258,128104000
2016-05-23 00:00:00-04:00,21.805966673755872,22.106205210629504,21.760474934634164,21.933340072631836,152074400
2016-05-24 00:00:00-04:00,22.11302794242959,22.31091136245209,22.02659450809115,22.267696380615234,140560800
2016-05-25 00:00:00-04:00,22.442830846238675,22.686205961289858,22.315457473227085,22.658912658691406,152675200
2016-05-26 00:00:00-04:00,22.672564068641318,22.91139092849649,22.43601222959086,22.838605880737305,225324800
2016-05-27 00:00:00-04:00,22.617978904855892,22.85225575612499,22.57476218013658,22.824960708618164,145364800
2016-05-31 00:00:00-04:00,22.65436449782062,22.83632796179195,22.47695107488128,22.713502883911133,169228800
2016-06-01 00:00:00-04:00,22.52244251404356,22.640719293791147,22.36550079504371,22.395069122314453,116693200
2016-06-02 00:00:00-04:00,22.199456288898414,22.254044630798784,21.978826165580465,22.22675132751465,160766400
2016-06-03 00:00:00-04:00,22.242669458748406,22.351846125169395,22.165334395979365,22.27223777770996,114019600
2016-06-06 00:00:00-04:00,22.288166708274215,23.175235654761575,22.188088354006602,22.43373680114746,93170000
2016-06-07 00:00:00-04:00,22.574755461453954,22.71577722860276,22.508793751110098,22.524715423583984,89638000
2016-06-08 00:00:00-04:00,22.522440715899357,22.645265791831612,22.445107372904335,22.50424575805664,83392400
2016-06-09 00:00:00-04:00,22.40416344628129,22.743068580032585,22.395065100601336,22.665735244750977,106405600
2016-06-10 00:00:00-04:00,22.410992231830097,22.597504025380122,22.399620598458615,22.479228973388672,126851600
2016-06-13 00:00:00-04:00,22.44738339542261,22.545188456438392,22.08573147758946,22.14031982421875,152082000
2016-06-14 00:00:00-04:00,22.13577635143619,22.39962326586097,22.006127915301978,22.167619705200195,127727600
2016-06-15 00:00:00-04:00,22.249499906396323,22.38369836536012,22.069811444416,22.094831466674805,117780800
2016-06-16 00:00:00-04:00,21.937889135262647,22.233579376085263,21.851457430949985,22.18808937072754,125307200
2016-06-17 00:00:00-04:00,21.976554986775636,21.983378313250622,21.676316474550408,21.68313980102539,244032800
2016-06-20 00:00:00-04:00,21.835531591109053,21.965179990517978,21.614901463004077,21.630823135375977,137647600
2016-06-21 00:00:00-04:00,21.59443332961213,21.915141824877544,21.535294940608498,21.8150634765625,142185600
2016-06-22 00:00:00-04:00,21.89240158640299,22.03797170228077,21.6876930686584,21.733184814453125,116876400
2016-06-23 00:00:00-04:00,21.821892333970826,21.901500722807267,21.664948842169895,21.85828399658203,128960800
2016-06-24 00:00:00-04:00,21.132702264491982,21.530745828211515,21.073563877703485,21.24415397644043,301245600
2016-06-27 00:00:00-04:00,21.153169543397652,21.164542909327977,20.811989389471883,20.934814453125,181958400
2016-06-28 00:00:00-04:00,21.130430851504904,21.303296000297614,20.957565702712195,21.287372589111328,161779600
2016-06-29 00:00:00-04:00,21.373805947279248,21.505729395454093,21.296470853912698,21.47161102294922,146124000
2016-06-30 00:00:00-04:00,21.480703706174424,21.783215466426835,21.44886036298996,21.744548797607422,143345600
2016-07-01 00:00:00-04:00,21.719530809980615,21.942435968436794,21.683139158082344,21.81051254272461,104106000
2016-07-05 00:00:00-04:00,21.696788093022835,21.699063113797113,21.485256279657133,21.605806350708008,110820800
2016-07-06 00:00:00-04:00,21.517096377173566,21.7581982181687,21.4647830545983,21.728628158569336,123796400
2016-07-07 00:00:00-04:00,21.767297883971878,21.94926136663653,21.749102923971318,21.821887969970703,100558400
2016-07-08 00:00:00-04:00,21.946987138278903,22.03796888289611,21.846908780999176,21.990203857421875,115648400
2016-07-11 00:00:00-04:00,22.006124190812585,22.21083266988661,22.001575884758644,22.058439254760742,95179600
2016-07-12 00:00:00-04:00,22.1016468571121,22.222196883616718,22.090275228107597,22.158510208129883,96670000
2016-07-13 00:00:00-04:00,22.1562418216382,22.21537847033125,22.02659168673724,22.033416748046875,103568800
2016-07-14 00:00:00-04:00,22.151697561496743,22.51562283636797,22.135775884950267,22.47013282775879,155676000
2016-07-15 00:00:00-04:00,22.49969307309328,22.586126487850887,22.40416304814937,22.467849731445312,120548000
2016-07-18 00:00:00-04:00,22.449658652222894,22.774917210646212,22.426913650407556,22.706682205200195,145975600
2016-07-19 00:00:00-04:00,22.64527230039028,22.745352406284383,22.595232247443224,22.715784072875977,95119600
2016-07-20 00:00:00-04:00,22.74534827125444,22.84997666506233,22.68620987985612,22.736249923706055,105104000
2016-07-21 00:00:00-04:00,22.70668150786607,22.97280166513089,22.547463029383575,22.615699768066406,130808000
2016-07-22 00:00:00-04:00,22.577031117300013,22.586129464017173,22.360949287264944,22.44055938720703,113254800
2016-07-25 00:00:00-04:00,22.347303313825364,22.48150002748326,22.044789783784427,22.14031982421875,161531600
2016-07-26 00:00:00-04:00,22.02204485065051,22.28361668767847,21.93106311577136,21.987926483154297,224959200
2016-07-27 00:00:00-04:00,23.716566869204346,23.734763558922886,23.37083844121127,23.41632843017578,369379200
2016-07-28 00:00:00-04:00,23.389042741889188,23.757516284268405,23.3867677211011,23.73249626159668,159479200
2016-07-29 00:00:00-04:00,23.698376422764657,23.78025980674225,23.582374672907697,23.702924728393555,110934800
2016-08-01 00:00:00-04:00,23.748417340119882,24.144185887101667,23.748417340119882,24.121440887451172,152671600
2016-08-02 00:00:00-04:00,24.121437455560073,24.125985760710165,23.655157220070127,23.76433563232422,135266400
2016-08-03 00:00:00-04:00,23.839400261736206,24.073677083992887,23.830301913693987,24.062305450439453,120810400
2016-08-04 00:00:00-04:00,24.14462609594638,24.24067362932674,24.07601971797031,24.21094512939453,109634800
2016-08-05 00:00:00-04:00,24.302419048789062,24.618006307760453,24.281838181325405,24.579130172729492,162213600
2016-08-08 00:00:00-04:00,24.58827726386482,24.78266143798828,24.505952045252684,24.78266143798828,112148800
2016-08-09 00:00:00-04:00,24.750645374406457,24.91301195493757,24.700334258942462,24.883281707763672,105260800
2016-08-10 00:00:00-04:00,24.860416143116,24.903866973778754,24.64316547926824,24.698049545288086,96034000
2016-08-11 00:00:00-04:00,24.81695718709429,24.91071910788191,24.663738274557492,24.68203353881836,109938000
2016-08-12 00:00:00-04:00,24.647737433289596,24.798670789690842,24.647737433289596,24.739212036132812,74641600
2016-08-15 00:00:00-04:00,24.7300631952653,25.050223417235557,24.71634261616451,25.036502838134766,103472800
2016-08-16 00:00:00-04:00,25.070807047570803,25.208019832624814,24.974759493819427,25.013635635375977,135177600
2016-08-17 00:00:00-04:00,24.949602155202015,25.011348253023485,24.775800585987955,24.9770450592041,101424000
2016-08-18 00:00:00-04:00,24.97933149762833,25.063944061948497,24.931305981184153,24.94502830505371,87938800
2016-08-19 00:00:00-04:00,24.87413637804353,25.084528493542,24.780376172592096,25.009061813354492,101472400
2016-08-22 00:00:00-04:00,24.894719727168077,24.949603794044457,24.66374673466097,24.814680099487305,103280800
2016-08-23 00:00:00-04:00,24.83296489378997,24.999906125454377,24.819244318078415,24.892423629760742,85030800
2016-08-24 00:00:00-04:00,24.82840073762846,24.869564224064508,24.62487065045384,24.704910278320312,94700400
2016-08-25 00:00:00-04:00,24.558550794094852,24.670606269416346,24.396184198705306,24.599714279174805,100344800
2016-08-26 00:00:00-04:00,24.56312522927482,24.686613938501324,24.311569631542795,24.455642700195312,111065200
2016-08-29 00:00:00-04:00,24.38245953082941,24.569981654814587,24.30699286337945,24.42819595336914,99881200
2016-08-30 00:00:00-04:00,24.19494235533743,24.355021611699517,24.12633596276337,24.240678787231445,99455600
2016-08-31 00:00:00-04:00,24.162921696200687,24.371024688063702,24.15834700708172,24.26354217529297,118649600
2016-09-01 00:00:00-04:00,24.272690245904872,24.423623584360367,24.153774497660653,24.407615661621094,106806000
2016-09-02 00:00:00-04:00,24.629442820545787,24.698049210690897,24.428200084710696,24.63630485534668,107210000
2016-09-06 00:00:00-04:00,24.67518229973964,24.76665690985694,24.585995034676863,24.629444122314453,107521600
2016-09-07 00:00:00-04:00,24.659175220618827,24.871852954933342,24.485373629900923,24.780378341674805,169457200
2016-09-08 00:00:00-04:00,24.526535907357516,24.531108852664694,24.066877263365704,24.130908966064453,212008000
2016-09-09 00:00:00-04:00,23.92966253730841,24.176643419452514,23.584346771240234,23.584346771240234,186228000
2016-09-12 00:00:00-04:00,23.47458241005094,24.176647288411548,23.44713950384346,24.11261558532715,181171200
2016-09-13 00:00:00-04:00,24.585988792864413,24.878706075139192,24.52424270519958,24.686609268188477,248704800
2016-09-14 00:00:00-04:00,24.86499303896986,25.84834034830154,24.835262785991265,25.560195922851562,443554800
2016-09-15 00:00:00-04:00,26.038150743840305,26.465793578425636,25.953536417127733,26.429203033447266,359934400
2016-09-16 00:00:00-04:00,26.326288172101272,26.557259383053502,26.079307293432148,26.280550003051758,319547600
2016-09-19 00:00:00-04:00,26.342299391140802,26.56869768588233,25.89864869187927,25.9741153717041,188092000
2016-09-20 00:00:00-04:00,25.85291459237974,26.09760817908843,25.729424126461364,25.971830368041992,138057200
2016-09-21 00:00:00-04:00,26.035861194948506,26.06787704672819,25.713415332100855,25.967256546020508,144012800
2016-09-22 00:00:00-04:00,26.150202295608366,26.285127728976082,26.070162671440883,26.21194839477539,124296000
2016-09-23 00:00:00-04:00,26.166215967099763,26.250830299650183,25.509889160050122,25.775163650512695,209924800
2016-09-26 00:00:00-04:00,25.53046381318725,25.93066366912903,25.509882943782042,25.81403350830078,119477600
2016-09-27 00:00:00-04:00,25.84147967487134,25.88264316361179,25.690546301245323,25.862060546875,98429600
2016-09-28 00:00:00-04:00,25.9992683528483,26.21651899108683,25.939809603908138,26.058725357055664,118564400
2016-09-29 00:00:00-04:00,25.878066233039693,26.024424893860175,25.56705364261295,25.653953552246094,143548000
2016-09-30 00:00:00-04:00,25.71798556742992,25.926090326801813,25.56705395990633,25.8529109954834,145516400
2016-10-03 00:00:00-04:00,25.7751593583521,25.852913386481216,25.676824459229802,25.731708526611328,86807200
2016-10-04 00:00:00-04:00,25.855198928409468,26.1410559897787,25.75686402950913,25.84147834777832,118947200
2016-10-05 00:00:00-04:00,25.932950616498402,25.99240936842364,25.770584029658572,25.8529109954834,85812400
2016-10-06 00:00:00-04:00,26.001556875263983,26.147915547003027,25.87120612872349,26.045007705688477,115117200
2016-10-07 00:00:00-04:00,26.141056606493716,26.19822802011634,25.95810912974117,26.083885192871094,97433600
2016-10-10 00:00:00-04:00,26.303423257158567,26.6990502077917,26.234818607533,26.538970947265625,144944000
2016-10-11 00:00:00-04:00,26.916304190285214,27.142704272655436,26.573275665796956,26.596145629882812,256164000
2016-10-12 00:00:00-04:00,26.83625264585427,26.980325678859092,26.699041645871244,26.833965301513672,150347200
2016-10-13 00:00:00-04:00,26.708199021907344,26.856845053088335,26.46350543017242,26.751649856567383,140769600
2016-10-14 00:00:00-04:00,26.9574609419741,27.02377998282595,26.78594672261918,26.90028953552246,142608800
2016-10-17 00:00:00-04:00,26.83168313390328,26.948311539203715,26.705905350070164,26.881994247436523,94499600
2016-10-18 00:00:00-04:00,27.026071290157308,27.032931580780097,26.85912999115921,26.863704681396484,98214000
2016-10-19 00:00:00-04:00,26.81339321059467,26.93002338387391,26.02442839397574,26.78366470336914,80138400
2016-10-20 00:00:00-04:00,26.724208706542928,26.843124492469915,26.603005575290435,26.76994514465332,96503200
2016-10-21 00:00:00-04:00,26.712772927510628,26.735642890616635,26.591569799874968,26.664749145507812,92770800
2016-10-24 00:00:00-04:00,26.779087467944834,26.92544613453879,26.756219253426952,26.904865264892578,94154800
2016-10-25 00:00:00-04:00,26.973465918005598,27.067227851810628,26.827107273063863,27.042072296142578,192516000
2016-10-26 00:00:00-04:00,26.141055692416426,26.458928601464468,25.912370045922412,26.433773040771484,264536800
2016-10-27 00:00:00-04:00,26.388032733760703,26.495515250984237,26.093028083742734,26.179929733276367,138248000
2016-10-28 00:00:00-04:00,26.040433412078734,26.34687131993518,25.944384121128103,26.00613021850586,151446800
2016-10-31 00:00:00-04:00,25.990125196790462,26.122763296228115,25.887215604578586,25.964969635009766,105677600
2016-11-01 00:00:00-04:00,25.946675361452602,26.017567359342415,25.276626292698843,25.496164321899414,175303200
2016-11-02 00:00:00-04:00,25.475586244623532,25.69283695248327,25.43671009601425,25.51903533935547,113326800
2016-11-03 00:00:00-04:00,25.509835812974636,25.6201675108488,25.18113630050288,25.24549674987793,107730400
2016-11-04 00:00:00-04:00,24.94668264042319,25.342041758424088,24.85014194984837,25.0179386138916,123348000
2016-11-07 00:00:00-05:00,25.302960562293165,25.401800320493166,25.160446892377394,25.378814697265625,130240000
2016-11-08 00:00:00-05:00,25.355832015750337,25.67993515045531,25.215617408299515,25.528226852416992,97016800
2016-11-09 00:00:00-05:00,25.256989077727034,25.587987683875674,24.836347061719003,25.486848831176758,236705600
2016-11-10 00:00:00-05:00,25.53511491087907,25.53511491087907,24.326054072006432,24.776578903198242,228538000
2016-11-11 00:00:00-05:00,24.622580761255733,25.02483538436414,24.49156075416235,24.923696517944336,136575600
2016-11-14 00:00:00-05:00,24.758198677033853,24.78118430613732,23.92380824010955,24.298479080200195,204702000
2016-11-15 00:00:00-05:00,24.496145341224988,24.751289719172668,24.401903786983937,24.620269775390625,129058000
2016-11-16 00:00:00-05:00,24.526035433304067,25.337441850694617,24.50304980828329,25.28227424621582,235362000
2016-11-17 00:00:00-05:00,25.240900598535497,25.365025083873647,25.01563900764434,25.273080825805664,110528000
2016-11-18 00:00:00-05:00,25.220211261151423,25.40869618010387,25.20642023776414,25.298362731933594,113715600
2016-11-21 00:00:00-05:00,25.312155667203456,25.741992266573043,25.286870955041636,25.68222999572754,117058400
2016-11-22 00:00:00-05:00,25.73280176766995,25.84083614527255,25.60637994040234,25.69832420349121,103862000
2016-11-23 00:00:00-05:00,25.597185751873575,25.631665070299782,25.360430454339802,25.567304611206055,109705600
2016-11-25 00:00:00-05:00,25.544321339081872,25.714418869696964,25.502946501052694,25.696029663085938,45903600
2016-11-28 00:00:00-05:00,25.61326846444556,25.85232278177229,25.6040738652764,25.645448684692383,108776000
2016-11-29 00:00:00-05:00,25.46386777010459,25.751192513409958,25.300667526350065,25.62017250061035,114115200
2016-11-30 00:00:00-05:00,25.652347458817204,25.79026295651753,25.346633573892827,25.404098510742188,144649200
2016-12-01 00:00:00-05:00,25.36962276149973,25.500642756715852,25.06160976609378,25.16734504699707,148347600
2016-12-02 00:00:00-05:00,25.093794436083115,25.30526503533475,25.02023936879163,25.261592864990234,106112000
2016-12-05 00:00:00-05:00,25.284569212264145,25.29146472327701,24.88231470206903,25.079994201660156,137298000
2016-12-06 00:00:00-05:00,25.16964463153597,25.367324172590333,25.09838866453644,25.273080825805664,104782000
2016-12-07 00:00:00-05:00,25.114476983180275,25.558106374487007,25.09149135872883,25.52132797241211,119994800
2016-12-08 00:00:00-05:00,25.482255381982473,25.84313516687226,25.422491348076566,25.771879196166992,108273200
2016-12-09 00:00:00-05:00,25.81555025835451,26.364914969441042,25.81555025835451,26.192520141601562,137610400
2016-12-12 00:00:00-05:00,26.04081271248829,26.43387269604749,25.856924200952502,26.04311180114746,105497600
2016-12-13 00:00:00-05:00,26.167232723536717,26.645341417576397,26.146546188104477,26.4775447845459,174935200
2016-12-14 00:00:00-05:00,26.443065471801468,26.709701866064297,26.429274448179974,26.4775447845459,136127200
2016-12-15 00:00:00-05:00,26.521217562702347,26.83152963095171,26.486740002844183,26.622356414794922,186098000
2016-12-16 00:00:00-05:00,26.771773093611554,26.778668607512163,26.583288114332937,26.656843185424805,177404400
2016-12-19 00:00:00-05:00,26.617757368398863,26.980934408078816,26.6062636804516,26.81083869934082,111117600
2016-12-20 00:00:00-05:00,26.833825002952814,27.00851889278205,26.820033980018344,26.882095336914062,85700000
2016-12-21 00:00:00-05:00,26.8476225932117,26.985538108355716,26.843024415615375,26.907384872436523,95132800
2016-12-22 00:00:00-05:00,26.744179664197883,26.780958063359915,26.58097946372022,26.730388641357422,104343600
2016-12-23 00:00:00-05:00,26.569488791365973,26.78325843811035,26.569488791365973,26.78325843811035,56998000
2016-12-27 00:00:00-05:00,26.78325640982173,27.077478353160902,26.776360898141007,26.953353881835938,73187600
2016-12-28 00:00:00-05:00,27.013118748301817,27.128048630534312,26.709703929355662,26.83842658996582,83623600
2016-12-29 00:00:00-05:00,26.767171219208755,26.918879518839184,26.755679282191622,26.831533432006836,60158000
2016-12-30 00:00:00-05:00,26.813140429900198,26.939562241325184,26.532711251782224,26.622356414794922,122345200
2017-01-03 00:00:00-05:00,26.61776110407188,26.739586497171988,26.37870674148132,26.698211669921875,115127600
2017-01-04 00:00:00-05:00,26.629253499617192,26.780961786716674,26.606267873790532,26.6683292388916,84472400
2017-01-05 00:00:00-05:00,26.645343649037947,26.861412390220124,26.620058934487233,26.80394744873047,88774400
2017-01-06 00:00:00-05:00,26.84301959912247,27.160227156096582,26.77176364238335,27.10276222229004,127007600
2017-01-09 00:00:00-05:00,27.111956924799042,27.452150127850576,27.109659589946716,27.351011276245117,134247600
2017-01-10 00:00:00-05:00,27.300445927950253,27.440660537275928,27.19241330196169,27.378599166870117,97848400
2017-01-11 00:00:00-05:00,27.29355406171765,27.567087803947974,27.261373827771873,27.525712966918945,110354400
2017-01-12 00:00:00-05:00,27.330327475503765,27.422271735829046,27.17172367028493,27.410778045654297,108344800
2017-01-13 00:00:00-05:00,27.378593163052493,27.495822118879804,27.30963454110923,27.362503051757812,104447600
2017-01-17 00:00:00-05:00,27.201607554122653,27.638341519464547,27.174025500825763,27.583175659179688,137759200
2017-01-18 00:00:00-05:00,27.58317067062055,27.6981005484148,27.51651113105699,27.58087158203125,94852000
2017-01-19 00:00:00-05:00,27.445258132300303,27.603860188276872,27.438362619478404,27.532604217529297,102389200
2017-01-20 00:00:00-05:00,27.68661186642518,27.68661186642518,27.521114285570608,27.583175659179688,130391600
2017-01-23 00:00:00-05:00,27.583173296916232,27.769359155489322,27.530304776473134,27.6015625,88200800
2017-01-24 00:00:00-05:00,27.479739898382356,27.606161736659523,27.468246206861203,27.57628059387207,92844000
2017-01-25 00:00:00-05:00,27.679713323448713,28.06587781055767,27.647533095663874,28.015308380126953,129510400
2017-01-26 00:00:00-05:00,27.967037299224167,28.144030301053384,27.95094718575704,28.02910041809082,105350400
2017-01-27 00:00:00-05:00,28.075070781169206,28.12334112004273,27.950946301055517,28.031396865844727,82251600
2017-01-30 00:00:00-05:00,27.796946432360293,27.957847595214844,27.734885056313868,27.957847595214844,121510000
2017-01-31 00:00:00-05:00,27.847505243987243,27.90267108538791,27.725679873785957,27.893476486206055,196804000
2017-02-01 00:00:00-05:00,29.19908144103942,29.99439765607206,29.19448501802868,29.594440460205078,447940000
2017-02-02 00:00:00-05:00,29.417452924522408,29.741554274953458,29.37147992020151,29.543874740600586,134841600
2017-02-03 00:00:00-05:00,29.493300837165034,29.69557851810031,29.458823281269733,29.6702938079834,98029200
2017-02-06 00:00:00-05:00,29.681783087031977,29.996689742038733,29.628912832670714,29.94841766357422,107383600
2017-02-07 00:00:00-05:00,30.005893220062706,30.36217656964027,29.98520668226717,30.233455657958984,152735200
2017-02-08 00:00:00-05:00,30.192082913393808,30.392059795706793,30.16220002021809,30.350683212280273,92016400
2017-02-09 00:00:00-05:00,30.39224309842825,30.57692891958845,30.269889490459786,30.570003509521484,113399600
2017-02-10 00:00:00-05:00,30.579241537022657,30.69005162720227,30.484589563753552,30.500747680664062,80262000
2017-02-13 00:00:00-05:00,30.722361832911705,30.893196790880747,30.64617881878719,30.77083969116211,92141600
2017-02-14 00:00:00-05:00,30.81240464074985,31.186390889422167,30.76161594986976,31.17023277282715,132904800
2017-02-15 00:00:00-05:00,31.285662716827844,31.45880503012387,31.077889827318987,31.28335189819336,142492400
2017-02-16 00:00:00-05:00,31.320271103680184,31.3733670617876,31.128659968454752,31.24639892578125,90338400
2017-02-17 00:00:00-05:00,31.188699238581894,31.357223414474387,31.188699238581894,31.331829071044922,88792800
2017-02-21 00:00:00-05:00,31.449558835971224,31.56960512147816,31.391844749825925,31.558061599731445,98028800
2017-02-22 00:00:00-05:00,31.49572583265893,31.655017255990174,31.421853642506797,31.6527099609375,83347600
2017-02-23 00:00:00-05:00,31.71504721261627,31.738130734589046,31.465721926226674,31.518817901611328,83152800
2017-02-24 00:00:00-05:00,31.37569345831865,31.54883575439453,31.23025280238642,31.54883575439453,87106400
2017-02-27 00:00:00-05:00,31.65963975449692,31.728897364137968,31.4611031522397,31.61115837097168,81029600
2017-02-28 00:00:00-05:00,31.645780034968617,31.72888843864139,31.558053519261975,31.625003814697266,93931600
2017-03-01 00:00:00-05:00,31.832782418776734,32.35451650915443,31.76583562625202,32.27140808105469,145658400
2017-03-02 00:00:00-05:00,32.319884860714694,32.38452434862909,32.03362175524529,32.079795837402344,104844000
2017-03-03 00:00:00-05:00,32.038243840153214,32.280643711179444,31.994380570218482,32.269100189208984,84432400
2017-03-06 00:00:00-05:00,32.17444783899807,32.26679249102052,31.996690988707904,32.16752243041992,87000000
2017-03-07 00:00:00-05:00,32.102876664601666,32.315264038884955,32.040544476985474,32.20907211303711,69785200
2017-03-08 00:00:00-05:00,32.07748769797936,32.27371699576687,32.047478769177225,32.08903121948242,74828800
2017-03-09 00:00:00-05:00,32.02901394806746,32.040553948462716,31.638866120296644,32.015159606933594,88623600
2017-03-10 00:00:00-05:00,32.14673985398543,32.17213418795133,32.00591736973592,32.12134552001953,78451200
2017-03-13 00:00:00-04:00,32.05441050857954,32.18830411217798,32.04748509882751,32.13520812988281,69686800
2017-03-14 00:00:00-04:00,32.15828822800166,32.23908583184447,32.052092763771405,32.08672332763672,61236400
2017-03-15 00:00:00-04:00,32.18368275296958,32.49302939880526,32.09595621777302,32.426082611083984,102767200
2017-03-16 00:00:00-04:00,32.48611242181185,32.55537004533195,32.3799169294025,32.47918701171875,76928000
2017-03-17 00:00:00-04:00,32.55074866053692,32.55074866053692,32.2944979450717,32.31758499145508,175540000
2017-03-20 00:00:00-04:00,32.4122373451586,32.66618079571572,32.37299217963416,32.65694808959961,86168000
2017-03-21 00:00:00-04:00,32.806996259318026,32.96628770549994,32.25755701540671,32.28295135498047,158119600
2017-03-22 00:00:00-04:00,32.28525866265166,32.68925723393395,32.26447891610455,32.647701263427734,103440800
2017-03-23 00:00:00-04:00,32.61077029040308,32.68464602130465,32.46071505556878,32.53227996826172,81385200
2017-03-24 00:00:00-04:00,32.666168867296385,32.72157565152801,32.40068551168565,32.46763229370117,89582400
2017-03-27 00:00:00-04:00,32.17908244474403,32.60155019747662,32.00132198075937,32.5230598449707,94300400
2017-03-28 00:00:00-04:00,32.529965111682934,33.252543002700264,32.46301480579109,33.197139739990234,133499200
2017-03-29 00:00:00-04:00,33.169426403118145,33.356422936396015,33.0563090879327,33.27100372314453,116760000
2017-03-30 00:00:00-04:00,33.28719015012903,33.35875508184598,33.127898645293406,33.22716522216797,84829200
2017-03-31 00:00:00-04:00,33.17867244111365,33.30564412870682,33.01476289484099,33.16482162475586,78646800
2017-04-03 00:00:00-04:00,33.17635637991859,33.271004774217744,33.023990395065574,33.17404556274414,79942800
2017-04-04 00:00:00-04:00,33.07016750965756,33.44877172977211,33.0516985815315,33.42107009887695,79565600
2017-04-05 00:00:00-04:00,33.2940915394704,33.58035458238683,33.19943962335443,33.247920989990234,110871600
2017-04-06 00:00:00-04:00,33.31025871910069,33.36335821192298,33.11634024491553,33.16482162475586,84596000
2017-04-07 00:00:00-04:00,33.18098385228909,33.28486851044707,33.07479189864796,33.09095001220703,66688800
2017-04-10 00:00:00-04:00,33.15097064643362,33.21561013751287,32.989368396147434,33.051700592041016,75733600
2017-04-11 00:00:00-04:00,32.998607321373136,33.093259270548934,32.33373990435652,32.69618606567383,121517600
2017-04-12 00:00:00-04:00,32.68926491422034,32.81623310552677,32.553056972447905,32.735435485839844,81400000
2017-04-13 00:00:00-04:00,32.7608268015999,32.869329572304196,32.56229019165039,32.56229019165039,71291600
2017-04-17 00:00:00-04:00,32.661558023380536,32.75390268431767,32.52073549771646,32.74235916137695,66328400
2017-04-18 00:00:00-04:00,32.645401402961475,32.79083852638514,32.576143784737035,32.596920013427734,58790000
2017-04-19 00:00:00-04:00,32.75390194444348,32.78160358080456,32.423775513256935,32.476871490478516,69313600
2017-04-20 00:00:00-04:00,32.601533685099724,32.99398877144453,32.58768286785988,32.8831787109375,93278400
2017-04-21 00:00:00-04:00,32.88317444205234,32.93857770381926,32.74697006009152,32.843929290771484,69283600
2017-04-24 00:00:00-04:00,33.12788990407592,33.23177456859535,33.05401417302912,33.16020965576172,68537200
2017-04-25 00:00:00-04:00,33.22252804028264,33.451073502614456,33.21329181645043,33.365657806396484,75486000
2017-04-26 00:00:00-04:00,33.35181589062088,33.381828342201196,33.10018332416687,33.169437408447266,80164800
2017-04-27 00:00:00-04:00,33.22484048167015,33.28024726548445,33.084017988406494,33.194828033447266,56985200
2017-04-28 00:00:00-04:00,33.264094918328645,33.31257630802334,33.07479451864811,33.16251754760742,83441600
2017-05-01 00:00:00-04:00,33.49726554660336,33.982061880251045,33.46494579102684,33.838932037353516,134411600
2017-05-02 00:00:00-04:00,34.06054860902605,34.187520321998676,33.89894984823762,34.05362319946289,181408800
2017-05-03 00:00:00-04:00,33.61038217628582,34.04901144652066,33.3056535623377,33.94974136352539,182788000
2017-05-04 00:00:00-04:00,33.82507002419722,33.96819981973374,33.66116048206023,33.82737731933594,93487600
2017-05-05 00:00:00-04:00,33.880468588027576,34.39296984476421,33.880468588027576,34.38835525512695,109310800
2017-05-08 00:00:00-04:00,34.40451517982148,35.48261371172281,34.40451517982148,35.32332229614258,195009600
2017-05-09 00:00:00-04:00,35.52185920907765,35.755026336086395,35.424899981815805,35.549564361572266,156521600
2017-05-10 00:00:00-04:00,35.466461724236616,35.53802662820742,35.11555909039869,35.38104248046875,103222800
2017-05-11 00:00:00-04:00,35.3393131644345,35.71484648783434,35.30686001669652,35.68702697753906,109020400
2017-05-12 00:00:00-04:00,35.86088973721014,36.259601924283665,35.853935742783264,36.1854248046875,130108000
2017-05-15 00:00:00-04:00,36.164549795802884,36.31290753319906,35.942014958272345,36.092689514160156,104038800
2017-05-16 00:00:00-04:00,36.14832973444002,36.17614570849867,35.8655222077506,36.03937911987305,80194000
2017-05-17 00:00:00-04:00,35.60588873806216,35.830743908425006,34.70415123835394,34.82932662963867,203070800
2017-05-18 00:00:00-04:00,35.065788496094065,35.54563183518866,35.03333534048926,35.36018371582031,134272800
2017-05-19 00:00:00-04:00,35.55490499482918,35.693988426847056,35.38104805196041,35.4807243347168,107843200
2017-05-22 00:00:00-04:00,35.698624955149626,35.83307474631924,35.44595371833895,35.69630813598633,91865600
2017-05-23 00:00:00-04:00,35.907240170170134,35.907240170170134,35.538664426955556,35.652252197265625,79675600
2017-05-24 00:00:00-04:00,35.66152455835698,35.73802201469214,35.39030823342003,35.54561996459961,76712000
2017-05-25 00:00:00-04:00,35.63602677342156,35.77975088044138,35.47376104336142,35.668479919433594,76942400
2017-05-26 00:00:00-04:00,35.698605491117746,35.75424095485908,35.53865662784717,35.60820007324219,87710400
2017-05-30 00:00:00-04:00,35.56415998566432,35.798285957861246,35.543298010712775,35.62211227416992,80507600
2017-05-31 00:00:00-04:00,35.69166163862716,35.73802276968402,35.32308587160289,35.411170959472656,97804800
2017-06-01 00:00:00-04:00,35.5062319168174,35.543322255671676,35.286013777705385,35.508548736572266,65616400
2017-06-02 00:00:00-04:00,35.60126213247194,36.03474426269531,35.44131319709185,36.03474426269531,111082800
2017-06-05 00:00:00-04:00,35.77743475102646,35.80293390712862,35.57344503933726,35.68239212036133,101326800
2017-06-06 00:00:00-04:00,35.67543696290587,36.11819341481537,35.647620988839236,35.80293273925781,106499600
2017-06-07 00:00:00-04:00,35.93505468194818,36.15758948056555,35.809875762739914,36.01618576049805,84278400
2017-06-08 00:00:00-04:00,35.98837733234555,36.05560044220187,35.79133810279246,35.92810821533203,85003200
2017-06-09 00:00:00-04:00,35.97446379566828,35.97446379566828,33.84877424128078,34.53492736816406,259530800
2017-06-12 00:00:00-04:00,33.78388602082044,33.86501714721612,33.03513949347641,33.7097053527832,289229200
2017-06-13 00:00:00-04:00,34.11304803197316,34.18027115410295,33.647109203669395,33.98091506958008,136661600
2017-06-14 00:00:00-04:00,34.19185432860384,34.19185432860384,33.34343187398011,33.64942169189453,126124800
2017-06-15 00:00:00-04:00,33.22289082894984,33.49178676892267,32.965582517386935,33.4477424621582,128661600
2017-06-16 00:00:00-04:00,33.32952662218773,33.49642952980472,32.963267660313086,32.979496002197266,201444400
2017-06-19 00:00:00-04:00,33.30170390978151,34.01567652849739,33.30170390978151,33.922950744628906,130165600
2017-06-20 00:00:00-04:00,34.04581984224662,34.04581984224662,33.59842973452533,33.614654541015625,99600400
2017-06-21 00:00:00-04:00,33.73288712449016,33.860382934814176,33.52193983260215,33.81401824951172,85063200
2017-06-22 00:00:00-04:00,33.79083786050344,34.006418781116174,33.64015971458918,33.758384704589844,76425200
2017-06-23 00:00:00-04:00,33.642474603462084,34.11304705629635,33.637837428477,33.909053802490234,141757600
2017-06-26 00:00:00-04:00,34.115361889100086,34.37267026030625,33.70042494885919,33.80242156982422,102769600
2017-06-27 00:00:00-04:00,33.61465144213694,33.88123414935827,33.292436789645436,33.317935943603516,99047600
2017-06-28 00:00:00-04:00,33.49411360250508,33.869643386073044,33.18580693265038,33.80473709106445,88329600
2017-06-29 00:00:00-04:00,33.545113643075645,33.642473090615525,32.98181540151095,33.30634689331055,125997600
2017-06-30 00:00:00-04:00,33.484834786739654,33.60305973033516,33.32952306317769,33.38515853881836,92096400
2017-07-03 00:00:00-04:00,33.58452728002264,33.681886746388706,33.171907073320845,33.26462936401367,57111200
2017-07-05 00:00:00-04:00,33.30866399727566,33.56365199104382,33.08380879379327,33.40138626098633,86278400
2017-07-06 00:00:00-04:00,33.15335488794052,33.26462232063813,33.011951125440845,33.08612823486328,96515200
2017-07-07 00:00:00-04:00,33.12553334657291,33.55438178247811,33.12553334657291,33.42224884033203,76806800
2017-07-10 00:00:00-04:00,33.406029337936204,33.832557485774224,33.234489228921056,33.62624740600586,84362400
2017-07-11 00:00:00-04:00,33.54974707837599,33.80937580737774,33.4686159744794,33.73519515991211,79127200
2017-07-12 00:00:00-04:00,33.814007302855764,33.885867589830724,33.57061046945743,33.78387451171875,99538000
2017-07-13 00:00:00-04:00,33.72824379624453,34.42135468439262,33.71433580804226,34.254451751708984,100797600
2017-07-14 00:00:00-04:00,34.300813153683656,34.616073858148916,34.152455383178136,34.54884719848633,80528400
2017-07-17 00:00:00-04:00,34.497843659573356,34.98000363842423,34.439891364919156,34.66938018798828,95174000
2017-07-18 00:00:00-04:00,34.58594277384944,34.801527236732724,34.46308414230851,34.78993606567383,71475200
2017-07-19 00:00:00-04:00,34.882656407161114,35.100557677206574,34.75979778249779,35.007835388183594,83692000
2017-07-20 00:00:00-04:00,35.1191079114296,35.174743415150814,34.81543830335063,34.8502082824707,68974800
2017-07-21 00:00:00-04:00,34.76907043902721,34.87338389337596,34.5117620318318,34.83397674560547,105010400
2017-07-24 00:00:00-04:00,34.90584009680633,35.337005477968546,34.74820795482175,35.2558708190918,85972800
2017-07-25 00:00:00-04:00,35.18864248543714,35.661531767224204,35.18864248543714,35.40654373168945,75415600
2017-07-26 00:00:00-04:00,35.54794139887237,35.68238761903824,35.48071475166183,35.57344055175781,63124000
2017-07-27 00:00:00-04:00,35.640667502356315,35.696302988408995,34.14549874382941,34.90119552612305,129905200
2017-07-28 00:00:00-04:00,34.74588488818327,34.82469917644037,34.58361913673393,34.655479431152344,68854800
2017-07-31 00:00:00-04:00,34.74820230717305,34.847882115795706,34.3379025150929,34.476985931396484,79383600
2017-08-01 00:00:00-04:00,34.56275619111648,34.82238138619338,34.402807263032315,34.78297424316406,141474400
2017-08-02 00:00:00-04:00,36.9225738380496,37.031524459021355,36.19933017298446,36.4265022277832,279747200
2017-08-03 00:00:00-04:00,36.40563768067518,36.442728003738814,35.93506526032993,36.06256103515625,108389200
2017-08-04 00:00:00-04:00,36.17846647449858,36.4867696228177,36.09037783947713,36.25264358520508,82239600
2017-08-07 00:00:00-04:00,36.40795161489137,36.83911685924383,36.31754617029138,36.81361770629883,87481200
2017-08-08 00:00:00-04:00,36.76493656452155,37.513679209267366,36.68843911232736,37.10801315307617,144823600
2017-08-09 00:00:00-04:00,36.91793631689721,37.383875128169116,36.88316634760592,37.3351936340332,104526000
2017-08-10 00:00:00-04:00,37.211856181852546,37.23512955823391,35.98542665876166,36.14600372314453,163217200
2017-08-11 00:00:00-04:00,36.44387563364396,36.90233333918181,36.32053458098837,36.64866638183594,105028400
2017-08-14 00:00:00-04:00,37.076884738262706,37.28400501989793,36.94423287479012,37.200225830078125,88490800
2017-08-15 00:00:00-04:00,37.388718367124,37.747104860028465,37.267703224278414,37.60747528076172,117862000
2017-08-16 00:00:00-04:00,37.686593209871155,37.81924146711986,37.27002335154309,37.456199645996094,110686400
2017-08-17 00:00:00-04:00,37.356133387139685,37.40035065823449,36.732443309780415,36.737098693847656,111762400
2017-08-18 00:00:00-04:00,36.73709947239785,37.11875930059524,36.47179939122427,36.6533203125,109712400
2017-08-21 00:00:00-04:00,36.653317774629805,36.744078228983426,36.09711836440786,36.58583068847656,105474000
2017-08-22 00:00:00-04:00,36.823213430379774,37.23512802848002,36.77434431341276,37.183929443359375,86418400
2017-08-23 00:00:00-04:00,37.018685301260895,37.344491116885266,36.97446803677965,37.2304573059082,77596400
2017-08-24 00:00:00-04:00,37.33520242456181,37.40734848090794,36.89769200647658,37.065250396728516,79275600
2017-08-25 00:00:00-04:00,37.15368012038072,37.365455793809865,37.065249093260334,37.202552795410156,101920400
2017-08-28 00:00:00-04:00,37.2676997479055,37.70055815018912,37.21882709155933,37.57721710205078,103864000
2017-08-29 00:00:00-04:00,37.25840071577374,37.961211187597634,37.23512734077837,37.9123420715332,118067600
2017-08-30 00:00:00-04:00,38.119451602125686,38.14039550311881,37.84251485226944,38.01472854614258,109078400
2017-08-31 00:00:00-04:00,38.08221739265257,38.28701168120585,38.0449814218215,38.16599655151367,107140400
2017-09-01 00:00:00-04:00,38.35218631660367,38.38476691476252,38.07990484248632,38.17764663696289,66364400
2017-09-05 00:00:00-04:00,38.10782994965673,38.22418973576255,37.365453946138565,37.71918869018555,117874000
2017-09-06 00:00:00-04:00,37.865798997669195,37.93096018664937,37.35614262234544,37.679622650146484,86606800
2017-09-07 00:00:00-04:00,37.721504635375084,37.756414692589225,37.31890087616771,37.52834701538086,87714000
2017-09-08 00:00:00-04:00,37.43526530665827,37.50275241073847,36.8930283529123,36.91630172729492,114446000
2017-09-11 00:00:00-04:00,37.35148608795261,37.71220208436392,37.2095270268237,37.584205627441406,126323200
2017-09-12 00:00:00-04:00,37.84253148653965,38.15670434360597,36.94888914117721,37.435272216796875,286856000
2017-09-13 00:00:00-04:00,37.204877484852815,37.22582494547061,36.748749104389134,37.15367889404297,179629600
2017-09-14 00:00:00-04:00,37.00008275522042,37.095495072519725,36.790633028350605,36.8348503112793,95042800
2017-09-15 00:00:00-04:00,36.87907127361987,37.46087021016209,36.76969278946842,37.20720672607422,196458400
2017-09-18 00:00:00-04:00,37.260726299857986,37.35148677989925,36.769687920399264,36.92560958862305,113077600
2017-09-19 00:00:00-04:00,37.12109617014794,37.181605529105575,36.87208808457367,36.9395751953125,83242400
2017-09-20 00:00:00-04:00,36.74640730882827,36.830186470137654,35.799240798625455,36.320533752441406,211805600
2017-09-21 00:00:00-04:00,36.25769701304835,36.25769701304835,35.54790186302663,35.696842193603516,150046800
2017-09-22 00:00:00-04:00,35.26631362582871,35.43620142795852,35.0382494961563,35.3477668762207,186581600
2017-09-25 00:00:00-04:00,34.905600646477254,35.33380369340839,34.712443026705316,35.03592300415039,177549200
2017-09-26 00:00:00-04:00,35.3221731438044,35.820192840580866,35.30122923647242,35.638671875,146640000
2017-09-27 00:00:00-04:00,35.792273893883035,36.006375492006406,35.73176452742221,35.89234161376953,102016800
2017-09-28 00:00:00-04:00,35.81320461556972,35.90396508081647,35.53626783542716,35.67124557495117,88022000
2017-09-29 00:00:00-04:00,35.654957681052196,35.869059204079036,35.373365511571414,35.866729736328125,105199200
2017-10-02 00:00:00-04:00,35.89931307362548,35.94353035206246,35.54092656332573,35.79458999633789,74795200
2017-10-03 00:00:00-04:00,35.84112966630654,36.09246715768579,35.81785984643047,35.95050811767578,64921200
2017-10-04 00:00:00-04:00,35.75269111586012,35.80621559638685,35.480409778810554,35.71778106689453,80655200
2017-10-05 00:00:00-04:00,35.880692678923836,36.17392153688535,35.85044155703644,36.16228485107422,85135200
2017-10-06 00:00:00-04:00,36.06455571514429,36.18557089813813,35.96913982949492,36.141353607177734,69630400
2017-10-09 00:00:00-04:00,36.26001699158635,36.47411845979053,36.18554861400172,36.266998291015625,65051600
2017-10-10 00:00:00-04:00,36.31820750231765,36.769683936536744,36.0947987530455,36.28097152709961,62468000
2017-10-11 00:00:00-04:00,36.29727319397591,36.53231869152107,36.24607460227,36.4322509765625,67622400
2017-10-12 00:00:00-04:00,36.38569824724422,36.62306960009468,36.24140973064828,36.30424499511719,64500400
2017-10-13 00:00:00-04:00,36.47412429704772,36.60212072543048,36.3996559075453,36.53463363647461,65576800
2017-10-16 00:00:00-04:00,36.74641941159917,37.235131938702196,36.68823951794495,37.20720672607422,96486000
2017-10-17 00:00:00-04:00,37.18391686251082,37.43758023413564,37.055920443015665,37.3444938659668,75989200
2017-10-18 00:00:00-04:00,37.33286744361,37.40035809744781,37.142039271107095,37.17927169799805,65496800
2017-10-19 00:00:00-04:00,36.47879376275703,36.55559164943248,36.076189888081764,36.299598693847656,170336800
2017-10-20 00:00:00-04:00,36.44620210761689,36.71150220336914,36.29493584858067,36.362422943115234,95896400
2017-10-23 00:00:00-04:00,36.51136939218465,36.69754573899603,36.187889365619526,36.34381103515625,87937200
2017-10-24 00:00:00-04:00,36.37173209112569,36.6347062841316,36.350788186643285,36.560237884521484,71028800
2017-10-25 00:00:00-04:00,36.51602943493808,36.66496982118057,36.134369473253024,36.3996696472168,84828400
2017-10-26 00:00:00-04:00,36.59049769867019,36.730130863756074,36.485774600365225,36.632389068603516,68002000
2017-10-27 00:00:00-04:00,37.069899345498754,38.072923691360785,36.93259564921112,37.94492721557617,177816800
2017-10-30 00:00:00-04:00,38.140410599398,39.11318025909039,38.10084869819069,38.799007415771484,178803200
2017-10-31 00:00:00-04:00,39.073605228864956,39.48086438095683,38.8501964825732,39.338905334472656,144187200
2017-11-01 00:00:00-04:00,39.53205744749529,39.54834951579642,38.540673728115806,38.83855438232422,134551200
2017-11-02 00:00:00-04:00,38.771077070181164,39.21324277903293,38.4638855706281,39.12248229980469,165573600
2017-11-03 00:00:00-04:00,40.4931985606318,40.553704360574216,39.822965172267914,40.14411926269531,237594400
2017-11-06 00:00:00-05:00,40.11387005611356,40.723597727661854,39.962603760125596,40.55138397216797,140105200
2017-11-07 00:00:00-05:00,40.47225929249961,40.78410264881094,40.40011679748923,40.681705474853516,97446000
2017-11-08 00:00:00-05:00,40.64679852481168,41.014495849609375,40.57000064516862,41.014495849609375,97638000
2017-11-09 00:00:00-05:00,40.751511018265454,40.981904597285485,40.293053327832816,40.93070602416992,117930400
2017-11-10 00:00:00-05:00,40.898011384934065,40.96107253375823,40.70182510390722,40.79524612426758,100582000
2017-11-13 00:00:00-05:00,40.52198797891258,40.755544105592186,40.49863094073115,40.63175964355469,67928400
2017-11-14 00:00:00-05:00,40.41455034592742,40.51731561124466,39.980135810403205,40.01750564575195,99130000
2017-11-15 00:00:00-05:00,39.69752693767108,39.7792729906385,39.32617362825824,39.489662170410156,116632400
2017-11-16 00:00:00-05:00,39.98012620413837,40.141280462047675,39.77459928667072,39.96144485473633,94550000
2017-11-17 00:00:00-05:00,39.94743924729169,40.02918531900126,39.620462088020936,39.73957443237305,87598000
2017-11-20 00:00:00-05:00,39.77227671695763,39.8353378776979,39.60178171888046,39.69987487792969,65049600
2017-11-21 00:00:00-05:00,39.886715563706446,40.568699035095165,39.886715563706446,40.43790817260742,100525200
2017-11-22 00:00:00-05:00,40.48930001481048,40.872332012259704,40.41689816830858,40.86299133300781,102355600
2017-11-24 00:00:00-05:00,40.89568173709738,40.98910276803519,40.790578622562485,40.865318298339844,56106800
2017-11-27 00:00:00-05:00,40.88399784374668,40.891004241956935,40.48461532684453,40.65978240966797,82867200
2017-11-28 00:00:00-05:00,40.70883524443442,40.84196038887473,40.13895770201275,40.42156219482422,105715200
2017-11-29 00:00:00-05:00,40.31880733708402,40.38653706599513,39.04125465728854,39.58310317993164,166665600
2017-11-30 00:00:00-05:00,39.80497053343879,40.20435309391894,39.34019610378886,40.13662338256836,166108800
2017-12-01 00:00:00-05:00,39.69286632422728,40.09458318069577,39.35421062507689,39.94977951049805,159037200
2017-12-04 00:00:00-05:00,40.28375409121187,40.31645180181726,39.618121361648676,39.6578254699707,130169600
2017-12-05 00:00:00-05:00,39.4850051347503,40.059554875264176,39.330857208785076,39.62046813964844,109400800
2017-12-06 00:00:00-05:00,39.12066287798593,39.751263895202484,38.87776600191327,39.473331451416016,114240000
2017-12-07 00:00:00-05:00,39.477993500762025,39.80730850881267,39.44996790476923,39.54572677612305,102693200
2017-12-08 00:00:00-05:00,39.81898119319847,39.93809352249656,39.428942929726325,39.557395935058594,93420800
2017-12-11 00:00:00-05:00,39.51770760391503,40.379530536345875,39.42194870835944,40.328147888183594,141095200
2017-12-12 00:00:00-05:00,40.20668875490006,40.26274351240947,40.045538009155386,40.10158920288086,77636800
2017-12-13 00:00:00-05:00,40.28842759896534,40.5313243770046,40.17164954795385,40.234710693359375,95273600
2017-12-14 00:00:00-05:00,40.265079931953295,40.435578492024916,40.08991281467893,40.22304153442383,81906000
2017-12-15 00:00:00-05:00,40.552351415791705,40.678470156133876,40.2790911752306,40.63175964355469,160677200
2017-12-18 00:00:00-05:00,40.844285647895894,41.3861338636754,40.839613528752714,41.20396041870117,117684400
2017-12-19 00:00:00-05:00,40.87932108341863,40.96340141618116,40.659777794328534,40.76487731933594,109745600
2017-12-20 00:00:00-05:00,40.84194753269194,40.97040407989811,40.46358785163259,40.72050094604492,93902400
2017-12-21 00:00:00-05:00,40.67846658865148,41.110546810628996,40.66211951438505,40.87465286254883,83799600
2017-12-22 00:00:00-05:00,40.79757891984987,40.97041172139755,40.75554053135045,40.87465286254883,65397600
2017-12-26 00:00:00-05:00,39.89137864298607,40.047860786838285,39.62979341351382,39.83766174316406,132742000
2017-12-27 00:00:00-05:00,39.72789130008167,39.88670772653053,39.63680456990471,39.844669342041016,85992800
2017-12-28 00:00:00-05:00,39.93810218946852,40.13662634516373,39.8166519919685,39.956787109375,65920800
2017-12-29 00:00:00-05:00,39.82599339127674,39.8423404676631,39.52236970108952,39.52470397949219,103999600
2018-01-02 00:00:00-05:00,39.741925455841404,40.24173560151956,39.531722729062686,40.232391357421875,102223600
2018-01-03 00:00:00-05:00,40.2954475107096,40.767231992876575,40.162322341077946,40.225379943847656,118071600
2018-01-04 00:00:00-05:00,40.29776479406131,40.51497380334749,40.19033099212951,40.412208557128906,89738400
2018-01-05 00:00:00-05:00,40.50797887656705,40.95874053156003,40.41689212140461,40.8723258972168,94640000
2018-01-08 00:00:00-05:00,40.72050094604492,41.01478030200412,40.62240426360916,40.72050094604492,82271200
2018-01-09 00:00:00-05:00,40.767218198682784,40.886330527395515,40.500964385725915,40.71583557128906,86336000
2018-01-10 00:00:00-05:00,40.442577393297114,40.708831219637595,40.405207559899,40.70649337768555,95839600
2018-01-11 00:00:00-05:00,40.776563140765795,40.98676579221811,40.7532096664602,40.93771743774414,74670800
2018-01-12 00:00:00-05:00,41.14793280428395,41.423530994877446,41.02414829376354,41.360469818115234,101672400
2018-01-16 00:00:00-05:00,41.549628413105026,41.897628282123996,41.13857096354328,41.15024948120117,118263600
2018-01-17 00:00:00-05:00,41.140901738006,41.86492700573836,40.88866430974894,41.82989501953125,137547200
2018-01-18 00:00:00-05:00,41.892962740708185,42.06346128496343,41.63138101025512,41.867271423339844,124773600
2018-01-19 00:00:00-05:00,41.71544809072478,41.94199775441609,41.43518153100044,41.680416107177734,129700400
2018-01-22 00:00:00-05:00,41.4094993089481,41.52160524468248,41.24601074354723,41.33943176269531,108434400
2018-01-23 00:00:00-05:00,41.40950082837842,41.909310783105305,41.297394888530555,41.34877395629883,130756400
2018-01-24 00:00:00-05:00,41.39782215645873,41.409500675183416,40.451919160296335,40.690147399902344,204420400
2018-01-25 00:00:00-05:00,40.757876446304344,40.86064170736339,39.82832410416899,39.96378707885742,166116000
2018-01-26 00:00:00-05:00,40.171656622698116,40.171656622698116,39.71855713477156,40.057212829589844,156572000
2018-01-29 00:00:00-05:00,39.74191114188095,39.74191114188095,39.0202235699117,39.22808837890625,202561600
2018-01-30 00:00:00-05:00,38.66053916545118,39.0902815143299,38.46668718373474,38.99686050415039,184192800
2018-01-31 00:00:00-05:00,38.97351058898067,39.34019542667271,38.887095960590166,39.10430145263672,129915600
2018-02-01 00:00:00-05:00,39.04358102152163,39.38223672499564,38.947822145072344,39.18605041503906,188923200
2018-02-02 00:00:00-05:00,38.77032242534317,38.95716806545105,37.39234251164283,37.48576354980469,346375200
2018-02-05 00:00:00-05:00,37.15877588220961,38.275173723461506,36.43475056721955,36.5491943359375,290954000
2018-02-06 00:00:00-05:00,36.16148225913725,38.23779532127424,35.96763031743485,38.07664108276367,272975200
2018-02-07 00:00:00-05:00,38.09067214468713,38.163073981925415,37.151778975373574,37.26154708862305,206434400
2018-02-08 00:00:00-05:00,37.43671114354451,37.60253756671725,36.208207161904596,36.23623275756836,217562000
2018-02-09 00:00:00-05:00,36.8342311855885,37.02652618717998,35.23253859813122,36.6794548034668,282690400
2018-02-12 00:00:00-05:00,37.169571058398745,38.43357083958652,36.937406518800216,38.15685272216797,243278000
2018-02-13 00:00:00-05:00,37.97863336270872,38.63525757586731,37.90828012945707,38.53910827636719,130196800
2018-02-14 00:00:00-05:00,38.23424264640194,39.28953029970094,38.19672402713639,39.249664306640625,162579600
2018-02-15 00:00:00-05:00,39.81718939758503,40.59106802247559,39.63192929074374,40.56761932373047,204588800
2018-02-16 00:00:00-05:00,40.41985413112513,40.99674617210907,40.28149508128184,40.4362678527832,160704400
2018-02-20 00:00:00-05:00,40.347167225893934,40.865428738385795,40.19942580241765,40.30026626586914,135722000
2018-02-21 00:00:00-05:00,40.530077297539975,40.832591485159895,40.103270396242934,40.11734390258789,149886400
2018-02-22 00:00:00-05:00,40.28852739775608,40.792718820717944,40.26742250916238,40.45268249511719,123967600
2018-02-23 00:00:00-05:00,40.7270725051361,41.1913981250218,40.69658526874438,41.15622329711914,135249600
2018-02-26 00:00:00-05:00,41.35555980989889,42.06846380658239,41.32272877541309,41.969970703125,152648800
2018-02-27 00:00:00-05:00,42.00044873820776,42.32406784199246,41.7800103071155,41.833946228027344,155712400
2018-02-28 00:00:00-05:00,42.037961604302204,42.35689307363016,41.75420853117485,41.77062225341797,151128400
2018-03-01 00:00:00-05:00,41.86912523610617,42.1599169199814,40.49021837370537,41.03896713256836,195208000
2018-03-02 00:00:00-05:00,40.523037728074755,41.34381683422894,40.44095838613417,41.32271194458008,153816000
2018-03-05 00:00:00-05:00,41.088208331558874,41.681514152796034,40.92639700243722,41.46576690673828,113605600
2018-03-06 00:00:00-05:00,41.72138323820596,41.80111522190971,41.30395864315268,41.43059158325195,95154000
2018-03-07 00:00:00-05:00,41.02488510072984,41.23828852566568,40.86776495945233,41.045989990234375,126814000
2018-03-08 00:00:00-05:00,41.1515203805562,41.5361138952039,41.055374685629104,41.49390411376953,95096400
2018-03-09 00:00:00-05:00,41.733109499405906,42.21150498140383,41.59943801604093,42.20681381225586,128740800
2018-03-12 00:00:00-04:00,42.27950792605273,42.77197688165048,42.26075040737717,42.6148567199707,128828400
2018-03-13 00:00:00-04:00,42.81889011225261,43.03229362608752,42.033289078601506,42.2044792175293,126774000
2018-03-14 00:00:00-04:00,42.28655332708337,42.33345428800608,41.697934995814336,41.84567642211914,117473600
2018-03-15 00:00:00-04:00,41.8597493351985,42.26779523875993,41.75891244094542,41.89492416381836,90975200
2018-03-16 00:00:00-04:00,41.894918778246705,42.00513799817259,41.65337544393605,41.7471809387207,157618800
2018-03-19 00:00:00-04:00,41.58301796928839,41.6181927867662,40.724716639699125,41.109310150146484,133787200
2018-03-20 00:00:00-04:00,41.095252990722656,41.46108551940185,41.024899755596465,41.095252990722656,78597600
2018-03-21 00:00:00-04:00,41.048335598889736,41.06006173079245,40.161894417403104,40.164241790771484,148219600
2018-03-22 00:00:00-04:00,39.86641240172156,40.49489295022914,39.5381022015031,39.59672927856445,165963200
2018-03-23 00:00:00-04:00,39.48887438219271,39.84767199380596,38.6798210144043,38.6798210144043,164115200
2018-03-26 00:00:00-04:00,39.413821710118775,40.59339847247877,39.031571938963225,40.51601028442383,150164800
2018-03-27 00:00:00-04:00,40.729408432396,41.07413599250078,39.14413327762529,39.477134704589844,163690400
2018-03-28 00:00:00-04:00,39.22152704663509,39.87111626930547,38.7384403503099,39.04095458984375,166674000
2018-03-29 00:00:00-04:00,39.35285634676399,40.276820069654946,39.13945283141316,39.345821380615234,153594000
2018-04-02 00:00:00-04:00,39.078473717905176,39.61784367192837,38.569590996327946,39.087852478027344,150347200
2018-04-03 00:00:00-04:00,39.31299501155169,39.57329952489247,38.665753000849016,39.48887634277344,121112000
2018-04-04 00:00:00-04:00,38.66573645802015,40.33777849821083,38.639940397345,40.24397659301758,138422000
2018-04-05 00:00:00-04:00,40.47144865181492,40.858385971022656,40.35419448498673,40.523040771484375,107732800
2018-04-06 00:00:00-04:00,40.09389465436021,40.448000990287476,39.444305494278204,39.48651885986328,140021200
2018-04-09 00:00:00-04:00,39.8382773227664,40.59104707856743,39.83124235894121,39.878143310546875,116070800
2018-04-10 00:00:00-04:00,40.569935852315005,40.804444152039366,40.225208365455174,40.628562927246094,113634400
2018-04-11 00:00:00-04:00,40.389377001781156,40.785696733727676,40.26508784751927,40.43862533569336,89726400
2018-04-12 00:00:00-04:00,40.666082597764195,41.03894991245955,40.57931209898253,40.83727264404297,91557200
2018-04-13 00:00:00-04:00,40.98736929116872,41.235947570635815,40.76927824238423,40.975643157958984,100497200
2018-04-16 00:00:00-04:00,41.04599100081229,41.31802151105579,40.99909005243207,41.23125457763672,86313600
2018-04-17 00:00:00-04:00,41.388385056399805,41.962929868710894,41.369623956700956,41.79877471923828,106421600
2018-04-18 00:00:00-04:00,41.69792490586436,41.9347806054284,41.47983388010552,41.704959869384766,83018000
2018-04-19 00:00:00-04:00,40.748166767939104,41.13041649685922,40.490209747905006,40.523040771484375,139235200
2018-04-20 00:00:00-04:00,40.00713405885561,40.15252812029606,38.794722494438965,38.86273193359375,261964400
2018-04-23 00:00:00-04:00,39.12302377564878,39.14412866582664,38.48046968538976,38.75015640258789,146062000
2018-04-24 00:00:00-04:00,38.85099935886724,39.00577573441421,37.80743787824953,38.210792541503906,134768000
2018-04-25 00:00:00-04:00,38.135749302540106,38.792373442463585,38.08650454957621,38.37729263305664,113528400
2018-04-26 00:00:00-04:00,38.48751117244882,38.86506977787231,38.311629901195275,38.510963439941406,111852000
2018-04-27 00:00:00-04:00,38.459379210220455,38.53676741485826,37.66908701419298,38.065406799316406,142623200
2018-04-30 00:00:00-04:00,38.02083978086763,39.223865178378034,37.95283035577987,38.75484848022461,169709600
2018-05-01 00:00:00-04:00,39.02453693116686,39.67881367917698,38.75719754468878,39.655364990234375,214277600
2018-05-02 00:00:00-04:00,41.0928987187872,41.6838607850088,40.75755348322687,41.407142639160156,266157600
2018-05-03 00:00:00-04:00,41.24533319861876,41.6252356123869,40.90764057379652,41.48218536376953,136272800
2018-05-04 00:00:00-04:00,41.80111545913781,43.20816562887036,41.78235436081041,43.10967254638672,224805200
2018-05-07 00:00:00-04:00,43.42625360003483,44.010180667150244,43.32541672929725,43.421566009521484,169805600
2018-05-08 00:00:00-04:00,43.381708846718794,43.67015316776499,43.07215605081431,43.630287170410156,113611200
2018-05-09 00:00:00-04:00,43.74753734783236,43.946867316294885,43.43564078484701,43.9374885559082,92844800
2018-05-10 00:00:00-04:00,44.02658988403787,44.64334428474215,44.00548141735058,44.565956115722656,111957200
2018-05-11 00:00:00-04:00,44.60835414714242,44.742537519239406,44.12811022399601,44.396480560302734,104848800
2018-05-14 00:00:00-04:00,44.49535516035443,44.61777077572134,44.22463197986959,44.29290008544922,83115200
2018-05-15 00:00:00-04:00,43.97037452197802,44.03864620212648,43.574882993810874,43.89033508300781,94780800
2018-05-16 00:00:00-04:00,43.80323241533357,44.365868491092186,43.786751806031575,44.299949645996094,76732400
2018-05-17 00:00:00-04:00,44.2575790253715,44.47180540297354,43.87150241585593,44.019813537597656,69176000
2018-05-18 00:00:00-04:00,44.06689787877009,44.212852583391616,43.81736102553501,43.85973358154297,73190800
2018-05-21 00:00:00-04:00,44.2575765338486,44.55655159388453,44.00097761711557,44.170475006103516,73603200
2018-05-22 00:00:00-04:00,44.347041093652074,44.46474743175638,43.97037937487337,44.059837341308594,60962800
2018-05-23 00:00:00-04:00,43.86915275622062,44.375288562931686,43.73025655007666,44.34233093261719,80233600
2018-05-24 00:00:00-04:00,44.438858408733466,44.45533543058528,43.83620244402389,44.29290008544922,92936000
2018-05-25 00:00:00-04:00,44.311719588330504,44.64600510130118,44.17517982802782,44.39411544799805,69844000
2018-05-29 00:00:00-04:00,44.16341076203586,44.43413384930617,43.99155695605987,44.234031677246094,90056400
2018-05-30 00:00:00-04:00,44.19164548105374,44.25756070963541,43.97035710276787,44.139854431152344,74762000
2018-05-31 00:00:00-04:00,44.07395775611649,44.311723245583195,43.81971165651136,43.99156188964844,109931200
2018-06-01 00:00:00-04:00,44.25522977936332,44.78961396182632,44.198729444569345,44.784908294677734,93770000
2018-06-04 00:00:00-04:00,45.1144812257264,45.53351546579196,45.0462131360557,45.159210205078125,105064800
2018-06-05 00:00:00-04:00,45.45111740448041,45.65592523952757,45.28397285957056,45.50761413574219,86264000
2018-06-06 00:00:00-04:00,45.58294435150717,45.688879306487344,45.18038721204892,45.66533660888672,83734400
2018-06-07 00:00:00-04:00,45.70301712912846,45.71714131505994,45.27927359062222,45.542938232421875,85388800
2018-06-08 00:00:00-04:00,45.003840274270324,45.19923322394816,44.6742639688573,45.12860870361328,106627200
2018-06-11 00:00:00-04:00,45.0462077379834,45.19216241765169,44.77783748614501,45.0179557800293,73234000
2018-06-12 00:00:00-04:00,45.055619637889805,45.34282331171318,44.999119317886205,45.26513671875,67644400
2018-06-13 00:00:00-04:00,45.29809849342999,45.406389885336665,44.83198248503108,44.8931884765625,86553600
2018-06-14 00:00:00-04:00,45.093296099183995,45.09800535821275,44.78019682784647,44.9167366027832,86440400
2018-06-15 00:00:00-04:00,44.73546772189716,44.766072517330024,44.31878630576844,44.455326080322266,246876800
2018-06-18 00:00:00-04:00,44.229322962857445,44.54477500276227,44.069240517819324,44.43177795410156,73939600
2018-06-19 00:00:00-04:00,43.584290351805045,43.86443193167213,43.1864424672618,43.713768005371094,134314000
2018-06-20 00:00:00-04:00,43.86915425660373,44.06925287888817,43.72319595269414,43.90446472167969,82514800
2018-06-21 00:00:00-04:00,44.08101686710727,44.33997220811124,43.53721424311076,43.659629821777344,102847600
2018-06-22 00:00:00-04:00,43.814995646030056,43.822057737254866,43.48071015698018,43.532501220703125,108801600
2018-06-25 00:00:00-04:00,43.1746807750187,43.532509027058914,42.546129398516676,42.88512420654297,126652400
2018-06-26 00:00:00-04:00,43.07815742835521,43.91151653812936,42.9722188736952,43.41714859008789,98276800
2018-06-27 00:00:00-04:00,43.60548924535381,44.08808595262717,43.32299475079041,43.353599548339844,101141200
2018-06-28 00:00:00-04:00,43.33946445126731,43.83618521939736,43.26883994737882,43.66904067993164,69460800
2018-06-29 00:00:00-04:00,43.85501754179745,44.06689106541538,43.05932528995992,43.577232360839844,90950800
2018-07-02 00:00:00-04:00,43.273550265473915,44.092785191156864,43.17938306061224,44.06453323364258,70925200
2018-07-03 00:00:00-04:00,44.20815378745371,44.24582068533953,43.20764971208266,43.2971076965332,55819200
2018-07-05 00:00:00-04:00,43.612553994026506,43.88328074489088,43.381850561831186,43.645511627197266,66416800
2018-07-06 00:00:00-04:00,43.65021202345311,44.358802788798194,43.59842095439938,44.25051498413086,69940800
2018-07-09 00:00:00-04:00,44.61069456513132,44.88847975166625,44.56361275630815,44.86494064331055,79026400
2018-07-10 00:00:00-04:00,44.89555498516725,45.02973834846083,44.77078295668372,44.81080627441406,63756400
2018-07-11 00:00:00-04:00,44.37527901622558,44.676606883449594,44.16576192741964,44.22932434082031,75326000
2018-07-12 00:00:00-04:00,44.617759623255736,45.06033655826407,44.5659685524734,44.97087860107422,72164400
2018-07-13 00:00:00-04:00,44.98264693253363,45.16155924279147,44.94027079014177,45.041500091552734,50055600
2018-07-16 00:00:00-04:00,45.086228803977875,45.35224263855551,44.82727346896064,44.942626953125,60172400
2018-07-17 00:00:00-04:00,44.66955850910829,45.168632268930324,44.54008080949994,45.069759368896484,62138000
2018-07-18 00:00:00-04:00,45.147441433912235,45.15215069308998,44.711926558834094,44.82257080078125,65573600
2018-07-19 00:00:00-04:00,44.65542428942272,45.32870458400602,44.65542428942272,45.17097854614258,81147200
2018-07-20 00:00:00-04:00,45.14744515273674,45.30046196355085,44.768430580235005,45.067405700683594,82704800
2018-07-23 00:00:00-04:00,44.888471039115075,45.18980245974282,44.624810087190745,45.10740661621094,63957600
2018-07-24 00:00:00-04:00,45.305165112002,45.59001600744331,45.211001486066,45.43464279174805,74791600
2018-07-25 00:00:00-04:00,45.448769545919404,45.870160237270106,45.30045841417882,45.86309814453125,66839600
2018-07-26 00:00:00-04:00,45.813653669717006,46.13146216817286,45.578241031486534,45.71949005126953,76304000
2018-07-27 00:00:00-04:00,45.90310956660715,45.950191373723,44.75194196088316,44.959102630615234,96096000
2018-07-30 00:00:00-04:00,45.175675490623156,45.24629998746247,44.50946100861303,44.70720672607422,84118000
2018-07-31 00:00:00-04:00,44.799033061459376,45.23219152416159,44.57303531146427,44.79667663574219,157492000
2018-08-01 00:00:00-04:00,46.87771549059434,47.49684822958433,46.449262804191136,47.43564224243164,271742800
2018-08-02 00:00:00-04:00,47.219075346270785,49.05529495161467,47.16493143616586,48.822235107421875,249616000
2018-08-03 00:00:00-04:00,48.73747656804409,49.140033746422596,48.372586272623785,48.96347427368164,133789600
2018-08-06 00:00:00-04:00,48.96584197538217,49.26010785263807,48.7469098869179,49.217735290527344,101701600
2018-08-07 00:00:00-04:00,49.27658456368668,49.31895712244186,48.67392507741745,48.75632095336914,102349600
2018-08-08 00:00:00-04:00,48.50677405071217,48.921098994216976,48.14659300734389,48.789268493652344,90102000
2018-08-09 00:00:00-04:00,49.32600565675037,49.384858811363216,48.77749382470525,49.17298889160156,93970400
2018-08-10 00:00:00-04:00,48.98635589712612,49.39741168464637,48.82335095371793,49.02651596069336,98444800
2018-08-13 00:00:00-04:00,49.44702018990593,49.83445071820011,49.06667651968287,49.343074798583984,103563600
2018-08-14 00:00:00-04:00,49.64783817493935,49.742332045788096,49.198983276632525,49.55097961425781,82992000
2018-08-15 00:00:00-04:00,49.42577255117373,49.78485574116098,49.21552062904969,49.6667366027832,115230400
2018-08-16 00:00:00-04:00,50.02345991349157,50.5101102336531,49.95731347801585,50.39435577392578,114001600
2018-08-17 00:00:00-04:00,50.42269248155154,51.488125687654055,50.356546060158145,51.400718688964844,141708000
2018-08-20 00:00:00-04:00,51.5235828547026,51.778717087077105,50.81722892782589,50.8999137878418,121150800
2018-08-21 00:00:00-04:00,51.216452242034755,51.30858501340553,50.56207129400101,50.8006706237793,104639200
2018-08-22 00:00:00-04:00,50.57860252669445,51.11249958701729,50.51717828468744,50.80302810668945,76072400
2018-08-23 00:00:00-04:00,50.708543349660324,51.27551736200739,50.696734319896585,50.906986236572266,75532800
2018-08-24 00:00:00-04:00,51.169195781928934,51.240064358466604,50.81719956472004,51.065250396728516,73905600
2018-08-27 00:00:00-04:00,51.29913711900238,51.6747586949245,51.10542361873389,51.48576736450195,82100400
2018-08-28 00:00:00-04:00,51.7385414974785,52.09998575718909,51.717280918603734,51.901546478271484,91107200
2018-08-29 00:00:00-04:00,52.00785590995711,52.796894504886076,51.83304188973848,52.67641067504883,109019200
2018-08-30 00:00:00-04:00,52.740197886722456,53.923750413942706,52.53939389969296,53.160701751708984,195175200
2018-08-31 00:00:00-04:00,53.510332089543624,54.06785458062129,53.389851863123376,53.77492141723633,173360400
2018-09-04 00:00:00-04:00,53.95918125564201,54.141082118508926,53.538677445708245,53.94736862182617,109560400
2018-09-05 00:00:00-04:00,54.096198793356,54.25683907496072,53.17723213437342,53.59537124633789,133332000
2018-09-06 00:00:00-04:00,53.444177131020055,53.708766416493766,52.27952431399747,52.70475387573242,137160000
2018-09-07 00:00:00-04:00,52.40946516440661,53.2410213353136,52.140153662691596,52.27953338623047,150479200
2018-09-10 00:00:00-04:00,52.19685074383668,52.40946737291451,51.13850418781404,51.57790756225586,158066000
2018-09-11 00:00:00-04:00,51.50230839347898,52.9882492587636,51.1597635933339,52.88194274902344,142996000
2018-09-12 00:00:00-04:00,53.13944168453879,53.15361540522654,51.93462496013622,52.22520065307617,197114800
2018-09-13 00:00:00-04:00,52.80397734684011,53.9450085851955,52.57955171881712,53.4867057800293,166825600
2018-09-14 00:00:00-04:00,53.33079363291841,53.58829250227248,52.56774497032442,52.87957763671875,127997200
2018-09-17 00:00:00-04:00,52.480322809477535,52.66931411966583,51.327482666276865,51.471588134765625,148780400
2018-09-18 00:00:00-04:00,51.450330521211534,52.409460912019995,51.29205131507944,51.556640625,126286800
2018-09-19 00:00:00-04:00,51.61805343210611,51.882639097106946,50.8620918144542,51.58734130859375,108495200
2018-09-20 00:00:00-04:00,52.02911907019395,52.51104356592274,51.77161661043625,51.97950744628906,106435200
2018-09-21 00:00:00-04:00,52.156671123147476,52.29368971595662,51.332198481914695,51.41960906982422,384986800
2018-09-24 00:00:00-04:00,51.221183555265625,52.27007844864043,51.17629770710372,52.1590461730957,110773600
2018-09-25 00:00:00-04:00,51.91337357665215,52.63862698782496,51.90156093908275,52.48979568481445,98217600
2018-09-26 00:00:00-04:00,52.208650996905945,52.85830615636971,51.91571428185233,52.071632385253906,95938800
2018-09-27 00:00:00-04:00,52.87484932822745,53.49379241878552,52.808699298788234,53.14179611206055,120724800
2018-09-28 00:00:00-04:00,53.10400472654661,53.35205565714324,52.92210383485802,53.328433990478516,91717600
2018-10-01 00:00:00-04:00,53.850512611497464,54.19778315474895,53.47253354452783,53.68750762939453,94403200
2018-10-02 00:00:00-04:00,53.685143811325815,54.33479901696342,53.53867724574372,54.16470718383789,99152800
2018-10-03 00:00:00-04:00,54.34661210049897,55.15454651217673,54.28282676137159,54.823814392089844,114619200
2018-10-04 00:00:00-04:00,54.51906948736873,54.88996531394605,53.56230374089691,53.85996627807617,128168000
2018-10-05 00:00:00-04:00,53.85287945813357,53.95918596232943,52.10943981236538,52.98588180541992,134322000
2018-10-08 00:00:00-04:00,52.49450978403178,53.10636606409156,52.01966853422493,52.863040924072266,118655600
2018-10-09 00:00:00-04:00,52.83232269929613,53.68986871026096,52.503951672171496,53.59537124633789,107564000
2018-10-10 00:00:00-04:00,53.26228826469698,53.47254020577413,51.03928501490466,51.112518310546875,167962400
2018-10-11 00:00:00-04:00,50.677831437884706,51.854296937675905,50.15810799817568,50.661293029785156,212497600
2018-10-12 00:00:00-04:00,52.07163916179051,52.65278689341281,51.22590572066078,52.470882415771484,161351600
2018-10-15 00:00:00-04:00,52.246453343402386,52.404732541694706,51.32748667559729,51.34874725341797,123164000
2018-10-16 00:00:00-04:00,51.719643885984794,52.678774311748526,51.20700726110125,52.48033142089844,116736000
2018-10-17 00:00:00-04:00,52.51576081165162,52.59608094710994,51.816494043984775,52.253536224365234,91541600
2018-10-18 00:00:00-04:00,51.466862088668904,51.91099112455737,50.31874412087741,51.03218460083008,130325200
2018-10-19 00:00:00-04:00,51.51411986825671,52.27008165957751,51.36528859514771,51.809417724609375,132314800
2018-10-22 00:00:00-04:00,51.92281529140717,52.766187767619336,51.722014895673645,52.125980377197266,115168400
2018-10-23 00:00:00-04:00,50.98731252485266,52.74020027152465,50.72036209337525,52.61735534667969,155071200
2018-10-24 00:00:00-04:00,52.586644215954536,52.97171017320504,50.68256059159632,50.81249237060547,163702000
2018-10-25 00:00:00-04:00,51.43143757260694,52.2984316284464,51.204647237524014,51.925174713134766,119423200
2018-10-26 00:00:00-04:00,51.003841608951056,52.01730581697299,50.240792997824286,51.09833908081055,189033600
2018-10-29 00:00:00-04:00,51.78106099858024,51.899180119940304,48.68633857706264,50.13920593261719,183742000
2018-10-30 00:00:00-04:00,49.88170731122408,50.8337472135886,49.43758183225462,50.38962173461914,146640000
2018-10-31 00:00:00-04:00,51.23535517923457,52.07872389622704,51.17393092438422,51.70310592651367,153435600
2018-11-01 00:00:00-04:00,51.7479932575457,52.52994134683256,51.218818240233645,52.49686813354492,233292800
2018-11-02 00:00:00-04:00,49.50374362795483,50.47231863486702,48.53043924033103,49.01472854614258,365314800
2018-11-05 00:00:00-05:00,48.26347923934601,48.28473981849687,46.81533749201692,47.62327194213867,264654800
2018-11-06 00:00:00-05:00,47.701236668284366,48.362704623192265,47.64690286909893,48.13827896118164,127531600
2018-11-07 00:00:00-05:00,48.658004808488826,49.624218627473745,48.22332718492194,49.59823226928711,133697600
2018-11-08 00:00:00-05:00,49.778395614446815,49.81158422834098,49.01268455420354,49.425174713134766,101450400
2018-11-09 00:00:00-05:00,48.72820739840714,48.83725414465748,47.94590026761649,48.4721794128418,137463200
2018-11-12 00:00:00-05:00,47.17544226481076,47.37694685707779,45.9403449234574,46.03042984008789,204542000
2018-11-13 00:00:00-05:00,45.42829839038313,46.74399267153785,45.385625249664386,45.570533752441406,187531600
2018-11-14 00:00:00-05:00,45.966425098721565,46.1039218061146,44.07703636390938,44.28328323364258,243204000
2018-11-15 00:00:00-05:00,44.66020697297825,45.50889120917199,44.30698252406285,45.376136779785156,185915200
2018-11-16 00:00:00-05:00,45.160412515171664,46.22008232656418,44.913869072574464,45.87871170043945,147713200
2018-11-19 00:00:00-05:00,45.04188654984463,45.207829618939165,43.854204422517,44.060447692871094,167701200
2018-11-20 00:00:00-05:00,42.28485054583868,43.019745978740524,41.60685143343039,41.9553337097168,271300800
2018-11-21 00:00:00-05:00,42.607250817126655,42.735266618961745,41.85339364940584,41.90791702270508,124496800
2018-11-23 00:00:00-05:00,41.47172767156233,41.86525241632078,40.798470823102626,40.843509674072266,94496000
2018-11-26 00:00:00-05:00,41.30577746097213,41.474089835387204,40.362265965846845,41.39585876464844,179994000
2018-11-27 00:00:00-05:00,40.65860267099883,41.43142901354087,40.50925570213166,41.3057861328125,165549600
2018-11-28 00:00:00-05:00,41.896057768030154,42.97706227069224,41.46934451243013,42.89409255981445,184250000
2018-11-29 00:00:00-05:00,43.30184364075627,43.335032251064035,42.12601187203321,42.564579010009766,167080000
2018-11-30 00:00:00-05:00,42.74001168122408,42.74949621026611,41.96718895954499,42.33463668823242,158126000
2018-12-03 00:00:00-05:00,43.72856114282213,43.84235015808843,42.95810782751556,43.81390380859375,163210000
2018-12-04 00:00:00-05:00,42.89647046140482,43.237841134153726,41.78701939225855,41.8865852355957,165377200
2018-12-06 00:00:00-05:00,40.717864151099256,41.43379409773715,40.40020118769581,41.41957092285156,172393600
2018-12-07 00:00:00-05:00,41.12798162215356,41.36504416362529,39.89762645314932,39.94266891479492,169126400
2018-12-10 00:00:00-05:00,39.11531764191258,40.32196505738388,38.71942364894465,40.205806732177734,248104000
2018-12-11 00:00:00-05:00,40.694152095656555,40.7249677627777,39.58943991025158,39.975852966308594,189126800
2018-12-12 00:00:00-05:00,40.39545486304984,40.75579093217634,40.06831102170334,40.087276458740234,142510800
2018-12-13 00:00:00-05:00,40.41679401583242,40.909884536388844,40.19395464798327,40.525840759277344,127594400
2018-12-14 00:00:00-05:00,40.06357582280403,40.082541263185234,39.18170274016165,39.2291145324707,162814800
2018-12-17 00:00:00-05:00,39.221995872633826,39.909479397667184,38.57718548508604,38.86403274536133,177151600
2018-12-18 00:00:00-05:00,39.20541046417102,39.7150935619969,38.97071720878755,39.36898422241211,135366000
2018-12-19 00:00:00-05:00,39.352384848493756,39.69612483606224,37.71428169538635,38.140995025634766,196189200
2018-12-20 00:00:00-05:00,38.024831626332364,38.43021017900651,36.81581479001181,37.17852020263672,259092000
2018-12-21 00:00:00-05:00,37.18563172221628,37.493813760545514,35.47167049927005,35.73243713378906,382978400
2018-12-24 00:00:00-05:00,35.12082020348033,35.926835155569904,34.751003152988105,34.807899475097656,148676800
2018-12-26 00:00:00-05:00,35.15638805632291,37.27335556400609,34.78182867426496,37.259132385253906,234330000
2018-12-27 00:00:00-05:00,36.94382229366778,37.16429231852565,35.575974156047664,37.017311096191406,212468400
2018-12-28 00:00:00-05:00,37.337352040383294,37.57915685691389,36.6380182335606,37.03628158569336,169165600
2018-12-31 00:00:00-05:00,37.58152295661812,37.77828529250411,37.095544041939455,37.39424514770508,140014000
2019-01-02 00:00:00-05:00,36.718617135510485,37.657386397267345,36.56215498900312,37.43691635131836,148158800
2019-01-03 00:00:00-05:00,34.132264253567534,34.54475438454186,33.66288142679495,33.707923889160156,365248800
2019-01-04 00:00:00-05:00,34.262646525522236,35.215638890994725,34.089591894725444,35.146888732910156,234428400
2019-01-07 00:00:00-05:00,35.2511922404592,35.282011522303684,34.58741653180372,35.06865310668945,219111200
2019-01-08 00:00:00-05:00,35.45507757862409,35.990841304732,35.20853409612209,35.7371826171875,164101200
2019-01-09 00:00:00-05:00,35.86519915512934,36.63328328119753,35.47167798834808,36.34406661987305,180396400
2019-01-10 00:00:00-05:00,36.152042085783165,36.50052435461603,35.7632596139456,36.46022415161133,143122800
2019-01-11 00:00:00-05:00,36.24211877976571,36.436508162841335,35.91734067151202,36.10224914550781,108092800
2019-01-14 00:00:00-05:00,35.76088417549152,35.860450004234444,35.37447109321598,35.55937957763672,129756800
2019-01-15 00:00:00-05:00,35.623390725952945,36.363024731160756,35.5712366750947,36.287166595458984,114843600
2019-01-16 00:00:00-05:00,36.28954360894264,36.9533196191107,36.27057816667632,36.7304801940918,122278800
2019-01-17 00:00:00-05:00,36.55504553898602,37.37528357720768,36.33220615680434,36.948570251464844,119284800
2019-01-18 00:00:00-05:00,37.33735207528084,37.427437002899225,36.97701598209478,37.176151275634766,135004000
2019-01-22 00:00:00-05:00,37.07895474729043,37.15481288318813,36.180485646601795,36.34169006347656,121576000
2019-01-23 00:00:00-05:00,36.543193727393664,36.77788697397383,35.96239115421121,36.488670349121094,92522400
2019-01-24 00:00:00-05:00,36.53371436735213,36.62142636446528,35.97187720999421,36.19945526123047,101766000
2019-01-25 00:00:00-05:00,36.85847696932407,37.48669477291411,36.58348721486467,37.39897918701172,134142000
2019-01-28 00:00:00-05:00,36.93197130900929,37.05998710557618,36.4270305613809,37.05287551879883,104768400
2019-01-29 00:00:00-05:00,37.04102463814137,37.48670340411951,36.53371090938889,36.6688346862793,166348800
2019-01-30 00:00:00-05:00,38.70045837079162,39.38793826706386,37.984528510908085,39.174583435058594,244439200
2019-01-31 00:00:00-05:00,39.37845685855858,40.06356742305423,39.01100921494888,39.456687927246094,162958400
2019-02-01 00:00:00-05:00,39.5799703464604,40.058834158429015,39.33579255869984,39.47566223144531,130672400
2019-02-04 00:00:00-05:00,39.686631457320665,40.69414701794417,39.65581217675817,40.59695053100586,125982000
2019-02-05 00:00:00-05:00,40.978636596011086,41.50491579851415,40.857735985761174,41.29155731201172,144406400
2019-02-06 00:00:00-05:00,41.402979043571136,41.62107980509116,40.97626928419296,41.3057861328125,112958400
2019-02-07 00:00:00-05:00,40.869581120682014,41.23465946396211,40.38123285902311,40.52347183227539,126966800
2019-02-08 00:00:00-05:00,40.23301477598845,40.630606697540095,40.09730785633489,40.57108688354492,95280000
2019-02-11 00:00:00-05:00,40.723467140742116,40.76156070262494,40.29492365156536,40.33777618408203,83973600
2019-02-12 00:00:00-05:00,40.4972827563848,40.71155263291125,40.40204887463883,40.68536376953125,89134000
2019-02-13 00:00:00-05:00,40.80440440861806,41.06390993130662,40.454427604228414,40.516326904296875,89960800
2019-02-14 00:00:00-05:00,40.40443868514226,40.773458685532184,40.325872081987775,40.663944244384766,87342800
2019-02-15 00:00:00-05:00,40.771069644079475,40.87820457497819,40.41395078588315,40.573463439941406,98507200
2019-02-19 00:00:00-05:00,40.404431905407954,40.81630799877144,40.35205417876045,40.69488525390625,75891200
2019-02-20 00:00:00-05:00,40.75678236242413,41.263892264881214,40.70916724485647,40.95676803588867,104457600
2019-02-21 00:00:00-05:00,40.90201766804449,41.03772095743167,40.54489877740289,40.72583770751953,68998800
2019-02-22 00:00:00-05:00,40.84964246264774,41.18771459739539,40.80202733418214,41.180572509765625,75652800
2019-02-25 00:00:00-05:00,41.463889012500914,41.8710025541568,41.413890764380966,41.480552673339844,87493600
2019-02-26 00:00:00-05:00,41.356748410721536,41.73529354904754,41.22818358043654,41.504356384277344,68280800
2019-02-27 00:00:00-05:00,41.237710498215094,41.663870778026364,41.12342983703562,41.63291931152344,111341600
2019-02-28 00:00:00-05:00,41.501978939190536,41.64244483272273,41.16866579075333,41.22342300415039,112861600
2019-03-01 00:00:00-05:00,41.49246677133903,41.6995946330786,41.1615366365494,41.656742095947266,103544800
2019-03-04 00:00:00-05:00,41.82815171089323,42.3185944748955,41.418655034914266,41.86624526977539,109744800
2019-03-05 00:00:00-05:00,41.887667694676146,41.90195186974716,41.55435453421323,41.79005432128906,78949600
2019-03-06 00:00:00-05:00,41.58530913421484,41.78053589569321,41.41151226975844,41.549598693847656,83241600
2019-03-07 00:00:00-05:00,41.39483960253065,41.53054652391406,40.95439515303267,41.06867218017578,99185600
2019-03-08 00:00:00-05:00,40.549654530628665,41.20437238621775,40.35442782630872,41.16627883911133,95997600
2019-03-11 00:00:00-04:00,41.78052922098767,42.64475443502301,41.747198271035906,42.592376708984375,128044000
2019-03-12 00:00:00-04:00,42.85426604222394,43.48993721924746,42.704274948579794,43.070919036865234,129870400
2019-03-13 00:00:00-04:00,43.389940429970174,43.63992435242317,43.073294612569825,43.26137924194336,124130000
2019-03-14 00:00:00-04:00,43.78277497966139,43.83039373846659,43.46374963935355,43.74230194091797,94318000
2019-03-15 00:00:00-04:00,44.00894419863652,44.59937963267705,43.74467612555862,44.311302185058594,156171600
2019-03-18 00:00:00-04:00,44.23512044945754,44.85174476640295,44.23273733223031,44.76365661621094,104879200
2019-03-19 00:00:00-04:00,44.84221854422374,44.994589086133956,44.26368420212071,44.408912658691406,126585600
2019-03-20 00:00:00-04:00,44.337498406840204,45.11363909902574,43.98037952623001,44.796993255615234,124140800
2019-03-21 00:00:00-04:00,45.23981670799699,46.74209608153798,45.189818470815716,46.446876525878906,204136800
2019-03-22 00:00:00-04:00,46.50640488188507,47.065892633364044,45.420763965042106,45.48504638671875,169630800
2019-03-25 00:00:00-04:00,45.59455068456965,45.70644820999302,44.425584460679715,44.93507385253906,175381200
2019-03-26 00:00:00-04:00,45.63027370922542,45.920730708925866,43.944672043567564,44.4708251953125,199202000
2019-03-27 00:00:00-04:00,44.937458102492236,45.17791683539124,44.413684482957166,44.87079620361328,119393600
2019-03-28 00:00:00-04:00,44.9850703167183,45.1302987940568,44.64699824203542,44.93031311035156,83121600
2019-03-29 00:00:00-04:00,45.19458762583912,45.2541074425039,44.887463337480106,45.2231559753418,94256000
2019-04-01 00:00:00-04:00,45.62551896746963,45.63504054146689,44.849381722222255,45.53028869628906,111448000
2019-04-02 00:00:00-04:00,45.494572070792294,46.296901773379574,45.48505049732856,46.19214630126953,91062800
2019-04-03 00:00:00-04:00,46.00881357119078,46.78257110861055,45.98500419384211,46.50878143310547,93087200
2019-04-04 00:00:00-04:00,46.375467194501724,46.75163294022202,45.98263778613916,46.58974075317383,76457200
2019-04-05 00:00:00-04:00,46.770674624732635,46.92542833904499,46.64687237984307,46.90161895751953,74106400
2019-04-08 00:00:00-04:00,46.76353008781775,47.67061153128953,46.744483310155175,47.63966369628906,103526800
2019-04-09 00:00:00-04:00,47.69204913517274,48.29438949900301,47.432539926276704,47.496822357177734,143072800
2019-04-10 00:00:00-04:00,47.30159525642969,47.79204168336263,47.182555602211416,47.76346969604492,86781200
2019-04-11 00:00:00-04:00,47.818220384265864,47.8539308198169,47.2444485010714,47.365867614746094,83603200
2019-04-12 00:00:00-04:00,47.42539124332817,47.64918634491624,46.71353653021887,47.346824645996094,111042800
2019-04-15 00:00:00-04:00,47.277779385224925,47.58014105940189,47.142072464719895,47.43252944946289,70146400
2019-04-16 00:00:00-04:00,47.487296069627796,47.942024745778596,47.273022532160425,47.43729782104492,102785600
2019-04-17 00:00:00-04:00,47.50632346281932,48.420550380484144,47.28491154360388,48.36103057861328,115627200
2019-04-18 00:00:00-04:00,48.35865586347392,48.6038771991631,48.21581049384585,48.53483581542969,96783200
2019-04-22 00:00:00-04:00,48.28961339420896,48.791960743297345,48.17295325708763,48.6943473815918,77758000
2019-04-23 00:00:00-04:00,48.67054404461103,49.46096897486131,48.5443623205219,49.39668655395508,93292000
2019-04-24 00:00:00-04:00,49.36811454468543,49.63476214823507,49.294310556760166,49.320499420166016,70162400
2019-04-25 00:00:00-04:00,49.24192543350171,49.46333736402004,48.83480836948981,48.872901916503906,74172800
2019-04-26 00:00:00-04:00,48.78244041242512,48.80624979227358,48.12058034001254,48.63959503173828,74596400
2019-04-29 00:00:00-04:00,48.66339973624621,49.03718592161168,48.53483853310215,48.71339797973633,88818800
2019-04-30 00:00:00-04:00,48.34438477971249,48.42533087436579,47.40397221869388,47.77537536621094,186139600
2019-05-01 00:00:00-04:00,49.96807847828328,51.260847173955064,49.813324772705464,50.12044906616211,259309200
2019-05-02 00:00:00-04:00,49.95855246647943,50.62755462484601,49.55143895467689,49.79427719116211,127985200
2019-05-03 00:00:00-04:00,50.2085397880018,50.434714380027714,50.05140658953269,50.41328811645508,83569600
2019-05-06 00:00:00-04:00,48.63720915572776,49.7204704869746,48.4491281436762,49.634761810302734,129772400
2019-05-07 00:00:00-04:00,49.01576483871082,49.38240534277165,47.81346371111648,48.2967643737793,155054800
2019-05-08 00:00:00-04:00,48.06819897946514,48.88719217828683,48.03248854519136,48.306278228759766,105358000
2019-05-09 00:00:00-04:00,47.71109010219779,48.01583131452178,46.82067584826434,47.78727722167969,139634400
2019-05-10 00:00:00-04:00,47.182612149934656,47.52437848755979,46.07128168416476,47.12525177001953,164834800
2019-05-13 00:00:00-04:00,44.86197147628552,45.28499206018932,43.70044997525722,44.38636779785156,229722400
2019-05-14 00:00:00-04:00,44.55126706777633,45.3375626885166,44.31227095065522,45.08900833129883,146118800
2019-05-15 00:00:00-04:00,44.51780844350511,45.827506164416576,44.458059413303786,45.6291389465332,106178800
2019-05-16 00:00:00-04:00,45.38775778208372,45.99958731645048,45.13203016205216,45.42838668823242,132125600
2019-05-17 00:00:00-04:00,44.67554149512822,45.624356352136516,44.63491259367641,45.170265197753906,131516400
2019-05-20 00:00:00-04:00,43.860563641976256,44.05893083512368,43.086214994281725,43.75779342651367,154449200
2019-05-21 00:00:00-04:00,44.26685628541341,44.93126512693006,44.14257729693959,44.59667205810547,113459200
2019-05-22 00:00:00-04:00,44.13301433164852,44.38396092978839,43.62873248755831,43.68370056152344,118994400
2019-05-23 00:00:00-04:00,42.97149717862801,43.148351949089296,42.495893652579475,42.93803787231445,146118800
2019-05-24 00:00:00-04:00,43.067100347137895,43.53075340614285,42.68948603770904,42.773136138916016,94858800
2019-05-28 00:00:00-04:00,42.76117939821549,43.16030242542194,42.51979466347363,42.59627151489258,111792800
2019-05-29 00:00:00-04:00,42.16368579728549,42.86394617150037,42.06330788653476,42.393123626708984,113924800
2019-05-30 00:00:00-04:00,42.52934888124325,42.83526355157683,42.22343421090967,42.612998962402344,84873600
2019-05-31 00:00:00-04:00,42.118285740184604,42.53892125066101,41.82193288157596,41.8410530090332,108174400
2019-06-03 00:00:00-04:00,41.96771774456351,42.522186815106615,40.693868059775646,41.418025970458984,161584400
2019-06-04 00:00:00-04:00,41.92947146858037,42.97866407912439,41.7095955198849,42.93325424194336,123872000
2019-06-05 00:00:00-04:00,44.04220496698027,44.211893817789964,43.29175729153441,43.62635040283203,119093600
2019-06-06 00:00:00-04:00,43.755413189421674,44.32661381084746,43.533144885731595,44.26686477661133,90105200
2019-06-07 00:00:00-04:00,44.57514963181225,45.86811906964224,44.3982948980455,45.44509506225586,122737600
2019-06-10 00:00:00-04:00,45.841847050596854,46.692672688774024,45.79643720247085,46.025875091552734,104883600
2019-06-11 00:00:00-04:00,46.570780795743644,46.843236207404864,46.2696470186837,46.55883026123047,107731600
2019-06-12 00:00:00-04:00,46.353295595119384,46.83606876664861,46.219458354725056,46.4106559753418,73012800
2019-06-13 00:00:00-04:00,46.53254494248193,47.03204596994404,46.269651392297824,46.40109634399414,86698400
2019-06-14 00:00:00-04:00,45.77970764982139,46.267258131465205,45.480962498943924,46.06411361694336,75046000
2019-06-17 00:00:00-04:00,46.10235885300664,46.594694017100736,45.92789267334348,46.338966369628906,58676400
2019-06-18 00:00:00-04:00,46.85519413749216,47.86853544063034,46.654438254431774,47.42878341674805,106204000
2019-06-19 00:00:00-04:00,47.72273582766585,47.77053796142273,47.15631628119662,47.29015350341797,84496800
2019-06-20 00:00:00-04:00,47.88765353768087,47.945013921889384,47.328403467116104,47.670169830322266,86056000
2019-06-21 00:00:00-04:00,47.51242178135948,48.002364478306184,47.35707214014717,47.50764083862305,191202400
2019-06-24 00:00:00-04:00,47.45029605206019,47.83747231148875,47.36186863973998,47.45985794067383,72881600
2019-06-25 00:00:00-04:00,47.4239885175278,47.622355693652125,46.673541002050435,46.74046325683594,84281200
2019-06-26 00:00:00-04:00,47.266261076876305,48.03582883274254,47.16588314960564,47.75142288208008,104270000
2019-06-27 00:00:00-04:00,47.86852072527501,48.17443904653246,47.696446911829156,47.73707580566406,83598800
2019-06-28 00:00:00-04:00,47.48374449199016,47.67972304896698,47.09418331982912,47.30210876464844,124442400
2019-07-01 00:00:00-04:00,48.55683497285938,48.87231156085323,47.95456380737443,48.16966247558594,109012000
2019-07-02 00:00:00-04:00,48.13619868850289,48.54727221513432,48.124248155805006,48.4516716003418,67740800
2019-07-03 00:00:00-04:00,48.58311704125847,48.860353336137315,48.442110246149355,48.85318374633789,45448000
2019-07-05 00:00:00-04:00,48.59985894410412,49.013321180685026,48.49230778045325,48.81017303466797,69062000
2019-07-08 00:00:00-04:00,47.99280233879046,48.133809151047075,47.419213204341766,47.80399703979492,101354400
2019-07-09 00:00:00-04:00,47.60802314605108,48.160103562324515,47.51481481144376,48.095577239990234,82312000
2019-07-10 00:00:00-04:00,48.24135870655863,48.690668843168744,48.17204780331115,48.571170806884766,71588400
2019-07-11 00:00:00-04:00,48.5902977893706,48.84841402179487,48.207906207357404,48.217464447021484,80767200
2019-07-12 00:00:00-04:00,48.38476154708042,48.75520624546054,48.32501251981883,48.58790969848633,70380800
2019-07-15 00:00:00-04:00,48.77671351837103,49.202126287633234,48.75520474444894,49.04439163208008,67789600
2019-07-16 00:00:00-04:00,48.89620741100897,49.259482475783514,48.63570255755212,48.874698638916016,67467200
2019-07-17 00:00:00-04:00,48.76716535078959,49.015719743291534,48.580748644715165,48.59986877441406,56430000
2019-07-18 00:00:00-04:00,48.75520120218422,49.20451500768722,48.68350164752872,49.15193557739258,74162400
2019-07-19 00:00:00-04:00,49.18300733429522,49.35269617512712,48.36325243642237,48.41822052001953,83717200
2019-07-22 00:00:00-04:00,48.67155480779176,49.52716129222279,48.661996568281346,49.52477264404297,89111600
2019-07-23 00:00:00-04:00,49.82114072684129,49.928688268638105,49.54151201266084,49.911956787109375,73420800
2019-07-24 00:00:00-04:00,49.63231890602095,49.98603210762174,49.51282085781072,49.871315002441406,59966400
2019-07-25 00:00:00-04:00,49.923892185802046,50.0075422744963,49.407659765565704,49.47697067260742,55638400
2019-07-26 00:00:00-04:00,49.58691415556109,50.12465542771981,49.50565634966482,49.64905548095703,70475600
2019-07-29 00:00:00-04:00,49.821129523719435,50.34213928080888,49.8163485805303,50.112701416015625,86693600
2019-07-30 00:00:00-04:00,49.89282876718518,50.2274255237216,49.54628512206538,49.89760971069336,135742800
2019-07-31 00:00:00-04:00,51.723533663924655,52.90656358701365,50.49987484291198,50.91572570800781,277125600
2019-08-01 00:00:00-04:00,51.1212623066255,52.10831732750633,49.41005306995918,49.8139533996582,216071600
2019-08-02 00:00:00-04:00,49.12087352988322,49.33596858476301,48.18879009634884,48.75999069213867,163448400
2019-08-05 00:00:00-04:00,47.318834399217735,47.4765690378139,46.02586475285165,46.20750045776367,209572000
2019-08-06 00:00:00-04:00,46.91732172907666,47.337957180388806,46.37479958500888,47.08222961425781,143299200
2019-08-07 00:00:00-04:00,46.70223638200557,47.69406889981579,46.32223339634937,47.56978988647461,133457600
2019-08-08 00:00:00-04:00,47.84701642967316,48.64287384600723,47.65343018049829,48.61897277832031,108038000
2019-08-09 00:00:00-04:00,48.292703895357675,48.64296188820883,47.81049423332828,48.21833419799805,98478800
2019-08-12 00:00:00-04:00,47.889667686680966,48.47263670436005,47.776912437595854,48.095985412597656,89927600
2019-08-13 00:00:00-04:00,48.225533277199396,50.893266254855526,48.09598298618555,50.13277053833008,188874000
2019-08-14 00:00:00-04:00,48.7389293623607,49.525814703624334,48.60218223590696,48.640567779541016,146189600
2019-08-15 00:00:00-04:00,48.81089358611512,49.21393074829478,47.90165492656464,48.398258209228516,108909600
2019-08-16 00:00:00-04:00,49.007611856661676,49.698536872745386,48.90205346135486,49.540199279785156,110481600
2019-08-19 00:00:00-04:00,50.528608151230536,51.03480602660316,50.38706558899019,50.463836669921875,97654400
2019-08-20 00:00:00-04:00,50.590991119074104,51.18355469517102,50.45664537335362,50.46623992919922,107537200
2019-08-21 00:00:00-04:00,51.09719730508161,51.255531296319546,50.76373061070618,51.01322937011719,86141600
2019-08-22 00:00:00-04:00,51.14516072362289,51.44504087828492,50.559794076019166,50.97003173828125,89014800
2019-08-23 00:00:00-04:00,50.24312924415703,50.87168066728109,48.22073882087,48.61418151855469,187272000
2019-08-26 00:00:00-04:00,49.38666288108543,49.70573580378424,49.19473885065766,49.537803649902344,104174400
2019-08-27 00:00:00-04:00,49.866480753429116,50.03201521587099,48.827695261576054,48.97883605957031,103493200
2019-08-28 00:00:00-04:00,48.96444533585021,49.353088941865785,48.77732036549846,49.3075065612793,63755200
2019-08-29 00:00:00-04:00,50.02002231545943,50.21674550325925,49.578599495883154,50.142372131347656,83962000
2019-08-30 00:00:00-04:00,50.418258218749706,50.4878288131881,49.70814030749895,50.07759475708008,84573600
2019-09-03 00:00:00-04:00,49.52341086109975,49.65535887288814,48.99322475097742,49.34828186035156,80092000
2019-09-04 00:00:00-04:00,49.99362663387558,50.255121283851096,49.73693109197349,50.185550689697266,76752400
2019-09-05 00:00:00-04:00,50.85969762299716,51.33230925696837,50.74214323046918,51.16677474975586,95654800
2019-09-06 00:00:00-04:00,51.351479283319904,51.440242639191425,50.982024876577526,51.16195297241211,77449200
2019-09-09 00:00:00-04:00,51.5410034279187,51.92485150775339,50.636567475633186,51.38026809692383,109237600
2019-09-10 00:00:00-04:00,51.30589395905369,52.00641353255493,50.790101578286716,51.987220764160156,127111600
2019-09-11 00:00:00-04:00,52.3159027038598,53.66896203989214,52.23433250615887,53.64017105102539,177158400
2019-09-12 00:00:00-04:00,53.93045177370637,54.31909531176275,53.465037153213494,53.52021408081055,128906800
2019-09-13 00:00:00-04:00,52.778914620535716,52.96843729417026,52.064001256565966,52.479034423828125,159053200
2019-09-16 00:00:00-04:00,52.23432561778829,52.81009773078232,52.19354235463961,52.75491714477539,84632400
2019-09-17 00:00:00-04:00,52.76932307922049,52.97564081276649,52.567800793429946,52.94684982299805,73274800
2019-09-18 00:00:00-04:00,53.03321320207144,53.462643699876494,52.64456963297275,53.443450927734375,101360000
2019-09-19 00:00:00-04:00,53.261116540529656,53.68094878345625,52.867673899298595,53.009220123291016,88242400
2019-09-20 00:00:00-04:00,53.10999319791364,53.39307839803144,52.17196689328703,52.23434066772461,221652400
2019-09-23 00:00:00-04:00,52.52702447584751,52.7405390699336,52.215148280048794,52.47184753417969,76662000
2019-09-24 00:00:00-04:00,53.026020089457724,53.37628179948727,52.10478892590082,52.22233963012695,124763200
2019-09-25 00:00:00-04:00,52.43104739925435,53.13876383787783,52.092781703491944,53.02600860595703,87613600
2019-09-26 00:00:00-04:00,52.778911116876884,53.00442159553428,52.49822371066928,52.75252151489258,75334000
2019-09-27 00:00:00-04:00,52.90845848244411,53.009221444627215,52.12637228824465,52.495826721191406,101408000
2019-09-30 00:00:00-04:00,52.99481587515431,53.877664894168085,52.96842627690712,53.7313232421875,103909600
2019-10-01 00:00:00-04:00,53.99522253227226,54.75091905282625,53.78650345675115,53.88006591796875,139223200
2019-10-02 00:00:00-04:00,53.5130199648798,53.63777114984615,52.28231048438784,52.529415130615234,138449200
2019-10-03 00:00:00-04:00,52.40227242290722,53.00923341408551,51.61059149483936,52.97564697265625,114426000
2019-10-04 00:00:00-04:00,54.131976230110034,54.57580040442291,53.712143936815686,54.46064376831055,138478800
2019-10-07 00:00:00-04:00,54.283118305032474,55.161164797015786,54.17995760700077,54.47264099121094,122306000
2019-10-08 00:00:00-04:00,54.17515885634394,54.71254182883536,53.817700342169445,53.83449172973633,111820000
2019-10-09 00:00:00-04:00,54.465431213378906,54.64775702387613,54.13196463825404,54.465431213378906,74770400
2019-10-10 00:00:00-04:00,54.68134161767458,55.2835032719904,54.530204518768,55.19953536987305,113013600
2019-10-11 00:00:00-04:00,55.88567662071718,57.010827782874266,55.73213809572937,56.66776657104492,166795600
2019-10-14 00:00:00-04:00,56.353485756513194,57.12837882948465,56.29830882465834,56.5861930847168,96427600
2019-10-15 00:00:00-04:00,56.710934394719835,57.013212266031545,56.348680493815976,56.45423889160156,87360000
2019-10-16 00:00:00-04:00,55.98642567335256,56.435048885905815,55.94564241051072,56.2263298034668,73903200
2019-10-17 00:00:00-04:00,56.3990739912021,56.65337184168017,56.022426324167796,56.44465637207031,67585200
2019-10-18 00:00:00-04:00,56.279097758403566,56.996412281933246,56.20712580162252,56.71572494506836,97433600
2019-10-21 00:00:00-04:00,56.98202604924332,57.81449361573173,56.93404595868458,57.699337005615234,87247200
2019-10-22 00:00:00-04:00,57.855301471159365,58.10480024451939,57.48584692943755,57.56741714477539,82293600
2019-10-23 00:00:00-04:00,58.08079246759652,58.35428303469319,57.869675657680986,58.33988571166992,75828800
2019-10-24 00:00:00-04:00,58.65895348989176,58.728527732787455,58.0112131153961,58.43584442138672,69275200
2019-10-25 00:00:00-04:00,58.33509915752011,59.19155514531401,58.2679262824244,59.15557098388672,73477200
2019-10-28 00:00:00-04:00,59.35708585255852,59.79611089742203,59.1891536754474,59.748130798339844,96572800
2019-10-29 00:00:00-04:00,59.728944898158794,59.916069868560164,58.19355958700717,58.36628723144531,142839600
2019-10-30 00:00:00-04:00,58.718945163935885,58.84849546974143,57.86728826237409,58.35908889770508,124522000
2019-10-31 00:00:00-04:00,59.313914239806,59.776927577095016,56.91966774812424,59.678565979003906,139162000
2019-11-01 00:00:00-04:00,59.86568616480788,61.39867369524902,59.77452506763022,61.37228775024414,151125200
2019-11-04 00:00:00-05:00,61.7345350313778,61.859289881741645,61.26672630639548,61.77532196044922,103272000
2019-11-05 00:00:00-05:00,61.667353710049895,61.94084793256841,61.492228380714764,61.68655014038086,79897600
2019-11-06 00:00:00-05:00,61.60017735906135,61.77290861579591,61.2643130602143,61.71293258666992,75864400
2019-11-07 00:00:00-05:00,62.259154734223145,62.646563835655755,62.10756018771795,62.42518615722656,94940400
2019-11-08 00:00:00-05:00,62.24713047943625,62.66822320552135,61.804382437202555,62.596038818359375,69986400
2019-11-11 00:00:00-05:00,62.15326827310511,63.15667506956289,62.14845842955894,63.09170913696289,81821200
2019-11-12 00:00:00-05:00,62.93531679624955,63.233696083194374,62.7837295735389,63.033973693847656,87388800
2019-11-13 00:00:00-05:00,62.83423595404066,63.71251333861556,62.8197990809014,63.63792037963867,102734400
2019-11-14 00:00:00-05:00,63.46469473113416,63.73660151760766,63.06766588203988,63.19760513305664,89182800
2019-11-15 00:00:00-05:00,63.44785744152943,63.95317028885658,63.286643161521,63.948360443115234,100206400
2019-11-18 00:00:00-05:00,63.95798910321144,64.35020821277101,63.580214219453254,64.27080535888672,86703200
2019-11-19 00:00:00-05:00,64.46326074161394,64.48732464483736,63.85929862735795,64.07585906982422,76167200
2019-11-20 00:00:00-05:00,63.895413492352866,64.02534539799291,62.65860039168933,63.3299446105957,106234400
2019-11-21 00:00:00-05:00,63.45026785998437,63.52726945371506,62.846298083028294,63.0460205078125,121395200
2019-11-22 00:00:00-05:00,63.185570644191614,63.327538182207164,62.764477875352654,62.990665435791016,65325200
2019-11-25 00:00:00-05:00,63.214459637773636,64.11199165639886,63.16874039581855,64.09514617919922,84020400
2019-11-26 00:00:00-05:00,64.23227289237668,64.28521054996122,63.16390005259661,63.59461975097656,105207600
2019-11-27 00:00:00-05:00,63.90502379599888,64.48252822045184,63.84005785272113,64.44883728027344,65235600
2019-11-29 00:00:00-05:00,64.15044989720182,64.48732250131548,63.982009923508976,64.30685424804688,46617600
2019-12-02 00:00:00-05:00,64.3116891343449,64.54750372068722,63.39250938731946,63.563350677490234,94487200
2019-12-03 00:00:00-05:00,62.15569257438953,62.4492546568916,61.669633895576865,62.43000793457031,114430400
2019-12-04 00:00:00-05:00,62.81982288100207,63.35881926446583,62.72597582676955,62.98103713989258,67181600
2019-12-05 00:00:00-05:00,63.47431687853907,63.9796296217953,63.21925558453559,63.905029296875,74424400
2019-12-06 00:00:00-05:00,64.36221509760516,65.20921031494399,64.31889712610206,65.1394271850586,106075600
2019-12-09 00:00:00-05:00,64.9685671933765,65.16106371441862,63.74379027081247,64.22744750976562,128042400
2019-12-10 00:00:00-05:00,64.63171799255643,64.98543616897592,63.972402115751365,64.60284423828125,90420400
2019-12-11 00:00:00-05:00,64.68224783580021,65.23327979738657,64.60765485527283,65.15386962890625,78756800
2019-12-12 00:00:00-05:00,64.4344044431603,65.58458883328302,64.323719270287,65.31990051269531,137310400
2019-12-13 00:00:00-05:00,65.31988967330359,66.24388637643624,65.19235905044793,66.20779418945312,133587600
2019-12-16 00:00:00-05:00,66.65296604245897,67.56493467366947,66.64815619751495,67.34114837646484,128186000
2019-12-17 00:00:00-05:00,67.27137945536563,67.80074884102518,67.08609392860065,67.47350311279297,114158400
2019-12-18 00:00:00-05:00,67.32670036448889,67.8320130444866,67.16307754415392,67.31226348876953,116028400
2019-12-19 00:00:00-05:00,67.25452424857191,67.65877150492523,67.12218375712777,67.37964630126953,98369200
2019-12-20 00:00:00-05:00,67.91144131901756,68.01249947600941,67.02834635450061,67.24009704589844,275978000
2019-12-23 00:00:00-05:00,67.50237420380351,68.39749741890061,67.46387341201411,68.33734130859375,98572000
2019-12-24 00:00:00-05:00,68.50335581559546,68.55148362924618,68.07745330355267,68.40229034423828,48478800
2019-12-26 00:00:00-05:00,68.53465245449213,69.7762754042592,68.50577869758881,69.75942993164062,93121200
2019-12-27 00:00:00-05:00,70.05057427415741,70.73635528399755,69.32870107290967,69.73294830322266,146266000
2019-12-30 00:00:00-05:00,69.65111925764718,70.4283385178335,68.63087440798358,70.14680480957031,144114400
2019-12-31 00:00:00-05:00,69.76423961467027,70.66658123217782,69.6655827166298,70.65936279296875,100805600
2020-01-02 00:00:00-05:00,71.28258275873242,72.33170915039722,71.02993003048753,72.27155303955078,135480400
2020-01-03 00:00:00-05:00,71.50154177990413,72.32688174170664,71.34513738245916,71.56891632080078,146322800
2020-01-06 00:00:00-05:00,70.693043053502,72.17769145821572,70.44279162661955,72.13919067382812,118387200
2020-01-07 00:00:00-05:00,72.14880477383014,72.40386599931632,71.58093482826389,71.7999038696289,108872000
2020-01-08 00:00:00-05:00,71.50392304974332,73.25566778692864,71.50392304974332,72.95488739013672,132079200
2020-01-09 00:00:00-05:00,73.92942089622257,74.69701313892116,73.67917686631074,74.5045166015625,170108400
2020-01-10 00:00:00-05:00,74.73793929040194,75.2360335553344,74.17247048793807,74.67296600341797,140644800
2020-01-13 00:00:00-05:00,74.98820927579929,76.29479831442737,74.87029829848657,76.26832580566406,121532000
2020-01-14 00:00:00-05:00,76.20576405751645,76.41510614806313,75.11573562414125,75.23844909667969,161954400
2020-01-15 00:00:00-05:00,75.03872116096186,75.91699875877144,74.48528063092401,74.91600036621094,121923600
2020-01-16 00:00:00-05:00,75.4574175522418,75.96513894112196,75.09648089083629,75.85444641113281,108829200
2020-01-17 00:00:00-05:00,76.10227258526983,76.69661511764261,75.7966822559434,76.6942138671875,137816400
2020-01-21 00:00:00-05:00,76.32366259336249,76.76400206376488,76.03731893774885,76.17447662353516,110843200
2020-01-22 00:00:00-05:00,76.65811628441689,76.9973975614814,76.3525259473167,76.44637298583984,101832400
2020-01-23 00:00:00-05:00,76.49931964228543,76.89393987673444,75.95309750344295,76.81453704833984,104472000
2020-01-24 00:00:00-05:00,77.05996684733118,77.80108679471296,76.40305956833261,76.59315490722656,146537600
2020-01-27 00:00:00-05:00,74.60800142643146,75.01946709734743,73.36156878763045,74.34091186523438,161940000
2020-01-28 00:00:00-05:00,75.21920736994338,76.61482629516499,75.12055046053683,76.44398498535156,162234000
2020-01-29 00:00:00-05:00,78.07060092433913,78.8887225352215,77.33188214601793,78.04412841796875,216229200
2020-01-30 00:00:00-05:00,77.12974662934549,77.98396030536023,76.69902690059489,77.93102264404297,126743200
2020-01-31 00:00:00-05:00,77.22362047859812,77.64471336153747,74.1821305597575,74.47569274902344,199588400
2020-02-03 00:00:00-05:00,73.22201466798846,75.43335387455234,72.72151906032097,74.2711410522461,173788400
2020-02-04 00:00:00-05:00,75.87127869651542,76.91318645690339,75.46703146839315,76.72309112548828,136616400
2020-02-05 00:00:00-05:00,77.84681134417079,78.14519062464261,76.74716330264357,77.34872436523438,118826800
2020-02-06 00:00:00-05:00,77.61822667711162,78.25587996873817,77.06238481315839,78.25347137451172,105425600
2020-02-07 00:00:00-05:00,77.75418535570422,78.00261640454451,76.70016229061778,77.18978881835938,117684000
2020-02-10 00:00:00-05:00,75.77880204777287,77.55641174316406,75.69921076977592,77.55641174316406,109348800
2020-02-11 00:00:00-05:00,78.05085298718184,78.12320868151228,76.87140364468625,77.0884780883789,94323200
2020-02-12 00:00:00-05:00,77.53711376977571,78.9239878248454,77.53711376977571,78.9191665649414,113730400
2020-02-13 00:00:00-05:00,78.19315895415963,78.68278545723169,77.99055564537478,78.35717010498047,94747600
2020-02-14 00:00:00-05:00,78.32581612373606,78.62490351773702,77.86996050397198,78.37647247314453,80113600
2020-02-18 00:00:00-05:00,76.0634053664393,77.12225708916644,75.88250875090567,76.94136047363281,152531200
2020-02-19 00:00:00-05:00,77.18255286966328,78.28481796940162,77.18255286966328,78.05567932128906,93984000
2020-02-20 00:00:00-05:00,77.8169106346844,78.30412292796458,76.75082321347557,77.25492095947266,100566000
2020-02-21 00:00:00-05:00,76.84970141309908,77.29109325633112,74.89119532498566,75.50624084472656,129554000
2020-02-24 00:00:00-05:00,71.69777437412706,73.36684305832843,69.76097486599113,71.91967010498047,222195200
2020-02-25 00:00:00-05:00,72.58779705787798,72.96888275320897,69.0132775682206,69.48360443115234,230673600
2020-02-26 00:00:00-05:00,69.10973846221914,71.84730854807512,69.10250289246999,70.58585357666016,198054800
2020-02-27 00:00:00-05:00,67.8000523998572,68.98190880585912,65.8367176160919,65.97178649902344,320605600
2020-02-28 00:00:00-05:00,62.04996261815576,67.15124645876003,61.835295069493725,65.9332046508789,426510000
2020-03-02 00:00:00-05:00,68.08466354649526,72.70597008087806,66.98481268602946,72.07162475585938,341397200
2020-03-03 00:00:00-05:00,73.24384124809224,73.32343252495296,68.93367144924383,69.78268432617188,319475600
2020-03-04 00:00:00-05:00,71.50000984977326,73.1787288266117,70.70165316345202,73.01953887939453,219178400
2020-03-05 00:00:00-05:00,71.27808809920204,72.25010562325896,70.28677817477744,70.65098571777344,187572800
2020-03-06 00:00:00-05:00,68.01712645055636,70.14447238483373,67.83140857783133,69.71273040771484,226176800
2020-03-09 00:00:00-04:00,63.61530125773645,67.07404319923313,63.43440466648222,64.1989974975586,286744800
2020-03-10 00:00:00-04:00,66.8449543369926,69.08807054720201,64.97085975190423,68.82275390625,285290000
2020-03-11 00:00:00-04:00,66.9052206904251,67.82899618098686,65.57140256073914,66.4324722290039,255598800
2020-03-12 00:00:00-04:00,61.73157079868094,65.12277860691059,59.81647812782899,59.871952056884766,418474000
2020-03-13 00:00:00-04:00,63.89028601752773,67.51545445631106,61.01040718580854,67.04512023925781,370732000
2020-03-16 00:00:00-04:00,58.35723159805972,62.488906672952744,57.88690126138101,58.419944763183594,322423600
2020-03-17 00:00:00-04:00,59.698292128180576,62.1343642760622,57.50100115086754,60.98868942260742,324056000
2020-03-18 00:00:00-04:00,57.831438322361606,60.29886692649559,57.19226812473029,59.49568557739258,300233600
2020-03-19 00:00:00-04:00,59.66936116979186,60.983876053502776,58.516446847237546,59.03984069824219,271857200
2020-03-20 00:00:00-04:00,59.61868823507124,60.74024926077328,54.99256137379153,55.29164505004883,401693200
2020-03-23 00:00:00-04:00,55.01186410993206,55.113165767293296,51.28056983554764,54.117027282714844,336752800
2020-03-24 00:00:00-04:00,57.008967128821915,59.74171251843163,56.51210499986582,59.54634475708008,287531200
2020-03-25 00:00:00-04:00,60.47976645109919,62.288732546346424,58.92405634525676,59.21831512451172,303602000
2020-03-26 00:00:00-04:00,59.45951435519265,62.392448772259634,59.42092219277503,62.334564208984375,252087200
2020-03-27 00:00:00-04:00,60.96216861377286,61.71469746998704,59.58735486478481,59.753780364990234,204216800
2020-03-30 00:00:00-04:00,60.477355032834254,61.63026911474741,60.154150297630075,61.45901870727539,167976400
2020-03-31 00:00:00-04:00,61.64957210604245,63.3114052959559,60.78126682215682,61.33360290527344,197002000
2020-04-01 00:00:00-04:00,59.45468128316464,59.990135502333565,57.67707190892179,58.10639953613281,176218400
2020-04-02 00:00:00-04:00,57.968921460111474,59.129071143668284,57.13920841031964,59.07600784301758,165934000
2020-04-03 00:00:00-04:00,58.562274267163026,59.26173981825206,57.63849496380713,58.227012634277344,129880000
2020-04-06 00:00:00-04:00,60.51593146034606,63.460925577531135,60.1493170593517,63.30656433105469,201820400
2020-04-07 00:00:00-04:00,65.31572084333918,65.5328026233651,62.46961765507172,62.57332992553711,202887200
2020-04-08 00:00:00-04:00,63.3717110057614,64.4884474840079,63.007510761837494,64.17489624023438,168895200
2020-04-09 00:00:00-04:00,64.80922404965942,65.13966065726305,63.84444219472263,64.63796997070312,161834800
2020-04-13 00:00:00-04:00,64.71515578008704,66.0152028927721,64.11698836636067,65.90666198730469,131022800
2020-04-14 00:00:00-04:00,67.5347430495296,69.5246060143818,67.06440885901065,69.23516845703125,194994800
2020-04-15 00:00:00-04:00,68.11359162380347,69.06148794812431,67.68667833959124,68.60321807861328,131154400
2020-04-16 00:00:00-04:00,69.31477909684156,69.51256121657947,68.10156576146522,69.14835357666016,157125200
2020-04-17 00:00:00-04:00,68.66594602627303,69.21105020012682,66.77738117936849,68.2100830078125,215250000
2020-04-20 00:00:00-04:00,67.04029751693926,67.93995209285313,66.77498097363504,66.79427337646484,130015200
2020-04-21 00:00:00-04:00,66.6374787843657,66.87143866583018,64.02050667372501,64.72962188720703,180991600
2020-04-22 00:00:00-04:00,65.99348871174,67.02821933430408,65.65340957801277,66.59407043457031,116862400
2020-04-23 00:00:00-04:00,66.53858656789843,67.95681696931808,66.29739112168969,66.33598327636719,124814400
2020-04-24 00:00:00-04:00,66.8593881429372,68.2607332539519,66.81114610399659,68.25108337402344,126161200
2020-04-27 00:00:00-04:00,67.96888006089833,68.62976064968919,67.52267433285353,68.29932403564453,117087600
2020-04-28 00:00:00-04:00,68.75997734410174,68.94087388344896,67.10055927281037,67.19220733642578,112004800
2020-04-29 00:00:00-04:00,68.67559866694484,69.86710504839203,68.47299532638776,69.39918518066406,137280800
2020-04-30 00:00:00-04:00,69.93703810047037,71.03930319142114,69.54871691757756,70.86322784423828,183064000
2020-05-01 00:00:00-04:00,69.0422236579371,72.1174668077666,68.94574691361261,69.72239685058594,240616800
2020-05-04 00:00:00-04:00,69.746494769706,70.8366956047244,69.05908623299008,70.7088623046875,133568000
2020-05-05 00:00:00-04:00,71.16713764358983,72.59983938170623,71.02241888364539,71.77012634277344,147751200
2020-05-06 00:00:00-04:00,72.46958313423785,73.14010619347668,72.08608325049667,72.51058959960938,142333600
2020-05-07 00:00:00-04:00,73.13530790467281,73.6056421260466,72.8338134962802,73.26072692871094,115215200
2020-05-08 00:00:00-04:00,73.9185359092618,75.05763961237142,73.59203914883197,75.00443267822266,133838400
2020-05-11 00:00:00-04:00,74.51349610684939,76.67803493373073,74.30550263769149,76.1846694946289,145946400
2020-05-12 00:00:00-04:00,76.86664984441782,77.31649156659209,75.19306356950102,75.3139877319336,162301200
2020-05-13 00:00:00-04:00,75.49298094886383,76.41200935037834,73.33085553739997,74.4046630859375,200622400
2020-05-14 00:00:00-04:00,73.64526572674791,74.92222510630167,72.92455476842612,74.86176300048828,158929200
2020-05-15 00:00:00-04:00,72.6391584973057,74.46511071572239,72.6052961832284,74.41915893554688,166348400
2020-05-18 00:00:00-04:00,75.73965837102512,76.54501020724649,75.05038903047435,76.17256164550781,135178400
2020-05-19 00:00:00-04:00,76.18948087381044,77.03352920330931,75.70094989289176,75.73239135742188,101729600
2020-05-20 00:00:00-04:00,76.58855856818843,77.2754072194724,76.54986193395195,77.20527648925781,111504800
2020-05-21 00:00:00-04:00,77.06740654244075,77.60673109306647,76.39264748790822,76.6296615600586,102688800
2020-05-22 00:00:00-04:00,76.3684584887372,77.20525917779025,76.26688630469137,77.12303161621094,81803200
2020-05-26 00:00:00-04:00,78.23796578857532,78.416931261963,76.54502680706055,76.60065460205078,125522000
2020-05-27 00:00:00-04:00,76.45796054995435,77.07950535982266,75.72031846461518,76.93439483642578,112945200
2020-05-28 00:00:00-04:00,76.61033098448729,78.22346339630693,76.33462758892847,76.96826934814453,133560800
2020-05-29 00:00:00-04:00,77.21010850014466,77.66961902448975,76.53777018415474,76.8932876586914,153532400
2020-06-01 00:00:00-04:00,76.84732546524727,77.95982952875313,76.71672526884876,77.83890533447266,80791200
2020-06-02 00:00:00-04:00,77.57288559423814,78.22345847540862,77.13271967080152,78.19927215576172,87642800
2020-06-03 00:00:00-04:00,78.51848967465142,78.8909382167243,77.94772370544388,78.6297378540039,104491200
2020-06-04 00:00:00-04:00,78.45320362768672,78.75067242701921,77.58012709236915,77.95257568359375,87560400
2020-06-05 00:00:00-04:00,78.20166687974158,80.23319158079397,78.17264625811065,80.1727294921875,137250400
2020-06-08 00:00:00-04:00,79.87043535299438,80.68062898183005,79.16182130122834,80.64676666259766,95654400
2020-06-09 00:00:00-04:00,80.3275377952439,83.5852289286094,80.2960963197302,83.19343566894531,147712400
2020-06-10 00:00:00-04:00,84.1390769278612,85.80057465077022,83.7013318100298,85.33380889892578,166651600
2020-06-11 00:00:00-04:00,84.4800574912979,84.90329215862222,81.13529762500492,81.23686981201172,201662400
2020-06-12 00:00:00-04:00,83.36998591557237,84.11487578630992,80.83057755802524,81.93824005126953,200146000
2020-06-15 00:00:00-04:00,80.59597529574442,83.60214898703789,80.43393362831908,82.95157623291016,138808800
2020-06-16 00:00:00-04:00,85.00004143146272,85.42086269022191,83.36998548456056,85.14998626708984,165428800
2020-06-17 00:00:00-04:00,85.89245860360263,85.95292070417966,84.91055468068187,85.03147888183594,114406400
2020-06-18 00:00:00-04:00,84.98793725501275,85.48131000026396,84.45828873010188,85.0653305053711,96820400
2020-06-19 00:00:00-04:00,85.76912875753186,86.23347359915019,83.47398219153365,84.57923126220703,264476000
2020-06-22 00:00:00-04:00,84.97102639518768,86.93483446322153,84.92507460309979,86.79214477539062,135445200
2020-06-23 00:00:00-04:00,88.03281532631361,90.05950604686922,87.61441494809407,88.64469146728516,212155600
2020-06-24 00:00:00-04:00,88.27464936907793,89.19125669896502,86.70746937530838,87.07991790771484,192623200
2020-06-25 00:00:00-04:00,87.23472854623947,88.27467380594872,86.47774180640029,88.23597717285156,137522400
2020-06-26 00:00:00-04:00,88.13197433577965,88.35205726047579,85.37731757939976,85.52484893798828,205256800
2020-06-29 00:00:00-04:00,85.43294416349418,87.59023505976948,84.95650253776073,87.49591064453125,130646000
2020-06-30 00:00:00-04:00,87.08474810870817,88.511659237052,87.06540348874154,88.22627258300781,140223200
2020-07-01 00:00:00-04:00,88.30368697136247,88.84542502767371,88.01105247279727,88.05941772460938,110737200
2020-07-02 00:00:00-04:00,88.96393576296241,89.59757739253234,87.94575606156859,88.05941772460938,114041600
2020-07-06 00:00:00-04:00,89.48391355913485,90.88179710275243,89.45247208428117,90.41503143310547,118655600
2020-07-07 00:00:00-04:00,90.79229592909284,91.56862711706414,90.02321989687357,90.13446807861328,112424400
2020-07-08 00:00:00-04:00,91.10911780370648,92.2651527115249,91.0220485529992,92.23371124267578,117092000
2020-07-09 00:00:00-04:00,93.12372891516388,93.1769358615014,91.58557654388848,92.63036346435547,125642800
2020-07-10 00:00:00-04:00,92.22646456657715,92.85043754869993,91.61700927809584,92.79238891601562,90257200
2020-07-13 00:00:00-04:00,94.09354889207897,96.69584034150665,92.15150630871287,92.36433410644531,191649200
2020-07-14 00:00:00-04:00,91.74760549870197,94.08386192882043,90.8164950630273,93.89280700683594,170989200
2020-07-15 00:00:00-04:00,95.76229608743468,96.01139965901083,93.34381194373303,94.53854370117188,153198000
2020-07-16 00:00:00-04:00,93.41395603386725,94.22898406159878,92.7778934824319,93.37525939941406,110577600
2020-07-17 00:00:00-04:00,93.82509836770011,93.97987752001936,92.71500761457771,93.18661499023438,92186800
2020-07-20 00:00:00-04:00,93.27367496235873,95.28826887148021,92.9302469895083,95.1504135131836,90318000
2020-07-21 00:00:00-04:00,95.93884432011826,96.01381673517915,93.58807752951296,93.8371810913086,103433200
2020-07-22 00:00:00-04:00,93.53970187859424,94.78038533647508,93.45263999834938,94.10079193115234,89001600
2020-07-23 00:00:00-04:00,93.83475574009108,93.9121489972856,89.00988472288186,89.81765747070312,197004400
2020-07-24 00:00:00-04:00,88.02073328072413,89.93858943355201,86.23830426873995,89.59516143798828,185438800
2020-07-27 00:00:00-04:00,90.65445824165903,91.81049336055369,90.4319618348545,91.71858978271484,121214000
2020-07-28 00:00:00-04:00,91.29052545592491,91.46707746354134,90.20704185281049,90.21188354492188,103625600
2020-07-29 00:00:00-04:00,90.69315474979174,92.12490060025137,90.6568789640174,91.94109344482422,90329200
2020-07-30 00:00:00-04:00,91.11639584326105,93.15759717934402,90.71009225292192,93.05360412597656,158130000
2020-07-31 00:00:00-04:00,99.5302890268665,102.94518713128302,97.53745326363413,102.79524230957031,374336800
2020-08-03 00:00:00-04:00,104.67199645721692,107.99741233494379,104.37452761502963,105.38545227050781,308151200
2020-08-04 00:00:00-04:00,105.57407228357705,107.17752821259879,104.85336145922079,106.0892105102539,173071600
2020-08-05 00:00:00-04:00,105.81108506672477,106.79298888024711,105.34673293855269,106.47374725341797,121776800
2020-08-06 00:00:00-04:00,106.80510328626323,110.68193335336008,106.21741336825394,110.18856048583984,202428800
2020-08-07 00:00:00-04:00,109.71125415700284,110.16675013813993,106.88864159432606,107.68333435058594,198045600
2020-08-10 00:00:00-04:00,109.12493717777473,110.26367728385239,106.60517985987403,109.24850463867188,212403600
2020-08-11 00:00:00-04:00,108.5143723583924,109.01105257691337,105.74021214896973,105.99945831298828,187902400
2020-08-12 00:00:00-04:00,107.08731438450859,109.77909878796228,106.89348975910477,109.52227783203125,165598000
2020-08-13 00:00:00-04:00,110.89845425314837,112.46119213168998,110.41146007450844,111.46055603027344,210082000
2020-08-14 00:00:00-04:00,111.28609846459923,111.45085012066804,109.55618389407232,111.3612060546875,165565200
2020-08-17 00:00:00-04:00,112.48054699080019,112.50477691266525,110.44535925101356,111.07044982910156,119561600
2020-08-18 00:00:00-04:00,110.82333863803461,112.41999238397445,110.4889848914492,111.9959945678711,105633600
2020-08-19 00:00:00-04:00,112.40301184462525,113.54659462972901,112.0420104163777,112.1364974975586,145538000
2020-08-20 00:00:00-04:00,112.17768930590152,114.73863746481582,112.16072762152713,114.62476348876953,126907200
2020-08-21 00:00:00-04:00,115.5817781022112,121.01379798138913,115.569666838942,120.53165435791016,338054800
2020-08-24 00:00:00-04:00,124.72560677695705,124.81041520723647,120.11251616944286,121.97325897216797,345937600
2020-08-25 00:00:00-04:00,120.84906568793242,121.31667291273054,119.25482982936344,120.97262573242188,211495600
2020-08-26 00:00:00-04:00,122.28579308436115,123.07321745146164,121.22216092863566,122.61772155761719,163022400
2020-08-27 00:00:00-04:00,123.218587014397,123.55051548073467,120.01073632402604,121.15190124511719,155552400
2020-08-28 00:00:00-04:00,122.12349409773587,122.54022371585246,120.73278349266653,120.9556884765625,187630000
2020-08-31 00:00:00-04:00,123.64263055162438,126.95708081045176,122.11139070318261,125.05756378173828,225702700
2020-09-01 00:00:00-04:00,128.66276613112478,130.63981609482647,126.50159235410271,130.0389404296875,151948100
2020-09-02 00:00:00-04:00,133.34368512573027,133.72164832942713,123.08051792791673,127.34471893310547,200119000
2020-09-03 00:00:00-04:00,122.99327511596653,124.86370387094604,116.78109860380435,117.14936828613281,257599600
2020-09-04 00:00:00-04:00,116.36438893039704,119.88235689314044,107.46770259236347,117.22692108154297,332607200
2020-09-08 00:00:00-04:00,110.43323478516716,115.3176895401304,109.20243319485355,109.3381118774414,231366600
2020-09-09 00:00:00-04:00,113.6411262406494,115.46310305555289,111.70285020158498,113.69927215576172,176940500
2020-09-10 00:00:00-04:00,116.64544534542706,116.78112406818228,109.02802039560586,109.98746490478516,182274400
2020-09-11 00:00:00-04:00,111.03412581023233,111.67376035548035,106.60516602652415,108.54344177246094,180860300
2020-09-14 00:00:00-04:00,111.17949601605923,112.35215193447013,109.31875310720565,111.79974365234375,140150100
2020-09-15 00:00:00-04:00,114.6780774740645,115.16264637332723,110.10374588199468,111.97418212890625,184642000
2020-09-16 00:00:00-04:00,111.6737592561301,112.41999215763813,108.5822071057358,108.66942596435547,154679000
2020-09-17 00:00:00-04:00,106.33380874471821,108.73726653223142,105.35497742143326,106.9346694946289,178011000
2020-09-18 00:00:00-04:00,106.99282230683487,107.45800434374442,102.81583306003789,103.54268646240234,287104900
2020-09-21 00:00:00-04:00,101.31367629258035,106.78930687065947,99.91811535962182,106.68270111083984,195713800
2020-09-22 00:00:00-04:00,109.20243590478516,109.37688098586045,105.7910744674542,108.35928344726562,183055400
2020-09-23 00:00:00-04:00,108.17516112594639,108.65003656547653,103.47483700123934,103.81404113769531,150718700
2020-09-24 00:00:00-04:00,101.92422311648544,106.8474450340975,101.75947146104525,104.88009643554688,167743300
2020-09-25 00:00:00-04:00,105.08361720977464,108.96986205260443,104.3470703746047,108.8147964477539,149981400
2020-09-28 00:00:00-04:00,111.46054633695047,111.76097670476364,109.29936567544041,111.4120864868164,137672400
2020-09-29 00:00:00-04:00,111.01472616815981,111.75126549437508,110.06496797160435,110.56891632080078,99382200
2020-09-30 00:00:00-04:00,110.27819234917513,113.64110173479544,110.11344069592683,112.23584747314453,142675200
2020-10-01 00:00:00-04:00,114.00937358582986,114.0869063866764,112.25523648180236,113.18560791015625,116120400
2020-10-02 00:00:00-04:00,109.40597427158033,111.80943945830253,108.75665366895876,109.5319595336914,144712000
2020-10-05 00:00:00-04:00,110.3944779447092,113.04991314807994,110.04558778439085,112.904541015625,106243800
2020-10-06 00:00:00-04:00,112.12923647353072,112.53627995429564,108.78571414124006,109.66763305664062,161498200
2020-10-07 00:00:00-04:00,111.0825560440416,111.98385432135075,110.60767328926947,111.52835845947266,96849000
2020-10-08 00:00:00-04:00,112.66227103853464,112.80764318962937,111.05349871590646,111.4217758178711,83477200
2020-10-09 00:00:00-04:00,111.72220118579409,113.38911933685253,111.37331099631979,113.36004638671875,100506900
2020-10-12 00:00:00-04:00,116.35468329215739,121.31667154926015,115.59875698215505,120.56074523925781,240226800
2020-10-13 00:00:00-04:00,121.40387407242964,121.52017325599154,115.95732503612084,117.3625717163086,262330500
2020-10-14 00:00:00-04:00,117.26567529237093,119.23302386837867,115.92826777316701,117.44981384277344,150712000
2020-10-15 00:00:00-04:00,115.0560220445031,117.45947925612792,114.5036138843049,116.98460388183594,112559200
2020-10-16 00:00:00-04:00,117.53703239008934,117.79870373934006,115.14326081684207,115.3467788696289,115393800
2020-10-19 00:00:00-04:00,116.25777640664253,116.70357893346838,112.09048805904365,112.4006118774414,120639300
2020-10-20 00:00:00-04:00,112.6138242501148,115.3080339002408,112.06141592703932,113.8833999633789,124423700
2020-10-21 00:00:00-04:00,113.06930582021845,115.04634782768703,112.85609432030498,113.26313781738281,89946000
2020-10-22 00:00:00-04:00,113.825219728469,114.39701481541562,111.05348531931205,112.17768859863281,101988000
2020-10-23 00:00:00-04:00,112.79795098039979,112.95301658165369,110.75306957595657,111.48961639404297,82572600
2020-10-26 00:00:00-04:00,110.49140153597219,112.95301241046303,109.39627110087882,111.49930572509766,111850700
2020-10-27 00:00:00-04:00,111.92572130525396,113.66047883675716,111.00504336225823,113.00146484375,92276800
2020-10-28 00:00:00-04:00,111.49931413026005,111.86758385649746,107.67121513386326,107.76812744140625,143937800
2020-10-29 00:00:00-04:00,108.90203237848063,113.32129899442697,108.73727331019896,111.760986328125,146129200
2020-10-30 00:00:00-04:00,107.63243577844652,108.53373417860142,104.39551925367714,105.50033569335938,190272600
2020-11-02 00:00:00-05:00,105.74262715568275,107.26417322328109,104.00786958662283,105.41311645507812,122866900
2020-11-03 00:00:00-05:00,106.27565935922766,108.04917599163862,105.37436086993179,107.03158569335938,107624400
2020-11-04 00:00:00-05:00,110.61739783333208,112.02264481194184,108.88264012828803,111.40239715576172,138235500
2020-11-05 00:00:00-05:00,114.30980518907859,115.92827100011738,113.26314194201399,115.35647583007812,126387100
2020-11-06 00:00:00-05:00,114.86619297983768,115.72050277187242,112.74011755970827,115.22539520263672,114457900
2020-11-09 00:00:00-05:00,116.98257616030648,118.4290806298261,112.66247568801708,112.92459106445312,154515300
2020-11-10 00:00:00-05:00,112.17708523408758,114.15753088265224,110.79852956756876,112.58482360839844,138023400
2020-11-11 00:00:00-05:00,113.76920934216545,116.1379803531598,113.0411019505022,116.00206756591797,112295000
2020-11-12 00:00:00-05:00,116.1282678012146,117.011700843839,115.10891457611105,115.73023223876953,103162300
2020-11-13 00:00:00-05:00,115.95352413531403,116.17680624012897,114.42935305539847,115.77877807617188,81581900
2020-11-16 00:00:00-05:00,115.44869936969526,117.45827535475047,114.70117908437909,116.78842163085938,91183000
2020-11-17 00:00:00-05:00,116.06030900690259,117.14761119066519,115.48752740079281,115.90497589111328,74271000
2020-11-18 00:00:00-05:00,115.14773477351584,116.32241357747914,114.55554028628038,114.58466339111328,76322100
2020-11-19 00:00:00-05:00,114.15751145503081,115.58460292894434,113.40028105826617,115.17686462402344,74113000
2020-11-20 00:00:00-05:00,115.17686579253606,115.30306839104708,113.8662741381708,113.91481018066406,73604300
2020-11-23 00:00:00-05:00,113.7595093974955,114.1866681424837,110.42963099730896,110.5267105102539,127959300
2020-11-24 00:00:00-05:00,110.58493635731566,112.46830213663921,109.30346044434035,111.80815124511719,113874200
2020-11-25 00:00:00-05:00,112.17707422528561,113.34204301090116,111.80816176471099,112.64305877685547,76499200
2020-11-27 00:00:00-05:00,113.16727072242384,114.0604137448287,112.82748885593168,113.18668365478516,46691300
2020-11-30 00:00:00-05:00,113.5556343004744,117.43887387012144,113.40030116247651,115.57492065429688,169410200
2020-12-01 00:00:00-05:00,117.47770289816154,119.86589425816237,116.50689304092421,119.13778686523438,127728200
2020-12-02 00:00:00-05:00,118.45822585372865,119.76882520066982,117.36121328577195,119.48728942871094,89004200
2020-12-03 00:00:00-05:00,119.91444354480213,120.16685620942218,118.64268486156841,119.35137939453125,78967600
2020-12-04 00:00:00-05:00,119.02129291081638,119.27370556007313,117.97281643546543,118.68151092529297,78260400
2020-12-07 00:00:00-05:00,118.73974965511624,120.93378197653361,118.68150343461471,120.1377182006836,86712000
2020-12-08 00:00:00-05:00,120.73964110499028,121.33183579133878,119.496998096351,120.74934387207031,82225500
2020-12-09 00:00:00-05:00,120.8949389531883,122.27348704305484,117.46798166489454,118.22521209716797,115089200
2020-12-10 00:00:00-05:00,116.98257670113864,120.25420827611856,116.64279476467264,119.64259338378906,81312200
2020-12-11 00:00:00-05:00,118.85623544540636,119.17660443365664,117.03111582087004,118.83682250976562,86939800
2020-12-14 00:00:00-05:00,119.0212758088773,119.7493831332465,117.99221982724323,118.22521209716797,79184500
2020-12-15 00:00:00-05:00,120.71046589299483,124.16655321389007,120.50659675940638,124.14713287353516,157243700
2020-12-16 00:00:00-05:00,123.69089034743503,124.62285953660047,122.86569602420569,124.07920837402344,98208600
2020-12-17 00:00:00-05:00,125.13738104904724,125.79753943581208,124.30248400346319,124.94322204589844,94359800
2020-12-18 00:00:00-05:00,125.19564951572379,125.33156230733624,122.43854558581786,122.96278381347656,192541500
2020-12-21 00:00:00-05:00,121.37063241963554,124.56459740524315,119.84646139919089,124.48693084716797,121251600
2020-12-22 00:00:00-05:00,127.76827272564631,130.48654300822767,125.86547908382497,128.0303955078125,168904800
2020-12-23 00:00:00-05:00,128.30226005455808,128.5643681030155,126.96253744223242,127.13729095458984,88223700
2020-12-24 00:00:00-05:00,127.48674690488681,129.56427923315684,127.27316756907929,128.11776733398438,54930100
2020-12-28 00:00:00-05:00,130.07881339134244,133.33101740723168,129.61281401111586,132.6999969482422,124486200
2020-12-29 00:00:00-05:00,134.02028815847115,134.7386778886634,130.41857748936,130.93310546875,121047300
2020-12-30 00:00:00-05:00,131.62238763508645,132.02042318765425,129.50601467789232,129.81668090820312,96452100
2020-12-31 00:00:00-05:00,130.16618225748783,130.80692029298538,127.87507049302144,128.81675720214844,99116600
2021-01-04 00:00:00-05:00,129.62252856286995,129.70989788960378,123.05985224509121,125.63249969482422,143301900
2021-01-05 00:00:00-05:00,125.12767140195429,127.89448518815179,124.68109238722828,127.18578338623047,97664900
2021-01-06 00:00:00-05:00,123.99183545726343,127.2246340413711,122.6909464043688,122.90452575683594,155088000
2021-01-07 00:00:00-05:00,124.61315591365346,127.78770834669253,124.1277509770645,127.09842681884766,109578200
2021-01-08 00:00:00-05:00,128.56433221406948,128.75850602101508,126.42855365810287,128.1954345703125,105158200
2021-01-11 00:00:00-05:00,125.41890340367594,126.37029273075628,124.74904236248368,125.21502685546875,100384500
2021-01-12 00:00:00-05:00,124.74905257493837,125.90431854480057,123.1569251813032,125.04029846191406,91951100
2021-01-13 00:00:00-05:00,125.00146811666775,127.61294892404966,124.73936012875102,127.06929779052734,88636800
2021-01-14 00:00:00-05:00,126.98193239512918,127.17609140406186,125.00147198922038,125.14710235595703,90221800
2021-01-15 00:00:00-05:00,125.02089191255358,126.41886047356746,123.29285155612885,123.42876434326172,111598500
2021-01-19 00:00:00-05:00,124.05008935422954,124.95295027523217,123.2346125834672,124.0986328125,90757300
2021-01-20 00:00:00-05:00,124.90441575262822,128.62261975871334,124.79762606214696,128.17604064941406,104319500
2021-01-21 00:00:00-05:00,129.89434712123654,135.59299559628155,129.6904705564632,132.87472534179688,120150900
2021-01-22 00:00:00-05:00,132.30196087543968,135.76775903778582,131.07874583699044,135.01052856445312,114459400
2021-01-25 00:00:00-05:00,138.89375351472623,140.85477848015867,132.55435242559187,138.7481231689453,157611700
2021-01-26 00:00:00-05:00,139.40829883611298,140.08786276088446,137.2433822290361,138.98114013671875,98390600
2021-01-27 00:00:00-05:00,139.24324321793168,140.0878578213645,136.3114082725256,137.91323852539062,140843800
2021-01-28 00:00:00-05:00,135.44740902267984,137.8453107957744,132.70971784009862,133.0883331298828,142621100
2021-01-29 00:00:00-05:00,131.8650760774745,132.7485164111063,126.40913060377333,128.10804748535156,177523800
2021-02-01 00:00:00-05:00,129.84579582479762,131.42822035718712,127.10810539305974,130.2244110107422,106239800
2021-02-02 00:00:00-05:00,131.7680267032869,132.33109823624255,130.68072432979122,131.0496368408203,83305400
2021-02-03 00:00:00-05:00,131.79710872600307,131.80682630276928,129.70987396760063,130.03024291992188,89880900
2021-02-04 00:00:00-05:00,132.32141349051977,133.3892956632412,130.66132177818676,133.3795928955078,84183100
2021-02-05 00:00:00-05:00,133.53998407473009,133.60803459447885,132.09131060559002,132.96633911132812,75693800
2021-02-08 00:00:00-05:00,132.2565886683768,133.16079860710033,131.1773789685877,133.1121826171875,71297200
2021-02-09 00:00:00-05:00,132.83023162868662,134.05528941674183,132.0816016865625,132.23715209960938,76774200
2021-02-10 00:00:00-05:00,132.6941140635208,133.18997643259982,130.6718103643523,131.6343536376953,73046600
2021-02-11 00:00:00-05:00,132.1301604637131,132.6065733213118,130.05925624408061,131.38153076171875,64280000
2021-02-12 00:00:00-05:00,130.62321880046613,131.7704791984505,129.98152323777,131.6149139404297,60145100
2021-02-16 00:00:00-05:00,131.731578673249,132.23714344471992,129.10646349095452,129.49537658691406,80576300
2021-02-17 00:00:00-05:00,127.60918638254499,128.55228022303262,125.87856393692216,127.21055603027344,97918500
2021-02-18 00:00:00-05:00,125.61605324019762,126.39386460486962,123.8757134782661,126.1119155883789,96856700
2021-02-19 00:00:00-05:00,126.62723310292547,127.08419679781535,125.2271753854348,126.26748657226562,87668800
2021-02-22 00:00:00-05:00,124.4590755242555,126.12164769737448,122.1159313080217,122.50483703613281,103916400
2021-02-23 00:00:00-05:00,120.32696770808406,123.19513336260104,115.10592588579131,122.36871337890625,158273000
2021-02-24 00:00:00-05:00,121.47422557501572,122.07702231944482,118.83940058972168,121.87284851074219,111039900
2021-02-25 00:00:00-05:00,121.2214246130711,122.95204690459941,117.19626722871075,117.63378143310547,148199500
2021-02-26 00:00:00-05:00,119.18942513713463,121.38673620225251,117.83798347678476,117.89632415771484,164560400
2021-03-01 00:00:00-05:00,120.31723727022785,124.38128647028813,119.38386807729292,124.24517059326172,116307900
2021-03-02 00:00:00-05:00,124.84797657824923,125.14937496490815,121.54228933610958,121.64923858642578,102260900
2021-03-03 00:00:00-05:00,121.34781109843091,122.2228468911316,118.46019669139757,118.6740951538086,112966300
2021-03-04 00:00:00-05:00,118.37275656705565,120.17143762682205,115.32958282632137,116.79769134521484,178155000
2021-03-05 00:00:00-05:00,117.62407506080334,118.55744422295456,114.30866329373481,118.05186462402344,153766600
2021-03-08 00:00:00-05:00,117.57547079483327,117.6435287378886,112.98639972664601,113.13224029541016,154376600
2021-03-09 00:00:00-05:00,115.72817884872909,118.67412730069942,115.49483838005335,117.73103332519531,129525800
2021-03-10 00:00:00-05:00,118.31439735247595,118.78107829664711,116.1365282204776,116.6518325805664,111943300
2021-03-11 00:00:00-05:00,119.14080190524842,119.79221465640565,117.89630965893046,118.57688903808594,103026500
2021-03-12 00:00:00-05:00,117.06016228897577,117.80879958845243,115.85456138090896,117.67268371582031,88105100
2021-03-15 00:00:00-04:00,118.04214884674406,120.56029993815383,117.07960562741921,120.55057525634766,92403800
2021-03-16 00:00:00-04:00,122.21313740579694,123.69097746560344,121.26032630464678,122.08674621582031,115227900
2021-03-17 00:00:00-04:00,120.60892835870807,122.368717641283,118.94635623317845,121.29923248291016,111932600
2021-03-18 00:00:00-04:00,119.471356811388,119.76303790222613,116.98237252920022,117.1865463256836,121229700
2021-03-19 00:00:00-04:00,116.5740372845451,118.0615946863235,116.36013878430732,116.66153717041016,185549500
2021-03-22 00:00:00-04:00,116.99211676480378,120.43392009028169,116.92405882126718,119.96723175048828,111912300
2021-03-23 00:00:00-04:00,119.90889482634996,120.79364806529563,118.75190240381558,119.14080810546875,95467100
2021-03-24 00:00:00-04:00,119.41304074611715,119.49082337056949,116.73932422708299,116.7587661743164,88530500
2021-03-25 00:00:00-04:00,116.22404193613586,118.28523723675819,115.69902028170112,117.24491119384766,98844700
2021-03-26 00:00:00-04:00,117.0115497729694,118.11020888610055,115.62121696029041,117.84769439697266,94071200
2021-03-29 00:00:00-04:00,118.27548724702227,119.1796897776827,117.3810093980004,118.02269744873047,80819200
2021-03-30 00:00:00-04:00,116.7782247452838,117.06018121783144,115.56289895900598,116.57405090332031,85671900
2021-03-31 00:00:00-04:00,118.27548932601961,120.09361168317854,117.78935908416811,118.7616195678711,118323800
2021-04-01 00:00:00-04:00,120.22971570160718,120.73528780827226,119.0921654805349,119.58802032470703,75089100
2021-04-05 00:00:00-04:00,120.43390523654203,122.66038256872103,119.65609390540438,122.4075927734375,88651200
2021-04-06 00:00:00-04:00,122.99095607539735,123.60347753407522,122.16453611496429,122.70899963378906,80171300
2021-04-07 00:00:00-04:00,122.33954050731289,124.37156139198876,121.66867838856395,124.35211944580078,83466700
2021-04-08 00:00:00-04:00,125.37299788690146,126.77305548532095,124.9549329616751,126.74388885498047,88844600
2021-04-09 00:00:00-04:00,126.199437772379,129.34955284443396,125.87858997142516,129.3106689453125,106686700
2021-04-12 00:00:00-04:00,128.8439334710132,129.1647811362329,127.00636217785619,127.59944152832031,91420000
2021-04-13 00:00:00-04:00,128.76622968527178,130.92464996477239,128.2703671557369,130.70101928710938,91266500
2021-04-14 00:00:00-04:00,131.19683535032675,131.25516860713591,128.00782207026887,128.3675537109375,87222800
2021-04-15 00:00:00-04:00,130.10791292088626,131.2551732400093,129.93289830876327,130.76904296875,89347100
2021-04-16 00:00:00-04:00,130.57456189416538,130.93429345955573,129.58285222938275,130.43844604492188,84922400
2021-04-19 00:00:00-04:00,129.80648595127033,131.71212294052938,129.64120345679902,131.09959411621094,94264200
2021-04-20 00:00:00-04:00,131.2745927965494,131.77044021985614,128.15363063610712,129.41757202148438,94812300
2021-04-21 00:00:00-04:00,128.6883918850069,130.03983329744375,127.65779819666872,129.79676818847656,68847100
2021-04-22 00:00:00-04:00,129.34952213608938,130.42873181562496,127.7647477103965,128.28004455566406,84566500
2021-04-23 00:00:00-04:00,128.49393862388337,131.37182111341806,128.49393862388337,130.59402465820312,78657500
2021-04-26 00:00:00-04:00,131.08990519751984,131.31352099303626,129.85513001828372,130.9829559326172,66905100
2021-04-27 00:00:00-04:00,131.26487557787047,131.6537886519638,130.38984712331498,130.66207885742188,66015800
2021-04-28 00:00:00-04:00,130.58431883810096,131.2746303918658,129.38844245381026,129.87457275390625,107760100
2021-04-29 00:00:00-04:00,132.6843927517533,133.26775499092827,128.77590135452442,129.77732849121094,151101000
2021-04-30 00:00:00-04:00,128.12447774341382,129.8551001147441,127.43418114888645,127.81336212158203,109839500
2021-05-03 00:00:00-04:00,128.37728825955,130.35099100560777,128.17312183322954,128.86341857910156,75135100
2021-05-04 00:00:00-04:00,127.55085108162373,127.84253218435018,123.18539631101322,124.30349731445312,137564700
2021-05-05 00:00:00-04:00,125.6160551149203,126.83138075425876,124.4201788397563,124.54657745361328,84000900
2021-05-06 00:00:00-04:00,124.34239490228468,126.15080002789722,123.60347484441658,126.14108276367188,78128300
2021-05-07 00:00:00-04:00,127.43637521223602,127.83566778817108,126.10210583375782,126.81307220458984,78973300
2021-05-10 00:00:00-04:00,126.03395306208488,126.16055151436144,123.50177596650869,123.54073333740234,88071200
2021-05-11 00:00:00-04:00,120.2781354744355,122.97586852300613,119.56717642454035,122.6252670288086,126142800
2021-05-12 00:00:00-04:00,120.18073081693389,121.38837950118456,119.06073063774643,119.5671615600586,112172300
2021-05-13 00:00:00-04:00,121.32996037075966,122.85900193405529,121.01830882379365,121.70978546142578,105861300
2021-05-14 00:00:00-04:00,122.95638491442686,124.55359993393608,122.56681864446786,124.12507629394531,81918000
2021-05-17 00:00:00-04:00,123.51149982353762,123.61863072086233,121.90454379402466,122.97584533691406,74244600
2021-05-18 00:00:00-04:00,123.25829164809352,123.67707407576847,121.5247295992301,121.59290313720703,63342900
2021-05-19 00:00:00-04:00,119.94697371862321,121.66105303479101,119.65479722386259,121.43705749511719,92612000
2021-05-20 00:00:00-04:00,121.96300011967811,124.38803886132331,121.83638680726905,123.98873138427734,76857100
2021-05-21 00:00:00-04:00,124.48541706436308,124.66072150118845,121.94350644557427,122.15776824951172,79295400
2021-05-24 00:00:00-04:00,122.72264215777629,124.60229244585756,122.65446862112498,123.7842025756836,63092900
2021-05-25 00:00:00-04:00,124.48542900111524,124.9723924215316,123.02456103094238,123.58943176269531,72009500
2021-05-26 00:00:00-04:00,123.64786424977021,124.06664669892854,123.12195088824402,123.54073333740234,56575900
2021-05-27 00:00:00-04:00,123.14142196396851,124.3101132618625,121.81690119683103,122.01168060302734,94625600
2021-05-28 00:00:00-04:00,122.29413127736017,122.51813430989525,121.30074429262824,121.35917663574219,71311100
2021-06-01 00:00:00-04:00,121.81689796777825,122.07985090220888,120.70663903510166,121.03776550292969,67637100
2021-06-02 00:00:00-04:00,121.03775144989098,121.97270584094204,120.81375590774547,121.79740142822266,59278900
2021-06-03 00:00:00-04:00,121.42732121440905,121.59288443397801,119.91775498094397,120.31706237792969,76229200
2021-06-04 00:00:00-04:00,120.83326200560104,122.86874195718396,120.61900017592295,122.60578155517578,75169300
2021-06-07 00:00:00-04:00,122.87847726693603,123.02456555539773,121.5734387321586,122.61552429199219,71057600
2021-06-08 00:00:00-04:00,123.29726191856811,125.10874632513031,122.91743682004416,123.43360900878906,74403800
2021-06-09 00:00:00-04:00,123.89133026159469,124.41724357225148,123.2193286818069,123.81341552734375,56877900
2021-06-10 00:00:00-04:00,123.7063015458541,124.84578425664763,122.65448221103098,122.8200454711914,71186400
2021-06-11 00:00:00-04:00,123.2290871401218,124.11535064804697,122.81030467281765,124.02769470214844,53522400
2021-06-14 00:00:00-04:00,124.48541004880167,127.13444398991092,123.75497617492034,127.07601165771484,96906500
2021-06-15 00:00:00-04:00,126.55014169243728,127.19292725029605,126.01448706088831,126.25796508789062,62746300
2021-06-16 00:00:00-04:00,126.96890813933193,127.47534656209021,125.10874743356234,126.75464630126953,91815000
2021-06-17 00:00:00-04:00,126.41380715783899,129.09206572109522,126.26771141068338,128.3518829345703,96721700
2021-06-18 00:00:00-04:00,127.30004232774398,128.07916002857564,126.84230250511071,127.05656433105469,108953300
2021-06-21 00:00:00-04:00,126.90070252359433,128.95565688666113,125.83914229499234,128.84852600097656,79663300
2021-06-22 00:00:00-04:00,128.68298261560656,130.5821078265205,128.18627804148716,130.48471069335938,74783600
2021-06-23 00:00:00-04:00,130.2802323751994,130.81588702946803,129.75431149256474,130.21205139160156,60214200
2021-06-24 00:00:00-04:00,130.9424885852543,131.12753427569476,129.4621379224508,129.92962646484375,68711000
2021-06-25 00:00:00-04:00,129.9782651843007,130.3970400923511,129.34521364746473,129.63739013671875,70783700
2021-06-28 00:00:00-04:00,129.929615432019,131.72161011019884,129.87118308436172,131.2638702392578,62111300
2021-06-29 00:00:00-04:00,131.28333809814853,132.92925172484664,130.84508067855094,132.77342224121094,64556100
2021-06-30 00:00:00-04:00,132.61757943917965,133.82523552499876,132.32540290188453,133.38697814941406,63261400
2021-07-01 00:00:00-04:00,133.03638455477136,133.74733615062,132.218287184251,133.68890380859375,52485800
2021-07-02 00:00:00-04:00,134.30247489528134,136.34769628382654,134.15639402212219,136.30874633789062,78852600
2021-07-06 00:00:00-04:00,136.4158466947496,139.41548226335163,136.4158466947496,138.31497192382812,108181800
2021-07-07 00:00:00-04:00,139.79530375392193,141.11009072715532,138.9382714107099,140.79844665527344,104911600
2021-07-08 00:00:00-04:00,137.88647618396286,140.30177401839643,137.00021261100082,139.503173828125,105575500
2021-07-09 00:00:00-04:00,139.02593841657492,141.85027728075062,138.92854127199598,141.32437133789062,99890800
2021-07-12 00:00:00-04:00,142.39566628334748,142.5027971874123,140.24331443285035,140.7302703857422,76299700
2021-07-13 00:00:00-04:00,140.27250144114674,143.61302631112486,139.88294270410174,141.8404998779297,100827100
2021-07-14 00:00:00-04:00,144.23634613048517,145.6679976912108,143.827290089665,145.25894165039062,127050800
2021-07-15 00:00:00-04:00,145.3466432583112,146.08681108461445,143.2527233830004,144.60646057128906,106820300
2021-07-16 00:00:00-04:00,144.5870044305878,145.85307833791254,142.07430929851364,142.5709991455078,93251400
2021-07-19 00:00:00-04:00,139.99983785193092,140.31149679803218,137.97409928442224,138.73374938964844,121434600
2021-07-20 00:00:00-04:00,139.71742366986297,143.26246279631377,139.23046766424767,142.3372344970703,96350000
2021-07-21 00:00:00-04:00,141.73337903289692,142.31773204055827,140.85686438211923,141.6067657470703,74993500
2021-07-22 00:00:00-04:00,142.1327413542018,144.3337774603304,142.00612801944465,142.97030639648438,77338200
2021-07-23 00:00:00-04:00,143.70069581628857,144.84017089255983,143.0871265980212,144.68434143066406,71447400
2021-07-26 00:00:00-04:00,144.4019164234274,145.92121655552194,143.8467795270844,145.10313415527344,72434100
2021-07-27 00:00:00-04:00,145.22972386851797,145.31738722526956,141.75286644595897,142.9410400390625,104818600
2021-07-28 00:00:00-04:00,141.03217541296894,143.13582861718922,138.82139130869905,141.19773864746094,118931200
2021-07-29 00:00:00-04:00,140.9152867319129,142.72676309452726,140.80815585011854,141.8404998779297,56699500
2021-07-30 00:00:00-04:00,140.6134541319975,142.51258003008667,140.35049366588626,142.05484008789062,70440600
2021-08-02 00:00:00-04:00,142.54179179711645,143.11639643503634,141.4607486484721,141.7237091064453,62880000
2021-08-03 00:00:00-04:00,142.00613442329242,144.17795445175804,141.39256498653242,143.5157012939453,64786600
2021-08-04 00:00:00-04:00,143.4280072023747,143.93443068193204,142.46382908813206,143.11634826660156,56368300
2021-08-05 00:00:00-04:00,143.14562649204402,143.98319166914825,142.35675990235612,143.22354125976562,46397700
2021-08-06 00:00:00-04:00,142.74559073997008,143.48686754429556,142.04332223777357,142.54075622558594,54126800
2021-08-09 00:00:00-04:00,142.59925003312128,143.08693557693016,141.93600483737242,142.49195861816406,48908700
2021-08-10 00:00:00-04:00,142.83337693150492,144.0721026616934,141.72145423409515,142.01406860351562,69023100
2021-08-11 00:00:00-04:00,142.4529926206854,143.10648965746952,141.94579533729095,142.26766967773438,48493500
2021-08-12 00:00:00-04:00,142.58952310526286,145.37908543032157,142.24813722010816,145.2230224609375,72282600
2021-08-13 00:00:00-04:00,145.30103817728678,145.75946379823836,144.6182813640554,145.42784118652344,59375000
2021-08-16 00:00:00-04:00,144.88161214330344,147.46635440777192,142.8626017681946,147.3980712890625,103296000
2021-08-17 00:00:00-04:00,146.52997508674613,147.94426000150526,145.41805278817236,146.490966796875,92229700
2021-08-18 00:00:00-04:00,146.1106045300614,147.00794422226895,142.55049082276733,142.7553253173828,86326000
2021-08-19 00:00:00-04:00,141.45807654722455,144.35493005036025,140.94113102889904,143.08694458007812,86960300
2021-08-20 00:00:00-04:00,143.8087395067066,144.84263065061194,143.16499090967656,144.54026794433594,60549600
2021-08-23 00:00:00-04:00,144.65731367112883,146.49101645929602,144.24765951519495,146.02284240722656,60131800
2021-08-24 00:00:00-04:00,145.76920152361467,147.1444782861979,145.47658722985506,145.9350128173828,48606400
2021-08-25 00:00:00-04:00,146.12032437546637,146.61777310120064,144.15983406027962,144.70603942871094,58991300
2021-08-26 00:00:00-04:00,144.6963131171606,145.44733817166107,143.87699005673284,143.90625,48597200
2021-08-27 00:00:00-04:00,143.84775953717897,145.0864852931361,143.213774126067,144.940185546875,55802400
2021-08-30 00:00:00-04:00,145.3302621099701,149.7096827488744,144.94986805949804,149.34878540039062,90956700
2021-08-31 00:00:00-04:00,148.90016654739884,149.03671791602926,147.5638979226051,148.09060668945312,86453100
2021-09-01 00:00:00-04:00,149.06594053769027,151.1629820772436,148.58800342565723,148.75381469726562,80313700
2021-09-02 00:00:00-04:00,150.08035127222993,150.90942268736845,148.64655451799135,149.8657684326172,71115500
2021-09-03 00:00:00-04:00,149.97303195298093,150.82161480012687,149.31953520226918,150.49974060058594,57808700
2021-09-07 00:00:00-04:00,151.15326259436534,153.38685589495006,150.58754556278473,152.83090209960938,82278300
2021-09-08 00:00:00-04:00,153.11374935418493,153.17226923823645,150.18763608775444,151.28981018066406,74420200
2021-09-09 00:00:00-04:00,151.66046161317462,152.26518694823613,150.15838174591684,150.2754364013672,57305700
2021-09-10 00:00:00-04:00,151.1825274626448,151.65070144497142,145.03768627305047,145.30104064941406,140893200
2021-09-13 00:00:00-04:00,146.92016289482572,147.6906995642944,145.08646034770857,145.86676025390625,102404300
2021-09-14 00:00:00-04:00,146.64708895618836,147.34935752136766,143.29180911877296,144.4720001220703,109296300
2021-09-15 00:00:00-04:00,144.90114769505237,145.7594791408811,142.76508231790012,145.3595733642578,83281300
2021-09-16 00:00:00-04:00,144.7840715894616,145.30101702156867,143.5941177955223,145.1254425048828,68034100
2021-09-17 00:00:00-04:00,145.15474141357228,145.15474141357228,142.17009319848557,142.46270751953125,129868800
2021-09-20 00:00:00-04:00,140.25836010441694,141.272739448902,137.79067253613061,139.41954040527344,123478900
2021-09-21 00:00:00-04:00,140.38516176883357,141.03867353306788,139.2634909051742,139.89747619628906,75834000
2021-09-22 00:00:00-04:00,140.89234513594866,142.82357564689215,140.16081684875996,142.25787353515625,76404300
2021-09-23 00:00:00-04:00,143.03818581433492,143.45760318499043,142.05306622379317,143.21376037597656,64838200
2021-09-24 00:00:00-04:00,142.07258175581498,143.83800136075783,141.97503867631073,143.30154418945312,53477900
2021-09-27 00:00:00-04:00,141.8872464401241,142.36518367517027,140.2778899497781,141.78970336914062,74150700
2021-09-28 00:00:00-04:00,139.7219107001194,141.18496735666514,138.2003341585889,138.4149169921875,108972300
2021-09-29 00:00:00-04:00,138.96112166840754,140.89235227723765,138.53195600356045,139.312255859375,74602000
2021-09-30 00:00:00-04:00,140.12183534910463,140.82410382973063,137.80044704464729,138.01502990722656,89056700
2021-10-01 00:00:00-04:00,138.4051902289527,139.40007318481307,135.68391067917057,139.13671875,94639600
2021-10-04 00:00:00-04:00,138.26861784072736,138.70754679310303,134.8645818313905,135.71315002441406,98322000
2021-10-05 00:00:00-04:00,136.0545619084437,138.7368332577452,135.92775886392107,137.63465881347656,80861100
2021-10-06 00:00:00-04:00,136.03499804431914,138.6489852474294,134.96208396365105,138.502685546875,83221100
2021-10-07 00:00:00-04:00,139.53657886179528,140.66801284222436,139.2049562794912,139.7609100341797,61732700
2021-10-08 00:00:00-04:00,140.48269778280476,140.62899749402928,139.04890108087716,139.38052368164062,58773200
2021-10-11 00:00:00-04:00,138.7660156376636,141.24345105959597,138.3173384960809,139.29270935058594,64452200
2021-10-12 00:00:00-04:00,139.70238912610083,139.72190071402855,137.56632417893402,138.02474975585938,73035900
2021-10-13 00:00:00-04:00,137.76143421982243,137.9174823014052,135.77166862906188,137.43955993652344,78762700
2021-10-14 00:00:00-04:00,138.60995855085787,140.3363692030775,138.0247300603831,140.2193145751953,69907100
2021-10-15 00:00:00-04:00,140.22909633879294,141.33125547588753,139.97549034735292,141.27273559570312,67940300
2021-10-18 00:00:00-04:00,139.91697189226727,143.22347910319027,139.63412084083484,142.9406280517578,85589200
2021-10-19 00:00:00-04:00,143.38930715549284,145.49611240776287,142.94064476173952,145.09620666503906,76378900
2021-10-20 00:00:00-04:00,145.03767215675973,146.06181473584434,144.4719551618084,145.58387756347656,58418800
2021-10-21 00:00:00-04:00,145.14498028007083,145.95454013073487,144.2281290062348,145.79847717285156,61421000
2021-10-22 00:00:00-04:00,146.00329463249273,146.48121692115393,144.97915205496275,145.02792358398438,58883400
2021-10-25 00:00:00-04:00,145.0181495258691,145.69115788039105,143.98425867288518,144.97914123535156,50720600
2021-10-26 00:00:00-04:00,145.6521586308098,147.12496353769075,145.34003275537546,145.6424102783203,60893400
2021-10-27 00:00:00-04:00,145.68143968000115,146.04232225315448,144.83287151805337,145.1840057373047,56094900
2021-10-28 00:00:00-04:00,146.1300923838208,149.39757634919977,146.0325493292803,148.81236267089844,100077900
2021-10-29 00:00:00-04:00,143.59412144965486,146.24713179057537,142.80407331191392,146.11058044433594,124953200
2021-11-01 00:00:00-04:00,145.3205197027828,146.0130247261565,144.1598259189258,145.291259765625,74588300
2021-11-02 00:00:00-04:00,144.9986747309846,147.8370082711022,144.98891149464504,146.32518005371094,69122000
2021-11-03 00:00:00-04:00,146.6860731609645,148.2271614322934,146.13011931995035,147.7589874267578,54511500
2021-11-04 00:00:00-04:00,147.84676026074618,148.6758168059769,146.92990900121129,147.24203491210938,60394600
2021-11-05 00:00:00-04:00,148.36534609443586,148.66815006608644,146.57781000839395,147.76950073242188,65463900
2021-11-08 00:00:00-05:00,147.8964818732159,148.0527725947036,146.67548855791236,146.94898986816406,55020900
2021-11-09 00:00:00-05:00,146.7145945638109,147.91604814668477,146.57784387067653,147.31044006347656,56787900
2021-11-10 00:00:00-05:00,146.53870097244655,146.64614895330263,144.41905889983127,144.4874267578125,65187100
2021-11-11 00:00:00-05:00,145.50336208425588,145.96244193460964,144.25305100972494,144.4386444091797,41000000
2021-11-12 00:00:00-05:00,144.9856329096499,146.9099196974308,144.0576809080353,146.5094451904297,63804000
2021-11-15 00:00:00-05:00,146.88062009926887,148.35558969382197,145.96243066007273,146.5192108154297,59222800
2021-11-16 00:00:00-05:00,146.4605718791386,147.97460635745318,145.87448920859703,147.4959716796875,59256200
2021-11-17 00:00:00-05:00,147.49598349597346,151.40316186672771,147.48622091573952,149.92820739746094,88807000
2021-11-18 00:00:00-05:00,150.14313374583702,154.9880275581461,149.49844560723523,154.2065887451172,137827700
2021-11-19 00:00:00-05:00,153.9916731226482,157.28348128204507,152.89766786630707,156.8243865966797,117305600
2021-11-22 00:00:00-05:00,157.9281815634673,161.85490096838612,157.26396823078883,157.28350830078125,117467900
2021-11-23 00:00:00-05:00,157.3811499145866,158.04537802988585,155.36895531169498,157.6644287109375,96041900
2021-11-24 00:00:00-05:00,157.01974088138022,158.3774848564214,155.9354982175197,158.18212890625,69463600
2021-11-26 00:00:00-05:00,155.8671359816053,156.72670517440085,152.7316184657377,153.17117309570312,76959800
2021-11-29 00:00:00-05:00,155.67175446958956,157.44952783966656,155.10521179906075,156.52157592773438,88748200
2021-11-30 00:00:00-05:00,156.27737994661885,161.67905311784355,156.20899716750552,161.4641571044922,174048100
2021-12-01 00:00:00-05:00,163.5935775451036,166.34814584365344,160.71203606659066,160.94647216796875,152052500
2021-12-02 00:00:00-05:00,155.0563862894109,160.38967666927002,154.13819694441963,159.9598846435547,136739200
2021-12-03 00:00:00-05:00,160.2138776845153,161.13206712633752,156.0136573148525,158.08445739746094,118023100
2021-12-06 00:00:00-05:00,160.47753072591271,163.98423362843923,160.46776814849838,161.483642578125,107497000
2021-12-07 00:00:00-05:00,165.15645786646198,167.5984447377344,164.43362438687151,167.2077178955078,120405400
2021-12-08 00:00:00-05:00,168.13567063026588,171.87679598965886,166.7388465074218,171.0172119140625,116998900
2021-12-09 00:00:00-05:00,170.85117673379307,172.64847553279014,169.8841445461616,170.50929260253906,108923700
2021-12-10 00:00:00-05:00,171.14418244016858,175.46161263264923,170.63624509261138,175.28578186035156,115402700
2021-12-13 00:00:00-05:00,176.9170879684859,177.90366035900794,171.4568080407273,171.6619415283203,153237000
2021-12-14 00:00:00-05:00,171.18328686899508,173.61551126067369,168.21383726682737,170.28463745117188,139380400
2021-12-15 00:00:00-05:00,171.04655499998282,175.33468400137696,168.31152630759928,175.1393280029297,131063300
2021-12-16 00:00:00-05:00,175.11973661793166,176.9365751900634,166.78767978084602,168.26263427734375,150185800
2021-12-17 00:00:00-05:00,165.98668171971096,169.44454258569772,165.75226057944147,167.16860961914062,195432700
2021-12-20 00:00:00-05:00,164.375008447403,166.62163920449956,163.5740445559153,165.81089782714844,107499100
2021-12-21 00:00:00-05:00,167.57889907243998,169.18084181030284,165.1955175809284,168.97572326660156,91185900
2021-12-22 00:00:00-05:00,169.02452194022183,171.7790897184107,168.15517538914062,171.56419372558594,92135300
2021-12-23 00:00:00-05:00,171.76934702247985,172.74614168304623,171.2028043307869,172.18936157226562,68356600
2021-12-27 00:00:00-05:00,172.9805506410723,176.23327841950962,172.96102548062714,176.14537048339844,74919600
2021-12-28 00:00:00-05:00,175.9793381325386,177.12218615208815,174.38715798933583,175.1295166015625,79144300
2021-12-29 00:00:00-05:00,175.16859502828655,176.4384311169709,174.00620695259946,175.21743774414062,62348900
2021-12-30 00:00:00-05:00,175.30533745901636,176.3798175385403,173.95735606919604,174.06480407714844,59773000
2021-12-31 00:00:00-05:00,173.9573242504266,175.07086935429706,173.14658304866205,173.44940185546875,64062300
2022-01-03 00:00:00-05:00,173.70338274431063,178.63619837680892,173.5861721636794,177.786376953125,104487900
2022-01-04 00:00:00-05:00,178.3920304132724,178.69483440178558,174.9634712930882,175.53001403808594,99310400
2022-01-05 00:00:00-05:00,175.44211670639731,175.98911941613642,170.58744530040389,170.86094665527344,94537600
2022-01-06 00:00:00-05:00,168.69243553501073,171.23210762394186,167.65703557565845,168.00868225097656,96904000
2022-01-07 00:00:00-05:00,168.878037036841,170.0990304259398,167.06119827767387,168.17474365234375,86709100
2022-01-10 00:00:00-05:00,165.15645789652865,168.4970941484729,164.26757109809446,168.1942901611328,106765600
2022-01-11 00:00:00-05:00,168.32126400156088,171.1148824378415,166.85607200254188,171.0172119140625,76138300
2022-01-12 00:00:00-05:00,172.0330618342014,173.06846173538992,170.7632407657719,171.45675659179688,74805200
2022-01-13 00:00:00-05:00,171.7009797317892,172.52148374355693,167.80356331883507,168.1942901611328,84505800
2022-01-14 00:00:00-05:00,167.36396777404897,169.74734876331195,167.11976914653764,169.0538330078125,80440800
2022-01-18 00:00:00-05:00,167.53005178287384,168.53614912039677,165.47879187832885,165.8597412109375,90956700
2022-01-19 00:00:00-05:00,166.05512514217625,167.11006537282074,162.08934042059263,162.3726043701172,94815000
2022-01-20 00:00:00-05:00,163.10514273299674,165.74248492301732,160.37011513031928,160.6924591064453,91420500
2022-01-21 00:00:00-05:00,160.60458738914824,162.4702688967568,158.53378733529433,158.6412353515625,122848900
2022-01-24 00:00:00-05:00,156.30670516297684,158.53379607319022,151.11014976934194,157.86956787109375,162294600
2022-01-25 00:00:00-05:00,155.29079647095608,158.98307875093712,153.3762874615523,156.07223510742188,115798400
2022-01-26 00:00:00-05:00,159.70596106577034,160.57530790290645,154.1577733646561,155.984375,108275300
2022-01-27 00:00:00-05:00,158.68029600296296,160.0380400395087,154.6070638933257,155.52525329589844,121954600
2022-01-28 00:00:00-05:00,161.86463986114418,166.39696621279427,159.02216399560837,166.37742614746094,179935700
2022-01-31 00:00:00-05:00,166.2113655240236,170.9390476064095,165.57644011866424,170.72415161132812,115541600
2022-02-01 00:00:00-05:00,169.9720379540269,170.78277933201363,168.31148996868112,170.55812072753906,86213900
2022-02-02 00:00:00-05:00,170.69486467196293,171.79864739328102,169.30781806090394,171.7595672607422,84914300
2022-02-03 00:00:00-05:00,170.43112418107953,172.15029228212393,168.12588824034546,168.88778686523438,89418100
2022-02-04 00:00:00-05:00,167.9097877683782,170.27665611869838,166.9317484223172,168.6042022705078,82465400
2022-02-07 00:00:00-05:00,169.0638570704662,170.1299162190593,167.19579861278513,167.8902130126953,77251200
2022-02-08 00:00:00-05:00,167.9586430232075,171.49915455646115,167.6652283214683,170.99057006835938,74829200
2022-02-09 00:00:00-05:00,172.1838075995271,172.77062217708496,171.05905354274313,172.40875244140625,71285000
2022-02-10 00:00:00-05:00,170.31570020808385,171.62626880440877,167.78258293824175,168.34005737304688,90865900
2022-02-11 00:00:00-05:00,168.54547473503922,169.27900403758753,164.34967876719554,164.93650817871094,98670700
2022-02-14 00:00:00-05:00,163.69441590726865,165.8558891027738,162.9022065441299,165.1712646484375,86185500
2022-02-15 00:00:00-05:00,167.2153531108256,169.1518664311418,166.5111637354937,168.99537658691406,62527400
2022-02-16 00:00:00-05:00,168.07604144255788,169.5333102903167,166.31556790878483,168.7606658935547,61177400
2022-02-17 00:00:00-05:00,167.27404295611913,168.1347222265384,164.7702649952927,165.1712646484375,69589300
2022-02-18 00:00:00-05:00,166.09065524599768,166.79482987221778,162.5403675088088,163.62599182128906,82772700
2022-02-22 00:00:00-05:00,161.3569203806229,163.0293741588099,158.58906735628025,160.71142578125,91162800
2022-02-23 00:00:00-05:00,161.90460945584556,162.50121399005073,156.24176881453315,156.55474853515625,90009200
2022-02-24 00:00:00-05:00,149.2291965620497,159.27366155009665,148.66193213542687,159.16607666015625,141147500
2022-02-25 00:00:00-05:00,160.24193771015948,161.4938266826065,157.3371601146723,161.22976684570312,91974200
2022-02-28 00:00:00-05:00,159.47903178590988,161.7872043480846,158.86286246028953,161.49378967285156,95056600
2022-03-01 00:00:00-05:00,161.08304074169718,162.94132403155473,158.41299811175085,159.61598205566406,83474400
2022-03-02 00:00:00-05:00,160.7798480922219,163.6846254319098,159.37146939131958,162.90219116210938,79724800
2022-03-03 00:00:00-05:00,164.77026570160976,165.20060533866413,161.91439302006907,162.57945251464844,76678400
2022-03-04 00:00:00-05:00,160.87767357199544,161.91439273743828,158.54016047816125,159.58665466308594,83737200
2022-03-07 00:00:00-05:00,159.7724565579089,161.39600492959968,155.54732078440395,155.80162048339844,96418800
2022-03-08 00:00:00-05:00,155.33219707675556,159.30303394754864,152.3785144348394,153.9824981689453,131148300
2022-03-09 00:00:00-05:00,157.93374136581392,159.82136448965088,155.9092082958325,159.3714599609375,91454900
2022-03-10 00:00:00-05:00,156.68185579600046,156.86768560681452,152.55452973284972,155.03875732421875,105342000
2022-03-11 00:00:00-05:00,155.4397623739769,155.78208206231224,151.10705589580672,151.33200073242188,96970100
2022-03-14 00:00:00-04:00,148.12399948025242,150.73536174739257,146.80365582087973,147.31222534179688,108732100
2022-03-15 00:00:00-04:00,147.58611061794517,152.15356685525754,147.07754097449947,151.68409729003906,92964300
2022-03-16 00:00:00-04:00,153.60103819497576,156.48625045296393,151.06792059745445,156.0852508544922,102300200
2022-03-17 00:00:00-04:00,155.12679794973494,157.46431103838808,154.16832371335292,157.0926513671875,75615400
2022-03-18 00:00:00-04:00,156.9850782628136,160.8678953686917,156.25154880840884,160.37887573242188,123511700
2022-03-21 00:00:00-04:00,159.91920994025145,162.69685305700403,159.43019026159942,161.74815368652344,95811400
2022-03-22 00:00:00-04:00,161.8752272476192,165.69936326568208,161.28841281006214,165.112548828125,81532000
2022-03-23 00:00:00-04:00,164.30076772924696,168.84864285363813,163.9682231459706,166.47201538085938,98062700
2022-03-24 00:00:00-04:00,167.30337650948087,170.31573891650316,166.4720521767643,170.24728393554688,90131400
2022-03-25 00:00:00-04:00,170.061446329407,171.43069512284325,168.95625735233114,170.88299560546875,80546200
2022-03-28 00:00:00-04:00,168.38901573521346,171.87083307439428,168.22275085370143,171.7436981201172,90371900
2022-03-29 00:00:00-04:00,172.80972386459516,175.0787667230212,172.467404224187,175.02987670898438,100589400
2022-03-30 00:00:00-04:00,174.62886654102215,175.6655854938626,172.8194884204446,173.86599731445312,92633200
2022-03-31 00:00:00-04:00,173.9344990439243,174.12032889178556,170.57004158960083,170.7754364013672,103049300
2022-04-01 00:00:00-04:00,170.208175340956,171.0395147015426,168.1640768197994,170.48202514648438,78751300
2022-04-04 00:00:00-04:00,170.73630961524591,174.57022147286082,170.60915974417932,174.5213165283203,76468400
2022-04-05 00:00:00-04:00,173.60196376939686,174.38439814013864,170.58960114244232,171.21554565429688,73401800
2022-04-06 00:00:00-04:00,168.57483234577828,169.81694627331598,166.3938091700385,168.0564727783203,89058800
2022-04-07 00:00:00-04:00,167.401190693142,169.55287391806212,166.11996174699982,168.3596649169922,77594700
2022-04-08 00:00:00-04:00,168.00756384278074,168.00756384278074,165.48422104719532,166.35467529296875,76575500
2022-04-11 00:00:00-04:00,165.00501879739264,165.31798361672782,161.8655060412837,162.11001586914062,72246700
2022-04-12 00:00:00-04:00,164.33012199148104,166.13948524268093,162.98042335456353,163.97802734375,79265200
2022-04-13 00:00:00-04:00,163.71401989084265,167.2838578474073,163.10764021871432,166.6579132080078,70618900
2022-04-14 00:00:00-04:00,166.87301451784703,167.50874884154206,161.41555493977322,161.66006469726562,75329400
2022-04-18 00:00:00-04:00,160.32017704396847,162.94132974863555,159.977872292766,161.44493103027344,69023900
2022-04-19 00:00:00-04:00,161.39604679422817,164.1345597736567,160.31042259224273,163.72377014160156,67723800
2022-04-20 00:00:00-04:00,165.05389393478876,165.17126878968486,162.45232094308298,163.5574951171875,67929800
2022-04-21 00:00:00-04:00,165.200581424204,167.7630389892028,162.26646424033356,162.7652587890625,87227800
2022-04-22 00:00:00-04:00,162.8043941791054,164.1834179598548,157.95331370568275,158.2369384765625,84882400
2022-04-25 00:00:00-04:00,157.58165071304833,159.58663379803306,154.9800781201004,159.30300903320312,96046400
2022-04-26 00:00:00-04:00,158.68684707978605,158.77486701882205,153.2782919448604,153.35653686523438,95623200
2022-04-27 00:00:00-04:00,152.48609759207858,156.2808795981602,151.967738002025,153.13160705566406,88063200
2022-04-28 00:00:00-04:00,155.7527344180899,160.9070049099631,155.43975472715812,160.04632568359375,130216800
2022-04-29 00:00:00-04:00,158.2858683064252,162.55012002443183,153.7966717400247,154.18788146972656,131747600
2022-05-02 00:00:00-04:00,153.26850950984627,154.75511815394006,149.9040527150275,154.49105834960938,123055300
2022-05-03 00:00:00-04:00,154.67685229380245,157.1806445145201,152.88705416758032,155.97764587402344,88966500
2022-05-04 00:00:00-04:00,156.16352911233957,162.82397418149506,155.76252942825218,162.37408447265625,108256500
2022-05-05 00:00:00-04:00,160.25172879543595,160.47667363266967,151.5471709663278,153.32720947265625,130525300
2022-05-06 00:00:00-04:00,152.80807823964273,156.16768941381943,151.01563498071906,154.05201721191406,116124600
2022-05-09 00:00:00-04:00,151.7502087551316,152.63174611813972,148.38082388612466,148.93911743164062,131577900
2022-05-10 00:00:00-04:00,152.32816310530018,153.52312542416914,149.7913080506125,151.33888244628906,115366700
2022-05-11 00:00:00-04:00,150.3495886480442,152.25956414663153,142.81741468212965,143.49325561523438,142689800
2022-05-12 00:00:00-04:00,139.83980605277625,143.19940187956024,135.95128476595931,139.6341094970703,182602000
2022-05-13 00:00:00-04:00,141.62242982115953,145.0604001115948,140.17280954058904,144.09071350097656,113990900
2022-05-16 00:00:00-04:00,142.56275232444813,144.49232147743598,141.22085987637433,142.55294799804688,86643800
2022-05-17 00:00:00-04:00,145.80481151470883,146.69613834453236,143.66954586445135,146.17701721191406,78336300
2022-05-18 00:00:00-04:00,143.8360642275501,144.33559163369299,137.02869370903522,137.92982482910156,109742900
2022-05-19 00:00:00-04:00,137.00914057415054,138.75260707730666,133.7964597180681,134.53106689453125,136095600
2022-05-20 00:00:00-04:00,136.2353120090451,137.8122689524701,129.88831177177445,134.76609802246094,137426100
2022-05-23 00:00:00-04:00,134.96201586760006,140.31975175202894,134.82488980062982,140.17283630371094,117726300
2022-05-24 00:00:00-04:00,137.92002455292192,139.05622039365426,134.51145197634384,137.47926330566406,104132700
2022-05-25 00:00:00-04:00,135.5888849437953,138.87992561613757,135.50073567160547,137.63600158691406,92482700
2022-05-26 00:00:00-04:00,134.57023400738558,141.37759058232152,134.3253649583187,140.82908630371094,90601500
2022-05-27 00:00:00-04:00,142.4060433122878,146.6079896103765,142.27870662441157,146.56881713867188,90978500
2022-05-31 00:00:00-04:00,146.01050754614022,147.5678709384086,143.82626511004062,145.78521728515625,103718400
2022-06-01 00:00:00-04:00,146.82346195823692,148.62570934761555,144.649023812494,145.65789794921875,74286600
2022-06-02 00:00:00-04:00,144.79596367082308,148.16536407915592,143.8458705924634,148.10659790039062,72348100
2022-06-03 00:00:00-04:00,143.88503314588232,144.93307974702813,141.49512401563555,142.396240234375,88570300
2022-06-06 00:00:00-04:00,144.01235806018857,145.52075950090375,141.92606935448035,143.140625,71598400
2022-06-07 00:00:00-04:00,141.3873815394989,145.94193944320352,141.1425125135875,145.65789794921875,67808200
2022-06-08 00:00:00-04:00,145.5305491597089,146.79406665216868,144.43354079753493,144.92327880859375,53950200
2022-06-09 00:00:00-04:00,144.06135517233236,144.91349464755012,139.60473566244548,139.7124786376953,69473000
2022-06-10 00:00:00-04:00,137.40092646925825,137.87107088214006,134.24701176433422,134.31558227539062,91437900
2022-06-13 00:00:00-04:00,130.1429810735186,132.4251621177248,128.74233746263164,129.17330932617188,122207100
2022-06-14 00:00:00-04:00,130.3976794412042,131.14207601932122,128.7815346427886,130.03526306152344,84784300
2022-06-15 00:00:00-04:00,131.53386454500733,134.5212702217429,129.4475902081577,132.6504669189453,91533000
2022-06-16 00:00:00-04:00,129.36922461121898,129.67285985675707,126.39160844816745,127.39067840576172,108123900
2022-06-17 00:00:00-04:00,127.40045357119396,130.3486710219844,127.14578023984714,128.85986328125,134520300
2022-06-21 00:00:00-04:00,130.68173726606173,134.24703070343926,130.58379859510612,133.08145141601562,81000500
2022-06-22 00:00:00-04:00,132.02356340545535,134.93260831981635,131.1616346888571,132.57208251953125,73409200
2022-06-23 00:00:00-04:00,134.0119221215175,135.74558399228505,132.84634321517927,135.43215942382812,72433800
2022-06-24 00:00:00-04:00,137.02869134817942,138.99744774415504,136.901369626622,138.75257873535156,89116800
2022-06-27 00:00:00-04:00,139.77122723590202,140.5450216732672,138.07673787975503,138.75257873535156,70207900
2022-06-28 00:00:00-04:00,139.21294709984699,140.47646473111445,134.50166930718802,134.61920166015625,67083400
2022-06-29 00:00:00-04:00,134.63878986432783,137.78289974267364,133.8649953839291,136.37245178222656,66242400
2022-06-30 00:00:00-04:00,134.43306143850023,135.53006961627574,131.02448963925815,133.9139404296875,98964500
2022-07-01 00:00:00-04:00,133.24795771047167,136.1863867964731,132.87576685593524,136.07864379882812,71051600
2022-07-05 00:00:00-04:00,134.94242477245444,138.70360936186282,134.1196535002059,138.65463256835938,73353800
2022-07-06 00:00:00-04:00,138.44897021265854,141.16210859174285,138.1845074474581,139.9867401123047,74064300
2022-07-07 00:00:00-04:00,140.34913434840425,143.5422362397496,140.3393449670909,143.34634399414062,66253700
2022-07-08 00:00:00-04:00,142.27873476282176,144.52174406124357,142.0240762823262,144.02220153808594,64547800
2022-07-11 00:00:00-04:00,142.68031255423233,143.63040577238007,140.82910292265402,141.896728515625,63141600
2022-07-12 00:00:00-04:00,142.76844044820817,145.40323372369386,142.07302074051665,142.86639404296875,77588800
2022-07-13 00:00:00-04:00,140.05527730810053,143.4442558667998,139.20312303306522,142.50396728515625,71185600
2022-07-14 00:00:00-04:00,141.12292146669557,145.8929653987599,140.30995449187216,145.42282104492188,78140700
2022-07-15 00:00:00-04:00,146.7059412883577,147.76377735798872,145.1583671279135,147.0879364013672,76259900
2022-07-18 00:00:00-04:00,147.64621935829007,148.4591862413332,143.6891279021673,144.05154418945312,81420900
2022-07-19 00:00:00-04:00,144.88409097349603,148.1261542059037,143.89482557447934,147.90087890625,82982400
2022-07-20 00:00:00-04:00,148.01842499581136,150.56506886066487,147.2838179131366,149.89901733398438,64823400
2022-07-21 00:00:00-04:00,151.3290755894941,152.37712231601844,148.82161886422966,152.16163635253906,65086600
2022-07-22 00:00:00-04:00,152.20078156045275,153.0725146399616,150.26142318216912,150.92745971679688,66675400
2022-07-25 00:00:00-04:00,150.849124954379,151.85798424989775,149.1546353044719,149.81088256835938,53623900
2022-07-26 00:00:00-04:00,149.13502930916428,149.94799628582763,147.70500253719806,148.48858642578125,55138700
2022-07-27 00:00:00-04:00,149.4484808165071,154.10099277980115,149.0371026048061,153.5720672607422,78620700
2022-07-28 00:00:00-04:00,153.75814339733685,154.4046011657363,151.24089776552904,154.1205596923828,81378700
2022-07-29 00:00:00-04:00,157.93074338059327,160.27169083424704,156.22644946059978,159.17466735839844,101786900
2022-08-01 00:00:00-04:00,157.70546755749734,160.2325181068246,157.58793518866128,158.19520568847656,67829400
2022-08-02 00:00:00-04:00,156.81414688340993,159.07673453265352,156.35379186998745,156.72598266601562,59907000
2022-08-03 00:00:00-04:00,157.53897487053965,163.17096396610395,157.45082558468908,162.7204132080078,82507500
2022-08-04 00:00:00-04:00,162.60281360750764,163.7586031177134,161.0552396557241,162.40692138671875,55474100
2022-08-05 00:00:00-04:00,160.08237587686597,162.67178435198056,159.876393569881,162.18136596679688,56697000
2022-08-08 00:00:00-04:00,163.18178041324063,164.59418751238474,161.0533667864172,161.7105255126953,60276900
2022-08-09 00:00:00-04:00,160.87680514822912,162.6423138220542,160.12155686096395,161.75955200195312,63135500
2022-08-10 00:00:00-04:00,164.46664771263355,166.094839801273,163.70159648377916,165.99676513671875,70170500
2022-08-11 00:00:00-04:00,166.8010905635419,167.71327649760102,164.9669306824805,165.2611846923828,57149200
2022-08-12 00:00:00-04:00,166.56566536252754,168.8706222095757,166.15370085284405,168.80197143554688,68039400
2022-08-15 00:00:00-04:00,168.2330984181666,170.0672580774187,168.06635799154176,169.87109375,54091700
2022-08-16 00:00:00-04:00,169.4689479524639,170.38113378052608,168.37041574061854,169.7141571044922,56377100
2022-08-17 00:00:00-04:00,169.45912928634104,172.77434653771422,169.26296497615442,171.20501708984375,79542000
2022-08-18 00:00:00-04:00,170.42036968678258,171.54832585930868,169.80243780169835,170.8126983642578,62290100
2022-08-19 00:00:00-04:00,169.7141510996703,170.41055165199725,168.02711099609633,168.23309326171875,70346300
2022-08-22 00:00:00-04:00,166.43819485878106,166.6049353146799,163.93705808753546,164.35882568359375,69026800
2022-08-23 00:00:00-04:00,163.87817957003261,165.4769480040651,163.4564120530002,164.02529907226562,54147100
2022-08-24 00:00:00-04:00,164.11362798077442,164.8884825026039,163.0641253734546,164.31959533691406,53841500
2022-08-25 00:00:00-04:00,165.54557613198625,166.87951431310276,165.12382363903936,166.77162170410156,51218200
2022-08-26 00:00:00-04:00,167.3013400580589,167.77213753118554,160.42566451575846,160.48451232910156,78961000
2022-08-29 00:00:00-04:00,158.0618418321346,159.77830620497173,156.7573420791942,158.28744506835938,73314000
2022-08-30 00:00:00-04:00,159.02308781449068,159.44484048815386,154.69759359071182,155.8647918701172,77906200
2022-08-31 00:00:00-04:00,157.23796636960301,157.50279653215944,154.1287150872671,154.20718383789062,87991100
2022-09-01 00:00:00-04:00,153.63825654168207,155.38414463005734,151.70600708998924,154.93296813964844,74229900
2022-09-02 00:00:00-04:00,156.6886409081276,157.2869518100939,152.0002433352291,152.8241424560547,76957800
2022-09-06 00:00:00-04:00,153.4715206737186,154.07963464254792,150.7447958267751,151.56869506835938,73714800
2022-09-07 00:00:00-04:00,151.8530995373935,153.66763790838854,150.6662809011109,152.97125244140625,87449600
2022-09-08 00:00:00-04:00,151.67658920142858,153.36362955067995,149.75414265238146,151.5000457763672,84923800
2022-09-09 00:00:00-04:00,152.49067960307377,154.79565178409123,151.78447599724632,154.35426330566406,68028800
2022-09-12 00:00:00-04:00,156.53170218353472,161.11220709833708,156.24726616785827,160.29811096191406,104956000
2022-09-13 00:00:00-04:00,156.8357585865151,157.46349338077283,150.43089710301157,150.8918914794922,122656600
2022-09-14 00:00:00-04:00,151.82370097735972,154.08944624806267,150.66632089509483,152.333740234375,87965400
2022-09-15 00:00:00-04:00,151.68639505914092,152.2651001071562,148.4790697119515,149.45008850097656,90481100
2022-09-16 00:00:00-04:00,148.312339619677,148.44965617349064,145.52675172371437,147.81210327148438,162278800
2022-09-19 00:00:00-04:00,146.4487439883553,151.59813732109004,146.24277663621996,151.51966857910156,81474200
2022-09-20 00:00:00-04:00,150.46036632402453,155.050690549917,150.14650631554355,153.89329528808594,107689800
2022-09-21 00:00:00-04:00,154.32483969180942,155.69802002410492,150.6565200858437,150.7742156982422,101696800
2022-09-22 00:00:00-04:00,149.4599017279835,151.50984684718208,148.0180705759549,149.81300354003906,86652500
2022-09-23 00:00:00-04:00,148.29268659863374,148.5673196468233,145.71308157487604,147.5472412109375,96029900
2022-09-26 00:00:00-04:00,146.7920383807957,150.82327820825114,146.77241745430226,147.88076782226562,93339400
2022-09-27 00:00:00-04:00,149.81297617549825,151.75502830388234,147.0764338903238,148.85174560546875,84442700
2022-09-28 00:00:00-04:00,144.81072915722658,147.75323924438212,142.06438341593866,146.96856689453125,146691400
2022-09-29 00:00:00-04:00,143.3002421615135,143.9083561021041,137.98409428837317,139.74960327148438,128138200
2022-09-30 00:00:00-04:00,138.5726147256006,140.35774479295515,135.35547138562947,135.5516357421875,124925300
2022-10-03 00:00:00-04:00,135.56140190053722,140.32826727911058,135.05136279522836,139.7201385498047,114311700
2022-10-04 00:00:00-04:00,142.25075989142124,143.41795807791704,141.4955113649154,143.30026245117188,87830100
2022-10-05 00:00:00-04:00,141.3091461524557,144.55571313373582,140.26944671107276,143.594482421875,79471000
2022-10-06 00:00:00-04:00,143.01577382273572,144.7126168501461,142.43708385477177,142.64305114746094,68402200
2022-10-07 00:00:00-04:00,139.80845770678545,140.3577388347644,136.7776758724346,137.40541076660156,85925600
2022-10-10 00:00:00-04:00,137.72909545898438,139.1709266873786,135.91455644051044,137.72909545898438,74899000
2022-10-11 00:00:00-04:00,137.21904887976436,138.64127407342733,135.57125040118655,136.31668090820312,77033700
2022-10-12 00:00:00-04:00,136.46381898254117,137.67024396939837,135.51240615749046,135.68894958496094,70433700
2022-10-13 00:00:00-04:00,132.40313927882985,140.83832513907973,131.79501040391918,140.2498321533203,113224000
2022-10-14 00:00:00-04:00,141.5445499741852,141.75053227831364,135.5418338120233,135.7281951904297,88598000
2022-10-17 00:00:00-04:00,138.36663643162046,140.16155437004147,137.5819641011487,139.6809539794922,85250900
2022-10-18 00:00:00-04:00,142.7019309504816,143.88873492707052,137.91544326382163,140.99526977539062,99136600
2022-10-19 00:00:00-04:00,138.974750883936,142.1722730567363,138.78838952105372,141.10316467285156,61758300
2022-10-20 00:00:00-04:00,140.27927658716155,143.0942732786787,139.91635681145763,140.64218139648438,64522000
2022-10-21 00:00:00-04:00,140.13216919078735,145.01674794041006,139.91638386611885,144.44786071777344,86548600
2022-10-24 00:00:00-04:00,144.36934369172494,147.35108041478094,143.20214572577777,146.58602905273438,75981900
2022-10-25 00:00:00-04:00,147.21377179556336,149.56778877679034,146.4977652190575,149.420654296875,74732300
2022-10-26 00:00:00-04:00,148.06712385627637,149.07738452163943,145.20306734701933,146.48797607421875,88194300
2022-10-27 00:00:00-04:00,145.23251764978033,146.19373355952823,141.36801811707775,142.02517700195312,109180200
2022-10-28 00:00:00-04:00,145.35999154749908,154.48177557471033,144.98728378991743,152.75550842285156,164762400
2022-10-31 00:00:00-04:00,150.22494584357278,151.28425122815005,149.00870300208484,150.4014892578125,97943200
2022-11-01 00:00:00-04:00,152.10817643552318,152.47108127109797,146.27220032701106,147.7630615234375,80379300
2022-11-02 00:00:00-04:00,146.0956414814595,149.2539372421044,142.22133903213634,142.25076293945312,93604600
2022-11-03 00:00:00-04:00,139.33766635298934,140.0634909361085,136.09109910411752,136.21861267089844,97918500
2022-11-04 00:00:00-04:00,139.59828641105477,140.1681172493776,132.0234984378513,135.95335388183594,140814800
2022-11-07 00:00:00-05:00,134.70561435237354,136.70983394000362,133.29086405936027,136.48387145996094,83374600
2022-11-08 00:00:00-05:00,137.94772594743225,138.94982808586678,135.07893386231837,137.05368041992188,89908500
2022-11-09 00:00:00-05:00,136.07121539704306,136.12034157773797,132.22977893126608,132.50486755371094,74917800
2022-11-10 00:00:00-05:00,138.7632027049217,144.29446411132812,137.05371017047622,144.29446411132812,118854000
2022-11-11 00:00:00-05:00,143.26286485614494,147.37937519314977,141.83828048896822,147.07481384277344,93979700
2022-11-14 00:00:00-05:00,146.3576050476643,147.644629976999,144.84460269456784,145.67970275878906,73374100
2022-11-15 00:00:00-05:00,149.55065357357725,150.8966242970365,145.95483216140596,147.40887451171875,89868300
2022-11-16 00:00:00-05:00,146.51481993344615,147.24183349471545,144.70707528826344,146.18077087402344,64218300
2022-11-17 00:00:00-05:00,143.86218666008645,148.82363252503697,143.58709795786277,148.07696533203125,80389400
2022-11-18 00:00:00-05:00,149.63904958366277,150.02220984195606,147.34008803390304,148.63693237304688,74829600
2022-11-21 00:00:00-05:00,147.52676535819396,147.73307435769456,145.12955132737417,145.41445922851562,58724100
2022-11-22 00:00:00-05:00,145.5323481888436,147.7821833963105,144.353379792247,147.54638671875,51804100
2022-11-23 00:00:00-05:00,146.82920540527334,149.16747394284351,146.72113379241404,148.42080688476562,58301400
2022-11-25 00:00:00-05:00,145.70916976960694,146.26918120067512,144.5400357218998,145.51268005371094,35195900
2022-11-28 00:00:00-05:00,142.5947981424062,144.06849387144769,140.8656672171658,141.69093322753906,69246000
2022-11-29 00:00:00-05:00,141.75966328460675,142.27054854346483,137.88876937413374,138.6943817138672,83763800
2022-11-30 00:00:00-05:00,138.9203437218135,146.11198429763354,138.08525867650403,145.43408203125,111380900
2022-12-01 00:00:00-05:00,145.61093011966628,146.51479479155137,144.03898243478534,145.70916748046875,71250400
2022-12-02 00:00:00-05:00,143.40039263183445,145.4046117654443,143.09581632538948,145.2179412841797,65447400
2022-12-05 00:00:00-05:00,145.17867816271277,148.27343309869434,143.21375058654476,144.0586700439453,68826400
2022-12-06 00:00:00-05:00,144.49095300364328,144.71691547188212,139.43125562304482,140.40390014648438,64727200
2022-12-07 00:00:00-05:00,139.69652452502783,140.85582456681212,137.54492649061714,138.46844482421875,69721100
2022-12-08 00:00:00-05:00,139.86352962985669,141.00319109284194,138.62563079391435,140.1484375,62128300
2022-12-09 00:00:00-05:00,139.8439200617972,143.01728952780834,138.42916952445157,139.66708374023438,76097000
2022-12-12 00:00:00-05:00,140.19757351667832,141.96601125722427,138.58633357333804,141.95619201660156,70462700
2022-12-13 00:00:00-05:00,146.87833415604433,147.34009332894186,141.71058010364294,142.91900634765625,93886200
2022-12-14 00:00:00-05:00,142.80109523487565,144.0881201971517,138.6845702087708,140.69862365722656,82291200
2022-12-15 00:00:00-05:00,138.63548245096763,139.31338494507114,133.64456400681874,134.1063232421875,98931900
2022-12-16 00:00:00-05:00,134.29299371012456,135.23615066480997,131.3848939522239,132.15121459960938,160156900
2022-12-19 00:00:00-05:00,132.74069295008061,132.82911109974094,129.01716151047765,130.04873657226562,79592600
2022-12-20 00:00:00-05:00,129.08591954394805,130.91330283228723,127.6122238272619,129.97996520996094,77432800
2022-12-21 00:00:00-05:00,130.64800547841642,134.4108428696223,130.42204304769788,133.07469177246094,85928000
2022-12-22 00:00:00-05:00,131.9939809440485,132.20028988979308,128.01500065859045,129.91114807128906,77852100
2022-12-23 00:00:00-05:00,128.62415014924704,130.0978457490201,127.3665977700706,129.54766845703125,63814900
2022-12-27 00:00:00-05:00,129.07611099897005,129.1055837164495,126.4627534469259,127.7497787475586,69007800
2022-12-28 00:00:00-05:00,127.39608344761355,128.73223486036684,123.66272537894751,123.82974243164062,85438400
2022-12-29 00:00:00-05:00,125.74555630862793,128.19188939568883,125.49012108364987,127.33715057373047,75703700
2022-12-30 00:00:00-05:00,126.1581629090278,127.67115035805845,125.19534521858718,127.65149688720703,77034200
2023-01-03 00:00:00-05:00,127.99535878679536,128.60448143197522,121.99250548899685,122.87672424316406,112117500
2023-01-04 00:00:00-05:00,124.66482384759799,126.40378887161263,122.88656686996354,124.14411926269531,89113600
2023-01-05 00:00:00-05:00,124.90061292758642,125.52938912334946,122.57217865426507,122.8276138305664,80962700
2023-01-06 00:00:00-05:00,123.80028171885589,128.00521863758777,122.69991942060877,127.34696960449219,87754700
2023-01-09 00:00:00-05:00,128.1820714377982,131.07051781969213,127.61224055371211,127.86767578125,70790800
2023-01-10 00:00:00-05:00,127.97572556898378,128.95818934117645,125.87325369613974,128.43748474121094,63896200
2023-01-11 00:00:00-05:00,128.94835439070522,131.1687168485226,128.17221470136022,131.14907836914062,69458900
2023-01-12 00:00:00-05:00,131.5322547782573,131.90558081812333,129.13504077259947,131.07049560546875,71379600
2023-01-13 00:00:00-05:00,129.71468306570503,132.55400260182785,129.35117628841525,132.3968048095703,57809700
2023-01-17 00:00:00-05:00,132.46557135226192,134.88242345634274,131.77784981822288,133.5561065673828,63646600
2023-01-18 00:00:00-05:00,134.4207263168224,136.17933021057922,132.66210743185522,132.83895874023438,69672800
2023-01-19 00:00:00-05:00,131.72873868777404,133.86068318245066,131.4241773301355,132.8978729248047,58280400
2023-01-20 00:00:00-05:00,132.9076780568954,135.59963378756996,131.8662690124696,135.45225524902344,80223600
2023-01-23 00:00:00-05:00,135.6979103035641,140.80673462294286,135.48176704430378,138.63548278808594,81760300
2023-01-24 00:00:00-05:00,137.84946249034775,140.64948968940584,137.83964325138285,140.03053283691406,66435100
2023-01-25 00:00:00-05:00,138.41930821894437,139.93229570032543,136.37578195167205,139.37229919433594,65799300
2023-01-26 00:00:00-05:00,140.65933109437518,141.72039372676826,139.41159795380088,141.43548583984375,54105100
2023-01-27 00:00:00-05:00,140.64948220797868,144.64810096985272,140.57088332682684,143.3708953857422,70555800
2023-01-30 00:00:00-05:00,142.41796049282078,142.99761054282715,140.34496125408572,140.49232482910156,64015300
2023-01-31 00:00:00-05:00,140.19757555057984,141.80881551729502,139.78494257033407,141.7596893310547,65874500
2023-02-01 00:00:00-05:00,141.44529588395375,144.0389993752098,138.8417731528238,142.8796844482422,77663600
2023-02-02 00:00:00-05:00,146.28885767804982,148.52887400177488,145.57166328269082,148.17520141601562,118339000
2023-02-03 00:00:00-05:00,145.43409313083382,154.6201342687517,145.23760339877686,151.79063415527344,154357300
2023-02-06 00:00:00-05:00,149.89452545981646,150.41523013113607,148.13590667152536,149.06924438476562,69858300
2023-02-07 00:00:00-05:00,147.9983592694092,152.5078649107581,147.9983592694092,151.9380340576172,83322600
2023-02-08 00:00:00-05:00,151.18150996746658,151.86923151834947,148.5190269025848,149.25587463378906,64120100
2023-02-09 00:00:00-05:00,151.08326181502397,151.62361983119905,147.78218328763404,148.2242889404297,56007100
2023-02-10 00:00:00-05:00,147.0632318137508,148.9130734935689,146.8270751036462,148.58836364746094,57450700
2023-02-13 00:00:00-05:00,148.52933886882354,151.78625678187208,148.49982115470684,151.38284301757812,62199000
2023-02-14 00:00:00-05:00,149.68052742445408,151.3040762579013,148.44073878135146,150.7432098388672,61707600
2023-02-15 00:00:00-05:00,150.6547403941553,153.00641393706124,150.4284328604473,152.83914184570312,65573800
2023-02-16 00:00:00-05:00,151.04829713189807,153.82308261470098,150.890874314185,151.24510192871094,68167900
2023-02-17 00:00:00-05:00,149.90690894964015,150.5464794908576,148.4309630722788,150.10369873046875,59144100
2023-02-21 00:00:00-05:00,147.79135689260553,148.87372305726493,146.03006833094608,146.09893798828125,58867200
2023-02-22 00:00:00-05:00,146.48271250078488,147.54539539799444,144.80014250744384,146.52207946777344,51011300
2023-02-23 00:00:00-05:00,147.68314896878456,147.92913996180903,144.87886065676489,147.00421142578125,48394200
2023-02-24 00:00:00-05:00,144.75092512234477,144.8296440334222,143.38321594733068,144.3573455810547,55469600
2023-02-27 00:00:00-05:00,145.34128862301924,146.77786725557394,145.0854484451516,145.54791259765625,44998500
2023-02-28 00:00:00-05:00,144.6918692589824,146.689314426437,144.47539603761436,145.0460968017578,50547000
2023-03-01 00:00:00-05:00,144.4754113339038,144.86899086128216,142.68458995191014,142.9797821044922,55479000
2023-03-02 00:00:00-05:00,142.0647267151534,144.3573646302391,141.59241318636302,143.5701904296875,52238100
2023-03-03 00:00:00-05:00,145.66597544130724,148.68675112203792,144.96736964186593,148.6080322265625,70732300
2023-03-06 00:00:00-05:00,151.32379221822697,153.79355106354063,150.99909736370918,151.3631591796875,87558000
2023-03-07 00:00:00-05:00,151.2352606611938,151.55997057615258,148.70648104096165,149.1689453125,56182000
2023-03-08 00:00:00-05:00,150.35949790258118,151.00891757952724,149.39521763366128,150.4185333251953,47204800
2023-03-09 00:00:00-05:00,151.09749920529256,152.06177965604292,147.82089750549494,148.1751251220703,53833600
2023-03-10 00:00:00-05:00,147.80122193638456,148.5195113692859,145.24290982690115,146.11863708496094,68572400
2023-03-13 00:00:00-04:00,145.43967499711258,150.68420342446277,145.33143838738883,148.05702209472656,84457100
2023-03-14 00:00:00-04:00,148.85404568502526,150.94004418166887,147.6929755826584,150.14303588867188,73695900
2023-03-15 00:00:00-04:00,148.76549840164833,150.79246155107444,147.51586009545082,150.53663635253906,77167900
2023-03-16 00:00:00-04:00,149.71992520737962,153.95097226183628,149.20825986230471,153.3507537841797,76161100
2023-03-17 00:00:00-04:00,153.5770871091514,154.2265068856699,151.80594908869074,152.514404296875,98944600
2023-03-20 00:00:00-04:00,152.5832927983786,155.28919358755078,151.6780327765039,154.87591552734375,73641400
2023-03-21 00:00:00-04:00,154.79720820376127,156.84383990664745,154.02970254755692,156.72576904296875,73938300
2023-03-22 00:00:00-04:00,156.74542384346483,159.53987720924363,155.27931249330243,155.2989959716797,75701800
2023-03-23 00:00:00-04:00,156.28297554136526,158.9593583364734,155.15140813839363,156.38136291503906,67622100
2023-03-24 00:00:00-04:00,156.31249715364865,157.76875944157217,155.31869907440637,157.68020629882812,59196500
2023-03-27 00:00:00-04:00,157.37518971960662,158.19188156427322,155.33837722493854,155.74180603027344,52390300
2023-03-28 00:00:00-04:00,155.4367475403247,155.9484128704115,153.4786543640599,155.1218719482422,45992200
2023-03-29 00:00:00-04:00,156.8143056879684,158.46737267599337,156.7946372221569,158.19186401367188,51305700
2023-03-30 00:00:00-04:00,158.9396863414281,159.8646148025582,158.68386113447403,159.75637817382812,49501700
2023-03-31 00:00:00-04:00,159.83510289651463,162.35404815041076,159.31360321570477,162.25564575195312,68749800
2023-04-03 00:00:00-04:00,161.6357239671043,163.6233198649464,161.586522778444,163.5052490234375,56976200
2023-04-04 00:00:00-04:00,163.92838412805693,164.16452584406122,162.4622725801105,162.97393798828125,46278300
2023-04-05 00:00:00-04:00,162.0982064947886,162.40323287933546,159.20535043705326,161.1339111328125,51511700
2023-04-06 00:00:00-04:00,159.8252203026454,162.31466233453045,159.40212310856722,162.01947021484375,45390100
2023-04-10 00:00:00-04:00,158.8314221542027,159.431640625,157.5129143705151,159.431640625,47716900
2023-04-11 00:00:00-04:00,159.7465367378167,159.75637097122245,157.93603184667685,158.2213897705078,47644200
2023-04-12 00:00:00-04:00,158.6346426672523,159.4611686435216,157.21773241416443,157.53260803222656,50133100
2023-04-13 00:00:00-04:00,159.03805912639,163.14118599216286,158.8314201412513,162.905029296875,68445600
2023-04-14 00:00:00-04:00,161.95058596716467,163.6528540223282,161.19294470872245,162.56065368652344,49386500
2023-04-17 00:00:00-04:00,162.44259843625022,162.73779061232008,161.39959909302152,162.58035278320312,41516200
2023-04-18 00:00:00-04:00,163.43639900098648,164.7253892225956,162.99360326395418,163.8004608154297,49923000
2023-04-19 00:00:00-04:00,163.1412083770297,165.46336364998885,162.8853681685066,164.94186401367188,47720200
2023-04-20 00:00:00-04:00,163.4265370188754,165.17799130758831,162.9050374280842,163.97755432128906,52456400
2023-04-21 00:00:00-04:00,162.4032359760057,163.78077935638615,161.85221862385353,162.37371826171875,58337300
2023-04-24 00:00:00-04:00,162.35406204687058,162.94444645995347,161.26186139253676,162.67877197265625,41949600
2023-04-25 00:00:00-04:00,162.54099521393778,163.6430299514636,161.10440134757968,161.14376831054688,48714100
2023-04-26 00:00:00-04:00,160.44513945575562,162.6295403559192,160.1893142654478,161.1339111328125,45498800
2023-04-27 00:00:00-04:00,162.5409858833323,165.85693915334915,162.5409858833323,165.7093505859375,64902300
2023-04-28 00:00:00-04:00,165.7880496631181,167.12624089927414,165.18783120394306,166.95895385742188,55275900
2023-05-01 00:00:00-04:00,166.56539597816914,167.71663185783257,165.9356597273935,166.87042236328125,52472900
2023-05-02 00:00:00-04:00,167.36238122666072,167.61822139630092,164.85327080237903,165.8372344970703,48425700
2023-05-03 00:00:00-04:00,166.78186884038578,168.17909567440717,164.47939708632646,164.76473999023438,65136000
2023-05-04 00:00:00-04:00,162.24581661627295,164.36133312270948,161.6751157183002,163.13137817382812,81235400
2023-05-05 00:00:00-04:00,168.23812815446027,171.504895212846,168.02165491497223,170.78660583496094,113453200
2023-05-08 00:00:00-04:00,169.71408033203093,171.06212101363838,169.35001851271124,170.7177276611328,55962800
2023-05-09 00:00:00-04:00,170.27496029429,170.75709300871614,168.8482156052712,169.01548767089844,45326900
2023-05-10 00:00:00-04:00,170.24543004162442,171.23922812803062,169.14338031673282,170.77676391601562,53724500
2023-05-11 00:00:00-04:00,171.06213225532295,171.7902559418124,169.40906507439723,170.96372985839844,49514700
2023-05-12 00:00:00-04:00,171.07208510437357,171.50563041723674,168.49053896760506,170.03750610351562,45533100
2023-05-15 00:00:00-04:00,170.61886136031444,170.66813061172948,168.95365989259247,169.54486083984375,37266700
2023-05-16 00:00:00-04:00,169.4660330445526,170.5991506527755,169.2788189100942,169.54486083984375,42110300
2023-05-17 00:00:00-04:00,169.19011716888295,170.39219951568867,167.91903983890595,170.15573120117188,57951600
2023-05-18 00:00:00-04:00,170.46119076780954,172.6683237371227,170.04735615510018,172.48110961914062,65496700
2023-05-19 00:00:00-04:00,173.80143807257875,173.80143807257875,172.3727201425523,172.58949279785156,55809500
2023-05-22 00:00:00-04:00,171.42681253611994,172.14611049896482,170.90459157041087,171.64358520507812,43570900
2023-05-23 00:00:00-04:00,170.58932589998525,170.83565715552854,168.76646859501835,169.0423583984375,50747300
2023-05-24 00:00:00-04:00,168.57924358561866,169.8897275849513,168.01761617725649,169.3182373046875,45143500
2023-05-25 00:00:00-04:00,169.8798799582863,171.34800452634042,169.17044478431242,170.4513702392578,56058300
2023-05-26 00:00:00-04:00,170.77650880236848,173.19055165787438,170.56958397024448,172.85552978515625,54835000
2023-05-30 00:00:00-04:00,174.36311323589106,176.36332172139132,173.9788370991414,174.6981201171875,55964400
2023-05-31 00:00:00-04:00,174.72766202276017,176.71802248155805,174.16601962684186,174.64883422851562,99625300
2023-06-01 00:00:00-04:00,175.0922027756249,177.47668683522244,174.33349851829678,177.44712829589844,68901800
2023-06-02 00:00:00-04:00,178.37335293714096,179.11234656032465,176.62932377666553,178.29452514648438,61996900
2023-06-05 00:00:00-04:00,179.9498694414483,182.23581511366768,175.42721727327233,176.9446258544922,121946500
2023-06-06 00:00:00-04:00,177.32891962025158,177.476712338109,174.8261860088602,176.580078125,64848400
2023-06-07 00:00:00-04:00,175.82136104700194,178.5507149734009,174.71780207381394,175.21046447753906,61944600
2023-06-08 00:00:00-04:00,175.28927455408018,178.18613184931536,174.85574427470908,177.92010498046875,50214900
2023-06-09 00:00:00-04:00,178.83643579626113,179.55571862854532,177.97920810525306,178.3043670654297,48900000
2023-06-12 00:00:00-04:00,178.60982685528654,181.19137296447727,178.31422641468646,181.09283447265625,54274900
2023-06-13 00:00:00-04:00,180.11734763302488,181.44752687931387,179.76263016037564,180.61985778808594,54929100
2023-06-14 00:00:00-04:00,180.67899811094975,181.68403358526143,179.34881869349235,181.25048828125,57462900
2023-06-15 00:00:00-04:00,181.26035439367692,183.78278344228747,181.08298811392547,183.28025817871094,65433200
2023-06-16 00:00:00-04:00,183.98973468852344,184.24592881313302,181.56584358633398,182.206298828125,101256200
2023-06-20 00:00:00-04:00,181.7037512704965,183.36895259993452,181.7037512704965,182.29493713378906,49799100
2023-06-21 00:00:00-04:00,182.1865534203878,182.68907870149724,179.91045548906328,181.26036071777344,49515700
2023-06-22 00:00:00-04:00,181.04356888160584,184.304991288712,180.97458893469445,184.25572204589844,51245300
2023-06-23 00:00:00-04:00,182.8270228675936,184.8075203379306,182.29493904669715,183.9404296875,53117000
2023-06-26 00:00:00-04:00,184.08825189117624,185.29034946556595,182.51172604562308,182.5511474609375,48088700
2023-06-27 00:00:00-04:00,183.1620179856705,185.6253298715582,182.94524533692336,185.3001708984375,50730800
2023-06-28 00:00:00-04:00,185.17209649255778,187.11318769857849,184.84695251457532,186.4727325439453,51216800
2023-06-29 00:00:00-04:00,186.30522898461155,187.2807060224463,186.16728410364277,186.8077392578125,46347300
2023-06-30 00:00:00-04:00,188.8178174385461,191.6259844129726,188.4532369978983,191.12347412109375,85213200
2023-07-03 00:00:00-04:00,190.9362564156046,191.03479491877454,188.94589592351636,189.63563537597656,31458200
2023-07-05 00:00:00-04:00,188.75866963191964,190.14796610334872,187.82259909124357,188.52218627929688,46920300
2023-07-06 00:00:00-04:00,187.05405664400223,189.20207252866174,186.42344937265386,188.99514770507812,45094300
2023-07-07 00:00:00-04:00,188.60102706839623,189.84253092683244,187.4481988352347,187.88172912597656,46815000
2023-07-10 00:00:00-04:00,186.48255712554894,187.2018550195119,184.2951349736181,185.84210205078125,59922200
2023-07-11 00:00:00-04:00,186.3840531601648,186.52199803845542,183.86162393721375,185.3199005126953,46638100
2023-07-12 00:00:00-04:00,186.89637100117503,188.88673098908967,185.70413660309026,186.9850616455078,60750200
2023-07-13 00:00:00-04:00,187.70439854991048,188.38427515496102,186.994963399846,187.74380493164062,41342300
2023-07-14 00:00:00-04:00,187.4383607296714,188.37441642370476,186.847174781534,187.89161682128906,41616200
2023-07-17 00:00:00-04:00,189.08381775872684,191.46831693797242,188.9951421376018,191.14315795898438,50520200
2023-07-18 00:00:00-04:00,190.51254970289233,191.4781637647375,189.5961898515042,190.886962890625,48288200
2023-07-19 00:00:00-04:00,190.26625801592914,195.320964896157,189.822849750849,192.23690795898438,80507300
2023-07-20 00:00:00-04:00,192.22703531122195,193.5867885139367,189.67504737311495,190.29580688476562,59581200
2023-07-21 00:00:00-04:00,191.25153499324207,192.10876269219432,188.42364281090323,189.12322998046875,71951700
2023-07-24 00:00:00-04:00,190.57168949200457,192.04967681854123,189.42870901778204,189.92137145996094,45377800
2023-07-25 00:00:00-04:00,190.49285737606127,191.58656857428397,190.08887057427083,190.77859497070312,37283200
2023-07-26 00:00:00-04:00,190.82785426220883,192.7689453418544,190.48299959942145,191.6456756591797,47471900
2023-07-27 00:00:00-04:00,193.14338839624878,194.30606454519102,189.72430983845956,190.3844757080078,47460200
2023-07-28 00:00:00-04:00,191.81319626670884,193.74443968391378,191.2909752730755,192.9561767578125,48291400
2023-07-31 00:00:00-04:00,193.1827862905988,193.60648379116893,192.39452340931743,193.5670623779297,38824100
2023-08-01 00:00:00-04:00,193.36012399442592,193.8429234737508,192.4142056697584,192.73936462402344,35175100
2023-08-02 00:00:00-04:00,192.17775117305615,192.31569604997566,189.03457754647138,189.7538604736328,50389300
2023-08-03 00:00:00-04:00,188.75868668614032,189.54693452970886,187.8915960163783,188.3645477294922,61235200
2023-08-04 00:00:00-04:00,182.79747042079737,184.6301752435833,179.25029494609427,179.31927490234375,115956800
2023-08-07 00:00:00-04:00,179.4572213905704,180.44254624962392,174.74736976708382,176.22535705566406,97576100
2023-08-08 00:00:00-04:00,177.05306688635184,177.62455723969757,174.97403035611063,177.1614532470703,67823000
2023-08-09 00:00:00-04:00,178.21565972070235,178.27477679249466,174.41230607517141,175.5749969482422,60378500
2023-08-10 00:00:00-04:00,176.84608080013524,178.0974474344709,174.99368050557445,175.35824584960938,54686900
2023-08-11 00:00:00-04:00,174.95376621930987,176.2364063672045,174.19403724396824,175.41748046875,52036700
2023-08-14 00:00:00-04:00,175.5950938382517,177.29214263119252,174.94389754569244,177.06521606445312,43675600
2023-08-15 00:00:00-04:00,176.49291042563854,177.08489459113486,174.68732936330193,175.0819854736328,43622600
2023-08-16 00:00:00-04:00,174.7662850202376,176.15745776554937,174.14468726786023,174.21376037597656,46964900
2023-08-17 00:00:00-04:00,174.7761369036864,175.1411945839284,171.1649745274817,171.67803955078125,66062900
2023-08-18 00:00:00-04:00,170.0007364455324,172.76337470680727,169.6652772069575,172.16151428222656,61172200
2023-08-21 00:00:00-04:00,172.7337706675176,173.77962299820936,171.42151715942626,173.4934844970703,46311900
2023-08-22 00:00:00-04:00,174.69721483499137,175.30893640777694,173.89802631437342,174.8649444580078,42038900
2023-08-23 00:00:00-04:00,176.1377232252428,179.12728783194132,175.9502562936072,178.70301818847656,52722800
2023-08-24 00:00:00-04:00,178.25903609639087,178.68330576322634,173.66121814414575,174.0262908935547,54945800
2023-08-25 00:00:00-04:00,175.0129196769248,176.75928869570708,173.47373983758078,176.22650146484375,51449600
2023-08-28 00:00:00-04:00,177.68674410027091,178.1800717356574,176.16730160755293,177.78541564941406,43820700
2023-08-29 00:00:00-04:00,177.30194937146643,182.4325537749521,177.1046213280948,181.6629638671875,53003900
2023-08-30 00:00:00-04:00,182.47204640358012,185.34321714142652,182.27471834075723,185.1458740234375,60813900
2023-08-31 00:00:00-04:00,185.33334709899387,186.59626480914432,184.97815055206615,185.36294555664062,60794500
2023-09-01 00:00:00-04:00,186.96134589549212,187.38560051082152,185.76748618147488,186.93174743652344,45766500
2023-09-05 00:00:00-04:00,185.76743897803604,187.44474979911595,185.1063818037642,187.16848754882812,45280000
2023-09-06 00:00:00-04:00,185.88587535630464,186.32988234003622,179.04836051297525,180.46914672851562,81755800
2023-09-07 00:00:00-04:00,172.84229174782251,175.8318715643951,171.22417743783686,175.19053649902344,112488800
2023-09-08 00:00:00-04:00,175.96999075471308,177.8347687964352,175.417451102765,175.80224609375,65551300
2023-09-11 00:00:00-04:00,177.6670082534011,177.89393473288615,174.9734287303741,176.9664764404297,58953100
2023-09-12 00:00:00-04:00,177.09477490699047,177.72623373133553,172.487096210491,173.9473419189453,90370200
2023-09-13 00:00:00-04:00,174.15451849429098,174.93398459835862,171.6582818339781,171.88522338867188,84267900
2023-09-14 00:00:00-04:00,171.6780505009118,173.75003299454158,171.2636570132194,173.39483642578125,60895800
2023-09-15 00:00:00-04:00,174.1249606133089,174.1446979390041,171.50046839224674,172.67457580566406,109259500
2023-09-18 00:00:00-04:00,174.12494029407293,176.98624997924455,173.8190795297471,175.59506225585938,67257600
2023-09-19 00:00:00-04:00,175.1510856525732,177.23292932503867,174.76629061620125,176.68040466308594,51826900
2023-09-20 00:00:00-04:00,176.86782730089922,177.30195805066697,173.0593371622532,173.1481475830078,58436200
2023-09-21 00:00:00-04:00,172.22069958579337,173.94734650075085,171.53990496478352,171.6089630126953,63149100
2023-09-22 00:00:00-04:00,172.33907993619778,174.71692282922322,171.72735846610487,172.4574737548828,56725400
2023-09-25 00:00:00-04:00,171.8753837600089,174.60842368932387,171.82604797435675,173.7303009033203,46172700
2023-09-26 00:00:00-04:00,172.48711848209095,172.86203732750283,169.36928354767613,169.665283203125,64588900
2023-09-27 00:00:00-04:00,170.31643241476104,170.730825832551,166.79408083596385,168.15565490722656,66921800
2023-09-28 00:00:00-04:00,167.08024048447163,169.7343462157436,165.38319180250966,168.4122314453125,56294400
2023-09-29 00:00:00-04:00,169.72442018244283,170.76041108305415,168.0668317304322,168.92523193359375,51861100
2023-10-02 00:00:00-04:00,168.93514418826848,171.97404472395215,168.64900568223578,171.43138122558594,52164500
2023-10-03 00:00:00-04:00,169.96126458937815,171.31299281082715,168.54049336939298,170.09939575195312,49594600
2023-10-04 00:00:00-04:00,168.80686354725646,171.88523853747708,168.68846972057472,171.3425750732422,53020300
2023-10-05 00:00:00-04:00,171.47083294671847,173.10868450108188,170.3756448658088,172.57589721679688,48527900
2023-10-06 00:00:00-04:00,171.48069938400815,175.61478762599208,170.86896284182788,175.1214599609375,57266700
2023-10-09 00:00:00-04:00,174.45053908507856,176.66065260372454,173.45402254968238,176.60145568847656,42390800
2023-10-10 00:00:00-04:00,175.72333700059065,177.32171396949087,175.57532965392068,176.00946044921875,43698000
2023-10-11 00:00:00-04:00,175.82202555413159,177.45001633320717,175.23004122506114,177.4006805419922,47551100
2023-10-12 00:00:00-04:00,177.6670488234186,179.90674578858014,176.6507798893927,178.2985076904297,56743100
2023-10-13 00:00:00-04:00,178.99902980590412,179.5022186651883,175.76280113660414,176.4633331298828,51427100
2023-10-16 00:00:00-04:00,174.3913552582801,176.6902643223361,174.15455252434904,176.33506774902344,52517000
2023-10-17 00:00:00-04:00,174.2926830064713,176.03906740635364,172.46737941742194,174.7860107421875,57549400
2023-10-18 00:00:00-04:00,173.23695950912395,175.21027033840411,172.77323025982977,173.4934844970703,54764400
2023-10-19 00:00:00-04:00,173.69082297603654,175.466805839834,172.85217485644313,173.1185760498047,59302900
2023-10-20 00:00:00-04:00,172.97054807703984,173.07908076842247,170.33618008275127,170.57298278808594,64244000
2023-10-23 00:00:00-04:00,168.62928473640696,171.68790756499885,167.6623515662161,170.69139099121094,55980100
2023-10-24 00:00:00-04:00,170.74070856198063,171.35243005141567,169.1620540054936,171.12550354003906,43816600
2023-10-25 00:00:00-04:00,169.58633193718455,170.75057806188605,168.3727349771656,168.81674194335938,57157000
2023-10-26 00:00:00-04:00,168.0964590692853,169.09299056011605,163.45918215856796,164.66290283203125,70625300
2023-10-27 00:00:00-04:00,164.6826577744484,166.70530437202822,164.60372353518264,165.9751739501953,58499100
2023-10-30 00:00:00-04:00,166.76449089816728,168.8857938712959,166.61648356307745,168.0175323486328,51131000
2023-10-31 00:00:00-04:00,167.09010101577766,168.61940486913602,165.65943861592592,168.49114990234375,44846000
2023-11-01 00:00:00-04:00,168.71806981976965,171.90496247869652,167.849808268541,171.6484375,56934900
2023-11-02 00:00:00-04:00,173.17776232760195,175.40759814141026,173.118565411641,175.20040893554688,77334800
2023-11-03 00:00:00-04:00,171.91486569633807,174.46043878115682,171.03674287311975,174.29269409179688,79829200
2023-11-06 00:00:00-05:00,174.02628274488598,177.0355696443862,173.85855313497558,176.83824157714844,63841300
2023-11-07 00:00:00-05:00,176.7889073081916,180.00541354681909,176.58171810512866,179.39369201660156,70530000
2023-11-08 00:00:00-05:00,179.91661457451394,181.00192645947115,179.16674685036813,180.44940185546875,49340300
2023-11-09 00:00:00-05:00,180.51847829944086,181.6629871195562,179.3838155582821,179.97581481933594,53763500
2023-11-10 00:00:00-05:00,181.75412225306079,184.32281184408907,181.3194195461175,184.15484619140625,66133400
2023-11-13 00:00:00-05:00,183.58184574005094,183.78930789371245,181.99123723697815,182.57412719726562,43627500
2023-11-14 00:00:00-05:00,185.43920547847273,185.8442707665973,184.05607409829287,185.18234252929688,60108400
2023-11-15 00:00:00-05:00,185.5873915048758,187.21751156501972,185.5182274044454,185.74545288085938,53790500
2023-11-16 00:00:00-05:00,187.28668991537342,188.65994715340477,186.37775779056014,187.4250030517578,54412900
2023-11-17 00:00:00-05:00,187.9584954748911,188.08693448765234,186.29873780998344,187.40524291992188,50922700
2023-11-20 00:00:00-05:00,187.6028350817968,189.59850904887813,187.592960955599,189.14404296875,46505100
2023-11-21 00:00:00-05:00,189.1045562110786,189.21323191352622,187.4546724193767,188.3438262939453,38134500
2023-11-22 00:00:00-05:00,189.18356183514956,190.60620477415247,188.53150773289747,189.00572204589844,39617700
2023-11-24 00:00:00-05:00,188.57100791556658,188.60064536615056,186.970525284031,187.68185424804688,24048300
2023-11-27 00:00:00-05:00,187.6324520630897,188.37341847212542,186.62473352580105,187.50401306152344,40552600
2023-11-28 00:00:00-05:00,187.49413155220094,188.77847629228074,187.1187037624085,188.10665893554688,38415400
2023-11-29 00:00:00-05:00,188.60063575450744,189.77630481775705,186.69388951411068,187.0890655517578,43014200
2023-11-30 00:00:00-05:00,187.55341843722022,188.02764780463457,185.92329832735996,187.66209411621094,48794400
2023-12-01 00:00:00-05:00,188.0375263099119,189.25270705783993,186.95076949469112,188.9365692138672,45704800
2023-12-04 00:00:00-05:00,187.69173962433385,187.76090372984268,185.1922139752508,187.1483612060547,43389500
2023-12-05 00:00:00-05:00,187.9189436108549,192.05846275973386,187.8892910892655,191.09027099609375,66628400
2023-12-06 00:00:00-05:00,192.1078588115612,192.41412246881444,189.79604758423204,190.00352478027344,41089700
2023-12-07 00:00:00-05:00,191.29779342674496,192.65128739108172,191.25826677194576,191.93008422851562,47477700
2023-12-08 00:00:00-05:00,191.86091528323507,193.629363703371,191.33730018286,193.3527374267578,53406400
2023-12-11 00:00:00-05:00,190.78403090604945,191.15945870925907,189.11438419177532,190.85317993164062,60943700
2023-12-12 00:00:00-05:00,190.75437444051195,192.37462021785012,189.41075488796335,192.36474609375,52696900
2023-12-13 00:00:00-05:00,192.74016578029781,195.6151188726379,192.50306619330016,195.5756072998047,70404200
2023-12-14 00:00:00-05:00,195.63488831127654,197.2156075489979,193.79729107961322,195.7238006591797,66831600
2023-12-15 00:00:00-05:00,195.1507962246044,196.01031245444227,194.62718115642724,195.19032287597656,128538400
2023-12-18 00:00:00-05:00,193.7281513997374,194.26165570440122,192.04863040265064,193.5305633544922,55751900
2023-12-19 00:00:00-05:00,193.79729775296602,194.57777573643529,193.5305456250714,194.56790161132812,40714100
2023-12-20 00:00:00-05:00,194.5283816611859,195.2989855460905,192.4833221435547,192.4833221435547,52242800
2023-12-21 00:00:00-05:00,193.73803856316968,194.70623052718972,191.16934877699248,192.3351287841797,46482500
2023-12-22 00:00:00-05:00,192.829067964765,193.05630849032943,190.6456956495467,191.2681121826172,37149600
2023-12-26 00:00:00-05:00,191.27801448490152,191.55464074590694,190.5074106042434,190.72476196289062,28919300
2023-12-27 00:00:00-05:00,190.1715235726757,191.16935301152336,188.7883770898652,190.8235626220703,48087700
2023-12-28 00:00:00-05:00,191.80163510638113,192.31537606668746,190.84331729052167,191.24838256835938,34049900
2023-12-29 00:00:00-05:00,191.56450759639273,192.05848519728596,189.42064661751613,190.2110137939453,42672100
2024-01-02 00:00:00-05:00,184.89581391743906,186.17028459685415,181.6750853181039,183.4040069580078,82488700
2024-01-03 00:00:00-05:00,182.0011090098209,183.64111826756874,181.22061595613366,182.03074645996094,58414500
2024-01-04 00:00:00-05:00,179.95603270422265,180.88471299934187,178.70134046081682,179.71893310546875,71983600
2024-01-05 00:00:00-05:00,179.79796753554595,180.5586821654936,177.99988188294327,178.99771118164062,62379700
2024-01-08 00:00:00-05:00,179.89676064456035,183.36449308108033,179.3138706884217,183.32496643066406,59144500
2024-01-09 00:00:00-05:00,181.70474272826013,182.9199235647891,180.52907347198328,182.91004943847656,42841800
2024-01-10 00:00:00-05:00,182.12952346414278,184.154819300754,181.70469494439152,183.94735717773438,46792900
2024-01-11 00:00:00-05:00,184.29316874581366,184.7970355796361,181.4083411771675,183.3546142578125,49128400
2024-01-12 00:00:00-05:00,183.81896194364214,184.49077939116623,182.95944565085554,183.68064880371094,40477800
2024-01-16 00:00:00-05:00,179.96593271976667,182.04062970854807,178.7507369031224,181.41822814941406,65603000
2024-01-17 00:00:00-05:00,179.08663943068214,180.72663357001974,178.12832170152117,180.47964477539062,47317400
2024-01-18 00:00:00-05:00,183.8485869578717,186.86185345428623,183.59172402252184,186.35800170898438,78005800
2024-01-19 00:00:00-05:00,187.0495648712278,189.63800274105876,186.5457131326349,189.25270080566406,68903000
2024-01-22 00:00:00-05:00,189.98379650311966,192.97729968749402,189.94426985134535,191.5546417236328,60133900
2024-01-23 00:00:00-05:00,192.67104017695664,193.39224330006388,191.49537099853464,192.8291015625,42355600
2024-01-24 00:00:00-05:00,193.06620457832125,194.0146482092326,191.999211146671,192.15728759765625,53631300
2024-01-25 00:00:00-05:00,192.86860899256396,193.9059649333701,190.78402298627717,191.8312530517578,54822100
2024-01-26 00:00:00-05:00,191.93006387634745,192.41415228379137,189.6281264159501,190.1023406982422,44594000
2024-01-29 00:00:00-05:00,189.69728055859,189.88499446653958,187.29655655692048,189.420654296875,47145600
2024-01-30 00:00:00-05:00,188.6401800108733,189.4898221386195,185.21197404804863,185.7751007080078,55859400
2024-01-31 00:00:00-05:00,184.78712556686926,184.84641553917146,182.129538862794,182.17892456054688,55467800
2024-02-01 00:00:00-05:00,181.77388729281213,184.6982263171025,181.6059367135455,184.60931396484375,64885400
2024-02-02 00:00:00-05:00,177.6936236133024,185.07365019396582,177.09097033579843,183.61148071289062,102551700
2024-02-05 00:00:00-05:00,185.88375846902116,186.97051518171523,183.60158444736317,185.41941833496094,69668800
2024-02-06 00:00:00-05:00,184.60929974417922,187.02978684421677,184.5203873987695,187.01991271972656,43490800
2024-02-07 00:00:00-05:00,188.34381248461148,188.74887780721724,186.33826427512778,187.12863159179688,53439000
2024-02-08 00:00:00-05:00,187.1088468471974,187.25703410679802,185.09342474162452,186.05174255371094,40962000
2024-02-09 00:00:00-05:00,186.6155602859614,187.941120969739,185.9725760341758,186.81341552734375,45155200
2024-02-12 00:00:00-05:00,186.38806813077576,186.63537211912902,184.7756412965565,185.1317596435547,41781900
2024-02-13 00:00:00-05:00,183.76664838776776,184.2019058140478,181.53101071537256,183.0445098876953,56529500
2024-02-14 00:00:00-05:00,183.32147349103352,183.5292003496781,180.47252724717288,182.16407775878906,54630500
2024-02-15 00:00:00-05:00,181.57060374922136,182.50046922442786,179.39433152096026,181.87725830078125,65434500
2024-02-16 00:00:00-05:00,181.44197861733377,182.8565652037317,179.7108507918506,180.3439483642578,49752500
2024-02-20 00:00:00-05:00,179.82955095197704,180.46264852115328,178.0588611409836,179.60203552246094,53665600
2024-02-21 00:00:00-05:00,179.9779444437335,180.91769653606136,178.71174929095213,180.35385131835938,41371400
2024-02-22 00:00:00-05:00,181.50132758611662,182.9653779737103,180.49233824441416,182.38172912597656,52292200
2024-02-23 00:00:00-05:00,183.01481932952075,183.04449459753943,180.26480046872615,180.5516815185547,45119700
2024-02-26 00:00:00-05:00,180.27471486922383,180.78909628027105,178.7018500832812,179.20635986328125,40867400
2024-02-27 00:00:00-05:00,179.14699293032547,181.9365737231629,177.62359209867634,180.66049194335938,54318900
2024-02-28 00:00:00-05:00,180.54178846123017,181.14521076395337,178.1874648834917,179.4635467529297,48953900
2024-02-29 00:00:00-05:00,179.31514716008485,180.6011306821249,177.59390628342499,178.80075073242188,136682600
2024-03-01 00:00:00-05:00,177.61373507516265,178.58316252471684,175.46713817545924,177.72254943847656,73563100
2024-03-04 00:00:00-05:00,174.25039570154502,174.99230771576262,171.91584529303745,173.21173095703125,81510100
2024-03-05 00:00:00-05:00,168.91852858137074,170.18472392770593,167.79082287934597,168.28543090820312,95132400
2024-03-06 00:00:00-05:00,169.2152850514215,169.39335177885377,166.8609461620447,167.29620361328125,68587700
2024-03-07 00:00:00-05:00,167.32585131213037,168.88881413208614,166.67298033709926,167.17747497558594,71765100
2024-03-08 00:00:00-05:00,167.1774852017091,171.82679686006907,167.11813466346086,168.88882446289062,76267000
2024-03-11 00:00:00-04:00,171.07502316349817,172.49949666610803,170.19462149789052,170.88706970214844,60139500
2024-03-12 00:00:00-04:00,171.28273835287425,172.1532532324886,169.16581679091567,171.36187744140625,59825400
2024-03-13 00:00:00-04:00,170.90682879160028,171.32229764254458,168.91849524765144,169.28451538085938,52488700
2024-03-14 00:00:00-04:00,171.0453430786352,172.43023944819464,170.19461671040915,171.13436889648438,72913500
2024-03-15 00:00:00-04:00,169.32407812222547,170.75843811035156,168.4535633292171,170.75843811035156,121752700
2024-03-18 00:00:00-04:00,173.67659733190257,175.79351819982818,171.64870224904922,171.84654235839844,75604200
2024-03-19 00:00:00-04:00,172.45991109697533,174.7054356079408,171.1640405724947,174.18115234375,55215200
2024-03-20 00:00:00-04:00,173.82502584048726,176.7432098388672,173.2018149693641,176.7432098388672,53423100
2024-03-21 00:00:00-04:00,175.14068113790177,175.57593855649498,168.99764365136926,169.5219268798828,106181300
2024-03-22 00:00:00-04:00,169.90770741812418,171.18380430580046,168.22604350725265,170.42210388183594,71160100
2024-03-25 00:00:00-04:00,168.73057383883838,170.085794876263,167.6226416976105,169.00755310058594,54288300
2024-03-26 00:00:00-04:00,168.16670300567833,169.57138777241732,167.7512341389727,167.8798370361328,57388400
2024-03-27 00:00:00-04:00,168.5722893771007,171.72789059246503,168.27552158079686,171.44100952148438,60273300
2024-03-28 00:00:00-04:00,169.89782982249778,170.37264922530974,168.67119667981044,169.6307373046875,65672700
2024-04-01 00:00:00-04:00,169.3438900607447,169.40324060587884,167.6523240532299,168.19639587402344,46240500
2024-04-02 00:00:00-04:00,167.25662806803024,167.51381877100314,166.41578850586058,167.0192108154297,49329500
2024-04-03 00:00:00-04:00,166.9697692049817,168.83938692190523,166.76204228878962,167.82049560546875,47691700
2024-04-04 00:00:00-04:00,168.45355351894443,170.06598011820813,166.99942016601562,166.99942016601562,53704400
2024-04-05 00:00:00-04:00,167.76113794678497,168.55251376624304,167.12804031006615,167.75125122070312,42104800
2024-04-08 00:00:00-04:00,167.20715459942008,167.37531948329715,166.425680716199,166.63340759277344,37425500
2024-04-09 00:00:00-04:00,166.88071513080217,168.2458378687617,166.53449863101693,167.8402557373047,42373800
2024-04-10 00:00:00-04:00,166.97964653177021,167.2665125006067,165.30786924976792,165.97064208984375,49709300
2024-04-11 00:00:00-04:00,166.5246002673459,173.5678277091418,166.34654865134516,173.15234375,91070300
2024-04-12 00:00:00-04:00,172.38075949507746,176.43655077441642,172.33131077483722,174.6460723876953,101670900
2024-04-15 00:00:00-04:00,173.46888692512982,174.72519524382946,170.6397290741028,170.8276824951172,73531800
2024-04-16 00:00:00-04:00,169.89784277952464,171.88616144450353,166.45537543168857,167.55340576171875,73711200
2024-04-17 00:00:00-04:00,167.780901063059,168.80967890645843,166.18826293945312,166.18826293945312,50901200
2024-04-18 00:00:00-04:00,166.21794611620325,166.8213684176903,164.75391081370103,165.23861694335938,43122900
2024-04-19 00:00:00-04:00,164.41760010663418,164.60553846988037,162.3105651694999,163.22064208984375,68149400
2024-04-22 00:00:00-04:00,163.73503344203667,165.4562595890904,162.993121456103,164.05157470703125,48116400
2024-04-23 00:00:00-04:00,163.56685559955991,165.24851961582092,163.14148491226467,165.10012817382812,49537800
2024-04-24 00:00:00-04:00,164.74402954196006,167.47427542099652,164.4176015378687,167.19729614257812,48251800
2024-04-25 00:00:00-04:00,167.70177351115603,168.77012851479734,166.33665071301928,168.05789184570312,50558300
2024-04-26 00:00:00-04:00,168.04802077933093,169.49226770262163,167.35555749623813,167.47427368164062,44838400
2024-04-29 00:00:00-04:00,171.5003643815301,174.13168243053624,171.2332869429431,171.62896728515625,68169400
2024-04-30 00:00:00-04:00,171.46081207960546,173.1029142716877,168.1667209693098,168.4931640625,65934800
2024-05-01 00:00:00-04:00,167.75125295718234,170.84750390177777,167.28632022447192,167.47427368164062,50383100
2024-05-02 00:00:00-04:00,170.64963546996492,171.54982559320527,169.04711048582428,171.16403198242188,94214900
2024-05-03 00:00:00-04:00,184.637145231003,184.98337684032407,180.69018337477516,181.4024200439453,163224100
2024-05-06 00:00:00-04:00,180.38352481626606,182.21356516877455,178.47433028646978,179.75042724609375,78569700
2024-05-07 00:00:00-04:00,181.47164781905605,182.9060078076493,179.36462828599997,180.43296813964844,77305800
2024-05-08 00:00:00-04:00,180.87813197889614,181.09576068278213,179.4932206728727,180.76931762695312,45057100
2024-05-09 00:00:00-04:00,180.59127127419717,182.6686309202814,180.1461270912472,182.57960510253906,48983000
2024-05-10 00:00:00-04:00,183.15410154420678,183.34230991411323,180.4102677646858,181.3215789794922,50759500
2024-05-13 00:00:00-04:00,183.68905318372646,185.33338286966213,182.87678847812683,184.5211181640625,72044800
2024-05-14 00:00:00-04:00,185.73944844741243,186.52199740854093,184.53096697721375,185.6602020263672,52393600
2024-05-15 00:00:00-04:00,186.13568203158255,188.849800179078,185.6007724639543,187.9285888671875,70400000
2024-05-16 00:00:00-04:00,188.6714956614686,189.2955517477419,187.86914647323638,188.0474395751953,52845200
2024-05-17 00:00:00-04:00,187.72056236134898,189.0082902438942,187.3936765447615,188.07716369628906,41282900
2024-05-20 00:00:00-04:00,187.54228461702792,190.10782534306233,187.22529890901677,189.2361297607422,44361300
2024-05-21 00:00:00-04:00,189.28567056183377,190.91018461353585,189.11727756366656,190.53378295898438,42309400
2024-05-22 00:00:00-04:00,190.45451683728567,190.99932654838926,188.47340160760692,189.09744262695312,34648500
2024-05-23 00:00:00-04:00,189.1766947549615,189.19651013997458,184.86777806929078,185.11541748046875,51005900
2024-05-24 00:00:00-04:00,187.03710655742805,188.78048261582597,186.26445766907554,188.18614196777344,36327000
2024-05-28 00:00:00-04:00,189.70169698060212,191.17763337385156,187.31446444482384,188.19606018066406,52280100
2024-05-29 00:00:00-04:00,187.81963788738682,190.43470949642946,187.72057607583483,188.4932098388672,53068000
2024-05-30 00:00:00-04:00,188.9587703074631,190.36536034504638,188.83000809203267,189.4837646484375,49889100
2024-05-31 00:00:00-04:00,189.6323431713606,190.7516780595243,188.1167913020161,190.4346923828125,75158300
2024-06-03 00:00:00-04:00,191.07854113305333,193.14881785405223,190.7021395503604,192.1978759765625,50080500
2024-06-04 00:00:00-04:00,192.80213237542046,193.47571940906454,191.2073340206378,192.51487731933594,47471400
2024-06-05 00:00:00-04:00,193.5549597642067,195.04079624688396,193.02996541617088,194.02052307128906,54156800
2024-06-06 00:00:00-04:00,193.8422276391208,194.64457691185422,192.33657578915964,192.64364624023438,41181800
2024-06-07 00:00:00-04:00,192.8120142553044,195.08039942896673,192.3068353639325,195.03086853027344,53103900
2024-06-10 00:00:00-04:00,195.04078477848907,195.4370168860641,190.3356361933404,191.29647827148438,97010200
2024-06-11 00:00:00-04:00,191.82147267998263,205.20391549352811,191.8016724106265,205.19400024414062,172373300
2024-06-12 00:00:00-04:00,205.41194501546696,218.12080209568063,204.94638168818946,211.05813598632812,198134300
2024-06-13 00:00:00-04:00,212.71238093569883,214.70339661177115,209.60203014300492,212.21710205078125,97862700
2024-06-14 00:00:00-04:00,211.8307711431916,213.13829945342002,209.30484597389386,210.48361206054688,70122700
2024-06-17 00:00:00-04:00,211.35527186274084,216.88258512602053,210.71141546378874,214.62411499023438,93728300
2024-06-18 00:00:00-04:00,215.5354294813442,216.5656178731208,210.98877362098574,212.26658630371094,79943300
2024-06-20 00:00:00-04:00,211.90997342693947,212.21705896960654,206.87795427864972,207.70010375976562,86172500
2024-06-21 00:00:00-04:00,208.40343403997312,209.8892705909824,205.15440599094305,205.53082275390625,241805100
2024-06-24 00:00:00-04:00,205.75863496180304,210.69160779538842,204.63929998769706,206.17466735839844,80727000
2024-06-25 00:00:00-04:00,207.1751175381149,209.38407188516823,206.64022308060072,207.09588623046875,55549700
2024-06-26 00:00:00-04:00,209.5029437835443,212.83121810497767,208.6510635966682,211.23641967773438,66213200
2024-06-27 00:00:00-04:00,212.66282504623206,213.70291360533915,210.34492376459474,212.07839965820312,49772700
2024-06-28 00:00:00-04:00,213.73265291439517,214.02982326645972,208.31430073755797,208.6312713623047,82542700
2024-07-01 00:00:00-04:00,210.0873668962765,215.4561875080808,209.91897391071575,214.703369140625,60402900
2024-07-02 00:00:00-04:00,214.10904691098634,218.2991169839906,213.0689733881142,218.19015502929688,58046200
2024-07-03 00:00:00-04:00,217.92267103394255,219.45803833007812,216.96182895702523,219.45803833007812,37369800
2024-07-05 00:00:00-04:00,219.55710192478037,224.3117817727132,219.55710192478037,224.20281982421875,60412400
2024-07-08 00:00:00-04:00,224.94572057418634,225.69855401964364,221.14198303770854,225.66883850097656,59085900
2024-07-09 00:00:00-04:00,225.77778797195694,227.23390886254342,224.23252052432466,226.5207061767578,48076100
2024-07-10 00:00:00-04:00,227.13486087511765,230.8791673967792,227.0853299721382,230.7801055908203,62627700
2024-07-11 00:00:00-04:00,229.2051258414663,230.19568345608255,223.63819688403007,225.42120361328125,64710600
2024-07-12 00:00:00-04:00,226.75843028372813,230.4433055423661,226.5206910327904,228.36312866210938,53046500
2024-07-15 00:00:00-04:00,234.2470836578572,234.99000194235262,230.88909361652622,232.1867218017578,62631300
2024-07-16 00:00:00-04:00,232.78106107648213,234.03907359612094,230.13627381333595,232.60276794433594,43234300
2024-07-17 00:00:00-04:00,227.2834515580279,229.2744821236097,224.49998695797876,226.71884155273438,57345900
2024-07-18 00:00:00-04:00,228.10562515807683,228.26411801705945,220.17126344980832,222.06321716308594,66034600
2024-07-19 00:00:00-04:00,222.6971648700337,224.65846466815103,221.17169771561296,222.1919708251953,49151500
2024-07-22 00:00:00-04:00,224.86649525231948,225.62922890399747,220.98351093014816,221.84530639648438,48201800
2024-07-23 00:00:00-04:00,222.25138924131514,224.7971293607533,220.57734458918785,222.88534545898438,39960300
2024-07-24 00:00:00-04:00,221.88490694575157,222.67735606492835,215.0797809310421,216.47645568847656,61777600
2024-07-25 00:00:00-04:00,216.86276105080302,218.7646448818125,212.59346035218633,215.43637084960938,51391200
2024-07-26 00:00:00-04:00,216.6349653026102,217.41751434744816,213.97036267942912,215.90196228027344,41601300
2024-07-29 00:00:00-04:00,214.91139345300462,217.22929471632008,213.71281205128278,216.17930603027344,36311800
2024-07-30 00:00:00-04:00,217.1203256536185,218.24956072806748,214.07930652606245,216.7340087890625,41643800
2024-07-31 00:00:00-04:00,219.34909118598728,221.70662325926872,218.54674189777583,219.98304748535156,50036300
2024-08-01 00:00:00-04:00,222.25141811315143,222.36038006072013,214.97082835556836,216.2981719970703,62501000
2024-08-02 00:00:00-04:00,217.0807092384795,223.46981835778237,215.6543188775265,217.7840118408203,105568600
2024-08-05 00:00:00-04:00,197.21012147966275,211.4840610296135,194.14930192882554,207.29400634765625,119548600
2024-08-06 00:00:00-04:00,203.3614702980554,208.00718767754023,199.1714160471065,205.2732391357422,69660500
2024-08-07 00:00:00-04:00,204.9463646139573,211.62272838414273,204.441185671316,207.83880615234375,63516400
2024-08-08 00:00:00-04:00,211.0977136625238,212.17741773164414,206.85812868668822,211.2958221435547,47161100
2024-08-09 00:00:00-04:00,210.09727328743648,214.7330756065884,209.96849596255686,214.19818115234375,42201600
2024-08-12 00:00:00-04:00,214.27755355785243,217.68900361003634,213.81145133020567,215.72543334960938,38028100
2024-08-13 00:00:00-04:00,217.19311098226797,220.04922365215182,217.19311098226797,219.4343719482422,44155300
2024-08-14 00:00:00-04:00,218.7402072098891,221.17979111862692,217.8774142480331,219.8806610107422,41960600
2024-08-15 00:00:00-04:00,222.7367590108339,223.48053712623224,220.9120118672479,222.8557586669922,46414000
2024-08-16 00:00:00-04:00,222.06239369045758,224.94825642777528,221.79462933024135,224.1747283935547,44340200
2024-08-19 00:00:00-04:00,223.84746435464618,224.11522871504155,221.18968933533225,224.01605224609375,40687800
2024-08-20 00:00:00-04:00,223.8970689622142,225.28544883578485,223.57971634413767,224.63092041015625,30299000
2024-08-21 00:00:00-04:00,224.64085012661386,226.08872985229075,223.1830436738614,224.52183532714844,34765500
2024-08-22 00:00:00-04:00,225.90027790842765,226.44571820828537,222.04254943445835,222.66732788085938,43695300
2024-08-23 00:00:00-04:00,223.78798715352852,226.32674764036014,222.4690186706249,224.95819091796875,38677300
2024-08-26 00:00:00-04:00,224.87885041051024,225.39454085782168,222.0326640536948,225.2953643798828,30602200
2024-08-27 00:00:00-04:00,224.1251322421701,226.95149505120298,223.0243400581704,226.13829040527344,35934600
2024-08-28 00:00:00-04:00,226.02922904592305,227.95313769677003,223.80780609600177,224.61109924316406,38052200
2024-08-29 00:00:00-04:00,228.1911537968638,230.98775191089825,226.9812734022471,227.8837127685547,51906300
2024-08-30 00:00:00-04:00,228.28038060324323,228.4886300006117,225.59285569982603,227.10025024414062,52990800
2024-09-03 00:00:00-04:00,226.65401607692846,227.1002799762046,219.33523365285652,220.92196655273438,50190600
2024-09-04 00:00:00-04:00,219.82114598403248,219.94014563997789,215.67581475954933,219.0178680419922,43840200
2024-09-05 00:00:00-04:00,219.79140861107143,223.60946073514918,219.6823205428289,220.53518676757812,36615400
2024-09-06 00:00:00-04:00,222.09215251756703,223.37145940933704,217.94683622588397,218.98812866210938,48423000
2024-09-09 00:00:00-04:00,218.9881123209545,219.43437615112032,214.91220775865924,219.07736206054688,67180000
2024-09-10 00:00:00-04:00,217.10388142289187,219.6426417511051,214.9320468059923,218.2840118408203,51591000
2024-09-11 00:00:00-04:00,219.62280899168329,221.23927647566495,216.0824178921796,220.81285095214844,44587100
2024-09-12 00:00:00-04:00,220.65420216028613,221.6954946800681,217.99644195502805,220.92196655273438,37455600
2024-09-13 00:00:00-04:00,221.72521710949164,222.18139254741286,220.06907298412548,220.6541748046875,36766600
2024-09-16 00:00:00-04:00,214.74362792854853,215.4179946756504,212.14536768072225,214.5254669189453,59357400
2024-09-17 00:00:00-04:00,213.96018092212807,215.1006346980314,212.72055067344832,214.99154663085938,45519300
2024-09-18 00:00:00-04:00,215.7452565018275,220.86245391858552,215.7353297749969,218.8592071533203,59894900
2024-09-19 00:00:00-04:00,223.12354184254357,227.91347512552952,222.76652771175563,226.97134399414062,66781300
2024-09-20 00:00:00-04:00,228.06222073119503,231.15633305592988,225.7317097608303,226.30690002441406,318679900
2024-09-23 00:00:00-04:00,225.45401003818398,227.54650632766106,223.93670395169437,224.5912322998047,54146000
2024-09-24 00:00:00-04:00,226.75316007712865,227.44736512534206,223.85738561877668,225.48377990722656,43556100
2024-09-25 00:00:00-04:00,223.0640393442997,225.40446208089242,222.1615999382144,224.49209594726562,42308700
2024-09-26 00:00:00-04:00,225.4143769570366,226.60441901953834,223.54005654723983,225.63255310058594,36636700
2024-09-27 00:00:00-04:00,226.5647695239617,227.61597365379234,225.41438891191032,225.9003143310547,34026000
2024-09-30 00:00:00-04:00,228.13162655878588,231.06707763671875,227.74486252768645,231.06707763671875,54541900
2024-10-01 00:00:00-04:00,227.615942887257,227.74485413807125,221.88389405688537,224.33340454101562,63285000
2024-10-02 00:00:00-04:00,224.0160654907427,225.48378349827837,221.16987922367838,224.898681640625,32880600
2024-10-03 00:00:00-04:00,223.2722952944607,224.92843958391967,221.46740141968138,223.7978973388672,34044200
2024-10-04 00:00:00-04:00,226.00936828631617,226.1085447535635,222.27065455992025,224.9185028076172,37245100
2024-10-07 00:00:00-04:00,222.63760820325265,223.81773870352313,219.4939074890314,219.85092163085938,39505400
2024-10-08 00:00:00-04:00,222.43925780658088,224.10531361949606,221.3979653574062,223.89706420898438,31855700
2024-10-09 00:00:00-04:00,223.36153007501719,227.84403724277382,222.96485445261254,227.63577270507812,33591100
2024-10-10 00:00:00-04:00,225.89038125247495,227.59611368544336,225.28544108575701,227.13992309570312,28183500
2024-10-11 00:00:00-04:00,227.39777482080956,227.5068628874906,225.4540279414576,225.66229248046875,31759200
2024-10-14 00:00:00-04:00,226.80274288926017,229.8076053434174,226.70358155060512,229.3811798095703,39882100
2024-10-15 00:00:00-04:00,231.67203496624026,235.51985237359267,230.4423162246621,231.91004943847656,64751400
2024-10-16 00:00:00-04:00,229.67870875165642,230.19438406287304,227.9332995992129,229.85720825195312,34082200
2024-10-17 00:00:00-04:00,231.49350124327563,231.91003031839952,228.60765355789445,230.22412109375,32993800
2024-10-18 00:00:00-04:00,234.2206950473064,234.2206950473064,232.0686987091599,233.0504913330078,46431500
2024-10-21 00:00:00-04:00,232.5050605584077,234.8851598599691,232.5050605584077,234.51821899414062,36254500
2024-10-22 00:00:00-04:00,231.94969236544068,234.26036494372266,230.67040061866737,233.90335083007812,38846600
2024-10-23 00:00:00-04:00,232.13813805749322,233.18934216580075,225.8705597881939,228.84567260742188,52287000
2024-10-24 00:00:00-04:00,228.07212485007065,228.90516786821388,226.51515714412935,228.65724182128906,31109500
2024-10-25 00:00:00-04:00,227.83410560105818,231.2852316353655,227.66551771976023,229.49024963378906,38802300
2024-10-28 00:00:00-04:00,231.38440684709022,232.78269812140084,230.620790456467,231.46372985839844,36087100
2024-10-29 00:00:00-04:00,231.1662580738538,232.38605001867157,230.3927299983884,231.7315216064453,35417200
2024-10-30 00:00:00-04:00,230.68030356750913,231.53316974412917,227.64569128136466,228.19113159179688,47070900
2024-10-31 00:00:00-04:00,227.43742665071557,227.92336713292326,223.5003599556127,224.035888671875,64370100
2024-11-01 00:00:00-04:00,219.1368672842602,223.4805363045207,218.44267740554844,221.06077575683594,65276700
2024-11-04 00:00:00-05:00,219.15670083339904,220.94175615916865,217.88732075932978,220.16822814941406,44944500
2024-11-05 00:00:00-05:00,219.9600075033543,222.0921656056809,219.30547906118858,221.5963134765625,28111300
2024-11-06 00:00:00-05:00,220.76330266490965,224.19460632288448,219.35508432478574,220.8723907470703,54561100
2024-11-07 00:00:00-05:00,222.7665171269793,225.9895557457087,222.7070172967094,225.59286499023438,42137700
2024-11-08 00:00:00-05:00,225.53329235935942,227.01256271730918,224.77877343219782,225.32481384277344,38328800
2024-11-11 00:00:00-05:00,223.37895863100835,224.07391236142266,219.90417483008153,222.614501953125,42005600
2024-11-12 00:00:00-05:00,222.93220374351736,223.9647042645822,221.7507748273854,222.614501953125,40398300
2024-11-13 00:00:00-05:00,222.3960891659536,225.01706838141624,221.1550949323282,223.4980926513672,48566200
2024-11-14 00:00:00-05:00,223.398802697962,227.22105551450989,223.3789425502784,226.57574462890625,44923900
2024-11-15 00:00:00-05:00,224.76882873863602,225.28508648780175,222.65418524957263,223.37892150878906,47923700
2024-11-18 00:00:00-05:00,223.6271499370396,228.08480645929455,223.5477244921184,226.377197265625,44633700
2024-11-19 00:00:00-05:00,225.34466282087314,228.50175961033486,225.02697621656037,226.6352996826172,36211800
2024-11-20 00:00:00-05:00,226.4168829534927,228.27340522879027,224.26251907255318,227.35011291503906,35169600
2024-11-21 00:00:00-05:00,227.2309725554499,228.50174921258224,224.08381355701644,226.87356567382812,42108300
2024-11-22 00:00:00-05:00,226.4168797117104,229.05771868234922,226.4168797117104,228.21383666992188,38168300
2024-11-25 00:00:00-05:00,229.79241557012372,231.56951255942457,228.08480637706975,231.19224548339844,90152800
2024-11-26 00:00:00-05:00,231.64893863936055,233.87280565588551,231.64893863936055,233.36647033691406,45986200
2024-11-27 00:00:00-05:00,232.78070364946953,233.99191506726265,232.12545514826604,233.2373809814453,33498400
2024-11-29 00:00:00-05:00,233.11825362062933,236.0966394139658,232.28430923421996,235.62010192871094,28481400
2024-12-02 00:00:00-05:00,235.5605381566453,239.0551666028684,235.45133007089746,237.8638153076172,48137100
2024-12-03 00:00:00-05:00,238.0822139315433,241.01095673492534,237.17876666593097,240.90174865722656,38861000
2024-12-04 00:00:00-05:00,241.12017980186528,242.35125137710352,239.51185632927692,241.25917053222656,44383900
2024-12-05 00:00:00-05:00,242.23213863223197,242.77816394602775,240.38553870781277,241.28897094726562,40033900
2024-12-06 00:00:00-05:00,241.15989600483465,242.86750503393802,240.33587413565135,241.09039306640625,36870600
2024-12-09 00:00:00-05:00,240.08769312504634,245.4587194212017,240.00826768189094,244.9722442626953,44649200
2024-12-10 00:00:00-05:00,245.11122909402775,246.42172615122828,243.5723933612922,245.98489379882812,36914800
2024-12-11 00:00:00-05:00,246.17353693536344,248.99307203962232,244.48577275361333,244.71412658691406,45205800
2024-12-12 00:00:00-05:00,245.11122473397327,246.9479020514793,243.9099357862414,246.17352294921875,32777500
2024-12-13 00:00:00-05:00,246.03453629863122,247.4939314395242,244.46591792091505,246.34230041503906,33155300
2024-12-16 00:00:00-05:00,246.2033247964557,249.5689004337868,245.86576286364547,249.23133850097656,51694800
2024-12-17 00:00:00-05:00,248.2782345553336,252.0012166921119,247.98039295462073,251.6537322998047,51356400
2024-12-18 00:00:00-05:00,250.34326772719038,252.4479889260113,245.95511429725673,246.26287841796875,56774100
2024-12-19 00:00:00-05:00,245.71683140567848,250.184410158509,245.3097817058068,247.99032592773438,60882300
2024-12-20 00:00:00-05:00,246.2529371403228,253.16279902630112,243.919877297432,252.65647888183594,147495300
2024-12-23 00:00:00-05:00,252.93444954402884,253.80809906094288,251.62395254537785,253.43084716796875,40858800
2024-12-24 00:00:00-05:00,253.64924013847912,256.34962902881983,253.45066898797964,256.3397216796875,23234700
2024-12-26 00:00:00-05:00,256.32980188696064,258.2260444048055,255.77383898408218,257.15380859375,27237100
2024-12-27 00:00:00-05:00,255.9724022209019,256.8361595932908,251.23677948504655,253.74855041503906,42355300
2024-12-30 00:00:00-05:00,250.41271721299594,251.67357129905236,248.94338462815534,250.3829345703125,35557500
2024-12-31 00:00:00-05:00,250.62126509380025,251.4552095671021,247.6329413411861,248.61581420898438,39480700
2025-01-02 00:00:00-05:00,247.1365264348607,247.3053149666319,240.07776640397734,242.0931396484375,55740700
2025-01-03 00:00:00-05:00,241.60665893554688,242.42074318433572,240.14724866814672,241.60665893554688,40244100
2025-01-06 00:00:00-05:00,242.54983205880436,245.5480782886853,241.44782860288205,243.23486328125,45045600
2025-01-07 00:00:00-05:00,241.22939201717418,243.78088314896328,239.61114601786818,240.46495056152344,40856000
2025-01-08 00:00:00-05:00,240.17702168463396,241.95413364050106,238.32049944087447,240.95140075683594,37628900
2025-01-10 00:00:00-05:00,238.28080700459313,238.42973539672147,231.3213170399406,235.14358520507812,61710900
2025-01-13 00:00:00-05:00,231.84748509521594,232.9792711307645,228.06493742769467,232.71121215820312,49630700
2025-01-14 00:00:00-05:00,233.05871461446375,234.41883943252472,230.79514236813586,231.59930419921875,39435300
2025-01-15 00:00:00-05:00,232.94947976770305,237.2383625727966,232.74098609709984,236.1562042236328,39832000
2025-01-16 00:00:00-05:00,235.63995285298606,236.29518618874627,226.38709407905125,226.6154327392578,71759100
2025-01-17 00:00:00-05:00,230.44762501944012,230.61639839146835,226.83385097126646,228.3230438232422,68488300
2025-01-21 00:00:00-05:00,222.38613659782595,222.8031087860845,217.79942737812888,221.0359344482422,98070400
2025-01-22 00:00:00-05:00,218.2064601780486,222.5052654056773,218.2064601780486,222.2173614501953,64126500
2025-01-23 00:00:00-05:00,223.1208199792776,225.394314538592,220.69839703644928,222.04859924316406,60234800
2025-01-24 00:00:00-05:00,223.16053267311034,224.00441476166836,219.8148172645265,221.17494201660156,54697900
2025-01-27 00:00:00-05:00,222.40602753214387,230.47744375244469,222.36630723318075,228.20394897460938,94863400
2025-01-28 00:00:00-05:00,229.18679454547646,238.4594987479956,229.147074251248,236.54339599609375,75707600
2025-01-29 00:00:00-05:00,232.43322998057818,238.13188043636077,232.32402189200354,237.63548278808594,45486100
2025-01-30 00:00:00-05:00,236.95044029141235,239.05516137192973,235.50096771104396,235.8782196044922,55658300
2025-01-31 00:00:00-05:00,245.40904807772534,245.40904807772534,231.7581140684966,234.29966735839844,100959800
2025-02-03 00:00:00-05:00,228.33299411580026,230.15973381299622,224.0738938399255,226.36724853515625,73063300
2025-02-04 00:00:00-05:00,225.61273982041166,231.45038123633566,225.01705656002386,231.1227569580078,45067300
2025-02-05 00:00:00-05:00,226.88348940722173,230.99366099381652,226.62536810475493,230.79510498046875,39620300
2025-02-06 00:00:00-05:00,229.62361584180033,232.11554171369926,228.7698112868805,231.5397186279297,29925300
2025-02-07 00:00:00-05:00,230.92416830424466,232.3140755170278,225.6226304523949,225.98997497558594,39707200
2025-02-10 00:00:00-05:00,228.16660736242451,229.1803610121675,225.81108525741098,226.25833129882812,33115600
2025-02-11 00:00:00-05:00,226.80494431220234,233.79196667406026,226.7353801285285,231.1979217529297,53718400
2025-02-12 00:00:00-05:00,229.78663009476247,235.51142789245534,229.26980470124647,235.42196655273438,45243300
2025-02-13 00:00:00-05:00,235.4617298072221,240.85852795215618,234.1299251101732,240.05348205566406,53614100
2025-02-14 00:00:00-05:00,239.77522427175464,244.04894114679902,239.51681912694215,243.10475158691406,40896200
2025-02-18 00:00:00-05:00,242.65747382373942,243.6811760890431,240.3615975750387,242.97552490234375,48822500
2025-02-19 00:00:00-05:00,243.16436963880025,244.50610783818917,241.67353930691675,243.37307739257812,32204200
2025-02-20 00:00:00-05:00,243.44265077076676,245.2713989598738,242.7966152101895,244.32720947265625,32316900
2025-02-21 00:00:00-05:00,244.44645306890683,247.1697083342209,243.72091995824803,244.0489044189453,53197400
2025-02-24 00:00:00-05:00,243.43269920852308,247.33868242018207,242.92582237394555,245.58944702148438,51326400
2025-02-25 00:00:00-05:00,246.48393846255715,248.47171215983582,243.41283173998391,245.52980041503906,48013300
2025-02-26 00:00:00-05:00,242.83637220684057,243.48239258336395,237.66816369812489,238.89064025878906,44433600
2025-02-27 00:00:00-05:00,237.94645181292123,240.9778097055873,235.61081167459415,235.84934997558594,41153600
2025-02-28 00:00:00-05:00,235.5014815283524,240.61005923211764,228.7927454203557,240.36158752441406,56833400
2025-03-03 00:00:00-05:00,240.31188380351972,242.5381957053339,234.66661403302143,236.5748748779297,47184000
2025-03-04 00:00:00-05:00,236.25684921580154,238.60242278275774,233.24535811530478,234.4877166748047,53798100
2025-03-05 00:00:00-05:00,233.98083809185871,235.1039350742086,227.82867612475383,234.29888916015625,47227600
2025-03-06 00:00:00-05:00,233.00684447444675,236.4059358119138,231.73467047090975,233.8914031982422,45170400
2025-03-07 00:00:00-05:00,233.67272217403436,239.8944479764648,233.3248557337566,237.6085205078125,46273600
2025-03-10 00:00:00-04:00,234.10009611136832,234.71631625547707,222.84930513729455,226.08937072753906,72071200
2025-03-11 00:00:00-04:00,222.4418047589131,224.4593937721428,216.1206840338927,219.48995971679688,76137400
2025-03-12 00:00:00-04:00,218.7942505386503,220.39440897367027,213.5962265598192,215.653564453125,62547500
2025-03-13 00:00:00-04:00,214.6298526174969,215.5144112677834,207.14588618522245,208.39817810058594,61368300
2025-03-14 00:00:00-04:00,209.9585940343847,212.64208545758027,208.2988048386841,212.18490600585938,60107600
2025-03-17 00:00:00-04:00,212.00600336087763,213.9043309003415,208.68642489319868,212.69178771972656,48073400
2025-03-18 00:00:00-04:00,212.85080057479257,213.83473880015984,210.19712464056028,211.38978576660156,42432400
2025-03-19 00:00:00-04:00,212.91044076829724,217.4226803637017,212.443312738742,213.92420959472656,54385400
2025-03-20 00:00:00-04:00,212.6818553101102,216.16045933121794,210.92267131595005,212.7911834716797,48862900
2025-03-21 00:00:00-04:00,210.26668206389348,217.50217651661012,209.98839498228966,216.9356689453125,94127800
2025-03-24 00:00:00-04:00,219.64898417718916,220.1260455978378,217.24377992596973,219.38063049316406,44299500
2025-03-25 00:00:00-04:00,219.4204082670252,222.73005335992565,218.73462390108503,222.38218688964844,34493600
2025-03-26 00:00:00-04:00,222.1436270366165,223.64440576884627,219.12221792138408,220.1757354736328,34466100
2025-03-27 00:00:00-04:00,220.03659916949772,223.61459773398053,219.21167130142226,222.4815673828125,37094800
2025-03-28 00:00:00-04:00,220.31487416588553,222.44179120535847,216.34926057176412,216.5679168701172,39818600
2025-03-31 00:00:00-04:00,215.6833836525119,224.24075018814546,214.90815310911736,220.7720947265625,65299300
2025-04-01 00:00:00-04:00,218.46624988397502,222.31258685550372,217.56180927777046,221.82559204101562,36412700
2025-04-02 00:00:00-04:00,219.9670353213626,223.8133724100327,219.66886624627372,222.5213165283203,35905900
2025-04-03 00:00:00-04:00,204.28351646204925,206.22160814156834,200.01974813123203,201.94789123535156,103419000
2025-04-04 00:00:00-04:00,192.70471987275084,198.65810753704542,186.19475800144227,187.22840881347656,125910900
2025-04-07 00:00:00-04:00,176.1167553732534,192.96313526897592,173.55252535537636,180.35072326660156,160466300
2025-04-08 00:00:00-04:00,185.55866963100107,189.17641711488596,168.175598539417,171.365966796875,120859500
2025-04-09 00:00:00-04:00,170.89883496621582,199.38363475051753,170.83920418374143,197.6343994140625,184395900
2025-04-10 00:00:00-04:00,187.9141974958541,193.5892830219747,181.88129692496375,189.2559356689453,121880000
2025-04-11 00:00:00-04:00,184.96235041538483,198.32017705332044,184.92258644836306,196.9386749267578,87435900
2025-04-14 00:00:00-04:00,210.14742002868311,211.63825017625834,199.93026529720834,201.28195190429688,101352900
2025-04-15 00:00:00-04:00,200.6259945192588,202.26590170954893,198.57859009217825,200.90428161621094,51343900
2025-04-16 00:00:00-04:00,197.1473909296092,199.47308245703653,191.19400339685228,193.0823974609375,59732400
2025-04-17 00:00:00-04:00,195.99447418061752,197.61451451967758,193.2314700862815,195.77581787109375,52164700
2025-04-21 00:00:00-04:00,192.08851517151226,192.6152739871965,188.64966000796989,191.97918701171875,46742500
2025-04-22 00:00:00-04:00,194.92108593270402,200.3576482646354,194.77200897005906,198.5189666748047,52976400
2025-04-23 00:00:00-04:00,204.74067860292737,206.7284521815966,201.56024391015845,203.3492431640625,52929200
2025-04-24 00:00:00-04:00,203.63746952607698,207.55338601533765,201.69939326414854,207.09619140625,47311000
2025-04-25 00:00:00-04:00,205.10841141990002,208.46775361357263,204.9394524859384,208.00062561035156,38222300
2025-04-28 00:00:00-04:00,208.71621839949725,210.2070485309222,206.19175271644127,208.85536193847656,38743100
2025-04-29 00:00:00-04:00,207.41425458581946,210.94255602883885,207.096203506044,209.91885375976562,36827600
2025-04-30 00:00:00-04:00,208.02050829648644,212.2743425468257,205.40658118436113,211.20094299316406,52286500
2025-05-01 00:00:00-04:00,207.80185982414434,213.2483553954001,207.62295230903422,212.0159454345703,57365700
2025-05-02 00:00:00-04:00,204.83013207172814,205.72463931330321,200.92416412992952,204.09466552734375,101010600
2025-05-05 00:00:00-04:00,201.85841873478097,202.85230555244996,196.99831280299983,197.6741485595703,69018500
2025-05-06 00:00:00-04:00,196.9983091053983,199.42338015596502,195.81558138809015,197.2964630126953,51216500
2025-05-07 00:00:00-04:00,197.9524407308952,198.2207944248892,192.0686324392914,195.05029296875,68536700
2025-05-08 00:00:00-04:00,196.51130456752412,198.82706269335065,193.48988012199126,196.28271484375,50478900
2025-05-09 00:00:00-04:00,197.7834732241415,199.31405222350435,196.3323918231404,197.31634521484375,36453900
2025-05-12 00:00:00-04:00,209.95526516858178,210.2538252478288,205.75556156059073,209.776123046875,63775800
2025-05-13 00:00:00-04:00,209.41784747983854,212.37356332026266,207.99473291206186,211.90582275390625,51909300
2025-05-14 00:00:00-04:00,211.40822571910564,212.9109724892217,209.56713314477625,211.3087158203125,49325800
2025-05-15 00:00:00-04:00,209.9353730316401,211.93571508448807,208.53215118256114,210.43296813964844,45029500
2025-05-16 00:00:00-04:00,211.33858120774948,211.54757782116647,208.7610423595207,210.24386596679688,54737900
2025-05-19 00:00:00-04:00,206.90999202317107,208.47243269467637,203.2775387890809,207.7758026123047,46140500
2025-05-20 00:00:00-04:00,206.67113760639387,207.46729276724128,204.04383620537516,205.8650360107422,42496600
2025-05-21 00:00:00-04:00,204.18315305948536,206.04415370597744,199.74461367242378,201.1179656982422,59211800
2025-05-22 00:00:00-04:00,199.7446272097534,201.77480849030061,198.7394754118135,200.39149475097656,46742400
2025-05-23 00:00:00-04:00,192.73846975457602,196.74908474491085,192.52948833207407,194.33078002929688,78432900
2025-05-27 00:00:00-04:00,197.34622283817185,199.77448939448533,196.4803970243206,199.24703979492188,56288500
2025-05-28 00:00:00-04:00,199.6251894151235,201.75489573800118,198.9385057789635,199.4560089111328,45339700
2025-05-29 00:00:00-04:00,202.60081106845576,202.8297005493605,197.55518975609246,198.98826599121094,51396800
2025-05-30 00:00:00-04:00,198.4110493394953,200.98860329086406,195.83351057352263,199.88394165039062,70819900
2025-06-02 00:00:00-04:00,199.31669015009302,201.15779807678393,199.15745607510846,200.7298583984375,35423300
2025-06-03 00:00:00-04:00,200.38154929416936,202.78990771325485,199.99342573046133,202.2923126220703,46381600
2025-06-04 00:00:00-04:00,201.93404589483336,205.24803106286797,201.12794426741362,201.844482421875,43604000
2025-06-05 00:00:00-04:00,202.521183994692,203.765171611367,199.1872911078447,199.6649932861328,55126100
2025-06-06 00:00:00-04:00,202.0236053289331,204.7106157617459,201.07817770068002,202.93917846679688,46607700
2025-06-09 00:00:00-04:00,203.40692547634254,205.0091823144686,199.05794913802782,200.48106384277344,72862600
2025-06-10 00:00:00-04:00,199.63515466910712,203.36711781582227,199.60530017876516,201.6951904296875,54672600
2025-06-11 00:00:00-04:00,202.5211970741936,203.51638723180633,197.45568281643992,197.8238983154297,60989900
2025-06-12 00:00:00-04:00,198.12244911144163,198.71955406677787,196.410720905765,198.2418670654297,43904600
2025-06-13 00:00:00-04:00,198.7693188209708,199.4062398916536,194.758703844025,195.50509643554688,51447300
2025-06-16 00:00:00-04:00,196.35101387226533,197.73432753277095,195.61456771612566,197.4656219482422,43020700
2025-06-17 00:00:00-04:00,196.25149936947125,197.4357781067605,194.27108064091922,194.69900512695312,38856200
2025-06-18 00:00:00-04:00,194.9975546383106,196.6197193940347,194.13174409281177,195.6344757080078,45394700
2025-06-20 00:00:00-04:00,197.28651411005004,200.72986375748766,195.9131467510872,200.03323364257812,96813500
2025-06-23 00:00:00-04:00,200.6602023375907,201.3269779408771,198.00304635957568,200.53082275390625,55814300
2025-06-24 00:00:00-04:00,201.61557243039425,202.46149014710028,199.23706853700068,199.3365936279297,54064000
2025-06-25 00:00:00-04:00,200.48105886821313,202.690382284235,199.65504919597097,200.5905303955078,39525700
2025-06-26 00:00:00-04:00,200.461158146952,201.66534499125092,198.5006473897771,200.03323364257812,50799100
2025-06-27 00:00:00-04:00,200.91894034324127,202.24254507531293,199.03803155248616,200.1128387451172,73188600
2025-06-30 00:00:00-04:00,201.03834688076608,206.39247448465787,198.30157410241034,204.1831512451172,91912800
2025-07-01 00:00:00-04:00,205.6759415551798,209.17901505124104,205.1484920031366,206.82041931152344,78788900
2025-07-02 00:00:00-04:00,207.90517762155153,212.3138626915596,207.13887695509675,211.41819763183594,67941800
2025-07-03 00:00:00-04:00,211.12958235725722,213.61755770997246,210.7912213537831,212.52285766601562,34955800
2025-07-07 00:00:00-04:00,211.65705062020388,215.18997897032483,207.7957228576545,208.940185546875,50229000
2025-07-08 00:00:00-04:00,209.08945658408672,210.41304612040562,207.4473837253886,208.9998779296875,42848900
2025-07-09 00:00:00-04:00,208.52220905408606,210.31355451699514,206.22332203726856,210.1244659423828,48749400
2025-07-10 00:00:00-04:00,209.49748097232364,212.45319704499605,209.0197939340788,211.3883514404297,44443600
2025-07-11 00:00:00-04:00,209.55720483784353,211.10969909895366,208.8506131239295,210.1443634033203,39765800
2025-07-14 00:00:00-04:00,208.92025854176603,209.89555581124029,206.54175471753558,207.61656188964844,38840100
2025-07-15 00:00:00-04:00,208.21368905566166,210.87084499335577,207.9151289669034,208.10421752929688,42296300
2025-07-16 00:00:00-04:00,209.28849593835915,211.37838618562168,207.63647661047767,209.149169921875,47490500
2025-07-17 00:00:00-04:00,209.5571995447156,210.78127919114968,208.58190225319882,209.0098419189453,48068100
2025-07-18 00:00:00-04:00,209.85575432940058,210.77132749863404,208.6913836081342,210.1642608642578,48974600
2025-07-21 00:00:00-04:00,211.07984586548804,214.74213848423943,210.61210526026528,211.4580078125,51377400
2025-07-22 00:00:00-04:00,212.1148098811231,213.91610146940232,211.2091832773312,213.36874389648438,46404100
2025-07-23 00:00:00-04:00,213.96589762082587,214.11517007989065,211.38835859165647,213.11997985839844,46989300
2025-07-24 00:00:00-04:00,212.87116805528336,214.65256693634578,212.50295255730364,212.73184204101562,46022600
2025-07-25 00:00:00-04:00,213.66733592091674,214.20474714033003,212.37358560556336,212.85128784179688,40268800
2025-07-28 00:00:00-04:00,213.00055398053098,213.81661722083774,212.03521828670327,213.0204620361328,37858000
2025-07-29 00:00:00-04:00,213.14982178903043,213.7767964509494,209.80599741985404,210.2538299560547,51411700
2025-07-30 00:00:00-04:00,210.88079278566187,211.36844143995228,206.72090512781878,208.0445098876953,45512500
2025-07-31 00:00:00-04:00,207.4872131893059,208.83071086700429,206.1636083824018,206.57164001464844,80698400
2025-08-01 00:00:00-04:00,209.85574027592583,212.5527122409286,200.53081350952442,201.40658569335938,104434500
2025-08-04 00:00:00-04:00,203.52634207300898,206.88014336875773,200.70995198839026,202.37193298339844,75109300
2025-08-05 00:00:00-04:00,202.42167200915333,204.35234334482283,201.18764593221573,201.94398498535156,44155100
2025-08-06 00:00:00-04:00,204.6409599471833,214.3440641251077,204.60114383647723,212.22430419921875,108483100
2025-08-07 00:00:00-04:00,217.8272171299369,219.78774287041324,215.5382768294147,218.9716796875,90224800
2025-08-08 00:00:00-04:00,219.76786212559261,229.88894502591432,218.19545972697713,228.24688720703125,113854000
2025-08-11 00:00:00-04:00,227.08116933177635,228.71513292468896,223.9327956372812,226.34388732910156,61806100
2025-08-12 00:00:00-04:00,227.17084589508121,229.95058632959714,226.2343181614284,228.8048095703125,55626200
2025-08-13 00:00:00-04:00,230.2195756343437,234.1351043372746,229.58191650034667,232.47125244140625,69878500
2025-08-14 00:00:00-04:00,233.1985666998313,234.25466305951576,230.0003892485326,231.92327880859375,51916300
2025-08-15 00:00:00-04:00,233.1387895567921,233.417757832359,228.49593650929467,230.73765563964844,56038700
2025-08-18 00:00:00-04:00,230.8472538899505,232.26202593201924,229.26310933608104,230.0402374267578,37476200
2025-08-19 00:00:00-04:00,230.4287923573085,232.01293684851592,228.50590285589897,229.71144104003906,39402600
2025-08-20 00:00:00-04:00,229.13358225147155,229.6217843388592,224.93908515924198,225.17819213867188,42263900
2025-08-21 00:00:00-04:00,225.43723377620466,225.6863136691638,222.95639256938466,224.072265625,30621200
2025-08-22 00:00:00-04:00,225.33760837029214,228.2468598588307,224.58041092619504,226.9217529296875,42477800
2025-08-25 00:00:00-04:00,225.6464693442017,228.45609804536198,225.3973894325087,226.323974609375,30983100
2025-08-26 00:00:00-04:00,226.03502689374838,228.6453946309622,223.86305742355088,228.46604919433594,54575100
2025-08-27 00:00:00-04:00,227.7686378094015,230.05020313892598,227.41991984776428,229.6417236328125,31259500
2025-08-28 00:00:00-04:00,229.9704999102399,232.55096405412047,228.4959359400532,231.70408630371094,38074700
2025-08-29 00:00:00-04:00,231.65426265633033,232.52107103838586,230.51845893056873,231.28562927246094,39418400
2025-09-02 00:00:00-04:00,228.4062708029861,230.00038826150748,226.1346633063032,228.87454223632812,44075600
2025-09-03 00:00:00-04:00,236.33698891571112,237.9709525201245,233.49747185558658,237.59234619140625,66427800
2025-09-04 00:00:00-04:00,237.5723846793371,239.01704493171877,235.86868682669095,238.89749145507812,47549400
2025-09-05 00:00:00-04:00,239.1167027112504,240.43185187342493,237.61226559630578,238.80784606933594,54870400
2025-09-08 00:00:00-04:00,238.41928864081726,239.2661511981365,235.47017586985078,237.0045166015625,48999500
2025-09-09 00:00:00-04:00,236.12775932745953,237.90120710535396,232.5011563745861,233.48751831054688,66313900
2025-09-10 00:00:00-04:00,231.33545739080094,231.56460664903227,225.118417424808,225.955322265625,83440800
2025-09-11 00:00:00-04:00,226.04500979013486,229.60186307827533,225.81584532196928,229.18341064453125,50208600
2025-09-12 00:00:00-04:00,228.3764005514914,233.6469250222829,228.17713965402348,233.20855712890625,55824200
2025-09-15 00:00:00-04:00,236.12775635652346,237.31337916896246,234.16500543557729,235.828857421875,42699500
2025-09-16 00:00:00-04:00,236.30708253667353,240.33222235518573,235.45026224943368,237.2735137939453,63421100
2025-09-17 00:00:00-04:00,238.09051246512186,239.21635855568803,236.85507060288438,238.11044311523438,46508000
2025-09-18 00:00:00-04:00,239.08682096339746,240.31228984200703,235.77903252032195,237.0045166015625,44249600
2025-09-19 00:00:00-04:00,240.34217704154452,245.3935247988757,239.32594197772087,244.59646606445312,163741300
2025-09-22 00:00:00-04:00,247.38616206443075,255.69547916115815,247.2068166293636,255.13751220703125,105517400
2025-09-23 00:00:00-04:00,254.93828225227924,256.3929004583055,252.64674396870498,253.4936065673828,60275200
2025-09-24 00:00:00-04:00,254.2807025242173,254.79879299943292,250.11607847800005,251.38140869140625,42303700
2025-09-25 00:00:00-04:00,252.27808820484515,256.22352044118514,250.7836088309123,255.9246063232422,55202100
2025-09-26 00:00:00-04:00,253.1648258525147,256.65194458214916,252.84599627139946,254.5198211669922,46076300
2025-09-29 00:00:00-04:00,253.6231329894407,254.06151607705354,252.07883445903423,253.4936065673828,40127700
2025-09-30 00:00:00-04:00,253.92202035086734,254.97811672142575,252.17846100632588,253.69287109375,37704300
2025-10-01 00:00:00-04:00,254.10134722927504,257.83756097799323,253.9917514638179,254.5098419189453,48713900
2025-10-02 00:00:00-04:00,255.63566078088252,257.229778167004,253.21461153357077,256.18365478515625,42630200
2025-10-03 00:00:00-04:00,253.73271197999827,258.2858846694617,253.01536064819075,257.07037353515625,49155600
2025-10-06 00:00:00-04:00,257.0405037108186,258.1165459888059,254.11133663097664,255.74530029296875,44664100
2025-10-07 00:00:00-04:00,255.86484387966763,256.45266881763376,254.48991791397023,255.53607177734375,31955800
2025-10-08 00:00:00-04:00,255.5758888188916,257.56852798749276,255.16739414069707,257.1102294921875,36496900
2025-10-09 00:00:00-04:00,256.86113993459566,257.0504430809132,252.20832947523735,253.10501098632812,38322000
2025-10-10 00:00:00-04:00,254.00171816056968,255.436420799504,243.10197943699816,244.3673095703125,61999100
2025-10-13 00:00:00-04:00,248.46219085423505,248.7710475029622,244.6562426215344,246.74851989746094,38142900
2025-10-14 00:00:00-04:00,245.69241642712313,247.93413549962378,243.79940008876653,246.8581085205078,35478000
2025-10-15 00:00:00-04:00,248.57178982967116,250.89321639065437,246.559219921403,248.42233276367188,33893600
2025-10-16 00:00:00-04:00,247.33633482463924,248.1234206007849,244.2278226113223,246.53927612304688,39777000
2025-10-17 00:00:00-04:00,247.10719170360767,252.44746537322095,246.35995200283696,251.36146545410156,49147000
2025-10-20 00:00:00-04:00,254.94822099113512,263.4069798400544,254.68918336894043,261.27484130859375,90483000
2025-10-21 00:00:00-04:00,260.9161783410852,264.3136317818121,260.86634411857244,261.8028869628906,46695900
2025-10-22 00:00:00-04:00,261.68336485657886,261.882640960004,254.48993535873984,257.49884033203125,45015300
2025-10-23 00:00:00-04:00,258.98332466328685,259.6608147081683,257.0604350924048,258.6246337890625,32754900
2025-10-24 00:00:00-04:00,260.2287163700197,263.15789839957887,258.22610426270086,261.85272216796875,38253700
2025-10-27 00:00:00-04:00,263.9051197703755,268.1295048126629,263.6759553344934,267.8206481933594,44888200
2025-10-28 00:00:00-04:00,267.9999758056659,268.896687690681,267.16307106420925,268.00994873046875,41534800
2025-10-29 00:00:00-04:00,268.28892986747474,270.4110953948544,266.1269030442272,268.7073974609375,51086700
2025-10-30 00:00:00-04:00,270.98894793982623,273.1310593223432,267.49188695276854,270.401123046875,69886500
2025-10-31 00:00:00-04:00,275.97053891965146,276.29934139392066,268.1693703205502,269.3749084472656,86167100
2025-11-03 00:00:00-05:00,269.42476736726525,269.8531775103368,265.2701011373342,268.0597839355469,50194600
2025-11-04 00:00:00-05:00,267.3424445625432,270.49081837885313,266.6350661079627,269.0461730957031,49274800
2025-11-05 00:00:00-05:00,267.6213843438783,270.70003856307255,265.94757476828966,269.1457824707031,43683100
2025-11-06 00:00:00-05:00,266.90407480138714,272.3937751745226,266.90407480138714,268.7771301269531,51204000
2025-11-07 00:00:00-05:00,268.80702532983145,271.2878818962731,265.7881780523408,267.48193359375,48227400
2025-11-10 00:00:00-05:00,268.2298525605972,272.98692304032335,266.733924572705,268.6985778808594,41312400
2025-11-11 00:00:00-05:00,269.07757258136417,275.16101963639426,269.0675899882029,274.5028076171875,46208300
2025-11-12 00:00:00-05:00,274.2535373864602,274.9815668240292,270.96250711171905,272.7276916503906,48398000
2025-11-13 00:00:00-05:00,273.3658696206449,275.9488654308047,271.3513641926929,272.20904541015625,49602800
2025-11-14 00:00:00-05:00,270.31420819279356,275.21088338895913,268.8681625557137,271.6705322265625,47431300
2025-11-17 00:00:00-05:00,268.09027174019775,269.7557213346742,265.00866346949266,266.73394775390625,45018300
2025-11-18 00:00:00-05:00,269.25705465795,269.97510130800674,264.59974924229334,266.7139892578125,45677300
2025-11-19 00:00:00-05:00,264.80921977983166,271.47107967039307,264.77930243197466,267.83099365234375,40424500
2025-11-20 00:00:00-05:00,270.09480618650156,274.68232536305425,265.1981613886433,265.5272521972656,45823600
2025-11-21 00:00:00-05:00,265.2280517805383,272.5879921198442,264.9488130991126,270.75299072265625,59030800
2025-11-24 00:00:00-05:00,270.164627965921,276.24807542504453,270.164627965921,275.1710205078125,65585800
2025-11-25 00:00:00-05:00,274.52274228722064,279.6188865292943,274.5028075356392,276.2181396484375,46914200
2025-11-26 00:00:00-05:00,276.2082055022192,278.7712367451818,275.8791146523587,276.7966003417969,33431400
2025-11-28 00:00:00-05:00,276.50736791500816,278.242634823177,275.2407959413455,278.0930480957031,20135600
2025-12-01 00:00:00-05:00,277.2553332443013,282.65065109438723,275.3904143522869,282.3315124511719,46587700
2025-12-02 00:00:00-05:00,282.231773534172,286.619823290159,281.86278279875575,285.4131164550781,53669500
2025-12-03 00:00:00-05:00,285.4231155973949,287.8365294074879,282.5309633672564,283.378662109375,43538700
2025-12-04 00:00:00-05:00,283.3287830094401,283.95707766942763,277.83373081751637,279.9380187988281,43989100
2025-12-05 00:00:00-05:00,279.77845592816414,280.37683325787106,277.2951945750906,278.0232238769531,47265800
2025-12-08 00:00:00-05:00,277.374989388386,278.9108174051644,275.4003533668138,277.1356506347656,38211800
2025-12-09 00:00:00-05:00,277.40493251311347,279.2698514894354,276.16830825817004,276.4275817871094,32193300
2025-12-10 00:00:00-05:00,276.9960211276047,278.9905919368044,275.68957968235776,278.0232238769531,33038300
2025-12-11 00:00:00-05:00,278.34237127554803,278.8310314000742,273.0667227973629,277.2752685546875,33248000
2025-12-12 00:00:00-05:00,277.14559334691864,278.4620173164318,276.06853855760204,277.5245666503906,39532900
2025-12-15 00:00:00-05:00,279.3894873363706,279.3894873363706,272.0993337942639,273.3658752441406,50409100
2025-12-16 00:00:00-05:00,272.07941349564567,274.752131096348,271.0522107383373,273.8645324707031,37648600
2025-12-17 00:00:00-05:00,274.2634587890498,275.41033087528734,270.9026119684932,271.10205078125,50138700
2025-12-18 00:00:00-05:00,272.8672697170699,272.88723490520505,266.22537510199504,271.4511413574219,51630700
2025-12-19 00:00:00-05:00,271.4112306527045,273.8545921928022,269.1673383776201,272.9271240234375,144632000
2025-12-22 00:00:00-05:00,272.1192896847017,273.13654030849926,269.7756932559407,270.23443603515625,36571800
2025-12-23 00:00:00-05:00,270.1048034873943,271.7603010837797,268.8282792538215,271.62066650390625,29642000
2025-12-24 00:00:00-05:00,271.60070067851706,274.6823088952694,271.46109654935304,273.06671142578125,17910600
2025-12-26 00:00:00-05:00,273.4158142002898,274.6225212124231,272.1193247047194,272.6578674316406,21521800
2025-12-29 00:00:00-05:00,271.9497734782625,273.61522314661676,271.6107000753325,273.0168762207031,23715200
2025-12-30 00:00:00-05:00,272.06942798009953,273.3359694836473,271.54086793463244,272.33868408203125,22139600
2025-12-31 00:00:00-05:00,272.3187639976345,272.9370761103812,271.0123224859311,271.12200927734375,27293600
2026-01-02 00:00:00-05:00,271.52095990203577,277.0857995993762,268.26979943372277,270.27435302734375,37838100
2026-01-05 00:00:00-05:00,269.9053759278346,270.7730094869922,265.41759095171795,266.5345458984375,45647200
2026-01-06 00:00:00-05:00,266.27524679504927,266.8237416838396,261.4084883511094,261.6478271484375,52352100
2026-01-07 00:00:00-05:00,262.485556491205,262.96423405428067,259.10474402829175,259.6233215332031,48309800
2026-01-08 00:00:00-05:00,256.3222864925608,258.58614386359903,255.00587765735156,258.3368225097656,50419300
2026-01-09 00:00:00-05:00,258.3767027680543,259.5036402038468,255.52448097015204,258.6659240722656,39997000
2026-01-12 00:00:00-05:00,258.45648066308013,260.5906555331263,256.1028713590674,259.54351806640625,45263800
2026-01-13 00:00:00-05:00,258.01770778709204,261.0993163539261,257.68861696081353,260.34136962890625,45730800
2026-01-14 00:00:00-05:00,258.78557762508564,261.1092696408236,256.0131254420647,259.2543029785156,40019400
2026-01-15 00:00:00-05:00,259.94247342351326,260.3314293980394,256.35223934409396,257.50909423828125,39388600
2026-01-16 00:00:00-05:00,257.1998957308392,258.1971811198186,254.23795690818102,254.83633422851562,72142800
2026-01-20 00:00:00-05:00,252.04394930256512,254.09835490933511,242.75922413209136,246.0303192138672,80267500
2026-01-21 00:00:00-05:00,248.02489020045314,250.87712721718017,244.51444112970407,246.9777374267578,54641700
2026-01-22 00:00:00-05:00,248.52352576906395,250.31864258405668,247.47637302553753,247.67584228515625,39708300
2026-01-23 00:00:00-05:00,246.64863719927277,248.73296007338791,244.0157890837153,247.36666870117188,41689000
2026-01-26 00:00:00-05:00,250.7973501838168,255.86356228737432,249.121917868832,254.71669006347656,55969200
2026-01-27 00:00:00-05:00,258.4664899667647,261.2389423700868,257.5090739976807,257.56890869140625,49648300
2026-01-28 00:00:00-05:00,256.9505880888889,258.1572949521919,253.81911240916085,255.74388122558594,41288000
2026-01-29 00:00:00-05:00,257.29964922744847,258.94516415300217,253.7193980705993,257.5788879394531,67253000
2026-01-30 00:00:00-05:00,254.4773517832236,261.1890792690021,251.49546251262876,258.7756652832031,92443400
2026-02-02 00:00:00-05:00,259.3241194003358,269.7557160843994,258.50633807413067,269.27703857421875,73913400
2026-02-03 00:00:00-05:00,268.4692659190308,271.1419837262723,266.88355520832346,268.7485046386719,64394700
2026-02-04 00:00:00-05:00,271.55083028665655,278.19275421850585,271.55083028665655,275.7394104003906,90545700
2026-02-05 00:00:00-05:00,277.37501624935936,278.7412924914769,272.48832346973,275.1610412597656,52977400
2026-02-06 00:00:00-05:00,276.3677049075235,280.1474248180158,276.1782182606431,277.364990234375,50453400
2026-02-09 00:00:00-05:00,277.41494619870406,277.70443813431814,271.2160169672847,274.13079833984375,44623400
2026-02-10 00:00:00-05:00,274.40031021957236,274.87943562430115,272.4537718732244,273.19244384765625,34376900
2026-02-11 00:00:00-05:00,274.2106536370846,279.6808719096702,273.9610989943363,275.00921630859375,51931300
2026-02-12 00:00:00-05:00,275.09909064411113,275.22886395053104,259.7165366668213,261.2637939453125,81077200
2026-02-13 00:00:00-05:00,261.5432690161623,261.7628783299504,254.9949421084194,255.32435607910156,56290700
2026-02-17 00:00:00-05:00,257.5903108294174,265.8156532326085,255.08478749757862,263.4099426269531,58469100
2026-02-18 00:00:00-05:00,263.13045584681157,266.3447212846438,261.9825104325609,263.8791198730469,34203300
2026-02-19 00:00:00-05:00,262.13220471573277,264.00886051677537,259.5867290635135,260.11578369140625,30845300
2026-02-20 00:00:00-05:00,258.50868117461044,264.2783836675007,257.7001265171608,264.1086730957031,42070500
2026-02-23 00:00:00-05:00,263.0206001676805,268.95002088588865,262.91081074777924,265.705810546875,37308200
2026-02-24 00:00:00-05:00,267.38283777638213,274.4003442568012,267.233111068832,271.6552429199219,47014600
2026-02-25 00:00:00-05:00,271.29586819299504,274.45024283739696,270.567157599074,273.74151611328125,33714300
2026-02-26 00:00:00-05:00,274.4602128097023,275.61811956353745,270.31758130113775,272.4637756347656,32345100
2026-02-27 00:00:00-05:00,272.3240124520744,272.3240124520744,262.4217010495403,263.7093811035156,72366500
2026-03-02 00:00:00-05:00,261.94253069595567,266.05518620599753,259.73647625260065,264.2484130859375,41827900
2026-03-03 00:00:00-05:00,263.0106738027697,265.08695529305965,259.6666350681776,263.2801818847656,38568900
2026-03-04 00:00:00-05:00,264.17854815272653,265.67587606267574,260.95432154975975,262.0523376464844,39803100
2026-03-05 00:00:00-05:00,260.3254337562426,261.09405110124777,256.79173142961054,259.8263244628906,49658600
2026-03-06 00:00:00-05:00,258.16927189629365,258.3090066542827,253.916851068475,257.0013427734375,41120000
2026-03-09 00:00:00-04:00,255.2345148744848,260.68477987096253,253.22808575123491,259.41705322265625,38218500
2026-03-10 00:00:00-04:00,257.19102845716964,262.01244158439727,256.4922936817907,260.3653564453125,30590800
2026-03-11 00:00:00-04:00,260.62486739620806,261.6630231774062,259.08760235948154,260.3453674316406,26218900
2026-03-12 00:00:00-04:00,258.1992253881205,258.48871731031414,253.72719511663234,255.30438232421875,40794000
2026-03-13 00:00:00-04:00,255.024890934378,255.87336762960538,249.07551643845036,249.6744384765625,36930000
2026-03-16 00:00:00-04:00,251.66090222791988,253.43773019062647,249.4348789230203,252.36964416503906,32074200
2026-03-17 00:00:00-04:00,252.5093881906664,254.67552076289968,251.7307636559193,253.77711486816406,32361600
2026-03-18 00:00:00-04:00,252.1799767808244,254.48585937367065,248.55643828829037,249.49476623535156,35757900
2026-03-19 00:00:00-04:00,248.95572868612365,251.38140795985734,246.85947863088072,248.5165252685547,34864100
2026-03-20 00:00:00-04:00,247.53824109812177,248.75606899357115,245.56177255944445,247.54823303222656,88331100
2026-03-23 00:00:00-04:00,253.51758537106093,254.14646797882926,249.83415620831627,251.04200744628906,40546100
2026-03-24 00:00:00-04:00,249.90403139868116,254.37604644028636,249.10545347620703,251.1917266845703,45152300
2026-03-25 00:00:00-04:00,253.6473574345128,254.5457480998694,251.15181088451408,252.16998291015625,28476700
2026-03-26 00:00:00-04:00,251.67088153367666,256.5421934269488,250.32329549316128,252.43951416015625,41796700
2026-03-27 00:00:00-04:00,253.4477020992108,255.03488128462607,247.6281009352486,248.35679626464844,47900000
2026-03-30 00:00:00-04:00,249.62453299565456,250.4230956915925,245.07264337813007,246.19065856933594,39446200
2026-03-31 00:00:00-04:00,247.46837564153284,255.02488248828539,246.65982101631488,253.337890625,49598100
2026-04-01 00:00:00-04:00,253.62737973002484,255.7236296181179,252.8787157917901,255.17462158203125,40059400
2026-04-02 00:00:00-04:00,253.74717405681358,255.6737439434535,250.20349485503914,255.464111328125,31289400
2026-04-06 00:00:00-04:00,256.053045051996,261.6929736576745,256.003115847535,258.3988342285156,29329900
2026-04-07 00:00:00-04:00,255.70368128016966,255.7436185540334,245.2623079794448,253.0484161376953,62148000
2026-04-08 00:00:00-04:00,257.98960165960847,259.2872736156141,256.0730086009651,258.43878173828125,41032800
2026-04-09 00:00:00-04:00,258.5386040524215,260.65482250105316,255.6138310165902,260.02593994140625,28121600
2026-04-10 00:00:00-04:00,259.5168819122501,261.7229364827484,258.5585701252562,260.0159912109375,31291500
2026-04-13 00:00:00-04:00,259.2673359057164,259.71651601158027,256.2027973984465,258.73828125,36234700
2026-04-14 00:00:00-04:00,258.78816168339415,261.4633801130582,256.73183388682423,258.368896484375,48370700
2026-04-15 00:00:00-04:00,257.7001261657452,266.08515659729386,257.35074355126085,265.95538330078125,49913500
2026-04-16 00:00:00-04:00,266.3246925362851,266.6840670491935,260.804545264895,262.9307556152344,43323100
2026-04-17 00:00:00-04:00,266.4844323486072,271.8149160854778,266.24486962975914,269.7486267089844,61436200
2026-04-20 00:00:00-04:00,269.84841238867654,273.7913879220191,269.80850557942483,272.5635681152344,36590200
2026-04-21 00:00:00-04:00,271.0163536236942,272.3140256362382,264.9272139873882,265.69586181640625,50209800
2026-04-22 00:00:00-04:00,267.3429346055621,273.2523721409737,266.39461467279705,272.68341064453125,43249200
2026-04-23 00:00:00-04:00,274.56001085217736,275.2787294551341,271.1660737405759,272.9429016113281,33399600
2026-04-24 00:00:00-04:00,272.2741016414235,272.5735550213531,269.16962610782736,270.5771179199219,38157100
2026-04-27 00:00:00-04:00,265.6159889280984,267.88193422863776,264.59781690250213,267.1332702636719,41466800
2026-04-28 00:00:00-04:00,271.8548539018017,272.7432830913257,268.181416710472,270.2277526855469,40018900
2026-04-29 00:00:00-04:00,267.07336249706583,270.55716597281076,266.56429174844374,269.688720703125,30047900
2026-04-30 00:00:00-04:00,270.018146234023,275.50834883767226,267.6623648300734,270.86663818359375,91848200
2026-05-01 00:00:00-04:00,278.36321169794013,286.7083346607987,277.87409435408995,279.6409606933594,79915400
2026-05-04 00:00:00-04:00,279.16182884121525,280.13010214166496,274.3703610857382,276.33685302734375,46668400
2026-05-05 00:00:00-04:00,276.43668191704,284.0630869835518,276.00745521106614,283.67376708984375,49311700
2026-05-06 00:00:00-04:00,281.4177950537395,287.5168959460148,280.5693031693742,286.9978332519531,58336100
2026-05-07 00:00:00-04:00,288.75467457606095,291.60959552514373,285.2709015174152,286.9279479980469,45224300
2026-05-08 00:00:00-04:00,289.49338424193445,294.2349225642168,289.48339230776435,292.7974853515625,52692800
2026-05-11 00:00:00-04:00,291.72841688276577,293.6267735875138,289.979924827367,292.42779541015625,42247300
2026-05-12 00:00:00-04:00,292.3078994315659,295.0155556946294,292.3078994315659,294.54595947265625,45748100
2026-05-13 00:00:00-04:00,293.24708951115105,300.6607090744109,293.24708951115105,298.6124572753906,52684300
2026-05-14 00:00:00-04:00,299.5616620172475,300.1911240450107,295.12548538387824,297.9530334472656,35324900
2026-05-15 00:00:00-04:00,297.643304079477,302.93875555297063,296.26448829773227,299.9713134765625,54862800
2026-05-18 00:00:00-04:00,299.98126929450746,300.4009207908792,294.6558756451712,297.5833435058594,34483000
2026-05-19 00:00:00-04:00,296.7140952726279,300.2510533099592,296.09463441963413,298.7123718261719,42243600
2026-05-20 00:00:00-04:00,297.9230626302997,302.5390768782648,297.82314269813475,301.98956298828125,38229800
2026-05-21 00:00:00-04:00,300.80056674721834,305.27671719779084,300.1411318265125,304.7271728515625,42965100
2026-05-22 00:00:00-04:00,305.85620846339293,311.13165741506583,305.57645096183757,308.55389404296875,43670200
2026-05-26 00:00:00-04:00,309.29325163060713,311.5513139598484,307.4048960873393,308.0643005371094,48000500
2026-05-27 00:00:00-04:00,308.0643052358437,312.9900803339556,308.0343323058515,310.5821533203125,50430900
2026-05-28 00:00:00-04:00,310.412282475935,312.5304508120942,309.30325358892543,312.24072265625,48220400
2026-05-29 00:00:00-04:00,311.5113496628706,314.7285763294451,309.2632884033746,311.7911071777344,70026800
2026-06-01 00:00:00-04:00,309.363197507879,310.67206624496237,304.7571540774977,306.0460510253906,48849900
2026-06-02 00:00:00-04:00,307.1950545511415,315.1781903378333,306.42572903356995,314.92840576171875,44534700
2026-06-03 00:00:00-04:00,313.9092501546009,316.6668815001487,308.5838566628498,309.9926452636719,50836700
2026-06-04 00:00:00-04:00,312.96009909963743,313.26982953176514,309.38316692864953,310.9618225097656,44869100
2026-06-05 00:00:00-04:00,312.5903972939029,314.8984348439246,306.8853260765596,307.0751647949219,65310500
2026-06-08 00:00:00-04:00,308.4739595974908,317.1265012321255,300.9105055796523,301.2801818847656,77949100
2026-06-09 00:00:00-04:00,300.0212482417878,300.4908444635933,287.5320194610898,290.29962158203125,70108800
2026-06-10 00:00:00-04:00,290.4894628291428,294.4960172141002,287.1323727394638,291.3287353515625,52793300
2026-06-11 00:00:00-04:00,293.4668864344149,296.7440586571729,289.3404406054596,295.375244140625,42572500
2026-06-12 00:00:00-04:00,295.7749221682621,296.88398158337014,289.3704417369658,290.879150390625,38742100
2026-06-15 00:00:00-04:00,293.8665449684006,297.5233947188816,291.4486474146935,296.1645812988281,45732600
2026-06-16 00:00:00-04:00,294.99559499590845,300.2210994929347,293.71669913987887,298.9821472167969,39874400
2026-06-17 00:00:00-04:00,300.59074812548096,301.8096980081642,294.10632015937927,295.6949768066406,42745100
2026-06-18 00:00:00-04:00,297.8530937792582,300.31099586682666,295.3652492546472,297.7532043457031,85962200
2026-06-22 00:00:00-04:00,297.05381866220307,302.1594314563154,296.5043047694293,296.75408935546875,44879900
2026-06-23 00:00:00-04:00,297.2836155142734,301.3800886038737,293.9264950024863,294.04638671875,52010900
2026-06-24 00:00:00-04:00,295.1054570720635,299.4417438827621,292.68755959702736,292.8274230957031,53081900
2026-06-25 00:00:00-04:00,287.1523472601469,288.55113481081804,273.5141152813601,274.91290283203125,107013700
2026-06-26 00:00:00-04:00,274.7630284991681,285.70360492137456,273.9737007161028,283.53546142578125,261775500
2026-06-29 00:00:00-04:00,286.4829438934296,288.12151489662153,279.6088673150861,281.4972229003906,66427000
2026-06-30 00:00:00-04:00,280.9277417485351,289.69017405322865,280.45814550695326,289.11065673828125,65100200
2026-07-01 00:00:00-04:00,293.1871503157195,296.33442991747245,288.95081360688545,294.1263427734375,50164200
2026-07-02 00:00:00-04:00,293.866538367699,309.15337194761725,293.4269150966668,308.3640441894531,75352800
2026-07-06 00:00:00-04:00,307.0951430290638,313.9292760509671,306.7354678654279,312.3905944824219,53590000
2026-07-07 00:00:00-04:00,315.0183186077797,315.20815732134815,309.88273318392555,310.3923034667969,42490000
2026-07-08 00:00:00-04:00,311.6412289475945,314.5487250421545,306.7854009831778,313.1199645996094,41323500
2026-07-09 00:00:00-04:00,310.24243869469103,316.2572401947346,307.8944576262147,315.947509765625,48124500
2026-07-10 00:00:00-04:00,314.4488202226986,316.6369356310425,311.9010296470402,315.0483093261719,34132300
2026-07-13 00:00:00-04:00,316.7468014245228,323.171283634363,315.5078797345754,317.03656005859375,43257800
2026-07-14 00:00:00-04:00,313.48965629761443,315.91755515351207,311.64124426456783,314.58868408203125,36336800
2026-07-15 00:00:00-04:00,317.34631234952286,328.44675508114506,317.0465830462295,327.2178039550781,60957600
2026-07-16 00:00:00-04:00,327.72736328456057,334.3915986652446,326.50841333986017,332.97283935546875,62970600
2026-07-17 00:00:00-04:00,331.693929977533,334.7013154010385,328.71648699084636,333.452392578125,63407100
2026-07-20 00:00:00-04:00,333.2226134619852,333.4224228207836,323.4010672140761,326.3085632324219,53468000
2026-07-21 00:00:00-04:00,322.85156758462244,329.3159936819017,321.94234806189104,327.45758056640625,41338900
2026-07-22 00:00:00-04:00,327.58746619388995,328.7164973399543,323.0613709608057,325.60919189453125,38755900
2026-07-23 00:00:00-04:00,321.4527900194849,323.0214140443725,319.0748358849152,321.3828430175781,40840800
2026-07-24 00:00:00-04:00,321.5127284115298,334.0818750563203,321.3428614810286,332.7330322265625,47489400
2026-07-27 00:00:00-04:00,334.2517370375488,339.277401491225,333.73216560461384,336.61968994140625,49604300
2026-07-28 00:00:00-04:00,339.73698155301014,342.59453283396704,335.31080637618777,339.78692626953125,51859000
2026-07-29 00:00:00-04:00,339.43727163464206,344.2730974331505,337.0593175600121,337.8985900878906,56090800
2026-07-30 00:00:00-04:00,332.8129674612056,334.4615395264105,329.30598233808786,333.1426696777344,74817800
2026-07-31 00:00:00-04:00,304.54735603914753,310.4222943774597,299.7415030462749,308.6438293457031,132489100
2026-08-03 00:00:00-04:00,309.313234694189,311.5313230344714,302.29929450581176,303.1585693359375,75052000
2026-08-04 00:00:00-04:00,302.46913991298527,310.1525156602479,301.0603512911937,309.1134033203125,68001000
2026-08-05 00:00:00-04:00,309.09342362565195,311.4414048335362,305.40663118634393,310.7320251464844,49438800
2026-08-06 00:00:00-04:00,314.06913775686996,316.0174696892129,308.96355554648414,312.14080810546875,46139900
2026-08-07 00:00:00-04:00,311.1816431226555,314.53873325457766,310.47223295908327,313.05999755859375,34437200
2026-08-10 00:00:00-04:00,306.8299865722656,308.260009765625,304.6099853515625,308.260009765625,44812500
2026-08-11 00:00:00-04:00,307.75,309.9700012207031,302.7900085449219,304.9100036621094,37476700
2026-08-12 00:00:00-04:00,305.1000061035156,305.6600036621094,300.57000732421875,302.25,41657800
2026-08-13 00:00:00-04:00,304.2099914550781,306.0,302.04998779296875,305.260009765625,40349300
2026-08-14 00:00:00-04:00,306.0,307.489990234375,304.29998779296875,305.92999267578125,28229400
2026-08-17 00:00:00-04:00,306.2099914550781,307.6600036621094,302.94000244140625,305.5899963378906,38169300
2026-08-18 00:00:00-04:00,307.5799865722656,311.489990234375,305.739990234375,310.0299987792969,53424500
2026-08-19 00:00:00-04:00,310.1400146484375,319.2799987792969,309.6000061035156,316.8299865722656,50505600
2026-08-20 00:00:00-04:00,317.4599914550781,320.2799987792969,310.6499938964844,311.29998779296875,40959200
2026-08-21 00:00:00-04:00,312.04998779296875,312.3800048828125,307.010009765625,309.3500061035156,46876800
2026-08-24 00:00:00-04:00,311.4700012207031,313.3599853515625,309.9700012207031,310.3399963378906,34673600
2026-08-25 00:00:00-04:00,310.7900085449219,313.5899963378906,308.2099914550781,309.8999938964844,25869800
2026-08-26 00:00:00-04:00,310.29998779296875,315.42999267578125,308.79998779296875,313.45001220703125,34024500
2026-08-27 00:00:00-04:00,310.54998779296875,315.3999938964844,309.3999938964844,314.5799865722656,32419200
2026-08-28 00:00:00-04:00,316.8500061035156,322.3699951171875,315.45001220703125,319.70001220703125,38649400
2026-08-31 00:00:00-04:00,319.6000061035156,321.239990234375,312.79998779296875,316.8500061035156,41242700
2026-09-01 00:00:00-04:00,316.9800109863281,327.29998779296875,314.7300109863281,325.1300048828125,53167400
2026-09-02 00:00:00-04:00,326.8699951171875,328.3999938964844,323.5299987792969,324.9599914550781,33776400
2026-09-03 00:00:00-04:00,324.8699951171875,330.80999755859375,324.1099853515625,328.2099914550781,37225800
2026-09-04 00:00:00-04:00,328.30999755859375,328.92999267578125,317.8599853515625,319.9700012207031,39606900
2026-09-08 00:00:00-04:00,317.1000061035156,320.70001220703125,314.8999938964844,316.2200012207031,35477100
2026-09-09 00:00:00-04:00,315.489990234375,319.1499938964844,309.8999938964844,315.3399963378906,65640000
2026-09-10 00:00:00-04:00,316.6700134277344,326.739990234375,316.510009765625,326.57000732421875,70011900
2026-09-11 00:00:00-04:00,327.45001220703125,336.2200012207031,326.29998779296875,332.2699890136719,50716900
2026-09-14 00:00:00-04:00,334.7900085449219,335.5,331.3399963378906,333.0799865722656,39269100
2026-09-15 00:00:00-04:00,330.1400146484375,331.7799987792969,328.3500061035156,331.3399963378906,31748200
2026-09-16 00:00:00-04:00,332.5299987792969,335.4800109863281,330.70001220703125,332.4100036621094,35981000
2026-09-17 00:00:00-04:00,334.7699890136719,338.3399963378906,330.17999267578125,337.0,36700200
2026-09-18 00:00:00-04:00,337.9100036621094,338.489990234375,332.5299987792969,336.1300048828125,86588200
2026-09-21 00:00:00-04:00,335.2799987792969,339.6400146484375,333.04998779296875,338.9800109863281,34999200
2026-09-22 00:00:00-04:00,340.1400146484375,345.3399963378906,338.75,339.75,40711800
2026-09-23 00:00:00-04:00,341.0799865722656,341.79998779296875,335.5,337.0199890136719,31658800
2026-09-24 00:00:00-04:00,336.7200012207031,338.9100036621094,334.29998779296875,335.9200134277344,24733100
2026-09-25 00:00:00-04:00,336.0400085449219,341.6700134277344,334.5299987792969,341.07000732421875,30002500
2026-09-28 00:00:00-04:00,340.3699951171875,342.989990234375,338.0400085449219,338.3999938964844,32820800
2026-09-29 00:00:00-04:00,336.9700012207031,337.0899963378906,328.70001220703125,329.3999938964844,38478000
2026-09-30 00:00:00-04:00,330.79998779296875,339.5,330.1400146484375,333.0199890136719,49988600
2026-10-01 00:00:00-04:00,330.0,332.4800109863281,325.80999755859375,330.32000732421875,36306300
2026-10-02 00:00:00-04:00,333.260009765625,334.5400085449219,330.6099853515625,333.69000244140625,33278600
2026-10-05 00:00:00-04:00,332.82000732421875,336.2099914550781,331.6499938964844,332.8900146484375,34350900
2026-10-06 00:00:00-04:00,332.30499267578125,334.3800048828125,330.6199951171875,332.6199951171875,11932371
