Date,Open,High,Low,Close,Volume
2009-11-02,6956.93,7037.77,6893.21,6973.91,2034296
2009-11-03,6836.94,6910.06,6797.28,6870.21,776880
2009-11-04,6949.25,7097.65,6816.48,6964.59,2748027
2009-11-05,7038.79,7216.54,6904.66,7081.6,1563004
2009-11-06,6853.86,6964.14,6764.86,6874.86,4994814
2009-11-09,6767.93,6866.98,6644.96,6743.65,1378198
2009-11-10,6776.07,6856.97,6687.08,6767.88,3725589
2009-11-11,6747.74,6823.96,6667.76,6743.94,5754074
2009-11-12,6731.89,6798.06,6686.17,6752.2,1189964
2009-11-13,6639.73,6713.5,6596.89,6670.46,1765725
2009-11-16,6751.62,6832.29,6694.29,6774.77,2503437
2009-11-17,6868.47,6989.91,6747.93,6869.36,1185402
2009-11-18,6904.17,6953.8,6836.74,6886.24,2331860
2009-11-19,7040.2,7099.34,6962.22,7021.2,1732451
2009-11-20,7096.86,7190.75,6989.75,7083.46,1711634
2009-11-23,6980.52,7053.56,6923.1,6996.0,2041842
2009-11-24,7047.08,7099.57,6994.08,7046.57,2069378
2009-11-25,6941.45,7041.6,6848.09,6948.15,2187628
2009-11-26,7051.07,7129.56,6976.88,7055.33,1384298
2009-11-27,7101.5,7203.71,6956.78,7058.37,1421036
2009-11-30,7008.76,7177.65,6877.81,7046.01,1846582
2009-12-01,6972.98,7028.59,6922.32,6977.89,1930221
2009-12-02,7149.87,7283.58,6990.74,7123.97,1523758
2009-12-03,7083.15,7246.32,6951.85,7114.44,2408136
2009-12-04,7060.03,7197.03,6936.93,7073.69,667398
2009-12-07,7030.42,7143.48,6928.7,7041.6,1279167
2009-12-08,7104.61,7211.06,7003.0,7109.38,1676205
2009-12-09,7124.23,7262.93,7020.3,7158.5,1186277
2009-12-10,7226.13,7337.11,7102.48,7213.25,5269883
2009-12-11,7284.89,7323.12,7232.21,7270.36,2005325
2009-12-14,7542.59,7688.7,7385.21,7531.1,2204611
2009-12-15,7469.81,7592.6,7366.85,7489.37,1483717
2009-12-16,7437.03,7561.39,7310.77,7435.1,1964076
2009-12-17,7325.7,7423.82,7247.62,7345.52,956320
2009-12-18,7417.38,7463.29,7378.91,7424.79,1790686
2009-12-21,7615.47,7711.78,7470.9,7566.59,1130075
2009-12-22,7561.27,7656.6,7463.79,7559.1,1678746
2009-12-23,7437.61,7550.45,7351.67,7464.2,426791
2009-12-24,7376.18,7450.65,7297.76,7372.19,1007717
2009-12-25,7424.8,7520.25,7359.86,7455.04,4772380
2009-12-28,7522.68,7647.33,7425.54,7549.83,3263264
2009-12-29,7597.43,7702.24,7516.67,7621.23,4375028
2009-12-30,7535.74,7693.31,7388.42,7545.79,4559086
2009-12-31,7600.32,7658.04,7521.47,7579.02,2969168
2010-01-01,7611.36,7685.92,7523.76,7598.18,1510994
2010-01-04,7641.64,7713.54,7557.88,7629.67,1064110
2010-01-05,7716.04,7843.36,7614.58,7741.56,3945344
2010-01-06,7761.31,7871.02,7664.38,7773.93,2061080
2010-01-07,7869.77,7985.11,7748.11,7863.36,8854299
2010-01-08,7861.39,8027.85,7710.05,7876.23,1592699
2010-01-11,7910.37,7990.44,7836.98,7916.98,6476802
2010-01-12,8012.07,8135.39,7878.32,8001.47,1804736
2010-01-13,7812.77,7863.0,7770.77,7820.95,4419906
2010-01-14,7790.04,7859.65,7715.19,7784.76,5487673
2010-01-15,7766.86,7859.71,7637.5,7729.92,1073280
2010-01-18,7650.71,7696.49,7608.9,7654.66,1482145
2010-01-19,7651.21,7760.35,7515.47,7624.23,1066840
2010-01-20,7825.03,7943.78,7693.38,7811.93,947927
2010-01-21,7673.47,7832.27,7549.16,7707.4,2958639
2010-01-22,7804.7,7930.42,7705.2,7830.59,1762110
2010-01-25,7606.14,7732.41,7499.2,7625.21,2046046
2010-01-26,7567.51,7669.97,7484.71,7586.96,2768298
2010-01-27,7607.06,7651.88,7564.32,7609.12,650546
2010-01-28,7697.27,7747.3,7633.17,7683.1,4291125
2010-01-29,7802.47,7918.15,7657.97,7773.2,1608067
2010-02-01,7881.85,8038.97,7717.61,7874.57,2728986
2010-02-02,7822.22,7873.71,7781.26,7832.69,2877486
2010-02-03,7728.18,7880.69,7624.91,7776.76,4513023
2010-02-04,7887.63,8015.92,7757.69,7885.96,1861858
2010-02-05,7864.04,8000.89,7726.6,7863.43,554497
2010-02-08,7710.22,7811.83,7604.44,7705.99,2051899
2010-02-09,7616.64,7725.55,7460.59,7568.82,2236503
2010-02-10,7487.22,7602.9,7344.2,7459.46,1066020
2010-02-11,7537.82,7672.63,7385.61,7520.1,2166220
2010-02-12,7516.48,7589.75,7465.11,7538.24,1596603
2010-02-15,7611.13,7766.88,7467.33,7622.86,885889
2010-02-16,7569.55,7612.52,7528.75,7571.71,2966492
2010-02-17,7573.96,7724.8,7441.09,7591.62,1413762
2010-02-18,7680.1,7727.34,7621.42,7668.59,1553735
2010-02-19,7639.4,7699.9,7570.79,7631.23,1502217
2010-02-22,7662.52,7726.5,7623.76,7687.62,4161088
2010-02-23,7634.26,7723.42,7518.11,7606.95,1934675
2010-02-24,7565.45,7641.22,7487.38,7563.13,2079129
2010-02-25,7478.23,7573.53,7422.22,7517.23,1522125
2010-02-26,7373.7,7461.61,7286.94,7374.83,2617473
2010-03-01,7438.79,7520.88,7350.5,7432.52,4455237
2010-03-02,7398.36,7520.54,7255.0,7376.83,2924741
2010-03-03,7370.69,7513.89,7235.09,7378.16,2993998
2010-03-04,7453.38,7563.61,7324.96,7434.91,2852590
2010-03-05,7492.14,7543.59,7436.53,7487.94,866185
2010-03-08,7537.88,7639.1,7466.79,7567.73,1172124
2010-03-09,7523.33,7696.69,7382.64,7555.4,1753295
2010-03-10,7529.21,7576.88,7456.43,7503.94,1282704
2010-03-11,7520.74,7604.24,7410.65,7493.85,1046830
2010-03-12,7300.74,7440.46,7154.09,7293.68,644799
2010-03-15,7158.12,7295.98,6988.89,7126.14,883885
2010-03-16,6998.4,7076.56,6898.37,6976.28,1699907
2010-03-17,6879.27,6982.53,6762.14,6865.19,1901862
2010-03-18,6889.65,6990.41,6808.0,6908.53,1232022
2010-03-19,6843.79,6955.36,6697.44,6808.43,2078911
2010-03-22,6777.48,6814.58,6729.55,6766.59,1528350
2010-03-23,6899.91,6957.39,6850.49,6907.91,3814591
2010-03-24,6854.03,6965.41,6756.62,6867.8,1799509
2010-03-25,6953.79,7012.82,6889.46,6948.44,3011047
2010-03-26,6810.21,6947.13,6708.12,6844.52,2239869
2010-03-29,6835.46,6905.65,6751.1,6821.15,854915
2010-03-30,6698.11,6840.25,6575.53,6717.32,1877788
2010-03-31,6687.47,6803.09,6564.55,6680.05,944702
2010-04-01,6758.9,6853.39,6675.14,6769.5,1858216
2010-04-02,6578.79,6693.27,6469.63,6584.01,1267962
2010-04-05,6613.91,6689.07,6553.94,6628.96,2493449
2010-04-06,6650.02,6735.83,6567.47,6653.24,886102
2010-04-07,6626.65,6679.42,6536.84,6589.3,2000326
2010-04-08,6464.38,6580.18,6322.31,6437.63,2795298
2010-04-09,6450.94,6562.84,6332.31,6444.09,3417969
2010-04-12,6388.27,6507.15,6269.88,6388.76,1253561
2010-04-13,6427.85,6544.6,6295.17,6411.61,2003989
2010-04-14,6434.63,6559.42,6288.52,6412.89,2214391
2010-04-15,6562.0,6633.8,6506.71,6578.37,5016664
2010-04-16,6550.73,6676.6,6426.41,6552.25,815210
2010-04-19,6409.64,6532.32,6322.68,6444.87,1147778
2010-04-20,6484.21,6557.73,6389.17,6462.44,10667128
2010-04-21,6524.46,6611.92,6397.36,6484.29,1683089
2010-04-22,6627.5,6694.69,6558.72,6625.9,637560
2010-04-23,6671.29,6776.72,6609.06,6714.09,1397883
2010-04-26,6763.95,6822.25,6693.42,6751.62,376501
2010-04-27,6891.89,6953.73,6848.91,6910.63,2291122
2010-04-28,6766.05,6863.94,6681.83,6779.55,3223153
2010-04-29,6722.27,6845.39,6586.76,6709.65,1147392
2010-04-30,6615.15,6710.75,6514.57,6610.1,1494893
2010-05-03,6558.61,6652.39,6474.56,6568.23,3451061
2010-05-04,6411.88,6497.82,6338.6,6424.4,693752
2010-05-05,6491.76,6569.44,6411.66,6489.31,897220
2010-05-06,6457.66,6518.23,6405.1,6465.6,1729133
2010-05-07,6293.58,6424.12,6184.43,6314.6,1262493
2010-05-10,6206.04,6261.79,6156.54,6212.24,1662245
2010-05-11,6249.29,6347.72,6144.61,6242.93,928893
2010-05-12,6323.32,6430.46,6219.62,6326.7,2254836
2010-05-13,6503.9,6620.58,6415.3,6531.6,1812939
2010-05-14,6863.16,6986.31,6720.07,6842.85,2756615
2010-05-17,6831.36,6952.46,6767.38,6887.95,2236090
2010-05-18,6770.31,6902.94,6646.93,6779.39,2244546
2010-05-19,6539.52,6656.16,6435.28,6551.71,832522
2010-05-20,6582.5,6694.28,6467.85,6579.58,2664574
2010-05-21,6505.29,6602.66,6397.13,6494.34,1625750
2010-05-24,6472.98,6587.52,6337.02,6451.17,1794148
2010-05-25,6374.55,6515.3,6247.72,6388.2,3718974
2010-05-26,6385.0,6457.16,6301.74,6373.78,1287661
2010-05-27,6487.24,6598.87,6371.86,6483.43,4460228
2010-05-28,6466.43,6604.9,6361.88,6499.81,4717007
2010-05-31,6520.42,6597.32,6406.99,6483.45,3114784
2010-06-01,6349.56,6497.64,6229.53,6377.09,1100887
2010-06-02,6216.53,6284.39,6140.94,6208.72,534038
2010-06-03,6168.09,6251.25,6077.82,6160.88,3787818
2010-06-04,6161.03,6201.62,6115.37,6155.94,2119797
2010-06-07,6323.58,6386.09,6270.55,6332.98,1267911
2010-06-08,6362.43,6474.48,6234.91,6346.68,4009340
2010-06-09,6417.64,6518.42,6347.38,6447.83,1182409
2010-06-10,6395.88,6466.95,6326.1,6397.15,1537251
2010-06-11,6267.07,6332.24,6212.61,6277.68,2716715
2010-06-14,6169.66,6258.73,6093.32,6182.23,1016461
2010-06-15,6119.56,6224.12,6007.26,6111.7,1856700
2010-06-16,6344.75,6461.67,6207.77,6324.31,3811305
2010-06-17,6236.26,6280.46,6198.52,6242.68,2250507
2010-06-18,6342.85,6429.26,6241.83,6328.03,4191024
2010-06-21,6239.29,6314.21,6163.44,6238.36,3914356
2010-06-22,6316.25,6423.23,6226.47,6333.21,1991986
2010-06-23,6368.67,6448.23,6294.09,6373.6,487943
2010-06-24,6353.26,6428.79,6283.5,6358.97,1021248
2010-06-25,6342.95,6433.0,6266.33,6356.23,3134563
2010-06-28,6299.54,6386.03,6205.07,6291.45,782187
2010-06-29,6342.52,6421.9,6258.74,6338.06,1629827
2010-06-30,6263.67,6369.75,6187.99,6293.7,2429238
2010-07-01,6142.56,6279.74,6036.49,6173.15,4788570
2010-07-02,6057.61,6155.65,5951.99,6049.9,1404213
2010-07-05,6053.57,6129.82,5992.3,6068.41,1347696
2010-07-06,6231.22,6337.21,6119.69,6225.58,1921338
2010-07-07,6258.15,6369.57,6132.36,6243.52,2447426
2010-07-08,6209.97,6279.25,6164.62,6233.73,1807493
2010-07-09,6237.92,6350.52,6152.21,6264.45,3721215
2010-07-12,6431.14,6490.82,6339.62,6399.0,1227528
2010-07-13,6430.63,6534.08,6320.51,6423.85,2130988
2010-07-14,6376.15,6438.96,6321.43,6384.18,2589894
2010-07-15,6482.52,6598.7,6384.82,6500.73,1559475
2010-07-16,6538.1,6605.92,6480.39,6548.12,3281548
2010-07-19,6689.83,6798.86,6605.09,6713.81,2168128
2010-07-20,6754.27,6884.15,6606.88,6736.41,3182913
2010-07-21,6593.24,6679.48,6522.56,6608.64,2227660
2010-07-22,6489.7,6607.4,6351.17,6468.48,2485147
2010-07-23,6636.73,6776.31,6505.29,6644.71,1356698
2010-07-26,6812.4,6957.63,6688.94,6833.79,1358018
2010-07-27,6808.81,6868.58,6757.83,6817.53,4133511
2010-07-28,6725.9,6896.51,6609.57,6779.27,2903148
2010-07-29,6940.72,6981.3,6902.66,6943.23,1073270
2010-07-30,6821.44,6899.32,6747.09,6824.93,2210033
2010-08-02,6748.21,6870.09,6609.97,6731.55,477220
2010-08-03,6766.44,6909.28,6662.7,6804.95,1405123
2010-08-04,6789.51,6877.72,6678.03,6765.93,3529322
2010-08-05,6785.93,6859.34,6696.04,6769.27,1839331
2010-08-06,6780.93,6897.45,6639.46,6755.55,2128115
2010-08-09,6795.13,6902.52,6688.83,6796.21,324542
2010-08-10,6976.39,7060.29,6871.59,6955.23,1566959
2010-08-11,6938.89,7097.81,6811.3,6969.65,2428934
2010-08-12,7061.36,7121.03,6986.76,7046.29,2621281
2010-08-13,6807.51,6874.85,6756.08,6823.3,3532136
2010-08-16,6788.65,6922.35,6689.25,6822.45,1747759
2010-08-17,6712.8,6867.39,6581.36,6735.51,1795163
2010-08-18,6610.02,6667.58,6552.34,6609.91,891561
2010-08-19,6506.04,6579.21,6449.15,6522.17,1753785
2010-08-20,6499.26,6545.35,6445.89,6491.93,930107
2010-08-23,6556.68,6710.5,6439.26,6592.44,654271
2010-08-24,6417.44,6512.88,6363.56,6458.65,1033945
2010-08-25,6493.16,6574.63,6385.4,6466.54,4902279
2010-08-26,6438.79,6566.69,6293.83,6421.38,1685652
2010-08-27,6372.47,6425.72,6339.45,6392.59,2262376
2010-08-30,6500.86,6587.69,6414.09,6500.92,1457017
2010-08-31,6582.24,6665.73,6478.93,6562.17,677164
2010-09-01,6717.76,6832.71,6594.51,6709.32,3476956
2010-09-02,6701.0,6770.21,6628.84,6698.02,538574
2010-09-03,6650.9,6725.09,6555.17,6629.12,1421359
2010-09-06,6596.25,6660.44,6546.65,6610.74,1918839
2010-09-07,6642.45,6749.48,6534.82,6641.83,2276827
2010-09-08,6665.74,6777.89,6553.95,6666.09,1282238
2010-09-09,6551.5,6603.09,6505.32,6556.87,658173
2010-09-10,6564.18,6643.51,6492.62,6571.87,1226093
2010-09-13,6602.93,6724.38,6480.06,6601.48,1265205
2010-09-14,6879.38,6914.06,6844.0,6878.67,1246866
2010-09-15,7072.15,7161.73,7005.09,7094.46,3548498
2010-09-16,7021.18,7114.74,6910.99,7004.33,957267
2010-09-17,6957.85,7048.15,6888.19,6978.29,2375188
2010-09-20,6818.32,6884.74,6756.4,6822.78,2180311
2010-09-21,6758.6,6845.09,6678.17,6764.59,3528110
2010-09-22,6812.21,6864.82,6752.34,6804.9,1830538
2010-09-23,6899.55,7033.57,6810.23,6943.69,3187280
2010-09-24,6887.71,6995.17,6762.19,6869.35,1788106
2010-09-27,6790.19,6896.74,6697.64,6804.0,2573134
2010-09-28,6604.3,6646.54,6538.12,6580.21,804708
2010-09-29,6559.71,6685.18,6443.82,6569.13,407189
2010-09-30,6463.41,6513.65,6414.13,6464.36,2486851
2010-10-01,6452.6,6558.89,6310.09,6415.77,2568184
2010-10-04,6327.0,6398.18,6261.14,6332.27,2637392
2010-10-05,6352.14,6458.49,6222.67,6328.62,1447054
2010-10-06,6159.6,6209.46,6109.03,6158.88,4846819
2010-10-07,6029.15,6076.18,5974.68,6021.65,1504653
2010-10-08,6237.51,6315.2,6158.52,6236.2,2552355
2010-10-11,6130.37,6164.06,6081.23,6114.82,2832815
2010-10-12,6001.77,6064.53,5951.48,6014.14,5560753
2010-10-13,6181.09,6297.71,6083.06,6199.39,1639303
2010-10-14,6488.06,6614.67,6374.12,6500.51,1339871
2010-10-15,6387.77,6427.45,6346.19,6385.86,807027
2010-10-18,6350.17,6470.23,6234.4,6354.38,5032463
2010-10-19,6408.91,6517.62,6286.8,6395.28,2553170
2010-10-20,6606.66,6725.88,6462.15,6580.9,2602118
2010-10-21,6464.99,6584.32,6364.93,6483.97,12865019
2010-10-22,6450.48,6562.42,6353.0,6464.72,2409733
2010-10-25,6523.62,6636.21,6439.62,6551.85,907643
2010-10-26,6644.07,6742.35,6506.16,6603.85,1762877
2010-10-27,6576.45,6700.0,6447.01,6570.44,1104751
2010-10-28,6572.04,6614.81,6519.88,6562.59,1563564
2010-10-29,6400.03,6488.43,6337.71,6425.86,1557272
2010-11-01,6407.43,6446.45,6368.43,6407.45,1394135
2010-11-02,6395.95,6518.57,6263.75,6386.19,859435
2010-11-03,6411.09,6490.89,6336.22,6415.96,5155120
2010-11-04,6385.67,6482.29,6268.83,6365.13,2372153
2010-11-05,6463.81,6577.68,6306.2,6419.29,1731877
2010-11-08,6511.63,6659.91,6382.28,6530.19,3123868
2010-11-09,6532.38,6601.13,6483.87,6552.47,2630383
2010-11-10,6578.12,6707.56,6466.34,6595.49,2339421
2010-11-11,6638.94,6760.51,6486.12,6607.11,2990642
2010-11-12,6633.78,6671.81,6575.18,6613.1,2148672
2010-11-15,6540.41,6649.79,6433.72,6543.07,2964244
2010-11-16,6582.88,6650.82,6514.22,6582.16,3115397
2010-11-17,6561.63,6674.63,6464.99,6577.75,2186103
2010-11-18,6825.93,6912.7,6721.22,6807.76,1737161
2010-11-19,6979.44,7049.56,6917.35,6987.4,4966563
2010-11-22,7031.27,7086.21,6981.85,7036.76,1488469
2010-11-23,6970.04,7017.12,6910.34,6957.33,2507478
2010-11-24,6836.55,6885.21,6791.77,6840.4,2541703
2010-11-25,6972.97,7079.53,6871.39,6977.88,1375413
2010-11-26,7013.34,7085.37,6941.08,7013.11,1221153
2010-11-29,7089.89,7148.38,7014.67,7073.02,1603483
2010-11-30,6917.92,7024.3,6778.05,6883.91,1475739
2010-12-01,7004.73,7111.92,6885.44,6992.45,826637
2010-12-02,7066.05,7158.53,6956.81,7049.06,1341237
2010-12-03,6926.2,7062.2,6794.44,6930.36,2326170
2010-12-06,6868.97,6957.8,6794.91,6883.59,4237847
2010-12-07,6931.53,7053.1,6796.63,6917.96,2765231
2010-12-08,6932.53,6975.0,6886.51,6928.97,416765
2010-12-09,6872.29,7012.85,6761.66,6901.75,2913256
2010-12-10,6888.55,7032.05,6751.97,6895.34,1418497
2010-12-13,6870.79,6994.13,6749.18,6872.5,2602148
2010-12-14,6883.57,6988.55,6789.3,6894.13,1966014
2010-12-15,7094.63,7196.8,6961.51,7063.23,1766282
2010-12-16,6793.39,6863.36,6713.76,6783.63,1864789
2010-12-17,6790.3,6893.46,6659.7,6762.44,1956260
2010-12-20,6791.33,6903.76,6673.62,6785.96,4442123
2010-12-21,6824.17,6960.47,6686.23,6822.5,1959507
2010-12-22,6767.16,6870.28,6683.33,6786.22,3803079
2010-12-23,6602.36,6641.44,6563.04,6602.13,3484877
2010-12-24,6641.04,6733.6,6548.22,6640.78,2958601
2010-12-27,6802.78,6877.14,6756.62,6830.79,678763
2010-12-28,6658.12,6726.75,6600.39,6668.92,3874703
2010-12-29,6758.84,6832.59,6691.71,6765.4,1506439
2010-12-30,6741.83,6849.46,6625.97,6733.48,3046294
2010-12-31,6739.62,6791.9,6678.1,6730.3,1106243
2011-01-03,6609.59,6670.7,6560.11,6621.14,973794
2011-01-04,6598.2,6635.65,6551.55,6588.94,6490390
2011-01-05,6726.84,6852.33,6605.09,6730.51,1116612
2011-01-06,6738.04,6901.24,6634.26,6796.55,3943834
2011-01-07,6980.36,7029.67,6941.28,6990.53,2128764
2011-01-10,7149.42,7188.2,7087.7,7126.36,1540978
2011-01-11,7143.15,7275.44,7047.58,7179.38,1930139
2011-01-12,7387.74,7455.99,7317.02,7385.24,908312
2011-01-13,7475.28,7579.57,7336.11,7439.9,1966463
2011-01-14,7524.41,7628.49,7437.73,7541.61,1035459
2011-01-17,7508.3,7649.83,7366.72,7508.25,1563963
2011-01-18,7489.03,7588.5,7419.26,7518.45,3454470
2011-01-19,7473.35,7586.84,7324.09,7437.04,2309437
2011-01-20,7555.75,7601.55,7511.84,7557.64,814799
2011-01-21,7419.25,7562.72,7274.76,7418.21,3304821
2011-01-24,7543.77,7692.47,7365.15,7513.24,1974330
2011-01-25,7506.66,7627.41,7371.28,7491.79,1432152
2011-01-26,7614.76,7726.27,7523.55,7634.82,3103390
2011-01-27,7713.24,7792.39,7649.22,7728.25,1793493
2011-01-28,7969.52,8106.5,7820.93,7957.71,985203
2011-01-31,8037.08,8181.36,7908.13,8052.16,6008500
2011-02-01,7802.95,7918.23,7737.95,7852.83,1962299
2011-02-02,7843.67,7937.24,7751.36,7844.92,1888264
2011-02-03,7665.32,7791.45,7573.78,7699.51,1554923
2011-02-04,7673.1,7806.58,7503.24,7636.08,4024774
2011-02-07,7827.1,7946.52,7703.59,7822.95,1447101
2011-02-08,7881.5,8018.72,7766.06,7902.96,784664
2011-02-09,7798.33,7929.96,7683.33,7814.71,1319539
2011-02-10,7644.87,7758.08,7575.63,7688.45,4395380
2011-02-11,7666.4,7773.12,7585.33,7691.77,3266662
2011-02-14,7565.63,7608.64,7499.75,7542.63,1701448
2011-02-15,7511.0,7637.21,7335.67,7461.04,4519686
2011-02-16,7513.51,7599.88,7411.0,7497.18,3105748
2011-02-17,7633.53,7724.01,7545.19,7635.64,1689674
2011-02-18,7698.79,7775.69,7631.96,7708.78,1794889
2011-02-21,7408.25,7490.06,7347.94,7429.57,2415919
2011-02-22,7510.06,7613.83,7360.81,7463.94,1203648
2011-02-23,7466.24,7533.89,7402.87,7470.47,1988125
2011-02-24,7565.56,7610.67,7473.01,7517.84,2385950
2011-02-25,7744.52,7872.4,7584.93,7712.28,720586
2011-02-28,7420.28,7538.65,7341.27,7459.23,1769854
2011-03-01,7371.51,7465.32,7292.6,7386.26,1653105
2011-03-02,7438.51,7538.96,7353.19,7453.47,3674181
2011-03-03,7262.43,7389.3,7137.33,7264.17,655597
2011-03-04,7433.1,7507.4,7360.16,7434.45,1577097
2011-03-07,7542.08,7665.55,7352.52,7474.89,1485032
2011-03-08,7548.62,7717.69,7404.49,7573.1,3527297
2011-03-09,7505.51,7617.44,7388.5,7500.35,1931624
2011-03-10,7608.59,7695.9,7507.39,7594.54,5824925
2011-03-11,7721.09,7846.34,7595.88,7721.13,2950036
2011-03-14,7747.95,7839.91,7653.46,7745.39,1550156
2011-03-15,7745.38,7856.88,7658.5,7769.73,2289388
2011-03-16,7800.93,7901.4,7698.01,7798.44,1603274
2011-03-17,7698.17,7773.35,7611.32,7686.38,3320538
2011-03-18,7670.54,7720.89,7612.71,7663.01,891518
2011-03-21,7651.98,7737.86,7553.18,7638.91,1209578
2011-03-22,7712.84,7765.73,7627.62,7680.29,2606226
2011-03-23,7820.16,7907.41,7711.24,7798.24,4136885
2011-03-24,7662.94,7765.27,7558.99,7661.3,529039
2011-03-25,7612.99,7784.7,7468.64,7639.84,4522984
2011-03-28,7802.56,7859.96,7759.3,7816.63,1822863
2011-03-29,7712.52,7828.14,7602.06,7717.61,640289
2011-03-30,7615.84,7706.21,7519.78,7610.08,327408
2011-03-31,7616.96,7668.36,7576.56,7627.9,792040
2011-04-01,7702.85,7792.07,7635.5,7724.54,1959455
2011-04-04,7691.14,7770.97,7639.02,7718.65,1905892
2011-04-05,7837.89,7941.91,7773.21,7876.91,2899127
2011-04-06,7972.11,8050.48,7899.41,7977.73,1425891
2011-04-07,8042.11,8166.73,7953.49,8077.72,1019859
2011-04-08,8116.78,8246.53,8011.79,8141.22,1547495
2011-04-11,8431.22,8483.52,8388.94,8441.19,2023149
2011-04-12,8370.76,8466.87,8308.58,8404.44,2277214
2011-04-13,8139.58,8191.71,8078.26,8130.32,1234900
2011-04-14,8350.83,8461.44,8221.97,8332.33,3405383
2011-04-15,8248.43,8344.14,8166.47,8262.05,1365678
2011-04-18,8255.82,8375.99,8146.62,8266.65,1176635
2011-04-19,8445.24,8515.57,8361.43,8431.65,1431974
2011-04-20,8190.7,8252.31,8146.77,8208.28,3778751
2011-04-21,8016.75,8189.27,7863.47,8035.62,1830907
2011-04-22,7850.62,7902.63,7770.72,7822.54,1307061
2011-04-25,7734.4,7787.79,7660.69,7713.93,3456145
2011-04-26,7772.33,7828.28,7702.48,7758.33,7171670
2011-04-27,7835.08,7989.58,7659.31,7813.38,2248580
2011-04-28,7791.03,7949.32,7679.89,7837.52,4157005
2011-04-29,7683.04,7791.79,7543.65,7651.96,3691881
2011-05-02,7372.82,7518.8,7218.34,7364.16,1378651
2011-05-03,7382.61,7429.31,7313.72,7360.29,2014699
2011-05-04,7303.09,7446.36,7151.51,7294.61,918477
2011-05-05,7338.98,7398.13,7278.76,7337.9,1753342
2011-05-06,7403.9,7516.32,7297.68,7410.02,1361756
2011-05-09,7423.68,7507.58,7331.71,7415.51,1556995
2011-05-10,7488.08,7575.73,7407.51,7495.09,1264342
2011-05-11,7530.86,7673.71,7368.82,7511.3,1669011
2011-05-12,7527.74,7618.49,7473.25,7563.74,2728710
2011-05-13,7455.29,7616.44,7306.51,7467.42,1845581
2011-05-16,7480.01,7559.95,7354.95,7434.4,647825
2011-05-17,7432.13,7555.8,7322.64,7446.11,1267209
2011-05-18,7527.12,7679.54,7380.2,7532.52,796801
2011-05-19,7453.4,7517.01,7409.7,7473.19,2295442
2011-05-20,7531.13,7673.04,7381.78,7523.55,2681777
2011-05-23,7462.83,7580.45,7361.95,7479.35,2312706
2011-05-24,7448.82,7568.98,7332.87,7452.97,1236205
2011-05-25,7559.16,7613.87,7485.38,7539.95,2299293
2011-05-26,7275.74,7385.82,7181.15,7291.03,1495440
2011-05-27,7146.11,7254.03,7021.57,7129.24,1001555
2011-05-30,6967.4,7049.92,6867.94,6950.26,3094565
2011-05-31,6705.16,6754.27,6635.05,6684.01,3239134
2011-06-01,6603.17,6660.37,6543.22,6600.39,3503725
2011-06-02,6733.18,6853.13,6549.53,6668.34,1376412
2011-06-03,6647.29,6683.96,6589.77,6626.33,4023317
2011-06-06,6642.02,6745.85,6531.82,6635.55,1474531
2011-06-07,6722.45,6874.91,6588.06,6740.16,2934655
2011-06-08,6870.52,6907.66,6835.4,6872.52,1459278
2011-06-09,6881.85,6932.89,6801.71,6852.53,1733426
2011-06-10,7025.69,7131.87,6884.21,6989.84,463839
2011-06-13,7018.36,7059.77,6946.15,6987.38,1654239
2011-06-14,6897.94,6993.45,6786.44,6881.73,2094140
2011-06-15,6778.39,6907.85,6674.95,6804.02,1550317
2011-06-16,6642.12,6733.93,6540.75,6632.42,5687110
2011-06-17,6502.37,6595.06,6434.24,6526.67,987093
2011-06-20,6448.36,6577.4,6348.67,6477.26,1413884
2011-06-21,6553.47,6644.65,6457.65,6548.77,1152076
2011-06-22,6729.44,6784.05,6664.37,6718.89,1413718
2011-06-23,6577.29,6665.74,6471.31,6559.51,3681562
2011-06-24,6598.18,6718.45,6468.26,6588.35,4812941
2011-06-27,6477.56,6574.74,6370.22,6467.25,1302146
2011-06-28,6484.91,6582.67,6406.59,6504.12,1284905
2011-06-29,6476.04,6541.72,6412.42,6478.08,990259
2011-06-30,6250.61,6318.48,6211.3,6279.0,4341676
2011-07-01,6322.48,6415.85,6267.67,6360.71,3884879
2011-07-04,6301.28,6333.84,6254.81,6287.31,1860602
2011-07-05,6207.75,6344.99,6084.84,6221.81,857983
2011-07-06,6120.39,6171.42,6053.52,6104.41,905282
2011-07-07,6049.21,6153.39,5925.32,6029.16,2196504
2011-07-08,6047.58,6104.45,6002.04,6058.83,2756859
2011-07-11,6039.49,6095.38,5973.03,6028.82,573958
2011-07-12,6036.87,6117.06,5968.8,6048.86,1635099
2011-07-13,6038.58,6132.11,5979.0,6072.2,5235524
2011-07-14,6192.15,6297.26,6084.78,6189.86,1740171
2011-07-15,6135.4,6263.06,6016.58,6144.08,4846575
2011-07-18,5981.07,6097.55,5872.64,5988.98,2926821
2011-07-19,6116.36,6161.03,6035.92,6080.33,1034503
2011-07-20,6008.84,6136.98,5908.79,6036.47,1663438
2011-07-21,6140.27,6184.6,6088.95,6133.22,1835419
2011-07-22,6140.68,6274.24,6025.85,6159.06,1119612
2011-07-25,6151.04,6229.57,6056.0,6134.32,1108013
2011-07-26,6162.31,6224.21,6094.95,6156.8,4896646
2011-07-27,6347.06,6393.74,6293.21,6339.84,1103043
2011-07-28,6522.99,6575.4,6489.22,6541.53,3786912
2011-07-29,6521.29,6593.3,6464.43,6536.3,1525921
2011-08-01,6558.81,6681.53,6418.24,6540.62,1952490
2011-08-02,6676.89,6790.12,6528.97,6641.6,2777624
2011-08-03,6549.39,6677.41,6412.13,6539.96,1384521
2011-08-04,6544.86,6605.26,6502.25,6562.53,2787742
2011-08-05,6554.18,6645.17,6456.62,6547.52,580788
2011-08-08,6616.03,6674.63,6510.02,6568.2,2581353
2011-08-09,6471.14,6556.2,6384.12,6469.15,450846
2011-08-10,6322.64,6384.64,6233.3,6295.03,1730449
2011-08-11,6064.95,6134.69,6008.84,6078.45,3310288
2011-08-12,5959.06,6040.92,5877.98,5959.82,2880219
2011-08-15,5916.44,5962.29,5859.7,5905.47,909776
2011-08-16,5874.18,5944.89,5796.57,5867.19,982839
2011-08-17,6027.12,6130.19,5938.15,6041.01,1311650
2011-08-18,6122.96,6180.36,6080.58,6137.87,2217141
2011-08-19,6051.27,6165.99,5918.99,6033.38,585862
2011-08-22,6077.99,6154.49,5980.12,6056.34,1967090
2011-08-23,6033.75,6138.09,5902.63,6006.5,2390128
2011-08-24,6001.15,6090.02,5880.46,5968.85,1673081
2011-08-25,5978.67,6072.24,5882.73,5976.26,2717417
2011-08-26,6019.82,6120.3,5925.06,6025.45,2267604
2011-08-29,6006.93,6115.81,5874.24,5982.68,1432608
2011-08-30,6088.17,6174.65,5988.88,6075.17,620503
2011-08-31,5937.71,6009.89,5883.24,5955.26,2148000
2011-09-01,5927.62,5984.67,5889.14,5946.06,1119233
2011-09-02,6197.43,6284.78,6101.08,6188.3,1401416
2011-09-05,6197.11,6237.58,6159.95,6200.41,2643130
2011-09-06,6333.61,6388.7,6279.01,6334.11,4640812
2011-09-07,6353.76,6391.31,6295.94,6333.38,1937993
2011-09-08,6397.07,6481.72,6298.07,6382.53,2764689
2011-09-09,6392.31,6439.65,6319.76,6366.91,833436
2011-09-12,6303.17,6429.65,6213.94,6339.91,2297458
2011-09-13,6256.67,6362.18,6146.49,6251.92,1912757
2011-09-14,6298.87,6408.02,6176.85,6285.77,4145510
2011-09-15,6163.29,6251.35,6103.85,6191.64,1433636
2011-09-16,6236.63,6331.61,6154.09,6248.91,1715160
2011-09-19,6333.32,6434.7,6248.17,6349.33,3742590
2011-09-20,6378.15,6455.28,6300.61,6377.73,1876238
2011-09-21,6370.81,6465.26,6245.85,6339.84,1019369
2011-09-22,6416.1,6468.4,6325.42,6377.4,9165710
2011-09-23,6322.04,6462.3,6197.57,6337.53,1038039
2011-09-26,6434.83,6476.47,6383.1,6424.68,1907263
2011-09-27,6241.57,6350.41,6122.46,6231.12,2441230
2011-09-28,6197.12,6283.33,6103.81,6189.92,2328117
2011-09-29,5995.6,6047.6,5936.5,5988.44,1769404
2011-09-30,5845.11,5939.71,5745.27,5839.79,1774703
2011-10-03,5991.7,6029.25,5924.16,5961.52,1722075
2011-10-04,6060.46,6161.16,5940.11,6040.48,1015041
2011-10-05,5945.57,6047.15,5863.22,5964.54,7203888
2011-10-06,5830.26,5869.1,5777.63,5816.38,1737582
2011-10-07,5555.74,5590.14,5506.59,5540.9,2836718
2011-10-10,5492.29,5581.61,5397.87,5487.1,1622061
2011-10-11,5717.21,5770.92,5644.35,5697.87,1602606
2011-10-12,5735.11,5840.29,5626.76,5731.88,1508662
2011-10-13,5678.64,5771.95,5581.98,5675.23,782377
2011-10-14,5714.25,5802.67,5623.79,5712.17,1800594
2011-10-17,5532.43,5617.22,5481.65,5566.13,1553149
2011-10-18,5533.42,5621.29,5446.91,5534.75,4004441
2011-10-19,5527.66,5645.23,5421.41,5538.77,967025
2011-10-20,5506.84,5561.73,5471.74,5526.51,1402422
2011-10-21,5616.41,5671.97,5537.03,5592.35,1156531
2011-10-24,5627.39,5675.34,5571.02,5618.89,4711506
2011-10-25,5674.53,5736.89,5612.69,5675.04,1176853
2011-10-26,5599.33,5699.33,5508.99,5608.84,2778383
2011-10-27,5691.12,5760.06,5617.19,5686.06,3548717
2011-10-28,5849.71,5929.04,5753.27,5832.36,1816325
2011-10-31,5724.68,5794.66,5669.08,5738.92,867970
2011-11-01,5654.52,5694.86,5614.26,5654.6,874587
2011-11-02,5788.52,5840.64,5721.5,5773.48,3321272
2011-11-03,5719.34,5855.7,5616.99,5752.75,930654
2011-11-04,5879.45,5963.0,5796.92,5880.46,2508551
2011-11-07,5828.7,5898.49,5766.51,5836.21,2123570
2011-11-08,5968.65,6071.65,5868.09,5971.05,2486233
2011-11-09,5972.18,6016.87,5936.55,5981.18,2631200
2011-11-10,6006.17,6059.07,5950.8,6003.69,1132340
2011-11-11,6189.29,6241.6,6101.77,6153.78,1104256
2011-11-14,6110.41,6237.34,5989.55,6116.36,3044831
2011-11-15,6028.54,6122.54,5929.36,6023.27,1359181
2011-11-16,6014.51,6100.32,5893.43,5978.73,380754
2011-11-17,6010.95,6051.43,5980.44,6020.88,2926311
2011-11-18,5902.83,5948.66,5825.28,5870.87,1064742
2011-11-21,5930.28,6016.47,5844.01,5930.19,2624186
2011-11-22,5910.06,5973.27,5815.75,5878.63,4573059
2011-11-23,6000.59,6113.79,5874.18,5987.12,2002801
2011-11-24,5767.15,5862.14,5666.94,5761.84,3603656
2011-11-25,5688.6,5756.35,5621.98,5689.72,2174433
2011-11-28,5528.0,5628.33,5438.21,5538.37,5139454
2011-11-29,5467.19,5574.52,5358.64,5465.95,1048358
2011-11-30,5502.92,5568.49,5422.76,5488.15,1973010
2011-12-01,5472.9,5553.23,5392.79,5473.11,2969478
2011-12-02,5446.66,5554.22,5344.37,5451.84,1768695
2011-12-05,5434.93,5486.5,5387.48,5439.02,3958324
2011-12-06,5474.24,5574.41,5358.12,5457.99,1529996
2011-12-07,5391.77,5426.62,5337.31,5372.03,6862776
2011-12-08,5423.86,5514.77,5343.99,5434.74,7083781
2011-12-09,5483.46,5586.47,5391.65,5494.48,2348396
2011-12-12,5536.75,5615.48,5451.82,5530.45,2762262
2011-12-13,5607.73,5677.45,5512.74,5582.15,4053141
2011-12-14,5630.41,5710.7,5531.1,5611.12,972554
2011-12-15,5777.76,5841.73,5735.73,5799.54,902388
2011-12-16,5789.78,5842.08,5742.11,5794.37,4213698
2011-12-19,5752.96,5821.27,5700.91,5769.07,2337033
2011-12-20,5698.61,5782.84,5619.02,5703.19,1730804
2011-12-21,5640.18,5705.77,5547.89,5613.16,1996036
2011-12-22,5482.52,5553.74,5435.0,5506.02,473721
2011-12-23,5405.55,5531.02,5306.94,5431.93,1768535
2011-12-26,5416.13,5487.23,5358.68,5429.63,1261954
2011-12-27,5467.51,5531.43,5398.94,5462.8,3439521
2011-12-28,5481.7,5542.8,5410.53,5471.51,3602067
2011-12-29,5416.38,5458.24,5367.47,5409.28,2802459
2011-12-30,5511.76,5599.8,5404.65,5492.38,2513722
2012-01-02,5533.2,5627.86,5468.31,5562.62,807414
2012-01-03,5573.29,5602.51,5524.37,5553.49,2826036
2012-01-04,5495.81,5608.01,5388.86,5500.96,2892520
2012-01-05,5567.06,5663.02,5459.13,5554.87,4185411
2012-01-06,5555.09,5665.66,5467.03,5577.24,7066853
2012-01-09,5455.27,5553.66,5356.8,5455.19,718171
2012-01-10,5458.99,5560.54,5353.65,5455.13,1570514
2012-01-11,5503.14,5558.52,5428.94,5484.13,1270142
2012-01-12,5386.19,5488.58,5309.89,5411.92,2198980
2012-01-13,5435.27,5512.08,5357.96,5434.77,1998767
2012-01-16,5298.82,5364.03,5251.08,5316.13,1722953
2012-01-17,5445.99,5491.35,5392.45,5437.74,3673159
2012-01-18,5567.41,5604.76,5517.2,5554.46,1023922
2012-01-19,5560.67,5643.46,5456.8,5539.28,1061641
2012-01-20,5570.06,5672.27,5476.97,5579.02,1072459
2012-01-23,5390.28,5478.76,5287.1,5375.33,1597265
2012-01-24,5305.74,5357.44,5232.67,5284.16,948698
2012-01-25,5240.93,5309.45,5198.59,5266.9,1925809
2012-01-26,5194.4,5255.71,5123.67,5184.87,1795341
2012-01-27,5267.39,5336.93,5182.95,5252.29,1236865
2012-01-30,5426.87,5533.12,5324.92,5431.09,3349292
2012-01-31,5318.67,5434.8,5222.28,5338.06,1913222
2012-02-01,5290.25,5389.39,5176.46,5275.33,3751207
2012-02-02,5284.67,5397.92,5190.85,5303.76,1763780
2012-02-03,5448.25,5557.3,5342.18,5451.17,1954183
2012-02-06,5353.86,5418.66,5289.71,5354.5,1414562
2012-02-07,5396.56,5427.38,5354.24,5385.0,1974394
2012-02-08,5543.35,5588.52,5508.68,5553.79,3039910
2012-02-09,5407.29,5477.23,5348.59,5418.41,1549122
2012-02-10,5319.51,5366.67,5270.79,5317.93,2706176
2012-02-13,5307.53,5347.6,5251.61,5291.56,1217550
2012-02-14,5293.37,5395.52,5155.84,5257.29,3126517
2012-02-15,5311.88,5378.33,5269.75,5336.01,1400103
2012-02-16,5371.87,5476.04,5262.73,5366.8,3305201
2012-02-17,5209.48,5312.29,5123.97,5226.51,2056643
2012-02-20,5296.15,5373.55,5202.85,5280.02,4938500
2012-02-21,5226.98,5321.1,5147.84,5241.73,992080
2012-02-22,5349.52,5413.82,5296.17,5360.37,817735
2012-02-23,5308.11,5395.66,5230.1,5317.51,1369929
2012-02-24,5273.16,5315.51,5232.02,5274.36,863918
2012-02-27,5336.38,5438.12,5229.57,5331.21,864891
2012-02-28,5415.81,5467.4,5356.44,5407.96,2878933
2012-02-29,5458.28,5506.56,5410.1,5458.37,1977794
2012-03-01,5303.23,5407.9,5220.14,5324.48,1486881
2012-03-02,5393.85,5473.93,5302.19,5382.1,1571942
2012-03-05,5304.46,5367.74,5242.03,5305.3,1385618
2012-03-06,5355.64,5433.22,5259.72,5337.04,5337252
2012-03-07,5217.33,5267.09,5178.77,5228.44,1275305
2012-03-08,5252.36,5357.42,5173.05,5277.73,896917
2012-03-09,5221.32,5269.16,5174.02,5221.85,3196702
2012-03-12,5147.41,5194.21,5080.85,5127.48,1742003
2012-03-13,5200.84,5239.5,5159.69,5198.33,6737936
2012-03-14,5227.47,5282.83,5175.27,5230.6,1445949
2012-03-15,5178.06,5243.37,5126.44,5191.61,3293925
2012-03-16,5354.21,5417.46,5263.21,5326.12,3795468
2012-03-19,5284.92,5342.95,5243.4,5301.3,1450180
2012-03-20,5305.18,5358.73,5263.29,5316.75,1269644
2012-03-21,5361.73,5432.11,5282.32,5352.58,3093519
2012-03-22,5283.09,5349.5,5246.46,5312.67,2799454
2012-03-23,5386.5,5469.1,5283.71,5365.98,850546
2012-03-26,5343.49,5445.87,5231.32,5333.5,1007455
2012-03-27,5325.97,5386.7,5251.08,5311.64,432848
2012-03-28,5451.39,5552.33,5341.5,5442.28,2834091
2012-03-29,5363.27,5400.6,5328.54,5365.86,1694509
2012-03-30,5159.2,5204.92,5130.08,5175.71,1798942
2012-04-02,5322.1,5408.57,5237.9,5324.34,718652
2012-04-03,5543.9,5651.44,5452.9,5560.17,1025959
2012-04-04,5546.49,5644.36,5440.68,5538.41,1488418
2012-04-05,5396.29,5427.87,5351.76,5383.26,1324578
2012-04-06,5394.26,5484.1,5281.03,5370.47,2128018
2012-04-09,5365.83,5422.96,5302.78,5359.85,2813896
2012-04-10,5372.42,5423.72,5306.39,5357.56,7738880
2012-04-11,5272.07,5316.86,5232.03,5276.78,1959088
2012-04-12,5332.31,5446.45,5225.98,5339.97,3871844
2012-04-13,5406.89,5439.09,5367.07,5399.22,1205031
2012-04-16,5279.52,5377.65,5187.63,5285.65,725801
2012-04-17,5363.68,5441.95,5281.14,5359.35,1604975
2012-04-18,5535.41,5642.08,5446.7,5553.09,760222
2012-04-19,5568.54,5670.83,5481.25,5583.31,2000292
2012-04-20,5578.8,5678.52,5468.64,5568.18,1241371
2012-04-23,5585.33,5628.66,5527.3,5570.51,613807
2012-04-24,5624.14,5669.09,5595.95,5640.82,5618723
2012-04-25,5512.68,5589.74,5424.71,5501.61,1436130
2012-04-26,5522.23,5588.08,5465.3,5531.07,742240
2012-04-27,5511.83,5549.62,5473.77,5511.56,3398698
2012-04-30,5716.59,5761.14,5648.04,5692.4,1280589
2012-05-01,5705.82,5762.75,5635.25,5692.03,3813658
2012-05-02,5875.94,5911.51,5826.45,5861.94,1276922
2012-05-03,5808.14,5842.14,5741.27,5775.07,1433258
2012-05-04,5833.2,5955.09,5723.88,5845.54,2438513
2012-05-07,5874.16,5948.62,5817.29,5891.58,2830408
2012-05-08,5813.53,5941.12,5698.81,5826.15,3144263
2012-05-09,5854.26,5972.78,5740.31,5858.74,1878821
2012-05-10,5947.58,6032.65,5905.12,5989.89,2722796
2012-05-11,5971.57,6069.24,5877.67,5975.29,3101440
2012-05-14,5822.13,5913.37,5740.55,5831.65,2236318
2012-05-15,5859.75,5949.76,5756.21,5846.01,1820105
2012-05-16,5784.11,5821.38,5740.78,5778.0,833028
2012-05-17,5751.81,5807.3,5706.78,5762.19,2840539
2012-05-18,5780.65,5816.2,5734.95,5770.44,2033571
2012-05-21,5642.67,5722.02,5551.28,5630.45,1547003
2012-05-22,5489.09,5610.7,5380.41,5501.77,4268016
2012-05-23,5551.29,5643.35,5467.58,5559.51,841801
2012-05-24,5491.34,5614.82,5405.33,5528.24,5317010
2012-05-25,5303.02,5425.6,5198.18,5320.43,1956438
2012-05-28,5390.27,5484.26,5308.5,5402.31,2398876
2012-05-29,5441.83,5472.32,5410.14,5440.62,1564338
2012-05-30,5378.1,5490.51,5281.27,5393.4,729238
2012-05-31,5287.07,5350.67,5231.71,5295.23,1823437
2012-06-01,5361.2,5408.24,5334.05,5380.98,2423799
2012-06-04,5428.48,5496.93,5357.29,5425.7,2974942
2012-06-05,5658.87,5766.7,5543.95,5651.65,1760626
2012-06-06,5711.88,5762.48,5654.45,5704.99,532041
2012-06-07,5756.01,5827.23,5684.59,5755.8,786228
2012-06-08,5729.1,5799.49,5685.52,5755.71,6791699
2012-06-11,5836.0,5881.17,5801.77,5846.87,1029391
2012-06-12,5914.0,5958.0,5877.29,5921.24,4667945
2012-06-13,6049.59,6153.25,5953.37,6056.92,1132058
2012-06-14,6023.7,6131.9,5914.18,6022.35,1777158
2012-06-15,6021.8,6064.85,5953.29,5996.16,2885258
2012-06-18,5980.37,6036.14,5910.21,5965.84,1212122
2012-06-19,6039.5,6105.45,5991.63,6057.44,5154234
2012-06-20,6233.07,6266.75,6186.8,6220.41,2074928
2012-06-21,6202.64,6285.15,6108.41,6190.75,2614309
2012-06-22,6149.61,6260.06,6054.3,6164.52,1688642
2012-06-25,6227.13,6318.79,6119.9,6211.32,2943859
2012-06-26,6199.59,6269.69,6132.51,6202.58,5112891
2012-06-27,6286.91,6397.75,6203.14,6313.62,1832567
2012-06-28,6113.76,6152.96,6066.28,6105.42,5597483
2012-06-29,6044.11,6088.32,5996.0,6040.18,1373733
2012-07-02,5975.7,6093.26,5862.3,5979.78,3135996
2012-07-03,5775.36,5870.86,5680.51,5776.01,2659021
2012-07-04,5689.22,5808.95,5582.03,5701.52,1044293
2012-07-05,5642.59,5748.39,5526.67,5632.28,2254155
2012-07-06,5626.99,5710.68,5544.04,5627.72,1991541
2012-07-09,5745.42,5854.15,5633.88,5742.55,1188359
2012-07-10,5739.83,5804.41,5669.18,5733.69,2457859
2012-07-11,5633.64,5681.79,5605.16,5653.22,2164659
2012-07-12,5646.12,5694.93,5612.59,5661.31,1898259
2012-07-13,5732.29,5808.88,5694.21,5770.55,1902831
2012-07-16,5703.91,5740.59,5657.64,5694.26,1878518
2012-07-17,5604.31,5682.56,5546.72,5624.76,1590215
2012-07-18,5690.42,5778.73,5599.89,5688.16,2156291
2012-07-19,5687.14,5783.02,5585.04,5680.82,1347351
2012-07-20,5763.21,5843.05,5673.12,5752.81,9762759
2012-07-23,5743.49,5805.8,5702.16,5764.31,851198
2012-07-24,5841.07,5936.96,5746.33,5842.21,1396051
2012-07-25,5787.63,5847.37,5699.33,5758.77,1463812
2012-07-26,5799.77,5829.9,5740.12,5770.09,6744892
2012-07-27,5780.05,5833.27,5709.91,5762.98,897994
2012-07-30,5669.66,5726.12,5607.52,5663.92,2560091
2012-07-31,5518.9,5586.04,5468.6,5535.59,2301418
2012-08-01,5620.38,5716.93,5511.95,5608.29,2422138
2012-08-02,5585.71,5680.0,5494.11,5588.36,4163247
2012-08-03,5518.16,5603.32,5423.87,5508.89,4112318
2012-08-06,5501.04,5550.56,5462.07,5511.51,1512729
2012-08-07,5620.15,5719.32,5523.95,5623.07,2227544
2012-08-08,5434.94,5517.32,5349.92,5432.26,647930
2012-08-09,5318.0,5360.13,5271.97,5314.07,2104220
2012-08-10,5254.05,5331.39,5169.04,5246.28,1231331
2012-08-13,5371.26,5446.54,5305.45,5380.61,1772976
2012-08-14,5393.35,5477.94,5330.84,5415.18,721275
2012-08-15,5519.04,5555.92,5455.57,5492.27,2527960
2012-08-16,5443.25,5512.79,5333.88,5402.9,716446
2012-08-17,5323.76,5358.36,5282.07,5316.62,2167252
2012-08-20,5343.15,5404.5,5303.27,5364.46,949885
2012-08-21,5366.49,5416.56,5328.99,5378.97,1190894
2012-08-22,5444.18,5549.32,5330.91,5435.88,3964297
2012-08-23,5450.77,5501.31,5378.58,5428.93,2821419
2012-08-24,5442.54,5518.83,5386.33,5462.41,3951168
2012-08-27,5483.39,5539.36,5429.48,5485.44,5054736
2012-08-28,5566.58,5669.41,5460.53,5563.31,1247056
2012-08-29,5659.44,5735.52,5568.9,5644.79,4873792
2012-08-30,5503.53,5612.71,5400.13,5509.21,822987
2012-08-31,5298.08,5373.61,5247.75,5323.05,3102318
2012-09-03,5427.58,5464.07,5381.07,5417.48,1474747
2012-09-04,5548.56,5622.59,5456.11,5529.9,1134633
2012-09-05,5447.2,5504.03,5391.73,5448.55,2866728
2012-09-06,5303.11,5393.41,5206.47,5296.67,3495443
2012-09-07,5305.26,5409.47,5208.75,5312.83,3433741
2012-09-10,5386.6,5465.59,5321.49,5400.31,2255576
2012-09-11,5582.88,5692.14,5456.82,5565.75,2146124
2012-09-12,5626.25,5701.05,5545.0,5619.72,2719938
2012-09-13,5602.26,5653.04,5543.33,5594.03,2379160
2012-09-14,5546.95,5615.37,5453.95,5522.07,2743687
2012-09-17,5512.86,5561.11,5482.21,5530.36,2240925
2012-09-18,5501.94,5605.09,5408.08,5511.07,3287606
2012-09-19,5431.75,5467.17,5393.77,5429.18,746891
2012-09-20,5607.58,5671.19,5553.57,5617.09,1832581
2012-09-21,5800.5,5878.69,5708.9,5786.91,864314
2012-09-24,5896.8,5933.42,5863.52,5900.12,2340841
2012-09-25,5803.32,5856.68,5767.4,5820.66,5310295
2012-09-26,5908.79,6000.03,5816.4,5907.62,1491882
2012-09-27,5978.17,6014.5,5938.81,5975.12,2140074
2012-09-28,6041.11,6114.55,5950.98,6024.22,3121711
2012-10-01,6159.77,6221.87,6090.5,6152.52,573415
2012-10-02,6230.55,6283.02,6169.55,6221.94,1449506
2012-10-03,6308.61,6358.02,6253.19,6302.55,2467483
2012-10-04,6369.93,6478.39,6265.14,6373.53,348642
2012-10-05,6400.92,6538.33,6277.55,6414.7,1103408
2012-10-08,6245.63,6289.99,6195.9,6240.23,3838202
2012-10-09,6248.2,6375.76,6127.02,6254.45,3619325
2012-10-10,6236.18,6322.99,6118.34,6204.72,2482038
2012-10-11,6108.89,6198.23,5995.41,6084.39,3366279
2012-10-12,6267.66,6365.74,6157.88,6255.78,2255906
2012-10-15,6444.02,6544.3,6336.54,6436.71,2766896
2012-10-16,6581.92,6697.54,6468.07,6583.66,1640657
2012-10-17,6590.88,6696.97,6510.13,6615.91,2125436
2012-10-18,6761.33,6853.67,6673.43,6765.72,1356716
2012-10-19,6774.22,6841.0,6705.41,6772.16,4231596
2012-10-22,6803.86,6848.62,6754.45,6799.18,4940295
2012-10-23,6695.46,6795.69,6585.95,6686.04,4537776
2012-10-24,6751.93,6789.09,6696.26,6733.32,1552123
2012-10-25,6730.36,6805.97,6668.88,6744.36,1118764
2012-10-26,6596.01,6651.94,6553.7,6609.55,4265987
2012-10-29,6637.07,6689.24,6556.36,6608.3,2747891
2012-10-30,6619.18,6715.69,6507.61,6603.91,2414856
2012-10-31,6792.63,6898.72,6694.63,6800.6,1355689
2012-11-01,6900.31,6980.63,6822.22,6902.53,2559694
2012-11-02,6905.45,6951.46,6861.58,6907.58,1033884
2012-11-05,6939.46,7019.26,6859.0,6938.8,2900626
2012-11-06,6957.1,7028.69,6875.75,6947.24,4534983
2012-11-07,6980.8,7091.15,6818.6,6928.12,5275728
2012-11-08,6816.24,6909.52,6719.13,6812.36,3033156
2012-11-09,6812.5,6896.8,6714.86,6798.99,865261
2012-11-12,6687.2,6803.91,6604.92,6721.21,2231976
2012-11-13,6581.23,6719.3,6452.93,6590.81,7158485
2012-11-14,6672.08,6781.13,6538.92,6647.57,1177416
2012-11-15,6699.92,6783.37,6608.5,6691.84,1913588
2012-11-16,6419.93,6584.88,6341.68,6505.59,4630218
2012-11-19,6508.19,6543.31,6460.0,6495.05,2871314
2012-11-20,6639.49,6766.55,6475.16,6601.5,8780938
2012-11-21,6676.18,6782.14,6610.84,6716.4,1277324
2012-11-22,6860.66,6921.3,6769.17,6829.53,1094870
2012-11-23,6778.82,6972.31,6643.3,6835.66,4132839
2012-11-26,6764.58,6871.33,6639.15,6745.6,967502
2012-11-27,6631.08,6669.12,6593.21,6631.25,1761963
2012-11-28,6622.41,6708.97,6583.15,6669.43,1906180
2012-11-29,6720.42,6756.6,6675.32,6711.44,3691685
2012-11-30,6876.12,6972.34,6756.56,6852.46,2866380
2012-12-03,6983.01,7025.42,6933.03,6975.39,2608377
2012-12-04,6974.03,7106.54,6829.53,6961.81,1557420
2012-12-05,6817.2,6955.69,6687.31,6825.63,4110282
2012-12-06,6753.89,6881.4,6664.8,6791.81,22197593
2012-12-07,6830.46,6927.8,6719.19,6816.32,3001939
2012-12-10,6830.74,6894.8,6731.35,6795.07,2104952
2012-12-11,6756.02,6796.28,6693.07,6733.2,910074
2012-12-12,6720.76,6869.68,6612.81,6761.08,1352562
2012-12-13,6676.8,6751.06,6633.22,6707.28,1744142
2012-12-14,6623.78,6682.35,6582.16,6640.63,1438684
2012-12-17,6642.24,6738.67,6578.02,6674.14,1963724
2012-12-18,6632.49,6666.89,6597.21,6631.61,5762083
2012-12-19,6665.6,6742.33,6581.11,6657.74,4190372
2012-12-20,6658.33,6791.45,6554.36,6687.03,1802527
2012-12-21,6581.57,6693.59,6454.5,6566.26,960329
2012-12-24,6527.63,6619.44,6424.23,6515.88,4423406
2012-12-25,6656.46,6785.46,6538.62,6667.42,1925252
2012-12-26,6541.06,6617.08,6468.47,6544.45,703694
2012-12-27,6289.32,6438.5,6177.8,6326.32,3040273
2012-12-28,6134.28,6217.75,6057.0,6140.4,3668935
2012-12-31,6143.09,6194.36,6091.69,6142.96,462524
2013-01-01,6148.76,6266.58,6027.88,6145.65,1208955
2013-01-02,6140.67,6196.7,6077.73,6133.69,1855616
2013-01-03,6258.15,6291.9,6219.84,6253.57,3080820
2013-01-04,5986.54,6043.06,5934.82,5991.29,1455051
2013-01-07,6034.03,6097.39,5965.55,6028.85,1203464
2013-01-08,6199.38,6263.04,6117.32,6180.8,3067279
2013-01-09,6067.93,6147.78,5989.83,6069.67,1497049
2013-01-10,6038.01,6148.19,5922.2,6032.27,2744838
2013-01-11,5956.05,6015.31,5900.15,5959.38,1017735
2013-01-14,5862.64,5949.29,5787.53,5874.04,880812
2013-01-15,5851.92,5911.04,5783.73,5842.76,3119432
2013-01-16,5967.04,6080.56,5863.65,5977.0,2307123
2013-01-17,6161.66,6207.03,6109.21,6154.53,3448581
2013-01-18,6121.25,6161.36,6080.62,6120.73,1440418
2013-01-21,6303.56,6388.46,6224.48,6309.31,1230506
2013-01-22,6305.82,6407.21,6210.74,6312.03,4485817
2013-01-23,6480.84,6600.64,6371.1,6490.74,795101
2013-01-24,6448.13,6569.84,6358.86,6480.12,4201181
2013-01-25,6500.24,6608.19,6384.95,6492.78,4378876
2013-01-28,6534.43,6605.6,6458.78,6529.9,3321920
2013-01-29,6887.1,6924.93,6831.85,6869.58,1312330
2013-01-30,6951.65,7009.69,6904.78,6962.75,1214794
2013-01-31,6922.5,6961.13,6844.95,6883.36,1747971
2013-02-01,6981.89,7059.29,6912.53,6989.86,911617
2013-02-04,6930.21,7034.84,6844.05,6948.45,1113460
2013-02-05,6872.63,6964.48,6801.53,6893.17,2919259
2013-02-06,6956.69,7086.83,6863.4,6993.06,2927353
2013-02-07,7027.66,7113.46,6910.08,6995.49,1056270
2013-02-08,7054.59,7161.6,6919.12,7025.69,2974757
2013-02-11,7038.89,7144.51,6920.8,7026.23,2604059
2013-02-12,7044.15,7132.15,6975.32,7063.14,4905814
2013-02-13,7148.94,7221.81,7037.83,7110.31,2789803
2013-02-14,6885.08,6987.31,6790.22,6892.35,3742066
2013-02-15,6959.66,7062.43,6862.6,6965.28,2639886
2013-02-18,6885.33,6952.25,6789.12,6855.77,3569576
2013-02-19,6711.72,6778.53,6631.8,6698.48,915961
2013-02-20,6735.54,6839.34,6588.24,6691.35,1843088
2013-02-21,6704.51,6803.14,6600.95,6699.51,1936921
2013-02-22,6616.89,6671.32,6570.4,6624.78,1712988
2013-02-25,6700.34,6790.64,6622.51,6712.66,2587834
2013-02-26,6532.91,6690.12,6412.76,6569.31,2901179
2013-02-27,6520.52,6562.15,6484.36,6525.97,2508898
2013-02-28,6486.72,6602.36,6349.27,6464.52,1783045
2013-03-01,6470.68,6518.87,6410.97,6459.08,1275134
2013-03-04,6487.76,6569.56,6405.57,6487.36,3829755
2013-03-05,6363.99,6455.58,6291.66,6383.04,2445694
2013-03-06,6461.32,6494.61,6423.66,6456.93,1076076
2013-03-07,6482.6,6604.03,6341.91,6462.97,1765222
2013-03-08,6277.94,6352.17,6195.71,6269.84,696637
2013-03-11,6079.08,6196.5,5958.69,6076.04,2025287
2013-03-12,6060.01,6131.03,6003.64,6074.53,1760259
2013-03-13,6068.56,6177.76,5943.9,6052.82,1404679
2013-03-14,5985.81,6156.4,5873.06,6042.58,5130738
2013-03-15,6046.64,6127.38,5959.06,6039.7,990839
2013-03-18,6108.15,6157.26,6012.67,6061.41,3029280
2013-03-19,6126.08,6247.96,6032.49,6153.93,7363345
2013-03-20,6041.09,6125.48,5961.14,6045.47,3784259
2013-03-21,5933.04,6046.91,5819.32,5933.19,1945591
2013-03-22,5822.28,5897.94,5754.81,5830.37,1004056
2013-03-25,5875.73,5928.77,5804.63,5857.51,875685
2013-03-26,5984.02,6026.35,5933.27,5975.55,1548920
2013-03-27,5937.4,6029.31,5842.82,5934.69,1312966
2013-03-28,5715.76,5827.85,5590.29,5702.12,1287575
2013-03-29,5549.37,5579.47,5518.98,5549.09,1630197
2013-04-01,5528.24,5617.28,5387.8,5476.0,1864776
2013-04-02,5430.25,5532.9,5325.18,5427.79,2652802
2013-04-03,5396.08,5429.12,5359.91,5392.92,943472
2013-04-04,5369.1,5432.7,5333.39,5396.8,1316719
2013-04-05,5361.79,5453.14,5279.33,5370.54,1801619
2013-04-08,5480.94,5561.62,5381.74,5462.14,1763319
2013-04-09,5382.45,5436.7,5349.98,5404.1,5967593
2013-04-10,5296.31,5424.19,5203.54,5330.82,2279229
2013-04-11,5373.17,5442.23,5303.61,5372.65,753019
2013-04-12,5264.69,5362.65,5145.56,5243.13,2548228
2013-04-15,5277.53,5373.42,5180.98,5276.86,2750788
2013-04-16,5281.19,5377.39,5190.42,5286.52,1839350
2013-04-17,5245.71,5342.32,5178.89,5275.13,957386
2013-04-18,5419.39,5466.95,5364.55,5412.05,5693483
2013-04-19,5370.27,5437.88,5292.16,5359.64,1043477
2013-04-22,5510.95,5576.65,5475.07,5540.57,2947486
2013-04-23,5540.79,5623.25,5439.81,5521.99,2235622
2013-04-24,5424.15,5462.17,5373.78,5411.72,2843329
2013-04-25,5437.66,5506.54,5350.6,5419.25,5521249
2013-04-26,5337.57,5368.61,5297.25,5328.24,2777282
2013-04-29,5276.43,5326.51,5216.11,5266.1,1418061
2013-04-30,5309.58,5354.61,5256.33,5301.29,3850044
2013-05-01,5364.29,5441.0,5273.83,5350.35,1357751
2013-05-02,5270.2,5388.15,5181.65,5299.12,2187204
2013-05-03,5361.11,5416.92,5329.7,5385.36,912688
2013-05-06,5475.87,5585.43,5378.65,5487.99,1066647
2013-05-07,5615.46,5718.27,5514.88,5617.65,2044843
2013-05-08,5674.21,5731.71,5610.17,5667.61,2472776
2013-05-09,5800.54,5886.88,5708.64,5794.9,713948
2013-05-10,5644.25,5706.56,5563.3,5625.4,2672092
2013-05-13,5618.51,5659.59,5558.27,5599.21,1212679
2013-05-14,5510.01,5595.9,5438.76,5524.47,4272940
2013-05-15,5541.44,5576.33,5502.62,5537.48,1605300
2013-05-16,5475.63,5589.37,5376.1,5489.59,1010369
2013-05-17,5474.49,5580.92,5371.22,5477.59,2075022
2013-05-20,5653.23,5751.16,5549.93,5647.77,1144248
2013-05-21,5577.62,5710.97,5502.67,5635.24,4245486
2013-05-22,5716.61,5793.0,5599.7,5675.55,1983390
2013-05-23,5667.05,5779.08,5545.59,5657.43,1810283
2013-05-24,5657.17,5716.71,5607.85,5667.3,2828000
2013-05-27,5703.71,5738.73,5636.11,5670.92,1084935
2013-05-28,5708.96,5791.66,5632.29,5714.92,914843
2013-05-29,5828.09,5885.97,5767.91,5825.77,2533243
2013-05-30,5976.09,6043.7,5917.31,5984.83,1024994
2013-05-31,6047.93,6078.82,5987.38,6018.11,1024785
2013-06-03,6076.89,6163.56,5992.15,6078.8,3275737
2013-06-04,5974.23,6027.77,5918.05,5971.56,2716998
2013-06-05,5988.44,6035.26,5920.25,5966.89,934439
2013-06-06,6071.84,6105.88,6027.22,6061.2,1367532
2013-06-07,6148.74,6214.11,6084.39,6149.75,1152865
2013-06-10,6195.24,6307.9,6062.39,6174.67,5756220
2013-06-11,6314.79,6378.25,6204.08,6267.06,3414720
2013-06-12,6326.78,6422.86,6224.78,6320.76,1540308
2013-06-13,6450.04,6555.49,6342.37,6447.78,2801643
2013-06-14,6485.57,6549.92,6417.94,6482.25,878778
2013-06-17,6475.41,6587.6,6338.31,6450.06,1324323
2013-06-18,6477.83,6589.29,6378.21,6489.5,2111518
2013-06-19,6191.59,6279.73,6108.7,6196.77,2600822
2013-06-20,6210.7,6270.77,6179.55,6239.48,1870141
2013-06-21,5869.19,5922.66,5836.75,5890.11,2300893
2013-06-24,5725.36,5848.17,5611.64,5734.27,2078177
2013-06-25,5779.36,5877.06,5682.64,5780.33,1797403
2013-06-26,5860.14,5971.86,5718.08,5829.21,1659974
2013-06-27,5735.52,5841.82,5620.18,5726.31,1535307
2013-06-28,5650.46,5696.03,5620.47,5665.96,2278806
2013-07-01,5783.59,5894.08,5685.98,5796.25,2536991
2013-07-02,5779.97,5847.98,5688.49,5756.23,2233355
2013-07-03,5991.65,6092.57,5870.89,5971.47,977586
2013-07-04,5976.76,6007.24,5945.77,5976.25,1088861
2013-07-05,6012.45,6076.58,5956.4,6020.45,2518890
2013-07-08,6204.33,6305.27,6082.86,6183.46,4794615
2013-07-09,6183.25,6306.51,6078.79,6201.73,2172630
2013-07-10,6115.51,6202.94,6021.0,6108.33,1548812
2013-07-11,6144.52,6203.0,6044.81,6102.91,2268443
2013-07-12,6108.53,6167.51,6045.82,6104.77,1002399
2013-07-15,5964.26,6094.76,5847.95,5978.17,4348606
2013-07-16,5966.37,6035.51,5889.98,5959.04,2217645
2013-07-17,5885.64,5962.95,5816.74,5893.95,1326859
2013-07-18,5962.11,6066.69,5882.9,5987.15,1793936
2013-07-19,6008.49,6075.44,5929.07,5995.88,1445228
2013-07-22,5994.28,6073.94,5894.85,5974.24,4355726
2013-07-23,5963.99,6038.12,5895.49,5969.56,1756187
2013-07-24,5989.62,6100.75,5885.4,5996.41,2176479
2013-07-25,6043.99,6174.43,5931.35,6061.47,2797497
2013-07-26,5968.13,6084.15,5854.85,5970.82,1271286
2013-07-29,5867.68,5956.74,5788.68,5877.6,2227133
2013-07-30,5969.84,6057.65,5900.39,5988.0,2337660
2013-07-31,5988.0,6081.28,5861.44,5954.2,780392
2013-08-01,5834.36,5936.9,5723.82,5826.21,2307367
2013-08-02,5883.35,5962.45,5794.3,5873.26,1929058
2013-08-05,5938.25,6030.29,5830.76,5922.56,2143562
2013-08-06,5798.12,5892.32,5690.76,5784.74,2025602
2013-08-07,5804.32,5899.55,5716.41,5811.52,2316346
2013-08-08,5890.72,5986.11,5790.61,5885.91,4423341
2013-08-09,5922.12,5975.09,5873.98,5926.9,977052
2013-08-12,6000.72,6075.58,5918.07,5992.84,1614778
2013-08-13,5871.28,5952.44,5784.18,5865.27,2957843
2013-08-14,5895.25,5931.76,5865.56,5902.03,2645989
2013-08-15,5855.66,5983.99,5751.2,5879.11,2612043
2013-08-16,5841.98,5924.65,5756.79,5839.42,10346370
2013-08-19,5923.32,5968.07,5882.23,5926.95,2866153
2013-08-20,6040.21,6179.42,5936.05,6074.66,3908103
2013-08-21,6267.05,6365.79,6158.93,6257.52,1649127
2013-08-22,6415.12,6520.16,6291.85,6396.6,1092798
2013-08-23,6439.88,6509.95,6321.86,6391.4,1641973
2013-08-26,6426.07,6548.22,6311.6,6433.62,3039416
2013-08-27,6508.61,6592.23,6435.65,6519.15,2530928
2013-08-28,6516.15,6626.55,6427.8,6537.91,2525503
2013-08-29,6561.81,6594.68,6524.85,6557.7,1743479
2013-08-30,6654.91,6752.55,6553.28,6650.87,1584403
2013-09-02,6634.51,6755.6,6529.87,6650.7,1779931
2013-09-03,6576.13,6668.45,6487.31,6579.59,3062325
2013-09-04,6503.24,6623.51,6422.28,6542.07,3283552
2013-09-05,6633.15,6746.9,6501.33,6614.77,1084093
2013-09-06,6605.75,6721.84,6505.21,6621.06,3132699
2013-09-09,6662.48,6724.28,6601.38,6663.17,1341859
2013-09-10,6712.15,6871.68,6582.03,6741.0,2626999
2013-09-11,6694.9,6811.3,6590.4,6706.62,1767047
2013-09-12,6788.52,6928.88,6653.98,6794.22,5073153
2013-09-13,6841.25,6975.36,6707.38,6841.48,1542870
2013-09-16,6723.09,6849.38,6587.33,6713.43,2207049
2013-09-17,6905.72,7018.49,6763.75,6876.04,2853211
2013-09-18,6841.95,6938.71,6730.4,6826.94,1173644
2013-09-19,6673.31,6723.91,6603.65,6654.1,1897951
2013-09-20,6577.61,6664.11,6463.07,6549.2,1689678
2013-09-23,6459.38,6565.84,6342.09,6448.36,1456740
2013-09-24,6458.27,6541.74,6375.52,6458.98,1522959
2013-09-25,6455.38,6571.73,6319.9,6435.89,3863981
2013-09-26,6426.99,6469.69,6363.8,6406.37,1384527
2013-09-27,6487.85,6557.36,6405.88,6475.25,2785240
2013-09-30,6487.14,6597.6,6405.47,6515.57,2394672
2013-10-01,6537.03,6628.84,6461.95,6553.57,857530
2013-10-02,6596.17,6645.37,6552.45,6601.61,2707406
2013-10-03,6687.52,6736.36,6623.19,6671.92,849065
2013-10-04,6454.9,6568.69,6341.52,6455.31,2890254
2013-10-07,6444.24,6523.29,6343.56,6422.34,1462539
2013-10-08,6230.99,6266.7,6170.93,6206.5,1992738
2013-10-09,6236.69,6269.42,6181.73,6214.33,912033
2013-10-10,6240.53,6316.06,6142.8,6218.05,2133830
2013-10-11,6307.42,6374.34,6260.33,6327.1,3457893
2013-10-14,6461.97,6562.63,6352.12,6452.63,1221781
2013-10-15,6465.87,6587.34,6356.4,6477.68,1377388
2013-10-16,6398.17,6484.15,6344.27,6429.98,2604555
2013-10-17,6478.38,6573.99,6388.45,6483.97,2643914
2013-10-18,6458.77,6506.02,6386.13,6433.2,460234
2013-10-21,6445.62,6507.2,6375.23,6436.72,6644126
2013-10-22,6582.31,6702.98,6422.77,6542.71,2722693
2013-10-23,6491.52,6576.95,6402.67,6488.07,3012109
2013-10-24,6623.96,6745.1,6455.42,6575.67,1819142
2013-10-25,6654.23,6709.98,6594.96,6650.69,651340
2013-10-28,6553.5,6618.71,6487.85,6553.06,2972260
2013-10-29,6633.55,6739.44,6553.52,6659.1,1412521
2013-10-30,6759.45,6841.93,6654.81,6737.01,2747931
2013-10-31,6740.78,6885.73,6606.2,6750.95,1738823
2013-11-01,6658.94,6716.71,6614.22,6671.89,2287165
2013-11-04,6608.74,6726.24,6466.38,6583.43,1245443
2013-11-05,6552.22,6669.87,6412.29,6529.53,3330501
2013-11-06,6611.23,6699.15,6501.24,6588.86,971865
2013-11-07,6484.06,6557.07,6418.18,6491.11,7628041
2013-11-08,6537.84,6622.46,6454.23,6538.84,7593241
2013-11-11,6411.01,6472.35,6350.83,6412.16,5280966
2013-11-12,6408.1,6516.95,6284.49,6393.09,4262163
2013-11-13,6435.88,6516.16,6326.11,6406.02,1884684
2013-11-14,6670.61,6796.6,6537.39,6663.25,3992499
2013-11-15,6558.11,6652.16,6426.0,6519.49,1871581
2013-11-18,6694.2,6779.32,6591.35,6676.23,780655
2013-11-19,6688.78,6798.36,6583.99,6693.5,4886177
2013-11-20,6755.54,6840.38,6654.15,6738.78,3903150
2013-11-21,6787.08,6913.1,6627.14,6752.52,1945824
2013-11-22,6842.35,6895.49,6748.75,6801.57,950638
2013-11-25,6809.71,6943.19,6652.55,6785.55,1394825
2013-11-26,6946.35,7065.71,6826.47,6945.82,664847
2013-11-27,6891.19,7019.18,6767.76,6895.67,3495715
2013-11-28,7034.11,7120.23,6936.0,7021.98,757678
2013-11-29,6984.95,7107.59,6828.02,6950.05,2355111
2013-12-02,6952.32,7019.08,6876.62,6943.29,1195152
2013-12-03,6834.31,6946.59,6712.88,6825.0,842372
2013-12-04,6875.57,6924.43,6825.65,6874.51,2287598
2013-12-05,7027.85,7102.35,6960.35,7034.77,1622892
2013-12-06,7021.96,7107.48,6939.9,7025.38,3278555
2013-12-09,7005.27,7074.17,6933.56,7002.43,926747
2013-12-10,6913.11,6987.81,6803.34,6877.66,1258726
2013-12-11,6846.39,6969.86,6727.94,6851.32,473266
2013-12-12,6678.7,6737.81,6618.55,6677.65,534663
2013-12-13,6562.33,6685.86,6456.16,6579.41,5832261
2013-12-16,6615.95,6656.34,6561.45,6601.76,6921609
2013-12-17,6768.44,6880.02,6629.67,6740.8,2096197
2013-12-18,7083.04,7202.6,6929.7,7048.68,1209482
2013-12-19,6984.94,7061.96,6903.72,6980.68,1657681
2013-12-20,7152.78,7266.06,7027.39,7140.48,3348906
2013-12-23,7162.52,7300.02,7028.39,7165.83,1456237
2013-12-24,7157.11,7278.86,7024.23,7145.79,2286608
2013-12-25,7199.29,7277.45,7114.43,7192.51,1967641
2013-12-26,7197.82,7286.09,7108.31,7196.56,1409453
2013-12-27,7209.01,7329.33,7085.76,7206.03,1445960
2013-12-30,7165.4,7232.68,7088.51,7155.7,2364299
2013-12-31,6987.74,7113.21,6868.54,6993.91,1103356
2014-01-01,6814.75,6887.37,6747.14,6819.72,2600040
2014-01-02,6922.87,7041.18,6769.89,6887.59,1494126
2014-01-03,6908.98,6952.52,6810.06,6853.25,2140222
2014-01-06,6759.64,6822.59,6721.34,6784.15,4548816
2014-01-07,6755.25,6916.25,6620.38,6780.87,1792433
2014-01-08,6843.54,6987.07,6720.07,6863.24,3443099
2014-01-09,6876.35,7003.96,6750.91,6878.48,676562
2014-01-10,6820.23,6951.65,6670.88,6801.95,1495217
2014-01-13,6944.06,7024.43,6851.53,6931.76,2015974
2014-01-14,7107.55,7173.67,7037.8,7103.88,6287024
2014-01-15,7166.2,7216.01,7105.12,7154.85,611719
2014-01-16,7246.39,7352.37,7155.68,7261.47,1871543
2014-01-17,7395.78,7462.64,7334.39,7401.2,4751701
2014-01-20,7529.5,7673.28,7386.19,7529.96,1237975
2014-01-21,7561.67,7636.23,7523.41,7597.78,1745055
2014-01-22,7637.41,7718.89,7582.82,7664.11,2419432
2014-01-23,7695.13,7788.26,7628.21,7721.11,2214871
2014-01-24,7597.07,7657.72,7519.17,7579.69,5073098
2014-01-27,7663.5,7727.77,7593.64,7657.86,2594966
2014-01-28,7499.95,7611.26,7375.13,7486.23,4398014
2014-01-29,7343.53,7457.48,7270.74,7384.29,1597571
2014-01-30,7498.71,7639.38,7392.03,7532.23,1271470
2014-01-31,7641.39,7781.64,7486.25,7626.22,1731616
2014-02-03,7736.54,7911.09,7627.93,7801.57,989087
2014-02-04,7787.79,7907.87,7639.66,7759.29,2650097
2014-02-05,7567.48,7688.86,7488.15,7609.1,1572965
2014-02-06,7590.46,7646.6,7515.31,7571.31,1325004
2014-02-07,7554.74,7649.23,7480.64,7574.93,2674291
2014-02-10,7599.44,7747.36,7428.15,7575.6,998261
2014-02-11,7779.2,7890.65,7594.65,7705.04,3148073
2014-02-12,7599.12,7721.41,7529.5,7651.3,1488080
2014-02-13,7701.02,7791.61,7594.58,7684.99,3974692
2014-02-14,7513.87,7687.31,7382.13,7554.85,1566504
2014-02-17,7609.47,7723.82,7485.54,7599.74,2896882
2014-02-18,7585.52,7692.02,7483.8,7590.23,2208308
2014-02-19,7492.72,7629.67,7352.91,7489.81,3098228
2014-02-20,7431.21,7564.01,7319.1,7451.59,2117968
2014-02-21,7436.93,7545.81,7310.92,7419.55,730848
2014-02-24,7345.3,7435.24,7287.66,7377.35,3631935
2014-02-25,7607.03,7657.21,7528.82,7578.8,1881143
2014-02-26,7546.86,7703.31,7399.87,7556.14,3184193
2014-02-27,7484.26,7620.98,7379.61,7515.89,3000075
2014-02-28,7291.98,7373.91,7175.72,7257.26,1246714
2014-03-03,7142.17,7242.45,7043.36,7143.62,1145237
2014-03-04,7143.64,7185.98,7060.89,7102.99,2937921
2014-03-05,7040.56,7162.59,6893.28,7014.86,1652914
2014-03-06,7143.56,7219.78,7084.63,7160.71,3477616
2014-03-07,7128.99,7252.51,7007.31,7130.8,1781701
2014-03-10,7270.6,7365.23,7173.36,7267.96,3663926
2014-03-11,7296.92,7363.67,7197.21,7263.66,2556073
2014-03-12,7265.92,7305.54,7216.82,7256.39,2356728
2014-03-13,7238.25,7363.02,7109.72,7234.42,1584205
2014-03-14,7218.76,7278.33,7163.56,7223.1,2279476
2014-03-17,7411.18,7455.13,7368.37,7412.3,4056015
2014-03-18,7158.32,7275.28,7013.92,7130.42,1919299
2014-03-19,6894.22,6964.89,6823.48,6894.15,2726978
2014-03-20,6814.89,6896.93,6741.01,6822.97,2038686
2014-03-21,6801.42,6872.27,6742.21,6812.96,2136677
2014-03-24,6865.38,6999.81,6742.57,6876.8,5576358
2014-03-25,6888.0,6982.53,6822.84,6917.09,4077676
2014-03-26,6847.29,6918.69,6791.47,6862.74,2079508
2014-03-27,6994.64,7062.06,6896.22,6963.34,2255026
2014-03-28,7062.2,7123.45,7005.37,7066.58,1301304
2014-03-31,7089.79,7159.02,7005.76,7074.84,1787300
2014-04-01,7118.48,7216.6,7074.04,7171.82,2387216
2014-04-02,7202.48,7255.62,7137.17,7190.22,3303087
2014-04-03,7109.59,7193.09,7029.56,7113.03,3108132
2014-04-04,7169.44,7310.43,7039.01,7179.81,1019114
2014-04-07,7183.28,7225.36,7137.31,7179.38,3563271
2014-04-08,7155.68,7225.03,7097.07,7166.34,1879912
2014-04-09,7277.02,7460.09,7141.48,7323.68,1096687
2014-04-10,7048.43,7177.77,6900.0,7028.98,4420798
2014-04-11,6863.53,6967.8,6754.34,6858.53,4770527
2014-04-14,6710.58,6774.72,6652.82,6716.9,2322717
2014-04-15,6646.11,6740.73,6571.03,6665.43,3033647
2014-04-16,6596.6,6679.94,6542.71,6625.81,3142312
2014-04-17,6460.03,6504.79,6410.96,6455.69,4581162
2014-04-18,6373.37,6441.56,6274.8,6342.67,3068934
2014-04-21,6247.8,6333.0,6158.84,6243.99,893933
2014-04-22,6455.1,6549.39,6387.97,6481.99,6621845
2014-04-23,6663.3,6757.66,6564.49,6658.8,3757987
2014-04-24,6601.33,6664.73,6538.98,6602.38,1460494
2014-04-25,6568.45,6635.37,6484.72,6551.47,1068990
2014-04-28,6431.4,6539.83,6311.48,6419.72,2684185
2014-04-29,6159.0,6327.62,6047.07,6214.67,1677883
2014-04-30,6201.2,6262.17,6130.22,6191.08,2416902
2014-05-01,6062.93,6163.77,5980.64,6081.24,3097308
2014-05-02,6035.38,6116.83,5980.02,6061.23,1411459
2014-05-05,5893.24,5930.77,5859.06,5896.57,1014935
2014-05-06,5821.0,5914.53,5720.42,5813.83,2499224
2014-05-07,5787.75,5860.38,5743.97,5816.38,1439731
2014-05-08,5851.57,5918.19,5772.74,5839.22,2164408
2014-05-09,5880.41,5952.77,5794.77,5866.97,885585
2014-05-12,5734.0,5778.54,5688.66,5733.19,1704343
2014-05-13,5785.79,5838.12,5748.65,5800.89,3044877
2014-05-14,5699.23,5774.44,5640.98,5716.02,2852081
2014-05-15,5780.79,5892.27,5651.91,5763.05,1235498
2014-05-16,5724.89,5832.78,5643.44,5750.96,983665
2014-05-19,5632.81,5693.2,5554.68,5614.88,2001601
2014-05-20,5573.05,5606.95,5541.93,5575.81,2776272
2014-05-21,5596.15,5676.15,5517.78,5597.76,2528419
2014-05-22,5613.21,5678.15,5577.38,5642.13,1458186
2014-05-23,5616.21,5692.5,5542.42,5618.68,2370697
2014-05-26,5757.73,5851.46,5653.59,5747.15,4883698
2014-05-27,5806.11,5895.67,5740.19,5829.48,2242466
2014-05-28,5803.31,5858.39,5739.64,5794.64,744234
2014-05-29,5855.14,5888.58,5820.15,5853.58,2239851
2014-05-30,6014.58,6058.59,5982.27,6026.21,6758923
2014-06-02,6222.56,6293.81,6135.58,6206.64,915811
2014-06-03,6034.46,6185.45,5924.33,6074.59,2018438
2014-06-04,5980.36,6032.15,5922.4,5974.15,1730980
2014-06-05,6136.21,6219.73,6023.42,6106.54,2100171
2014-06-06,6018.93,6110.8,5901.55,5993.04,2227858
2014-06-09,5863.74,5898.41,5822.26,5856.89,3929344
2014-06-10,5795.75,5843.33,5753.46,5801.0,2086231
2014-06-11,5818.53,5887.77,5760.53,5829.65,4266719
2014-06-12,5804.45,5897.17,5717.08,5809.73,1847615
2014-06-13,5748.74,5815.35,5672.89,5739.38,1607061
2014-06-16,5654.09,5758.57,5563.55,5667.81,1327078
2014-06-17,5606.51,5707.5,5493.03,5593.8,666468
2014-06-18,5541.31,5632.06,5415.91,5506.08,2339549
2014-06-19,5699.93,5814.34,5586.59,5700.98,6799775
2014-06-20,5695.36,5811.72,5602.44,5718.43,2610210
2014-06-23,5766.98,5893.31,5664.43,5790.34,2993783
2014-06-24,5748.95,5849.48,5635.3,5735.59,1547546
2014-06-25,5708.05,5800.15,5616.98,5709.07,1712388
2014-06-26,5649.82,5746.02,5539.05,5634.99,3579683
2014-06-27,5383.51,5494.7,5281.11,5392.14,6617420
2014-06-30,5279.19,5343.22,5202.2,5266.07,4841662
2014-07-01,5105.14,5182.0,5030.74,5107.57,3214385
2014-07-02,4908.42,4981.82,4845.97,4919.23,2025020
2014-07-03,4812.74,4904.14,4727.24,4818.54,2248629
2014-07-04,4896.57,4970.59,4840.41,4914.22,1261605
2014-07-07,4932.54,5017.86,4818.47,4903.28,831593
2014-07-08,4996.64,5083.01,4911.75,4998.09,1008445
2014-07-09,5033.35,5131.13,4926.03,5023.63,2042898
2014-07-10,5071.34,5123.88,5027.04,5079.52,1664116
2014-07-11,4983.86,5077.85,4905.89,4999.64,821046
2014-07-14,5031.06,5116.93,4948.78,5034.59,1938850
2014-07-15,5103.34,5200.53,4989.67,5086.54,1637926
2014-07-16,5025.05,5126.55,4931.57,5032.92,980963
2014-07-17,5058.08,5140.31,4989.28,5071.33,1587851
2014-07-18,5113.07,5183.06,5040.74,5110.69,1635449
2014-07-21,5066.92,5104.97,5021.36,5059.35,1369584
2014-07-22,4987.37,5085.25,4865.52,4962.91,3457312
2014-07-23,4868.82,4911.79,4820.73,4863.66,633021
2014-07-24,4873.79,4951.14,4787.19,4864.39,602305
2014-07-25,4894.55,4977.45,4801.29,4884.01,1986672
2014-07-28,4800.11,4872.73,4744.34,4816.77,2100479
2014-07-29,4799.33,4852.56,4760.13,4813.24,2526963
2014-07-30,4836.11,4889.9,4798.22,4851.89,1434914
2014-07-31,4875.14,4982.06,4788.13,4894.7,1143090
2014-08-01,5024.3,5087.91,4948.88,5012.34,1974074
2014-08-04,5114.86,5147.35,5077.96,5110.42,1521265
2014-08-05,5025.24,5104.41,4944.88,5024.04,5028553
2014-08-06,5115.95,5201.19,5071.18,5156.06,1632239
2014-08-07,5138.97,5232.22,5014.8,5107.48,1920486
2014-08-08,5174.76,5238.72,5124.86,5188.68,8756010
2014-08-11,5221.52,5263.31,5148.04,5189.57,1764087
2014-08-12,5128.5,5183.2,5096.33,5150.89,2768161
2014-08-13,4987.57,5063.11,4924.36,4999.75,2922019
2014-08-14,4948.99,5040.5,4890.78,4981.91,3075078
2014-08-15,4860.54,4939.62,4776.27,4855.26,2358867
2014-08-18,4910.91,4986.16,4852.13,4927.19,2227308
2014-08-19,5028.25,5095.73,4977.18,5044.49,2105788
2014-08-20,4956.54,5021.46,4912.31,4977.04,1403393
2014-08-21,5009.39,5055.34,4951.9,4997.74,2410419
2014-08-22,4947.4,5040.99,4843.46,4936.86,6697115
2014-08-25,4910.99,4947.7,4847.92,4884.44,4099637
2014-08-26,4932.26,5040.4,4834.49,4942.43,2379380
2014-08-27,4939.87,4988.79,4887.74,4936.63,3313441
2014-08-28,5053.67,5105.39,5021.71,5073.3,1177017
2014-08-29,5026.76,5075.75,4982.87,5031.82,1695846
2014-09-01,5102.6,5140.58,5072.61,5110.55,3501527
2014-09-02,5123.45,5209.78,5030.11,5116.32,4839395
2014-09-03,5195.62,5261.54,5114.09,5179.81,1248533
2014-09-04,5156.29,5208.13,5089.31,5141.0,1483399
2014-09-05,5122.23,5211.89,5045.75,5135.21,7339824
2014-09-08,5139.54,5213.86,5050.1,5124.19,2100648
2014-09-09,5054.08,5151.28,4957.55,5054.74,5921007
2014-09-10,5102.4,5206.55,5003.32,5107.37,2244771
2014-09-11,5148.78,5238.23,5070.46,5159.75,2298364
2014-09-12,5199.35,5298.03,5109.57,5208.1,1650692
2014-09-15,5364.94,5455.53,5246.92,5337.04,3490421
2014-09-16,5466.73,5534.35,5394.13,5461.69,4477907
2014-09-17,5431.5,5516.05,5344.14,5428.65,1065546
2014-09-18,5456.66,5494.68,5422.98,5460.96,1604832
2014-09-19,5446.41,5535.57,5318.23,5406.74,3433350
2014-09-22,5430.11,5535.61,5303.86,5408.94,1834478
2014-09-23,5346.05,5391.26,5312.51,5357.64,1474705
2014-09-24,5494.37,5595.35,5397.99,5498.89,3633566
2014-09-25,5528.17,5636.8,5423.17,5531.73,3844184
2014-09-26,5515.81,5562.1,5467.12,5513.4,1513922
2014-09-29,5609.02,5693.2,5536.82,5620.85,2252204
2014-09-30,5437.43,5540.29,5327.55,5430.28,960217
2014-10-01,5282.41,5384.91,5157.45,5259.5,1158586
2014-10-02,5307.54,5365.4,5270.82,5328.53,2136114
2014-10-03,5317.45,5390.12,5263.03,5335.51,2020476
2014-10-06,5351.17,5441.86,5268.38,5358.94,1110004
2014-10-07,5241.68,5292.25,5198.05,5248.56,1290339
2014-10-08,5280.41,5332.53,5197.12,5248.94,1046512
2014-10-09,5438.81,5467.91,5393.51,5422.52,2605241
2014-10-10,5512.89,5553.15,5457.17,5497.32,608904
2014-10-13,5510.9,5589.38,5436.86,5515.28,1080628
2014-10-14,5475.15,5560.93,5394.13,5479.85,648381
2014-10-15,5424.99,5529.0,5345.06,5448.72,2549511
2014-10-16,5282.0,5370.08,5181.77,5269.64,672232
2014-10-17,5302.83,5362.38,5235.57,5295.03,2020867
2014-10-20,5391.72,5440.8,5322.11,5371.0,5302634
2014-10-21,5237.92,5268.66,5210.5,5241.23,5411627
2014-10-22,5187.93,5232.17,5145.91,5190.13,670953
2014-10-23,5101.68,5151.09,5049.69,5099.08,2371529
2014-10-24,5038.66,5077.32,4986.65,5025.21,1095385
2014-10-27,5011.77,5060.67,4985.2,5033.97,969095
2014-10-28,4884.1,4920.06,4837.47,4873.34,1852261
2014-10-29,4925.87,5000.02,4852.02,4926.17,4143182
2014-10-30,4975.02,5062.96,4903.17,4990.87,2841365
2014-10-31,4944.82,5070.66,4850.69,4975.94,1290984
2014-11-03,4785.39,4868.6,4704.17,4787.35,3026811
2014-11-04,4737.23,4801.26,4653.0,4716.75,515955
2014-11-05,4840.3,4874.49,4782.09,4816.1,1262030
2014-11-06,4616.95,4679.1,4549.95,4612.03,1209436
2014-11-07,4618.92,4646.29,4564.69,4591.89,2078157
2014-11-10,4510.92,4563.21,4459.21,4511.5,1755568
2014-11-11,4588.74,4638.55,4525.99,4575.66,1821402
2014-11-12,4526.16,4584.04,4474.49,4532.3,1785427
2014-11-13,4560.62,4609.69,4518.68,4567.67,2009596
2014-11-14,4606.0,4685.94,4535.59,4615.38,2741672
2014-11-17,4730.11,4843.37,4646.79,4759.53,2168613
2014-11-18,4769.12,4847.94,4672.26,4750.78,1671762
2014-11-19,4777.1,4855.32,4708.24,4786.32,2523226
2014-11-20,4669.54,4741.99,4608.48,4680.79,3254906
2014-11-21,4761.04,4804.07,4735.01,4777.95,1420308
2014-11-24,4724.48,4802.28,4649.63,4727.38,1913335
2014-11-25,4717.28,4779.43,4630.64,4692.46,3981399
2014-11-26,4727.75,4770.59,4655.67,4698.24,1023095
2014-11-27,4566.75,4635.14,4521.46,4589.62,5855086
2014-11-28,4609.13,4701.86,4521.4,4614.04,887804
2014-12-01,4679.31,4761.3,4612.09,4693.87,1611669
2014-12-02,4737.97,4795.48,4666.62,4723.96,1121172
2014-12-03,4617.33,4683.42,4547.32,4613.36,7368731
2014-12-04,4603.53,4664.02,4551.94,4612.34,1465914
2014-12-05,4676.79,4733.15,4619.41,4675.77,1468123
2014-12-08,4539.09,4588.12,4496.63,4545.6,1587309
2014-12-09,4498.01,4550.18,4424.42,4476.34,2099818
2014-12-10,4555.51,4625.13,4478.53,4548.04,1628117
2014-12-11,4585.6,4611.27,4550.78,4576.4,1830807
2014-12-12,4578.6,4693.64,4501.1,4615.52,238583
2014-12-15,4763.21,4808.21,4719.18,4764.17,2051939
2014-12-16,4839.55,4913.3,4736.2,4809.49,2004056
2014-12-17,4889.47,4961.06,4798.8,4870.1,3697403
2014-12-18,5068.02,5171.63,4993.07,5096.26,4348913
2014-12-19,5084.48,5161.13,5012.67,5089.26,1771567
2014-12-22,5016.96,5132.73,4919.7,5035.11,3235640
2014-12-23,5106.4,5170.87,5016.18,5080.32,1023827
2014-12-24,5130.73,5212.74,5045.02,5126.97,3142110
2014-12-25,5083.1,5174.22,5003.89,5094.83,1406358
2014-12-26,5022.73,5065.64,4979.3,5022.21,974014
2014-12-29,5181.84,5271.0,5133.91,5222.69,1773821
2014-12-30,5244.54,5321.44,5184.96,5261.67,4594100
2014-12-31,5212.54,5260.32,5164.2,5211.97,2210221
2015-01-01,5314.27,5370.08,5245.16,5300.82,4866535
2015-01-02,5272.71,5361.21,5215.42,5303.59,1265224
2015-01-05,5288.23,5368.71,5213.89,5294.28,3718052
2015-01-06,5370.7,5415.26,5310.04,5354.48,1340702
2015-01-07,5234.27,5346.87,5144.95,5257.16,2269788
2015-01-08,5302.97,5364.29,5238.05,5299.33,2258044
2015-01-09,5478.06,5563.49,5391.57,5476.98,2948759
2015-01-12,5559.6,5594.19,5496.74,5531.15,2304661
2015-01-13,5507.37,5577.59,5441.01,5511.18,1272493
2015-01-14,5477.06,5509.6,5447.36,5479.88,3362462
2015-01-15,5471.3,5554.13,5374.68,5457.3,5604015
2015-01-16,5426.83,5503.85,5371.72,5448.51,1396832
2015-01-19,5425.46,5533.51,5321.08,5429.06,659251
2015-01-20,5515.39,5577.41,5461.0,5522.94,2675352
2015-01-21,5383.08,5457.8,5310.64,5385.33,1625444
2015-01-22,5487.79,5536.42,5425.35,5473.86,1832768
2015-01-23,5463.54,5541.68,5376.47,5454.47,2768196
2015-01-26,5489.08,5567.48,5423.18,5501.43,1507803
2015-01-27,5419.16,5476.39,5359.74,5416.94,1687382
2015-01-28,5572.36,5617.25,5502.87,5547.55,1867158
2015-01-29,5659.7,5711.71,5621.93,5673.85,4789096
2015-01-30,5779.1,5818.39,5737.31,5776.58,2018856
2015-02-02,5649.69,5765.94,5536.78,5652.96,944674
2015-02-03,5742.37,5807.69,5678.14,5743.45,967502
2015-02-04,5767.62,5825.12,5738.61,5795.97,2155510
2015-02-05,5687.88,5797.62,5554.63,5663.91,1006856
2015-02-06,5663.51,5706.78,5633.5,5676.7,776551
2015-02-09,5742.7,5807.47,5660.51,5725.08,2903192
2015-02-10,5780.85,5882.93,5689.73,5791.64,2989746
2015-02-11,5812.7,5932.64,5703.89,5823.63,1589798
2015-02-12,5887.87,5980.27,5774.45,5866.52,2364780
2015-02-13,6040.59,6112.81,5950.64,6022.64,2219678
2015-02-16,6162.36,6283.25,6037.7,6158.51,2846075
2015-02-17,5911.75,5944.8,5865.31,5898.28,2850058
2015-02-18,5879.2,6000.83,5762.77,5884.3,415204
2015-02-19,5884.6,5989.15,5780.2,5884.74,1716333
2015-02-20,5726.24,5846.26,5617.82,5737.62,2705351
2015-02-23,5777.56,5828.52,5711.1,5761.93,1549938
2015-02-24,5881.98,5936.31,5840.01,5894.25,2026299
2015-02-25,5834.36,5921.58,5721.65,5808.48,3110891
2015-02-26,5850.25,5930.39,5775.73,5855.8,2081407
2015-02-27,5786.77,5861.12,5712.07,5786.41,4900028
2015-03-02,5753.29,5861.85,5631.91,5740.22,3898848
2015-03-03,5894.06,5978.35,5809.35,5893.64,1846608
2015-03-04,5853.48,5915.35,5796.91,5858.72,1760612
2015-03-05,5917.87,5983.51,5852.76,5918.4,358543
2015-03-06,5775.03,5815.47,5719.26,5759.59,1630013
2015-03-09,5938.24,5996.99,5891.42,5950.07,880318
2015-03-10,6021.92,6067.27,5978.86,6024.2,2264212
2015-03-11,6023.29,6126.61,5919.78,6023.1,2173224
2015-03-12,6111.29,6206.46,6000.56,6095.48,3010189
2015-03-13,5974.05,6053.26,5896.66,5975.84,4583632
2015-03-16,6139.77,6204.95,6041.82,6106.65,1951752
2015-03-17,6088.82,6183.22,5997.32,6091.68,7789208
2015-03-18,6084.05,6193.07,5979.45,6088.39,2279509
2015-03-19,6054.05,6167.51,5943.75,6057.15,903354
2015-03-20,5993.71,6096.94,5914.56,6017.47,1415165
2015-03-23,6082.29,6206.8,5977.07,6101.26,1585407
2015-03-24,6133.13,6220.74,6055.43,6142.91,2828554
2015-03-25,6245.31,6320.99,6148.68,6224.1,1123152
2015-03-26,6239.41,6352.24,6127.22,6240.04,1658152
2015-03-27,6299.26,6376.54,6231.26,6308.43,1800141
2015-03-30,6306.26,6375.24,6214.41,6283.14,1515305
2015-03-31,6559.18,6621.97,6466.29,6528.79,3226308
2015-04-01,6408.1,6490.0,6302.47,6384.06,2913287
2015-04-02,6514.81,6617.56,6428.99,6531.52,3992548
2015-04-03,6683.84,6793.57,6584.2,6693.78,1625595
2015-04-06,6656.64,6732.91,6544.76,6620.62,4079628
2015-04-07,6884.1,6941.01,6822.25,6879.12,874669
2015-04-08,7002.31,7134.1,6876.25,7007.94,861964
2015-04-09,7151.69,7224.57,7063.6,7136.32,957153
2015-04-10,7179.76,7315.06,7023.24,7158.13,1993748
2015-04-13,7139.56,7209.82,7081.66,7151.82,4079262
2015-04-14,7151.03,7246.86,7050.56,7146.33,1381547
2015-04-15,7229.67,7324.01,7115.55,7209.63,1489549
2015-04-16,7366.25,7520.82,7237.85,7391.98,1741729
2015-04-17,7432.63,7485.27,7379.71,7432.35,2795990
2015-04-20,7318.78,7480.28,7182.29,7343.33,1488716
2015-04-21,7437.6,7556.38,7341.13,7459.62,1439706
2015-04-22,7576.55,7694.05,7472.06,7589.38,884486
2015-04-23,7699.44,7796.85,7591.15,7688.43,1406995
2015-04-24,7792.47,7843.22,7749.29,7800.0,4018732
2015-04-27,7770.28,7882.4,7673.49,7785.43,2093934
2015-04-28,7690.56,7759.42,7620.53,7689.37,1271982
2015-04-29,7575.63,7678.87,7498.81,7601.78,4162749
2015-04-30,7432.93,7542.47,7313.99,7423.38,1395651
2015-05-01,7494.86,7588.29,7376.4,7469.51,4648119
2015-05-04,7475.59,7525.21,7427.76,7477.37,4602748
2015-05-05,7438.01,7487.9,7392.67,7442.54,2050526
2015-05-06,7123.47,7178.93,7060.11,7115.5,806831
2015-05-07,6948.68,7046.2,6894.04,6991.22,7831779
2015-05-08,7145.75,7246.68,7033.49,7134.26,2501411
2015-05-11,7140.9,7195.65,7020.82,7075.06,1632572
2015-05-12,7129.65,7262.26,6999.7,7132.27,3518962
2015-05-13,6988.65,7048.1,6931.71,6991.15,3021855
2015-05-14,7186.03,7231.79,7124.39,7170.04,4353814
2015-05-15,7204.88,7335.55,7039.47,7169.49,1332531
2015-05-18,7239.89,7308.16,7150.7,7218.77,2400251
2015-05-19,7460.33,7594.35,7375.43,7508.89,973329
2015-05-20,7723.06,7872.77,7560.57,7710.03,2957339
2015-05-21,7748.15,7896.65,7541.46,7688.82,1955649
2015-05-22,7646.69,7766.93,7512.43,7632.44,2346899
2015-05-25,7582.48,7654.74,7536.72,7608.83,1816078
2015-05-26,7693.71,7800.66,7580.36,7687.22,1705564
2015-05-27,7660.64,7842.73,7508.68,7690.18,1177685
2015-05-28,7685.7,7833.29,7510.33,7657.38,3185940
2015-05-29,7832.65,7906.94,7781.03,7855.18,4846766
2015-06-01,7858.34,7944.3,7770.64,7856.59,1419760
2015-06-02,8146.22,8246.73,8066.93,8167.24,2763819
2015-06-03,8181.75,8252.1,8124.92,8195.18,2569726
2015-06-04,8486.71,8617.59,8318.74,8449.04,1992416
2015-06-05,8516.46,8594.02,8436.27,8513.81,793368
2015-06-08,8647.9,8750.55,8559.92,8662.43,908038
2015-06-09,8549.18,8633.17,8494.84,8578.65,1240978
2015-06-10,8430.35,8583.67,8325.23,8477.96,549408
2015-06-11,8524.07,8619.27,8461.23,8556.19,4614981
2015-06-12,8711.25,8811.27,8608.34,8708.33,2472207
2015-06-15,8755.17,8817.77,8667.09,8729.5,1947434
2015-06-16,8552.34,8732.15,8387.22,8566.75,532777
2015-06-17,8436.46,8496.99,8336.65,8396.9,663761
2015-06-18,8203.73,8326.89,8098.49,8221.43,1979975
2015-06-19,7999.99,8069.38,7936.35,8005.7,6467459
2015-06-22,8007.11,8082.5,7957.91,8033.13,1303825
2015-06-23,8216.86,8282.88,8126.69,8192.51,3329320
2015-06-24,8255.67,8303.73,8156.28,8204.05,1486683
2015-06-25,7883.4,7981.49,7827.5,7925.29,2049576
2015-06-26,7905.37,8011.73,7807.32,7913.58,4109493
2015-06-29,7935.24,8052.5,7788.43,7905.25,1611102
2015-06-30,8151.8,8239.0,8100.36,8187.34,1310523
2015-07-01,8024.31,8117.52,7917.65,8010.7,4642865
2015-07-02,8001.77,8111.55,7863.19,7972.56,2037704
2015-07-03,8207.01,8276.88,8135.23,8205.08,3816037
2015-07-06,8289.87,8377.58,8188.63,8276.2,1314347
2015-07-07,8407.07,8458.16,8312.07,8362.89,4611226
2015-07-08,8438.87,8508.93,8320.18,8389.83,2336527
2015-07-09,8444.14,8547.07,8342.8,8445.71,2573744
2015-07-10,8549.19,8732.89,8379.43,8562.86,2145702
2015-07-13,8440.4,8632.56,8272.06,8463.76,1464046
2015-07-14,8619.75,8789.51,8425.29,8594.56,1980758
2015-07-15,8383.79,8513.95,8288.66,8418.43,1520341
2015-07-16,8466.85,8525.89,8414.26,8473.27,3526186
2015-07-17,8510.48,8594.34,8424.03,8507.86,1755326
2015-07-20,8421.69,8506.66,8349.55,8434.42,807820
2015-07-21,8448.29,8492.32,8397.21,8441.2,723854
2015-07-22,8431.47,8485.67,8313.31,8367.1,703602
2015-07-23,8231.05,8331.2,8133.95,8234.06,2872756
2015-07-24,8185.87,8279.32,8103.24,8196.58,993607
2015-07-27,8086.26,8148.57,7999.59,8061.7,2373915
2015-07-28,8117.78,8245.57,7984.26,8111.95,2152078
2015-07-29,8006.64,8089.56,7889.65,7972.21,1907253
2015-07-30,8075.62,8219.18,7928.13,8071.63,2579337
2015-07-31,7922.32,7996.53,7854.07,7928.23,2180319
2015-08-03,7822.15,7967.06,7719.86,7864.23,390101
2015-08-04,7755.42,7853.78,7695.22,7793.29,1632829
2015-08-05,7923.65,8066.56,7825.17,7967.53,2558833
2015-08-06,8025.97,8084.46,7958.43,8016.85,5305049
2015-08-07,7963.96,8056.01,7904.84,7996.64,5454080
2015-08-10,8097.88,8212.73,7953.07,8067.49,875114
2015-08-11,7807.13,7877.05,7736.5,7806.42,1607458
2015-08-12,7801.53,7866.47,7742.35,7807.25,774777
2015-08-13,8046.62,8219.89,7894.17,8067.04,4935334
2015-08-14,8105.33,8151.09,8044.56,8090.23,3640799
2015-08-17,8085.38,8214.18,7976.41,8104.94,2446949
2015-08-18,8157.95,8290.34,8050.07,8182.14,2190536
2015-08-19,8335.55,8408.56,8233.18,8305.94,4539732
2015-08-20,8058.61,8153.63,7955.12,8050.04,4101220
2015-08-21,7835.78,7890.83,7786.29,7841.31,3972184
2015-08-24,7887.8,8012.57,7748.11,7872.65,2607774
2015-08-25,7788.02,7852.86,7722.97,7787.81,1607937
2015-08-26,7966.81,8029.75,7894.79,7957.66,3141700
2015-08-27,7902.68,7999.12,7825.84,7922.09,3235277
2015-08-28,7732.54,7875.87,7542.37,7684.81,1768456
2015-08-31,7521.3,7662.09,7393.84,7534.4,1605989
2015-09-01,7247.42,7386.59,7075.22,7213.74,3913677
2015-09-02,7186.17,7296.52,7079.97,7190.25,5381456
2015-09-03,7189.3,7296.74,7064.76,7171.94,1264721
2015-09-04,7142.27,7229.41,7039.62,7126.57,1692934
2015-09-07,7278.71,7413.93,7118.99,7253.75,2447456
2015-09-08,7378.56,7490.89,7285.12,7397.21,2655011
2015-09-09,7403.77,7480.22,7303.75,7379.95,1449283
2015-09-10,7174.32,7279.11,7030.59,7134.8,6138631
2015-09-11,7202.57,7303.26,7107.56,7208.17,2554219
2015-09-14,7275.71,7325.63,7225.05,7274.95,2727320
2015-09-15,7301.91,7393.04,7222.38,7313.39,5696317
2015-09-16,7423.67,7503.48,7351.66,7431.4,1514450
2015-09-17,7333.72,7463.55,7167.1,7296.26,1880298
2015-09-18,7513.9,7617.12,7433.63,7536.61,934724
2015-09-21,7402.69,7552.28,7274.46,7423.68,1787966
2015-09-22,7551.31,7639.17,7427.55,7514.99,811503
2015-09-23,7330.15,7449.65,7197.16,7316.44,3105575
2015-09-24,7255.7,7306.7,7159.16,7209.84,2551005
2015-09-25,7378.33,7527.73,7239.11,7388.32,1679083
2015-09-28,7361.63,7451.5,7269.0,7358.84,1866817
2015-09-29,7444.83,7525.98,7378.59,7459.62,3131052
2015-09-30,7492.28,7556.88,7424.49,7489.06,1003016
2015-10-01,7437.71,7544.62,7370.95,7477.5,2241152
2015-10-02,7659.1,7739.53,7563.13,7643.4,3016795
2015-10-05,7622.72,7742.88,7495.29,7615.33,680535
2015-10-06,7400.85,7544.57,7258.42,7402.12,2990534
2015-10-07,7299.65,7418.09,7189.89,7308.21,726186
2015-10-08,7353.67,7470.85,7256.55,7373.46,1847683
2015-10-09,7436.9,7524.13,7333.67,7420.7,986546
2015-10-12,7211.87,7363.39,7086.22,7237.3,4679715
2015-10-13,7165.15,7292.29,7027.21,7154.16,990264
2015-10-14,7132.17,7199.18,7021.46,7088.05,736663
2015-10-15,7078.23,7214.85,6910.81,7046.83,2147921
2015-10-16,6862.29,6968.74,6787.3,6893.41,1546922
2015-10-19,6813.42,6940.43,6697.59,6824.41,803905
2015-10-20,6753.74,6885.45,6613.66,6745.21,2718223
2015-10-21,6827.38,6935.04,6721.18,6828.82,600249
2015-10-22,6888.52,6968.91,6837.38,6917.56,1064755
2015-10-23,6909.12,7004.41,6805.96,6901.14,1404046
2015-10-26,6857.43,6904.15,6810.93,6857.64,3208562
2015-10-27,6912.07,7028.45,6756.89,6872.6,4313589
2015-10-28,6777.79,6845.48,6715.3,6782.94,3842636
2015-10-29,6682.45,6785.55,6556.38,6659.12,1808549
2015-10-30,6534.22,6681.49,6412.35,6559.16,462136
2015-11-02,6472.28,6542.39,6422.34,6492.3,2506785
2015-11-03,6385.75,6455.31,6302.55,6371.96,4791452
2015-11-04,6408.63,6502.88,6293.92,6387.86,4156875
2015-11-05,6443.63,6535.18,6370.85,6462.2,2617602
2015-11-06,6299.92,6347.94,6251.45,6299.46,971210
2015-11-09,6275.14,6335.52,6241.03,6301.26,1446729
2015-11-10,6274.95,6348.05,6205.31,6278.37,6326695
2015-11-11,6327.82,6421.08,6218.95,6311.98,847428
2015-11-12,6301.62,6395.73,6215.86,6309.85,995793
2015-11-13,6159.37,6209.24,6114.14,6163.98,3490414
2015-11-16,6019.43,6110.93,5948.64,6039.9,1530805
2015-11-17,6030.15,6105.6,5966.58,6041.9,975735
2015-11-18,6173.7,6229.96,6085.34,6141.31,4959337
2015-11-19,5927.99,6022.48,5832.23,5926.69,2614631
2015-11-20,5940.78,6016.17,5883.48,5958.7,1576817
2015-11-23,6066.57,6151.86,5987.08,6072.3,997028
2015-11-24,6027.52,6170.71,5913.92,6056.55,6772927
2015-11-25,6090.6,6189.15,6010.88,6109.18,1953882
2015-11-26,6064.58,6151.04,5953.83,6039.93,4585440
2015-11-27,6024.92,6064.26,5988.18,6027.5,3389456
2015-11-30,5905.61,5950.91,5827.24,5872.3,1450558
2015-12-01,5653.64,5692.09,5616.81,5655.25,1457503
2015-12-02,5739.72,5834.9,5645.18,5740.34,4722216
2015-12-03,5660.6,5759.88,5550.65,5649.74,4768347
2015-12-04,5562.91,5651.6,5519.54,5607.88,642968
2015-12-07,5487.41,5532.9,5438.58,5484.04,2757591
2015-12-08,5360.14,5413.72,5307.35,5360.93,1843674
2015-12-09,5369.1,5443.55,5271.15,5345.27,1066620
2015-12-10,5297.78,5373.68,5206.81,5282.49,2319930
2015-12-11,5295.73,5395.11,5214.7,5313.8,882259
2015-12-14,5371.64,5471.43,5252.27,5351.69,1498727
2015-12-15,5374.3,5429.22,5323.64,5378.53,1228022
2015-12-16,5383.76,5478.74,5303.64,5398.41,1469048
2015-12-17,5539.01,5613.21,5461.58,5535.73,1899522
2015-12-18,5438.01,5493.49,5385.88,5441.32,1078045
2015-12-21,5461.0,5562.64,5334.74,5435.91,5095699
2015-12-22,5540.36,5576.0,5499.11,5534.71,2665680
2015-12-23,5650.72,5739.32,5558.68,5647.23,5819575
2015-12-24,5534.57,5622.67,5431.8,5519.66,1801179
2015-12-25,5509.62,5612.82,5388.76,5491.62,1426487
2015-12-28,5624.94,5696.82,5540.04,5611.75,5694716
2015-12-29,5681.17,5736.99,5601.51,5657.08,1401654
2015-12-30,5684.71,5783.71,5575.52,5674.34,1781604
2015-12-31,5657.06,5750.75,5560.57,5654.21,3054200
2016-01-01,5640.13,5710.65,5548.97,5619.24,943512
2016-01-04,5643.35,5738.13,5550.13,5644.88,3038203
2016-01-05,5622.42,5673.12,5571.16,5621.85,2813692
2016-01-06,5646.8,5724.97,5540.02,5617.79,4246455
2016-01-07,5652.03,5753.64,5523.54,5624.66,3382165
2016-01-08,5563.68,5618.17,5509.32,5563.81,4325278
2016-01-11,5603.65,5680.04,5534.98,5611.28,1855652
2016-01-12,5904.86,6018.62,5765.79,5879.06,1181621
2016-01-13,5727.97,5825.19,5617.26,5714.24,7032067
2016-01-14,5749.42,5854.67,5638.84,5743.98,793320
2016-01-15,5669.15,5735.79,5608.04,5674.63,842469
2016-01-18,5733.14,5847.5,5613.19,5727.44,2783102
2016-01-19,5731.53,5773.68,5689.75,5731.9,5256582
2016-01-20,5790.89,5876.61,5716.87,5802.45,2221582
2016-01-21,5915.22,5987.32,5840.86,5912.93,3611313
2016-01-22,5936.26,6037.04,5830.84,5931.54,598701
2016-01-25,6033.59,6152.92,5921.19,6040.39,1469265
2016-01-26,5834.28,5927.44,5725.6,5818.51,644114
2016-01-27,5992.11,6078.41,5883.06,5969.03,3166845
2016-01-28,6023.05,6091.79,5937.05,6005.58,783605
2016-01-29,6105.68,6188.08,6028.42,6110.75,921086
2016-02-01,6006.98,6082.9,5917.63,5993.39,2699062
2016-02-02,5916.44,5947.83,5883.67,5915.05,3749355
2016-02-03,5907.77,6004.15,5833.66,5929.76,1802381
2016-02-04,5941.04,6047.03,5823.31,5929.08,2791538
2016-02-05,5959.62,6052.82,5863.84,5957.0,2737820
2016-02-08,6109.54,6213.01,5959.7,6062.37,1742347
2016-02-09,5920.45,5984.73,5830.68,5894.68,1028052
2016-02-10,6001.25,6078.87,5911.01,5988.47,2782707
2016-02-11,5995.03,6028.02,5957.6,5990.56,2864365
2016-02-12,5975.35,6039.56,5908.24,5972.42,3390251
2016-02-15,5817.31,5905.58,5746.83,5834.88,2391042
2016-02-16,5852.82,5935.45,5801.15,5883.51,983526
2016-02-17,5647.26,5693.05,5616.38,5662.08,3000243
2016-02-18,5721.89,5810.59,5634.02,5722.71,1981116
2016-02-19,5554.01,5653.74,5489.99,5589.31,1484157
2016-02-22,5586.64,5658.64,5523.87,5595.77,1661478
2016-02-23,5582.71,5635.74,5533.86,5586.86,1310403
2016-02-24,5690.56,5768.65,5616.2,5694.24,3379729
2016-02-25,5668.62,5745.62,5603.03,5679.9,846724
2016-02-26,5613.37,5687.17,5545.39,5619.13,1092422
2016-02-29,5604.62,5681.47,5499.32,5575.78,1627793
2016-03-01,5703.94,5733.0,5663.63,5692.63,5221266
2016-03-02,5734.26,5850.84,5627.51,5743.91,3732423
2016-03-03,5709.69,5745.5,5675.05,5710.86,740807
2016-03-04,5691.15,5758.59,5624.2,5691.64,4460664
2016-03-07,5540.25,5598.09,5495.32,5553.05,4455510
2016-03-08,5577.21,5661.98,5505.51,5590.11,980281
2016-03-09,5453.83,5504.02,5387.3,5437.34,436753
2016-03-10,5498.75,5604.23,5400.32,5505.68,1898675
2016-03-11,5501.51,5580.05,5441.29,5519.63,3888191
2016-03-14,5736.56,5820.96,5652.91,5737.3,5151287
2016-03-15,5642.0,5691.27,5590.75,5640.0,1175852
2016-03-16,5600.28,5663.43,5570.65,5633.62,5672766
2016-03-17,5800.39,5865.27,5736.22,5801.1,520862
2016-03-18,5931.31,6008.69,5838.71,5915.9,1589880
2016-03-21,5861.49,5931.2,5783.95,5853.57,1543670
2016-03-22,5917.18,6032.15,5763.65,5877.86,3958604
2016-03-23,5903.48,5995.59,5789.64,5881.4,4320931
2016-03-24,5937.13,6055.49,5793.59,5911.44,3514944
2016-03-25,5898.33,5953.93,5794.06,5849.19,881755
2016-03-28,5857.67,5956.29,5745.98,5844.38,3326966
2016-03-29,5703.14,5779.19,5624.35,5700.36,2691004
2016-03-30,5732.98,5814.26,5635.25,5716.28,727420
2016-03-31,5751.61,5875.28,5637.8,5761.28,573659
2016-04-01,5745.95,5831.04,5659.02,5744.09,3696117
2016-04-04,5590.38,5704.79,5487.06,5601.27,1779673
2016-04-05,5701.19,5791.76,5603.93,5694.39,917025
2016-04-06,5720.41,5771.23,5680.88,5731.62,1749948
2016-04-07,5657.68,5757.19,5570.03,5669.36,2466781
2016-04-08,5654.95,5724.31,5578.68,5647.95,1886604
2016-04-11,5515.62,5621.53,5412.02,5517.9,781373
2016-04-12,5400.63,5524.95,5308.27,5432.04,6146135
2016-04-13,5365.93,5424.83,5330.72,5389.46,3621977
2016-04-14,5481.61,5539.09,5443.19,5500.54,1621356
2016-04-15,5434.22,5481.59,5401.38,5448.66,1661021
2016-04-18,5515.82,5584.21,5440.66,5508.97,2460050
2016-04-19,5469.54,5503.52,5432.0,5465.95,1006739
2016-04-20,5509.53,5596.88,5404.9,5491.98,2406312
2016-04-21,5496.3,5569.32,5411.05,5483.91,892302
2016-04-22,5583.4,5681.33,5467.9,5565.51,1900598
2016-04-25,5532.64,5583.52,5471.76,5522.56,983484
2016-04-26,5393.14,5462.1,5320.83,5389.74,1013732
2016-04-27,5293.64,5329.43,5240.56,5276.24,5322392
2016-04-28,5250.33,5346.25,5140.23,5235.89,2054484
2016-04-29,5142.41,5181.62,5097.44,5136.61,2245511
2016-05-02,5194.56,5228.51,5141.01,5174.83,593131
2016-05-03,5104.63,5182.32,5063.4,5140.81,1385814
2016-05-04,5339.84,5435.85,5248.56,5344.49,2614876
2016-05-05,5197.7,5236.74,5163.46,5202.47,2227703
2016-05-06,5242.09,5316.61,5149.76,5224.03,544477
2016-05-09,5159.33,5242.88,5051.97,5135.12,2245149
2016-05-10,5077.09,5182.22,4994.51,5099.28,2470510
2016-05-11,5137.06,5177.39,5075.24,5115.4,4283398
2016-05-12,4915.68,4962.24,4886.56,4933.01,1338233
2016-05-13,4939.26,5014.38,4881.31,4956.23,516462
2016-05-16,5110.51,5155.21,5069.43,5114.1,1090271
2016-05-17,5076.93,5160.5,4998.3,5081.78,1026597
2016-05-18,5083.77,5160.51,5031.15,5107.65,3084886
2016-05-19,5207.03,5268.16,5135.88,5196.9,388464
2016-05-20,5198.67,5233.51,5153.32,5188.09,1515091
2016-05-23,5161.15,5230.89,5075.36,5144.88,4664435
2016-05-24,4959.1,5004.2,4920.5,4965.55,1991358
2016-05-25,5020.85,5097.7,4944.61,5021.45,3394917
2016-05-26,5016.62,5047.52,4986.18,5017.08,740381
2016-05-27,4966.12,5063.65,4844.07,4941.1,758278
2016-05-30,4913.66,5031.46,4838.64,4955.8,4696581
2016-05-31,4900.28,4952.35,4862.42,4914.39,2106902
2016-06-01,4877.71,4903.13,4852.21,4877.63,2109506
2016-06-02,4913.8,4979.24,4864.58,4929.86,1013690
2016-06-03,4826.26,4865.22,4791.07,4830.0,2106353
2016-06-06,4914.44,4956.98,4873.76,4916.29,996931
2016-06-07,4802.65,4899.21,4715.77,4812.15,4041483
2016-06-08,4766.85,4833.81,4698.97,4765.93,10187768
2016-06-09,4928.79,4966.48,4881.9,4919.52,2650780
2016-06-10,5010.27,5080.75,4943.38,5013.82,1354620
2016-06-13,5019.59,5070.84,4975.24,5026.43,433568
2016-06-14,4953.58,5053.4,4856.28,4956.05,721668
2016-06-15,4918.8,4945.92,4891.79,4918.91,5040002
2016-06-16,4903.6,5008.13,4825.22,4929.33,1069268
2016-06-17,4943.78,5025.82,4855.02,4936.94,1587227
2016-06-20,4927.73,4964.05,4898.13,4934.41,2937870
2016-06-21,4955.28,4992.83,4899.18,4936.59,4825253
2016-06-22,4933.02,4986.12,4871.28,4924.29,1758985
2016-06-23,4833.36,4920.47,4729.65,4816.45,1555332
2016-06-24,4766.73,4843.65,4704.5,4781.24,2069820
2016-06-27,4850.78,4928.21,4778.85,4856.19,1360574
2016-06-28,4737.66,4835.02,4658.33,4755.39,1405225
2016-06-29,4735.27,4827.99,4652.78,4745.31,2538612
2016-06-30,4705.34,4762.48,4630.8,4687.73,2215912
2016-07-01,4721.3,4780.94,4640.95,4700.32,7123880
2016-07-04,4659.27,4749.1,4585.79,4675.37,2580024
2016-07-05,4784.87,4834.35,4742.05,4791.46,3955775
2016-07-06,4833.61,4920.86,4747.49,4834.72,1042600
2016-07-07,4746.77,4771.99,4713.28,4738.45,2717150
2016-07-08,4768.46,4831.82,4730.62,4793.77,1284925
2016-07-11,4716.01,4819.37,4635.82,4738.8,2513714
2016-07-12,4706.16,4753.71,4651.78,4699.26,2996959
2016-07-13,4699.26,4761.16,4665.2,4726.9,2042982
2016-07-14,4687.48,4730.39,4650.92,4693.78,8405488
2016-07-15,4767.57,4829.36,4703.48,4765.25,4670552
2016-07-18,4716.28,4799.73,4627.07,4710.41,4018210
2016-07-19,4665.78,4696.05,4637.5,4667.76,3136354
2016-07-20,4617.61,4647.91,4592.41,4622.68,5711638
2016-07-21,4596.26,4651.31,4529.73,4584.65,837200
2016-07-22,4673.61,4764.01,4579.29,4669.62,4511633
2016-07-25,4711.29,4763.81,4668.01,4720.45,1093892
2016-07-26,4855.59,4949.73,4760.91,4855.04,1413241
2016-07-27,5043.96,5136.35,4945.9,5038.17,2776871
2016-07-28,4984.96,5031.05,4913.53,4959.39,4155453
2016-07-29,4980.28,5066.21,4882.83,4968.56,992372
2016-08-01,4897.15,4972.02,4804.78,4879.37,1457849
2016-08-02,4813.55,4883.52,4752.53,4822.39,2102251
2016-08-03,4769.75,4831.46,4715.65,4777.27,1772994
2016-08-04,4696.96,4781.27,4616.02,4700.28,3309869
2016-08-05,4622.86,4703.0,4544.75,4624.85,15580903
2016-08-08,4603.18,4692.65,4527.9,4617.14,2549970
2016-08-09,4548.16,4639.01,4440.46,4530.96,1275542
2016-08-10,4607.4,4663.51,4539.27,4595.23,910814
2016-08-11,4526.78,4608.44,4449.36,4530.94,1631234
2016-08-12,4751.15,4836.37,4656.96,4742.02,1127879
2016-08-15,4713.7,4752.23,4672.05,4710.55,2624838
2016-08-16,4728.76,4755.39,4692.0,4718.57,2600496
2016-08-17,4605.6,4675.45,4554.61,4624.25,1501686
2016-08-18,4752.6,4839.55,4667.76,4754.67,6523835
2016-08-19,4842.18,4888.25,4796.98,4843.03,1275350
2016-08-22,4877.55,4953.15,4792.98,4868.44,1845648
2016-08-23,4757.89,4791.23,4733.57,4766.87,2909516
2016-08-24,4749.23,4834.55,4700.16,4785.11,3386247
2016-08-25,4686.79,4768.97,4620.08,4702.05,4267530
2016-08-26,4814.46,4848.8,4781.02,4815.35,2564048
2016-08-29,4880.96,4971.01,4789.99,4880.02,3724889
2016-08-30,4914.01,4950.1,4853.41,4889.32,1330326
2016-08-31,4712.29,4800.16,4616.35,4704.07,3439543
2016-09-01,4633.33,4671.54,4594.0,4632.2,3412096
2016-09-02,4684.49,4778.25,4591.21,4684.95,4914654
2016-09-05,4794.02,4861.47,4710.95,4778.19,728642
2016-09-06,4856.49,4895.58,4826.06,4865.1,1150480
2016-09-07,4741.98,4772.34,4713.63,4743.98,3249086
2016-09-08,4752.49,4797.27,4723.38,4768.07,404004
2016-09-09,4867.87,4935.29,4780.11,4847.24,2663638
2016-09-12,4726.82,4807.85,4640.32,4721.26,3744814
2016-09-13,4711.49,4773.65,4659.45,4721.51,1403072
2016-09-14,4741.36,4798.35,4686.02,4742.99,1531695
2016-09-15,4728.08,4793.52,4655.53,4720.87,1040818
2016-09-16,4580.1,4643.11,4520.58,4583.55,1449996
2016-09-19,4552.84,4630.02,4483.09,4560.15,1475428
2016-09-20,4527.76,4591.45,4473.08,4536.67,1316247
2016-09-21,4530.76,4601.93,4455.06,4526.16,1273644
2016-09-22,4480.85,4575.2,4391.41,4485.67,1685203
2016-09-23,4447.95,4499.69,4402.34,4454.01,1673014
2016-09-26,4433.28,4474.19,4410.3,4451.12,6104148
2016-09-27,4483.61,4514.48,4451.71,4482.57,1565144
2016-09-28,4458.1,4519.86,4398.79,4460.52,2437516
2016-09-29,4426.74,4476.05,4381.74,4431.01,1402644
2016-09-30,4439.74,4524.54,4352.35,4437.1,1391986
2016-10-03,4311.9,4374.04,4240.24,4302.24,713100
2016-10-04,4343.67,4399.29,4279.04,4334.55,772340
2016-10-05,4340.94,4414.61,4260.2,4333.75,961068
2016-10-06,4332.51,4374.14,4294.05,4335.64,2213793
2016-10-07,4394.34,4477.97,4318.34,4401.83,3781775
2016-10-10,4252.02,4286.9,4230.56,4265.38,678745
2016-10-11,4124.31,4190.73,4065.36,4131.67,1426242
2016-10-12,4148.84,4227.76,4069.68,4148.59,873152
2016-10-13,4137.03,4216.55,4067.45,4146.81,1692020
2016-10-14,4157.9,4231.93,4082.7,4156.71,3780858
2016-10-17,4112.64,4169.77,4067.59,4124.59,1516431
2016-10-18,4146.29,4239.4,4074.29,4167.05,1927028
2016-10-19,4238.35,4294.56,4171.89,4227.96,4747539
2016-10-20,4252.91,4319.78,4192.19,4258.97,2609686
2016-10-21,4228.65,4264.23,4203.76,4239.29,1256630
2016-10-24,4083.29,4129.6,4050.53,4096.73,2181120
2016-10-25,4150.63,4205.68,4090.38,4145.36,1206785
2016-10-26,4242.38,4267.33,4200.1,4224.95,2551748
2016-10-27,4261.22,4335.16,4192.52,4266.38,2701193
2016-10-28,4201.6,4278.32,4127.65,4204.32,873011
2016-10-31,4260.98,4341.11,4167.45,4247.32,2202469
2016-11-01,4280.13,4331.59,4252.2,4303.51,1847707
2016-11-02,4435.34,4520.03,4325.12,4409.32,2749161
2016-11-03,4376.87,4403.19,4318.87,4345.01,3265123
2016-11-04,4291.14,4378.66,4239.17,4326.27,2640476
2016-11-07,4373.86,4452.16,4296.86,4375.14,1652969
2016-11-08,4366.45,4402.38,4340.01,4375.89,3471155
2016-11-09,4291.63,4317.69,4269.0,4295.04,1174275
2016-11-10,4314.78,4343.42,4291.59,4320.2,897785
2016-11-11,4367.43,4422.76,4301.62,4356.82,291509
2016-11-14,4357.81,4434.15,4282.97,4359.28,1901047
2016-11-15,4358.9,4401.05,4328.77,4370.84,1211139
2016-11-16,4346.67,4378.79,4316.82,4348.92,2517187
2016-11-17,4455.82,4516.1,4388.76,4448.95,607594
2016-11-18,4365.64,4418.5,4328.47,4381.2,1344715
2016-11-21,4314.65,4405.24,4245.82,4336.06,2629125
2016-11-22,4358.47,4442.35,4249.19,4332.57,1068854
2016-11-23,4381.06,4461.91,4308.82,4389.52,2534619
2016-11-24,4279.44,4358.94,4201.74,4281.21,1419459
2016-11-25,4182.99,4241.57,4129.48,4187.99,1944110
2016-11-28,4055.96,4126.88,3978.5,4049.3,2833702
2016-11-29,4068.52,4100.02,4015.65,4046.99,3511936
2016-11-30,3977.7,4001.66,3946.86,3970.79,2095903
2016-12-01,3923.99,4000.44,3865.76,3941.94,1216628
2016-12-02,3962.73,4002.25,3939.83,3979.26,1506314
2016-12-05,3929.26,4006.3,3857.01,3933.97,2905666
2016-12-06,3940.63,4004.43,3880.05,3943.8,1074373
2016-12-07,3899.9,3995.75,3824.7,3920.15,1781845
2016-12-08,3967.33,4005.85,3919.18,3957.61,1572959
2016-12-09,3969.78,4031.72,3920.98,3982.76,1863529
2016-12-12,3951.46,4015.18,3870.41,3933.84,1082117
2016-12-13,3939.51,3973.56,3884.25,3918.11,652674
2016-12-14,3975.84,4031.04,3923.65,3978.81,2709963
2016-12-15,4003.8,4063.42,3938.99,3998.53,3535901
2016-12-16,3890.38,3981.66,3813.8,3904.81,676504
2016-12-19,3947.89,4011.72,3876.79,3940.51,2474021
2016-12-20,3861.5,3893.46,3835.35,3867.28,3797713
2016-12-21,3937.15,3997.95,3889.39,3950.04,2834983
2016-12-22,4006.02,4064.96,3950.61,4009.5,1544171
2016-12-23,4016.63,4051.21,3987.71,4022.25,1125684
2016-12-26,4022.48,4072.63,3976.31,4026.41,2081473
2016-12-27,4018.37,4055.58,3969.85,4006.96,2300578
2016-12-28,4035.03,4071.99,4007.66,4044.55,2100076
2016-12-29,4035.36,4086.53,3963.56,4014.47,1779635
2016-12-30,4007.39,4053.49,3977.39,4023.38,1035514
2017-01-02,4093.25,4149.98,4017.06,4073.51,2555128
2017-01-03,4018.37,4061.08,3988.05,4030.67,2630048
2017-01-04,3984.73,4047.91,3921.55,3984.74,2236657
2017-01-05,3897.26,3933.94,3866.36,3903.0,2119299
2017-01-06,3826.88,3901.49,3756.3,3830.83,5430543
2017-01-09,3723.19,3743.27,3694.23,3714.26,1363237
2017-01-10,3768.53,3816.88,3703.51,3751.65,4277422
2017-01-11,3869.11,3907.04,3817.56,3855.34,1276439
2017-01-12,3932.83,3970.59,3899.89,3937.61,3856884
2017-01-13,3832.07,3878.34,3783.71,3829.95,4155820
2017-01-16,3858.9,3936.17,3790.87,3867.98,1663059
2017-01-17,3938.4,4024.13,3864.64,3950.15,5371285
2017-01-18,3901.09,3951.93,3863.84,3914.55,2627179
2017-01-19,3908.89,3942.65,3880.3,3914.03,1171313
2017-01-20,3786.42,3846.25,3723.8,3783.59,1584066
2017-01-23,3771.25,3845.09,3719.47,3793.01,3912383
2017-01-24,3721.82,3752.17,3691.98,3722.33,3449841
2017-01-25,3744.47,3805.9,3666.37,3727.52,1050919
2017-01-26,3641.19,3687.74,3582.58,3628.97,1823823
2017-01-27,3647.55,3708.05,3593.56,3653.96,2240285
2017-01-30,3692.01,3746.07,3653.65,3707.55,1462177
2017-01-31,3659.68,3702.09,3612.3,3654.64,8159388
2017-02-01,3557.22,3609.73,3529.81,3582.13,2281168
2017-02-02,3465.74,3522.39,3397.76,3454.23,1910570
2017-02-03,3430.92,3458.37,3405.69,3433.12,4051147
2017-02-06,3413.6,3470.52,3338.34,3394.95,1592589
2017-02-07,3288.38,3361.6,3232.58,3305.51,3628959
2017-02-08,3332.42,3386.4,3269.43,3323.27,728950
2017-02-09,3292.18,3310.6,3274.76,3293.18,1510282
2017-02-10,3227.62,3260.22,3198.26,3230.83,3720773
2017-02-13,3183.05,3234.62,3144.78,3196.19,5086592
2017-02-14,3251.03,3296.33,3200.01,3245.23,1246714
2017-02-15,3277.05,3338.62,3208.97,3270.41,1162527
2017-02-16,3274.79,3309.62,3222.71,3257.35,2786976
2017-02-17,3293.38,3353.07,3223.94,3283.45,1364337
2017-02-20,3211.08,3240.78,3187.15,3216.81,1687659
2017-02-21,3202.59,3246.22,3168.74,3212.27,3354599
2017-02-22,3200.43,3232.21,3181.92,3213.63,1430505
2017-02-23,3197.46,3249.06,3132.02,3183.39,609713
2017-02-24,3191.97,3222.67,3168.8,3199.44,908317
2017-02-27,3167.62,3195.67,3125.69,3153.62,1994638
2017-02-28,3178.28,3231.13,3120.52,3173.29,648194
2017-03-01,3198.39,3240.03,3153.62,3195.23,1658963
2017-03-02,3040.81,3059.46,3024.96,3043.61,860046
2017-03-03,3102.26,3117.87,3080.54,3096.12,5303955
2017-03-06,2942.92,2980.32,2905.67,2943.06,7268682
2017-03-07,2905.34,2936.41,2877.52,2908.56,1050820
2017-03-08,2957.12,2979.9,2928.22,2950.96,2312998
2017-03-09,2929.08,2971.97,2887.48,2930.35,1114323
2017-03-10,2850.05,2880.96,2826.03,2856.89,1646908
2017-03-13,2806.97,2845.94,2763.03,2801.93,5850756
2017-03-14,2842.34,2873.27,2811.96,2842.88,1498517
2017-03-15,2755.57,2777.07,2730.07,2751.53,1670072
2017-03-16,2792.53,2816.11,2772.78,2796.34,1126338
2017-03-17,2778.44,2812.41,2754.68,2788.56,3944030
2017-03-20,2744.88,2759.83,2715.79,2730.67,279858
2017-03-21,2712.72,2738.82,2674.21,2700.19,1520153
2017-03-22,2658.62,2707.88,2602.46,2651.59,1928915
2017-03-23,2680.42,2730.43,2633.59,2683.55,1333547
2017-03-24,2707.66,2738.77,2679.01,2710.1,3328816
2017-03-27,2642.57,2678.61,2595.77,2631.66,4078404
2017-03-28,2607.1,2645.14,2571.88,2609.87,849816
2017-03-29,2564.45,2614.12,2519.75,2569.33,6962798
2017-03-30,2632.95,2655.45,2595.88,2618.25,844115
2017-03-31,2557.25,2581.78,2533.1,2557.62,4295929
2017-04-03,2633.25,2658.34,2594.4,2619.36,2169259
2017-04-04,2602.28,2627.91,2587.67,2613.24,1465605
2017-04-05,2564.49,2589.42,2535.62,2560.51,1550952
2017-04-06,2544.11,2590.34,2482.46,2528.4,1943288
2017-04-07,2491.99,2538.54,2445.22,2491.77,2246874
2017-04-10,2435.25,2453.37,2419.07,2437.18,1141561
2017-04-11,2428.09,2465.55,2399.27,2436.63,1723100
2017-04-12,2392.84,2418.49,2359.53,2385.1,1248678
2017-04-13,2294.06,2327.75,2265.75,2299.38,956437
2017-04-14,2280.92,2311.96,2250.53,2281.57,1214220
2017-04-17,2204.76,2224.7,2193.07,2212.96,994519
2017-04-18,2193.03,2231.7,2144.35,2182.84,1540945
2017-04-19,2155.2,2197.45,2105.65,2147.76,2570176
2017-04-20,2114.36,2145.86,2083.07,2114.56,2131691
2017-04-21,2172.27,2212.31,2139.89,2179.82,6482435
2017-04-24,2188.33,2216.6,2150.15,2178.29,526353
2017-04-25,2180.99,2205.26,2159.15,2183.39,2627660
2017-04-26,2111.86,2134.21,2096.58,2118.88,1990411
2017-04-27,2082.51,2122.39,2053.85,2093.58,3234555
2017-04-28,2093.52,2109.49,2081.64,2097.59,3047643
2017-05-01,2051.38,2096.15,2015.75,2060.37,1795878
2017-05-02,2083.5,2111.02,2059.93,2087.4,2199170
2017-05-03,2049.17,2072.17,2021.66,2044.61,1268769
2017-05-04,2030.02,2052.44,2009.91,2032.31,2865369
2017-05-05,2012.61,2051.94,1971.18,2010.46,642212
2017-05-08,2008.55,2028.26,1993.24,2012.92,3160041
2017-05-09,1990.02,2004.49,1975.17,1989.63,1955381
2017-05-10,1989.72,2004.61,1963.52,1978.32,1480311
2017-05-11,1966.16,1997.5,1936.91,1968.22,1724555
2017-05-12,1944.9,1983.56,1904.04,1942.66,1802134
2017-05-15,1946.08,1971.94,1929.47,1955.26,4318342
2017-05-16,1969.17,2005.77,1923.8,1960.23,13798855
2017-05-17,1952.21,1972.96,1934.29,1955.01,4122302
2017-05-18,1945.33,1973.96,1910.67,1939.22,1412405
2017-05-19,1961.01,1972.73,1950.01,1961.73,2893186
2017-05-22,1955.63,1979.95,1927.78,1952.05,2969777
2017-05-23,1944.17,1972.98,1911.51,1940.26,1138137
2017-05-24,1938.7,1966.65,1913.41,1941.33,930540
2017-05-25,1999.09,2016.22,1975.49,1992.56,1908888
2017-05-26,1943.76,1982.15,1909.88,1948.19,3219139
2017-05-29,1974.88,2013.49,1931.76,1970.28,753824
2017-05-30,1907.31,1932.25,1884.64,1909.55,1286532
2017-05-31,1916.31,1944.17,1886.47,1914.3,2795694
2017-06-01,1958.55,1994.33,1925.53,1961.27,2033022
2017-06-02,1975.11,1992.14,1957.79,1974.81,4637862
2017-06-05,1972.04,2013.96,1936.61,1978.42,850159
2017-06-06,1960.49,1978.53,1941.0,1959.03,8131849
2017-06-07,1958.6,1991.19,1925.76,1958.34,787961
2017-06-08,1945.7,1961.88,1932.7,1948.86,586836
2017-06-09,1922.66,1940.91,1904.73,1922.98,1913897
2017-06-12,1913.39,1938.28,1887.75,1912.62,1003821
2017-06-13,1913.76,1941.98,1889.12,1917.3,1937185
2017-06-14,1891.85,1926.19,1858.26,1892.58,1896961
2017-06-15,1861.43,1904.3,1824.31,1867.07,1763014
2017-06-16,1838.55,1850.7,1813.64,1825.7,1196071
2017-06-19,1841.86,1858.57,1819.37,1836.03,2570455
2017-06-20,1852.56,1871.76,1831.86,1851.05,1639001
2017-06-21,1863.43,1886.13,1834.28,1856.9,3844672
2017-06-22,1873.63,1908.21,1850.38,1884.83,1779381
2017-06-23,1872.09,1920.22,1838.68,1886.56,1111489
2017-06-26,1895.3,1928.99,1863.92,1897.57,720264
2017-06-27,1898.13,1916.09,1888.11,1906.02,1788225
2017-06-28,1901.14,1924.98,1878.66,1902.49,925859
2017-06-29,1886.89,1913.82,1858.81,1885.72,882066
2017-06-30,1958.49,1981.8,1929.84,1953.09,2720903
2017-07-03,1931.84,1951.95,1918.39,1938.46,682418
2017-07-04,1919.72,1940.76,1896.4,1917.42,4626522
2017-07-05,1930.43,1952.0,1908.77,1930.34,2182168
2017-07-06,1939.79,1954.95,1922.62,1937.77,1931281
2017-07-07,1891.44,1925.36,1860.53,1894.4,1065697
2017-07-10,1936.49,1955.51,1909.55,1928.49,3136516
2017-07-11,1924.81,1952.05,1898.18,1925.41,1979306
2017-07-12,1901.44,1925.66,1867.29,1891.38,1313678
2017-07-13,1923.08,1962.66,1888.15,1927.65,2235319
2017-07-14,1951.4,1964.73,1933.76,1947.06,722395
2017-07-17,1907.8,1920.96,1894.99,1908.15,743261
2017-07-18,1961.4,1981.99,1942.76,1963.33,1012454
2017-07-19,1988.12,2010.92,1961.6,1984.36,2445392
2017-07-20,1982.54,2003.13,1963.75,1984.32,1978886
2017-07-21,2019.57,2069.31,1986.35,2035.82,3720570
2017-07-24,2022.7,2059.17,2005.14,2041.46,1141673
2017-07-25,2048.84,2061.69,2028.24,2041.04,2799078
2017-07-26,2027.62,2050.34,1997.53,2020.17,1851816
2017-07-27,2051.25,2085.31,2005.85,2039.71,1125989
2017-07-28,2055.93,2092.55,2019.42,2056.04,2498458
2017-07-31,2049.34,2090.23,2016.55,2057.32,1905762
2017-08-01,2029.77,2059.5,2002.64,2032.33,1359365
2017-08-02,2037.55,2069.88,2005.16,2037.48,2033358
2017-08-03,2030.05,2067.2,1999.15,2036.2,1834498
2017-08-04,2004.13,2021.19,1977.28,1994.26,1808100
2017-08-07,1962.03,1988.05,1923.09,1948.93,1547953
2017-08-08,1970.62,2003.26,1935.22,1967.8,906214
2017-08-09,1888.68,1907.17,1870.25,1888.74,2073729
2017-08-10,1888.85,1924.29,1860.87,1896.21,1224901
2017-08-11,1891.81,1914.93,1860.05,1883.07,1074969
2017-08-14,1924.74,1948.89,1900.16,1924.3,1716126
2017-08-15,1908.97,1922.76,1896.84,1910.62,3079925
2017-08-16,1935.22,1964.23,1903.45,1932.43,2216340
2017-08-17,1918.41,1956.35,1883.91,1921.79,1441672
2017-08-18,1927.8,1941.53,1913.23,1926.95,1407312
2017-08-21,1943.11,1972.03,1922.72,1951.55,2903675
2017-08-22,1945.29,1956.44,1927.86,1938.97,470691
2017-08-23,1971.41,1982.77,1960.68,1972.03,3199224
2017-08-24,1949.62,1988.31,1904.31,1942.86,644087
2017-08-25,1952.88,1978.29,1928.66,1954.05,848101
2017-08-28,1984.41,2005.74,1963.91,1985.22,1456345
2017-08-29,2001.2,2026.83,1982.94,2008.5,7290440
2017-08-30,2078.11,2119.05,2032.54,2073.38,5424583
2017-08-31,2045.2,2068.6,2027.24,2050.59,3029453
2017-09-01,2005.3,2040.13,1973.45,2008.23,2455707
2017-09-04,1978.97,1997.28,1960.64,1978.96,648640
2017-09-05,2003.23,2015.36,1990.37,2002.5,2178299
2017-09-06,2010.78,2051.94,1980.11,2021.12,1426118
2017-09-07,2025.7,2037.29,2015.53,2027.11,1214688
2017-09-08,1998.46,2028.71,1963.53,1993.71,2175745
2017-09-11,2018.82,2038.81,2001.15,2021.12,1494547
2017-09-12,1983.36,2016.84,1951.25,1984.7,3340328
2017-09-13,2025.76,2059.28,1991.27,2024.77,620590
2017-09-14,2121.82,2156.29,2088.17,2122.62,2074035
2017-09-15,2131.72,2149.8,2120.27,2138.33,1170032
2017-09-18,2161.45,2195.32,2127.83,2161.69,1550702
2017-09-19,2154.48,2197.25,2105.43,2148.07,2380392
2017-09-20,2083.49,2108.14,2065.49,2090.08,1014204
2017-09-21,2071.06,2092.29,2052.19,2073.39,2188089
2017-09-22,2032.36,2075.93,1997.4,2040.82,1745579
2017-09-25,2003.12,2017.95,1982.68,1997.47,1333940
2017-09-26,2056.23,2087.47,2025.58,2056.8,1495029
2017-09-27,2064.12,2103.18,2030.42,2069.4,1807163
2017-09-28,2086.27,2097.86,2074.1,2085.69,1250805
2017-09-29,2071.63,2106.8,2044.06,2079.13,1991217
2017-10-02,2070.73,2105.5,2042.49,2077.17,1677967
2017-10-03,2104.12,2133.57,2084.03,2113.38,1373991
2017-10-04,2109.48,2154.65,2071.2,2116.25,5146900
2017-10-05,2147.07,2163.05,2122.45,2138.36,2543734
2017-10-06,2131.09,2158.13,2108.79,2135.78,1575956
2017-10-09,2131.25,2169.04,2090.54,2128.28,2164102
2017-10-10,2079.79,2101.41,2063.45,2085.03,1070790
2017-10-11,2028.74,2063.88,1989.07,2024.13,1525659
2017-10-12,2013.55,2032.27,2001.1,2019.77,1636308
2017-10-13,2025.99,2050.99,2000.76,2025.75,938392
2017-10-16,1988.93,2001.13,1976.43,1988.62,2501528
2017-10-17,2005.61,2036.03,1961.49,1991.7,1463925
2017-10-18,2001.43,2035.17,1963.97,1997.65,1601930
2017-10-19,1930.62,1968.39,1896.36,1934.06,1409531
2017-10-20,1914.01,1951.76,1872.42,1910.09,11704153
2017-10-23,1939.15,1968.4,1897.74,1926.79,1332318
2017-10-24,1933.56,1975.19,1901.58,1943.06,573087
2017-10-25,1906.95,1935.85,1882.95,1911.78,759215
2017-10-26,1919.6,1956.87,1883.72,1920.96,3126990
2017-10-27,1954.64,1985.78,1926.0,1957.09,4420978
2017-10-30,1984.15,2022.39,1947.93,1986.13,1317072
2017-10-31,1979.92,2004.66,1963.03,1987.7,4271048
2017-11-01,1985.81,2010.54,1952.86,1977.48,3093934
2017-11-02,1953.91,1993.58,1922.75,1962.28,1769684
2017-11-03,1980.53,1997.65,1964.6,1981.72,1695913
2017-11-06,1998.92,2015.26,1976.39,1992.67,2210042
2017-11-07,2017.51,2057.38,1977.82,2017.69,3356715
2017-11-08,2020.9,2050.21,1997.63,2026.86,2516492
2017-11-09,2050.28,2074.51,2034.43,2058.6,1321020
2017-11-10,2065.37,2087.4,2044.77,2066.79,1785976
2017-11-13,2093.32,2121.09,2070.38,2098.09,6509401
2017-11-14,2134.14,2164.76,2102.23,2132.83,2305315
2017-11-15,2101.95,2150.6,2062.34,2110.83,3340380
2017-11-16,2060.82,2101.62,2015.1,2055.8,2741267
2017-11-17,2113.28,2144.5,2081.33,2112.55,2336149
2017-11-20,2127.86,2160.84,2093.69,2126.65,2116383
2017-11-21,2083.37,2103.84,2054.02,2074.4,3397105
2017-11-22,2053.42,2092.84,2016.76,2056.12,3051626
2017-11-23,2082.52,2104.31,2065.3,2087.06,2322921
2017-11-24,2079.72,2096.88,2066.0,2083.14,1307650
2017-11-27,2070.34,2112.14,2029.76,2071.54,2498835
2017-11-28,2123.47,2162.2,2085.32,2124.05,1904624
2017-11-29,2089.03,2114.26,2069.07,2094.25,1647956
2017-11-30,2060.55,2104.5,2029.38,2073.13,9892283
2017-12-01,2082.16,2110.71,2057.17,2085.67,787461
2017-12-04,2106.6,2127.34,2083.6,2104.33,3524001
2017-12-05,2127.63,2147.42,2106.98,2126.76,1181620
2017-12-06,2171.56,2186.85,2148.54,2163.78,2145144
2017-12-07,2189.26,2218.24,2147.67,2176.49,9259425
2017-12-08,2204.51,2230.3,2173.77,2199.5,1113009
2017-12-11,2205.42,2233.39,2168.46,2196.31,1284238
2017-12-12,2209.53,2227.72,2186.32,2204.46,1962033
2017-12-13,2225.6,2268.06,2172.0,2214.24,1192627
2017-12-14,2240.28,2272.94,2195.43,2227.91,3370035
2017-12-15,2268.21,2310.16,2219.93,2261.76,1438745
2017-12-18,2293.0,2308.23,2272.96,2288.15,2935551
2017-12-19,2294.61,2328.95,2261.7,2296.02,893129
2017-12-20,2272.4,2313.0,2232.08,2272.68,670581
2017-12-21,2279.06,2304.1,2256.35,2281.37,1728231
2017-12-22,2290.85,2309.01,2268.46,2286.59,773665
2017-12-25,2294.98,2320.6,2274.38,2299.95,4930551
2017-12-26,2387.76,2410.86,2366.05,2389.13,791842
2017-12-27,2358.91,2403.51,2331.29,2375.69,1063831
2017-12-28,2410.76,2434.6,2374.64,2398.36,2541263
2017-12-29,2444.79,2468.59,2422.62,2446.41,1394688
2018-01-01,2460.33,2496.56,2420.78,2456.97,797284
2018-01-02,2568.79,2583.68,2542.79,2557.61,6742750
2018-01-03,2551.45,2577.23,2523.39,2549.15,1087095
2018-01-04,2580.56,2620.16,2530.0,2569.43,1762502
2018-01-05,2534.26,2563.17,2514.91,2543.74,1748877
2018-01-08,2554.63,2575.87,2515.3,2536.39,3036407
2018-01-09,2561.8,2582.32,2533.02,2553.47,2616665
2018-01-10,2596.97,2610.0,2582.33,2595.35,1207326
2018-01-11,2626.92,2658.72,2584.07,2615.74,1630673
2018-01-12,2666.85,2691.17,2651.95,2676.23,1730371
2018-01-15,2677.1,2703.79,2652.76,2679.42,3107644
2018-01-16,2684.02,2737.49,2619.2,2672.44,983631
2018-01-17,2782.48,2850.69,2730.23,2798.15,6654915
2018-01-18,2828.2,2851.47,2800.23,2823.45,1257316
2018-01-19,2803.12,2830.17,2771.65,2798.65,1972377
2018-01-22,2791.56,2824.94,2741.99,2775.17,988561
2018-01-23,2727.93,2789.37,2679.74,2740.95,909913
2018-01-24,2803.23,2851.0,2742.22,2789.76,1173314
2018-01-25,2776.26,2800.09,2757.12,2780.92,1107577
2018-01-26,2790.24,2813.18,2771.08,2793.99,1546408
2018-01-29,2788.27,2830.02,2756.9,2798.53,1101982
2018-01-30,2829.68,2890.19,2778.6,2838.94,3009641
2018-01-31,2811.49,2862.75,2756.9,2808.09,1239488
2018-02-01,2758.16,2785.69,2739.93,2767.4,1159744
2018-02-02,2790.76,2828.76,2746.67,2784.58,1566287
2018-02-05,2813.17,2839.45,2792.53,2818.78,3597333
2018-02-06,2830.79,2884.58,2787.5,2841.13,2255598
2018-02-07,2807.33,2864.49,2754.7,2811.78,1867640
2018-02-08,2852.57,2886.3,2816.01,2849.7,839173
2018-02-09,2820.8,2840.78,2803.18,2823.15,998865
2018-02-12,2807.07,2845.49,2768.36,2806.78,920759
2018-02-13,2777.46,2808.37,2740.83,2771.67,4343151
2018-02-14,2846.28,2895.14,2788.38,2837.07,2725978
2018-02-15,2870.44,2902.15,2841.43,2873.11,1182365
2018-02-16,2899.14,2960.95,2846.59,2908.25,1413213
2018-02-19,2974.85,3001.94,2947.09,2974.17,1208421
2018-02-20,3123.09,3146.09,3095.73,3118.69,1165293
2018-02-21,3028.61,3071.14,2999.54,3041.94,2613447
2018-02-22,3005.43,3030.13,2988.83,3013.48,1668571
2018-02-23,2984.63,3018.66,2957.12,2991.08,6911523
2018-02-26,2955.83,3001.75,2911.79,2957.68,4198407
2018-02-27,2907.35,2934.8,2886.61,2914.01,4350007
2018-02-28,2913.05,2932.49,2887.5,2906.89,2966265
2018-03-01,2843.75,2877.47,2823.88,2857.51,1538632
2018-03-02,2865.88,2897.27,2848.21,2879.52,2838182
2018-03-05,2885.64,2940.87,2833.35,2888.53,1608319
2018-03-06,2915.95,2973.39,2860.08,2917.49,5273293
2018-03-07,2935.08,2964.74,2918.35,2947.94,2527061
2018-03-08,2977.77,3032.13,2928.93,2983.2,2320785
2018-03-09,2968.45,3019.75,2920.79,2972.03,2139844
2018-03-12,3077.77,3142.9,3016.36,3081.41,5633040
2018-03-13,3101.17,3132.85,3068.08,3099.75,838818
2018-03-14,3009.28,3043.25,2981.35,3015.27,5974271
2018-03-15,2986.85,3022.08,2938.59,2973.66,1773220
2018-03-16,2902.39,2954.2,2846.42,2898.15,852825
2018-03-19,2898.03,2951.33,2851.86,2905.06,1262588
2018-03-20,2906.28,2941.37,2870.37,2905.45,736390
2018-03-21,2890.79,2915.85,2864.67,2889.72,2934929
2018-03-22,3001.2,3048.94,2942.74,2990.31,1063445
2018-03-23,3017.35,3076.65,2963.59,3022.79,2193920
2018-03-26,3071.29,3105.07,3030.53,3064.24,3915800
2018-03-27,3025.29,3070.75,2979.45,3024.91,1324823
2018-03-28,2996.11,3029.08,2949.95,2982.77,1688139
2018-03-29,3001.89,3038.44,2953.89,2990.31,907074
2018-03-30,3006.11,3044.81,2965.66,3004.34,1570627
2018-04-02,2919.64,2970.55,2871.07,2921.94,9289675
2018-04-03,2923.41,2980.89,2861.57,2918.97,3162141
2018-04-04,2923.44,2959.14,2889.33,2925.02,1691560
2018-04-05,2935.01,2964.76,2890.69,2920.29,1373657
2018-04-06,2888.41,2919.03,2857.11,2887.73,1932683
2018-04-09,2864.51,2888.1,2844.43,2868.0,2143671
2018-04-10,2860.97,2892.0,2833.92,2864.92,1541949
2018-04-11,2863.6,2892.15,2845.57,2874.06,2725154
2018-04-12,2911.82,2945.07,2873.77,2906.97,1118983
2018-04-13,2955.37,2984.91,2933.18,2962.66,1115671
2018-04-16,2963.38,2993.59,2923.53,2953.65,2475906
2018-04-17,2925.58,2986.62,2876.13,2936.98,983442
2018-04-18,2963.52,2989.27,2936.65,2962.39,3070682
2018-04-19,3006.59,3049.22,2953.77,2996.25,1965842
2018-04-20,2960.93,3035.36,2906.1,2980.17,662154
2018-04-23,3041.06,3082.13,2981.94,3022.76,2117399
2018-04-24,3071.26,3099.5,3046.97,3075.18,721373
2018-04-25,3145.43,3177.42,3112.12,3144.1,3005688
2018-04-26,3245.16,3290.12,3194.72,3239.6,1707893
2018-04-27,3206.6,3247.0,3159.32,3199.63,6020317
2018-04-30,3207.54,3230.73,3181.73,3204.9,3770762
2018-05-01,3219.58,3257.25,3172.41,3209.97,1049248
2018-05-02,3214.35,3256.6,3167.16,3209.35,589810
2018-05-03,3197.28,3226.09,3151.82,3180.48,1260399
2018-05-04,3114.77,3158.96,3065.78,3109.9,952880
2018-05-07,3136.96,3155.94,3099.7,3118.58,5929454
2018-05-08,3092.75,3123.83,3053.42,3084.42,1970526
2018-05-09,3075.79,3145.31,3023.3,3092.54,3471340
2018-05-10,3081.21,3108.6,3030.09,3057.26,1671081
2018-05-11,3002.39,3049.91,2960.12,3007.57,1780134
2018-05-14,3036.0,3069.86,2988.74,3022.44,1944321
2018-05-15,3033.51,3063.08,3003.7,3033.27,3851308
2018-05-16,3074.75,3132.37,3007.55,3064.99,2390408
2018-05-17,3171.05,3209.86,3138.87,3177.61,1051364
2018-05-18,3201.22,3228.59,3167.9,3195.22,5248791
2018-05-21,3221.1,3283.63,3161.06,3223.55,1663294
2018-05-22,3186.77,3238.36,3120.4,3171.75,1508592
2018-05-23,3114.36,3161.79,3062.91,3110.27,363050
2018-05-24,3202.19,3220.58,3174.88,3193.22,2901213
2018-05-25,3129.0,3171.39,3107.19,3149.44,2106645
2018-05-28,3099.42,3145.4,3054.24,3100.21,2105272
2018-05-29,3104.96,3130.24,3075.89,3101.14,1557052
2018-05-30,3101.55,3127.55,3073.48,3099.47,1404046
2018-05-31,3066.54,3117.71,3006.7,3057.72,1588422
2018-06-01,3042.1,3073.73,3013.84,3045.44,2617935
2018-06-04,3108.99,3127.87,3089.65,3108.53,2909438
2018-06-05,3082.08,3099.18,3054.16,3071.2,1726110
2018-06-06,2985.3,3040.86,2950.52,3005.84,3503813
2018-06-07,3059.26,3102.88,3010.33,3053.86,1890998
2018-06-08,3077.23,3135.86,3021.73,3080.31,1465144
2018-06-11,3043.74,3072.42,3023.46,3052.09,2233430
2018-06-12,2980.89,3004.59,2954.21,2977.89,877092
2018-06-13,2955.47,2993.73,2906.5,2944.62,2279874
2018-06-14,2953.17,2984.06,2913.19,2943.99,785983
2018-06-15,3000.11,3038.06,2963.4,3001.33,1070208
2018-06-18,2961.55,3017.41,2898.07,2953.79,590535
2018-06-19,2959.25,2998.23,2912.68,2951.56,1785001
2018-06-20,2984.55,3018.85,2951.05,2985.34,5208384
2018-06-21,2869.36,2932.39,2812.42,2875.33,1848257
2018-06-22,2919.29,2942.34,2901.83,2924.86,2917247
2018-06-25,2878.74,2933.39,2817.02,2871.53,8132576
2018-06-26,2887.89,2924.43,2851.72,2888.26,2526722
2018-06-27,2891.96,2937.49,2855.65,2901.06,1252776
2018-06-28,2938.27,3008.81,2882.95,2953.2,1360630
2018-06-29,2988.1,3025.78,2943.07,2980.66,1983542
2018-07-02,2865.91,2903.85,2832.74,2870.62,1356289
2018-07-03,2838.76,2864.55,2810.17,2835.95,1418552
2018-07-04,2853.89,2896.36,2801.0,2843.32,3580998
2018-07-05,2824.37,2873.91,2786.11,2835.5,3669968
2018-07-06,2857.86,2881.73,2834.38,2858.25,738122
2018-07-09,2894.05,2940.83,2848.79,2895.54,1213595
2018-07-10,2928.11,2971.04,2881.9,2924.78,1500932
2018-07-11,2926.48,2958.55,2883.68,2915.64,2840394
2018-07-12,2820.27,2845.91,2805.98,2831.56,3936668
2018-07-13,2816.55,2849.5,2778.85,2811.75,10030898
2018-07-16,2840.01,2854.46,2816.83,2831.24,1499430
2018-07-17,2781.37,2799.97,2764.33,2782.92,1545043
2018-07-18,2810.63,2844.01,2778.42,2811.79,2822523
2018-07-19,2857.11,2874.91,2835.75,2853.53,1316740
2018-07-20,2862.82,2888.97,2833.74,2859.86,1821959
2018-07-23,2728.28,2768.75,2683.12,2723.52,1545684
2018-07-24,2673.31,2699.05,2643.12,2668.81,411271
2018-07-25,2742.88,2805.9,2688.12,2750.98,2134920
2018-07-26,2735.49,2786.76,2676.26,2727.39,1777260
2018-07-27,2651.72,2688.26,2606.06,2642.47,4251313
2018-07-30,2697.0,2749.61,2642.92,2695.5,1989301
2018-07-31,2684.23,2744.91,2635.86,2696.32,933925
2018-08-01,2743.68,2771.48,2716.84,2744.63,1698304
2018-08-02,2758.61,2803.42,2712.22,2757.0,565434
2018-08-03,2767.92,2797.05,2748.4,2777.46,958811
2018-08-06,2790.74,2836.41,2748.13,2793.76,2903140
2018-08-07,2813.26,2860.14,2778.47,2825.2,1709302
2018-08-08,2935.45,2950.87,2914.72,2930.11,3448689
2018-08-09,2977.5,3004.64,2948.9,2976.02,609177
2018-08-10,2887.39,2957.81,2831.57,2901.72,1714313
2018-08-13,2925.58,2954.07,2894.04,2922.5,1490604
2018-08-14,2975.81,2999.29,2952.83,2976.31,3518372
2018-08-15,3038.75,3062.5,3010.35,3034.05,2968768
2018-08-16,3009.76,3050.03,2973.08,3013.3,2914915
2018-08-17,3062.47,3124.01,3008.45,3069.85,4999487
2018-08-20,3108.39,3166.6,3057.51,3115.6,1589846
2018-08-21,3241.07,3283.81,3203.63,3246.31,4417341
2018-08-22,3207.55,3233.63,3181.29,3207.37,1059678
2018-08-23,3182.6,3200.71,3163.08,3181.19,1036617
2018-08-24,3163.57,3203.17,3125.8,3165.38,3114714
2018-08-27,3136.38,3194.45,3082.37,3140.37,803840
2018-08-28,3092.4,3145.03,3043.09,3095.67,2795885
2018-08-29,2983.79,3016.99,2928.55,2961.51,2107025
2018-08-30,2933.87,2981.6,2893.03,2940.67,3771983
2018-08-31,2952.81,2991.91,2918.72,2957.76,1913287
2018-09-03,2963.16,3003.71,2894.01,2934.17,2050572
2018-09-04,3029.9,3068.57,2987.46,3026.08,2691364
2018-09-05,3013.81,3072.39,2967.96,3026.34,1332290
2018-09-06,3096.91,3135.98,3050.13,3089.1,1297923
2018-09-07,3093.17,3160.91,3034.06,3101.64,2635695
2018-09-10,3151.06,3187.04,3106.6,3142.49,1948221
2018-09-11,3154.12,3172.65,3137.6,3156.12,1552864
2018-09-12,3221.29,3253.11,3193.76,3225.54,1886680
2018-09-13,3243.54,3284.12,3187.58,3227.96,5161489
2018-09-14,3258.74,3301.45,3210.56,3253.21,1519951
2018-09-17,3281.4,3324.99,3228.38,3271.85,1493731
2018-09-18,3260.55,3311.8,3205.12,3256.3,711786
2018-09-19,3272.61,3306.86,3242.76,3276.98,1933008
2018-09-20,3401.97,3452.91,3344.89,3395.74,2940617
2018-09-21,3392.83,3445.62,3327.96,3380.57,3274641
2018-09-24,3404.19,3442.21,3364.81,3402.82,2115772
2018-09-25,3490.23,3528.73,3433.17,3471.46,3518341
2018-09-26,3543.87,3571.1,3507.69,3534.85,3074762
2018-09-27,3537.23,3576.88,3495.36,3534.98,3866151
2018-09-28,3404.78,3461.99,3345.05,3402.21,3578955
2018-10-01,3431.36,3495.31,3366.04,3429.95,5085922
2018-10-02,3297.38,3355.83,3251.54,3309.81,1790819
2018-10-03,3387.18,3420.25,3355.03,3388.09,894271
2018-10-04,3399.07,3450.85,3345.07,3396.81,2952702
2018-10-05,3446.8,3506.68,3391.3,3451.11,3167115
2018-10-08,3404.64,3438.63,3367.24,3401.2,5085974
2018-10-09,3317.53,3375.25,3259.6,3317.32,4277050
2018-10-10,3338.49,3358.88,3310.43,3330.76,6371104
2018-10-11,3335.18,3352.4,3311.38,3328.56,2876003
2018-10-12,3303.75,3326.36,3279.49,3302.09,2274535
2018-10-15,3292.63,3330.46,3268.46,3306.19,863725
2018-10-16,3474.06,3537.23,3392.66,3455.5,2385353
2018-10-17,3500.09,3541.41,3460.28,3501.58,1423313
2018-10-18,3559.66,3593.01,3527.18,3560.52,2251047
2018-10-19,3604.88,3649.85,3563.65,3608.58,2048683
2018-10-22,3689.28,3735.05,3648.99,3694.7,2631435
2018-10-23,3700.24,3735.47,3648.11,3683.18,1870285
2018-10-24,3578.61,3603.9,3538.6,3563.79,3474677
2018-10-25,3557.54,3610.33,3500.09,3552.8,386971
2018-10-26,3597.86,3624.39,3572.5,3599.02,2222173
2018-10-29,3550.0,3609.04,3484.48,3543.41,4079536
2018-10-30,3534.04,3562.4,3504.9,3533.26,6089211
2018-10-31,3492.23,3550.03,3436.46,3494.23,3076111
2018-11-01,3582.73,3643.94,3517.96,3579.1,5448929
2018-11-02,3617.4,3647.11,3592.51,3622.19,2194273
2018-11-05,3662.86,3685.94,3637.02,3660.09,1986167
2018-11-06,3698.9,3770.08,3625.5,3696.64,2724101
2018-11-07,3701.12,3745.33,3650.31,3694.44,1978962
2018-11-08,3699.28,3759.74,3645.82,3706.17,1239954
2018-11-09,3644.36,3663.86,3617.17,3636.62,1455493
2018-11-12,3502.14,3543.93,3469.99,3511.69,1017346
2018-11-13,3514.22,3564.55,3470.01,3520.26,2722405
2018-11-14,3533.11,3603.46,3468.48,3538.72,1996358
2018-11-15,3596.46,3640.79,3563.83,3608.06,1597304
2018-11-16,3711.44,3773.15,3638.64,3700.17,1411254
2018-11-19,3783.55,3851.25,3727.05,3794.58,2684577
2018-11-20,3726.96,3759.92,3701.88,3734.79,3166916
2018-11-21,3728.15,3763.19,3679.24,3714.16,1006200
2018-11-22,3736.81,3775.29,3704.79,3743.21,915649
2018-11-23,3896.23,3943.8,3850.88,3898.43,3515547
2018-11-26,3980.24,4050.37,3922.41,3992.36,868845
2018-11-27,4075.24,4122.11,4018.33,4065.08,2753799
2018-11-28,4050.81,4085.92,4005.52,4040.54,5231169
2018-11-29,3993.33,4054.98,3922.98,3984.49,5238474
2018-11-30,4042.31,4097.96,3980.24,4035.8,3087040
2018-12-03,3966.96,4017.7,3915.36,3966.09,3033676
2018-12-04,3945.54,4004.38,3893.0,3951.76,7657104
2018-12-05,3935.68,3978.19,3902.9,3945.33,488630
2018-12-06,4063.73,4125.52,3986.51,4048.06,1500634
2018-12-07,4035.32,4078.96,3982.55,4026.09,3298885
2018-12-10,3864.87,3913.4,3824.47,3872.92,1619499
2018-12-11,3905.77,3934.07,3877.01,3905.31,4171836
2018-12-12,3859.43,3916.8,3805.58,3862.9,1936489
2018-12-13,3853.53,3920.91,3799.43,3866.62,2145850
2018-12-14,3864.44,3903.49,3823.36,3862.39,1681497
2018-12-17,3841.88,3915.52,3773.12,3846.68,1449158
2018-12-18,3885.72,3965.76,3817.02,3896.86,1427926
2018-12-19,3786.82,3828.94,3761.69,3803.7,2333079
2018-12-20,3755.94,3831.86,3698.01,3773.65,1245765
2018-12-21,3812.27,3858.15,3770.69,3816.52,3512796
2018-12-24,3779.63,3856.19,3704.05,3780.59,2934171
2018-12-25,3676.23,3716.78,3645.44,3685.91,3834884
2018-12-26,3734.28,3768.66,3692.69,3727.0,1007160
2018-12-27,3795.36,3840.26,3751.22,3796.11,715197
2018-12-28,3801.52,3835.85,3760.68,3794.95,1977785
2018-12-31,3677.29,3735.9,3620.74,3679.31,11288334
2019-01-01,3713.96,3768.22,3668.6,3722.75,4238522
2019-01-02,3628.06,3658.22,3596.67,3626.82,1421654
2019-01-03,3632.66,3692.41,3586.91,3646.48,2557925
2019-01-04,3602.6,3668.64,3530.85,3596.78,3068048
2019-01-07,3522.45,3592.03,3462.97,3532.38,872368
2019-01-08,3518.92,3562.84,3465.45,3509.25,4509854
2019-01-09,3497.22,3533.43,3464.6,3500.77,1793259
2019-01-10,3477.75,3504.52,3440.01,3466.7,1877762
2019-01-11,3489.6,3565.03,3426.17,3501.39,2011257
2019-01-14,3471.33,3532.85,3416.99,3478.4,3940129
2019-01-15,3539.41,3587.48,3487.35,3535.37,1260338
2019-01-16,3565.83,3630.69,3488.71,3553.35,711989
2019-01-17,3533.55,3557.67,3491.97,3515.97,2406714
2019-01-18,3470.1,3522.97,3416.8,3469.66,581755
2019-01-21,3400.1,3428.15,3353.56,3381.46,1655043
2019-01-22,3396.38,3422.48,3373.25,3399.33,4041492
2019-01-23,3393.39,3434.05,3341.71,3382.24,2806521
2019-01-24,3249.16,3293.59,3214.03,3258.37,3705814
2019-01-25,3236.75,3298.62,3170.87,3232.67,2876862
2019-01-28,3166.12,3219.96,3134.91,3188.52,8420676
2019-01-29,3261.13,3328.5,3204.96,3272.14,1393119
2019-01-30,3190.85,3242.64,3134.66,3186.38,2517757
2019-01-31,3103.65,3162.71,3057.03,3115.92,1524424
2019-02-01,3178.06,3237.83,3114.3,3173.99,3520384
2019-02-04,3254.81,3291.0,3209.89,3245.98,1910843
2019-02-05,3205.03,3244.67,3170.27,3209.86,5561102
2019-02-06,3170.66,3203.48,3147.15,3179.9,1441955
2019-02-07,3209.25,3243.18,3179.92,3213.82,4612478
2019-02-08,3089.72,3155.09,3033.5,3098.7,2830272
2019-02-11,3009.18,3046.57,2972.72,3010.1,1944515
2019-02-12,2999.85,3030.21,2968.58,2998.93,2745477
2019-02-13,3073.83,3102.01,3048.49,3076.65,2319259
2019-02-14,3073.06,3110.78,3020.17,3057.7,2454841
2019-02-15,3058.49,3113.38,3010.32,3065.11,1751314
2019-02-18,3136.79,3165.97,3094.7,3123.75,1301524
2019-02-19,3223.4,3286.42,3170.65,3233.5,1621654
2019-02-20,3207.15,3253.48,3160.13,3206.45,722240
2019-02-21,3219.66,3273.79,3154.33,3208.27,3285958
2019-02-22,3317.18,3346.26,3276.99,3305.96,944963
2019-02-25,3225.1,3275.88,3178.44,3229.17,1740028
2019-02-26,3290.99,3315.03,3261.51,3285.52,2925064
2019-02-27,3239.31,3273.18,3201.39,3235.22,3280931
2019-02-28,3238.1,3294.81,3186.73,3243.35,683655
2019-03-01,3239.6,3286.5,3186.82,3233.63,1876447
2019-03-04,3205.07,3230.12,3162.34,3187.26,2612574
2019-03-05,3144.76,3200.97,3084.18,3140.31,2045616
2019-03-06,3162.42,3180.77,3138.75,3157.06,4441243
2019-03-07,3217.12,3261.93,3165.93,3210.65,1210950
2019-03-08,3192.84,3270.25,3129.76,3206.89,579879
2019-03-11,3217.86,3259.6,3171.74,3213.42,3224200
2019-03-12,3236.0,3301.11,3180.95,3245.9,1436540
2019-03-13,3193.11,3243.32,3148.64,3198.77,690295
2019-03-14,3260.86,3315.47,3185.6,3239.85,1802873
2019-03-15,3283.16,3334.39,3234.46,3285.65,4148821
2019-03-18,3421.0,3481.3,3368.43,3428.61,929171
2019-03-19,3423.03,3451.84,3382.52,3411.23,8053340
2019-03-20,3379.87,3444.17,3325.36,3389.5,1199326
2019-03-21,3430.08,3464.13,3400.69,3434.7,2089021
2019-03-22,3496.34,3565.25,3414.63,3483.29,954096
