Date,Open,High,Low,Close,Volume
2009-11-02,1476.73,1493.89,1463.21,1480.34,2034296
2009-11-03,1452.7,1468.24,1444.28,1459.77,776880
2009-11-04,1475.38,1506.89,1447.2,1478.64,2748027
2009-11-05,1492.91,1530.62,1464.47,1501.99,1563004
2009-11-06,1456.46,1479.89,1437.54,1460.92,4994814
2009-11-09,1440.0,1461.07,1413.83,1434.83,1378198
2009-11-10,1441.47,1458.68,1422.54,1439.73,3725589
2009-11-11,1435.83,1452.05,1418.81,1435.02,5754074
2009-11-12,1432.41,1446.49,1422.68,1436.73,1189964
2009-11-13,1413.93,1429.64,1404.81,1420.48,1765725
2009-11-16,1436.43,1453.59,1424.23,1441.35,2503437
2009-11-17,1460.08,1485.89,1434.45,1460.27,1185402
2009-11-18,1467.5,1478.04,1453.16,1463.68,2331860
2009-11-19,1494.65,1507.21,1478.09,1490.61,1732451
2009-11-20,1505.9,1525.82,1483.17,1503.06,1711634
2009-11-23,1482.41,1497.92,1470.22,1485.7,2041842
2009-11-24,1495.92,1507.06,1484.67,1495.81,2069378
2009-11-25,1474.84,1496.12,1455.0,1476.26,2187628
2009-11-26,1496.74,1513.4,1480.99,1497.64,1384298
2009-11-27,1507.44,1529.14,1476.72,1498.29,1421036
2009-11-30,1487.96,1523.81,1460.16,1495.86,1846582
2009-12-01,1481.3,1493.11,1470.53,1482.34,1930221
2009-12-02,1516.94,1545.31,1483.18,1511.45,1523758
2009-12-03,1502.94,1537.56,1475.08,1509.58,2408136
2009-12-04,1498.6,1527.68,1472.47,1501.5,667398
2009-12-07,1492.77,1516.78,1471.17,1495.14,1279167
2009-12-08,1507.64,1530.23,1486.08,1508.65,1676205
2009-12-09,1511.18,1540.6,1489.13,1518.45,1186277
2009-12-10,1532.09,1555.61,1505.87,1529.35,5269883
2009-12-11,1543.8,1551.9,1532.64,1540.72,2005325
2009-12-14,1594.91,1625.81,1561.63,1592.48,2204611
2009-12-15,1580.09,1606.06,1558.31,1584.22,1483717
2009-12-16,1573.88,1600.2,1547.16,1573.47,1964076
2009-12-17,1551.5,1572.28,1534.97,1555.7,956320
2009-12-18,1569.87,1579.59,1561.73,1571.44,1790686
2009-12-21,1609.9,1630.26,1579.34,1599.57,1130075
2009-12-22,1598.54,1618.7,1577.94,1598.09,1678746
2009-12-23,1573.65,1597.52,1555.46,1579.27,426791
2009-12-24,1561.86,1577.62,1545.25,1561.01,1007717
2009-12-25,1571.05,1591.25,1557.31,1577.45,4772380
2009-12-28,1590.5,1616.85,1569.96,1596.24,3263264
2009-12-29,1605.35,1627.5,1588.29,1610.38,4375028
2009-12-30,1593.3,1626.61,1562.15,1595.42,4559086
2009-12-31,1606.5,1618.7,1589.83,1602.0,2969168
2010-01-01,1608.56,1624.32,1590.05,1605.78,1510994
2010-01-04,1614.53,1629.72,1596.83,1612.0,1064110
2010-01-05,1628.75,1655.62,1607.33,1634.13,3945344
2010-01-06,1637.85,1661.01,1617.4,1640.52,2061080
2010-01-07,1659.53,1683.85,1633.88,1658.18,8854299
2010-01-08,1657.57,1692.67,1625.66,1660.7,1592699
2010-01-11,1667.33,1684.21,1651.86,1668.73,6476802
2010-01-12,1687.62,1713.59,1659.44,1685.39,1804736
2010-01-13,1647.96,1658.55,1639.1,1649.68,4419906
2010-01-14,1643.6,1658.29,1627.81,1642.49,5487673
2010-01-15,1639.4,1659.0,1612.1,1631.61,1073280
2010-01-18,1615.84,1625.51,1607.01,1616.67,1482145
2010-01-19,1616.31,1639.36,1587.63,1610.61,1066840
2010-01-20,1650.47,1675.52,1622.71,1647.71,947927
2010-01-21,1619.83,1653.35,1593.59,1626.99,2958639
2010-01-22,1645.85,1672.36,1624.87,1651.31,1762110
2010-01-25,1606.6,1633.27,1584.01,1610.63,2046046
2010-01-26,1598.9,1620.55,1581.4,1603.01,2768298
2010-01-27,1606.91,1616.38,1597.88,1607.35,650546
2010-01-28,1624.93,1635.49,1611.4,1621.94,4291125
2010-01-29,1645.89,1670.29,1615.41,1639.71,1608067
2010-02-01,1661.23,1694.35,1626.61,1659.7,2728986
2010-02-02,1649.16,1660.01,1640.52,1651.36,2877486
2010-02-03,1630.0,1662.17,1608.22,1640.25,4513023
2010-02-04,1662.12,1689.16,1634.74,1661.77,1861858
2010-02-05,1657.39,1686.23,1628.42,1657.26,554497
2010-02-08,1626.96,1648.4,1604.64,1626.07,2051899
2010-02-09,1608.96,1631.96,1575.99,1598.85,2236503
2010-02-10,1582.99,1607.45,1552.75,1577.12,1066020
2010-02-11,1592.82,1621.3,1560.66,1589.08,2166220
2010-02-12,1588.0,1603.48,1577.15,1592.6,1596603
2010-02-15,1606.81,1639.69,1576.45,1609.29,885889
2010-02-16,1598.64,1607.71,1590.02,1599.09,2966492
2010-02-17,1599.23,1631.08,1571.18,1602.96,1413762
2010-02-18,1620.55,1630.52,1608.17,1618.12,1553735
2010-02-19,1612.38,1625.15,1597.9,1610.65,1502217
2010-02-22,1616.44,1629.94,1608.26,1621.73,4161088
2010-02-23,1611.46,1630.28,1586.95,1605.7,1934675
2010-02-24,1597.44,1613.44,1580.95,1596.95,2079129
2010-02-25,1579.55,1599.68,1567.72,1587.78,1522125
2010-02-26,1559.25,1577.84,1540.91,1559.49,2617473
2010-03-01,1572.17,1589.52,1553.51,1570.85,4455237
2010-03-02,1564.28,1590.12,1533.97,1559.73,2924741
2010-03-03,1558.34,1588.61,1529.67,1559.92,2993998
2010-03-04,1574.98,1598.27,1547.85,1571.08,2852590
2010-03-05,1582.39,1593.25,1570.64,1581.5,866185
2010-03-08,1590.91,1612.27,1575.91,1597.21,1172124
2010-03-09,1587.92,1624.51,1558.22,1594.69,1753295
2010-03-10,1589.75,1599.81,1574.38,1584.41,1282704
2010-03-11,1588.01,1605.64,1564.76,1582.33,1046830
2010-03-12,1544.08,1573.63,1513.07,1542.59,644799
2010-03-15,1516.03,1545.23,1480.19,1509.26,883885
2010-03-16,1484.09,1500.67,1462.88,1479.4,1699907
2010-03-17,1460.21,1482.13,1435.35,1457.23,1901862
2010-03-18,1461.76,1483.14,1444.44,1465.77,1232022
2010-03-19,1453.27,1476.96,1422.2,1445.76,2078911
2010-03-22,1439.66,1447.54,1429.48,1437.35,1528350
2010-03-23,1463.7,1475.89,1453.21,1465.39,3814591
2010-03-24,1454.41,1478.04,1433.74,1457.33,1799509
2010-03-25,1474.42,1486.93,1460.77,1473.28,3011047
2010-03-26,1445.25,1474.3,1423.58,1452.53,2239869
2010-03-29,1450.83,1465.73,1432.93,1447.79,854915
2010-03-30,1422.96,1453.16,1396.92,1427.04,1877788
2010-03-31,1421.11,1445.68,1394.99,1419.53,944702
2010-04-01,1435.01,1455.07,1417.23,1437.26,1858216
2010-04-02,1399.12,1423.46,1375.9,1400.23,1267962
2010-04-05,1405.9,1421.88,1393.16,1409.1,2493449
2010-04-06,1413.17,1431.41,1395.63,1413.86,886102
2010-04-07,1408.97,1420.19,1389.88,1401.03,2000326
2010-04-08,1376.39,1401.05,1346.14,1370.69,2795298
2010-04-09,1373.36,1397.18,1348.1,1371.9,3417969
2010-04-12,1360.67,1385.99,1335.46,1360.77,1253561
2010-04-13,1368.72,1393.57,1340.46,1365.26,2003989
2010-04-14,1370.06,1396.63,1338.95,1365.43,2214391
2010-04-15,1394.87,1410.14,1383.12,1398.35,5016664
2010-04-16,1392.74,1419.5,1366.31,1393.07,815210
2010-04-19,1364.07,1390.18,1345.56,1371.57,1147778
2010-04-20,1379.63,1395.27,1359.4,1374.99,10667128
2010-04-21,1387.81,1406.42,1360.78,1379.27,1683089
2010-04-22,1407.75,1422.02,1393.14,1407.41,637560
2010-04-23,1415.79,1438.17,1402.59,1424.88,1397883
2010-04-26,1434.87,1447.24,1419.91,1432.26,376501
2010-04-27,1459.8,1472.9,1450.7,1463.77,2291122
2010-04-28,1434.78,1455.54,1416.92,1437.64,3223153
2010-04-29,1426.34,1452.46,1397.59,1423.66,1147392
2010-04-30,1404.84,1425.15,1383.48,1403.77,1494893
2010-05-03,1393.31,1413.23,1375.45,1395.35,3451061
2010-05-04,1363.94,1382.23,1348.36,1366.61,693752
2010-05-05,1379.99,1396.5,1362.96,1379.47,897220
2010-05-06,1372.98,1385.86,1361.8,1374.67,1729133
2010-05-07,1340.0,1367.79,1316.76,1344.47,1262493
2010-05-10,1322.63,1334.52,1312.09,1323.96,1662245
2010-05-11,1331.37,1352.34,1309.07,1330.01,928893
2010-05-12,1345.94,1368.75,1323.87,1346.66,2254836
2010-05-13,1381.55,1406.33,1362.73,1387.43,1812939
2010-05-14,1453.55,1479.63,1423.24,1449.25,2756615
2010-05-17,1446.14,1471.78,1432.6,1458.12,2236090
2010-05-18,1434.57,1462.67,1408.42,1436.49,2244546
2010-05-19,1388.55,1413.32,1366.42,1391.14,832522
2010-05-20,1397.23,1420.96,1372.9,1396.61,2664574
2010-05-21,1381.9,1402.58,1358.92,1379.57,1625750
2010-05-24,1375.54,1399.88,1346.64,1370.9,1794148
2010-05-25,1355.38,1385.31,1328.41,1358.28,3718974
2010-05-26,1357.73,1373.07,1340.02,1355.34,1287661
2010-05-27,1377.93,1401.64,1353.42,1377.12,4460228
2010-05-28,1373.23,1402.63,1351.02,1380.31,4717007
2010-05-31,1384.84,1401.17,1360.75,1376.99,3114784
2010-06-01,1349.88,1381.36,1324.36,1355.73,1100887
2010-06-02,1323.75,1338.2,1307.65,1322.09,534038
2010-06-03,1314.01,1331.72,1294.78,1312.47,3787818
2010-06-04,1312.51,1321.16,1302.78,1311.42,2119797
2010-06-07,1344.69,1357.98,1333.41,1346.69,1267911
2010-06-08,1352.71,1376.53,1325.6,1349.36,4009340
2010-06-09,1363.04,1384.44,1348.12,1369.45,1182409
2010-06-10,1359.03,1374.13,1344.2,1359.3,1537251
2010-06-11,1333.17,1347.03,1321.58,1335.43,2716715
2010-06-14,1313.65,1332.61,1297.39,1316.32,1016461
2010-06-15,1303.86,1326.14,1279.94,1302.19,1856700
2010-06-16,1348.9,1373.76,1319.78,1344.55,3811305
2010-06-17,1326.86,1336.26,1318.83,1328.23,2250507
2010-06-18,1348.34,1366.71,1326.86,1345.19,4191024
2010-06-21,1327.46,1343.4,1311.32,1327.26,3914356
2010-06-22,1342.51,1365.25,1323.43,1346.12,1991986
2010-06-23,1353.06,1369.97,1337.22,1354.11,487943
2010-06-24,1349.93,1365.98,1335.11,1351.15,1021248
2010-06-25,1347.73,1366.87,1331.45,1350.55,3134563
2010-06-28,1339.32,1357.71,1319.23,1337.6,782187
2010-06-29,1347.79,1364.65,1329.98,1346.84,1629827
2010-06-30,1331.57,1354.12,1315.48,1337.95,2429238
2010-07-01,1307.36,1336.56,1284.79,1313.87,4788570
2010-07-02,1290.86,1311.76,1268.36,1289.22,1404213
2010-07-05,1289.71,1305.96,1276.66,1292.88,1347696
2010-07-06,1325.4,1347.95,1301.68,1324.2,1921338
2010-07-07,1330.85,1354.55,1304.1,1327.74,2447426
2010-07-08,1320.7,1335.43,1311.05,1325.75,1807493
2010-07-09,1326.2,1350.14,1307.97,1331.84,3721215
2010-07-12,1365.42,1378.09,1345.99,1358.6,1227528
2010-07-13,1364.94,1386.9,1341.57,1363.51,2130988
2010-07-14,1353.87,1367.21,1342.25,1355.57,2589894
2010-07-15,1374.86,1399.51,1354.14,1378.73,1559475
2010-07-16,1385.99,1400.37,1373.75,1388.11,3281548
2010-07-19,1415.91,1438.98,1397.97,1420.98,2168128
2010-07-20,1429.21,1456.7,1398.02,1425.43,3182913
2010-07-21,1396.78,1415.05,1381.8,1400.04,2227660
2010-07-22,1376.66,1401.62,1347.27,1372.15,2485147
2010-07-23,1405.45,1435.01,1377.62,1407.14,1356698
2010-07-26,1440.1,1470.8,1414.0,1444.62,1358018
2010-07-27,1439.53,1452.16,1428.75,1441.37,4133511
2010-07-28,1422.47,1458.55,1397.87,1433.76,2903148
2010-07-29,1465.69,1474.25,1457.65,1466.22,1073270
2010-07-30,1442.02,1458.48,1426.3,1442.76,2210033
2010-08-02,1427.75,1453.53,1398.5,1424.22,477220
2010-08-03,1430.61,1460.81,1408.68,1438.75,1405123
2010-08-04,1435.98,1454.64,1412.41,1431.0,3529322
2010-08-05,1435.16,1450.69,1416.15,1431.64,1839331
2010-08-06,1434.27,1458.91,1404.34,1428.9,2128115
2010-08-09,1436.71,1459.42,1414.24,1436.94,324542
2010-08-10,1472.89,1490.6,1450.76,1468.42,1566959
2010-08-11,1464.77,1498.31,1437.83,1471.26,2428934
2010-08-12,1489.59,1502.17,1473.85,1486.41,2621281
2010-08-13,1438.91,1453.15,1428.04,1442.25,3532136
2010-08-16,1434.92,1463.18,1413.91,1442.07,1747759
2010-08-17,1420.02,1452.72,1392.21,1424.82,1795163
2010-08-18,1399.91,1412.1,1387.69,1399.89,891561
2010-08-19,1379.03,1394.54,1366.97,1382.45,1753785
2010-08-20,1377.98,1387.76,1366.67,1376.43,930107
2010-08-23,1388.82,1421.4,1363.94,1396.39,654271
2010-08-24,1361.06,1381.3,1349.63,1369.8,1033945
2010-08-25,1377.01,1394.29,1354.15,1371.36,4902279
2010-08-26,1366.07,1393.2,1335.32,1362.38,1685652
2010-08-27,1352.37,1363.68,1345.37,1356.65,2262376
2010-08-30,1378.17,1396.58,1359.77,1378.18,1457017
2010-08-31,1394.6,1412.29,1372.71,1390.35,677164
2010-09-01,1421.34,1445.66,1395.26,1419.56,3476956
2010-09-02,1417.94,1432.59,1402.67,1417.31,538574
2010-09-03,1408.25,1423.96,1387.98,1403.64,1421359
2010-09-06,1396.92,1410.52,1386.42,1399.99,1918839
2010-09-07,1406.3,1428.96,1383.51,1406.17,2276827
2010-09-08,1410.91,1434.65,1387.24,1410.98,1282238
2010-09-09,1388.16,1399.09,1378.38,1389.3,658173
2010-09-10,1390.65,1407.46,1375.49,1392.28,1226093
2010-09-13,1398.47,1424.2,1372.45,1398.17,1265205
2010-09-14,1453.29,1460.61,1445.81,1453.14,1246866
2010-09-15,1491.13,1510.02,1477.0,1495.84,3548498
2010-09-16,1481.58,1501.32,1458.33,1478.02,957267
2010-09-17,1468.56,1487.62,1453.86,1472.88,2375188
2010-09-20,1441.15,1455.19,1428.06,1442.09,2180311
2010-09-21,1429.3,1447.59,1412.29,1430.57,3528110
2010-09-22,1440.11,1451.23,1427.45,1438.56,1830538
2010-09-23,1456.74,1485.04,1437.88,1466.06,3187280
2010-09-24,1455.23,1477.93,1428.71,1451.35,1788106
2010-09-27,1435.49,1458.02,1415.93,1438.41,2573134
2010-09-28,1399.13,1408.08,1385.11,1394.02,804708
2010-09-29,1389.84,1416.42,1365.28,1391.83,407189
2010-09-30,1370.82,1381.48,1360.37,1371.02,2486851
2010-10-01,1369.18,1391.74,1338.94,1361.37,2568184
2010-10-04,1343.64,1358.76,1329.66,1344.76,2637392
2010-10-05,1349.04,1371.63,1321.55,1344.05,1447054
2010-10-06,1310.39,1320.99,1299.63,1310.23,4846819
2010-10-07,1284.45,1294.47,1272.85,1282.86,1504653
2010-10-08,1325.95,1342.46,1309.16,1325.67,2552355
2010-10-11,1304.79,1311.96,1294.33,1301.48,2832815
2010-10-12,1278.75,1292.13,1268.04,1281.39,5560753
2010-10-13,1314.48,1339.28,1293.63,1318.37,1639303
2010-10-14,1375.69,1402.53,1351.53,1378.33,1339871
2010-10-15,1355.94,1364.37,1347.12,1355.54,807027
2010-10-18,1348.39,1373.88,1323.81,1349.29,5032463
2010-10-19,1360.33,1383.41,1334.41,1357.44,2553170
2010-10-20,1399.81,1425.07,1369.19,1394.35,2602118
2010-10-21,1371.08,1396.39,1349.86,1375.1,12865019
2010-10-22,1368.27,1392.01,1347.59,1371.29,2409733
2010-10-25,1382.64,1406.5,1364.84,1388.62,907643
2010-10-26,1407.49,1428.3,1378.27,1398.96,1762877
2010-10-27,1393.61,1419.8,1366.18,1392.34,1104751
2010-10-28,1392.8,1401.86,1381.74,1390.8,1563564
2010-10-29,1358.14,1376.9,1344.92,1363.62,1557272
2010-11-01,1359.97,1368.25,1351.69,1359.97,1394135
2010-11-02,1357.82,1383.86,1329.76,1355.75,859435
2010-11-03,1360.66,1377.59,1344.76,1361.69,5155120
2010-11-04,1355.95,1376.46,1331.13,1351.58,2372153
2010-11-05,1371.82,1395.99,1338.37,1362.37,1731877
2010-11-08,1380.5,1411.94,1353.08,1384.44,3123868
2010-11-09,1384.62,1399.19,1374.33,1388.88,2630383
2010-11-10,1393.75,1421.18,1370.07,1397.43,2339421
2010-11-11,1406.5,1432.25,1374.12,1399.75,2990642
2010-11-12,1405.33,1413.39,1392.92,1400.95,2148672
2010-11-15,1386.48,1409.67,1363.87,1387.04,2964244
2010-11-16,1394.97,1409.37,1380.42,1394.82,3115397
2010-11-17,1390.54,1414.48,1370.06,1393.95,2186103
2010-11-18,1443.45,1461.8,1421.31,1439.61,1737161
2010-11-19,1473.52,1488.32,1460.41,1475.2,4966563
2010-11-22,1483.81,1495.41,1473.38,1484.97,1488469
2010-11-23,1471.94,1481.88,1459.33,1469.26,2507478
2010-11-24,1445.28,1455.57,1435.82,1446.1,2541703
2010-11-25,1472.3,1494.8,1450.85,1473.33,1375413
2010-11-26,1480.36,1495.56,1465.11,1480.31,1221153
2010-11-29,1495.72,1508.06,1479.85,1492.16,1603483
2010-11-30,1461.92,1484.4,1432.36,1454.73,1475739
2010-12-01,1478.82,1501.45,1453.63,1476.22,826637
2010-12-02,1491.01,1510.52,1467.96,1487.43,1341237
2010-12-03,1463.05,1491.78,1435.22,1463.93,2326170
2010-12-06,1451.57,1470.35,1435.92,1454.66,4237847
2010-12-07,1464.34,1490.02,1435.84,1461.47,2765231
2010-12-08,1464.39,1473.37,1454.68,1463.64,416765
2010-12-09,1452.02,1481.72,1428.65,1458.25,2913256
2010-12-10,1455.54,1485.86,1426.68,1456.97,1418497
2010-12-13,1452.08,1478.14,1426.38,1452.44,2602148
2010-12-14,1454.48,1476.66,1434.56,1456.71,1966014
2010-12-15,1496.8,1518.36,1468.72,1490.18,1766282
2010-12-16,1436.86,1451.66,1420.01,1434.79,1864789
2010-12-17,1436.47,1458.3,1408.84,1430.58,1956260
2010-12-20,1436.36,1460.14,1411.47,1435.23,4442123
2010-12-21,1442.81,1471.63,1413.65,1442.46,1959507
2010-12-22,1431.22,1453.03,1413.49,1435.25,3803079
2010-12-23,1398.75,1407.03,1390.42,1398.7,3484877
2010-12-24,1406.41,1426.01,1386.75,1406.36,2958601
2010-12-27,1438.11,1453.83,1428.35,1444.03,678763
2010-12-28,1409.62,1424.14,1397.39,1411.9,3874703
2010-12-29,1429.63,1445.23,1415.43,1431.02,1506439
2010-12-30,1426.43,1449.2,1401.92,1424.66,3046294
2010-12-31,1425.98,1437.04,1412.96,1424.01,1106243
2011-01-03,1399.87,1412.81,1389.39,1402.32,973794
2011-01-04,1397.86,1405.79,1387.97,1395.89,6490390
2011-01-05,1423.19,1449.74,1397.43,1423.96,1116612
2011-01-06,1424.65,1459.16,1402.71,1437.03,3943834
2011-01-07,1473.26,1483.67,1465.01,1475.41,2128764
2011-01-10,1507.09,1515.27,1494.08,1502.23,1540978
2011-01-11,1505.03,1532.91,1484.9,1512.67,1930139
2011-01-12,1553.78,1568.13,1538.9,1553.25,908312
2011-01-13,1571.42,1593.34,1542.16,1563.98,1966463
2011-01-14,1580.36,1602.22,1562.16,1583.97,1035459
2011-01-17,1577.37,1607.1,1547.62,1577.36,1563963
2011-01-18,1573.13,1594.03,1558.48,1579.31,3454470
2011-01-19,1570.86,1594.71,1539.48,1563.22,2309437
2011-01-20,1586.53,1596.14,1577.31,1586.92,814799
2011-01-21,1559.62,1589.78,1529.25,1559.41,3304821
2011-01-24,1584.48,1615.71,1546.96,1578.07,1974330
2011-01-25,1576.91,1602.27,1548.47,1573.78,1432152
2011-01-26,1597.66,1621.06,1578.53,1601.87,3103390
2011-01-27,1617.03,1633.62,1603.61,1620.18,1793493
2011-01-28,1667.64,1696.3,1636.54,1665.16,985203
2011-01-31,1680.46,1710.63,1653.5,1683.61,6008500
2011-02-01,1633.99,1658.13,1620.38,1644.44,1962299
2011-02-02,1642.55,1662.14,1623.22,1642.81,1888264
2011-02-03,1607.0,1633.44,1587.81,1614.17,1554923
2011-02-04,1609.38,1637.38,1573.76,1601.62,4024774
2011-02-07,1639.12,1664.13,1613.26,1638.25,1447101
2011-02-08,1649.38,1678.1,1625.22,1653.87,784664
2011-02-09,1633.04,1660.6,1608.95,1636.47,1319539
2011-02-10,1602.44,1626.17,1587.93,1611.58,4395380
2011-02-11,1606.82,1629.19,1589.83,1612.14,3266662
2011-02-14,1587.55,1596.58,1573.73,1582.73,1701448
2011-02-15,1577.07,1603.57,1540.25,1566.58,4519686
2011-02-16,1577.03,1595.15,1555.51,1573.6,3105748
2011-02-17,1600.29,1619.26,1581.77,1600.73,1689674
2011-02-18,1612.9,1629.02,1598.9,1615.0,1794889
2011-02-21,1555.52,1572.7,1542.86,1560.0,2415919
2011-02-22,1576.34,1598.12,1545.01,1566.66,1203648
2011-02-23,1566.95,1581.15,1553.65,1567.84,1988125
2011-02-24,1587.06,1596.52,1567.64,1577.05,2385950
2011-02-25,1621.89,1648.67,1588.47,1615.14,720586
2011-02-28,1557.12,1581.96,1540.54,1565.29,1769854
2011-03-01,1547.72,1567.42,1531.16,1550.82,1653105
2011-03-02,1560.79,1581.87,1542.89,1563.93,3674181
2011-03-03,1526.18,1552.84,1499.89,1526.54,655597
2011-03-04,1559.66,1575.25,1544.36,1559.95,1577097
2011-03-07,1581.87,1607.76,1542.11,1567.78,1485032
2011-03-08,1581.82,1617.25,1551.62,1586.95,3527297
2011-03-09,1573.61,1597.07,1549.08,1572.53,1931624
2011-03-10,1593.84,1612.13,1572.64,1590.9,5824925
2011-03-11,1615.6,1641.81,1589.4,1615.61,2950036
2011-03-14,1620.76,1640.0,1601.0,1620.23,1550156
2011-03-15,1619.76,1643.08,1601.6,1624.86,2289388
2011-03-16,1630.86,1651.86,1609.34,1630.34,1603274
2011-03-17,1610.69,1626.42,1592.51,1608.22,3320538
2011-03-18,1605.06,1615.6,1592.96,1603.48,891518
2011-03-21,1601.34,1619.31,1580.67,1598.61,1209578
2011-03-22,1613.38,1624.44,1595.55,1606.57,2606226
2011-03-23,1634.11,1652.34,1611.35,1629.53,4136885
2011-03-24,1602.87,1624.28,1581.13,1602.53,529039
2011-03-25,1592.54,1628.46,1562.35,1598.16,4522984
2011-03-28,1629.7,1641.69,1620.67,1632.64,1822863
2011-03-29,1612.01,1636.18,1588.93,1613.08,640289
2011-03-30,1593.04,1611.94,1572.94,1591.83,327408
2011-03-31,1592.87,1603.62,1584.42,1595.16,792040
2011-04-01,1609.39,1628.03,1595.32,1613.92,1959455
2011-04-04,1606.84,1623.52,1595.95,1612.59,1905892
2011-04-05,1635.25,1656.95,1621.75,1643.39,2899127
2011-04-06,1661.74,1678.08,1646.59,1662.91,1425891
2011-04-07,1674.84,1700.79,1656.38,1682.26,1019859
2011-04-08,1689.37,1716.37,1667.52,1694.46,1547495
2011-04-11,1750.65,1761.51,1741.87,1752.72,2023149
2011-04-12,1738.36,1758.32,1725.45,1745.36,2277214
2011-04-13,1693.66,1704.51,1680.9,1691.73,1234900
2011-04-14,1734.74,1757.72,1707.97,1730.9,3405383
2011-04-15,1714.17,1734.06,1697.14,1717.0,1365678
2011-04-18,1715.43,1740.4,1692.75,1717.69,1176635
2011-04-19,1752.41,1767.0,1735.02,1749.59,1431974
2011-04-20,1702.23,1715.04,1693.1,1705.89,3778751
2011-04-21,1668.08,1703.98,1636.19,1672.01,1830907
2011-04-22,1636.05,1646.89,1619.4,1630.2,1307061
2011-04-25,1613.03,1624.17,1597.66,1608.76,3456145
2011-04-26,1620.15,1631.81,1605.59,1617.23,7171670
2011-04-27,1632.29,1664.48,1595.67,1627.77,2248580
2011-04-28,1622.59,1655.55,1599.44,1632.27,4157005
2011-04-29,1602.28,1624.96,1573.21,1595.8,3691881
2011-05-02,1541.06,1571.57,1508.77,1539.25,1378651
2011-05-03,1542.95,1552.71,1528.55,1538.28,2014699
2011-05-04,1526.97,1556.93,1495.28,1525.2,918477
2011-05-05,1533.69,1546.06,1521.11,1533.47,1753342
2011-05-06,1546.1,1569.57,1523.92,1547.37,1361756
2011-05-09,1549.94,1567.45,1530.73,1548.23,1556995
2011-05-10,1562.12,1580.4,1545.31,1563.58,1264342
2011-05-11,1570.6,1600.39,1536.81,1566.52,1669011
2011-05-12,1569.04,1587.96,1557.68,1576.54,2728710
2011-05-13,1554.96,1588.57,1523.93,1557.49,1845581
2011-05-16,1560.31,1576.99,1534.23,1550.8,647825
2011-05-17,1549.94,1575.74,1527.11,1552.86,1267209
2011-05-18,1568.39,1600.15,1537.78,1569.51,796801
2011-05-19,1553.56,1566.82,1544.45,1557.69,2295442
2011-05-20,1568.87,1598.43,1537.76,1567.29,2681777
2011-05-23,1554.98,1579.48,1533.96,1558.42,2312706
2011-05-24,1552.16,1577.2,1528.0,1553.02,1236205
2011-05-25,1573.77,1585.16,1558.41,1569.77,2299293
2011-05-26,1517.71,1540.67,1497.98,1520.9,1495440
2011-05-27,1492.53,1515.07,1466.52,1489.0,1001555
2011-05-30,1457.29,1474.55,1436.49,1453.7,3094565
2011-05-31,1405.64,1415.94,1390.95,1401.21,3239134
2011-06-01,1385.13,1397.13,1372.56,1384.55,3503725
2011-06-02,1411.28,1436.42,1372.78,1397.69,1376412
2011-06-03,1393.6,1401.29,1381.54,1389.21,4023317
2011-06-06,1392.15,1413.91,1369.05,1390.8,1474531
2011-06-07,1407.41,1439.32,1379.27,1411.11,2934655
2011-06-08,1436.42,1444.19,1429.08,1436.84,1459278
2011-06-09,1438.82,1449.49,1422.07,1432.69,1733426
2011-06-10,1466.83,1489.0,1437.3,1459.35,463839
2011-06-13,1465.1,1473.74,1450.02,1458.63,1654239
2011-06-14,1441.09,1461.05,1417.8,1437.7,2094140
2011-06-15,1416.89,1443.95,1395.26,1422.24,1550317
2011-06-16,1390.39,1409.61,1369.17,1388.36,5687110
2011-06-17,1362.28,1381.7,1348.0,1367.37,987093
2011-06-20,1351.38,1378.42,1330.49,1357.44,1413884
2011-06-21,1372.23,1391.33,1352.17,1371.25,1152076
2011-06-22,1406.59,1418.0,1392.99,1404.38,1413718
2011-06-23,1376.62,1395.13,1354.44,1372.9,3681562
2011-06-24,1380.38,1405.54,1353.2,1378.32,4812941
2011-06-27,1356.49,1376.84,1334.01,1354.33,1302146
2011-06-28,1357.31,1377.78,1340.92,1361.33,1284905
2011-06-29,1355.57,1369.31,1342.25,1355.99,990259
2011-06-30,1310.71,1324.94,1302.47,1316.67,4341676
2011-07-01,1324.49,1344.05,1313.0,1332.5,3884879
2011-07-04,1320.78,1327.6,1311.04,1317.85,1860602
2011-07-05,1301.8,1330.59,1276.03,1304.75,857983
2011-07-06,1284.79,1295.5,1270.76,1281.44,905282
2011-07-07,1270.62,1292.5,1244.6,1266.41,2196504
2011-07-08,1269.67,1281.61,1260.11,1272.03,2756859
2011-07-11,1268.15,1279.88,1254.19,1265.91,573958
2011-07-12,1267.12,1283.95,1252.83,1269.64,1635099
2011-07-13,1266.95,1286.58,1254.45,1274.01,5235524
2011-07-14,1297.4,1319.42,1274.9,1296.92,1740171
2011-07-15,1285.88,1312.64,1260.98,1287.7,4846575
2011-07-18,1255.33,1279.77,1232.57,1256.99,2926821
2011-07-19,1282.29,1291.65,1265.42,1274.73,1034503
2011-07-20,1260.1,1286.97,1239.12,1265.9,1663438
2011-07-21,1286.16,1295.45,1275.41,1284.69,1835419
2011-07-22,1285.69,1313.66,1261.65,1289.54,1119612
2011-07-25,1287.97,1304.41,1268.07,1284.47,1108013
2011-07-26,1289.81,1302.77,1275.71,1288.66,4896646
2011-07-27,1325.83,1335.58,1314.58,1324.32,1103043
2011-07-28,1359.68,1370.6,1352.64,1363.55,3786912
2011-07-29,1359.16,1374.17,1347.31,1362.29,1525921
2011-08-01,1366.7,1392.27,1337.41,1362.91,1952490
2011-08-02,1389.73,1413.3,1358.95,1382.39,2777624
2011-08-03,1364.28,1390.95,1335.69,1362.32,1384521
2011-08-04,1362.82,1375.39,1353.94,1366.5,2787742
2011-08-05,1364.72,1383.67,1344.41,1363.34,580788
2011-08-08,1377.1,1389.3,1355.04,1367.15,2581353
2011-08-09,1348.0,1365.72,1329.87,1347.59,450846
2011-08-10,1319.09,1332.03,1300.45,1313.33,1730449
2011-08-11,1267.9,1282.47,1256.17,1270.72,3310288
2011-08-12,1247.09,1264.22,1230.12,1247.25,2880219
2011-08-15,1238.68,1248.28,1226.8,1236.38,909776
2011-08-16,1230.13,1244.93,1213.87,1228.66,982839
2011-08-17,1259.65,1281.19,1241.05,1262.55,1311650
2011-08-18,1278.2,1290.18,1269.35,1281.31,2217141
2011-08-19,1264.39,1288.36,1236.75,1260.65,585862
2011-08-22,1269.47,1285.44,1249.02,1264.94,1967090
2011-08-23,1260.67,1282.48,1233.28,1254.98,2390128
2011-08-24,1254.16,1272.73,1228.94,1247.41,1673081
2011-08-25,1249.17,1268.72,1229.12,1248.66,2717417
2011-08-26,1256.92,1277.9,1237.14,1258.1,2267604
2011-08-29,1254.59,1277.34,1226.88,1249.53,1432608
2011-08-30,1270.15,1288.19,1249.43,1267.43,620503
2011-08-31,1240.11,1255.19,1228.73,1243.78,2148000
2011-09-01,1237.93,1249.85,1229.9,1241.78,1119233
2011-09-02,1290.86,1309.05,1270.79,1288.96,1401416
2011-09-05,1290.44,1298.87,1282.7,1291.13,2643130
2011-09-06,1316.91,1328.36,1305.56,1317.01,4640812
2011-09-07,1320.91,1328.72,1308.89,1316.67,1937993
2011-09-08,1329.08,1346.66,1308.51,1326.06,2764689
2011-09-09,1328.1,1337.93,1313.02,1322.82,833436
2011-09-12,1309.73,1336.02,1291.19,1317.37,2297458
2011-09-13,1301.02,1322.96,1278.11,1300.03,1912757
2011-09-14,1309.17,1331.85,1283.81,1306.44,4145510
2011-09-15,1282.01,1300.33,1269.65,1287.91,1433636
2011-09-16,1296.34,1316.08,1279.19,1298.89,1715160
2011-09-19,1314.95,1335.99,1297.27,1318.27,3742590
2011-09-20,1323.7,1339.71,1307.61,1323.62,1876238
2011-09-21,1322.49,1342.1,1296.55,1316.06,1019369
2011-09-22,1331.22,1342.07,1312.41,1323.19,9165710
2011-09-23,1312.05,1341.15,1286.21,1315.26,1038039
2011-09-26,1334.14,1342.77,1323.41,1332.03,1907263
2011-09-27,1296.38,1318.98,1271.64,1294.21,2441230
2011-09-28,1287.51,1305.42,1268.13,1286.02,2328117
2011-09-29,1248.06,1258.89,1235.76,1246.57,1769404
2011-09-30,1218.5,1238.22,1197.68,1217.39,1774703
2011-10-03,1247.29,1255.11,1233.23,1241.01,1722075
2011-10-04,1260.41,1281.36,1235.38,1256.26,1015041
2011-10-05,1237.35,1258.49,1220.21,1241.29,7203888
2011-10-06,1215.11,1223.21,1204.15,1212.22,1737582
2011-10-07,1161.28,1168.47,1151.01,1158.18,2836718
2011-10-10,1148.58,1167.26,1128.84,1147.5,1622061
2011-10-11,1192.67,1203.87,1177.47,1188.64,1602606
2011-10-12,1195.82,1217.76,1173.23,1195.15,1508662
2011-10-13,1184.65,1204.12,1164.49,1183.94,782377
2011-10-14,1191.47,1209.9,1172.61,1191.03,1800594
2011-10-17,1155.3,1173.01,1144.7,1162.34,1553149
2011-10-18,1155.79,1174.15,1137.72,1156.07,4004441
2011-10-19,1154.42,1178.97,1132.23,1156.74,967025
2011-10-20,1150.11,1161.57,1142.78,1154.22,1402422
2011-10-21,1172.01,1183.6,1155.44,1166.99,1156531
2011-10-24,1173.84,1183.84,1162.08,1172.06,4711506
2011-10-25,1182.82,1195.82,1169.93,1182.93,1176853
2011-10-26,1167.89,1188.75,1149.05,1169.87,2778383
2011-10-27,1185.91,1200.28,1170.5,1184.86,3548717
2011-10-28,1216.91,1233.42,1196.85,1213.3,1816325
2011-10-31,1192.0,1206.57,1180.42,1194.96,867970
2011-11-01,1178.38,1186.78,1169.99,1178.39,874587
2011-11-02,1204.63,1215.48,1190.68,1201.5,3321272
2011-11-03,1190.4,1218.78,1169.1,1197.36,930654
2011-11-04,1221.95,1239.32,1204.8,1222.16,2508551
2011-11-07,1211.88,1226.39,1198.95,1213.44,2123570
2011-11-08,1239.11,1260.49,1218.23,1239.61,2486233
2011-11-09,1239.62,1248.89,1232.22,1241.49,2631200
2011-11-10,1246.29,1257.27,1234.8,1245.77,1132340
2011-11-11,1282.21,1293.05,1264.08,1274.86,1104256
2011-11-14,1266.27,1292.57,1241.22,1267.5,3044831
2011-11-15,1250.42,1269.91,1229.84,1249.32,1359181
2011-11-16,1248.0,1265.81,1222.88,1240.58,380754
2011-11-17,1246.64,1255.03,1240.31,1248.7,2926311
2011-11-18,1226.07,1235.59,1209.96,1219.43,1064742
2011-11-21,1230.93,1248.82,1213.02,1230.91,2624186
2011-11-22,1227.33,1240.46,1207.74,1220.8,4573059
2011-11-23,1244.64,1268.12,1218.42,1241.84,2002801
2011-11-24,1199.03,1218.77,1178.19,1197.92,3603656
2011-11-25,1183.57,1197.66,1169.7,1183.8,2174433
2011-11-28,1152.04,1172.94,1133.32,1154.2,5139454
2011-11-29,1140.25,1162.63,1117.61,1139.99,1048358
2011-11-30,1147.36,1161.03,1130.64,1144.28,1973010
2011-12-01,1141.25,1158.0,1124.54,1141.29,2969478
2011-12-02,1136.0,1158.44,1114.67,1137.08,1768695
2011-12-05,1133.68,1144.44,1123.78,1134.54,3958324
2011-12-06,1141.59,1162.48,1117.38,1138.2,1529996
2011-12-07,1125.47,1132.75,1114.1,1121.35,6862776
2011-12-08,1131.31,1150.28,1114.65,1133.58,7083781
2011-12-09,1142.93,1164.4,1123.8,1145.23,2348396
2011-12-12,1153.54,1169.94,1135.84,1152.22,2762262
2011-12-13,1167.62,1182.13,1147.84,1162.29,4053141
2011-12-14,1171.93,1188.64,1151.26,1167.92,972554
2011-12-15,1200.1,1213.39,1191.37,1204.62,902388
2011-12-16,1202.64,1213.5,1192.74,1203.59,4213698
2011-12-19,1195.3,1209.49,1184.48,1198.64,2337033
2011-12-20,1184.84,1202.35,1168.29,1185.79,1730804
2011-12-21,1173.84,1187.49,1154.63,1168.22,1996036
2011-12-22,1142.39,1157.23,1132.49,1147.29,473721
2011-12-23,1127.3,1153.47,1106.74,1132.8,1768535
2011-12-26,1129.53,1144.36,1117.55,1132.35,1261954
2011-12-27,1139.81,1153.13,1125.51,1138.83,3439521
2011-12-28,1142.65,1155.39,1127.82,1140.53,3602067
2011-12-29,1129.84,1138.58,1119.64,1128.36,2802459
2011-12-30,1148.65,1166.99,1126.32,1144.61,2513722
2012-01-02,1152.21,1171.92,1138.69,1158.33,807414
2012-01-03,1160.68,1166.77,1150.49,1156.56,2826036
2012-01-04,1145.24,1168.62,1122.95,1146.31,2892520
2012-01-05,1159.39,1179.37,1136.91,1156.85,4185411
2012-01-06,1156.62,1179.64,1138.28,1161.23,7066853
2012-01-09,1137.43,1157.94,1116.89,1137.41,718171
2012-01-10,1138.22,1159.4,1116.26,1137.42,1570514
2012-01-11,1147.07,1158.61,1131.6,1143.11,1270142
2012-01-12,1123.65,1145.01,1107.73,1129.01,2198980
2012-01-13,1133.61,1149.63,1117.49,1133.51,1998767
2012-01-16,1106.71,1120.33,1096.74,1110.32,1722953
2012-01-17,1135.87,1145.33,1124.7,1134.15,3673159
2012-01-18,1159.69,1167.47,1149.23,1156.99,1023922
2012-01-19,1158.52,1175.77,1136.88,1154.06,1061641
2012-01-20,1160.0,1181.28,1140.61,1161.86,1072459
2012-01-23,1125.21,1143.68,1103.67,1122.09,1597265
2012-01-24,1108.79,1119.59,1093.52,1104.28,948698
2012-01-25,1095.51,1109.83,1086.66,1100.94,1925809
2012-01-26,1086.89,1099.72,1072.09,1084.9,1795341
2012-01-27,1101.32,1115.86,1083.67,1098.17,1236865
2012-01-30,1132.35,1154.52,1111.08,1133.23,3349292
2012-01-31,1111.02,1135.28,1090.89,1115.07,1913222
2012-02-01,1105.96,1126.68,1082.17,1102.84,3751207
2012-02-02,1104.48,1128.14,1084.87,1108.46,1763780
2012-02-03,1136.77,1159.53,1114.64,1137.38,1954183
2012-02-06,1118.39,1131.93,1104.99,1118.52,1414562
2012-02-07,1126.97,1133.41,1118.13,1124.56,1974394
2012-02-08,1155.46,1164.88,1148.24,1157.64,3039910
2012-02-09,1128.91,1143.51,1116.65,1131.23,1549122
2012-02-10,1111.95,1121.81,1101.77,1111.62,2706176
2012-02-13,1109.86,1118.24,1098.17,1106.52,1217550
2012-02-14,1107.42,1128.79,1078.65,1099.87,3126517
2012-02-15,1110.33,1124.22,1101.53,1115.38,1400103
2012-02-16,1122.55,1144.31,1099.74,1121.49,3305201
2012-02-17,1090.49,1112.01,1072.59,1094.06,2056643
2012-02-20,1108.01,1124.2,1088.49,1104.63,4938500
2012-02-21,1094.11,1113.81,1077.55,1097.2,992080
2012-02-22,1118.28,1131.72,1107.13,1120.55,817735
2012-02-23,1110.27,1128.58,1093.95,1112.23,1369929
2012-02-24,1103.6,1112.47,1094.99,1103.85,863918
2012-02-27,1116.17,1137.45,1093.83,1115.09,864891
2012-02-28,1131.87,1142.65,1119.46,1130.23,2878933
2012-02-29,1140.18,1150.26,1130.11,1140.2,1977794
2012-03-01,1109.6,1131.5,1092.22,1114.05,1486881
2012-03-02,1127.9,1144.64,1108.73,1125.44,1571942
2012-03-05,1110.3,1123.54,1097.23,1110.47,1385618
2012-03-06,1120.69,1136.93,1100.62,1116.8,5337252
2012-03-07,1093.25,1103.68,1085.17,1095.58,1275305
2012-03-08,1100.04,1122.05,1083.43,1105.36,896917
2012-03-09,1094.37,1104.4,1084.46,1094.48,3196702
2012-03-12,1080.21,1090.03,1066.24,1076.03,1742003
2012-03-13,1090.59,1098.7,1081.96,1090.06,6737936
2012-03-14,1095.85,1107.46,1084.91,1096.51,1445949
2012-03-15,1086.11,1099.81,1075.28,1088.95,3293925
2012-03-16,1121.37,1134.62,1102.31,1115.49,3795468
2012-03-19,1107.29,1119.45,1098.59,1110.72,1450180
2012-03-20,1111.45,1122.66,1102.67,1113.87,1269644
2012-03-21,1122.93,1137.67,1106.3,1121.02,3093519
2012-03-22,1107.09,1121.01,1099.42,1113.29,2799454
2012-03-23,1128.18,1145.48,1106.65,1123.88,850546
2012-03-26,1119.71,1141.16,1096.2,1117.62,1007455
2012-03-27,1116.44,1129.17,1100.74,1113.44,432848
2012-03-28,1141.12,1162.25,1118.12,1139.21,2834091
2012-03-29,1123.79,1131.61,1116.51,1124.33,1694509
2012-03-30,1083.58,1093.19,1077.47,1087.05,1798942
2012-04-02,1115.94,1134.07,1098.29,1116.41,718652
2012-04-03,1159.43,1181.92,1140.4,1162.84,1025959
2012-04-04,1160.39,1180.86,1138.25,1158.7,1488418
2012-04-05,1131.1,1137.72,1121.76,1128.36,1324578
2012-04-06,1130.96,1149.8,1107.22,1125.98,2128018
2012-04-09,1125.27,1137.25,1112.05,1124.02,2813896
2012-04-10,1126.81,1137.57,1112.96,1123.69,7738880
2012-04-11,1106.94,1116.34,1098.53,1107.93,1959088
2012-04-12,1118.88,1142.83,1096.57,1120.49,3871844
2012-04-13,1133.88,1140.63,1125.53,1132.27,1205031
2012-04-16,1108.77,1129.38,1089.47,1110.06,725801
2012-04-17,1125.6,1142.02,1108.28,1124.69,1604975
2012-04-18,1159.2,1181.54,1140.62,1162.9,760222
2012-04-19,1165.88,1187.29,1147.6,1168.97,2000292
2012-04-20,1168.36,1189.25,1145.29,1166.14,1241371
2012-04-23,1169.84,1178.91,1157.68,1166.73,613807
2012-04-24,1177.18,1186.59,1171.28,1180.67,5618723
2012-04-25,1155.79,1171.95,1137.35,1153.47,1436130
2012-04-26,1157.55,1171.35,1145.61,1159.4,742240
2012-04-27,1155.76,1163.69,1147.78,1155.7,3398698
2012-04-30,1196.42,1205.75,1182.08,1191.36,1280589
2012-05-01,1194.32,1206.23,1179.55,1191.43,3813658
2012-05-02,1227.81,1235.25,1217.48,1224.89,1276922
2012-05-03,1214.93,1222.04,1200.94,1208.01,1433258
2012-05-04,1219.39,1244.87,1196.54,1221.97,2438513
2012-05-07,1227.5,1243.06,1215.62,1231.14,2830408
2012-05-08,1215.83,1242.51,1191.84,1218.47,3144263
2012-05-09,1224.07,1248.85,1200.24,1225.0,1878821
2012-05-10,1242.01,1259.78,1233.14,1250.85,2722796
2012-05-11,1247.36,1267.76,1227.75,1248.14,3101440
2012-05-14,1218.14,1237.23,1201.07,1220.14,2236318
2012-05-15,1225.98,1244.81,1204.31,1223.1,1820105
2012-05-16,1211.18,1218.99,1202.11,1209.9,833028
2012-05-17,1204.77,1216.39,1195.34,1206.95,2840539
2012-05-18,1210.85,1218.3,1201.28,1208.71,2033571
2012-05-21,1183.91,1200.55,1164.73,1181.34,1547003
2012-05-22,1153.49,1179.04,1130.65,1156.15,4268016
2012-05-23,1165.94,1185.27,1148.36,1167.66,841801
2012-05-24,1153.89,1179.84,1135.82,1161.65,5317010
2012-05-25,1117.13,1142.95,1095.04,1120.79,1956438
2012-05-28,1134.56,1154.34,1117.35,1137.09,2398876
2012-05-29,1145.04,1151.46,1138.37,1144.79,1564338
2012-05-30,1132.38,1156.05,1112.0,1135.61,729238
2012-05-31,1114.63,1128.04,1102.96,1116.35,1823437
2012-06-01,1129.26,1139.16,1123.54,1133.42,2423799
2012-06-04,1142.97,1157.38,1127.98,1142.39,2974942
2012-06-05,1188.58,1211.23,1164.45,1187.07,1760626
2012-06-06,1199.15,1209.78,1187.1,1197.71,532041
2012-06-07,1207.89,1222.84,1192.9,1207.85,786228
2012-06-08,1202.38,1217.16,1193.24,1207.97,6791699
2012-06-11,1223.76,1233.23,1216.58,1226.04,1029391
2012-06-12,1239.28,1248.5,1231.58,1240.79,4667945
2012-06-13,1266.04,1287.74,1245.9,1267.57,1132058
2012-06-14,1261.22,1283.87,1238.29,1260.93,1777158
2012-06-15,1261.31,1270.32,1246.95,1255.93,2885258
2012-06-18,1253.17,1264.85,1238.46,1250.12,1212122
2012-06-19,1264.49,1278.3,1254.47,1268.25,5154234
2012-06-20,1303.0,1310.04,1293.33,1300.35,2074928
2012-06-21,1297.17,1314.43,1277.46,1294.68,2614309
2012-06-22,1286.56,1309.67,1266.62,1289.68,1688642
2012-06-25,1302.31,1321.47,1279.88,1299.0,2943859
2012-06-26,1296.8,1311.46,1282.77,1297.42,5112891
2012-06-27,1313.75,1336.91,1296.24,1319.33,1832567
2012-06-28,1280.38,1288.59,1270.44,1278.64,5597483
2012-06-29,1266.78,1276.04,1256.69,1265.95,1373733
2012-07-02,1253.36,1278.02,1229.57,1254.21,3135996
2012-07-03,1214.09,1234.17,1194.15,1214.23,2659021
2012-07-04,1197.08,1222.27,1174.52,1199.67,1044293
2012-07-05,1188.29,1210.57,1163.88,1186.12,2254155
2012-07-06,1185.19,1202.81,1167.72,1185.34,1991541
2012-07-09,1208.72,1231.6,1185.26,1208.12,1188359
2012-07-10,1207.78,1221.37,1192.92,1206.49,2457859
2012-07-11,1186.6,1196.74,1180.6,1190.73,2164659
2012-07-12,1189.24,1199.52,1182.18,1192.44,1898259
2012-07-13,1206.06,1222.18,1198.05,1214.11,1902831
2012-07-16,1201.2,1208.93,1191.46,1199.17,1878518
2012-07-17,1181.24,1197.74,1169.11,1185.56,1590215
2012-07-18,1198.67,1217.27,1179.59,1198.19,2156291
2012-07-19,1198.18,1218.38,1176.67,1196.85,1347351
2012-07-20,1213.36,1230.17,1194.39,1211.17,9762759
2012-07-23,1209.16,1222.28,1200.46,1213.55,851198
2012-07-24,1228.78,1248.96,1208.85,1229.02,1396051
2012-07-25,1218.74,1231.32,1200.15,1212.66,1463812
2012-07-26,1221.25,1227.59,1208.69,1215.0,6744892
2012-07-27,1217.29,1228.5,1202.52,1213.7,897994
2012-07-30,1195.44,1207.34,1182.34,1194.23,2560091
2012-07-31,1165.41,1179.59,1154.79,1168.94,2301418
2012-08-01,1185.97,1206.34,1163.09,1183.42,2422138
2012-08-02,1179.01,1198.91,1159.67,1179.57,4163247
2012-08-03,1165.88,1183.88,1145.96,1163.93,4112318
2012-08-06,1162.32,1172.78,1154.09,1164.53,1512729
2012-08-07,1186.09,1207.02,1165.79,1186.71,2227544
2012-08-08,1149.56,1166.99,1131.58,1149.0,647930
2012-08-09,1126.46,1135.38,1116.71,1125.63,2104220
2012-08-10,1113.88,1130.28,1095.86,1112.24,1231331
2012-08-13,1137.01,1152.95,1123.08,1138.99,1772976
2012-08-14,1141.31,1159.21,1128.08,1145.93,721275
2012-08-15,1166.95,1174.75,1153.53,1161.29,2527960
2012-08-16,1152.18,1166.9,1129.03,1143.64,716446
2012-08-17,1128.1,1135.43,1119.26,1126.58,2167252
2012-08-20,1131.64,1144.63,1123.2,1136.15,949885
2012-08-21,1136.46,1147.06,1128.52,1139.1,1190894
2012-08-22,1152.23,1174.48,1128.25,1150.47,3964297
2012-08-23,1153.78,1164.48,1138.5,1149.15,2821419
2012-08-24,1151.66,1167.8,1139.76,1155.86,3951168
2012-08-27,1160.06,1171.9,1148.66,1160.49,5054736
2012-08-28,1176.69,1198.42,1154.27,1175.99,1247056
2012-08-29,1195.29,1211.36,1176.17,1192.2,4873792
2012-08-30,1164.19,1187.28,1142.32,1165.39,822987
2012-08-31,1123.19,1139.21,1112.52,1128.49,3102318
2012-09-03,1149.44,1157.16,1139.59,1147.3,1474747
2012-09-04,1173.6,1189.26,1154.05,1169.66,1134633
2012-09-05,1153.28,1165.32,1141.54,1153.57,2866728
2012-09-06,1124.81,1143.96,1104.31,1123.44,3495443
2012-09-07,1125.1,1147.2,1104.63,1126.7,3433741
2012-09-10,1141.23,1157.96,1127.43,1144.13,2255576
2012-09-11,1180.63,1203.74,1153.97,1177.01,2146124
2012-09-12,1189.13,1204.94,1171.96,1187.75,2719938
2012-09-13,1184.44,1195.18,1171.98,1182.7,2379160
2012-09-14,1173.74,1188.21,1154.06,1168.47,2743687
2012-09-17,1166.45,1176.66,1159.96,1170.15,2240925
2012-09-18,1164.43,1186.26,1144.57,1166.36,3287606
2012-09-19,1150.68,1158.19,1142.64,1150.14,746891
2012-09-20,1185.44,1198.89,1174.02,1187.45,1832581
2012-09-21,1223.98,1240.48,1204.65,1221.11,864314
2012-09-24,1242.82,1250.54,1235.81,1243.52,2340841
2012-09-25,1224.19,1235.44,1216.61,1227.84,5310295
2012-09-26,1245.31,1264.54,1225.84,1245.06,1491882
2012-09-27,1259.06,1266.71,1250.77,1258.42,2140074
2012-09-28,1271.69,1287.15,1252.72,1268.13,3121711
2012-10-01,1294.99,1308.04,1280.42,1293.46,573415
2012-10-02,1308.97,1319.99,1296.15,1307.16,1449506
2012-10-03,1324.32,1334.69,1312.69,1323.05,2467483
2012-10-04,1336.28,1359.03,1314.29,1337.03,348642
2012-10-05,1342.25,1371.07,1316.38,1345.14,1103408
2012-10-08,1311.96,1321.28,1301.51,1310.83,3838202
2012-10-09,1312.32,1339.12,1286.87,1313.64,3619325
2012-10-10,1310.46,1328.71,1285.7,1303.85,2482038
2012-10-11,1285.29,1304.09,1261.42,1280.14,3366279
2012-10-12,1316.42,1337.02,1293.36,1313.92,2255906
2012-10-15,1351.05,1372.08,1328.52,1349.52,2766896
2012-10-16,1378.02,1402.23,1354.19,1378.39,1640657
2012-10-17,1379.48,1401.68,1362.58,1384.72,2125436
2012-10-18,1413.17,1432.47,1394.8,1414.09,1356716
2012-10-19,1415.78,1429.73,1401.4,1415.35,4231596
2012-10-22,1421.61,1430.97,1411.29,1420.64,4940295
2012-10-23,1400.42,1421.39,1377.52,1398.45,4537776
2012-10-24,1411.6,1419.37,1399.96,1407.71,1552123
2012-10-25,1406.94,1422.74,1394.09,1409.87,1118764
2012-10-26,1380.58,1392.29,1371.73,1383.42,4265987
2012-10-29,1389.18,1400.1,1372.28,1383.16,2747891
2012-10-30,1385.48,1405.68,1362.12,1382.28,2414856
2012-10-31,1419.16,1441.32,1398.68,1420.82,1355689
2012-11-01,1440.29,1457.06,1423.99,1440.76,2559694
2012-11-02,1441.28,1450.88,1432.12,1441.72,1033884
2012-11-05,1447.94,1464.59,1431.15,1447.8,2900626
2012-11-06,1451.49,1466.42,1434.51,1449.43,4534983
2012-11-07,1456.65,1479.68,1422.81,1445.66,5275728
2012-11-08,1423.79,1443.27,1403.5,1422.98,3033156
2012-11-09,1423.15,1440.76,1402.75,1420.32,865261
2012-11-12,1397.95,1422.34,1380.74,1405.05,2231976
2012-11-13,1377.44,1406.34,1350.59,1379.45,7158485
2012-11-14,1395.68,1418.49,1367.82,1390.55,1177416
2012-11-15,1400.88,1418.33,1381.77,1399.19,1913588
2012-11-16,1344.67,1379.22,1328.28,1362.61,4630218
2012-11-19,1363.26,1370.61,1353.16,1360.51,2871314
2012-11-20,1389.31,1415.89,1354.92,1381.36,8780938
2012-11-21,1395.44,1417.58,1381.78,1403.84,1277324
2012-11-22,1432.45,1445.11,1413.35,1425.95,1094870
2012-11-23,1415.24,1455.64,1386.95,1427.11,4132839
2012-11-26,1413.39,1435.69,1387.18,1409.42,967502
2012-11-27,1386.93,1394.89,1379.01,1386.97,1761963
2012-11-28,1384.57,1402.67,1376.36,1394.4,1906180
2012-11-29,1404.46,1412.02,1395.03,1402.58,3691685
2012-11-30,1435.07,1455.16,1410.12,1430.14,2866380
2012-12-03,1455.71,1464.55,1445.29,1454.12,2608377
2012-12-04,1453.96,1481.58,1423.83,1451.41,1557420
2012-12-05,1422.96,1451.86,1395.85,1424.72,4110282
2012-12-06,1410.12,1436.75,1391.52,1418.04,22197593
2012-12-07,1425.73,1446.05,1402.5,1422.78,3001939
2012-12-10,1426.0,1439.38,1405.25,1418.56,2104952
2012-12-11,1411.15,1419.56,1398.0,1406.38,910074
2012-12-12,1403.36,1434.46,1380.82,1411.78,1352562
2012-12-13,1394.81,1410.33,1385.71,1401.18,1744142
2012-12-14,1384.54,1396.78,1375.84,1388.06,1438684
2012-12-17,1387.9,1408.04,1374.48,1394.56,1963724
2012-12-18,1386.35,1393.54,1378.97,1386.16,5762083
2012-12-19,1392.86,1408.89,1375.2,1391.22,4190372
2012-12-20,1390.89,1418.7,1369.17,1396.88,1802527
2012-12-21,1376.35,1399.78,1349.78,1373.15,960329
2012-12-24,1365.66,1384.87,1344.03,1363.2,4423406
2012-12-25,1390.54,1417.49,1365.93,1392.83,1925252
2012-12-26,1367.96,1383.85,1352.78,1368.67,703694
2012-12-27,1318.03,1349.29,1294.66,1325.78,3040273
2012-12-28,1287.87,1305.39,1271.65,1289.15,3668935
2012-12-31,1289.62,1300.38,1278.83,1289.59,462524
2013-01-01,1290.7,1315.44,1265.33,1290.05,1208955
2013-01-02,1289.09,1300.85,1275.88,1287.63,1855616
2013-01-03,1312.1,1319.17,1304.06,1311.13,3080820
2013-01-04,1258.45,1270.33,1247.57,1259.44,1455051
2013-01-07,1267.86,1281.18,1253.47,1266.77,1203464
2013-01-08,1300.51,1313.86,1283.29,1296.61,3067279
2013-01-09,1274.31,1291.08,1257.9,1274.67,1497049
2013-01-10,1268.44,1291.59,1244.11,1267.23,2744838
2013-01-11,1252.1,1264.56,1240.35,1252.8,1017735
2013-01-14,1233.51,1251.74,1217.7,1235.9,880812
2013-01-15,1231.59,1244.03,1217.24,1229.66,3119432
2013-01-16,1253.97,1277.82,1232.24,1256.06,2307123
2013-01-17,1292.42,1301.94,1281.42,1290.93,3448581
2013-01-18,1284.31,1292.73,1275.79,1284.2,1440418
2013-01-21,1319.98,1337.76,1303.42,1321.19,1230506
2013-01-22,1320.34,1341.57,1300.43,1321.64,4485817
2013-01-23,1354.54,1379.58,1331.61,1356.61,795101
2013-01-24,1347.76,1373.2,1329.11,1354.45,4201181
2013-01-25,1358.41,1380.97,1334.32,1356.85,4378876
2013-01-28,1364.99,1379.85,1349.19,1364.04,3321920
2013-01-29,1434.02,1441.9,1422.52,1430.37,1312330
2013-01-30,1446.16,1458.23,1436.41,1448.47,1214794
2013-01-31,1441.04,1449.08,1424.9,1432.89,1747971
2013-02-01,1451.92,1468.02,1437.5,1453.58,911617
2013-02-04,1441.62,1463.39,1423.7,1445.42,1113460
2013-02-05,1430.27,1449.39,1415.48,1434.55,2919259
2013-02-06,1446.38,1473.44,1426.99,1453.94,2927353
2013-02-07,1461.02,1478.86,1436.58,1454.33,1056270
2013-02-08,1466.14,1488.38,1437.98,1460.13,2974757
2013-02-11,1462.78,1484.73,1438.24,1460.15,2604059
2013-02-12,1463.31,1481.59,1449.01,1467.25,4905814
2013-02-13,1484.37,1499.5,1461.3,1476.35,2789803
2013-02-14,1432.28,1453.55,1412.55,1433.8,3742066
2013-02-15,1446.76,1468.12,1426.58,1447.93,2639886
2013-02-18,1432.64,1446.57,1412.63,1426.49,3569576
2013-02-19,1398.47,1412.39,1381.81,1395.71,915961
2013-02-20,1403.44,1425.07,1372.75,1394.24,1843088
2013-02-21,1396.79,1417.34,1375.21,1395.75,1936921
2013-02-22,1379.42,1390.77,1369.73,1381.07,1712988
2013-02-25,1395.59,1414.4,1379.38,1398.16,2587834
2013-02-26,1362.47,1395.26,1337.42,1370.07,2901179
2013-02-27,1360.38,1369.06,1352.83,1361.51,2508898
2013-02-28,1354.05,1378.19,1325.36,1349.41,1783045
2013-03-01,1350.7,1360.76,1338.23,1348.27,1275134
2013-03-04,1353.82,1370.89,1336.66,1353.73,3829755
2013-03-05,1329.26,1348.39,1314.15,1333.24,2445694
2013-03-06,1348.55,1355.49,1340.69,1347.63,1076076
2013-03-07,1352.84,1378.18,1323.47,1348.74,1765222
2013-03-08,1312.54,1328.06,1295.35,1310.85,696637
2013-03-11,1273.39,1297.99,1248.17,1272.76,2025287
2013-03-12,1269.35,1284.23,1257.54,1272.39,1760259
2013-03-13,1271.36,1294.24,1245.24,1268.06,1404679
2013-03-14,1254.09,1289.83,1230.47,1265.98,5130738
2013-03-15,1266.81,1283.72,1248.46,1265.35,990839
2013-03-18,1279.34,1289.63,1259.34,1269.55,3029280
2013-03-19,1281.82,1307.32,1262.23,1287.64,7363345
2013-03-20,1265.37,1283.05,1248.63,1266.29,3784259
2013-03-21,1244.14,1268.02,1220.29,1244.17,1945591
2013-03-22,1222.19,1238.07,1208.02,1223.88,1004056
2013-03-25,1232.99,1244.12,1218.07,1229.17,875685
2013-03-26,1254.09,1262.96,1243.45,1252.31,1548920
2013-03-27,1244.79,1264.06,1224.96,1244.22,1312966
2013-03-28,1201.26,1224.82,1174.9,1198.4,1287575
2013-03-29,1168.23,1174.56,1161.83,1168.17,1630197
2013-04-01,1164.69,1183.45,1135.1,1153.68,1864776
2013-04-02,1144.63,1166.26,1122.48,1144.11,2652802
2013-04-03,1137.83,1144.8,1130.2,1137.17,943472
2013-04-04,1132.04,1145.45,1124.51,1137.88,1316719
2013-04-05,1130.8,1150.06,1113.41,1132.64,1801619
2013-04-08,1154.66,1171.65,1133.76,1150.69,1763319
2013-04-09,1134.62,1146.05,1127.77,1139.18,5967593
2013-04-10,1117.37,1144.35,1097.79,1124.65,2279229
2013-04-11,1132.98,1147.54,1118.31,1132.87,753019
2013-04-12,1111.76,1132.44,1086.6,1107.2,2548228
2013-04-15,1113.98,1134.22,1093.6,1113.84,2750788
2013-04-16,1114.58,1134.88,1095.43,1115.71,1839350
2013-04-17,1107.2,1127.59,1093.1,1113.41,957386
2013-04-18,1141.99,1152.01,1130.43,1140.44,5693483
2013-04-19,1132.28,1146.54,1115.82,1130.04,1043477
2013-04-22,1159.5,1173.32,1151.95,1165.73,2947486
2013-04-23,1165.98,1183.33,1144.73,1162.02,2235622
2013-04-24,1142.84,1150.85,1132.22,1140.22,2843329
2013-04-25,1145.54,1160.06,1127.2,1141.67,5521249
2013-04-26,1125.61,1132.16,1117.11,1123.65,2777282
2013-04-29,1113.5,1124.07,1100.77,1111.32,1418061
2013-04-30,1120.0,1129.49,1108.76,1118.25,3850044
2013-05-01,1130.85,1147.02,1111.78,1127.91,1357751
2013-05-02,1111.65,1136.53,1092.98,1117.75,2187204
2013-05-03,1129.66,1141.41,1123.04,1134.77,912688
2013-05-06,1152.45,1175.5,1131.98,1155.0,1066647
2013-05-07,1180.07,1201.67,1158.93,1180.53,2044843
2013-05-08,1191.72,1203.8,1178.27,1190.34,2472776
2013-05-09,1216.53,1234.64,1197.26,1215.35,713948
2013-05-10,1185.93,1199.02,1168.92,1181.96,2672092
2013-05-13,1180.83,1189.47,1168.17,1176.78,1212679
2013-05-14,1158.98,1177.04,1143.99,1162.02,4272940
2013-05-15,1165.39,1172.73,1157.23,1164.56,1605300
2013-05-16,1152.15,1176.08,1131.21,1155.09,1010369
2013-05-17,1152.05,1174.44,1130.31,1152.7,2075022
2013-05-20,1187.36,1207.93,1165.67,1186.22,1144248
2013-05-21,1171.62,1199.63,1155.88,1183.73,4245486
2013-05-22,1200.26,1216.3,1175.72,1191.64,1983390
2013-05-23,1190.07,1213.6,1164.57,1188.05,1810283
2013-05-24,1187.85,1200.35,1177.49,1189.97,2828000
2013-05-27,1197.55,1204.91,1183.36,1190.67,1084935
2013-05-28,1198.06,1215.41,1181.97,1199.31,914843
2013-05-29,1221.57,1233.7,1208.96,1221.09,2533243
2013-05-30,1250.47,1264.62,1238.17,1252.3,1024994
2013-05-31,1265.05,1271.51,1252.38,1258.81,1024785
2013-06-03,1270.29,1288.41,1252.58,1270.69,3275737
2013-06-04,1250.21,1261.41,1238.45,1249.65,2716998
2013-06-05,1253.23,1263.03,1238.96,1248.72,934439
2013-06-06,1269.42,1276.54,1260.09,1267.2,1367532
2013-06-07,1284.33,1297.98,1270.88,1284.53,1152865
2013-06-10,1293.7,1317.22,1265.96,1289.4,5756220
2013-06-11,1317.43,1330.67,1294.33,1307.47,3414720
2013-06-12,1319.22,1339.25,1297.95,1317.96,1540308
2013-06-13,1343.24,1365.2,1320.82,1342.77,2801643
2013-06-14,1350.18,1363.57,1336.1,1349.49,878778
2013-06-17,1348.48,1371.84,1319.93,1343.2,1324323
2013-06-18,1348.46,1371.66,1327.72,1350.89,2111518
2013-06-19,1292.59,1310.99,1275.29,1293.67,2600822
2013-06-20,1296.02,1308.56,1289.52,1302.03,1870141
2013-06-21,1229.17,1240.37,1222.38,1233.55,2300893
2013-06-24,1201.06,1226.82,1177.2,1202.93,2078177
2013-06-25,1211.78,1232.26,1191.5,1211.98,1797403
2013-06-26,1228.07,1251.48,1198.3,1221.58,1659974
2013-06-27,1203.29,1225.59,1179.09,1201.36,1535307
2013-06-28,1186.23,1195.79,1179.93,1189.48,2278806
2013-07-01,1212.45,1235.62,1191.99,1215.11,2536991
2013-07-02,1212.22,1226.48,1193.04,1207.24,2233355
2013-07-03,1253.74,1274.86,1228.47,1249.51,977586
2013-07-04,1250.56,1256.94,1244.08,1250.46,1088861
2013-07-05,1257.45,1270.86,1245.73,1259.13,2518890
2013-07-08,1295.42,1316.5,1270.06,1291.07,4794615
2013-07-09,1290.79,1316.52,1268.98,1294.65,2172630
2013-07-10,1277.86,1296.13,1258.12,1276.36,1548812
2013-07-11,1284.0,1296.22,1263.17,1275.31,2268443
2013-07-12,1276.46,1288.79,1263.36,1275.68,1002399
2013-07-15,1247.96,1275.26,1223.62,1250.87,4348606
2013-07-16,1248.65,1263.12,1232.67,1247.12,2217645
2013-07-17,1232.61,1248.8,1218.18,1234.35,1326859
2013-07-18,1247.41,1269.29,1230.84,1252.65,1793936
2013-07-19,1257.01,1271.01,1240.39,1254.37,1445228
2013-07-22,1254.33,1271.0,1233.52,1250.13,4355726
2013-07-23,1248.06,1263.57,1233.72,1249.22,1756187
2013-07-24,1253.08,1276.33,1231.28,1254.5,2176479
2013-07-25,1263.61,1290.88,1240.06,1267.27,2797497
2013-07-26,1248.94,1273.22,1225.23,1249.5,1271286
2013-07-29,1229.13,1247.79,1212.59,1231.21,2227133
2013-07-30,1249.09,1267.46,1234.56,1252.89,2337660
2013-07-31,1253.34,1272.87,1226.85,1246.27,780392
2013-08-01,1222.86,1244.35,1199.69,1221.15,2307367
2013-08-02,1232.51,1249.09,1213.86,1230.4,1929058
2013-08-05,1243.38,1262.65,1220.87,1240.09,2143562
2013-08-06,1215.84,1235.59,1193.32,1213.03,2025602
2013-08-07,1216.8,1236.76,1198.37,1218.31,2316346
2013-08-08,1233.94,1253.92,1212.97,1232.93,4423341
2013-08-09,1239.99,1251.08,1229.91,1240.99,977052
2013-08-12,1255.59,1271.25,1238.3,1253.94,1614778
2013-08-13,1230.17,1247.18,1211.92,1228.91,2957843
2013-08-14,1234.72,1242.37,1228.5,1236.14,2645989
2013-08-15,1226.74,1253.63,1204.86,1231.65,2612043
2013-08-16,1224.41,1241.73,1206.55,1223.87,10346370
2013-08-19,1240.31,1249.68,1231.71,1241.07,2866153
2013-08-20,1262.86,1291.96,1241.08,1270.06,3908103
2013-08-21,1307.87,1328.47,1285.3,1305.88,1649127
2013-08-22,1336.94,1358.83,1311.25,1333.08,1092798
2013-08-23,1342.18,1356.78,1317.58,1332.08,1641973
2013-08-26,1338.76,1364.21,1314.92,1340.34,3039416
2013-08-27,1354.85,1372.26,1339.66,1357.05,2530928
2013-08-28,1356.19,1379.17,1337.8,1360.72,2525503
2013-08-29,1365.45,1372.29,1357.76,1364.59,1743479
2013-08-30,1383.61,1403.91,1362.48,1382.77,1584403
2013-09-02,1379.38,1404.56,1357.63,1382.75,1779931
2013-09-03,1368.17,1387.38,1349.69,1368.89,3062325
2013-09-04,1353.5,1378.53,1336.65,1361.58,3283552
2013-09-05,1379.6,1403.25,1352.18,1375.77,1084093
2013-09-06,1373.82,1397.97,1352.91,1377.01,3132699
2013-09-09,1385.08,1397.93,1372.38,1385.23,1341859
2013-09-10,1394.4,1427.54,1367.37,1400.4,2626999
2013-09-11,1391.27,1415.46,1369.56,1393.71,1767047
2013-09-12,1409.59,1438.73,1381.65,1410.77,5073153
2013-09-13,1419.93,1447.77,1392.14,1419.98,1542870
2013-09-16,1397.06,1423.3,1368.85,1395.05,2207049
2013-09-17,1432.87,1456.27,1403.41,1426.71,2853211
2013-09-18,1420.28,1440.36,1397.12,1417.16,1173644
2013-09-19,1387.5,1398.02,1373.01,1383.5,1897951
2013-09-20,1368.96,1386.96,1345.12,1363.05,1689678
2013-09-23,1345.66,1367.84,1321.22,1343.36,1456740
2013-09-24,1345.29,1362.68,1328.05,1345.44,1522959
2013-09-25,1344.99,1369.23,1316.76,1340.93,3863981
2013-09-26,1339.46,1348.36,1326.29,1335.16,1384527
2013-09-27,1351.24,1365.72,1334.17,1348.61,2785240
2013-09-30,1350.56,1373.56,1333.56,1356.48,2394672
2013-10-01,1360.45,1379.56,1344.83,1363.89,857530
2013-10-02,1372.13,1382.36,1363.03,1373.26,2707406
2013-10-03,1390.21,1400.36,1376.83,1386.96,849065
2013-10-04,1344.61,1368.32,1320.99,1344.7,2890254
2013-10-07,1342.81,1359.28,1321.84,1338.25,1462539
2013-10-08,1301.15,1308.6,1288.6,1296.03,1992738
2013-10-09,1302.22,1309.06,1290.75,1297.56,912033
2013-10-10,1302.97,1318.74,1282.56,1298.27,2133830
2013-10-11,1315.49,1329.45,1305.67,1319.6,3457893
2013-10-14,1346.06,1367.03,1323.18,1344.11,1221781
2013-10-15,1346.53,1371.83,1323.73,1348.99,1377388
2013-10-16,1333.03,1350.94,1321.8,1339.66,2604555
2013-10-17,1349.02,1368.93,1330.29,1350.19,2643914
2013-10-18,1345.58,1355.42,1330.45,1340.25,460234
2013-10-21,1342.77,1355.6,1328.11,1340.92,6644126
2013-10-22,1369.83,1394.94,1336.63,1361.59,2722693
2013-10-23,1351.62,1369.41,1333.12,1350.9,3012109
2013-10-24,1378.02,1403.22,1342.96,1367.97,1819142
2013-10-25,1383.31,1394.9,1370.99,1382.57,651340
2013-10-28,1363.6,1377.17,1349.94,1363.51,2972260
2013-10-29,1378.85,1400.86,1362.21,1384.16,1412521
2013-10-30,1403.97,1421.1,1382.23,1399.3,2747931
2013-10-31,1399.87,1429.98,1371.93,1401.99,1738823
2013-11-01,1383.86,1395.87,1374.57,1386.56,2287165
2013-11-04,1374.54,1398.98,1344.93,1369.28,1245443
2013-11-05,1363.45,1387.93,1334.33,1358.73,3330501
2013-11-06,1374.92,1393.2,1352.04,1370.26,971865
2013-11-07,1349.69,1364.89,1335.98,1351.16,7628041
2013-11-08,1360.22,1377.83,1342.83,1360.43,7593241
2013-11-11,1335.43,1348.2,1322.89,1335.67,5280966
2013-11-12,1335.02,1357.7,1309.27,1331.9,4262163
2013-11-13,1340.6,1357.32,1317.73,1334.38,1884684
2013-11-14,1386.03,1412.21,1358.35,1384.5,3992499
2013-11-15,1364.47,1384.03,1336.98,1356.43,1871581
2013-11-18,1390.66,1408.34,1369.29,1386.93,780655
2013-11-19,1389.26,1412.02,1367.49,1390.24,4886177
2013-11-20,1402.48,1420.09,1381.43,1399.0,3903150
2013-11-21,1408.79,1434.95,1375.59,1401.61,1945824
2013-11-22,1419.56,1430.58,1400.14,1411.1,950638
2013-11-25,1412.93,1440.63,1380.32,1407.92,1394825
2013-11-26,1439.12,1463.85,1414.28,1439.01,664847
2013-11-27,1428.27,1454.8,1402.69,1429.2,3495715
2013-11-28,1456.17,1474.0,1435.86,1453.66,757678
2013-11-29,1446.85,1472.25,1414.34,1439.62,2355111
2013-12-02,1440.11,1453.94,1424.43,1438.24,1195152
2013-12-03,1417.11,1440.39,1391.93,1415.18,842372
2013-12-04,1424.94,1435.07,1414.6,1424.73,2287598
2013-12-05,1454.33,1469.75,1440.36,1455.76,1622892
2013-12-06,1453.15,1470.85,1436.17,1453.86,3278555
2013-12-09,1449.91,1464.17,1435.07,1449.32,926747
2013-12-10,1432.36,1447.84,1409.62,1425.01,1258726
2013-12-11,1418.79,1444.38,1394.24,1419.81,473266
2013-12-12,1386.18,1398.44,1373.69,1385.96,534663
2013-12-13,1363.2,1388.86,1341.14,1366.75,5832261
2013-12-16,1373.96,1382.35,1362.64,1371.01,6921609
2013-12-17,1403.7,1426.84,1374.92,1397.97,2096197
2013-12-18,1464.75,1489.48,1433.04,1457.65,1209482
2013-12-19,1445.24,1461.18,1428.44,1444.36,1657681
2013-12-20,1477.77,1501.17,1451.87,1475.23,3348906
2013-12-23,1479.35,1507.75,1451.65,1480.03,1456237
2013-12-24,1478.38,1503.53,1450.93,1476.04,2286608
2013-12-25,1486.38,1502.51,1468.86,1484.98,1967641
2013-12-26,1485.91,1504.13,1467.43,1485.65,1409453
2013-12-27,1487.98,1512.81,1462.54,1487.36,1445960
2013-12-30,1479.51,1493.4,1463.63,1477.5,2364299
2013-12-31,1444.77,1470.71,1420.12,1446.05,1103356
2014-01-01,1411.11,1426.15,1397.11,1412.14,2600040
2014-01-02,1432.49,1456.97,1400.83,1425.19,1494126
2014-01-03,1429.94,1438.95,1409.47,1418.4,2140222
2014-01-06,1399.8,1412.83,1391.86,1404.87,4548816
2014-01-07,1398.8,1432.14,1370.88,1404.11,1792433
2014-01-08,1415.89,1445.58,1390.34,1419.97,3443099
2014-01-09,1422.35,1448.75,1396.4,1422.79,676562
2014-01-10,1411.6,1438.8,1380.69,1407.81,1495217
2014-01-13,1435.39,1452.01,1416.27,1432.85,2015974
2014-01-14,1466.8,1480.44,1452.4,1466.04,6287024
2014-01-15,1478.1,1488.37,1465.5,1475.75,611719
2014-01-16,1493.11,1514.94,1474.41,1496.21,1871543
2014-01-17,1521.92,1535.68,1509.29,1523.04,4751701
2014-01-20,1547.61,1577.16,1518.15,1547.7,1237975
2014-01-21,1553.19,1568.5,1545.33,1560.61,1745055
2014-01-22,1567.73,1584.46,1556.52,1573.21,2419432
2014-01-23,1578.68,1597.79,1564.95,1584.01,2214871
2014-01-24,1560.19,1572.65,1544.2,1556.63,5073098
2014-01-27,1572.66,1585.85,1558.32,1571.5,2594966
2014-01-28,1541.11,1563.98,1515.46,1538.29,4398014
2014-01-29,1510.09,1533.52,1495.12,1518.47,1597571
2014-01-30,1539.91,1568.8,1518.01,1546.8,1271470
2014-01-31,1567.82,1596.59,1535.98,1564.7,1731616
2014-02-03,1584.9,1620.66,1562.65,1598.22,989087
2014-02-04,1595.75,1620.36,1565.4,1589.91,2650097
2014-02-05,1552.32,1577.22,1536.05,1560.86,1572965
2014-02-06,1557.33,1568.85,1541.91,1553.4,1325004
2014-02-07,1549.77,1569.15,1534.56,1553.91,2674291
2014-02-10,1558.73,1589.07,1523.6,1553.85,998261
2014-02-11,1593.72,1616.55,1555.91,1578.52,3148073
2014-02-12,1557.31,1582.37,1543.04,1568.0,1488080
2014-02-13,1577.56,1596.12,1555.75,1574.27,3974692
2014-02-14,1540.67,1576.23,1513.65,1549.07,1566504
2014-02-17,1559.49,1582.92,1534.09,1557.49,2896882
2014-02-18,1554.5,1576.32,1533.65,1555.46,2208308
2014-02-19,1536.55,1564.64,1507.88,1535.96,3098228
2014-02-20,1524.22,1551.46,1501.23,1528.4,2117968
2014-02-21,1525.6,1547.94,1499.75,1522.04,730848
2014-02-24,1507.14,1525.59,1495.31,1513.71,3631935
2014-02-25,1558.0,1568.28,1541.98,1552.22,1881143
2014-02-26,1545.75,1577.79,1515.64,1547.65,3184193
2014-02-27,1533.23,1561.23,1511.79,1539.7,3000075
2014-02-28,1496.9,1513.72,1473.03,1489.77,1246714
2014-03-03,1467.38,1487.99,1447.08,1467.68,1145237
2014-03-04,1468.0,1476.7,1450.99,1459.64,2937921
2014-03-05,1447.74,1472.83,1417.45,1442.45,1652914
2014-03-06,1466.81,1482.46,1454.71,1470.33,3477616
2014-03-07,1463.99,1489.36,1439.0,1464.36,1781701
2014-03-10,1491.07,1510.48,1471.13,1490.53,3663926
2014-03-11,1496.3,1509.99,1475.86,1489.48,2556073
2014-03-12,1489.82,1497.94,1479.75,1487.86,2356728
2014-03-13,1484.2,1509.78,1457.85,1483.42,1584205
2014-03-14,1480.13,1492.34,1468.81,1481.01,2279476
2014-03-17,1516.89,1525.89,1508.13,1517.12,4056015
2014-03-18,1468.47,1492.46,1438.84,1462.74,1919299
2014-03-19,1417.05,1431.58,1402.51,1417.04,2726978
2014-03-20,1401.44,1418.31,1386.24,1403.1,2038686
2014-03-21,1398.58,1413.15,1386.4,1400.95,2136677
2014-03-24,1410.68,1438.31,1385.45,1413.03,5576358
2014-03-25,1414.59,1434.01,1401.21,1420.57,4077676
2014-03-26,1406.7,1421.37,1395.23,1409.88,2079508
2014-03-27,1435.44,1449.27,1415.24,1429.01,2255026
2014-03-28,1447.74,1460.29,1436.09,1448.64,1301304
2014-03-31,1453.05,1467.24,1435.83,1449.99,1787300
2014-04-01,1457.46,1477.55,1448.36,1468.38,2387216
2014-04-02,1474.18,1485.06,1460.81,1471.67,3303087
2014-04-03,1455.91,1473.01,1439.52,1456.62,3108132
2014-04-04,1467.07,1495.92,1440.38,1469.19,1019114
2014-04-07,1469.67,1478.28,1460.26,1468.87,3563271
2014-04-08,1463.94,1478.13,1451.95,1466.12,1879912
2014-04-09,1486.5,1523.9,1458.82,1496.04,1096687
2014-04-10,1443.27,1469.75,1412.88,1439.29,4420798
2014-04-11,1407.33,1428.71,1384.94,1406.31,4770527
2014-04-14,1377.54,1390.7,1365.68,1378.83,2322717
2014-04-15,1364.73,1384.16,1349.31,1368.7,3033647
2014-04-16,1354.84,1371.96,1343.77,1360.84,3142312
2014-04-17,1328.72,1337.93,1318.63,1327.83,4581162
2014-04-18,1312.13,1326.17,1291.83,1305.81,3068934
2014-04-21,1287.32,1304.87,1268.99,1286.53,893933
2014-04-22,1326.7,1346.08,1312.9,1332.23,6621845
2014-04-23,1366.96,1386.32,1346.69,1366.03,3757987
2014-04-24,1354.73,1367.75,1341.94,1354.95,1460494
2014-04-25,1348.41,1362.15,1331.22,1344.92,1068990
2014-04-28,1321.73,1344.01,1297.08,1319.33,2684185
2014-04-29,1268.1,1302.82,1245.05,1279.56,1677883
2014-04-30,1276.88,1289.43,1262.26,1274.79,2416902
2014-05-01,1249.59,1270.37,1232.63,1253.36,3097308
2014-05-02,1243.95,1260.74,1232.54,1249.28,1411459
2014-05-05,1216.54,1224.29,1209.48,1217.23,1014935
2014-05-06,1202.48,1221.81,1181.71,1201.0,2499224
2014-05-07,1195.38,1210.38,1186.34,1201.29,1439731
2014-05-08,1208.06,1221.81,1191.78,1205.51,2164408
2014-05-09,1213.44,1228.37,1195.77,1210.67,885585
2014-05-12,1184.73,1193.94,1175.37,1184.57,1704343
2014-05-13,1194.35,1205.16,1186.69,1197.47,3044877
2014-05-14,1177.37,1192.91,1165.34,1180.84,2852081
2014-05-15,1193.4,1216.42,1166.8,1189.74,1235498
2014-05-16,1181.82,1204.09,1165.0,1187.2,983665
2014-05-19,1164.35,1176.83,1148.2,1160.64,2001601
2014-05-20,1152.3,1159.31,1145.87,1152.88,2776272
2014-05-21,1156.6,1173.13,1140.4,1156.93,2528419
2014-05-22,1159.36,1172.77,1151.96,1165.33,1458186
2014-05-23,1160.08,1175.84,1144.84,1160.59,2370697
2014-05-26,1187.43,1206.77,1165.96,1185.25,4883698
2014-05-27,1196.15,1214.6,1182.57,1200.96,2242466
2014-05-28,1195.82,1207.17,1182.7,1194.03,744234
2014-05-29,1205.53,1212.42,1198.33,1205.21,2239851
2014-05-30,1235.9,1244.95,1229.27,1238.3,6758923
2014-06-02,1276.07,1290.69,1258.24,1272.81,915811
2014-06-03,1238.96,1269.96,1216.35,1247.2,2018438
2014-06-04,1228.93,1239.57,1217.02,1227.65,1730980
2014-06-05,1259.02,1276.16,1235.88,1252.93,2100171
2014-06-06,1236.2,1255.07,1212.1,1230.88,2227858
2014-06-09,1205.86,1212.99,1197.33,1204.45,3929344
2014-06-10,1192.4,1202.19,1183.7,1193.48,2086231
2014-06-11,1196.52,1210.76,1184.6,1198.81,4266719
2014-06-12,1193.69,1212.76,1175.72,1194.78,1847615
2014-06-13,1182.95,1196.65,1167.34,1181.02,1607061
2014-06-16,1164.19,1185.71,1145.55,1167.02,1327078
2014-06-17,1155.16,1175.97,1131.78,1152.54,666468
2014-06-18,1142.68,1161.39,1116.82,1135.41,2339549
2014-06-19,1172.65,1196.19,1149.33,1172.87,6799775
2014-06-20,1171.3,1195.23,1152.19,1176.04,2610210
2014-06-23,1184.92,1210.88,1163.85,1189.72,2993783
2014-06-24,1181.73,1202.4,1158.37,1178.99,1547546
2014-06-25,1173.49,1192.42,1154.76,1173.7,1712388
2014-06-26,1162.29,1182.08,1139.5,1159.24,3579683
2014-06-27,1110.39,1133.32,1089.27,1112.17,6617420
2014-06-30,1090.32,1103.54,1074.42,1087.61,4841662
2014-07-01,1056.23,1072.13,1040.83,1056.73,3214385
2014-07-02,1017.76,1032.98,1004.81,1020.01,2025020
2014-07-03,999.07,1018.04,981.32,1000.27,2248629
2014-07-04,1015.07,1030.42,1003.43,1018.73,1261605
2014-07-07,1022.52,1040.21,998.88,1016.46,831593
2014-07-08,1034.43,1052.3,1016.85,1034.72,1008445
2014-07-09,1041.54,1061.78,1019.34,1039.53,2042898
2014-07-10,1048.53,1059.4,1039.37,1050.22,1664116
2014-07-11,1031.32,1050.77,1015.19,1034.59,821046
2014-07-14,1040.49,1058.25,1023.48,1041.22,1938850
2014-07-15,1054.62,1074.7,1031.13,1051.15,1637926
2014-07-16,1038.99,1059.97,1019.66,1040.61,980963
2014-07-17,1045.18,1062.17,1030.96,1047.92,1587851
2014-07-18,1055.89,1070.34,1040.95,1055.4,1635449
2014-07-21,1046.88,1054.75,1037.47,1045.32,1369584
2014-07-22,1031.55,1051.8,1006.35,1026.5,3457312
2014-07-23,1008.18,1017.07,998.22,1007.11,633021
2014-07-24,1009.07,1025.08,991.14,1007.12,602305
2014-07-25,1012.98,1030.14,993.68,1010.8,1986672
2014-07-28,994.18,1009.22,982.63,997.63,2100479
2014-07-29,993.94,1004.96,985.82,996.82,2526963
2014-07-30,1000.93,1012.07,993.09,1004.2,1434914
2014-07-31,1008.34,1030.45,990.34,1012.38,1143090
2014-08-01,1037.53,1050.66,1021.95,1035.06,1974074
2014-08-04,1054.83,1061.53,1047.22,1053.91,1521265
2014-08-05,1037.33,1053.67,1020.74,1037.08,5028553
2014-08-06,1054.23,1071.79,1045.0,1062.49,1632239
2014-08-07,1059.48,1078.7,1033.88,1052.99,1920486
2014-08-08,1065.69,1078.86,1055.41,1068.56,8756010
2014-08-11,1075.19,1083.8,1060.06,1068.62,1764087
2014-08-12,1056.42,1067.69,1049.79,1061.03,2768161
2014-08-13,1029.2,1044.79,1016.16,1031.71,2922019
2014-08-14,1021.36,1040.25,1009.35,1028.16,3075078
2014-08-15,1004.62,1020.97,987.21,1003.53,2358867
2014-08-18,1014.0,1029.54,1001.87,1017.36,2227308
2014-08-19,1036.61,1050.52,1026.08,1039.95,2105788
2014-08-20,1022.59,1035.98,1013.46,1026.81,1403393
2014-08-21,1033.13,1042.6,1021.27,1030.72,2410419
2014-08-22,1021.03,1040.34,999.58,1018.85,6697115
2014-08-25,1014.1,1021.68,1001.08,1008.62,4099637
2014-08-26,1017.66,1039.97,997.48,1019.75,2379380
2014-08-27,1019.21,1029.31,1008.46,1018.54,3313441
2014-08-28,1040.83,1051.48,1034.25,1044.87,1177017
2014-08-29,1035.73,1045.83,1026.69,1036.78,1695846
2014-09-01,1050.26,1058.08,1044.09,1051.89,3501527
2014-09-02,1054.39,1072.16,1035.18,1052.93,4839395
2014-09-03,1068.34,1081.9,1051.58,1065.09,1248533
2014-09-04,1060.68,1071.34,1046.9,1057.53,1483399
2014-09-05,1053.67,1072.11,1037.94,1056.34,7339824
2014-09-08,1057.3,1072.59,1038.9,1054.14,2100648
2014-09-09,1040.54,1060.55,1020.66,1040.67,5921007
2014-09-10,1049.74,1071.16,1029.35,1050.76,2244771
2014-09-11,1058.54,1076.93,1042.44,1060.79,2298364
2014-09-12,1068.25,1088.52,1049.8,1070.04,1650692
2014-09-15,1100.52,1119.1,1076.31,1094.8,3490421
2014-09-16,1119.72,1133.57,1104.85,1118.69,4477907
2014-09-17,1112.86,1130.19,1094.97,1112.28,1065546
2014-09-18,1117.55,1125.33,1110.65,1118.43,1604832
2014-09-19,1116.09,1134.36,1089.82,1107.96,3433350
2014-09-22,1112.67,1134.28,1086.8,1108.33,1834478
2014-09-23,1096.04,1105.31,1089.17,1098.42,1474705
2014-09-24,1124.57,1145.24,1104.85,1125.5,3633566
2014-09-25,1131.02,1153.25,1109.54,1131.75,3844184
2014-09-26,1128.68,1138.16,1118.72,1128.19,1513922
2014-09-29,1146.33,1163.53,1131.58,1148.75,2252204
2014-09-30,1113.62,1134.69,1091.12,1112.16,960217
2014-10-01,1084.0,1105.03,1058.36,1079.3,1158586
2014-10-02,1088.23,1100.1,1080.71,1092.54,2136114
2014-10-03,1090.15,1105.05,1078.99,1093.85,2020476
2014-10-06,1096.73,1115.32,1079.76,1098.32,1110004
2014-10-07,1075.66,1086.04,1066.71,1077.07,1290339
2014-10-08,1083.58,1094.28,1066.49,1077.12,1046512
2014-10-09,1113.8,1119.76,1104.52,1110.46,2605241
2014-10-10,1127.98,1136.22,1116.58,1124.79,608904
2014-10-13,1127.33,1143.38,1112.18,1128.22,1080628
2014-10-14,1120.45,1138.0,1103.87,1121.41,648381
2014-10-15,1110.57,1131.86,1094.2,1115.42,2549511
2014-10-16,1083.55,1101.61,1062.98,1081.01,672232
2014-10-17,1087.48,1099.7,1073.69,1085.88,2020867
2014-10-20,1104.72,1114.78,1090.46,1100.48,5302634
2014-10-21,1074.85,1081.16,1069.22,1075.53,5411627
2014-10-22,1065.24,1074.33,1056.61,1065.69,670953
2014-10-23,1048.69,1058.85,1038.01,1048.16,2371529
2014-10-24,1036.69,1044.64,1025.99,1033.92,1095385
2014-10-27,1031.05,1041.11,1025.58,1035.62,969095
2014-10-28,1006.83,1014.24,997.22,1004.61,1852261
2014-10-29,1014.77,1030.04,999.55,1014.83,4143182
2014-10-30,1024.07,1042.17,1009.28,1027.33,2841365
2014-10-31,1018.06,1043.96,998.68,1024.46,1290984
2014-11-03,987.63,1004.8,970.87,988.03,3026811
2014-11-04,978.62,991.84,961.21,974.38,515955
2014-11-05,998.63,1005.68,986.62,993.63,1262030
2014-11-06,955.15,968.01,941.29,954.13,1209436
2014-11-07,955.84,961.5,944.62,950.25,2078157
2014-11-10,934.54,945.38,923.83,934.67,1755568
2014-11-11,949.86,960.17,936.87,947.15,1821402
2014-11-12,937.49,949.48,926.78,938.76,1785427
2014-11-13,944.2,954.35,935.51,945.66,2009596
2014-11-14,953.01,969.55,938.44,954.95,2741672
2014-11-17,976.84,1000.23,959.63,982.92,2168613
2014-11-18,985.05,1001.33,965.04,981.26,1671762
2014-11-19,986.28,1002.42,972.06,988.18,2523226
2014-11-20,965.45,980.43,952.83,967.78,3254906
2014-11-21,983.15,992.04,977.78,986.64,1420308
2014-11-24,976.29,992.37,960.83,976.89,1913335
2014-11-25,975.3,988.15,957.39,970.17,3981399
2014-11-26,977.44,986.3,962.54,971.34,1023095
2014-11-27,945.59,959.75,936.21,950.32,5855086
2014-11-28,954.09,973.29,935.93,955.11,887804
2014-12-01,967.64,984.59,953.73,970.65,1611669
2014-12-02,979.43,991.32,964.68,976.53,1121172
2014-12-03,955.96,969.64,941.47,955.14,7368731
2014-12-04,953.17,965.7,942.49,955.0,1465914
2014-12-05,967.58,979.24,955.71,967.37,1468123
2014-12-08,940.81,950.97,932.01,942.16,1587309
2014-12-09,933.25,944.07,917.98,928.75,2099818
2014-12-10,944.3,958.74,928.35,942.76,1628117
2014-12-11,950.24,955.56,943.02,948.33,1830807
2014-12-12,948.35,972.18,932.3,956.0,238583
2014-12-15,984.7,994.01,975.6,984.9,2051939
2014-12-16,999.97,1015.2,978.61,993.76,2004056
2014-12-17,1009.57,1024.35,990.84,1005.57,3697403
2014-12-18,1043.55,1064.88,1028.11,1049.36,4348913
2014-12-19,1047.11,1062.89,1032.32,1048.09,1771567
2014-12-22,1033.98,1057.84,1013.93,1037.72,3235640
2014-12-23,1051.91,1065.19,1033.32,1046.53,1023827
2014-12-24,1056.4,1073.29,1038.75,1055.63,3142110
2014-12-25,1047.09,1065.86,1030.78,1049.51,1406358
2014-12-26,1035.67,1044.52,1026.72,1035.57,974014
2014-12-29,1065.96,1084.31,1056.1,1074.37,1773821
2014-12-30,1078.46,1094.27,1066.2,1081.98,4594100
2014-12-31,1072.61,1082.44,1062.66,1072.49,2210221
2015-01-01,1092.49,1103.96,1078.28,1089.72,4866535
2015-01-02,1084.0,1102.2,1072.23,1090.35,1265224
2015-01-05,1087.42,1103.97,1072.13,1088.66,3718052
2015-01-06,1103.7,1112.86,1091.23,1100.37,1340702
2015-01-07,1077.0,1100.17,1058.62,1081.71,2269788
2015-01-08,1090.7,1103.31,1077.34,1089.95,2258044
2015-01-09,1124.5,1142.03,1106.74,1124.28,2948759
2015-01-12,1140.65,1147.74,1127.75,1134.81,2304661
2015-01-13,1130.3,1144.71,1116.68,1131.08,1272493
2015-01-14,1124.59,1131.27,1118.49,1125.17,3362462
2015-01-15,1123.81,1140.83,1103.97,1120.94,5604015
2015-01-16,1114.91,1130.73,1103.59,1119.36,1396832
2015-01-19,1114.99,1137.2,1093.54,1115.73,659251
2015-01-20,1132.38,1145.11,1121.21,1133.93,2675352
2015-01-21,1107.08,1122.44,1092.18,1107.54,1625444
2015-01-22,1127.58,1137.57,1114.75,1124.72,1832768
2015-01-23,1122.97,1139.03,1105.07,1121.11,2768196
2015-01-26,1127.74,1143.84,1114.2,1130.28,1507803
2015-01-27,1114.57,1126.34,1102.35,1114.12,1687382
2015-01-28,1144.5,1153.72,1130.23,1139.41,1867158
2015-01-29,1160.93,1171.6,1153.19,1163.84,4789096
2015-01-30,1184.23,1192.28,1175.67,1183.72,2018856
2015-02-02,1159.41,1183.27,1136.24,1160.08,944674
2015-02-03,1177.39,1190.79,1164.22,1177.62,967502
2015-02-04,1182.03,1193.82,1176.09,1187.84,2155510
2015-02-05,1167.5,1190.03,1140.15,1162.58,1006856
2015-02-06,1162.47,1171.35,1156.31,1165.18,776551
2015-02-09,1178.24,1191.53,1161.37,1174.62,2903192
2015-02-10,1185.35,1206.28,1166.66,1187.56,2989746
2015-02-11,1191.61,1216.19,1169.3,1193.85,1589798
2015-02-12,1206.61,1225.54,1183.36,1202.23,2364780
2015-02-13,1236.02,1250.79,1217.61,1232.34,2219678
2015-02-16,1259.33,1284.03,1233.85,1258.54,2846075
2015-02-17,1211.52,1218.29,1202.0,1208.76,2850058
2015-02-18,1205.17,1230.1,1181.31,1206.22,415204
2015-02-19,1206.42,1227.85,1185.01,1206.45,1716333
2015-02-20,1175.95,1200.6,1153.69,1178.29,2705351
2015-02-23,1186.32,1196.78,1172.67,1183.11,1549938
2015-02-24,1206.19,1217.33,1197.59,1208.71,2026299
2015-02-25,1197.67,1215.57,1174.53,1192.36,3110891
2015-02-26,1200.47,1216.91,1185.17,1201.6,2081407
2015-02-27,1188.47,1203.74,1173.13,1188.4,4900028
2015-03-02,1182.33,1204.64,1157.38,1179.64,3898848
2015-03-03,1209.41,1226.7,1192.03,1209.32,1846608
2015-03-04,1201.67,1214.37,1190.06,1202.75,1760612
2015-03-05,1214.27,1227.74,1200.91,1214.38,358543
2015-03-06,1187.12,1195.43,1175.66,1183.95,1630013
2015-03-09,1218.34,1230.39,1208.73,1220.77,880318
2015-03-10,1234.7,1244.0,1225.87,1235.17,2264212
2015-03-11,1235.14,1256.33,1213.92,1235.11,2173224
2015-03-12,1252.41,1271.91,1229.71,1249.17,3010189
2015-03-13,1225.95,1242.2,1210.07,1226.32,4583632
2015-03-16,1258.4,1271.76,1238.33,1251.61,1951752
2015-03-17,1248.3,1267.66,1229.54,1248.89,7789208
2015-03-18,1247.52,1269.87,1226.07,1248.41,2279509
2015-03-19,1241.91,1265.19,1219.29,1242.55,903354
2015-03-20,1230.19,1251.38,1213.94,1235.07,1415165
2015-03-23,1247.44,1272.98,1225.86,1251.33,1585407
2015-03-24,1257.48,1275.44,1241.55,1259.49,2828554
2015-03-25,1279.59,1295.09,1259.79,1275.24,1123152
2015-03-26,1278.32,1301.44,1255.34,1278.45,1658152
2015-03-27,1289.86,1305.68,1275.93,1291.74,1800141
2015-03-30,1291.77,1305.9,1272.95,1287.03,1515305
2015-03-31,1340.52,1353.35,1321.53,1334.31,3226308
2015-04-01,1311.63,1328.39,1290.01,1306.71,2913287
2015-04-02,1331.72,1352.73,1314.18,1335.14,3992548
2015-04-03,1364.34,1386.74,1344.0,1366.37,1625595
2015-04-06,1359.88,1375.46,1337.02,1352.52,4079628
2015-04-07,1403.14,1414.74,1390.54,1402.13,874669
2015-04-08,1425.75,1452.58,1400.08,1426.89,861964
2015-04-09,1454.68,1469.5,1436.76,1451.55,957153
2015-04-10,1460.27,1487.79,1428.44,1455.87,1993748
2015-04-13,1452.34,1466.63,1440.56,1454.83,4079262
2015-04-14,1454.9,1474.4,1434.46,1453.95,1381547
2015-04-15,1470.26,1489.44,1447.05,1466.18,1489549
2015-04-16,1495.86,1527.25,1469.79,1501.08,1741729
2015-04-17,1508.99,1519.68,1498.25,1508.93,2795990
2015-04-20,1487.16,1519.97,1459.42,1492.14,1488716
2015-04-21,1509.98,1534.09,1490.39,1514.45,1439706
2015-04-22,1536.7,1560.53,1515.5,1539.3,884486
2015-04-23,1560.52,1580.26,1538.57,1558.29,1406995
2015-04-24,1578.12,1588.4,1569.38,1579.64,4018732
2015-04-27,1573.97,1596.69,1554.37,1577.04,2093934
2015-04-28,1559.2,1573.16,1545.0,1558.95,1271982
2015-04-29,1537.15,1558.1,1521.56,1542.46,4162749
2015-04-30,1510.59,1532.85,1486.42,1508.65,1395651
2015-05-01,1522.74,1541.72,1498.67,1517.59,4648119
2015-05-04,1518.87,1528.96,1509.16,1519.23,4602748
2015-05-05,1511.83,1521.97,1502.61,1512.75,2050526
2015-05-06,1452.11,1463.41,1439.19,1450.48,806831
2015-05-07,1418.17,1438.08,1407.02,1426.86,7831779
2015-05-08,1456.69,1477.26,1433.8,1454.35,2501411
2015-05-11,1456.6,1467.76,1432.1,1443.17,1632572
2015-05-12,1453.7,1480.74,1427.21,1454.24,3518962
2015-05-13,1426.87,1439.0,1415.24,1427.38,3021855
2015-05-14,1464.98,1474.31,1452.42,1461.72,4353814
2015-05-15,1468.96,1495.61,1435.24,1461.75,1332531
2015-05-18,1475.6,1489.51,1457.42,1471.3,2400251
2015-05-19,1516.92,1544.17,1499.66,1526.79,973329
2015-05-20,1567.88,1598.28,1534.9,1565.24,2957339
2015-05-21,1573.38,1603.54,1531.41,1561.33,1955649
2015-05-22,1553.62,1578.05,1526.34,1550.73,2346899
2015-05-25,1541.0,1555.69,1531.7,1546.36,1816078
2015-05-26,1562.73,1584.45,1539.71,1561.41,1705564
2015-05-27,1556.1,1593.09,1525.23,1562.1,1177685
2015-05-28,1561.73,1591.72,1526.09,1555.97,3185940
2015-05-29,1589.18,1604.25,1578.7,1593.75,4846766
2015-06-01,1594.49,1611.93,1576.7,1594.13,1419760
2015-06-02,1649.02,1669.37,1632.97,1653.28,2763819
2015-06-03,1655.98,1670.22,1644.48,1658.7,2569726
2015-06-04,1714.56,1741.0,1680.62,1706.95,1992416
2015-06-05,1719.87,1735.53,1703.67,1719.33,793368
2015-06-08,1744.64,1765.35,1726.89,1747.57,908038
2015-06-09,1725.89,1742.85,1714.92,1731.84,1240978
2015-06-10,1703.27,1734.25,1682.03,1712.89,549408
2015-06-11,1721.33,1740.55,1708.64,1727.81,4614981
2015-06-12,1757.3,1777.48,1736.54,1756.71,2472207
2015-06-15,1766.0,1778.63,1748.23,1760.82,1947434
2015-06-16,1727.22,1763.54,1693.87,1730.13,532777
2015-06-17,1706.05,1718.29,1685.87,1698.05,663761
2015-06-18,1661.28,1686.22,1639.96,1664.86,1979975
2015-06-19,1622.8,1636.88,1609.89,1623.96,6467459
2015-06-22,1623.99,1639.28,1614.01,1629.27,1303825
2015-06-23,1664.57,1677.95,1646.3,1659.64,3329320
2015-06-24,1672.37,1682.11,1652.24,1661.91,1486683
2015-06-25,1600.49,1620.41,1589.15,1609.0,2049576
2015-06-26,1605.18,1626.78,1585.27,1606.85,4109493
2015-06-29,1611.43,1635.24,1581.61,1605.34,1611102
2015-06-30,1651.86,1669.53,1641.43,1659.06,1310523
2015-07-01,1628.31,1647.23,1606.67,1625.55,4642865
2015-07-02,1624.29,1646.58,1596.16,1618.36,2037704
2015-07-03,1663.03,1677.19,1648.49,1662.64,3816037
2015-07-06,1678.98,1696.75,1658.48,1676.21,1314347
2015-07-07,1701.67,1712.02,1682.44,1692.73,4611226
2015-07-08,1707.83,1722.01,1683.81,1697.91,2336527
2015-07-09,1708.25,1729.07,1687.75,1708.56,2573744
2015-07-10,1728.07,1765.2,1693.75,1730.83,2145702
2015-07-13,1707.37,1746.25,1673.32,1712.1,1464046
2015-07-14,1742.04,1776.34,1702.74,1736.95,1980758
2015-07-15,1696.59,1722.93,1677.34,1703.6,1520341
2015-07-16,1712.75,1724.7,1702.12,1714.05,3526186
2015-07-17,1721.19,1738.15,1703.7,1720.66,1755326
2015-07-20,1704.19,1721.39,1689.6,1706.77,807820
2015-07-21,1709.53,1718.44,1699.19,1708.09,723854
2015-07-22,1707.1,1718.08,1683.18,1694.07,703602
2015-07-23,1668.23,1688.53,1648.55,1668.84,2872756
2015-07-24,1659.58,1678.52,1642.82,1661.75,993607
2015-07-27,1641.11,1653.75,1623.52,1636.13,2373915
2015-07-28,1646.89,1672.82,1619.8,1645.71,2152078
2015-07-29,1626.13,1642.97,1602.37,1619.14,1907253
2015-07-30,1638.89,1668.03,1608.96,1638.08,2579337
2015-07-31,1609.6,1624.68,1595.74,1610.8,2180319
2015-08-03,1590.07,1619.53,1569.28,1598.62,390101
2015-08-04,1577.41,1597.42,1565.17,1585.11,1632829
2015-08-05,1609.41,1638.44,1589.41,1618.33,2558833
2015-08-06,1629.58,1641.45,1615.86,1627.73,5305049
2015-08-07,1617.25,1635.94,1605.24,1623.89,5454080
2015-08-10,1643.54,1666.85,1614.15,1637.37,875114
2015-08-11,1587.79,1602.01,1573.43,1587.65,1607458
2015-08-12,1586.64,1599.85,1574.61,1587.81,774777
2015-08-13,1633.14,1668.31,1602.2,1637.29,4935334
2015-08-14,1644.76,1654.04,1632.43,1641.69,3640799
2015-08-17,1640.52,1666.65,1618.41,1644.49,2446949
2015-08-18,1654.25,1681.1,1632.38,1659.16,2190536
2015-08-19,1688.67,1703.46,1667.93,1682.67,4539732
2015-08-20,1635.74,1655.03,1614.74,1634.01,4101220
2015-08-21,1593.11,1604.31,1583.05,1594.24,3972184
2015-08-24,1603.27,1628.63,1574.88,1600.19,2607774
2015-08-25,1584.04,1597.23,1570.81,1584.0,1607937
2015-08-26,1618.2,1630.99,1603.57,1616.35,3141700
2015-08-27,1605.6,1625.2,1589.99,1609.55,3235277
2015-08-28,1574.0,1603.17,1535.29,1564.28,1768456
2015-08-31,1532.87,1561.56,1506.89,1535.54,1605989
2015-09-01,1481.04,1509.48,1445.85,1474.16,3913677
2015-09-02,1468.8,1491.35,1447.09,1469.63,5381456
2015-09-03,1469.64,1491.6,1444.18,1466.09,1264721
2015-09-04,1460.57,1478.39,1439.58,1457.36,1692934
2015-09-07,1486.79,1514.41,1454.17,1481.69,2447456
2015-09-08,1505.31,1528.22,1486.25,1509.11,2655011
2015-09-09,1510.63,1526.23,1490.23,1505.77,1449283
2015-09-10,1466.87,1488.3,1437.49,1458.79,6138631
2015-09-11,1471.67,1492.24,1452.25,1472.81,2554219
2015-09-14,1485.71,1495.9,1475.36,1485.56,2727320
2015-09-15,1490.52,1509.13,1474.29,1492.87,5696317
2015-09-16,1513.82,1530.09,1499.13,1515.39,1514450
2015-09-17,1497.14,1523.65,1463.13,1489.5,1880298
2015-09-18,1530.77,1551.8,1514.42,1535.4,934724
2015-09-21,1509.49,1539.99,1483.34,1513.77,1787966
2015-09-22,1538.56,1556.46,1513.35,1531.16,811503
2015-09-23,1495.95,1520.34,1468.81,1493.15,3105575
2015-09-24,1482.06,1492.48,1462.34,1472.69,2551005
2015-09-25,1504.75,1535.22,1476.35,1506.78,1679083
2015-09-28,1501.66,1519.99,1482.76,1501.09,1866817
2015-09-29,1517.28,1533.82,1503.78,1520.29,3131052
2015-09-30,1526.51,1539.67,1512.7,1525.86,1003016
2015-10-01,1515.48,1537.26,1501.87,1523.59,2241152
2015-10-02,1558.38,1574.75,1538.86,1555.19,3016795
2015-10-05,1551.27,1575.72,1525.34,1549.77,680535
2015-10-06,1508.73,1538.02,1479.69,1508.99,2990534
2015-10-07,1489.22,1513.38,1466.83,1490.96,726186
2015-10-08,1499.34,1523.23,1479.53,1503.37,1847683
2015-10-09,1515.63,1533.41,1494.59,1512.33,986546
2015-10-12,1472.0,1502.93,1446.35,1477.19,4679715
2015-10-13,1463.45,1489.42,1435.28,1461.21,990264
2015-10-14,1457.49,1471.18,1434.87,1448.48,736663
2015-10-15,1446.92,1474.85,1412.7,1440.5,2147921
2015-10-16,1404.64,1426.43,1389.29,1411.01,1546922
2015-10-19,1395.45,1421.46,1371.72,1397.7,803905
2015-10-20,1384.16,1411.16,1355.45,1382.41,2718223
2015-10-21,1398.11,1420.15,1376.36,1398.4,600249
2015-10-22,1409.41,1425.86,1398.95,1415.36,1064755
2015-10-23,1413.77,1433.26,1392.66,1412.13,1404046
2015-10-26,1403.67,1413.23,1394.15,1403.71,3208562
2015-10-27,1414.58,1438.4,1382.82,1406.51,4313589
2015-10-28,1388.17,1402.03,1375.37,1389.22,3842636
2015-10-29,1370.14,1391.28,1344.29,1365.36,1808549
2015-10-30,1340.94,1371.17,1315.93,1346.06,462136
2015-11-02,1329.01,1343.4,1318.75,1333.12,2506785
2015-11-03,1312.7,1327.0,1295.6,1309.87,4791452
2015-11-04,1317.13,1336.5,1293.55,1312.86,4156875
2015-11-05,1323.29,1342.09,1308.34,1327.1,2617602
2015-11-06,1295.76,1305.64,1285.79,1295.67,971210
2015-11-09,1290.57,1302.99,1283.56,1295.94,1446729
2015-11-10,1290.75,1305.79,1276.43,1291.45,6326695
2015-11-11,1301.12,1320.29,1278.73,1297.86,847428
2015-11-12,1295.68,1315.03,1278.05,1297.37,995793
2015-11-13,1268.21,1278.48,1258.9,1269.16,3490414
2015-11-16,1240.9,1259.76,1226.31,1245.12,1530805
2015-11-17,1243.01,1258.56,1229.91,1245.44,975735
2015-11-18,1271.23,1282.82,1253.04,1264.56,4959337
2015-11-19,1223.28,1242.78,1203.52,1223.01,2614631
2015-11-20,1225.44,1240.99,1213.62,1229.13,1576817
2015-11-23,1249.83,1267.4,1233.46,1251.01,997028
2015-11-24,1241.92,1271.42,1218.51,1247.9,6772927
2015-11-25,1254.16,1274.45,1237.74,1257.99,1953882
2015-11-26,1249.62,1267.43,1226.8,1244.54,4585440
2015-11-27,1241.53,1249.64,1233.96,1242.06,3389456
2015-11-30,1218.86,1228.21,1202.68,1211.98,1450558
2015-12-01,1169.53,1177.49,1161.92,1169.87,1457503
2015-12-02,1186.16,1205.83,1166.63,1186.29,4722216
2015-12-03,1170.91,1191.44,1148.16,1168.66,4768347
2015-12-04,1151.17,1169.52,1142.19,1160.47,642968
2015-12-07,1137.06,1146.49,1126.94,1136.36,2757591
2015-12-08,1112.2,1123.32,1101.25,1112.36,1843674
2015-12-09,1114.2,1129.65,1093.87,1109.25,1066620
2015-12-10,1100.15,1115.91,1081.25,1096.97,2319930
2015-12-11,1099.25,1119.88,1082.43,1103.0,882259
2015-12-14,1114.44,1135.15,1089.68,1110.31,1498727
2015-12-15,1114.58,1125.97,1104.08,1115.46,1228022
2015-12-16,1116.22,1135.92,1099.61,1119.26,1469048
2015-12-17,1146.54,1161.9,1130.52,1145.87,1899522
2015-12-18,1126.78,1138.28,1115.98,1127.47,1078045
2015-12-21,1131.55,1152.61,1105.39,1126.35,5095699
2015-12-22,1146.64,1154.02,1138.1,1145.47,2665680
2015-12-23,1167.94,1186.26,1148.92,1167.22,5819575
2015-12-24,1145.51,1163.74,1124.24,1142.42,1801179
2015-12-25,1140.64,1162.01,1115.62,1136.92,1426487
2015-12-28,1162.88,1177.74,1145.33,1160.15,5694716
2015-12-29,1173.85,1185.38,1157.39,1168.87,1401654
2015-12-30,1174.29,1194.74,1151.74,1172.15,1781604
2015-12-31,1168.77,1188.13,1148.84,1168.19,3054200
2016-01-01,1165.67,1180.24,1146.83,1161.35,943512
2016-01-04,1165.94,1185.52,1146.68,1166.25,3038203
2016-01-05,1161.85,1172.33,1151.26,1161.73,2813692
2016-01-06,1166.88,1183.03,1144.81,1160.88,4246455
2016-01-07,1167.81,1188.8,1141.26,1162.15,3382165
2016-01-08,1150.28,1161.54,1139.04,1150.3,4325278
2016-01-11,1157.86,1173.65,1143.68,1159.44,1855652
2016-01-12,1216.49,1239.93,1187.84,1211.18,1181621
2016-01-13,1182.09,1202.15,1159.24,1179.26,7032067
2016-01-14,1186.07,1207.78,1163.26,1184.95,793320
2016-01-15,1170.34,1184.1,1157.73,1171.48,842469
2016-01-18,1182.81,1206.41,1158.07,1181.64,2783102
2016-01-19,1182.37,1191.06,1173.75,1182.44,5256582
2016-01-20,1193.64,1211.31,1178.38,1196.02,2221582
2016-01-21,1217.78,1232.62,1202.47,1217.3,3611313
2016-01-22,1221.81,1242.55,1200.11,1220.84,598701
2016-01-25,1240.38,1264.91,1217.27,1241.78,1469265
2016-01-26,1202.16,1221.35,1179.76,1198.91,644114
2016-01-27,1232.65,1250.41,1210.22,1227.91,3166845
2016-01-28,1238.49,1252.63,1220.81,1234.9,783605
2016-01-29,1254.07,1270.99,1238.2,1255.11,921086
2016-02-01,1235.24,1250.85,1216.87,1232.45,2699062
2016-02-02,1217.57,1224.03,1210.83,1217.29,3749355
2016-02-03,1215.55,1235.38,1200.3,1220.07,1802381
2016-02-04,1222.36,1244.16,1198.13,1219.89,2791538
2016-02-05,1225.77,1244.94,1206.07,1225.23,2737820
2016-02-08,1255.18,1276.44,1224.4,1245.49,1742347
2016-02-09,1218.42,1231.65,1199.95,1213.12,1028052
2016-02-10,1233.79,1249.74,1215.23,1231.16,2782707
2016-02-11,1232.44,1239.22,1224.74,1231.52,2864365
2016-02-12,1228.58,1241.78,1214.78,1227.98,3390251
2016-02-15,1197.79,1215.96,1183.27,1201.4,2391042
2016-02-16,1204.43,1221.44,1193.8,1210.75,983526
2016-02-17,1164.88,1174.32,1158.51,1167.94,3000243
2016-02-18,1179.45,1197.73,1161.34,1179.62,1981116
2016-02-19,1146.5,1167.08,1133.28,1153.78,1484157
2016-02-22,1153.11,1167.98,1140.16,1155.0,1661478
2016-02-23,1152.38,1163.33,1142.3,1153.24,1310403
2016-02-24,1173.21,1189.31,1157.88,1173.97,3379729
2016-02-25,1168.84,1184.72,1155.32,1171.17,846724
2016-02-26,1158.19,1173.42,1144.17,1159.38,1092422
2016-02-29,1156.92,1172.78,1135.18,1150.96,1627793
2016-03-01,1175.86,1181.85,1167.55,1173.53,5221266
2016-03-02,1181.42,1205.44,1159.43,1183.41,3732423
2016-03-03,1176.75,1184.13,1169.61,1176.99,740807
2016-03-04,1173.15,1187.05,1159.35,1173.25,4460664
2016-03-07,1143.78,1155.72,1134.5,1146.42,4455510
2016-03-08,1150.9,1168.4,1136.11,1153.56,980281
2016-03-09,1127.37,1137.74,1113.62,1123.96,436753
2016-03-10,1135.74,1157.53,1115.41,1137.17,1898675
2016-03-11,1136.11,1152.33,1123.67,1139.85,3888191
2016-03-14,1181.77,1199.15,1164.53,1181.92,5151287
2016-03-15,1163.51,1173.67,1152.94,1163.1,1175852
2016-03-16,1154.96,1167.99,1148.85,1161.84,5672766
2016-03-17,1194.03,1207.38,1180.82,1194.17,520862
2016-03-18,1219.46,1235.37,1200.42,1216.29,1589880
2016-03-21,1205.89,1220.23,1189.93,1204.25,1543670
2016-03-22,1217.01,1240.66,1185.43,1208.92,3958604
2016-03-23,1214.13,1233.07,1190.71,1209.59,4320931
2016-03-24,1220.64,1244.98,1191.13,1215.36,3514944
2016-03-25,1213.45,1224.89,1192.0,1203.34,881755
2016-03-28,1205.14,1225.43,1182.16,1202.4,3326966
2016-03-29,1175.16,1190.83,1158.93,1174.59,2691004
2016-03-30,1181.09,1197.84,1160.96,1177.65,727420
2016-03-31,1184.34,1209.8,1160.9,1186.33,573659
2016-04-01,1183.38,1200.91,1165.48,1183.0,3696117
2016-04-04,1153.15,1176.74,1131.83,1155.39,1779673
2016-04-05,1174.78,1193.44,1154.74,1173.38,917025
2016-04-06,1178.25,1188.72,1170.11,1180.56,1749948
2016-04-07,1166.12,1186.63,1148.06,1168.53,2466781
2016-04-08,1165.83,1180.13,1150.1,1164.38,1886604
2016-04-11,1138.75,1160.62,1117.36,1139.22,781373
2016-04-12,1116.1,1141.79,1097.01,1122.59,6146135
2016-04-13,1109.47,1121.65,1102.19,1114.34,3621977
2016-04-14,1131.94,1143.81,1124.01,1135.85,1621356
2016-04-15,1122.82,1132.6,1116.03,1125.8,1661021
2016-04-18,1138.89,1153.01,1123.37,1137.48,2460050
2016-04-19,1129.89,1136.9,1122.13,1129.14,1006739
2016-04-20,1137.81,1155.85,1116.2,1134.18,2406312
2016-04-21,1135.18,1150.26,1117.57,1132.62,892302
2016-04-22,1152.11,1172.31,1128.27,1148.41,1900598
2016-04-25,1142.18,1152.69,1129.62,1140.1,983484
2016-04-26,1115.08,1129.34,1100.13,1114.38,1013732
2016-04-27,1095.97,1103.38,1084.98,1092.36,5322392
2016-04-28,1087.53,1107.39,1064.72,1084.53,2054484
2016-04-29,1066.45,1074.58,1057.12,1065.25,2245511
2016-05-02,1076.77,1083.81,1065.67,1072.68,593131
2016-05-03,1058.57,1074.68,1050.02,1066.07,1385814
2016-05-04,1104.66,1124.52,1085.78,1105.62,2614876
2016-05-05,1077.07,1085.16,1069.98,1078.06,2227703
2016-05-06,1086.0,1101.44,1066.87,1082.25,544477
2016-05-09,1070.0,1087.33,1047.74,1064.98,2245149
2016-05-10,1053.42,1075.23,1036.28,1058.02,2470510
2016-05-11,1065.65,1074.02,1052.83,1061.16,4283398
2016-05-12,1022.05,1031.73,1016.0,1025.66,1338233
2016-05-13,1026.66,1042.27,1014.62,1030.19,516462
2016-05-16,1060.18,1069.46,1051.66,1060.93,1090271
2016-05-17,1053.64,1070.99,1037.32,1054.65,1026597
2016-05-18,1054.74,1070.66,1043.82,1059.69,3084886
2016-05-19,1079.15,1091.82,1064.4,1077.05,388464
2016-05-20,1077.54,1084.76,1068.14,1075.35,1515091
2016-05-23,1070.33,1084.79,1052.54,1066.96,4664435
2016-05-24,1030.72,1040.09,1022.7,1032.06,1991358
2016-05-25,1042.83,1058.79,1027.0,1042.96,3394917
2016-05-26,1042.02,1048.44,1035.7,1042.12,740381
2016-05-27,1032.52,1052.8,1007.15,1027.32,758278
2016-05-30,1021.44,1045.93,1005.84,1030.2,4696581
2016-05-31,1019.2,1030.03,1011.32,1022.13,2106902
2016-06-01,1014.99,1020.28,1009.68,1014.97,2109506
2016-06-02,1021.83,1035.44,1011.59,1025.17,1013690
2016-06-03,1004.92,1013.03,997.59,1005.7,2106353
2016-06-06,1022.16,1031.01,1013.7,1022.54,996931
2016-06-07,1000.25,1020.36,982.16,1002.23,4041483
2016-06-08,993.41,1007.36,979.26,993.21,10187768
2016-06-09,1025.13,1032.97,1015.38,1023.2,2650780
2016-06-10,1040.85,1055.49,1026.95,1041.59,1354620
2016-06-13,1042.63,1053.28,1033.42,1044.05,433568
2016-06-14,1029.84,1050.59,1009.61,1030.35,721668
2016-06-15,1023.1,1028.74,1017.48,1023.12,5040002
2016-06-16,1019.81,1041.55,1003.51,1025.16,1069268
2016-06-17,1028.08,1045.14,1009.62,1026.65,1587227
2016-06-20,1024.78,1032.33,1018.62,1026.17,2937870
2016-06-21,1030.49,1038.3,1018.82,1026.6,4825253
2016-06-22,1026.03,1037.07,1013.19,1024.21,1758985
2016-06-23,1006.7,1024.84,985.1,1003.18,1555332
2016-06-24,993.29,1009.32,980.32,996.31,2069820
2016-06-27,1009.83,1025.95,994.85,1010.95,1360574
2016-06-28,987.58,1007.87,971.04,991.27,1405225
2016-06-29,987.22,1006.55,970.02,989.31,2538612
2016-06-30,981.73,993.66,966.18,978.06,2215912
2016-07-01,984.9,997.35,968.14,980.53,7123880
2016-07-04,972.29,991.04,956.96,975.65,2580024
2016-07-05,996.98,1007.29,988.06,998.35,3955775
2016-07-06,1006.58,1024.75,988.64,1006.81,1042600
2016-07-07,989.74,995.0,982.76,988.0,2717150
2016-07-08,993.55,1006.75,985.66,998.82,1284925
2016-07-11,983.33,1004.88,966.61,988.08,2513714
2016-07-12,981.79,991.71,970.45,980.35,2996959
2016-07-13,980.0,992.9,972.89,985.76,2042982
2016-07-14,977.97,986.92,970.34,979.29,8405488
2016-07-15,993.74,1006.62,980.39,993.26,4670552
2016-07-18,983.77,1001.17,965.16,982.54,4018210
2016-07-19,973.79,980.1,967.88,974.2,3136354
2016-07-20,964.32,970.64,959.05,965.38,5711638
2016-07-21,960.35,971.86,946.45,957.93,837200
2016-07-22,975.39,994.26,955.71,974.56,4511633
2016-07-25,982.59,993.54,973.56,984.5,1093892
2016-07-26,1010.91,1030.5,991.19,1010.79,1413241
2016-07-27,1047.69,1066.88,1027.32,1046.49,2776871
2016-07-28,1036.45,1046.04,1021.6,1031.14,4155453
2016-07-29,1035.35,1053.22,1015.09,1032.92,992372
2016-08-01,1019.22,1034.8,999.99,1015.52,1457849
2016-08-02,1002.55,1017.12,989.84,1004.39,2102251
2016-08-03,994.0,1006.86,982.73,995.57,1772994
2016-08-04,979.82,997.41,962.94,980.51,3309869
2016-08-05,965.33,982.06,949.02,965.75,15580903
2016-08-08,961.31,980.0,945.59,964.23,2549970
2016-08-09,950.93,969.92,928.41,947.33,1275542
2016-08-10,962.46,974.18,948.22,959.91,910814
2016-08-11,946.44,963.51,930.25,947.31,1631234
2016-08-12,990.51,1008.28,970.87,988.61,1127879
2016-08-15,983.1,991.13,974.41,982.44,2624838
2016-08-16,986.12,991.67,978.45,983.99,2600496
2016-08-17,961.63,976.21,950.98,965.52,1501686
2016-08-18,990.58,1008.71,972.9,991.02,6523835
2016-08-19,1008.08,1017.66,998.66,1008.25,1275350
2016-08-22,1015.09,1030.82,997.49,1013.19,1845648
2016-08-23,991.47,998.42,986.4,993.34,2909516
2016-08-24,989.4,1007.18,979.18,996.88,3386247
2016-08-25,977.44,994.58,963.53,980.63,4267530
2016-08-26,1002.55,1009.7,995.59,1002.74,2564048
2016-08-29,1015.53,1034.26,996.6,1015.33,3724889
2016-08-30,1022.26,1029.76,1009.65,1017.12,1330326
2016-08-31,982.63,1000.96,962.63,980.92,3439543
2016-09-01,967.07,975.05,958.86,966.83,3412096
2016-09-02,977.03,996.58,957.57,977.12,4914654
2016-09-05,998.61,1012.66,981.31,995.31,728642
2016-09-06,1010.45,1018.58,1004.12,1012.24,1150480
2016-09-07,988.15,994.48,982.24,988.56,3249086
2016-09-08,989.99,999.32,983.93,993.24,404004
2016-09-09,1012.95,1026.97,994.68,1008.65,2663638
2016-09-12,985.18,1002.07,967.15,984.02,3744814
2016-09-13,981.94,994.9,971.1,984.03,1403072
2016-09-14,987.85,999.72,976.32,988.19,1531695
2016-09-15,985.33,998.96,970.21,983.82,1040818
2016-09-16,956.21,969.37,943.78,956.93,1449996
2016-09-19,950.78,966.9,936.21,952.31,1475428
2016-09-20,945.81,959.11,934.38,947.67,1316247
2016-09-21,946.53,961.39,930.71,945.56,1273644
2016-09-22,936.58,956.3,917.88,937.59,1685203
2016-09-23,930.07,940.89,920.53,931.34,1673014
2016-09-26,926.99,935.54,922.18,930.72,6104148
2016-09-27,937.05,943.5,930.39,936.84,1565144
2016-09-28,931.96,944.87,919.56,932.46,2437516
2016-09-29,925.73,936.05,916.33,926.63,1402644
2016-09-30,928.32,946.05,910.05,927.77,1391986
2016-10-03,903.28,916.3,888.27,901.26,713100
2016-10-04,909.46,921.1,895.92,907.55,772340
2016-10-05,908.84,924.26,891.94,907.33,961068
2016-10-06,906.99,915.71,898.94,907.65,2213793
2016-10-07,919.01,936.5,903.11,920.57,3781775
2016-10-10,890.94,898.25,886.44,893.74,678745
2016-10-11,865.84,879.79,853.46,867.39,1426242
2016-10-12,870.71,887.27,854.1,870.66,873152
2016-10-13,868.19,884.88,853.59,870.25,1692020
2016-10-14,872.38,887.91,856.6,872.13,3780858
2016-10-17,863.24,875.23,853.78,865.75,1516431
2016-10-18,869.68,889.21,854.58,874.04,1927028
2016-10-19,888.12,899.9,874.19,885.94,4747539
2016-10-20,890.69,904.7,877.98,891.96,2609686
2016-10-21,885.8,893.25,880.59,888.03,1256630
2016-10-24,857.11,866.83,850.24,859.93,2181120
2016-10-25,870.53,882.08,857.9,869.43,1206785
2016-10-26,888.65,893.87,879.79,885.0,2551748
2016-10-27,891.97,907.45,877.59,893.05,2701193
2016-10-28,880.22,896.29,864.73,880.79,873011
2016-10-31,892.02,908.79,872.44,889.16,2202469
2016-11-01,895.21,905.97,889.37,900.1,1847707
2016-11-02,926.18,943.87,903.17,920.75,2749161
2016-11-03,914.73,920.23,902.61,908.07,3265123
2016-11-04,896.97,915.26,886.11,904.31,2640476
2016-11-07,913.53,929.89,897.45,913.8,1652969
2016-11-08,911.89,919.39,906.37,913.86,3471155
2016-11-09,897.22,902.67,892.49,897.93,1174275
2016-11-10,901.64,907.62,896.79,902.77,897785
2016-11-11,912.07,923.62,898.32,909.85,291509
2016-11-14,909.93,925.87,894.31,910.24,1901047
2016-11-15,909.91,918.71,903.63,912.41,1211139
2016-11-16,907.55,914.26,901.32,908.02,2517187
2016-11-17,928.92,941.49,914.94,927.49,607594
2016-11-18,910.89,921.92,903.14,914.14,1344715
2016-11-21,900.74,919.65,886.37,905.21,2629125
2016-11-22,909.83,927.34,887.02,904.43,1068854
2016-11-23,913.7,930.56,898.63,915.46,2534619
2016-11-24,893.8,910.4,877.57,894.17,1419459
2016-11-25,874.76,887.01,863.56,875.8,1944110
2016-11-28,849.88,864.74,833.65,848.48,2833702
2016-11-29,852.44,859.04,841.36,847.93,3511936
2016-11-30,834.3,839.33,827.83,832.85,2095903
2016-12-01,823.31,839.35,811.09,827.08,1216628
2016-12-02,830.85,839.14,826.05,834.31,1506314
2016-12-05,824.32,840.48,809.16,825.31,2905666
2016-12-06,826.47,839.85,813.77,827.14,1074373
2016-12-07,818.13,838.24,802.36,822.38,1781845
2016-12-08,831.68,839.75,821.58,829.64,1572959
2016-12-09,831.75,844.73,821.53,834.47,1863529
2016-12-12,828.45,841.81,811.45,824.75,1082117
2016-12-13,826.04,833.18,814.45,821.55,652674
2016-12-14,832.75,844.31,821.81,833.37,2709963
2016-12-15,838.23,850.71,824.66,837.13,3535901
2016-12-16,815.58,834.72,799.53,818.61,676504
2016-12-19,827.06,840.43,812.16,825.51,2474021
2016-12-20,809.79,816.5,804.31,811.01,3797713
2016-12-21,824.45,837.19,814.45,827.15,2834983
2016-12-22,837.97,850.3,826.38,838.7,1544171
2016-12-23,839.91,847.14,833.86,841.08,1125684
2016-12-26,840.96,851.44,831.3,841.78,2081473
2016-12-27,840.23,848.01,830.09,837.84,2300578
2016-12-28,843.1,850.82,837.38,845.09,2100076
2016-12-29,843.44,854.14,828.43,839.07,1779635
2016-12-30,837.35,846.99,831.09,840.7,1035514
2017-01-02,854.51,866.35,838.6,850.39,2555128
2017-01-03,839.31,848.23,832.97,841.87,2630048
2017-01-04,832.75,845.95,819.55,832.75,2236657
2017-01-05,815.4,823.08,808.94,816.6,2119299
2017-01-06,801.49,817.12,786.71,802.32,5430543
2017-01-09,781.16,785.37,775.09,779.29,1363237
2017-01-10,790.06,800.19,776.43,786.52,4277422
2017-01-11,809.64,817.57,798.85,806.76,1276439
2017-01-12,821.76,829.65,814.88,822.76,3856884
2017-01-13,801.97,811.65,791.85,801.52,4155820
2017-01-16,806.96,823.12,792.73,808.86,1663059
2017-01-17,822.37,840.27,806.97,824.82,5371285
2017-01-18,814.91,825.53,807.13,817.72,2627179
2017-01-19,816.42,823.47,810.45,817.49,1171313
2017-01-20,792.39,804.91,779.28,791.79,1584066
2017-01-23,788.96,804.41,778.13,793.51,3912383
2017-01-24,779.41,785.77,773.16,779.52,3449841
2017-01-25,783.96,796.82,767.61,780.41,1050919
2017-01-26,763.49,773.25,751.2,760.93,1823823
2017-01-27,764.37,777.05,753.06,765.71,2240285
2017-01-30,772.86,784.17,764.83,776.11,1462177
2017-01-31,766.65,775.53,756.72,765.59,8159388
2017-02-01,746.0,757.01,740.25,751.22,2281168
2017-02-02,728.34,740.25,714.06,725.93,1910570
2017-02-03,721.18,726.95,715.88,721.64,4051147
2017-02-06,717.92,729.89,702.09,714.0,1592589
2017-02-07,692.63,708.05,680.87,696.23,3628959
2017-02-08,701.55,712.91,688.29,699.62,728950
2017-02-09,693.36,697.24,689.69,693.57,1510282
2017-02-10,680.46,687.33,674.27,681.13,3720773
2017-02-13,671.4,682.28,663.33,674.17,5086592
2017-02-14,684.97,694.51,674.22,683.75,1246714
2017-02-15,690.0,702.96,675.67,688.6,1162527
2017-02-16,689.58,696.91,678.61,685.91,2786976
2017-02-17,693.03,705.59,678.42,690.94,1364337
2017-02-20,676.46,682.72,671.42,677.67,1687659
2017-02-21,674.62,683.81,667.49,676.66,3354599
2017-02-22,674.03,680.72,670.13,676.81,1430505
2017-02-23,673.69,684.56,659.9,670.72,609713
2017-02-24,672.21,678.67,667.33,673.78,908317
2017-02-27,667.56,673.48,658.73,664.61,1994638
2017-02-28,669.44,680.57,657.27,668.38,648194
2017-03-01,673.27,682.03,663.84,672.6,1658963
2017-03-02,641.93,645.87,638.59,642.52,860046
2017-03-03,654.09,657.39,649.51,652.8,5303955
2017-03-06,622.36,630.27,614.48,622.39,7268682
2017-03-07,614.76,621.34,608.88,615.44,1050820
2017-03-08,625.05,629.86,618.94,623.74,2312998
2017-03-09,619.28,628.35,610.49,619.55,1114323
2017-03-10,603.43,609.97,598.34,604.88,1646908
2017-03-13,594.93,603.19,585.62,593.86,5850756
2017-03-14,601.78,608.33,595.34,601.89,1498517
2017-03-15,584.5,589.06,579.09,583.64,1670072
2017-03-16,591.64,596.64,587.46,592.45,1126338
2017-03-17,588.66,595.85,583.62,590.8,3944030
2017-03-20,582.21,585.38,576.04,579.2,279858
2017-03-21,575.7,581.24,567.53,573.04,1520153
2017-03-22,564.76,575.23,552.83,563.27,1928915
2017-03-23,568.87,579.49,558.94,569.54,1333547
2017-03-24,574.2,580.8,568.13,574.72,3328816
2017-03-27,561.34,568.99,551.4,559.02,4078404
2017-03-28,554.0,562.08,546.51,554.59,849816
2017-03-29,545.38,555.94,535.87,546.42,6962798
2017-03-30,559.2,563.97,551.32,556.07,844115
2017-03-31,543.82,549.04,538.69,543.9,4295929
2017-04-03,559.06,564.39,550.81,556.11,2169259
2017-04-04,552.48,557.92,549.37,554.8,1465605
2017-04-05,545.06,550.36,538.92,544.21,1550952
2017-04-06,541.07,550.9,527.96,537.73,1943288
2017-04-07,530.38,540.29,520.43,530.33,2246874
2017-04-10,518.94,522.8,515.49,519.35,1141561
2017-04-11,517.34,525.32,511.2,519.16,1723100
2017-04-12,510.43,515.9,503.32,508.78,1248678
2017-04-13,490.4,497.6,484.35,491.54,956437
2017-04-14,487.75,494.39,481.26,487.89,1214220
2017-04-17,472.3,476.57,469.79,474.05,994519
2017-04-18,470.11,478.4,459.68,467.93,1540945
2017-04-19,462.4,471.46,451.77,460.8,2570176
2017-04-20,454.01,460.77,447.29,454.05,2131691
2017-04-21,465.49,474.07,458.55,467.11,6482435
2017-04-24,468.88,474.94,460.7,466.73,526353
2017-04-25,467.17,472.37,462.49,467.68,2627660
2017-04-26,453.14,457.94,449.86,454.65,1990411
2017-04-27,447.12,455.68,440.96,449.49,3234555
2017-04-28,449.36,452.79,446.81,450.23,3047643
2017-05-01,440.74,450.36,433.09,442.68,1795878
2017-05-02,447.22,453.12,442.16,448.06,2199170
2017-05-03,440.36,445.3,434.44,439.38,1268769
2017-05-04,436.34,441.16,432.02,436.84,2865369
2017-05-05,432.83,441.29,423.92,432.37,642212
2017-05-08,431.87,436.11,428.57,432.81,3160041
2017-05-09,428.14,431.25,424.94,428.05,1955381
2017-05-10,428.17,431.37,422.53,425.71,1480311
2017-05-11,423.18,429.92,416.88,423.62,1724555
2017-05-12,418.89,427.21,410.09,418.4,1802134
2017-05-15,418.92,424.48,415.34,420.89,4318342
2017-05-16,423.76,431.64,414.0,421.84,13798855
2017-05-17,420.13,424.6,416.27,420.73,4122302
2017-05-18,418.81,424.97,411.35,417.49,1412405
2017-05-19,421.83,424.35,419.46,421.98,2893186
2017-05-22,420.75,425.98,414.76,419.98,2969777
2017-05-23,418.39,424.59,411.36,417.55,1138137
2017-05-24,417.15,423.16,411.71,417.71,930540
2017-05-25,429.39,433.07,424.32,427.99,1908888
2017-05-26,418.05,426.3,410.76,419.0,3219139
2017-05-29,424.39,432.69,415.12,423.4,753824
2017-05-30,410.63,416.0,405.75,411.11,1286532
2017-05-31,412.45,418.45,406.03,412.02,2795694
2017-06-01,420.86,428.55,413.77,421.45,2033022
2017-06-02,424.19,427.85,420.47,424.13,4637862
2017-06-05,423.44,432.44,415.83,424.81,850159
2017-06-06,421.17,425.05,416.99,420.86,8131849
2017-06-07,420.73,427.73,413.68,420.68,787961
2017-06-08,418.05,421.52,415.25,418.73,586836
2017-06-09,413.4,417.33,409.55,413.47,1913897
2017-06-12,411.51,416.86,405.99,411.34,1003821
2017-06-13,411.48,417.55,406.19,412.25,1937185
2017-06-14,407.06,414.45,399.84,407.22,1896961
2017-06-15,400.82,410.05,392.83,402.04,1763014
2017-06-16,396.41,399.03,391.04,393.64,1196071
2017-06-19,396.95,400.55,392.11,395.7,2570455
2017-06-20,399.02,403.16,394.56,398.7,1639001
2017-06-21,401.25,406.14,394.97,399.84,3844672
2017-06-22,403.04,410.48,398.04,405.45,1779381
2017-06-23,402.65,413.0,395.46,405.76,1111489
2017-06-26,407.46,414.71,400.71,407.95,720264
2017-06-27,407.93,411.78,405.77,409.62,1788225
2017-06-28,408.59,413.71,403.76,408.88,925859
2017-06-29,405.72,411.51,399.69,405.47,882066
2017-06-30,420.16,425.17,414.02,419.01,2720903
2017-07-03,414.61,418.93,411.73,416.03,682418
2017-07-04,412.27,416.79,407.26,411.77,4626522
2017-07-05,414.37,419.0,409.72,414.35,2182168
2017-07-06,416.25,419.5,412.57,415.82,1931281
2017-07-07,406.43,413.71,399.78,407.06,1065697
2017-07-10,415.62,419.7,409.84,413.9,3136516
2017-07-11,413.13,418.98,407.41,413.26,1979306
2017-07-12,408.55,413.75,401.21,406.38,1313678
2017-07-13,412.68,421.18,405.19,413.66,2235319
2017-07-14,418.48,421.34,414.7,417.55,722395
2017-07-17,409.63,412.45,406.88,409.7,743261
2017-07-18,420.37,424.78,416.37,420.78,1012454
2017-07-19,425.79,430.67,420.11,424.98,2445392
2017-07-20,424.58,428.99,420.55,424.96,1978886
2017-07-21,431.8,442.43,424.7,435.28,3720570
2017-07-24,432.38,440.18,428.63,436.39,1141673
2017-07-25,437.96,440.7,433.55,436.29,2799078
2017-07-26,433.69,438.55,427.25,432.09,1851816
2017-07-27,438.46,445.74,428.76,436.0,1125989
2017-07-28,439.23,447.06,431.43,439.26,2498458
2017-07-31,437.8,446.53,430.79,439.5,1905762
2017-08-01,433.94,440.29,428.13,434.48,1359365
2017-08-02,435.52,442.43,428.6,435.51,2033358
2017-08-03,433.93,441.87,427.32,435.24,1834498
2017-08-04,428.93,432.59,423.19,426.82,1808100
2017-08-07,420.52,426.1,412.18,417.72,1547953
2017-08-08,422.11,429.09,414.52,421.5,906214
2017-08-09,405.59,409.56,401.63,405.6,2073729
2017-08-10,405.52,413.13,399.51,407.1,1224901
2017-08-11,406.33,411.29,399.51,404.45,1074969
2017-08-14,412.84,418.02,407.57,412.75,1716126
2017-08-15,409.64,412.6,407.04,409.99,3079925
2017-08-16,414.98,421.2,408.17,414.38,2216340
2017-08-17,411.52,419.65,404.12,412.24,1441672
2017-08-18,413.46,416.41,410.34,413.28,1407312
2017-08-21,416.42,422.62,412.05,418.23,2903675
2017-08-22,417.06,419.45,413.32,415.7,470691
2017-08-23,422.22,424.65,419.92,422.35,3199224
2017-08-24,417.94,426.24,408.23,416.49,644087
2017-08-25,418.5,423.94,413.31,418.75,848101
2017-08-28,424.84,429.41,420.45,425.02,1456345
2017-08-29,428.13,433.61,424.22,429.69,7290440
2017-08-30,443.71,452.45,433.98,442.7,5424583
2017-08-31,437.0,442.0,433.16,438.15,3029453
2017-09-01,429.04,436.49,422.23,429.67,2455707
2017-09-04,423.81,427.73,419.88,423.81,648640
2017-09-05,428.7,431.29,425.95,428.54,2178299
2017-09-06,430.08,438.88,423.52,432.29,1426118
2017-09-07,433.2,435.68,431.03,433.5,1214688
2017-09-08,427.84,434.31,420.36,426.82,2175745
2017-09-11,431.84,436.12,428.06,432.33,1494547
2017-09-12,424.76,431.93,417.88,425.04,3340328
2017-09-13,433.31,440.48,425.94,433.1,620590
2017-09-14,452.54,459.89,445.36,452.71,2074035
2017-09-15,454.46,458.32,452.02,455.87,1170032
2017-09-18,460.51,467.73,453.35,460.56,1550702
2017-09-19,459.23,468.35,448.77,457.86,2380392
2017-09-20,444.88,450.14,441.04,446.29,1014204
2017-09-21,442.47,447.01,438.44,442.97,2188089
2017-09-22,434.66,443.97,427.18,436.47,1745579
2017-09-25,429.0,432.18,424.62,427.79,1333940
2017-09-26,439.6,446.27,433.04,439.72,1495029
2017-09-27,441.14,449.49,433.94,442.27,1807163
2017-09-28,445.68,448.16,443.08,445.56,1250805
2017-09-29,442.67,450.18,436.78,444.27,1991217
2017-10-02,442.53,449.96,436.5,443.91,1677967
2017-10-03,449.21,455.5,444.92,451.19,1373991
2017-10-04,450.35,459.99,442.18,451.79,5146900
2017-10-05,458.11,461.52,452.85,456.25,2543734
2017-10-06,454.76,460.53,450.0,455.76,1575956
2017-10-09,454.93,463.0,446.24,454.3,2164102
2017-10-10,444.55,449.17,441.06,445.67,1070790
2017-10-11,434.47,442.0,425.98,433.49,1525659
2017-10-12,431.31,435.32,428.64,432.64,1636308
2017-10-13,433.93,439.28,428.53,433.88,938392
2017-10-16,426.52,429.14,423.84,426.45,2501528
2017-10-17,430.09,436.61,420.63,427.11,1463925
2017-10-18,429.15,436.38,421.12,428.34,1601930
2017-10-19,414.84,422.95,407.48,415.58,1409531
2017-10-20,411.63,419.74,402.68,410.78,11704153
2017-10-23,416.84,423.13,407.94,414.19,1332318
2017-10-24,415.46,424.4,408.59,417.5,573087
2017-10-25,410.19,416.41,405.03,411.23,759215
2017-10-26,412.83,420.84,405.11,413.12,3126990
2017-10-27,419.91,426.6,413.76,420.44,4420978
2017-10-30,425.9,434.11,418.13,426.33,1317072
2017-10-31,425.01,430.32,421.39,426.68,4271048
2017-11-01,426.45,431.76,419.38,424.67,3093934
2017-11-02,419.85,428.37,413.15,421.65,1769684
2017-11-03,425.35,429.02,421.93,425.6,1695913
2017-11-06,429.19,432.7,424.35,427.85,2210042
2017-11-07,432.89,441.44,424.37,432.93,3356715
2017-11-08,433.54,439.82,428.54,434.82,2516492
2017-11-09,439.46,444.65,436.06,441.24,1321020
2017-11-10,442.63,447.35,438.21,442.93,1785976
2017-11-13,448.24,454.19,443.33,449.26,6509401
2017-11-14,456.56,463.11,449.74,456.28,2305315
2017-11-15,450.02,460.43,441.54,451.92,3340380
2017-11-16,441.99,450.74,432.18,440.91,2741267
2017-11-17,452.52,459.2,445.68,452.36,2336149
2017-11-20,455.5,462.56,448.18,455.24,2116383
2017-11-21,446.72,451.11,440.42,444.8,3397105
2017-11-22,440.59,449.05,432.72,441.17,3051626
2017-11-23,446.46,451.14,442.77,447.44,2322921
2017-11-24,445.97,449.65,443.03,446.7,1307650
2017-11-27,444.16,453.13,435.46,444.42,2498835
2017-11-28,454.9,463.2,446.73,455.02,1904624
2017-11-29,447.97,453.38,443.69,449.09,1647956
2017-11-30,442.19,451.62,435.5,444.89,9892283
2017-12-01,446.71,452.84,441.35,447.47,787461
2017-12-04,451.76,456.2,446.83,451.27,3524001
2017-12-05,456.02,460.26,451.59,455.83,1181620
2017-12-06,464.99,468.26,460.06,463.32,2145144
2017-12-07,468.66,474.86,459.76,465.93,9259425
2017-12-08,471.67,477.19,465.09,470.6,1113009
2017-12-11,471.96,477.95,464.05,470.01,1284238
2017-12-12,472.79,476.68,467.82,471.7,1962033
2017-12-13,476.15,485.24,464.68,473.72,1192627
2017-12-14,479.17,486.15,469.57,476.52,3370035
2017-12-15,484.74,493.71,474.42,483.36,1438745
2017-12-18,489.74,492.99,485.46,488.71,2935551
2017-12-19,490.04,497.37,483.01,490.34,893129
2017-12-20,485.67,494.34,477.05,485.73,670581
2017-12-21,487.03,492.38,482.18,487.52,1728231
2017-12-22,489.54,493.42,484.76,488.63,773665
2017-12-25,490.3,495.78,485.9,491.37,4930551
2017-12-26,508.98,513.9,504.35,509.27,791842
2017-12-27,503.06,512.57,497.17,506.64,1063831
2017-12-28,513.88,518.96,506.18,511.24,2541263
2017-12-29,520.55,525.62,515.83,520.89,1394688
2018-01-01,523.78,531.49,515.36,523.07,797284
2018-01-02,545.57,548.73,540.04,543.19,6742750
2018-01-03,542.06,547.54,536.1,541.57,1087095
2018-01-04,548.04,556.45,537.3,545.68,1762502
2018-01-05,538.61,544.76,534.5,540.63,1748877
2018-01-08,543.11,547.62,534.74,539.23,3036407
2018-01-09,544.47,548.83,538.35,542.7,2616665
2018-01-10,551.45,554.21,548.34,551.1,1207326
2018-01-11,557.6,564.35,548.51,555.23,1630673
2018-01-12,565.34,570.49,562.18,567.32,1730371
2018-01-15,567.53,573.19,562.37,568.03,3107644
2018-01-16,569.16,580.5,555.42,566.71,983631
2018-01-17,588.42,602.84,577.37,591.73,6654915
2018-01-18,597.82,602.74,591.91,596.82,1257316
2018-01-19,592.92,598.64,586.26,591.97,1972377
2018-01-22,590.85,597.92,580.36,587.38,988561
2018-01-23,577.9,590.92,567.69,580.66,909913
2018-01-24,593.27,603.37,580.35,590.41,1173314
2018-01-25,587.74,592.79,583.69,588.73,1107577
2018-01-26,590.6,595.45,586.54,591.39,1546408
2018-01-29,590.19,599.03,583.55,592.36,1101982
2018-01-30,598.49,611.28,587.68,600.44,3009641
2018-01-31,595.11,605.96,583.56,594.39,1239488
2018-02-01,584.42,590.26,580.56,586.38,1159744
2018-02-02,591.17,599.22,581.83,589.86,1566287
2018-02-05,595.53,601.09,591.16,596.71,3597333
2018-02-06,599.03,610.41,589.87,601.22,2255598
2018-02-07,594.52,606.62,583.37,595.46,1867640
2018-02-08,603.66,610.79,595.92,603.05,839173
2018-02-09,597.35,601.58,593.62,597.85,998865
2018-02-12,594.72,602.86,586.52,594.66,920759
2018-02-13,588.97,595.53,581.21,587.75,4343151
2018-02-14,602.75,613.1,590.49,600.8,2725978
2018-02-15,607.45,614.16,601.32,608.02,1182365
2018-02-16,613.13,626.2,602.01,615.05,1413213
2018-02-19,628.32,634.04,622.46,628.18,1208421
2018-02-20,657.75,662.59,651.98,656.82,1165293
2018-02-21,638.91,647.88,632.78,641.72,2613447
2018-02-22,634.45,639.67,630.95,636.15,1668571
2018-02-23,630.42,637.61,624.61,631.78,6911523
2018-02-26,624.84,634.54,615.53,625.23,4198407
2018-02-27,615.22,621.03,610.83,616.63,4350007
2018-02-28,616.58,620.69,611.17,615.28,2966265
2018-03-01,602.61,609.76,598.4,605.53,1538632
2018-03-02,607.07,613.72,603.33,609.96,2838182
2018-03-05,611.19,622.89,600.12,611.81,1608319
2018-03-06,617.29,629.45,605.46,617.61,5273293
2018-03-07,620.99,627.26,617.45,623.71,2527061
2018-03-08,629.61,641.1,619.28,630.76,2320785
2018-03-09,627.84,638.69,617.76,628.6,2139844
2018-03-12,649.55,663.3,636.59,650.32,5633040
2018-03-13,654.3,660.99,647.32,654.01,838818
2018-03-14,636.07,643.25,630.16,637.33,5974271
2018-03-15,631.93,639.38,621.72,629.14,1773220
2018-03-16,615.1,626.08,603.24,614.2,852825
2018-03-19,614.13,625.43,604.35,615.62,1262588
2018-03-20,615.93,623.36,608.32,615.75,736390
2018-03-21,612.9,618.21,607.36,612.67,2934929
2018-03-22,635.0,645.1,622.63,632.69,1063445
2018-03-23,638.03,650.57,626.66,639.18,2193920
2018-03-26,648.94,656.07,640.32,647.45,3915800
2018-03-27,639.78,649.39,630.09,639.7,1324823
2018-03-28,634.21,641.19,624.44,631.39,1688139
2018-03-29,635.38,643.12,625.22,632.93,907074
2018-03-30,636.13,644.32,627.57,635.75,1570627
2018-04-02,618.95,629.74,608.65,619.44,9289675
2018-04-03,619.83,632.02,606.72,618.89,3162141
2018-04-04,619.8,627.37,612.57,620.13,1691560
2018-04-05,622.35,628.66,612.95,619.23,1373657
2018-04-06,612.94,619.44,606.29,612.79,1932683
2018-04-09,608.16,613.17,603.9,608.9,2143671
2018-04-10,607.49,614.08,601.75,608.33,1541949
2018-04-11,607.96,614.02,604.13,610.18,2725154
2018-04-12,617.79,624.85,609.72,616.76,1118983
2018-04-13,626.33,632.59,621.62,627.87,1115671
2018-04-16,628.18,634.58,619.73,626.11,2475906
2018-04-17,620.42,633.36,609.93,622.83,983442
2018-04-18,628.16,633.61,622.46,627.92,3070682
2018-04-19,636.86,645.89,625.68,634.67,1965842
2018-04-20,627.43,643.21,615.81,631.51,662154
2018-04-23,643.87,652.57,631.36,640.0,2117399
2018-04-24,649.6,655.57,644.46,650.43,721373
2018-04-25,664.39,671.15,657.36,664.11,3005688
2018-04-26,684.21,693.69,673.57,683.03,1707893
2018-04-27,676.63,685.15,666.65,675.16,6020317
2018-04-30,676.78,681.68,671.34,676.23,3770762
2018-05-01,679.28,687.23,669.33,677.25,1049248
2018-05-02,678.21,687.13,668.25,677.16,589810
2018-05-03,675.01,681.1,665.42,671.47,1260399
2018-05-04,658.54,667.88,648.18,657.51,952880
2018-05-07,663.13,667.15,655.26,659.25,5929454
2018-05-08,654.26,660.84,645.94,652.5,1970526
2018-05-09,650.58,665.29,639.48,654.13,3471340
2018-05-10,652.22,658.01,641.39,647.15,1671081
2018-05-11,636.2,646.27,627.24,637.3,1780134
2018-05-14,643.14,650.31,633.13,640.27,1944321
2018-05-15,642.48,648.74,636.17,642.43,3851308
2018-05-16,650.8,663.0,636.58,648.74,2390408
2018-05-17,669.69,677.89,662.89,671.08,1051364
2018-05-18,675.84,681.62,668.8,674.57,5248791
2018-05-21,679.67,692.87,667.0,680.19,1663294
2018-05-22,673.12,684.02,659.1,669.95,1508592
2018-05-23,658.64,668.67,647.76,657.78,363050
2018-05-24,676.11,679.99,670.34,674.22,2901213
2018-05-25,661.23,670.19,656.63,665.55,2106645
2018-05-28,655.63,665.36,646.08,655.8,2105272
2018-05-29,656.8,662.15,650.65,655.99,1557052
2018-05-30,656.1,661.6,650.17,655.66,1404046
2018-05-31,649.25,660.08,636.58,647.38,1588422
2018-06-01,644.24,650.94,638.26,644.95,2617935
2018-06-04,657.56,661.56,653.47,657.47,2909438
2018-06-05,652.37,655.98,646.46,650.06,1726110
2018-06-06,632.73,644.51,625.36,637.09,3503813
2018-06-07,647.76,657.0,637.4,646.62,1890998
2018-06-08,651.21,663.62,639.47,651.87,1465144
2018-06-11,644.49,650.57,640.2,646.26,2233430
2018-06-12,632.16,637.18,626.5,631.52,877092
2018-06-13,627.2,635.32,616.81,624.9,2279874
2018-06-14,626.71,633.27,618.23,624.77,785983
2018-06-15,635.9,643.95,628.12,636.16,1070208
2018-06-18,628.35,640.2,614.88,626.7,590535
2018-06-19,627.88,636.15,618.0,626.25,1785001
2018-06-20,632.79,640.06,625.69,632.96,5208384
2018-06-21,609.79,623.18,597.69,611.06,1848257
2018-06-22,619.73,624.62,616.02,620.91,2917247
2018-06-25,611.81,623.43,598.69,610.28,8132576
2018-06-26,613.52,621.29,605.84,613.6,2526722
2018-06-27,614.2,623.87,606.49,616.14,1252776
2018-06-28,623.33,638.3,611.6,626.5,1360630
2018-06-29,633.52,641.51,623.98,631.95,1983542
2018-07-02,609.03,617.1,601.98,610.03,1356289
2018-07-03,603.71,609.19,597.63,603.11,1418552
2018-07-04,606.81,615.84,595.56,604.56,3580998
2018-07-05,600.62,611.15,592.48,602.99,3669968
2018-07-06,607.42,612.49,602.43,607.5,738122
2018-07-09,614.6,624.53,604.98,614.91,1213595
2018-07-10,621.42,630.53,611.61,620.71,1500932
2018-07-11,621.18,627.98,612.09,618.88,2840394
2018-07-12,599.71,605.16,596.67,602.11,3936668
2018-07-13,599.16,606.17,591.14,598.14,10030898
2018-07-16,603.87,606.94,598.94,602.01,1499430
2018-07-17,592.02,595.98,588.39,592.35,1545043
2018-07-18,597.84,604.94,590.99,598.08,2822523
2018-07-19,607.14,610.92,602.6,606.38,1316740
2018-07-20,608.25,613.8,602.07,607.62,1821959
2018-07-23,581.41,590.04,571.79,580.4,1545684
2018-07-24,570.4,575.89,563.96,569.44,411271
2018-07-25,584.11,597.53,572.45,585.84,2134920
2018-07-26,582.83,593.75,570.21,581.1,1777260
2018-07-27,566.07,573.87,556.32,564.1,4251313
2018-07-30,575.0,586.21,563.47,574.68,1989301
2018-07-31,572.24,585.17,561.93,574.82,933925
2018-08-01,584.24,590.16,578.52,584.44,1698304
2018-08-02,587.22,596.76,577.35,586.88,565434
2018-08-03,588.91,595.1,584.75,590.94,958811
2018-08-06,593.52,603.23,584.45,594.16,2903140
2018-08-07,597.86,607.82,590.47,600.4,1709302
2018-08-08,622.38,625.64,617.98,621.24,3448689
2018-08-09,630.65,636.4,624.59,630.33,609177
2018-08-10,612.5,627.44,600.66,615.54,1714313
2018-08-13,620.29,626.33,613.6,619.64,1490604
2018-08-14,630.19,635.16,625.32,630.3,3518372
2018-08-15,642.71,647.74,636.71,641.72,2968768
2018-08-16,636.82,645.34,629.06,637.57,2914915
2018-08-17,647.19,660.19,635.77,648.75,4999487
2018-08-20,656.25,668.54,645.51,657.77,1589846
2018-08-21,682.47,691.47,674.58,683.57,4417341
2018-08-22,675.88,681.38,670.35,675.85,1059678
2018-08-23,670.93,674.75,666.82,670.64,1036617
2018-08-24,667.09,675.44,659.13,667.47,3114714
2018-08-27,661.65,673.9,650.26,662.49,803840
2018-08-28,652.92,664.03,642.51,653.61,2795885
2018-08-29,631.7,638.73,620.01,626.98,2107025
2018-08-30,621.37,631.48,612.72,622.81,3771983
2018-08-31,625.12,633.4,617.9,626.17,1913287
2018-09-03,627.59,636.18,612.94,621.45,2050572
2018-09-04,640.45,648.63,631.48,639.64,2691364
2018-09-05,637.01,649.39,627.32,639.66,1332290
2018-09-06,653.7,661.94,643.82,652.05,1297923
2018-09-07,652.7,667.0,640.23,654.49,2635695
2018-09-10,664.34,671.92,654.96,662.53,1948221
2018-09-11,664.76,668.67,661.28,665.18,1552864
2018-09-12,677.96,684.65,672.16,678.85,1886680
2018-09-13,682.57,691.11,670.79,679.29,5161489
2018-09-14,685.39,694.38,675.26,684.23,1519951
2018-09-17,689.87,699.04,678.72,687.86,1493731
2018-09-18,685.65,696.43,674.0,684.76,711786
2018-09-19,687.87,695.07,681.6,688.79,1933008
2018-09-20,713.43,724.11,701.46,712.13,2940617
2018-09-21,711.67,722.75,698.07,709.1,3274641
2018-09-24,713.72,721.69,705.46,713.43,2115772
2018-09-25,730.8,738.87,718.86,726.87,3518341
2018-09-26,741.15,746.85,733.59,739.27,3074762
2018-09-27,739.72,748.01,730.96,739.25,3866151
2018-09-28,713.68,725.67,701.16,713.14,3578955
2018-10-01,718.85,732.24,705.16,718.55,5085922
2018-10-02,692.28,704.55,682.65,694.89,1790819
2018-10-03,710.05,716.98,703.31,710.24,894271
2018-10-04,712.39,723.24,701.07,711.92,2952702
2018-10-05,721.63,734.17,710.01,722.54,3167115
2018-10-08,713.42,720.54,705.58,712.69,5085974
2018-10-09,696.21,708.32,684.05,696.16,4277050
2018-10-10,700.39,704.67,694.5,698.77,6371104
2018-10-11,699.68,703.29,694.69,698.29,2876003
2018-10-12,693.39,698.14,688.3,693.05,2274535
2018-10-15,690.97,698.91,685.9,693.81,863725
2018-10-16,726.99,740.21,709.96,723.11,2385353
2018-10-17,731.79,740.43,723.47,732.1,1423313
2018-10-18,743.43,750.39,736.64,743.61,2251047
2018-10-19,752.2,761.58,743.6,752.97,2048683
2018-10-22,768.63,778.17,760.24,769.76,2631435
2018-10-23,771.02,778.37,760.16,767.47,1870285
2018-10-24,747.18,752.46,738.82,744.08,3474677
2018-10-25,742.88,753.9,730.88,741.89,386971
2018-10-26,750.65,756.19,745.36,750.9,2222173
2018-10-29,741.35,753.68,727.67,739.97,4079536
2018-10-30,738.11,744.03,732.02,737.95,6089211
2018-10-31,729.85,741.92,718.19,730.26,3076111
2018-11-01,747.6,760.37,734.08,746.84,5448929
2018-11-02,754.23,760.42,749.04,755.23,2194273
2018-11-05,763.17,767.98,757.79,762.59,1986167
2018-11-06,770.16,784.98,754.88,769.69,2724101
2018-11-07,770.62,779.82,760.04,769.22,1978962
2018-11-08,770.04,782.63,758.91,771.48,1239954
2018-11-09,759.47,763.53,753.8,757.86,1455493
2018-11-12,731.39,740.12,724.68,733.39,1017346
2018-11-13,733.77,744.28,724.54,735.03,2722405
2018-11-14,737.44,752.12,723.95,738.61,1996358
2018-11-15,749.72,758.96,742.91,752.13,1597304
2018-11-16,772.43,785.28,757.28,770.09,1411254
2018-11-19,786.16,800.23,774.42,788.46,2684577
2018-11-20,775.14,782.0,769.92,776.77,3166916
2018-11-21,775.62,782.91,765.45,772.71,1006200
2018-11-22,777.01,785.01,770.35,778.34,915649
2018-11-23,808.07,817.94,798.67,808.53,3515547
2018-11-26,824.23,838.76,812.26,826.74,868845
2018-11-27,842.92,852.61,831.15,840.82,2753799
2018-11-28,838.15,845.41,828.78,836.03,5231169
2018-11-29,826.94,839.71,812.38,825.12,5238474
2018-11-30,836.39,847.9,823.54,835.04,3087040
2018-12-03,821.66,832.17,810.97,821.48,3033676
2018-12-04,817.38,829.57,806.49,818.66,7657104
2018-12-05,815.39,824.19,808.6,817.39,488630
2018-12-06,840.53,853.31,824.56,837.29,1500634
2018-12-07,834.91,843.94,823.99,833.0,3298885
2018-12-10,801.56,811.62,793.18,803.23,1619499
2018-12-11,809.59,815.46,803.63,809.5,4171836
2018-12-12,800.5,812.4,789.34,801.23,1936489
2018-12-13,799.21,813.18,787.99,801.92,2145850
2018-12-14,801.5,809.6,792.98,801.07,1681497
2018-12-17,797.0,812.28,782.73,797.99,1449158
2018-12-18,805.42,822.01,791.18,807.73,1427926
2018-12-19,786.08,794.82,780.87,789.59,2333079
2018-12-20,780.04,795.8,768.0,783.71,1245765
2018-12-21,791.15,800.68,782.52,792.04,3512796
2018-12-24,784.82,800.72,769.13,785.02,2934171
2018-12-25,764.54,772.98,758.14,766.56,3834884
2018-12-26,776.06,783.2,767.41,774.54,1007160
2018-12-27,787.83,797.15,778.66,787.98,715197
2018-12-28,789.1,796.23,780.62,787.74,1977785
2018-12-31,764.77,776.96,753.01,765.19,11288334
2019-01-01,771.82,783.09,762.39,773.64,4238522
2019-01-02,755.18,761.46,748.65,754.92,1421654
2019-01-03,755.87,768.3,746.35,758.74,2557925
2019-01-04,750.24,763.99,735.3,749.03,3068048
2019-01-07,734.36,748.87,721.96,736.43,872368
2019-01-08,733.91,743.07,722.76,731.9,4509854
2019-01-09,729.49,737.04,722.68,730.23,1793259
2019-01-10,725.86,731.44,717.98,723.55,1877762
2019-01-11,727.86,743.6,714.63,730.32,2011257
2019-01-14,724.34,737.18,713.0,725.82,3940129
2019-01-15,737.79,747.81,726.93,736.94,1260338
2019-01-16,743.05,756.56,726.98,740.45,711989
2019-01-17,736.8,741.83,728.13,733.13,2406714
2019-01-18,724.16,735.19,713.03,724.07,581755
2019-01-21,710.68,716.55,700.96,706.79,1655043
2019-01-22,709.66,715.12,704.83,710.28,4041492
2019-01-23,709.26,717.75,698.45,706.92,2806521
2019-01-24,680.69,690.0,673.33,682.62,3705814
2019-01-25,678.42,691.39,664.61,677.56,2876862
2019-01-28,664.18,675.47,657.63,668.88,8420676
2019-01-29,683.0,697.11,671.24,685.31,1393119
2019-01-30,669.38,680.25,657.6,668.45,2517757
2019-01-31,652.0,664.41,642.21,654.58,1524424
2019-02-01,666.86,679.4,653.48,666.0,3520384
2019-02-04,682.0,689.58,672.59,680.15,1910843
2019-02-05,672.04,680.35,664.75,673.05,5561102
2019-02-06,665.22,672.1,660.29,667.16,1441955
2019-02-07,672.86,679.98,666.72,673.82,4612478
2019-02-08,649.28,663.02,637.47,651.17,2830272
2019-02-11,633.5,641.37,625.83,633.7,1944515
2019-02-12,631.68,638.08,625.1,631.49,2745477
2019-02-13,646.23,652.15,640.9,646.82,2319259
2019-02-14,646.32,654.25,635.19,643.09,2454841
2019-02-15,643.15,654.7,633.02,644.55,1751314
2019-02-18,658.84,664.97,650.0,656.1,1301524
2019-02-19,675.57,688.78,664.51,677.69,1621654
2019-02-20,672.52,682.24,662.66,672.37,722240
2019-02-21,675.12,686.47,661.42,672.73,3285958
2019-02-22,694.27,700.35,685.86,691.92,944963
2019-02-25,675.99,686.63,666.21,676.84,1740028
2019-02-26,689.06,694.09,682.89,687.91,2925064
2019-02-27,678.89,685.99,670.95,678.04,3280931
2019-02-28,678.54,690.42,667.77,679.64,683655
2019-03-01,678.98,688.81,667.92,677.73,1876447
2019-03-04,672.36,677.61,663.39,668.62,2612574
2019-03-05,660.32,672.12,647.6,659.39,2045616
2019-03-06,663.81,667.66,658.84,662.69,4441243
2019-03-07,674.59,683.98,663.85,673.23,1210950
2019-03-08,669.55,685.78,656.32,672.5,579879
2019-03-11,674.72,683.47,665.04,673.79,3224200
2019-03-12,678.1,691.74,666.56,680.17,1436540
2019-03-13,669.73,680.26,660.4,670.92,690295
2019-03-14,683.4,694.84,667.62,678.99,1802873
2019-03-15,687.47,698.2,677.27,688.0,4148821
2019-03-18,714.44,727.03,703.46,716.03,929171
2019-03-19,715.09,721.11,706.63,712.63,8053340
2019-03-20,706.37,719.8,694.97,708.38,1199326
2019-03-21,716.27,723.38,710.14,717.24,2089021
2019-03-22,729.48,743.85,712.43,726.75,954096
