Date,Open,High,Low,Close,Volume
2015-01-02 00:00:00-05:00,26.37898514574825,26.537478726114013,26.145209618123978,26.227924346923828,26480000
2015-01-05 00:00:00-05:00,26.109052289694272,26.15065621314235,25.643483225368264,25.72817611694336,41182000
2015-01-06 00:00:00-05:00,25.77968639365621,25.814851345284215,25.03923290301718,25.093219757080078,54456000
2015-01-07 00:00:00-05:00,25.30668796910353,25.333431998943997,24.945128712980488,25.019420623779297,46918000
2015-01-08 00:00:00-05:00,24.8391405410689,25.135816990938373,24.517698227988138,25.106595993041992,73054000
2015-01-09 00:00:00-05:00,25.169495882043805,25.190297845951633,24.697487795818056,24.800010681152344,42000000
2015-01-12 00:00:00-05:00,24.726708092501823,24.77821798586817,24.314133930640097,24.618736267089844,57138000
2015-01-13 00:00:00-05:00,24.891641117279967,25.190299524170925,24.628644571871156,24.853504180908203,60958000
2015-01-14 00:00:00-05:00,24.785151488508095,25.17345668556392,24.673217656469642,25.058053970336914,52800000
2015-01-15 00:00:00-05:00,25.204658819237853,25.247252773533816,24.86390151676055,24.96295928955078,51068000
2015-01-16 00:00:00-05:00,24.920364921625065,25.301736141361182,24.91739294264728,25.282421112060547,49658000
2015-01-20 00:00:00-05:00,25.396834797420365,25.53749651901131,25.228437121377986,25.256668090820312,46796000
2015-01-21 00:00:00-05:00,25.30123863732595,25.846550436538017,25.239327767927744,25.77423858642578,46356000
2015-01-22 00:00:00-05:00,25.90350634633764,26.688040670716298,25.849521385374548,26.611766815185547,56068000
2015-01-23 00:00:00-05:00,26.647931289618022,27.013452638404985,26.53500551868808,26.842082977294922,45966000
2015-01-26 00:00:00-05:00,26.819793477645224,26.819793477645224,26.352737414540844,26.583045959472656,30932000
2015-01-27 00:00:00-05:00,26.319549808026878,26.387899653088375,25.797516908024367,25.813861846923828,39148000
2015-01-28 00:00:00-05:00,26.00256531560789,26.03674023665664,25.376027615540508,25.379989624023438,35822000
2015-01-29 00:00:00-05:00,25.40327175896299,25.516692532109836,24.936710720151677,25.41961669921875,79018000
2015-01-30 00:00:00-05:00,25.705395981582246,26.899037572563525,25.66478208494039,26.62415313720703,121108000
2015-02-02 00:00:00-05:00,26.464174574741662,26.572148289412223,25.8401137864481,26.359174728393555,75378000
2015-02-03 00:00:00-05:00,26.247236745965566,26.619196978655207,26.09221206443756,26.413654327392578,47062000
2015-02-04 00:00:00-05:00,26.4057301275141,26.58452876080059,26.004051971269256,26.057048797607422,33896000
2015-02-05 00:00:00-05:00,26.147683136067723,26.2843828155806,26.034262381135758,26.241788864135742,33176000
2015-02-06 00:00:00-05:00,26.300236062059394,26.75639421379565,26.183348298880574,26.4423828125,42938000
2015-02-09 00:00:00-05:00,26.302707993059,26.442379652132466,26.128863303242728,26.214548110961914,30314000
2015-02-10 00:00:00-05:00,26.35669567079851,26.795023799388844,26.209099990348555,26.753419876098633,47430000
2015-02-11 00:00:00-05:00,26.732121497194893,26.842075257085078,26.547378926536044,26.64643669128418,38306000
2015-02-12 00:00:00-05:00,26.728658802305585,27.15856794559307,26.59691303094378,27.043167114257812,48590000
2015-02-13 00:00:00-05:00,27.11746006330928,27.36659051399328,27.072389139814742,27.298240661621094,47382000
2015-02-17 00:00:00-05:00,27.298237498844486,27.38936936520213,26.906960334780344,26.993635177612305,39174000
2015-02-18 00:00:00-05:00,26.93469981695822,27.119442427173148,26.72321317271187,26.876750946044922,31164000
2015-02-19 00:00:00-05:00,26.867836827647864,27.085267429720005,26.782647018584413,27.064960479736328,30834000
2015-02-20 00:00:00-05:00,27.120923562080463,27.120923562080463,26.65139248281262,26.83464813232422,38234000
2015-02-23 00:00:00-05:00,26.69596978653822,26.71082779179,26.34926851216046,26.497854232788086,32906000
2015-02-24 00:00:00-05:00,26.32697944346971,26.715779656442244,26.29973850777221,26.678634643554688,28406000
2015-02-25 00:00:00-05:00,26.668233296568268,27.21948719695557,26.64693442960273,27.108543395996094,40836000
2015-02-26 00:00:00-05:00,27.029791241216166,27.742508769507673,26.99759637957633,27.700904846191406,54032000
2015-02-27 00:00:00-05:00,27.64444350753082,28.202633307470524,27.588971604802897,27.8663330078125,68328000
2015-03-02 00:00:00-05:00,28.082774550206356,28.528036721826922,27.892087988519833,28.47999382019043,50406000
2015-03-03 00:00:00-05:00,28.54586396765447,28.76874348423825,28.25612154078049,28.666715621948242,50526000
2015-03-04 00:00:00-05:00,28.576574429341015,28.807377983614806,28.356171857117477,28.64393424987793,37964000
2015-03-05 00:00:00-05:00,28.707825176568704,28.885136874638434,28.638980315739218,28.79747200012207,35918000
2015-03-06 00:00:00-05:00,28.825703460061437,28.864335407301677,28.33338844444368,28.37499237060547,37592000
2015-03-09 00:00:00-04:00,28.276923701885792,28.501288264764298,28.18430490089155,28.434425354003906,23478000
2015-03-10 00:00:00-04:00,28.15607171742475,28.21946951882551,27.72715266868103,27.728639602661133,40080000
2015-03-11 00:00:00-04:00,27.726166602180225,27.943102176596824,27.508736012822748,27.52260398864746,40524000
2015-03-12 00:00:00-04:00,27.66079079930876,27.827206521643163,27.514682027288277,27.794023513793945,35602000
2015-03-13 00:00:00-04:00,27.697936230040508,27.952018713546398,27.257131083834437,27.389371871948242,35428000
2015-03-16 00:00:00-04:00,27.58401838721514,27.921803717244572,27.306161981144513,27.817298889160156,36856000
2015-03-17 00:00:00-04:00,27.651378598088677,27.76777135121981,27.459208879990484,27.617700576782227,28892000
2015-03-18 00:00:00-04:00,27.62364014010371,28.058503181612092,27.41413358134431,28.041168212890625,35324000
2015-03-19 00:00:00-04:00,27.959943717141467,28.080793497520638,27.84107588600823,27.917844772338867,24660000
2015-03-20 00:00:00-04:00,28.068407246131844,28.087722273187122,27.95795846870864,27.98123550415039,44320000
2015-03-23 00:00:00-04:00,28.033243808407803,28.213529382141797,27.88763006334457,28.00204086303711,30234000
2015-03-24 00:00:00-04:00,28.15904595572783,28.819758604482537,28.13675705919549,28.60480499267578,79156000
2015-03-25 00:00:00-04:00,28.606291173338146,28.730112923032785,28.082773208618164,28.082773208618164,53070000
2015-03-26 00:00:00-04:00,27.966378069859108,28.09218175788271,27.65236669874196,27.916353225708008,49842000
2015-03-27 00:00:00-04:00,27.826710582684676,27.93765628326049,27.584020995672134,27.614728927612305,34552000
2015-03-30 00:00:00-04:00,27.74845487332882,27.84305373789061,27.577085239154318,27.79253387451172,24788000
2015-03-31 00:00:00-04:00,27.634043533409503,27.857418086643616,27.472084843112185,27.47357177734375,34932000
2015-04-01 00:00:00-04:00,27.48001004082362,27.661778771430598,27.04415694270571,27.215526580810547,38902000
2015-04-02 00:00:00-04:00,27.112506308888978,27.14172730485054,26.76729007475499,26.810380935668945,47760000
2015-04-06 00:00:00-04:00,26.68804486408109,27.019888145448054,26.532525150016518,26.941137313842773,33718000
2015-04-07 00:00:00-04:00,26.992646934982815,27.24870947181312,26.92330705612625,26.986207962036133,27318000
2015-04-08 00:00:00-04:00,27.042668834565465,27.31507818991987,27.042668834565465,27.183330535888672,28386000
2015-04-09 00:00:00-04:00,27.201658147103544,27.20958216476703,26.842078922100708,27.142717361450195,32366000
2015-04-10 00:00:00-04:00,27.21948907778105,27.23335705385924,26.992152517340696,27.168474197387695,26104000
2015-04-13 00:00:00-04:00,27.094674831065824,27.402742255862474,27.057527930126085,27.173423767089844,29326000
2015-04-14 00:00:00-04:00,27.07090033900072,27.07090033900072,26.534504466159873,26.734600067138672,47206000
2015-04-15 00:00:00-04:00,26.64446077992701,26.90349529744708,26.36759438826777,26.797008514404297,46962000
2015-04-16 00:00:00-04:00,26.663775434741105,27.00453275781438,26.65139439325016,26.91983985900879,31722000
2015-04-17 00:00:00-04:00,26.612264175786684,26.735590905654437,26.200681950687557,26.38591766357422,49234000
2015-04-20 00:00:00-04:00,26.4359449178246,27.03276668890918,26.41613298340692,26.969863891601562,38508000
2015-04-21 00:00:00-04:00,27.058024099023093,27.130335954996916,26.854956506511122,26.890121459960938,29128000
2015-04-22 00:00:00-04:00,26.897053235247117,27.290310442366284,26.810873410952517,27.20016860961914,31806000
2015-04-23 00:00:00-04:00,27.261091295001396,27.79402020003318,27.244746355829392,27.610267639160156,78184000
2015-04-24 00:00:00-04:00,28.72912225078688,28.95943077564398,28.149635492700988,28.412633895874023,92168000
2015-04-27 00:00:00-04:00,28.36855470500373,28.50475750115603,27.849988759492767,28.039188385009766,48062000
2015-04-28 00:00:00-04:00,27.95003577704879,28.12388237675863,27.78362006945918,27.952512741088867,37178000
2015-04-29 00:00:00-04:00,27.761328602517736,28.025317019406394,27.686541677632757,27.804914474487305,33622000
2015-04-30 00:00:00-04:00,27.664752856140733,27.791051582412802,27.078333928397186,27.179866790771484,47240000
2015-05-01 00:00:00-04:00,27.266045795289212,27.301212640772505,26.936184450033917,27.298240661621094,36572000
2015-05-04 00:00:00-04:00,27.289816161791773,27.572129582357068,27.111512551041095,27.381444931030273,35260000
2015-05-05 00:00:00-04:00,27.248708092743865,27.37005476397144,26.86287986536893,26.89606475830078,28528000
2015-05-06 00:00:00-04:00,26.87625301478013,26.940145837154233,26.361154095187857,26.501815795898438,39034000
2015-05-07 00:00:00-04:00,26.542427423796404,27.003044433200248,26.421082651451872,26.846532821655273,31844000
2015-05-08 00:00:00-04:00,27.184815915084165,27.379462572055253,27.143211991781342,27.188777923583984,28226000
2015-05-11 00:00:00-04:00,27.165993424219373,27.407694831168,27.022856659587816,27.031770706176758,21858000
2015-05-12 00:00:00-04:00,26.8846757187173,26.892106611603,26.497857405963426,26.682600021362305,35282000
2015-05-13 00:00:00-04:00,26.76877755481055,26.9356882801357,26.6949787622634,26.720239639282227,24238000
2015-05-14 00:00:00-04:00,26.942129704448778,27.225435094947915,26.869322824531977,27.20116424560547,31736000
2015-05-15 00:00:00-04:00,27.260099996370464,27.270500977292198,26.86931785540699,27.066936492919922,33440000
2015-05-18 00:00:00-04:00,26.934696633517138,27.15856618306263,26.85693583672888,27.07585334777832,26706000
2015-05-19 00:00:00-04:00,27.14172799774199,27.40918343883373,27.09814401015313,27.20512580871582,47126000
2015-05-20 00:00:00-04:00,27.28634813184401,27.541420608336868,26.998090764702578,27.36509895324707,30840000
2015-05-21 00:00:00-04:00,27.250691048596032,27.617699275952177,27.20611514288731,27.578075408935547,34170000
2015-05-22 00:00:00-04:00,27.461682943491564,27.64890250514011,27.420079016318553,27.46465492248535,24266000
2015-05-26 00:00:00-04:00,27.368566786274727,27.405713686471422,26.892596739097492,27.101608276367188,37474000
2015-05-27 00:00:00-04:00,27.17540802612386,27.502792396262034,27.07139820614714,27.451282501220703,34844000
2015-05-28 00:00:00-04:00,27.42849610000732,27.526066931360877,27.280405411569163,27.447811126708984,23544000
2015-05-29 00:00:00-04:00,27.3992745681153,27.435926453221672,26.995121359639683,27.008989334106445,43446000
2015-06-01 00:00:00-04:00,27.177882400770333,27.26901426596134,26.922809913971676,27.201656341552734,33210000
2015-06-02 00:00:00-04:00,27.113495027051425,27.676141819524368,27.069909153313837,27.43642234802246,31842000
2015-06-03 00:00:00-04:00,27.493379499611805,27.63651816272019,27.34727074703132,27.502790451049805,26710000
2015-06-04 00:00:00-04:00,27.348756643190846,27.535976201105875,27.197198943120082,27.324487686157227,26866000
2015-06-05 00:00:00-04:00,27.33984311540959,27.405716000038616,27.11101962680193,27.217506408691406,24396000
2015-06-08 00:00:00-04:00,27.221470474914074,27.23434842172507,26.891609122531687,26.91786003112793,27336000
2015-06-09 00:00:00-04:00,26.91488582494658,26.985217622243358,26.688539302014306,26.852479934692383,30016000
2015-06-10 00:00:00-04:00,27.02781287372939,27.477533962168373,26.99859187630558,27.36956024169922,30316000
2015-06-11 00:00:00-04:00,27.46316990094867,27.480009855681065,27.199676472592955,27.242767333984375,25872000
2015-06-12 00:00:00-04:00,27.099630497044245,27.18382838703318,27.02434665527737,27.115480422973633,25468000
2015-06-15 00:00:00-04:00,26.880710062809456,26.946087929995137,26.706370343227583,26.89408302307129,27150000
2015-06-16 00:00:00-04:00,26.967386936586042,27.076843804466442,26.823258241207103,26.98670196533203,32526000
2015-06-17 00:00:00-04:00,27.013943813440044,27.159557558499046,26.835145173892702,27.0723876953125,24440000
2015-06-18 00:00:00-04:00,27.141727923197504,27.599868032157282,27.141727923197504,27.546873092651367,41192000
2015-06-19 00:00:00-04:00,27.563711345856504,27.632556206154515,27.352719741376024,27.613239288330078,59290000
2015-06-22 00:00:00-04:00,27.706851401713187,28.013928817096073,27.682085539861834,27.72022247314453,34752000
2015-06-23 00:00:00-04:00,27.725670911469177,27.97876335347147,27.594915174203127,27.903974533081055,31396000
2015-06-24 00:00:00-04:00,27.858907428630335,27.866831447316688,27.578078997189095,27.66524887084961,28924000
2015-06-25 00:00:00-04:00,27.75092948829441,27.891591190167812,27.610267786421005,27.634536743164062,26684000
2015-06-26 00:00:00-04:00,27.72171176970976,27.736074761610734,27.33241649659269,27.392345428466797,43676000
2015-06-29 00:00:00-04:00,27.079816762806537,27.285361324410477,26.757384437178427,26.807409286499023,37756000
2015-06-30 00:00:00-04:00,26.99759897125562,27.037717853748934,26.722714530549567,26.747480392456055,34510000
2015-07-01 00:00:00-04:00,26.926776977558397,27.0332637714854,26.733615325637366,26.908946990966797,30760000
2015-07-02 00:00:00-04:00,26.98026552652881,27.141729206136226,26.92231665610862,27.109041213989258,28124000
2015-07-06 00:00:00-04:00,26.856936876168337,27.170455150018487,26.84950787345179,27.023849487304688,25614000
2015-07-07 00:00:00-04:00,27.113497628146252,27.29031432523081,26.738070350332645,27.242271423339844,33578000
2015-07-08 00:00:00-04:00,27.022860177903542,27.15559597921672,26.80493268243471,26.829696655273438,27662000
2015-07-09 00:00:00-04:00,27.173920829175337,27.185311840164925,26.9743202378693,26.975805282592773,29766000
2015-07-10 00:00:00-04:00,27.42453582088573,27.70090719265849,27.339842922404863,27.543405532836914,43436000
2015-07-13 00:00:00-04:00,27.71180254094442,28.372515205599406,27.671683659842664,28.31704330444336,41792000
2015-07-14 00:00:00-04:00,28.454236812183964,29.20756824841586,28.437891873605754,28.933673858642578,74832000
2015-07-15 00:00:00-04:00,28.91188499349337,29.157051541200918,28.73704835671334,28.922780990600586,41466000
2015-07-16 00:00:00-04:00,29.197165284764477,29.94009568951996,29.118909480233206,29.805377960205078,112642000
2015-07-17 00:00:00-04:00,33.67951961923037,34.81868135314165,33.5804637200817,34.65127182006836,257162000
2015-07-20 00:00:00-04:00,34.124290017270965,34.56113131068313,33.767187705508235,34.315467834472656,102436000
2015-07-21 00:00:00-04:00,33.921213404932686,34.94744730898811,33.885058423568005,34.439781188964844,75604000
2015-07-22 00:00:00-04:00,34.37390684191637,35.33030586948122,34.25503902599339,34.427398681640625,83100000
2015-07-23 00:00:00-04:00,34.266437148442726,34.475450634446126,33.26298499008619,33.41850662231445,76232000
2015-07-24 00:00:00-04:00,33.519534639896534,33.57005260703737,32.35115219379151,32.429901123046875,82622000
2015-07-27 00:00:00-04:00,32.27141486858647,33.03911125287975,32.27042483869562,32.6032600402832,58382000
2015-07-28 00:00:00-04:00,32.776113698218296,32.89201143039862,32.362549507338464,32.67210388183594,34364000
2015-07-29 00:00:00-04:00,32.80087453506159,32.8538713604696,32.33431353448211,32.759765625,36756000
2015-07-30 00:00:00-04:00,32.56214778647451,33.087645773897066,32.27735551499332,32.914791107177734,39606000
2015-07-31 00:00:00-04:00,32.92172409004458,32.936582093909664,32.550258878459125,32.56511688232422,34922000
2015-08-03 00:00:00-04:00,32.573048559887084,33.019302689370136,32.573048559887084,32.92272186279297,31348000
2015-08-04 00:00:00-04:00,32.90389994511921,33.08517745956626,32.71420717574389,32.752342224121094,26188000
2015-08-05 00:00:00-04:00,32.97372655451979,33.675053043694675,32.96530752296837,33.34717559814453,36448000
2015-08-06 00:00:00-04:00,33.381849558235224,33.419489586689615,32.72509700071786,33.19165802001953,40660000
2015-08-07 00:00:00-04:00,33.07428047764331,33.124798459778894,32.632980264934545,32.90637969970703,27544000
2015-08-10 00:00:00-04:00,33.040100049248764,33.26446650957111,32.70033465111006,32.84446334838867,34458000
2015-08-11 00:00:00-04:00,34.64928612457607,34.86820363155338,33.89347772060649,34.189659118652344,109880000
2015-08-12 00:00:00-04:00,34.39718203181342,34.471970844682666,33.704773356968246,34.24760818481445,58498000
2015-08-13 00:00:00-04:00,34.13518012660411,34.374404601004464,33.78749069811916,34.001949310302734,36354000
2015-08-14 00:00:00-04:00,33.87961011070115,34.28673531133046,33.82314818118682,34.14359664916992,27598000
2015-08-17 00:00:00-04:00,34.077724261154415,34.40956561591926,33.83107081207881,34.37836456298828,24680000
2015-08-18 00:00:00-04:00,34.227801883617715,34.460088598499226,33.94300957426589,34.11190414428711,27710000
2015-08-19 00:00:00-04:00,34.180257926003776,34.68000014785684,34.01631726547875,34.37490463256836,50194000
2015-08-20 00:00:00-04:00,34.13023173088566,34.479901237118405,33.44574316753721,33.65376281738281,57798000
2015-08-21 00:00:00-04:00,33.23573270805934,33.32736336075868,31.85190164375602,31.897964477539062,91880000
2015-08-24 00:00:00-04:00,29.74693621024116,31.088173420734844,29.374974077071744,30.61418342590332,129788000
2015-08-25 00:00:00-04:00,32.01881918082507,32.045066307487865,30.295218816323864,30.334842681884766,71430000
2015-08-26 00:00:00-04:00,31.8519089755951,32.81177703180927,31.221409150442604,32.67606735229492,87740000
2015-08-27 00:00:00-04:00,33.28279536614575,33.38136003472485,32.248142194125535,33.083194732666016,58974000
2015-08-28 00:00:00-04:00,32.97422433697645,33.035640194826584,32.37938645503498,32.673587799072266,38836000
2015-08-31 00:00:00-04:00,32.4086131103239,32.907369062669815,32.01288073767917,32.08568572998047,38936000
2015-09-01 00:00:00-04:00,31.391786274473716,31.91827623068475,30.958410140216927,31.181289672851562,51458000
2015-09-02 00:00:00-04:00,31.599310745419558,31.948982118668557,31.234779477152898,31.941553115844727,37630000
2015-09-03 00:00:00-04:00,32.09113043500579,32.25556608282429,31.39178580621322,31.55225944519043,34572000
2015-09-04 00:00:00-04:00,31.188225071536397,31.425962620643812,31.02973337213145,31.151573181152344,40478000
2015-09-08 00:00:00-04:00,31.747897416458176,31.947993041207848,31.346716137051466,31.890541076660156,39092000
2015-09-09 00:00:00-04:00,32.286771959650736,32.558187523055985,31.742943245460307,31.867263793945312,40978000
2015-09-10 00:00:00-04:00,31.891525621681573,32.43634049749726,31.782561890770545,32.24714279174805,27850000
2015-09-11 00:00:00-04:00,32.204059040792515,32.456652699274876,32.06537550161349,32.45615768432617,34892000
2015-09-14 00:00:00-04:00,32.47249823786421,32.48686122608086,32.16888408968433,32.31598663330078,29942000
2015-09-15 00:00:00-04:00,32.52599284354443,33.12727352528042,32.35908211471397,32.94005584716797,35546000
2015-09-16 00:00:00-04:00,32.96382253851307,33.0886343036168,32.79790186658029,32.962337493896484,26252000
2015-09-17 00:00:00-04:00,33.05991905400827,33.77808384064097,32.93659229350162,33.26694869995117,47752000
2015-09-18 00:00:00-04:00,32.939554270974206,33.176303654280964,32.69042573615495,32.7345085144043,72544000
2015-09-21 00:00:00-04:00,32.96184391847682,33.13469858490842,32.589883681283006,33.03464889526367,39094000
2015-09-22 00:00:00-04:00,32.56363850114218,32.63050331095709,31.947499778363937,32.352149963378906,54362000
2015-09-23 00:00:00-04:00,32.337288611310186,32.70280990258614,32.229809911743736,32.356605529785156,29160000
2015-09-24 00:00:00-04:00,32.14263869707954,32.52896191265159,31.805843420653222,32.43683624267578,38692000
2015-09-25 00:00:00-04:00,32.618610328458836,32.618610328458836,31.681526332203095,31.705795288085938,48480000
2015-09-28 00:00:00-04:00,31.65131368435642,31.83952515415121,30.600810806443334,30.918289184570312,47646000
2015-09-29 00:00:00-04:00,30.98020152242248,31.43487462640161,30.610223205983957,30.837064743041992,42130000
2015-09-30 00:00:00-04:00,31.293718374073343,31.66419360034587,31.16098257438265,31.617637634277344,52954000
2015-10-01 00:00:00-04:00,31.596338668367878,31.8885599672451,31.258553322811206,31.79742431640625,42506000
2015-10-02 00:00:00-04:00,31.599805623709514,32.5403547866653,31.376431078171603,32.539859771728516,48788000
2015-10-05 00:00:00-04:00,32.76818985983506,33.33430178450554,32.48438759636093,33.26743698120117,37960000
2015-10-06 00:00:00-04:00,33.152034494378675,33.62008056329151,32.84149008615835,33.26545715332031,42774000
2015-10-07 00:00:00-04:00,33.550742146325796,33.61711193805121,32.59533304815509,33.18423080444336,44354000
2015-10-08 00:00:00-04:00,33.15699121814033,33.27784289005283,32.416040707375146,33.03564453125,39308000
2015-10-09 00:00:00-04:00,33.059910997674415,33.38679844049463,32.80582853434508,33.245643615722656,32124000
2015-10-12 00:00:00-04:00,33.144109691264234,33.5794658703796,33.04752887865783,33.5026969909668,26684000
2015-10-13 00:00:00-04:00,33.39521726060749,34.09852378333775,33.338256543853774,33.836517333984375,42446000
2015-10-14 00:00:00-04:00,33.86426094503472,34.17678543130566,33.6250364609968,33.699825286865234,31292000
2015-10-15 00:00:00-04:00,33.93954454737272,34.38084471752574,33.89695058823443,34.32438278198242,47156000
2015-10-16 00:00:00-04:00,34.44225735509288,34.482871250580324,34.13022791520861,34.43829345703125,36316000
2015-10-19 00:00:00-04:00,34.372921403835086,34.681980789512544,34.28426460027025,34.66761779785156,30172000
2015-10-20 00:00:00-04:00,34.56558108783793,34.57103003017255,33.3664888026251,33.67951202392578,52434000
2015-10-21 00:00:00-04:00,33.838506042630456,33.92220891906112,33.21890221656335,33.27338409423828,31952000
2015-10-22 00:00:00-04:00,33.453663740354145,34.07822141927744,33.26842613445332,33.73597717285156,88632000
2015-10-23 00:00:00-04:00,37.1494955559732,37.27034721790607,35.558634689588274,35.627479553222656,126726000
2015-10-26 00:00:00-04:00,35.66165686523991,36.40112231951808,35.66165686523991,36.21142578125,48776000
2015-10-27 00:00:00-04:00,35.986061814435935,36.45113772930653,35.86570896306136,36.295616149902344,38778000
2015-10-28 00:00:00-04:00,36.30453610000945,36.520974750701264,36.020733857259906,36.498687744140625,39604000
2015-10-29 00:00:00-04:00,36.48432379477308,36.98753476435402,36.41151504076963,36.891448974609375,36520000
2015-10-30 00:00:00-04:00,36.926619002613,36.96376401767774,36.479374883281146,36.521968841552734,39984000
2015-11-02 00:00:00-05:00,36.38032170933621,37.0563874852178,36.22777018184454,37.03459548950195,39914000
2015-11-03 00:00:00-05:00,36.92017303988438,37.23071739900252,36.7086845546793,37.088077545166016,36306000
2015-11-04 00:00:00-05:00,37.14156876382862,37.63685573304953,37.10689882713275,37.40951919555664,41840000
2015-11-05 00:00:00-05:00,37.5828697464881,37.956318820362924,37.51650373970402,37.67499542236328,45486000
2015-11-06 00:00:00-05:00,37.61159533403375,37.79138397416403,37.395647936943334,37.72105407714844,33544000
2015-11-09 00:00:00-05:00,37.56850697183629,37.805256356728805,37.102444761984046,37.382774353027344,35538000
2015-11-10 00:00:00-05:00,37.31888791028619,37.67153128737081,37.06777928393037,37.555633544921875,29798000
2015-11-11 00:00:00-05:00,37.75969536502195,38.091536797100645,37.62943462295749,37.9018440246582,41866000
2015-11-12 00:00:00-05:00,37.65072651413479,37.929079836989295,37.436762920471885,37.469947814941406,35452000
2015-11-13 00:00:00-05:00,37.34661874517265,37.41050967669592,36.62498525955262,36.65470504760742,48188000
2015-11-16 00:00:00-05:00,36.661641776090356,37.23121881715955,36.370410503817425,37.167327880859375,50704000
2015-11-17 00:00:00-05:00,37.268868189025056,37.39169993053314,36.85183504166588,36.947425842285156,38864000
2015-11-18 00:00:00-05:00,37.125228284660764,37.69629413924492,37.01725456915921,37.64230728149414,36266000
2015-11-19 00:00:00-05:00,37.63091573966302,37.801790366643026,37.50461890955349,37.63884353637695,28078000
2015-11-20 00:00:00-05:00,38.102425870595624,38.59870285890071,37.84487831480726,38.483795166015625,55478000
2015-11-23 00:00:00-05:00,38.50707192035898,38.77601234772123,38.31093646143921,38.46893310546875,34648000
2015-11-24 00:00:00-05:00,38.28370125451303,38.43377390484856,37.54819978638745,38.118770599365234,47880000
2015-11-25 00:00:00-05:00,38.220797647154676,38.28568238331324,37.965230157747435,38.10044479370117,23612000
2015-11-27 00:00:00-05:00,38.09549016459319,38.33520961607265,37.98850649350305,38.23466491699219,14434000
2015-11-30 00:00:00-05:00,38.22971187340191,38.38622348598048,37.69727991619519,37.78296661376953,33586000
2015-12-01 00:00:00-05:00,37.985534021640085,38.88002205135413,37.93650110171254,38.820091247558594,40398000
2015-12-02 00:00:00-05:00,38.89240927192124,39.278732495945825,38.455564299146616,38.52589797973633,46876000
2015-12-03 00:00:00-05:00,38.66012168799567,38.85427334423672,37.76315841836562,38.04794692993164,41950000
2015-12-04 00:00:00-05:00,38.12273675633147,38.75224461094832,37.91471711915407,38.593257904052734,49800000
2015-12-07 00:00:00-05:00,38.63535506601758,38.68191291945179,37.97464240690137,38.28519058227539,36626000
2015-12-08 00:00:00-05:00,37.86468722605754,38.56551873985474,37.766621373662964,38.39167404174805,31082000
2015-12-09 00:00:00-05:00,38.19158426791367,38.438732774956925,37.246079214984356,37.76811218261719,46550000
2015-12-10 00:00:00-05:00,37.81962357486962,37.94245530464611,37.39417143411822,37.643795013427734,32458000
2015-12-11 00:00:00-05:00,37.09699797156089,37.51502108654828,37.079661112337725,37.167327880859375,43184000
2015-12-14 00:00:00-05:00,37.20892955748949,37.84735520314572,36.465999084093625,37.76761245727539,53864000
2015-12-15 00:00:00-05:00,38.02763622433349,38.37235551670846,37.54275214656768,37.64626693725586,49386000
2015-12-16 00:00:00-05:00,37.96721252722285,38.706677886032885,37.495701382242665,38.4634895324707,53120000
2015-12-17 00:00:00-05:00,38.6898391951951,38.71113617411495,38.10243027573638,38.12868118286133,36510000
2015-12-18 00:00:00-05:00,37.99991068691821,38.34215499866473,37.47292374893055,37.485801696777344,67794000
2015-12-21 00:00:00-05:00,37.79287344694566,37.95631905848397,37.352068333698575,37.681434631347656,34848000
2015-12-22 00:00:00-05:00,37.853299499638986,38.153936040331146,37.70124678771199,37.99494934082031,36338000
2015-12-23 00:00:00-05:00,38.17127862916956,38.23120945183413,37.52542387833826,38.06330490112305,30594000
2015-12-24 00:00:00-05:00,38.063796593283165,38.0974765034836,37.85924583607798,37.931060791015625,10412000
2015-12-28 00:00:00-05:00,38.13708980690094,38.772046439105154,38.0246609848889,38.74332046508789,31156000
2015-12-29 00:00:00-05:00,38.978588655460186,39.55807729175961,38.93946358395783,39.32380676269531,38430000
2015-12-30 00:00:00-05:00,39.32380984547708,39.44763159972619,38.98899458256072,39.14253234863281,28566000
2015-12-31 00:00:00-05:00,39.01970293969297,39.0449638184855,38.4996538082312,38.53382873535156,32752000
2016-01-04 00:00:00-05:00,37.75078205495499,37.75078205495499,37.0246894987071,37.61408233642578,67382000
2016-01-05 00:00:00-05:00,37.844877135965135,38.097470756253024,37.42635906444843,37.717586517333984,45216000
2016-01-06 00:00:00-05:00,37.16485586921727,37.925614545684674,37.047473079484284,37.6086311340332,48206000
2016-01-07 00:00:00-05:00,36.972681875308176,37.409523123544396,36.417464036236815,36.700767517089844,63132000
2016-01-08 00:00:00-05:00,37.03756443381835,37.1524721461863,36.10246225573224,36.201026916503906,47506000
2016-01-11 00:00:00-05:00,36.25253057166392,36.40755715068729,35.638870785668765,36.30800247192383,50896000
2016-01-12 00:00:00-05:00,36.688389118557865,37.0643133442292,36.474425491942654,36.91572570800781,46816000
2016-01-13 00:00:00-05:00,37.11383818546396,37.29511569105602,35.50118521271843,35.63936996459961,51728000
2016-01-14 00:00:00-05:00,35.88057575565509,36.64579335347368,34.91773759384967,36.22480010986328,55558000
2016-01-15 00:00:00-05:00,35.16488562519818,35.8667072861582,34.74488241733056,35.18965148925781,76676000
2016-01-19 00:00:00-05:00,35.6680900543274,35.92564138913221,35.15794509109507,35.61509323120117,48724000
2016-01-20 00:00:00-05:00,34.962307478954806,36.00488827548958,34.06484918924632,35.5893440246582,82440000
2016-01-21 00:00:00-05:00,35.669082898102324,36.53583514483497,35.22035375446154,35.99102020263672,51938000
2016-01-22 00:00:00-05:00,36.750299346368074,37.075210568693585,36.676009308327046,36.921669006347656,47146000
2016-01-25 00:00:00-05:00,36.84143195901277,37.268369139227985,36.27977513398915,36.33524703979492,45340000
2016-01-26 00:00:00-05:00,36.413995945511694,36.624490645027414,36.00587693417526,36.34366226196289,30940000
2016-01-27 00:00:00-05:00,36.44767316127923,36.44767316127923,35.336251289971194,35.54080581665039,42428000
2016-01-28 00:00:00-05:00,36.561592379138844,37.20397818827836,36.18566820363039,37.06232833862305,62104000
2016-01-29 00:00:00-05:00,37.09501935320207,37.89490685098318,36.85925997529824,37.70867919921875,75808000
2016-02-01 00:00:00-05:00,38.19950663192024,38.51302491940316,37.710163567513646,38.17523956298828,111522000
2016-02-02 00:00:00-05:00,39.64772679116849,40.135584799907136,38.66210291736452,38.677459716796875,135846000
2016-02-03 00:00:00-05:00,38.943428440601686,39.19850096308826,36.46600321856841,37.115821838378906,131114000
2016-02-04 00:00:00-05:00,36.87857877496007,36.9107736428438,35.789443776658885,36.157440185546875,104922000
2016-02-05 00:00:00-05:00,35.933067339199276,35.99348938054058,34.677018175984244,34.8563117980957,109556000
2016-02-08 00:00:00-05:00,34.05989860982246,34.89396484054793,33.77907018845363,34.87613296508789,89410000
2016-02-09 00:00:00-05:00,34.320911544050134,35.70821166182453,34.100508981574336,34.72060775756836,84300000
2016-02-10 00:00:00-05:00,35.25403084230721,35.82014271736605,34.937047491166226,35.00935745239258,60314000
2016-02-11 00:00:00-05:00,34.48881138902276,35.28027969098621,34.233738922554686,34.98508834838867,65004000
2016-02-12 00:00:00-05:00,35.27484029349555,35.46255300234565,34.748348391488854,35.011348724365234,46538000
2016-02-16 00:00:00-05:00,35.593796606665435,35.80330504805328,35.1742884877347,35.54377365112305,43444000
2016-02-17 00:00:00-05:00,36.0073663051266,36.34218158367358,35.492766123665476,36.25352478027344,49154000
2016-02-18 00:00:00-05:00,36.35208751067128,36.45312346171829,35.44026242534527,35.53733825683594,47276000
2016-02-19 00:00:00-05:00,35.457596716660596,35.86026682598514,35.319906982575574,35.76517105102539,34918000
2016-02-22 00:00:00-05:00,36.131680185895405,36.39616552999746,35.831538651789394,36.1088981628418,37516000
2016-02-23 00:00:00-05:00,35.96278966360687,36.200525309438234,35.446205681181446,35.52643966674805,41332000
2016-02-24 00:00:00-05:00,35.19558834715986,35.721090156432915,34.77014001464588,35.705238342285156,37092000
2016-02-25 00:00:00-05:00,35.80578144820085,36.13167886174395,35.325352470777574,36.11236572265625,36146000
2016-02-26 00:00:00-05:00,36.33425594269481,36.46104778688681,35.75675109832863,35.90137481689453,42474000
2016-02-29 00:00:00-05:00,35.71019360010416,36.185668688702755,35.50415401717076,35.52297592163086,45068000
2016-03-01 00:00:00-05:00,35.725049836376904,36.76664060085836,35.59330406916311,36.75871658325195,60112000
2016-03-02 00:00:00-05:00,36.79338134300584,36.80576049323217,36.31691253643114,36.6254768371582,36292000
2016-03-03 00:00:00-05:00,36.625485266172745,36.700769108272496,36.137627226814686,36.234703063964844,40534000
2016-03-04 00:00:00-05:00,36.393684916677756,36.403588992533805,35.939008103484504,36.16684341430664,48516000
2016-03-07 00:00:00-05:00,35.91573396432205,36.01776371393931,34.92466501943607,35.304054260253906,61690000
2016-03-08 00:00:00-05:00,35.08564006041149,35.77210874204817,34.86821132888564,35.34021759033203,52530000
2016-03-09 00:00:00-05:00,35.42144439926543,35.96972830210351,35.2971276172543,35.928619384765625,39544000
2016-03-10 00:00:00-05:00,36.04649787055087,36.47987406323963,35.82362019723572,36.26343536376953,44616000
2016-03-11 00:00:00-05:00,36.64876499502006,36.893929655471744,36.48779444368558,36.8924446105957,35380000
2016-03-14 00:00:00-04:00,36.89739647261702,37.35751851905299,36.83251172926212,37.15841293334961,32824000
2016-03-15 00:00:00-04:00,36.94939860980941,37.29560675402429,36.79189695450466,37.17475509643555,29832000
2016-03-16 00:00:00-04:00,37.09947087477746,37.59228278344471,36.97317405439832,37.51105499267578,29306000
2016-03-17 00:00:00-04:00,37.525419408452116,37.90629372245666,37.511056417921615,37.5665283203125,44564000
2016-03-18 00:00:00-04:00,37.72254380959906,37.747800906637046,37.23666588450363,37.41447448730469,56222000
2016-03-21 00:00:00-04:00,37.34017675223847,37.80723272505772,37.20942103159329,37.7487907409668,28774000
2016-03-22 00:00:00-04:00,37.56454813931549,37.88945553494751,37.53681218820959,37.644287109375,22096000
2016-03-23 00:00:00-04:00,37.80773412430896,37.908773855104805,37.44518290806274,37.52096176147461,24678000
2016-03-24 00:00:00-04:00,37.20595824321045,37.520957760798765,37.17128830674289,37.3862419128418,31116000
2016-03-28 00:00:00-04:00,37.452110088913166,37.557608713819334,37.24755936849264,37.30897521972656,21676000
2016-03-29 00:00:00-04:00,37.32879073767677,37.99743124642023,37.06183408362474,37.933536529541016,40062000
2016-03-30 00:00:00-04:00,38.04844307657349,38.49915607070755,38.01724202026237,38.05488204956055,40396000
2016-03-31 00:00:00-04:00,38.05488550551048,38.09153550825286,37.55513953554599,37.78544998168945,32554000
2016-04-01 00:00:00-04:00,37.50114675207747,38.13907353450831,37.40406715862035,38.120750427246094,31674000
2016-04-04 00:00:00-04:00,38.112825868771715,38.25794836705329,37.730466534476264,37.8953971862793,26924000
2016-04-05 00:00:00-04:00,37.5491995203671,37.7839651024234,37.423888932030906,37.57099151611328,24478000
2016-04-06 00:00:00-04:00,37.53482782665455,38.058844579516816,37.458553962176275,38.041507720947266,25312000
2016-04-07 00:00:00-04:00,37.90530607852132,38.10540170741763,37.51799276727145,37.64775848388672,25498000
2016-04-08 00:00:00-04:00,37.93254582800199,37.99495172016455,37.43230866080466,37.615562438964844,23434000
2016-04-11 00:00:00-04:00,37.91174984376483,37.99941662708517,37.510073490309274,37.51997756958008,31774000
2016-04-12 00:00:00-04:00,37.56405522264028,37.885493752969026,37.22428602387416,37.855777740478516,27388000
2016-04-13 00:00:00-04:00,38.15244935426215,38.421884828605855,37.869145905347374,38.23169708251953,35426000
2016-04-14 00:00:00-04:00,38.40257150439105,38.6130661964195,38.29657785729657,38.404056549072266,26992000
2016-04-15 00:00:00-04:00,38.40951141239613,38.67845191199927,38.38127666540244,38.632389068603516,31712000
2016-04-18 00:00:00-04:00,38.64179375453752,39.05585672574483,38.51401188941667,39.01276397705078,33540000
2016-04-19 00:00:00-04:00,39.15243691005842,39.17472391705,38.15047005911196,38.446651458740234,43952000
2016-04-20 00:00:00-04:00,38.59077890598908,38.61554476545236,38.199996769544995,38.380775451660156,34262000
2016-04-21 00:00:00-04:00,38.49915824559717,38.715596928453756,38.21387091576187,38.632389068603516,77628000
2016-04-22 00:00:00-04:00,36.84488830820667,37.34067023790187,36.174271669525105,36.5407829284668,140798000
2016-04-25 00:00:00-04:00,36.420927234179516,36.89293336402173,36.40854430483388,36.76069259643555,49442000
2016-04-26 00:00:00-04:00,36.87015690813614,36.92810388713355,35.67651337937062,35.9266357421875,55864000
2016-04-27 00:00:00-04:00,35.92415278068243,36.014789629674375,35.11980648228856,35.732975006103516,66262000
2016-04-28 00:00:00-04:00,35.82361099470602,36.1192973643917,34.82857818178446,34.92070007324219,62590000
2016-04-29 00:00:00-04:00,34.87415517286672,35.26988755490959,34.857313326269264,35.06038284301758,58278000
2016-05-02 00:00:00-04:00,35.26047376802853,35.433328452247,34.98509430914639,35.3838005065918,33476000
2016-05-03 00:00:00-04:00,35.289201352299486,35.33229032688961,35.033138800854644,35.08811569213867,38620000
2016-05-04 00:00:00-04:00,35.00539903230092,35.41549432613991,34.87067940109443,35.23323059082031,34172000
2016-05-05 00:00:00-04:00,35.41301792717153,35.53931474264943,35.138133510992844,35.39865493774414,29668000
2016-05-06 00:00:00-04:00,35.274344021418024,35.95734376958837,35.26196108951972,35.9172248840332,39952000
2016-05-09 00:00:00-04:00,35.99249738516592,36.368421464747826,35.834005731534134,36.11285400390625,38074000
2016-05-10 00:00:00-04:00,36.40160788049938,36.65123139523869,36.235687218848014,36.62052536010742,32634000
2016-05-11 00:00:00-04:00,36.67699517933567,36.690863155362834,36.051942449477195,36.18319320678711,29834000
2016-05-12 00:00:00-04:00,36.25500662591718,36.421921124860845,35.87215225654351,36.060359954833984,27094000
2016-05-13 00:00:00-04:00,35.98854387776571,36.21984053992493,35.834507329223655,35.89988708496094,25244000
2016-05-16 00:00:00-04:00,35.874633054661615,36.28869232420413,35.66066943106424,36.170814514160156,22538000
2016-05-17 00:00:00-04:00,36.208454234180905,36.445694872470284,35.561609507704375,35.670074462890625,33404000
2016-05-18 00:00:00-04:00,35.58637708414747,35.93654542370277,35.41401738638627,35.74883270263672,32536000
2016-05-19 00:00:00-04:00,35.57646401726858,35.68542775543621,35.180727944058624,35.42837142944336,30598000
2016-05-20 00:00:00-04:00,35.48534243083909,36.04204164057299,35.4135236831795,35.745365142822266,34798000
2016-05-23 00:00:00-04:00,35.65967832094843,35.83401806633295,35.50911063135891,35.52446365356445,24816000
2016-05-24 00:00:00-04:00,35.6532377493627,36.363973440027415,35.64332989250356,36.306026458740234,37884000
2016-05-25 00:00:00-04:00,36.403598756887234,36.64579334223057,36.284730921034495,36.55713653564453,32216000
2016-05-26 00:00:00-04:00,36.45312462698734,36.70572207015951,36.30454078533441,36.49918746948242,27202000
2016-05-27 00:00:00-04:00,36.52791441367793,37.04301339152883,36.50314855004711,37.02766036987305,34802000
2016-05-31 00:00:00-04:00,37.08510636431688,37.31888187127992,36.927109702222374,37.08956527709961,42484000
2016-06-01 00:00:00-04:00,37.070750294527095,37.21438399403629,36.86619574306748,37.070255279541016,20788000
2016-06-02 00:00:00-04:00,36.953372626931966,37.01280844216349,36.50265953025984,36.862735748291016,33916000
2016-06-03 00:00:00-04:00,36.72503822560054,36.72503822560054,36.34960906274745,36.446189880371094,24608000
2016-06-06 00:00:00-04:00,36.5769395246898,36.5769395246898,36.0712534969626,36.15891647338867,29992000
2016-06-07 00:00:00-04:00,36.317907938553475,36.48828374743537,36.19557124558525,36.20993423461914,24314000
2016-06-08 00:00:00-04:00,36.626475410953596,36.839944006106606,36.4417365780492,36.79636001586914,32314000
2016-06-09 00:00:00-04:00,36.50612005374246,36.845885461754385,36.477889087126684,36.77605056762695,19180000
2016-06-10 00:00:00-04:00,36.45064928783355,36.633408054127045,36.181213780482665,36.31394958496094,29050000
2016-06-13 00:00:00-04:00,36.14702803810914,36.60170102922095,36.14702803810914,36.24905776977539,23354000
2016-06-14 00:00:00-04:00,36.12178332225819,36.45312975689933,35.982608524006814,36.316925048828125,26584000
2016-06-15 00:00:00-04:00,36.3996304271619,36.51007921602251,36.220831790789894,36.26441955566406,23234000
2016-06-16 00:00:00-04:00,36.05491503495733,36.17527169300012,35.43977011895962,35.87116622924805,45002000
2016-06-17 00:00:00-04:00,35.729512816402405,35.729512816402405,34.72556574470168,34.880592346191406,82262000
2016-06-20 00:00:00-04:00,35.18073492384493,35.456114413307816,34.93804531806589,34.97370529174805,45654000
2016-06-21 00:00:00-04:00,35.167848398980425,35.4318387003224,34.90089178710406,35.109901428222656,30318000
2016-06-22 00:00:00-04:00,35.36597328877576,35.373897307675094,34.96132307997558,35.18865966796875,29058000
2016-06-23 00:00:00-04:00,35.1926220771718,35.407080708348346,34.682477011742776,35.406585693359375,42500000
2016-06-24 00:00:00-04:00,34.18322743330838,34.91773901679458,33.92270594646883,33.937068939208984,95436000
2016-06-27 00:00:00-04:00,33.80284197439406,33.84444590007833,33.31597401791245,33.73597717285156,58146000
2016-06-28 00:00:00-04:00,34.24265444781034,34.310509274011096,33.919727144124266,34.237205505371094,38246000
2016-06-29 00:00:00-04:00,34.38579518880809,34.6453228159784,34.30753748786173,34.431854248046875,43124000
2016-06-30 00:00:00-04:00,34.55369743884555,34.856812842639116,34.41749275736382,34.84492492675781,42250000
2016-07-01 00:00:00-04:00,34.92268477982519,35.29068111866465,34.854829952062055,35.177757263183594,30984000
2016-07-05 00:00:00-04:00,34.91822499368618,35.072257753887065,34.62699753671093,34.91228103637695,28440000
2016-07-06 00:00:00-04:00,34.662166587541094,35.31396522804846,34.62056266019424,35.11436462402344,28902000
2016-07-07 00:00:00-04:00,35.17082167761357,35.17379176683772,34.70327068539644,35.0296630859375,21174000
2016-07-08 00:00:00-04:00,35.19311528725154,35.55665654375242,35.07176860384999,35.55071258544922,29946000
2016-07-11 00:00:00-04:00,35.63193970544159,36.10295588116853,35.60469876800274,36.01727294921875,28822000
2016-07-12 00:00:00-04:00,36.251044813809045,36.4333085457234,36.03212730655843,36.28026580810547,26468000
2016-07-13 00:00:00-04:00,36.42934705832271,36.42934705832271,36.10740978202977,36.130191802978516,20436000
2016-07-14 00:00:00-04:00,36.35108874701633,36.460052479803196,36.18516807345069,36.443214416503906,21408000
2016-07-15 00:00:00-04:00,36.700761960686876,36.700761960686876,36.38575867689998,36.43479537963867,32342000
2016-07-18 00:00:00-04:00,36.547725833587926,37.40110518450988,36.47838595088749,37.30501937866211,38698000
2016-07-19 00:00:00-04:00,37.14008471687903,37.47291611810079,37.07173487145102,37.3154182434082,30436000
2016-07-20 00:00:00-04:00,37.3471197101307,37.67351596465005,37.3471197101307,37.4971923828125,22502000
2016-07-21 00:00:00-04:00,37.4932251597202,37.55018588658459,37.221809601242725,37.36494827270508,19062000
2016-07-22 00:00:00-04:00,37.50907575319227,37.61457061327195,37.278270321081564,37.60615158081055,20920000
2016-07-25 00:00:00-04:00,37.52690595157455,37.63289961126049,37.34810730646368,37.51898193359375,21466000
2016-07-26 00:00:00-04:00,37.518982169414485,37.60516389532007,37.28273155840283,37.525421142578125,23792000
2016-07-27 00:00:00-04:00,37.590799861392235,37.8622154204272,37.44023218676699,37.739383697509766,32172000
2016-07-28 00:00:00-04:00,38.079648407856354,38.086087380927324,37.596740542494025,37.931060791015625,73464000
2016-07-29 00:00:00-04:00,39.509544379436065,39.81810497128214,39.12767622691774,39.19404602050781,101810000
2016-08-01 00:00:00-04:00,38.96273826001454,39.9939260488374,38.88200548987763,39.66951370239258,60594000
2016-08-02 00:00:00-04:00,39.490717700141126,39.737866175714565,39.35203795006782,39.628902435302734,39928000
2016-08-03 00:00:00-04:00,39.44812655132865,39.60017927231343,39.27725192614084,39.5694694519043,29206000
2016-08-04 00:00:00-04:00,39.535784481045226,39.6328603005756,39.32182091042365,39.486751556396484,21520000
2016-08-05 00:00:00-04:00,39.6284012480169,39.98054951111941,39.514483597491626,39.9661865234375,36146000
2016-08-08 00:00:00-04:00,39.92013119791531,39.99937893122146,39.70666262315225,39.881996154785156,24426000
2016-08-09 00:00:00-04:00,39.845342310603826,40.28317734528126,39.82404533253013,39.99343490600586,32154000
2016-08-10 00:00:00-04:00,39.97213709587108,40.16182983487827,39.944401145585964,40.04345703125,18370000
2016-08-11 00:00:00-04:00,40.141523543774255,40.31041810157045,39.92013095278801,40.02909469604492,25646000
2016-08-12 00:00:00-04:00,39.875057818878155,39.979067623445786,39.80323909605845,39.97213363647461,17946000
2016-08-15 00:00:00-04:00,39.98006273119915,40.18560729207288,39.82256107035205,39.91815185546875,18596000
2016-08-16 00:00:00-04:00,39.79630510536073,39.83394890819473,39.47436783673516,39.6818962097168,21158000
2016-08-17 00:00:00-04:00,39.62295775017451,39.901806068676585,39.43970021023365,39.89140319824219,21322000
2016-08-18 00:00:00-04:00,39.88843359002932,40.01918932195238,39.70369100315193,39.75916290283203,17292000
2016-08-19 00:00:00-04:00,39.612551509979866,39.683875216026316,39.46842661078423,39.60561752319336,22416000
2016-08-22 00:00:00-04:00,39.54916102020729,39.588289871987186,39.342131417955564,39.47189712524414,17056000
2016-08-23 00:00:00-04:00,39.646733851736315,39.67248974426232,39.42435121807312,39.45406723022461,18350000
2016-08-24 00:00:00-04:00,39.4674386471185,39.546686381408385,39.16531327293321,39.30597686767578,25672000
2016-08-25 00:00:00-04:00,39.226728501740986,39.36144813636851,38.99047790495688,39.19205856323242,24054000
2016-08-26 00:00:00-04:00,39.25099635613975,39.593240580805094,39.098448638330076,39.28715133666992,24978000
2016-08-29 00:00:00-04:00,39.27873318508929,39.54965370580238,39.143518542812494,39.41592788696289,15474000
2016-08-30 00:00:00-04:00,39.27031857777686,39.523906048110916,39.10142400962578,39.22277069091797,23348000
2016-08-31 00:00:00-04:00,39.10786014205451,39.20543098345982,38.988992322911685,39.120243072509766,21428000
2016-09-01 00:00:00-04:00,39.22573983663845,39.27081264763772,38.945905244204624,39.19701385498047,26070000
2016-09-02 00:00:00-04:00,39.38868969924981,39.47932655574071,39.28913501647197,39.467933654785156,26998000
2016-09-06 00:00:00-04:00,39.543215875051615,40.16232460350478,39.396612107120724,40.020179748535156,39790000
2016-09-07 00:00:00-04:00,40.015718148580476,40.14795891766059,39.8072035218057,40.01869201660156,22906000
2016-09-08 00:00:00-04:00,39.88150386208578,40.03999556077648,39.67298542236639,39.76362228393555,23554000
2016-09-09 00:00:00-04:00,39.562041067354286,39.709638656123914,39.0310940729756,39.052391052246094,37752000
2016-09-12 00:00:00-04:00,38.85625741430185,39.63137899910432,38.80573566149111,39.564517974853516,37274000
2016-09-13 00:00:00-04:00,39.32628414321109,39.41444592578274,38.84684517149424,39.06427764892578,36180000
2016-09-14 00:00:00-04:00,39.00533674493779,39.44119172836138,39.00533674493779,39.150455474853516,25842000
2016-09-15 00:00:00-04:00,39.12817079726856,39.80374152732934,39.06130598946674,39.68388366699219,31144000
2016-09-16 00:00:00-04:00,39.57442577832844,39.57442577832844,39.30697031992318,39.52241897583008,42612000
2016-09-19 00:00:00-04:00,39.677933879364375,39.82057752213832,39.303993583058045,39.394630432128906,22990000
2016-09-20 00:00:00-04:00,39.62296224814641,39.759166936622435,39.53678052169134,39.612064361572266,20984000
2016-09-21 00:00:00-04:00,39.68536293035265,39.915673333121774,39.426326548784026,39.87208557128906,26970000
2016-09-22 00:00:00-04:00,40.11825220059804,40.56698140409992,40.004833306920446,40.41294860839844,35186000
2016-09-23 00:00:00-04:00,40.372824722593656,40.46494662386342,40.25346188501585,40.36391067504883,28234000
2016-09-26 00:00:00-04:00,40.1093374803738,40.12221542750628,39.645251483579415,39.754215240478516,29454000
2016-09-27 00:00:00-04:00,39.71359854012882,40.29110338799935,39.71359854012882,40.15440368652344,27346000
2016-09-28 00:00:00-04:00,39.825030628755364,40.13062484558612,39.76064468726042,40.121212005615234,29406000
2016-09-29 00:00:00-04:00,39.98105590199613,40.31190728513214,39.66555754057972,39.753719329833984,27000000
2016-09-30 00:00:00-04:00,39.801265064764245,40.02364769639707,39.69725524444355,39.82404708862305,33204000
2016-10-03 00:00:00-04:00,39.74926342156919,39.798296359028136,39.436243890104386,39.641788482666016,29784000
2016-10-04 00:00:00-04:00,39.870601484709326,39.94489528670207,39.606614947858944,39.76114273071289,25174000
2016-10-05 00:00:00-04:00,39.92013428290503,40.043956041709784,39.65812777380331,39.68388366699219,24276000
2016-10-06 00:00:00-04:00,39.82503300685153,39.967181635983955,39.648218219931316,39.77550506591797,21998000
2016-10-07 00:00:00-04:00,39.91666822924892,39.91716324420308,39.46546020916446,39.65812683105469,23262000
2016-10-10 00:00:00-04:00,39.81760462081395,40.483766206087076,39.73390175695521,40.32477951049805,29922000
2016-10-11 00:00:00-04:00,40.324785936823055,40.60660439113325,39.98799058935439,40.096954345703125,34432000
2016-10-12 00:00:00-04:00,40.21533023725275,40.34113207015087,40.04643942500411,40.2059211730957,18158000
2016-10-13 00:00:00-04:00,39.92360357023108,39.94787064002745,39.55461336491413,39.82503890991211,27380000
2016-10-14 00:00:00-04:00,39.99195054123899,40.12270628020538,39.737868066074995,39.850791931152344,22238000
2016-10-17 00:00:00-04:00,39.919635830808495,40.29110107523914,39.81265592627688,39.961734771728516,21128000
2016-10-18 00:00:00-04:00,40.32676101618569,41.04987957140694,40.28317703052519,40.68733215332031,45786000
2016-10-19 00:00:00-04:00,40.756176940929535,41.09891620399466,40.756176940929535,40.952308654785156,30002000
2016-10-20 00:00:00-04:00,40.987969837514186,41.03304264793723,40.64077542986165,40.69426727294922,27878000
2016-10-21 00:00:00-04:00,40.6135353198127,40.82601387293646,40.52983244892093,40.81462097167969,32316000
2016-10-24 00:00:00-04:00,41.113281401725494,41.50207974585815,41.06127460219689,41.39311599731445,28952000
2016-10-25 00:00:00-04:00,41.52981066824207,41.52981066824207,40.8760320348995,41.03700256347656,37814000
2016-10-26 00:00:00-04:00,40.966170414056855,40.99539518372382,40.432748460957825,40.71753692626953,35898000
2016-10-27 00:00:00-04:00,40.762621775131976,40.93943659623245,40.34657867763703,40.4822883605957,59470000
2016-10-28 00:00:00-04:00,41.1058485283358,41.554577647664324,40.46494404356453,40.591739654541016,87098000
2016-10-31 00:00:00-04:00,40.733890356752624,40.74379821369587,40.01919454026972,40.11329650878906,44854000
2016-11-01 00:00:00-04:00,40.16133142098531,40.314377928257,39.536773798772096,39.894371032714844,47118000
2016-11-02 00:00:00-04:00,39.957775587332776,39.957775587332776,38.880029826845984,39.04941940307617,47014000
2016-11-03 00:00:00-04:00,38.85526508374616,39.127674455374546,38.56453260151955,38.7408561706543,43504000
2016-11-04 00:00:00-04:00,38.20148761839691,39.05239189257774,38.18662961195732,38.68687057495117,39412000
2016-11-07 00:00:00-05:00,39.37283984022069,39.870601894834735,39.271305102410835,39.72350311279297,39852000
2016-11-08 00:00:00-05:00,39.723504267357484,40.41739805152858,39.60413765307024,40.216312408447266,35382000
2016-11-09 00:00:00-05:00,39.713594605728545,40.20293762009324,39.228710504227664,39.89982223510742,61970000
2016-11-10 00:00:00-05:00,40.118249505226984,40.1212195949968,38.049434609680205,38.646751403808594,118192000
2016-11-11 00:00:00-05:00,38.47439137391961,38.49816342807949,37.91620343934803,38.223777770996094,71852000
2016-11-14 00:00:00-05:00,38.22426361718796,38.22525364686463,36.82903973353658,37.305999755859375,73766000
2016-11-15 00:00:00-05:00,37.91273189155231,38.644273256932934,37.90035273975532,38.39266586303711,58878000
2016-11-16 00:00:00-05:00,38.15789845689062,38.80573314527907,37.95532778007206,38.63139343261719,35968000
2016-11-17 00:00:00-05:00,38.75621101406046,39.07319441845771,38.624960250305676,38.93748474121094,30674000
2016-11-18 00:00:00-05:00,38.98750395949674,39.19155967222018,38.40207518215736,38.43278121948242,36126000
2016-11-21 00:00:00-05:00,38.53828344235378,38.956801596503176,38.4491316238442,38.8701286315918,32616000
2016-11-22 00:00:00-05:00,39.07764830302512,39.31439390654118,38.81762188384057,38.880027770996094,27884000
2016-11-23 00:00:00-05:00,39.103901943946546,39.103901943946546,38.26835072824198,38.58285903930664,26260000
2016-11-25 00:00:00-05:00,38.7616575493343,38.77602054012251,38.54274002543956,38.64377975463867,12270000
2016-11-28 00:00:00-05:00,38.55066376960576,39.61008264826148,38.5382808386721,38.919158935546875,51508000
2016-11-29 00:00:00-05:00,39.047435625864814,39.4466368309274,38.89686795314394,39.099937438964844,31240000
2016-11-30 00:00:00-05:00,39.08310589572033,39.20246875371343,38.29312238641178,38.4283332824707,45582000
2016-12-01 00:00:00-05:00,38.56057026381305,38.56304533841636,37.312939948010374,37.85626983642578,57342000
2016-12-02 00:00:00-05:00,37.735921009534806,38.1618681687482,37.592287313638174,37.86271286010742,34376000
2016-12-05 00:00:00-05:00,38.13710234566975,38.63238938912001,37.98702967621612,38.544227600097656,33770000
2016-12-06 00:00:00-05:00,38.6417906321365,38.893893016349374,38.30153025548273,38.443180084228516,34682000
2016-12-07 00:00:00-05:00,38.62991058422393,39.22672854211137,38.31193340072965,39.20048141479492,40588000
2016-12-08 00:00:00-05:00,39.27378188193176,39.57343218052212,39.0241583214218,39.38373565673828,32250000
2016-12-09 00:00:00-05:00,39.58829498217236,40.11577691193777,39.52638409947652,40.09101104736328,38090000
2016-12-12 00:00:00-05:00,39.861692522203306,40.1851148976498,39.84732953062635,40.01424026489258,32572000
2016-12-13 00:00:00-05:00,40.23661601762069,40.82650371619379,40.214329011617224,40.38272476196289,42564000
2016-12-14 00:00:00-05:00,40.4114585441862,40.824527723049094,40.25593694407588,40.509029388427734,35994000
2016-12-15 00:00:00-05:00,40.48277944836619,40.76212280581694,40.21730406686193,40.39808654785156,35394000
2016-12-16 00:00:00-05:00,40.52983688330752,40.57391589083676,40.025136970523285,40.110328674316406,51978000
2016-12-19 00:00:00-05:00,40.082587523713634,40.42631682685612,39.845838128020986,40.242069244384766,25272000
2016-12-20 00:00:00-05:00,40.28516040973833,40.43969198945519,40.167777624744446,40.375797271728516,25438000
2016-12-21 00:00:00-05:00,40.40155072374915,40.40155072374915,39.875557679764114,40.227210998535156,29192000
2016-12-22 00:00:00-05:00,40.07367193850869,40.171242779675495,39.92161544772397,40.10239791870117,22632000
2016-12-23 00:00:00-05:00,40.01968021323798,40.16628396460939,39.876046551012074,40.00927734375,15310000
2016-12-27 00:00:00-05:00,40.05286192984162,40.41541308426627,39.910222073911434,40.11477279663086,19520000
2016-12-28 00:00:00-05:00,40.28317917009304,40.28317917009304,39.74381314862238,39.849308013916016,24296000
2016-12-29 00:00:00-05:00,39.73836117672298,39.90774696622193,39.53083656659732,39.765602111816406,21148000
2016-12-30 00:00:00-05:00,39.78194278403045,39.78590668182561,39.108847242982684,39.24901580810547,34718000
2017-01-03 00:00:00-05:00,39.653667552867596,40.18956847006335,39.46892872942391,40.01968765258789,39180000
2017-01-04 00:00:00-05:00,40.11280473449718,40.28813829639935,39.82653112854575,40.00780487060547,30306000
2017-01-05 00:00:00-05:00,39.99442667919496,40.30348605030842,39.916172751204776,40.267826080322266,26810000
2017-01-06 00:00:00-05:00,40.365397124732695,41.05731466379456,40.19254243838996,40.87158203125,40342000
2017-01-09 00:00:00-05:00,40.92903166204217,41.13011730407852,40.6937710966463,40.96915054321289,28178000
2017-01-10 00:00:00-05:00,40.96370329093332,41.079601026185316,40.76905661359754,40.91120147705078,23948000
2017-01-11 00:00:00-05:00,40.941418801524705,41.103870623858846,40.68634627678234,41.101890563964844,26508000
2017-01-12 00:00:00-05:00,41.02858385962358,41.12764352837239,40.66355757691769,41.08554458618164,26990000
2017-01-13 00:00:00-05:00,41.158342708763286,41.33912137832814,41.08504272272163,41.155372619628906,25804000
2017-01-17 00:00:00-05:00,41.10881877067412,41.117732817683695,40.77202347778889,40.98301696777344,28818000
2017-01-18 00:00:00-05:00,41.09891368017955,41.099408695071226,40.81560645507907,41.060279846191406,20554000
2017-01-19 00:00:00-05:00,41.05929169596535,41.25740724515224,40.80966814450937,40.82997131347656,21410000
2017-01-20 00:00:00-05:00,41.06375252744144,41.07118530966726,40.8413698803792,41.0181884765625,26124000
2017-01-23 00:00:00-05:00,41.18855635965167,41.878489908373126,41.0444276871283,41.82351303100586,49148000
2017-01-24 00:00:00-05:00,41.94982166756888,42.17468316763265,41.71703614905964,42.07612228393555,33768000
2017-01-25 00:00:00-05:00,42.27522424241807,42.53475188376061,42.086517745992495,42.517913818359375,33108000
2017-01-26 00:00:00-05:00,42.54762363547132,42.644204436848526,42.12514545098924,42.445098876953125,69866000
2017-01-27 00:00:00-05:00,42.545154673095425,42.941382011600886,41.69821434425477,41.85323715209961,75050000
2017-01-30 00:00:00-05:00,41.45849013951448,41.46690917124063,40.66454295057862,40.803226470947266,70338000
2017-01-31 00:00:00-05:00,40.58877276505595,40.765591362717814,40.28664735831869,40.622947692871094,40404000
2017-02-01 00:00:00-05:00,40.81164436970975,40.81164436970975,40.22968070716536,40.37777328491211,45020000
2017-02-02 00:00:00-05:00,40.36588960454157,40.83938460086608,40.21978084968036,40.52735137939453,33784000
2017-02-03 00:00:00-05:00,40.76855218047613,40.917135982603725,40.58133077053706,40.619964599609375,30562000
2017-02-06 00:00:00-05:00,40.65910523524347,40.73191022356615,40.33072892911232,40.69377517700195,27018000
2017-02-07 00:00:00-05:00,40.885943707671984,41.20391711792648,40.7764849472161,41.070682525634766,33332000
2017-02-08 00:00:00-05:00,41.13507343595062,41.31932102300994,40.86662796265788,41.10287857055664,26044000
2017-02-09 00:00:00-05:00,41.19450636126251,41.206889292741955,40.935473723814795,41.111793518066406,23884000
2017-02-10 00:00:00-05:00,41.254931427405566,41.46295106892511,41.13408354083997,41.349037170410156,28302000
2017-02-13 00:00:00-05:00,41.49019119062651,41.690290589000725,41.41837623677785,41.5526008605957,25914000
2017-02-14 00:00:00-05:00,41.59271287532232,41.703161658807645,41.39757119833204,41.6055908203125,27266000
2017-02-15 00:00:00-05:00,41.54516952790514,41.69177708784162,41.416892636385896,41.47137451171875,27144000
2017-02-16 00:00:00-05:00,41.52981349603699,41.7373381107197,41.46839763700026,41.711585998535156,20102000
2017-02-17 00:00:00-05:00,41.668992579004644,41.94784093752763,41.59321372189133,41.928524017333984,29224000
2017-02-21 00:00:00-05:00,41.99984413142474,42.20835877963095,41.92852041520191,42.06324005126953,25206000
2017-02-22 00:00:00-05:00,42.00033616675811,42.28710471987905,41.93644145777508,42.166751861572266,24488000
2017-02-23 00:00:00-05:00,42.152885864646514,42.22915972834813,41.72792878206621,42.148921966552734,27734000
2017-02-24 00:00:00-05:00,41.98299700386696,42.01816195325167,41.75070655324091,41.99092102050781,26924000
2017-02-27 00:00:00-05:00,41.8492780553022,42.132581535048224,41.753192252640154,42.08305358886719,20206000
2017-02-28 00:00:00-05:00,41.968139663116006,42.041443430995564,41.67542338521394,41.8482780456543,27662000
2017-03-01 00:00:00-05:00,42.16774542799658,42.49562669616429,42.05085766415848,42.4337158203125,36374000
2017-03-02 00:00:00-05:00,42.411922022962386,42.42083984973324,42.03600161590954,42.09196853637695,25018000
2017-03-03 00:00:00-05:00,42.04689139094415,42.14000709630105,41.83738672200077,42.05382537841797,20100000
2017-03-06 00:00:00-05:00,41.943876857320035,42.04689665249963,41.66205841017576,41.96418380737305,20958000
2017-03-07 00:00:00-05:00,41.96369017652088,42.26433053871985,41.87751222375118,42.15635681152344,20774000
2017-03-08 00:00:00-05:00,42.253914828827746,42.442621286594374,42.16129793061473,42.27967071533203,20576000
2017-03-09 00:00:00-05:00,42.282153028819565,42.629842410126955,42.23163128135097,42.487693786621094,26954000
2017-03-10 00:00:00-05:00,42.72840738303313,42.804186232785284,42.476308751278104,42.66451644897461,26732000
2017-03-13 00:00:00-04:00,42.63578914174355,42.947818578443844,42.63529412683337,42.8215217590332,23332000
2017-03-14 00:00:00-04:00,42.78041027741281,42.97010678132051,42.601116643473006,42.887393951416016,21234000
2017-03-15 00:00:00-04:00,42.9879363820528,43.08402217457736,42.6590651104232,43.010223388671875,26658000
2017-03-16 00:00:00-04:00,43.116216724663545,43.2241904314329,42.967134109237925,43.0899658203125,22090000
2017-03-17 00:00:00-04:00,43.27223646944111,43.3088902499119,43.009239926452885,43.20735549926758,37366000
2017-03-20 00:00:00-04:00,43.06421291993208,43.10680687622737,42.82598226213966,42.986454010009766,30844000
2017-03-21 00:00:00-04:00,43.0929371134557,43.26183166558612,41.98498038710303,42.106327056884766,50760000
2017-03-22 00:00:00-04:00,42.073637169881756,42.36437340663717,41.95080545540332,42.0894889831543,27334000
2017-03-23 00:00:00-04:00,41.672958466552586,41.68781647395216,41.257414159400035,41.58677673339844,65754000
2017-03-24 00:00:00-04:00,41.70316491470992,41.802224584391475,41.06424799427898,41.363399505615234,42114000
2017-03-27 00:00:00-04:00,41.01422259164515,41.672460231259336,40.82650989618619,41.530311584472656,38692000
2017-03-28 00:00:00-04:00,41.588753273950836,41.87156171613289,41.22124815846946,41.635311126708984,30384000
2017-03-29 00:00:00-04:00,41.74031319223479,42.17814445697651,41.672458358494666,42.09295654296875,29146000
2017-03-30 00:00:00-04:00,42.19746066544872,42.198450695305645,41.93941807434497,42.073638916015625,18988000
2017-03-31 00:00:00-04:00,41.94238602776751,42.07760067114844,41.863637092014265,41.99042892456055,28820000
2017-04-03 00:00:00-04:00,42.03748470336505,42.545154641097724,41.97705887232587,42.4337158203125,39388000
2017-04-04 00:00:00-04:00,42.00033805425113,42.24798154801737,41.97606720829683,42.2266845703125,26970000
2017-04-05 00:00:00-04:00,42.33267369614479,42.623901170013,41.97656148173173,42.045406341552734,37104000
2017-04-06 00:00:00-04:00,42.07462841864242,42.27720288404098,41.80222284054701,41.85670471191406,30672000
2017-04-07 00:00:00-04:00,41.85174829647786,41.895332279485125,41.47037899831516,41.70811462402344,22232000
2017-04-10 00:00:00-04:00,41.68038088367817,41.93793223370584,41.6432358710491,41.68830490112305,20924000
2017-04-11 00:00:00-04:00,41.68830544479964,41.83342417151486,41.33665213194565,41.59816360473633,19486000
2017-04-12 00:00:00-04:00,41.52783450631439,41.78835595432547,41.48474553451597,41.676422119140625,22716000
2017-04-13 00:00:00-04:00,41.65561580686632,41.788850397399514,41.497622912434174,41.61302185058594,21474000
2017-04-17 00:00:00-04:00,41.672461606303045,42.3787421714296,41.655124745944256,42.35348129272461,20982000
2017-04-18 00:00:00-04:00,42.225193603460575,42.465408082519694,42.16130267358907,42.29701232910156,18724000
2017-04-19 00:00:00-04:00,42.465405574698345,42.60458032624375,42.27422403252767,42.42182159423828,21606000
2017-04-20 00:00:00-04:00,42.58180622656546,42.7893308553237,42.470862416584545,42.59864807128906,23776000
2017-04-21 00:00:00-04:00,42.62538785626296,42.715533475623964,42.482252967104046,42.54267501831055,23458000
2017-04-24 00:00:00-04:00,43.01270303722561,43.58327384541008,42.8973003253348,43.532257080078125,33930000
2017-04-25 00:00:00-04:00,43.69719295007352,44.19198497042465,43.54959913665454,44.023094177246094,40760000
2017-04-26 00:00:00-04:00,44.149383602198945,44.22863132834643,43.840324271954984,44.03794479370117,26466000
2017-04-27 00:00:00-04:00,44.080543160461204,44.24794889741398,43.94087337468972,44.15186309814453,46846000
2017-04-28 00:00:00-04:00,46.01215551662207,46.353900921083685,45.72587822649269,45.79026794433594,76918000
2017-05-01 00:00:00-04:00,45.771950366090515,46.349950227227325,45.606029667986704,46.20136260986328,46556000
2017-05-02 00:00:00-04:00,46.22364789709933,46.70506688328401,46.111215278184886,46.412845611572266,35026000
2017-05-03 00:00:00-04:00,46.361343350318045,47.062171161056426,46.31973942185553,46.97549819946289,36496000
2017-05-04 00:00:00-04:00,47.06662872236477,47.50495878222806,46.922005006805605,47.286041259765625,38752000
2017-05-05 00:00:00-04:00,47.385095019843064,47.47028670904223,46.95815788023436,47.066131591796875,32310000
2017-05-08 00:00:00-04:00,46.925966984381915,47.59658372133681,46.92348813105127,47.482669830322266,37534000
2017-05-09 00:00:00-04:00,47.61342696911177,47.65651594070174,47.27019268371043,47.38460159301758,33758000
2017-05-10 00:00:00-04:00,47.36033822626483,47.384605296086455,47.044344852430555,47.291988372802734,22920000
2017-05-11 00:00:00-04:00,47.116154949443604,47.448000104346505,46.983419154726356,47.34398651123047,20622000
2017-05-12 00:00:00-04:00,47.44106742587728,47.44750262001972,47.15429507199372,47.30684280395508,24298000
2017-05-15 00:00:00-04:00,47.31427208725892,47.68127842877162,47.19193538050803,47.50891876220703,26754000
2017-05-16 00:00:00-04:00,47.72338087205677,47.83976984140722,47.56488918212898,47.77587890625,22030000
2017-05-17 00:00:00-04:00,47.532688799010096,47.59657972674936,46.559943000322605,46.664451599121094,48982000
2017-05-18 00:00:00-04:00,46.715465229059134,47.2592900915323,46.61987445419596,47.0770263671875,36010000
2017-05-19 00:00:00-04:00,47.19193684006295,47.525762076163396,47.15132294153553,47.28257369995117,27206000
2017-05-22 00:00:00-04:00,47.398961994947236,47.78627903939145,47.37717000287599,47.74913024902344,27748000
2017-05-23 00:00:00-04:00,48.04085880767496,48.2662115202106,47.77042950664832,48.0700798034668,30908000
2017-05-24 00:00:00-04:00,48.303361279013096,48.445011126442814,48.12357260882,48.41975402832031,22660000
2017-05-25 00:00:00-04:00,48.48860475403831,49.319697150134836,48.4301589754796,49.12554168701172,39082000
2017-05-26 00:00:00-04:00,49.13246123196307,49.34989367234561,48.902649641501576,49.19536590576172,32728000
2017-05-30 00:00:00-04:00,49.15723578595664,49.41082324920946,49.100773852744645,49.33900451660156,30324000
2017-05-31 00:00:00-04:00,49.34098522104702,49.50888596519475,48.62133178955588,48.8892822265625,34482000
2017-06-01 00:00:00-04:00,49.080959804309984,49.18893351667053,48.602015865044805,48.9487190246582,26128000
2017-06-02 00:00:00-04:00,48.963582266303106,49.354364468013955,48.88829842429911,49.33653259277344,34710000
2017-06-05 00:00:00-04:00,49.424190754159014,49.89520686552461,49.30333910453732,49.72086715698242,27578000
2017-06-06 00:00:00-04:00,49.692637887650676,49.95513937855616,49.27114970174379,49.364261627197266,31042000
2017-06-07 00:00:00-04:00,49.48362639776251,49.722355846446845,49.32414468160437,49.60299301147461,27482000
2017-06-08 00:00:00-04:00,49.738205655835046,49.806060490077826,49.36129523418635,49.740684509277344,33758000
2017-06-09 00:00:00-04:00,49.80061766885454,49.80111268381829,47.219178871489504,48.04878616333008,72958000
2017-06-12 00:00:00-04:00,47.484156654133194,47.9437836909767,46.398486871952834,47.63719940185547,84042000
2017-06-13 00:00:00-04:00,48.143874108397874,48.4346065519198,47.64709833252278,48.06760025024414,40108000
2017-06-14 00:00:00-04:00,48.31524554326988,48.52326516423852,47.523278381404076,47.940311431884766,30110000
2017-06-15 00:00:00-04:00,46.95420202055689,47.58123482663765,46.57530774462255,47.55646896362305,48552000
2017-06-16 00:00:00-04:00,47.44403350476708,47.545073223867796,46.98787539224676,47.47919845581055,51184000
2017-06-19 00:00:00-04:00,48.02550570693398,48.50345966236518,47.95369074924753,48.30138397216797,29376000
2017-06-20 00:00:00-04:00,48.305828731175964,48.57724802466379,47.95368044918681,47.9928092956543,25946000
2017-06-21 00:00:00-04:00,48.0819614033446,48.51583248508571,48.01559162412948,48.468284606933594,23232000
2017-06-22 00:00:00-04:00,48.38309906158543,48.56289150610097,48.20677927903942,48.37071990966797,20190000
2017-06-23 00:00:00-04:00,48.31525179352967,48.86601073481301,48.263740007155725,48.839759826660156,31280000
2017-06-26 00:00:00-04:00,49.03342165972943,49.2310422354482,48.059190537865504,48.1463623046875,30358000
2017-06-27 00:00:00-04:00,47.626799981143904,47.90514952325418,46.90813654523686,46.957664489746094,48872000
2017-06-28 00:00:00-04:00,47.08495982218375,47.708028757040346,46.366791329545286,47.59757995605469,54912000
2017-06-29 00:00:00-04:00,47.11913452661278,47.13448754848422,46.04188368212533,46.44900894165039,64134000
2017-06-30 00:00:00-04:00,46.754600639634695,46.804623601062964,46.042376148327556,46.04584503173828,45754000
2017-07-03 00:00:00-04:00,46.22117222543091,46.27169397774513,45.334113036518254,45.53965759277344,33896000
2017-07-05 00:00:00-04:00,45.77442473535182,46.37322655139147,45.49855026269771,46.17362594604492,41882000
2017-07-06 00:00:00-04:00,45.814046260273315,46.3657951773651,45.558973764474764,45.9472770690918,40298000
2017-07-07 00:00:00-04:00,46.110726326407885,46.78778586715933,46.05129052297171,46.59709930419922,33266000
2017-07-10 00:00:00-04:00,46.65355348790721,47.20728619517832,46.65355348790721,47.10178756713867,29030000
2017-07-11 00:00:00-04:00,47.07801771997303,47.294456371057436,46.81056230454122,47.22709655761719,29224000
2017-07-12 00:00:00-04:00,47.59014182138595,48.02450793850543,47.40094410831021,47.926937103271484,32042000
2017-07-13 00:00:00-04:00,48.08245879639685,48.47373594672142,47.785287377302375,47.985877990722656,30492000
2017-07-14 00:00:00-04:00,48.24095354949988,48.41628329981763,48.05026700043019,48.38508224487305,21592000
2017-07-17 00:00:00-04:00,48.35586745913988,48.70405192988485,48.08246803837716,48.338035583496094,33210000
2017-07-18 00:00:00-04:00,48.20925154372343,49.07550872196207,48.14387556849733,48.882347106933594,28266000
2017-07-19 00:00:00-04:00,49.033908822577494,49.31077332301028,48.88532120863411,49.17060852050781,28242000
2017-07-20 00:00:00-04:00,49.380114519213464,49.46332237604478,48.76694970066456,49.141883850097656,28368000
2017-07-21 00:00:00-04:00,48.983886619597435,49.286507016488756,48.74466214452226,49.22360610961914,29266000
2017-07-24 00:00:00-04:00,49.23648503598266,49.835286868642214,49.046788502963956,49.44499969482422,79690000
2017-07-25 00:00:00-04:00,48.07751723490705,48.376173775486166,47.73576793673943,47.99480438232422,118672000
2017-07-26 00:00:00-04:00,48.18052706747548,48.238474042295586,47.55894326421278,47.810546875,44432000
2017-07-27 00:00:00-04:00,48.0022179218203,48.019059763165096,46.41135731340996,47.17657470703125,74358000
2017-07-28 00:00:00-04:00,46.952714861831275,47.63620957262494,46.819975283434886,47.464839935302734,36276000
2017-07-31 00:00:00-04:00,47.54755230795027,47.60649309374766,46.64266122998417,46.82938766479492,45670000
2017-08-01 00:00:00-04:00,46.94379640374039,47.2746477579216,46.80264157328401,46.88188552856445,28052000
2017-08-02 00:00:00-04:00,46.97153401334218,47.00769277710412,46.18650454184267,46.93537902832031,40788000
2017-08-03 00:00:00-04:00,47.00768567871662,47.05225968989103,46.529236797836745,46.57183074951172,22478000
2017-08-04 00:00:00-04:00,46.752618158348014,46.930426778860244,46.547077363445396,46.843753814697266,25092000
2017-08-07 00:00:00-04:00,46.92943312348718,47.00075683941316,46.73032753854119,46.841766357421875,28916000
2017-08-08 00:00:00-04:00,46.76945359204091,47.17558875523791,46.6798067716231,46.76449966430664,30102000
2017-08-09 00:00:00-04:00,46.480214630054284,46.74321118156614,46.25584814141841,46.56094741821289,28018000
2017-08-10 00:00:00-04:00,46.309335003018006,46.373720953371,45.654566277193965,45.74421310424805,54148000
2017-08-11 00:00:00-04:00,45.750157312284315,46.228107461293106,45.62683057520137,46.0661506652832,32334000
2017-08-14 00:00:00-04:00,46.51091653191989,46.60848737850921,46.284074988540326,46.50398254394531,23012000
2017-08-15 00:00:00-04:00,46.607992307156366,46.70903203698071,46.390563605481184,46.461883544921875,22130000
2017-08-16 00:00:00-04:00,46.61889310921716,47.04731534508195,46.55896228849677,46.768470764160156,26906000
2017-08-17 00:00:00-04:00,46.7030866404181,46.7456805967927,45.944803121996515,45.94579315185547,33914000
2017-08-18 00:00:00-04:00,45.912109978482334,46.1122055792217,45.7372752523099,45.87248611450195,26748000
2017-08-21 00:00:00-04:00,45.85219044281597,45.975018395253066,45.49706821109512,45.6094970703125,26024000
2017-08-22 00:00:00-04:00,45.9111270125752,46.65405757218609,45.871998157468745,46.5767936706543,35502000
2017-08-23 00:00:00-04:00,46.40839159519272,46.82591969578603,46.32122362023945,46.68476486206055,22690000
2017-08-24 00:00:00-04:00,46.740727979797036,46.86949987198122,46.098338448627246,46.4029426574707,25892000
2017-08-25 00:00:00-04:00,46.51785243050318,46.593136271424925,46.0666481786786,46.08646011352539,23746000
2017-08-28 00:00:00-04:00,46.15480687493397,46.30190566342561,45.8690245518032,45.96907424926758,20988000
2017-08-29 00:00:00-04:00,45.56393445481439,46.467336813021205,45.53223460170136,46.34648513793945,23172000
2017-08-30 00:00:00-04:00,46.342515758384714,46.84721178121389,46.26227800102293,46.73676300048828,22406000
2017-08-31 00:00:00-04:00,46.86900533482183,47.40887010540671,46.86653026027988,47.31179428100586,33866000
2017-09-01 00:00:00-04:00,47.42224866663139,47.46484262622232,47.06613641097054,47.15082931518555,20858000
2017-09-05 00:00:00-04:00,46.89674882608375,47.1211153140762,46.33905587163513,46.630287170410156,29148000
2017-09-06 00:00:00-04:00,46.74865508502956,46.77985614096009,46.19442729366103,46.65702819824219,27830000
2017-09-07 00:00:00-04:00,46.76747819878747,47.077032585121145,46.43464299489762,47.046817779541016,22332000
2017-09-08 00:00:00-04:00,47.03741377172072,47.086941723108694,46.557479722904446,46.6268196105957,19998000
2017-09-11 00:00:00-04:00,46.91358538466479,47.18500093836973,46.6065060834016,46.71992874145508,26748000
2017-09-12 00:00:00-04:00,46.89972168623418,46.957668668506095,46.43316062323364,46.886348724365234,25696000
2017-09-13 00:00:00-04:00,46.82938509816708,47.1934213278719,46.79174129281177,47.07405471801758,21908000
2017-09-14 00:00:00-04:00,46.854151828246486,46.954696545398455,46.475752571223005,46.563419342041016,28548000
2017-09-15 00:00:00-04:00,46.56143938644609,46.64365721419299,46.12360432507197,46.323699951171875,39886000
2017-09-18 00:00:00-04:00,46.30982255398,46.401449426010544,45.83385254404236,46.04930114746094,29474000
2017-09-19 00:00:00-04:00,46.23058028946113,46.45494294717937,45.89626009107859,46.401451110839844,24854000
2017-09-20 00:00:00-04:00,46.4445495733167,47.052265427957565,46.43315667232654,46.930423736572266,40080000
2017-09-21 00:00:00-04:00,46.959649407708135,47.1909460852926,46.52627327049513,46.9309196472168,27414000
2017-09-22 00:00:00-04:00,46.69417012834091,47.05226239792835,46.59857934963829,46.71843719482422,21496000
2017-09-25 00:00:00-04:00,46.529736540914904,46.54459454614953,45.789776138815476,46.27367401123047,37468000
2017-09-26 00:00:00-04:00,46.39303750132151,46.75905380939408,46.31527859083528,46.4296875,33454000
2017-09-27 00:00:00-04:00,46.692688306566616,47.81649313441195,46.65355945406281,47.542598724365234,46692000
2017-09-28 00:00:00-04:00,47.36182240009021,47.85364054824857,47.32715245902537,47.785789489746094,28018000
2017-09-29 00:00:00-04:00,47.844718204745156,48.33059608911264,47.844718204745156,48.227081298828125,40622000
2017-10-02 00:00:00-04:00,48.322675200663994,48.42618999764985,47.644130680697835,47.91753005981445,30782000
2017-10-03 00:00:00-04:00,47.92199111460498,48.163694454476286,47.68178037712329,48.1458625793457,21666000
2017-10-04 00:00:00-04:00,48.13000764121124,48.26076337053174,47.82540343520236,47.88335418701172,21156000
2017-10-05 00:00:00-04:00,48.18103018501112,48.86056485611132,48.056218388455235,48.79518508911133,35618000
2017-10-06 00:00:00-04:00,48.53812485996831,49.24440534480636,48.46432607088439,49.21369552612305,31060000
2017-10-09 00:00:00-04:00,49.281057964821336,49.551483495892555,49.107708265416704,49.1478271484375,25910000
2017-10-10 00:00:00-04:00,49.29591517570532,49.40339387697298,48.59310354797711,48.9244499206543,23268000
2017-10-11 00:00:00-04:00,48.985867062808616,49.90363611707686,48.931385188343604,49.80854034423828,36300000
2017-10-12 00:00:00-04:00,49.71889351459423,50.10026285710925,49.583183843382095,49.80854034423828,30614000
2017-10-13 00:00:00-04:00,49.979907222641,50.2597418037526,49.878372482320046,49.91849136352539,26552000
2017-10-16 00:00:00-04:00,50.00565874664607,50.12304152060324,49.60398248187421,49.991790771484375,21420000
2017-10-17 00:00:00-04:00,49.89719705517133,50.24984041497498,49.828352189787,50.073516845703125,20260000
2017-10-18 00:00:00-04:00,50.07600323178164,50.33652094780101,49.792200915931815,50.159706115722656,25596000
2017-10-19 00:00:00-04:00,49.7639597813025,49.89125041254202,49.39497339053849,49.61983108520508,34284000
2017-10-20 00:00:00-04:00,49.877873894528726,49.95711784267704,49.64112452237975,49.779808044433594,32120000
2017-10-23 00:00:00-04:00,49.785249600392156,49.81546440004291,48.69165598827014,48.81250762939453,32786000
2017-10-24 00:00:00-04:00,48.86005730259879,48.996756981482015,48.393496340864175,48.9586181640625,28902000
2017-10-25 00:00:00-04:00,48.848671800904036,49.25282694158186,48.42520351989612,49.10572814941406,30574000
2017-10-26 00:00:00-04:00,49.45291891828231,49.851130071535,49.05668782466318,49.10374069213867,47396000
2017-10-27 00:00:00-04:00,51.06359902812028,52.67972091233253,50.85854946412761,51.19633483886719,103682000
2017-10-30 00:00:00-04:00,50.972955676074974,51.50142755564638,50.63467532940637,51.169586181640625,46804000
2017-10-31 00:00:00-04:00,51.1631467408866,51.55937405915592,50.831301591177066,51.16512680053711,30326000
2017-11-01 00:00:00-04:00,51.327579080820776,51.89913988863809,51.21267138990454,51.63861846923828,43262000
2017-11-02 00:00:00-04:00,51.509354282985996,51.78324869617565,50.94819249566028,51.65694808959961,26694000
2017-11-03 00:00:00-04:00,51.646051376608575,52.03782356509526,51.39345395493985,52.004638671875,27770000
2017-11-06 00:00:00-05:00,51.96057062911663,52.133425340524546,51.60891346854818,51.64259338378906,18294000
2017-11-07 00:00:00-05:00,51.98779117633853,52.17402257005954,51.658428690754754,52.12350082397461,26104000
2017-11-08 00:00:00-05:00,52.0076104921159,52.63365323491119,51.85902665816718,52.41572952270508,24276000
2017-11-09 00:00:00-05:00,51.90607607409388,52.0487159405944,51.30430043936339,51.892208099365234,35892000
2017-11-10 00:00:00-05:00,51.701521277055555,51.838220963993535,51.57027053274707,51.715389251708984,19442000
2017-11-13 00:00:00-05:00,51.549466785545135,51.94272398995253,51.47319292759274,51.569278717041016,18814000
2017-11-14 00:00:00-05:00,51.3969204389228,51.623761959295614,50.98137243879955,51.59107208251953,21012000
2017-11-15 00:00:00-05:00,51.262200177953694,51.491516769962814,51.05219672409437,51.332035064697266,18106000
2017-11-16 00:00:00-05:00,51.44793660177409,52.09230622164754,51.410791588647825,51.92935562133789,23768000
2017-11-17 00:00:00-05:00,51.99523331117425,52.054665335510855,51.19930594710436,51.3062858581543,26712000
2017-11-20 00:00:00-05:00,51.31172733088796,51.445456923655776,51.14729170051542,51.245361328125,17526000
2017-11-21 00:00:00-05:00,51.5118278844198,52.02445174147042,51.467253868366655,52.01999282836914,22206000
2017-11-22 00:00:00-05:00,52.06259117513049,52.274079708602954,51.868934516827,52.10023498535156,14538000
2017-11-24 00:00:00-05:00,52.222569100215786,52.50389251796374,52.10023239119901,52.32806396484375,16492000
2017-11-27 00:00:00-05:00,52.429594018332445,53.14627357022731,52.2413825509207,53.09525680541992,35430000
2017-11-28 00:00:00-05:00,53.19332897298813,53.49099542899333,52.22999591942113,52.66337203979492,36424000
2017-11-29 00:00:00-05:00,52.31122324002806,52.43950390988402,50.99722682045426,51.38008499145508,55866000
2017-11-30 00:00:00-05:00,51.50687871924846,51.71489835561749,51.018030684411244,51.320152282714844,45092000
2017-12-01 00:00:00-05:00,51.034871138541874,51.373151515629374,50.365739387532074,50.770389556884766,37762000
2017-12-04 00:00:00-05:00,50.905597190042286,51.08093072253201,49.98535309878607,50.11660385131836,38778000
2017-12-05 00:00:00-05:00,50.073023772423475,51.34541629399922,49.64361151265184,50.49946594238281,38998000
2017-12-06 00:00:00-05:00,50.34691424912757,51.48904594824603,50.28698343395342,51.1492805480957,28710000
2017-12-07 00:00:00-05:00,51.31520898293262,51.951650907935026,51.28004402390543,51.736202239990234,30866000
2017-12-08 00:00:00-05:00,52.09477530651705,52.32310185942434,51.80007897379935,51.974422454833984,31170000
2017-12-11 00:00:00-05:00,52.06011295182674,52.30230751380156,51.71390857117377,52.10270690917969,23254000
2017-12-12 00:00:00-05:00,52.00512707364628,52.624235729284926,51.75104463953286,51.94420623779297,33882000
2017-12-13 00:00:00-05:00,52.10815334704776,52.276549108600165,51.835743993077905,52.073978424072266,27680000
2017-12-14 00:00:00-05:00,52.277044776151705,52.85108066609011,52.183434060069736,52.3751106262207,30962000
2017-12-15 00:00:00-05:00,52.68763192124048,53.25572759864882,52.50487319144233,53.094757080078125,63760000
2017-12-18 00:00:00-05:00,53.31516824551818,53.81243909137885,53.014036677340464,53.743099212646484,30292000
2017-12-19 00:00:00-05:00,53.640570427365965,53.737151235429515,53.10813466702405,53.48009490966797,26350000
2017-12-20 00:00:00-05:00,53.536558816015614,53.55191183491154,52.92636417059738,53.172027587890625,28728000
2017-12-21 00:00:00-05:00,53.26266893954436,53.36816379993906,52.94618057962035,53.03780746459961,25640000
2017-12-22 00:00:00-05:00,52.99571670096894,53.08090462631172,52.8788289217537,52.93925476074219,17788000
2017-12-26 00:00:00-05:00,52.92834968930506,52.93924757536532,52.43306268455807,52.790164947509766,18376000
2017-12-27 00:00:00-05:00,52.82731354379894,52.91002638259456,52.42018454395802,52.51032638549805,22324000
2017-12-28 00:00:00-05:00,52.611864677614854,52.74014535013895,52.172544562488085,52.299835205078125,19884000
2017-12-29 00:00:00-05:00,52.27705298086757,52.4038448292665,52.13886445204989,52.17353439331055,23606000
2018-01-02 00:00:00-05:00,52.15470683767104,53.291884484161,52.15470683767104,53.15468978881836,31766000
2018-01-03 00:00:00-05:00,53.19035801242472,54.28841076053608,53.16559592857935,54.06156921386719,31318000
2018-01-04 00:00:00-05:00,54.3374354350188,54.68363977121376,54.19727064995806,54.27156066894531,26052000
2018-01-05 00:00:00-05:00,54.65243941359534,55.15416533864201,54.57071661293118,54.991214752197266,30250000
2018-01-08 00:00:00-05:00,55.02638469586232,55.43053982316546,54.97685675183388,55.18537139892578,24644000
2018-01-09 00:00:00-05:00,55.39487434584712,55.39487434584712,54.88769948275548,55.11503601074219,26808000
2018-01-10 00:00:00-05:00,54.82826975102401,55.114547089952985,54.67869588741755,54.98379135131836,20734000
2018-01-11 00:00:00-05:00,55.091269974554386,55.21707178493261,54.80251756136048,55.078392028808594,22424000
2018-01-12 00:00:00-05:00,54.9818074727844,56.03181342840454,54.87829267766918,55.9996223449707,38586000
2018-01-16 00:00:00-05:00,56.47807583494782,56.902537948639186,55.80201008036208,56.002105712890625,36462000
2018-01-17 00:00:00-05:00,56.28243075415288,56.42903451790301,55.64499515585893,56.41814041137695,27830000
2018-01-18 00:00:00-05:00,56.43052448424012,56.49194034577695,55.69304290959551,56.263118743896484,27498000
2018-01-19 00:00:00-05:00,56.365149701268464,56.64993822763117,56.091255282613524,56.636070251464844,30552000
2018-01-22 00:00:00-05:00,56.651920198000724,57.79405191298667,56.5528605295507,57.659332275390625,29550000
2018-01-23 00:00:00-05:00,57.97928502802167,58.37006719645452,57.81237430664541,58.25416946411133,39138000
2018-01-24 00:00:00-05:00,58.69052364369115,58.793048422740846,57.81980743358776,58.012474060058594,37128000
2018-01-25 00:00:00-05:00,58.47902935800414,58.691507898424895,58.03970928708369,58.54985427856445,29984000
2018-01-26 00:00:00-05:00,58.81681710972826,58.818302154541016,57.85100895784249,58.818302154541016,42170000
2018-01-29 00:00:00-05:00,58.84009248447448,59.33537944552649,58.64494703365654,58.764808654785156,31494000
2018-01-30 00:00:00-05:00,58.330939305463666,58.836625373210545,58.17194883065757,58.313602447509766,37338000
2018-01-31 00:00:00-05:00,58.6325628665963,58.75688339786728,58.05258302641011,58.55381393432617,36022000
2018-02-01 00:00:00-05:00,58.245257817910385,58.812858587212304,57.91688152585661,58.52261734008789,73514000
2018-02-02 00:00:00-05:00,55.83964705117017,56.031818654857844,55.034805651676606,55.43252182006836,117842000
2018-02-05 00:00:00-05:00,54.511779658792,55.22400410026753,52.33895890910913,52.61879348754883,83550000
2018-02-06 00:00:00-05:00,51.211688945611634,53.85651983678333,51.01505842536514,53.710411071777344,76630000
2018-02-07 00:00:00-05:00,53.73715558547398,53.814419482431425,52.2339576950617,52.27308654785156,51942000
2018-02-08 00:00:00-05:00,52.49398716160833,52.69507282277826,49.761489413833445,49.91057205200195,66792000
2018-02-09 00:00:00-05:00,50.81050168615317,52.090323117806484,49.380112582688874,51.82039260864258,98360000
2018-02-12 00:00:00-05:00,52.33549238239492,52.77629751888971,51.78176337960311,52.230987548828125,56240000
2018-02-13 00:00:00-05:00,52.00513645538222,52.560849301141864,51.85258872017135,52.21018600463867,31586000
2018-02-14 00:00:00-05:00,52.21910022803822,53.26663120783031,51.99523255265467,53.12943649291992,41304000
2018-02-15 00:00:00-05:00,53.66187386556893,54.18935576167273,52.85851748676662,54.053646087646484,37396000
2018-02-16 00:00:00-05:00,54.15368626002008,54.893151621690954,54.06304940822292,54.258689880371094,39948000
2018-02-20 00:00:00-05:00,54.1229821455205,55.28839087271835,53.98628245123134,54.65937805175781,33754000
2018-02-21 00:00:00-05:00,54.93227958520216,56.27450681871141,54.85352687121005,55.1625862121582,41486000
2018-02-22 00:00:00-05:00,55.43102909193393,55.742563492955895,54.73663658144197,54.97189712524414,28010000
2018-02-23 00:00:00-05:00,55.405780975644724,55.917909882028226,54.899599806635855,55.87283706665039,25292000
2018-02-26 00:00:00-05:00,56.05955435543405,56.67073910366227,55.93474257233384,56.64597702026367,30912000
2018-02-27 00:00:00-05:00,56.64597026771818,56.67321120132736,55.313152137885176,55.348812103271484,42964000
2018-02-28 00:00:00-05:00,55.57120229933103,55.85104067566794,54.63015998149804,54.675724029541016,49292000
2018-03-01 00:00:00-05:00,54.95407522114462,55.039758149419924,52.86148461385466,53.06554412841797,55338000
2018-03-02 00:00:00-05:00,52.40037169625163,53.832249601046136,52.01058334084755,53.696044921875,50162000
2018-03-05 00:00:00-05:00,53.398378773982685,54.54001167475715,53.108137540447714,54.22203826904297,28648000
2018-03-06 00:00:00-05:00,54.58557409978571,54.760412599258935,54.20915496116103,54.52613830566406,23382000
2018-03-07 00:00:00-05:00,54.125950841717874,55.28393431522052,53.98182214851371,55.226478576660156,30748000
2018-03-08 00:00:00-05:00,55.33346112107439,56.038747774086914,55.33346112107439,55.93672180175781,33862000
2018-03-09 00:00:00-05:00,56.437948402216335,57.50281613746827,56.17990582701403,57.49489212036133,42662000
2018-03-12 00:00:00-04:00,57.70341388036885,58.3527374720412,57.41367142221887,57.74700164794922,44306000
2018-03-13 00:00:00-04:00,58.03921636545667,58.34481062369362,56.19377801507319,56.45825958251953,43140000
2018-03-14 00:00:00-04:00,56.74998383905831,57.44140253772889,56.579109224060254,56.90302658081055,41870000
2018-03-15 00:00:00-04:00,56.936708395833165,57.57711412828159,56.24776474867527,56.988216400146484,33382000
2018-03-16 00:00:00-04:00,57.22298479087441,57.295294757441916,56.03479026184962,56.18634796142578,58656000
2018-03-19 00:00:00-04:00,55.361203943763385,55.440942919147865,53.93279480894025,54.485042572021484,63656000
2018-03-20 00:00:00-04:00,54.40232384395981,54.75645602417498,53.610855406615386,54.27355194091797,54598000
2018-03-21 00:00:00-04:00,54.1135737285054,54.91247114700298,53.84809835431222,54.18439865112305,44898000
2018-03-22 00:00:00-04:00,53.49149520564098,53.68515186344425,51.98730719914103,52.161155700683594,69312000
2018-03-23 00:00:00-04:00,52.07299247983766,52.836229967013395,50.76048110737324,50.84368896484375,49880000
2018-03-26 00:00:00-04:00,52.03485176957417,52.4642677813901,50.05271371080923,52.207706451416016,65984000
2018-03-27 00:00:00-04:00,52.69358723040609,52.72528708183949,49.41082558616871,49.872432708740234,60816000
2018-03-28 00:00:00-04:00,49.62330244793258,50.766424217892826,48.73624321927484,49.78525924682617,77698000
2018-03-29 00:00:00-04:00,50.08391801398573,51.9085543920975,49.728795812770564,51.368194580078125,69338000
2018-04-02 00:00:00-04:00,50.89668276250771,51.48657051147306,49.24391105555859,50.15424728393555,65068000
2018-04-03 00:00:00-04:00,50.3285887707595,50.76691883533619,49.392496618436404,50.453895568847656,51322000
2018-04-04 00:00:00-04:00,49.4410335775266,51.15027102158978,49.355845663970214,51.00019836425781,50724000
2018-04-05 00:00:00-04:00,51.826340572653606,51.842188609204015,50.717393675551115,51.145320892333984,35836000
2018-04-06 00:00:00-04:00,50.67280703793724,51.311727661836606,49.8382497299174,50.021507263183594,40134000
2018-04-09 00:00:00-04:00,50.52124474935818,51.73717501717668,50.479640830404726,50.52372360229492,33220000
2018-04-10 00:00:00-04:00,51.02743890070119,51.56977876982154,50.291937404050294,51.33649826049805,36620000
2018-04-11 00:00:00-04:00,51.11361530511741,51.305291882088326,50.47964856935469,50.7698860168457,34060000
2018-04-12 00:00:00-04:00,51.087368186518745,51.7401530466499,50.81892273148159,51.3756217956543,32896000
2018-04-13 00:00:00-04:00,51.851098945341256,52.15272550489574,51.021986776206845,51.3137092590332,25410000
2018-04-16 00:00:00-04:00,51.7847364482145,52.075963957120976,51.20871662499955,51.81197738647461,29776000
2018-04-17 00:00:00-04:00,52.55986256298413,53.73864436945141,52.35629804581253,53.45930099487305,54584000
2018-04-18 00:00:00-04:00,53.44196991413358,53.59005875092225,53.02147168096584,53.26267623901367,31126000
2018-04-19 00:00:00-04:00,52.947174369163434,54.358246635993304,52.947174369163434,53.95904541015625,39884000
2018-04-20 00:00:00-04:00,53.70248542809292,54.221544489799854,53.09971971805324,53.35826110839844,42434000
2018-04-23 00:00:00-04:00,53.6385843224226,53.8872216056197,52.83126795525577,53.18440628051758,69590000
2018-04-24 00:00:00-04:00,52.46079261906915,52.72279908200114,50.165635350931325,50.6500244140625,128220000
2018-04-25 00:00:00-04:00,51.002181336665494,51.31520461497408,50.37118463042394,50.6673698425293,57860000
2018-04-26 00:00:00-04:00,51.1740364962822,52.10517836145496,50.54155486257841,51.67378234863281,50926000
2018-04-27 00:00:00-04:00,51.7842415291065,52.08933701519235,50.895202200479275,51.08638000488281,40746000
2018-04-30 00:00:00-04:00,51.233482392427234,51.42911910957225,50.43507992990553,50.44894790649414,34492000
2018-05-01 00:00:00-04:00,50.33602041115683,51.595534988523056,50.054201965057715,51.5469970703125,35326000
2018-05-02 00:00:00-04:00,51.21268004985971,51.7069770537229,50.67578908660852,50.81892776489258,34698000
2018-05-03 00:00:00-04:00,50.78524739379704,51.048738944651824,49.91948512242832,50.83130645751953,39282000
2018-05-04 00:00:00-04:00,50.49995499847703,52.098248560404556,50.42269110633165,52.05466079711914,36892000
2018-05-07 00:00:00-04:00,52.19780410965964,52.748068023211516,52.018510448922456,52.47367858886719,34400000
2018-05-08 00:00:00-04:00,52.72924426136514,52.759459066220046,52.08636345036337,52.43058776855469,26030000
2018-05-09 00:00:00-04:00,52.70348812596933,54.18439510357113,52.604923479935806,53.93427276611328,47160000
2018-05-10 00:00:00-04:00,54.23392695500005,54.94763646511528,54.17845505237402,54.75249099731445,36414000
2018-05-11 00:00:00-04:00,54.50187658533044,54.92782370479231,54.343879912463215,54.64897537231445,30504000
2018-05-14 00:00:00-04:00,54.757443468740725,55.38051610557874,54.71930842606978,54.8084602355957,39338000
2018-05-15 00:00:00-04:00,54.328028478654474,54.4379822455034,53.43056647137146,53.73219680786133,35738000
2018-05-16 00:00:00-04:00,53.743097090425245,54.20321912531988,53.57172746011377,53.693565368652344,25628000
2018-05-17 00:00:00-04:00,53.5633098031264,54.03581100185704,53.31368246439746,53.553401947021484,25738000
2018-05-18 00:00:00-04:00,52.797591081903796,53.18044921565993,52.73221510531387,52.977874755859375,35482000
2018-05-21 00:00:00-04:00,53.44146720192436,54.14972775175822,53.391939258463644,53.689605712890625,25180000
2018-05-22 00:00:00-04:00,53.976382402438205,54.07543829732825,53.107646257968995,53.25870895385742,22226000
2018-05-23 00:00:00-04:00,52.99571160950674,53.887229764901036,52.845143930873924,53.786190032958984,23740000
2018-05-24 00:00:00-04:00,53.832751662026396,53.84364577054206,53.10963300919931,53.76093292236328,20604000
2018-05-25 00:00:00-04:00,53.81540233477506,53.964979959328915,53.61976565439846,53.69306564331055,22224000
2018-05-29 00:00:00-04:00,53.29287817833833,53.557363510957344,52.65296749223589,52.900115966796875,36076000
2018-05-30 00:00:00-04:00,53.1680753875625,53.44097979849831,52.824841060171124,53.36569595336914,28686000
2018-05-31 00:00:00-04:00,53.59005306641815,54.97685820839622,53.39194128505558,54.481571197509766,79368000
2018-06-01 00:00:00-04:00,55.119007547236755,56.37158808108016,55.07640981053988,56.2150764465332,63202000
2018-06-04 00:00:00-04:00,56.388425420941054,57.34730337127463,56.31413161357686,57.10857391357422,44754000
2018-06-05 00:00:00-04:00,57.18880566471827,57.50776907553701,56.83219844986473,57.00851821899414,32964000
2018-06-06 00:00:00-04:00,57.095195547125506,57.19128133903843,56.28045015418377,56.80693817138672,34934000
2018-06-07 00:00:00-04:00,56.6895589740631,56.75344990815189,55.77525884860813,56.18634796142578,36108000
2018-06-08 00:00:00-04:00,56.027364058708805,56.402294428236736,55.63212296124815,56.10165786743164,27284000
2018-06-11 00:00:00-04:00,56.11304262830044,56.84606902331863,56.036768765704274,56.50728988647461,24796000
2018-06-12 00:00:00-04:00,56.513236409518306,56.89609456335456,56.513236409518306,56.86835861206055,26092000
2018-06-13 00:00:00-04:00,57.0709321613334,57.2373516561702,56.630127008164955,56.67222595214844,34302000
2018-06-14 00:00:00-04:00,57.06746305575158,57.74996771712685,56.98772030800911,57.458740234375,35422000
2018-06-15 00:00:00-04:00,57.44932823152563,57.64694877278908,57.14076766443033,57.417137145996094,44438000
2018-06-18 00:00:00-04:00,57.091237658550156,58.64842242506758,57.007534787671815,58.62118148803711,33038000
2018-06-19 00:00:00-04:00,57.9540330435017,58.58304592621544,57.53303981219815,58.378990173339844,47282000
2018-06-20 00:00:00-04:00,58.60731173390214,59.508238909620445,58.54441082891511,58.64544677734375,51686000
2018-06-21 00:00:00-04:00,58.71677238649248,58.95549806843192,57.62565363710381,57.92084503173828,44966000
2018-06-22 00:00:00-04:00,58.02238156785362,58.19622628835299,57.43595888006731,57.91341781616211,34220000
2018-06-25 00:00:00-04:00,57.20564965805743,57.25468258837134,55.46719119481732,56.427059173583984,57682000
2018-06-26 00:00:00-04:00,56.667765486529085,56.80297635376766,55.91790102597841,56.09719467163086,34688000
2018-06-27 00:00:00-04:00,56.26459943840564,56.77028928241506,55.30869542832369,55.32058334350586,34538000
2018-06-28 00:00:00-04:00,55.09522959464341,56.1655463392435,54.78221011633495,55.80794906616211,29726000
2018-06-29 00:00:00-04:00,56.081838684525124,56.530072774939846,55.81983221742779,55.92730712890625,31562000
2018-07-02 00:00:00-04:00,55.24183712806388,56.610810360116105,54.80846100487398,56.567222595214844,23216000
2018-07-03 00:00:00-04:00,56.929281693715645,56.95354876268108,55.19627212722594,55.287899017333984,16448000
2018-07-05 00:00:00-04:00,55.69997792495269,56.66776994289698,55.62667414596239,56.526611328125,28594000
2018-07-06 00:00:00-04:00,56.55038238132639,57.26508188517266,56.32601592875299,57.20960998535156,21820000
2018-07-09 00:00:00-04:00,57.45329446739468,57.84605671250325,57.316099750893265,57.81386184692383,21584000
2018-07-10 00:00:00-04:00,57.948085339389145,58.12193005263485,57.580085185303595,57.80692672729492,21334000
2018-07-11 00:00:00-04:00,57.23635488681869,58.465658346760286,57.22397573473577,58.02089309692383,33252000
2018-07-12 00:00:00-04:00,58.18928788182617,59.53300022861221,58.10211613134386,59.49684524536133,44148000
2018-07-13 00:00:00-04:00,59.57312069455112,59.95151993828653,59.20116042375657,59.653358459472656,32612000
2018-07-16 00:00:00-04:00,59.62314262898225,59.865835979326555,59.10754868134298,59.2615852355957,26784000
2018-07-17 00:00:00-04:00,58.5795725897123,60.36359497014396,58.54291881432381,60.082271575927734,40162000
2018-07-18 00:00:00-04:00,59.85691889205774,60.503763600194866,59.660292157696745,60.073856353759766,38948000
2018-07-19 00:00:00-04:00,59.763802360498296,60.25067029577392,59.32200723212068,59.389862060546875,38338000
2018-07-20 00:00:00-04:00,59.39680852763221,59.967874460434004,59.26555397728435,59.32944869995117,37938000
2018-07-23 00:00:00-04:00,59.21948710187242,60.18232516254306,59.0387046239733,59.97925567626953,65446000
2018-07-24 00:00:00-04:00,62.950975044491,63.14909059426017,61.620635683904595,62.31453323364258,107600000
2018-07-25 00:00:00-04:00,62.04064233107907,63.30956590494261,61.86382374894594,63.19565200805664,51104000
2018-07-26 00:00:00-04:00,62.761770033342465,63.76324177279337,62.55474046038777,63.66913604736328,54686000
2018-07-27 00:00:00-04:00,63.84844152911539,63.96334545740939,61.637973051945494,62.05401611328125,48362000
2018-07-30 00:00:00-04:00,61.665700990826465,62.05400804952971,60.631543098126045,60.92227554321289,43896000
2018-07-31 00:00:00-04:00,61.00499064393765,61.47551553608312,60.236308072322814,60.78260803222656,39382000
2018-08-01 00:00:00-04:00,61.371505276353886,61.707801773435406,60.6696837306113,61.068389892578125,36994000
2018-08-02 00:00:00-04:00,60.35071909997383,61.63400938658072,60.32892710719727,61.471553802490234,34704000
2018-08-03 00:00:00-04:00,61.672152347325934,61.738522142760175,60.89158173282722,61.324462890625,21264000
2018-08-06 00:00:00-04:00,61.495327799333516,61.537426738865605,60.946548983215884,61.3001823425293,22114000
2018-08-07 00:00:00-04:00,62.01042630882609,62.707297752384854,62.00002721647295,62.20012283325195,42506000
2018-08-08 00:00:00-04:00,62.24370410259902,62.98663457502289,62.01587254450447,62.4720344543457,34344000
2018-08-09 00:00:00-04:00,62.54138462709581,62.99853286329276,62.41112388764366,62.62706756591797,27326000
2018-08-10 00:00:00-04:00,62.365550749299324,62.46560045064966,61.77021780567494,62.035194396972656,26602000
2018-08-13 00:00:00-04:00,61.9703129261406,62.70185055034832,61.76377833074552,61.8435173034668,27500000
2018-08-14 00:00:00-04:00,62.03469398617754,62.435380214198325,61.392803241742456,62.31403732299805,28080000
2018-08-15 00:00:00-04:00,61.62756726479229,62.0089365657444,60.73406915543057,61.030250549316406,37052000
2018-08-16 00:00:00-04:00,61.51414784622211,61.59884452158065,60.40668610248797,60.6260986328125,32176000
2018-08-17 00:00:00-04:00,60.526055271019985,60.769239864107305,59.63255707700748,60.2194709777832,33092000
2018-08-20 00:00:00-04:00,60.4577002556298,60.717726670793255,59.8653374623516,60.52159118652344,22218000
2018-08-21 00:00:00-04:00,60.57459216306816,61.05700122154429,60.17885606309456,60.29673385620117,23082000
2018-08-22 00:00:00-04:00,60.138734174323226,60.748433836669136,60.08920623212076,60.511688232421875,22296000
2018-08-23 00:00:00-04:00,60.41907554050296,61.17636909989101,60.39282463182586,60.48247146606445,24666000
2018-08-24 00:00:00-04:00,60.72219138346194,61.28681831638865,60.495349824584906,61.2546272277832,24454000
2018-08-27 00:00:00-04:00,61.62063841821453,62.30066802300601,61.449268781252854,62.22142028808594,28580000
2018-08-28 00:00:00-04:00,62.203092868200905,62.2357827475134,61.562687136336,61.70582580566406,27330000
2018-08-29 00:00:00-04:00,62.15852063704074,62.761286357570334,62.04955688869612,62.636470794677734,36926000
2018-08-30 00:00:00-04:00,62.57455830214067,62.87618866209253,61.77269078859715,62.13078308105469,30104000
2018-08-31 00:00:00-04:00,62.02032989044352,62.03716795451761,60.70979872617481,61.00944900512695,42308000
2018-09-04 00:00:00-04:00,60.54982381532953,60.81480416552744,59.75934545644739,59.994606018066406,41458000
2018-09-05 00:00:00-04:00,59.8910892066049,60.170927552315774,58.213056719615075,59.389862060546875,53988000
2018-09-06 00:00:00-04:00,59.36361952709607,59.38442149196552,57.63209495703287,58.6414909362793,46854000
2018-09-07 00:00:00-04:00,58.047640366252686,58.8673436027467,57.91242948134671,58.32450866699219,32658000
2018-09-10 00:00:00-04:00,58.65188508641773,58.77372677555916,57.97878948532307,58.19919204711914,27670000
2018-09-11 00:00:00-04:00,58.003062528484186,58.985712538910654,57.74799001850019,58.93865966796875,29254000
2018-09-12 00:00:00-04:00,58.54291953586442,58.97332555398353,57.75838514077169,58.02782440185547,35716000
2018-09-13 00:00:00-04:00,58.42900640018643,58.833161518285344,57.90994358271611,58.54985427856445,40068000
2018-09-14 00:00:00-04:00,58.84009949324075,58.84009949324075,58.122921076828106,58.34381866455078,24176000
2018-09-17 00:00:00-04:00,58.33342581342011,58.53401647340414,57.37702659629336,57.444881439208984,34096000
2018-09-18 00:00:00-04:00,57.58503643660533,58.509739420785856,57.524115592874914,57.80543899536133,32314000
2018-09-19 00:00:00-04:00,57.897068189681065,58.259120580968286,57.384939370640154,58.160064697265625,25962000
2018-09-20 00:00:00-04:00,58.47704954918953,59.13726719569545,58.25813203516602,59.016910552978516,29244000
2018-09-21 00:00:00-04:00,59.18283115081106,59.265048972174824,58.050607333584175,58.0535774230957,91222000
2018-09-24 00:00:00-04:00,57.424070372533805,58.70091791678627,57.0322981784633,58.42207336425781,31150000
2018-09-25 00:00:00-04:00,58.654361759934176,59.27891564513962,58.15114698695478,59.13181686401367,33152000
2018-09-26 00:00:00-04:00,59.1219166053279,59.79302838637845,58.71132249593064,59.14023971557617,37650000
2018-09-27 00:00:00-04:00,59.434438018720755,60.26949039161778,59.33785720808993,59.79896926879883,36274000
2018-09-28 00:00:00-04:00,59.63701405401697,59.85296149567161,59.32696464659757,59.78510665893555,35612000
2018-10-01 00:00:00-04:00,60.07831470776749,60.63303373026284,59.59243676941261,59.85691833496094,33164000
2018-10-02 00:00:00-04:00,59.764796608379704,60.648885721169954,59.41760220337603,59.81283950805664,40180000
2018-10-03 00:00:00-04:00,60.02877782945918,60.13675153509642,59.540919873275186,60.00550079345703,26246000
2018-10-04 00:00:00-04:00,59.68357711769989,59.72666609530182,57.64398683298956,58.29875564575195,46576000
2018-10-05 00:00:00-04:00,58.24574891886128,58.54292035533071,57.17196709374146,57.84109878540039,31852000
2018-10-08 00:00:00-04:00,57.45328873744916,58.23881314932419,56.2348832400865,57.25121307373047,46190000
2018-10-09 00:00:00-04:00,57.02288594951988,57.530060865203154,56.66925257333919,56.718780517578125,33690000
2018-10-10 00:00:00-04:00,56.28440921041323,56.31511902699846,54.061066857508926,54.09326171875,58980000
2018-10-11 00:00:00-04:00,53.44344529276769,55.276999393030934,53.28742868681119,54.02293014526367,67696000
2018-10-12 00:00:00-04:00,55.45431212814943,55.76089641357545,54.23541154662628,55.4988899230957,49370000
2018-10-15 00:00:00-04:00,55.37308724591823,55.56129494262984,54.39340736844821,54.602420806884766,30074000
2018-10-16 00:00:00-04:00,55.14921777234451,56.28293046363899,55.06353484272854,56.11997985839844,38378000
2018-10-17 00:00:00-04:00,56.4627219316856,56.809421344331454,55.174976397763615,55.84807205200195,35652000
2018-10-18 00:00:00-04:00,55.967431385065424,56.08382413316542,53.80500965830405,54.378055572509766,46152000
2018-10-19 00:00:00-04:00,54.665323678410985,55.51919800011947,54.33447231843299,54.738128662109375,41286000
2018-10-22 00:00:00-04:00,55.10117018030207,55.5558432539641,54.48156645567991,55.044708251953125,27116000
2018-10-23 00:00:00-04:00,54.050171762530304,55.37308588613751,53.44196092292916,55.22003936767578,37686000
2018-10-24 00:00:00-04:00,55.22449467854196,55.304732433740355,52.255743081075536,52.35777282714844,49286000
2018-10-25 00:00:00-04:00,53.505853461516494,55.36416972248822,53.27059289465589,54.65937805175781,72956000
2018-10-26 00:00:00-04:00,51.922424565104556,55.32355894935248,51.62029917882041,53.67673110961914,106438000
2018-10-29 00:00:00-04:00,54.31019755563432,54.91890718185647,49.88530466369168,51.24882888793945,81290000
2018-10-30 00:00:00-04:00,50.519762887820775,52.04970270354157,50.22061142012738,51.980857849121094,59768000
2018-10-31 00:00:00-04:00,52.906555267212084,54.87779911825938,52.906555267212084,54.01500701904297,70916000
2018-11-01 00:00:00-04:00,54.0556273397171,54.47662056871995,53.383026691759596,53.78718185424805,40132000
2018-11-02 00:00:00-04:00,53.936750983635044,54.382510005729145,52.87980727531565,53.06950378417969,43438000
2018-11-05 00:00:00-05:00,53.12101122516715,53.161625118432454,51.21267215028388,52.2889289855957,45358000
2018-11-06 00:00:00-05:00,52.253763769794496,53.48207708054662,52.18392888352459,52.97440719604492,28660000
2018-11-07 00:00:00-05:00,53.663851985386415,54.9733894546815,53.52021829844188,54.889686584472656,43388000
2018-11-08 00:00:00-05:00,54.8431306149798,54.88869466058277,53.706939104621405,54.215599060058594,33694000
2018-11-09 00:00:00-05:00,53.69009841588738,53.90455700916808,52.711412389483684,53.34339904785156,34860000
2018-11-12 00:00:00-05:00,53.1507387670384,53.19878166937508,51.52718794427889,51.97343826293945,34002000
2018-11-13 00:00:00-05:00,52.24336591878655,52.83077477995627,51.529656462730095,51.90458679199219,25750000
2018-11-14 00:00:00-05:00,52.500424847989784,52.78719721551318,51.56482768446638,52.23197937011719,34666000
2018-11-15 00:00:00-05:00,52.077454700238164,53.435035192339036,51.57374483134491,53.04772186279297,41584000
2018-11-16 00:00:00-05:00,52.7594588777133,53.11656114046982,52.24782504415557,52.91002655029297,35366000
2018-11-19 00:00:00-05:00,52.66832339157759,52.896653754575325,50.661423254561655,50.886775970458984,45684000
2018-11-20 00:00:00-05:00,49.88976057327847,51.37859538771627,49.63815696293914,51.03684616088867,54458000
2018-11-21 00:00:00-05:00,51.772849029769944,52.238420059518155,51.48310656298204,51.67973709106445,29698000
2018-11-23 00:00:00-05:00,51.18790410634865,51.65842896303587,50.94125066795449,51.019508361816406,14178000
2018-11-26 00:00:00-05:00,51.7079626907099,52.351833512694434,51.49845423758031,52.29933547973633,31558000
2018-11-27 00:00:00-05:00,52.0715069877795,52.83523948335219,51.7822595489403,52.11806106567383,33048000
2018-11-28 00:00:00-05:00,52.374616429244476,54.127932736787244,51.65595304867717,54.07493591308594,46042000
2018-11-29 00:00:00-05:00,53.665833312341945,54.48900161546981,53.59005445816816,54.21312713623047,31004000
2018-11-30 00:00:00-05:00,54.26512588083463,54.95951461791992,53.648492267458295,54.95951461791992,59668000
2018-12-03 00:00:00-05:00,56.07441301671301,56.215072827653024,55.062538289834464,55.2918586730957,57532000
2018-12-04 00:00:00-05:00,55.12495176237116,55.18686263980358,52.53905790124478,52.62276077270508,45630000
2018-12-06 00:00:00-05:00,51.75748828252991,53.46226669561172,51.6326765104273,53.395896911621094,47436000
2018-12-07 00:00:00-05:00,53.1061552539839,53.74012197911853,51.478640707959194,51.83574295043945,42682000
2018-12-10 00:00:00-05:00,51.655460895725966,52.48060920556832,51.163147772127004,52.162635803222656,33652000
2018-12-11 00:00:00-05:00,52.84415218578602,53.01552182319118,52.01008980091573,52.58214569091797,33852000
2018-12-12 00:00:00-05:00,53.34636730079969,54.07196087418866,53.09327488147646,53.18044662475586,28960000
2018-12-13 00:00:00-05:00,53.27653440075751,53.90802604602563,52.74756752148816,53.17103576660156,24986000
2018-12-14 00:00:00-05:00,52.501404938048545,53.080889742875,51.973923145103235,52.089820861816406,36358000
2018-12-17 00:00:00-05:00,51.8570404111921,52.61829777060275,50.35236134415142,50.799110412597656,49932000
2018-12-18 00:00:00-05:00,51.21267546091427,52.485067857632515,51.03833196178802,51.678741455078125,43640000
2018-12-19 00:00:00-05:00,51.87090842246445,53.278515444177366,50.491041129525485,51.28498458862305,58264000
2018-12-20 00:00:00-05:00,50.81644063465961,51.87833825031847,49.91799239916836,50.69658279418945,53674000
2018-12-21 00:00:00-05:00,51.115602387570746,51.39444695222503,48.597068364199366,49.0953254699707,104656000
2018-12-24 00:00:00-05:00,48.7520875803964,50.12898477901255,48.4222262706209,48.76942443847656,36360000
2018-12-26 00:00:00-05:00,49.42914279619173,51.92835950066788,49.16465748603931,51.898643493652344,46318000
2018-12-27 00:00:00-05:00,50.82635397793012,52.17056137212432,49.875400053410274,52.14876937866211,45996000
2018-12-28 00:00:00-05:00,52.47565115242157,52.709921669552436,51.60889898477782,51.840694427490234,34398000
2018-12-31 00:00:00-05:00,52.39294410728488,52.64851540759331,51.165129459396006,51.75551223754883,33110000
2019-01-02 00:00:00-05:00,50.87588533236922,52.53955507341007,50.780789555670246,52.236934661865234,31868000
2019-01-03 00:00:00-05:00,52.03832084396553,52.81047235393287,50.63665770148199,50.79019546508789,41960000
2019-01-04 00:00:00-05:00,51.63663945243364,53.49099559894608,51.35432601569991,53.39540481567383,46022000
2019-01-07 00:00:00-05:00,53.53904376829784,53.62472670398443,52.63118252404722,53.28892517089844,47446000
2019-01-08 00:00:00-05:00,53.78816287545493,54.152199091832685,52.91398169700757,53.756961822509766,35414000
2019-01-09 00:00:00-05:00,53.88672902952126,54.06750771618479,53.21214463701567,53.572715759277344,26998000
2019-01-10 00:00:00-05:00,53.240381638315014,53.481586161977674,52.73221670000579,53.433048248291016,26598000
2019-01-11 00:00:00-05:00,52.99075750720199,53.16262216456006,52.32360582708245,52.72181701660156,30864000
2019-01-14 00:00:00-05:00,52.170558574702184,52.42365100748316,51.93331795528554,52.07992172241211,28490000
2019-01-15 00:00:00-05:00,52.40185981257521,53.90059872067662,52.22504123950149,53.81342697143555,37518000
2019-01-16 00:00:00-05:00,53.98628027527192,54.59845500660492,53.88771940667306,53.96200942993164,38280000
2019-01-17 00:00:00-05:00,53.88673434119636,54.51624220970342,53.65246001330726,54.43798828125,24896000
2019-01-18 00:00:00-05:00,54.9070229547519,55.37308896607223,54.445910871555206,54.84313201904297,44892000
2019-01-22 00:00:00-05:00,54.283454761683664,54.43055732924766,53.039788311433206,53.42314147949219,39632000
2019-01-23 00:00:00-05:00,53.83075832546533,54.13238866560212,52.87535311256722,53.709415435791016,25194000
2019-01-24 00:00:00-05:00,53.61531482329287,53.88722918029726,52.9967010644742,53.68911361694336,29114000
2019-01-25 00:00:00-05:00,54.195787197812265,54.647985222393906,54.0754343321334,54.556358337402344,23260000
2019-01-28 00:00:00-05:00,53.98975206757573,54.15319390629137,53.2240357631885,53.48406219482422,29334000
2019-01-29 00:00:00-05:00,53.54250503965595,53.725267578606804,52.798584495404725,52.998680114746094,19704000
2019-01-30 00:00:00-05:00,53.36024020964044,54.457797893434226,53.32458024096373,54.38201904296875,29452000
2019-01-31 00:00:00-05:00,55.08780072853778,55.85202820572741,54.74159635544075,55.76386642456055,40232000
2019-02-01 00:00:00-05:00,55.58556205909414,56.18535766046908,55.18735467248871,55.40379333496094,33116000
2019-02-04 00:00:00-05:00,55.42311364859884,56.57861836403511,55.34881983939519,56.533050537109375,78408000
2019-02-05 00:00:00-05:00,55.94910324544131,57.09519882696969,55.6504467610193,57.050621032714844,82296000
2019-02-06 00:00:00-05:00,56.92185134438701,57.15612188924328,55.39091749879368,55.61528396606445,48256000
2019-02-07 00:00:00-05:00,55.066996883523366,55.075415915786344,54.164089681976776,54.77428436279297,38298000
2019-02-08 00:00:00-05:00,54.22798389842387,54.73416879704021,54.19628782710498,54.599449157714844,21766000
2019-02-11 00:00:00-05:00,54.66730351965466,55.146742492237834,54.481570891615064,54.586570739746094,18498000
2019-02-12 00:00:00-05:00,55.026882908369075,56.10908763091339,55.026882908369075,55.84757614135742,35036000
2019-02-13 00:00:00-05:00,56.118000606141024,56.603878560470164,55.769317367151736,55.89957809448242,28042000
2019-02-14 00:00:00-05:00,55.71978722218281,56.271041136525646,55.328015025756656,55.92780685424805,21106000
2019-02-15 00:00:00-05:00,56.4280541444338,56.4280541444338,55.30969437568215,55.45382308959961,27826000
2019-02-19 00:00:00-05:00,55.30572294298435,55.94959371344933,55.30572294298435,55.79457092285156,21980000
2019-02-20 00:00:00-05:00,55.9119597685131,56.013494511628615,55.06353439699271,55.501365661621094,24090000
2019-02-21 00:00:00-05:00,55.411719909157085,55.43004679838898,54.38152200992176,54.690086364746094,33272000
2019-02-22 00:00:00-05:00,54.96199624347031,55.33593654940632,54.506333133176156,55.301761627197266,29436000
2019-02-25 00:00:00-05:00,55.56774018856385,55.739604854739426,55.1804268656303,55.339908599853516,26208000
2019-02-26 00:00:00-05:00,55.193297981460496,55.79110977830247,54.81341368295909,55.57169723510742,35026000
2019-02-27 00:00:00-05:00,55.17546885796388,55.75594378447066,54.90553834356378,55.61528396606445,22092000
2019-02-28 00:00:00-05:00,55.42262183120319,56.16505739363985,55.39340083228564,55.79656219482422,27422000
2019-03-01 00:00:00-05:00,56.016962258640085,56.958008370067496,56.016962258640085,56.88470458984375,34086000
2019-03-04 00:00:00-05:00,57.18385756294769,57.72669245750234,56.376042304704,57.12739562988281,35490000
2019-03-05 00:00:00-05:00,57.25517882334881,58.270023712083415,57.107585014321316,57.90846252441406,40094000
2019-03-06 00:00:00-05:00,58.0357452086528,58.183338997451266,57.60434918457669,57.697959899902344,23602000
2019-03-07 00:00:00-05:00,57.47806075553333,57.63060849415592,56.54741374521215,57.00010681152344,30086000
2019-03-08 00:00:00-05:00,56.16059651269715,57.12888357157748,55.977338949673644,56.95652389526367,23694000
2019-03-11 00:00:00-04:00,57.05706375241342,58.43941002017811,57.035766773103475,58.40721893310547,30032000
2019-03-12 00:00:00-04:00,58.55778518124148,59.71724999224777,58.55778518124148,59.29823684692383,42220000
2019-03-13 00:00:00-04:00,59.728146427571,59.78708343433338,59.330925285629434,59.387882232666016,25888000
2019-03-14 00:00:00-04:00,59.385903050434166,59.6672264639937,59.00007480369485,59.06446075439453,27302000
2019-03-15 00:00:00-04:00,59.33538694879374,59.5196307590718,58.79106321470407,58.95401382446289,51886000
2019-03-18 00:00:00-04:00,58.92379438515742,59.18431580610096,58.51716421998373,58.867332458496094,24442000
2019-03-19 00:00:00-04:00,59.024337482363876,59.60333109562335,58.91240365468693,59.556278228759766,29788000
2019-03-20 00:00:00-04:00,59.503781909938475,60.919808065668605,59.414135080796434,60.74348449707031,41508000
2019-03-21 00:00:00-04:00,60.42501387002743,61.239264305699706,60.25562429558557,61.22391128540039,28150000
2019-03-22 00:00:00-04:00,60.86334523951643,61.10009085817573,59.731612608659276,59.81333541870117,34422000
2019-03-25 00:00:00-04:00,59.412645952213914,59.90198897738277,58.93915096176006,59.30467224121094,27576000
2019-03-26 00:00:00-04:00,59.69148448548368,59.813326159274204,58.53102983150945,58.93122100830078,30752000
2019-03-27 00:00:00-04:00,59.03424233463008,59.03424233463008,57.662790392947635,58.345298767089844,29428000
2019-03-28 00:00:00-04:00,58.22098896741661,58.30766192607468,57.62317718943599,58.06100845336914,22402000
2019-03-29 00:00:00-04:00,58.45277989164012,58.64049635460244,57.7692851938089,58.289833068847656,30890000
2019-04-01 00:00:00-04:00,58.81730807718374,59.44434081035419,58.758866088650656,59.38391876220703,27706000
2019-04-02 00:00:00-04:00,59.43691742976985,59.7222047482487,59.0005711978958,59.708831787109375,18288000
2019-04-03 00:00:00-04:00,60.063455582632635,60.454732784030405,59.686050136151295,59.9698486328125,22180000
2019-04-04 00:00:00-04:00,59.99362239817688,60.45225943372563,59.882183570633956,60.39777755737305,21022000
2019-04-05 00:00:00-04:00,60.390339401795586,60.44432625499876,59.931207420862016,60.00153732299805,20012000
2019-04-08 00:00:00-04:00,59.98470826746021,60.12536809285605,59.66722985164564,59.84454345703125,21750000
2019-04-09 00:00:00-04:00,59.52804882789943,59.78856648653898,59.354200345515004,59.56766891479492,19668000
2019-04-10 00:00:00-04:00,59.68654258117784,59.877225356022,59.46713004657108,59.75389862060547,15510000
2019-04-11 00:00:00-04:00,59.87524890205104,60.06544045215658,59.65930523770467,59.909423828125,16998000
2019-04-12 00:00:00-04:00,60.208078135576585,60.57607829080983,60.09267919382185,60.56023025512695,24312000
2019-04-15 00:00:00-04:00,60.6275805073459,60.88562686056802,60.15557435661403,60.74843215942383,23796000
2019-04-16 00:00:00-04:00,60.92030707335548,61.2164885172734,60.674643608587346,61.01490783691406,22622000
2019-04-17 00:00:00-04:00,61.267001895443855,61.66818694485466,61.063936185393956,61.422523498535156,30366000
2019-04-18 00:00:00-04:00,61.66323042691964,61.70978828077709,61.38636593586521,61.48839569091797,24750000
2019-04-22 00:00:00-04:00,61.25065781074722,62.125829100059825,61.08721219258896,62.097103118896484,19084000
2019-04-23 00:00:00-04:00,62.239744198104034,63.12085940891058,62.00844375608497,62.930667877197266,31868000
2019-04-24 00:00:00-04:00,62.93066708284527,63.09956163490271,62.3967500492638,62.408634185791016,23396000
2019-04-25 00:00:00-04:00,62.9163105072672,63.040132264159006,62.30710957945398,62.76970672607422,31344000
2019-04-26 00:00:00-04:00,63.06885959981191,63.34275402722105,62.653810331462566,63.26895523071289,27228000
2019-04-29 00:00:00-04:00,63.42198374101991,64.23723164551112,62.98613260566754,64.19908905029297,72368000
2019-04-30 00:00:00-04:00,58.9703603907374,59.482980493015035,58.592456151515655,59.3829345703125,133178000
2019-05-01 00:00:00-04:00,59.31062560228468,59.397302349525305,58.031794046998684,58.11302185058594,74340000
2019-05-02 00:00:00-04:00,58.07735668615716,58.41316197905627,57.37058114536193,57.775726318359375,45098000
2019-05-03 00:00:00-04:00,58.3155894200725,59.008497009406334,58.12441161744847,58.9168701171875,41588000
2019-05-06 00:00:00-04:00,58.047627975046964,59.208086426573615,58.0060240533815,59.11051559448242,31774000
2019-05-07 00:00:00-04:00,58.73163739155851,59.175412676921034,57.70094435161667,58.387413024902344,36604000
2019-05-08 00:00:00-04:00,58.30964167835988,58.65535481751742,57.83119651976779,57.987213134765625,25520000
2019-05-09 00:00:00-04:00,57.5820634997147,58.150155440708076,57.1878124765497,57.84803009033203,29556000
2019-05-10 00:00:00-04:00,57.891123724190116,58.25961508477187,56.77821308268988,57.831687927246094,31650000
2019-05-13 00:00:00-04:00,56.72224921637384,57.05557564309641,55.74455316549027,56.2938232421875,45626000
2019-05-14 00:00:00-04:00,56.5776246522516,56.703921474560765,55.646977706064455,55.712852478027344,40392000
2019-05-15 00:00:00-04:00,55.59843917022501,58.35966638030383,55.54148222496704,57.98820114135742,59302000
2019-05-16 00:00:00-04:00,58.03971145820099,59.14519317189485,57.87181070522782,58.666744232177734,35308000
2019-05-17 00:00:00-04:00,58.23732747979743,58.75539646785315,57.771261507136366,57.88814926147461,25362000
2019-05-20 00:00:00-04:00,57.106600268381996,57.106600268381996,56.370603657469225,56.69353103637695,30602000
2019-05-21 00:00:00-04:00,57.17989372553306,57.35423723179189,56.62665973791251,57.177913665771484,20562000
2019-05-22 00:00:00-04:00,57.01991775455204,57.6405115698009,57.00753482339587,57.24774932861328,18826000
2019-05-23 00:00:00-04:00,56.76335831681906,56.96048006392855,56.12394261855994,56.72719955444336,25214000
2019-05-24 00:00:00-04:00,57.05705903712818,57.17394679556535,56.2997655712298,56.39387130737305,18554000
2019-05-28 00:00:00-04:00,56.53601754538963,57.27944300469106,56.39683900673187,56.440921783447266,20948000
2019-05-29 00:00:00-04:00,56.1011563428776,56.215074014539404,55.07343733824872,55.469173431396484,36230000
2019-05-30 00:00:00-04:00,55.47957866180913,55.80894500385442,55.26908015384158,55.54198455810547,18088000
2019-05-31 00:00:00-04:00,54.76091098920142,55.14525038957609,54.64748833637482,54.803504943847656,31582000
2019-06-03 00:00:00-04:00,52.84365916583414,52.84712427053818,50.86746498610896,51.447444915771484,96890000
2019-06-04 00:00:00-04:00,51.73223296658159,52.423160478968796,51.31321981307492,52.22751998901367,60512000
2019-06-05 00:00:00-04:00,52.25277721683821,52.3424240407171,51.16314735509203,51.73965835571289,46988000
2019-06-06 00:00:00-04:00,51.817422860733636,52.005135547432495,51.28746591630464,51.89419174194336,29020000
2019-06-07 00:00:00-04:00,52.217120313402106,53.16559540422133,52.06209372377589,52.91497802734375,43828000
2019-06-10 00:00:00-04:00,53.342413471305406,54.22600764936427,53.2572255502243,53.62770080566406,28510000
2019-06-11 00:00:00-04:00,54.332490587965864,54.68018380564133,53.46970218510772,53.54250717163086,33508000
2019-06-12 00:00:00-04:00,53.48852533662474,53.61581220163735,52.975901435552714,53.44642639160156,23670000
2019-06-13 00:00:00-04:00,53.724275032800136,54.3126739472221,53.61828515943939,54.03630447387695,20814000
2019-06-14 00:00:00-04:00,53.97340006621647,54.22203357309975,53.56429482559034,53.80302047729492,24582000
2019-06-17 00:00:00-04:00,53.94170682923152,54.544963741132975,53.887224959108465,54.17894744873047,19770000
2019-06-18 00:00:00-04:00,55.05115353125742,55.41172091315282,54.520701551214316,54.74110412597656,34526000
2019-06-19 00:00:00-04:00,54.840155442193684,54.948624168178235,54.28493764576931,54.70494079589844,26714000
2019-06-20 00:00:00-04:00,55.5563463162241,55.60686807310888,54.82827376352912,55.135353088378906,24018000
2019-06-21 00:00:00-04:00,54.96991827835116,55.79754160511135,54.962984291178216,55.73810958862305,50774000
2019-06-24 00:00:00-04:00,55.472142358888306,55.648960931164254,55.14079600051931,55.30869674682617,24236000
2019-06-25 00:00:00-04:00,55.228463795688135,55.25916983601783,53.71882698052252,53.866424560546875,31644000
2019-06-26 00:00:00-04:00,54.03580661884397,54.23986611616622,53.178467278635104,53.506839752197266,34698000
2019-06-27 00:00:00-04:00,53.825312342545914,53.910005234452015,53.28544758665724,53.32408142089844,24078000
2019-06-28 00:00:00-04:00,53.353794757217734,53.629669189453125,53.18391018827998,53.629669189453125,33672000
2019-07-01 00:00:00-04:00,54.53307920261683,54.90702331422971,54.25027074261955,54.481571197509766,29196000
2019-07-02 00:00:00-04:00,54.72079078259037,55.11999195678885,54.465223282168516,55.105628967285156,20630000
2019-07-03 00:00:00-04:00,55.39784524596888,55.867875106297795,55.2170665651637,55.62023162841797,20154000
2019-07-05 00:00:00-04:00,55.440937809373715,56.19773626639977,55.348320895974794,56.09967041015625,29794000
2019-07-08 00:00:00-04:00,55.762879139337144,55.82924893062901,55.06403138591545,55.31315994262695,29888000
2019-07-09 00:00:00-04:00,54.99270619274252,55.86144229949039,54.83569954537963,55.68462371826172,29472000
2019-07-10 00:00:00-04:00,56.08233751346823,56.578614532807784,56.00011969183187,56.507789611816406,30710000
2019-07-11 00:00:00-04:00,56.767807067566096,57.1184703147572,56.43943460470651,56.66478729248047,26004000
2019-07-12 00:00:00-04:00,56.60783671758229,56.8341832392987,56.39139805195837,56.72719955444336,21878000
2019-07-15 00:00:00-04:00,56.72719481852239,56.991680140256236,56.46271327552816,56.98326110839844,21164000
2019-07-16 00:00:00-04:00,56.79604145388603,57.38295908769645,56.79604145388603,57.129371643066406,25352000
2019-07-17 00:00:00-04:00,57.00357272421351,57.3760280034177,56.790599163439744,56.79654312133789,19538000
2019-07-18 00:00:00-04:00,56.56178050450906,56.86737479580848,56.10909118678006,56.821311950683594,25450000
2019-07-19 00:00:00-04:00,56.924329998398186,57.036263842230625,56.02934670523156,56.04420471191406,23184000
2019-07-22 00:00:00-04:00,56.23834639125792,56.46370286253179,55.73018527082399,56.423583984375,28914000
2019-07-23 00:00:00-04:00,56.63359192866002,56.901542373770496,56.10858892426191,56.86142349243164,20648000
2019-07-24 00:00:00-04:00,56.097196306050485,56.733143116619324,55.89363180878285,56.449344635009766,27192000
2019-07-25 00:00:00-04:00,56.410709856091835,56.64052525562124,55.65589523702844,56.26163101196289,54762000
2019-07-26 00:00:00-04:00,60.82124521023949,62.82170635326538,60.82124521023949,61.674129486083984,121216000
2019-07-29 00:00:00-04:00,61.53941519329829,61.86085751254784,60.93021046676721,61.5067253112793,41382000
2019-07-30 00:00:00-04:00,60.77171156462741,61.26254341552007,60.68850371388368,60.82124328613281,28616000
2019-07-31 00:00:00-04:00,60.66622137456768,61.163488457630116,59.83958796759743,60.33586502075195,39960000
2019-08-01 00:00:00-04:00,60.30762954898786,61.2323287501369,59.78113772926543,60.017887115478516,35426000
2019-08-02 00:00:00-04:00,59.583029556178026,59.90496309369341,58.939154923667154,59.25217819213867,34910000
2019-08-05 00:00:00-04:00,58.095676201639506,58.289336617722995,56.59892113529309,57.19326400756836,47840000
2019-08-06 00:00:00-04:00,57.726691926979775,58.513206420620904,57.52907138432887,58.002071380615234,36014000
2019-08-07 00:00:00-04:00,57.34432781328151,58.43742657661284,56.99960848715814,58.241294860839844,30686000
2019-08-08 00:00:00-04:00,58.762334158803085,59.74547915169052,58.14669429482071,59.741024017333984,30116000
2019-08-09 00:00:00-04:00,59.43394410682026,59.65533669726062,58.686059689824496,58.88467025756836,20418000
2019-08-12 00:00:00-04:00,58.4438609063578,58.72171540787549,57.88517803525732,58.171451568603516,22064000
2019-08-13 00:00:00-04:00,58.164031951349386,59.70338490800116,58.09667590711385,59.272483825683594,28434000
2019-08-14 00:00:00-04:00,58.249216655957746,58.58204805365659,57.506286190031595,57.663787841796875,35430000
2019-08-15 00:00:00-04:00,57.870826541907114,58.26655890385367,57.60188603368126,57.9149055480957,28506000
2019-08-16 00:00:00-04:00,58.48299326699837,58.634055949053966,58.09716503698395,58.40473556518555,24916000
2019-08-19 00:00:00-04:00,59.02978046479316,59.89950644475125,58.95895555356784,59.45622253417969,24450000
2019-08-20 00:00:00-04:00,59.2041307137126,59.33538146054947,58.59492606828467,58.61869812011719,20206000
2019-08-21 00:00:00-04:00,59.22740993354587,59.46217548603108,58.83613275315723,59.01740646362305,14152000
2019-08-22 00:00:00-04:00,59.12735867462984,59.37401213632088,58.38987714286539,59.014434814453125,17352000
2019-08-23 00:00:00-04:00,58.69993261986993,59.219985517577456,56.95800896601659,57.13532257080078,36254000
2019-08-26 00:00:00-04:00,57.42604913459214,58.040698950826204,57.198217575695054,58.00701904296875,21166000
2019-08-27 00:00:00-04:00,58.59245367806885,58.691509566685426,57.67914357236348,57.989192962646484,23460000
2019-08-28 00:00:00-04:00,57.69448900612565,58.369564585214384,57.465667439542095,58.13430404663086,16810000
2019-08-29 00:00:00-04:00,58.76184140064321,59.39432313270513,58.70537946670605,59.1491584777832,19636000
2019-08-30 00:00:00-04:00,59.45177362182627,59.45177362182627,58.72716627119563,58.96540069580078,18064000
2019-09-03 00:00:00-04:00,58.53549717265134,58.893589488266805,57.637048786327334,57.92629623413086,25908000
2019-09-04 00:00:00-04:00,58.416623705533404,58.6855641775209,58.02435650134425,58.55629348754883,21312000
2019-09-05 00:00:00-04:00,59.1204275331869,60.127843391046405,59.07238463305965,60.0381965637207,26394000
2019-09-06 00:00:00-04:00,59.887129187892,60.07583189032738,59.595897941558604,59.747459411621094,18972000
2019-09-09 00:00:00-04:00,59.785104286074976,60.45225594668712,59.096160631926864,59.695457458496094,31854000
2019-09-10 00:00:00-04:00,59.24077725151112,59.92972082313428,59.23681335373394,59.71674728393555,27922000
2019-09-11 00:00:00-04:00,59.627110866396535,60.547355024481845,59.547368111982024,60.425018310546875,23522000
2019-09-12 00:00:00-04:00,60.59688489482599,61.53545219391306,60.55181208030511,61.166465759277344,31644000
2019-09-13 00:00:00-04:00,61.02481266827996,61.467601684050614,60.77568409557714,61.41707992553711,23676000
2019-09-16 00:00:00-04:00,60.94210061956193,61.367057765179474,60.68207415627382,61.001041412353516,28218000
2019-09-17 00:00:00-04:00,61.00103678715758,61.16794751680228,60.59093767989537,60.91436004638672,20806000
2019-09-18 00:00:00-04:00,60.932185174595695,61.22935660060145,60.25017556160947,61.05154800415039,17440000
2019-09-19 00:00:00-04:00,61.035211221346685,61.63054416428074,61.03471620639554,61.35367965698242,16554000
2019-09-20 00:00:00-04:00,61.10058792815853,61.55427102564121,60.602330812102906,60.91238021850586,37692000
2019-09-23 00:00:00-04:00,60.75041663443363,61.39974019130352,60.61223189345284,61.152591705322266,20798000
2019-09-24 00:00:00-04:00,61.415587240068895,61.76773556719349,59.96142610732814,60.34230041503906,35804000
2019-09-25 00:00:00-04:00,60.227397105585325,61.81281288374729,59.89010675908413,61.70979309082031,26798000
2019-09-26 00:00:00-04:00,61.52157795529746,61.64688852899052,61.01044291937786,61.52900695800781,23166000
2019-09-27 00:00:00-04:00,61.555746012725265,61.66272968580416,60.18726794078168,60.719703674316406,34122000
2019-09-30 00:00:00-04:00,60.45472990890433,60.79202023441614,60.099116473506726,60.481475830078125,24470000
2019-10-01 00:00:00-04:00,60.54834634030253,61.0619602765067,59.709329963711326,59.73161697387695,24504000
2019-10-02 00:00:00-04:00,59.261091120470134,59.37302495619174,58.07884052130791,58.34084701538086,33030000
2019-10-03 00:00:00-04:00,58.60928884664899,58.98867809596157,57.608810817603015,58.910919189453125,28368000
2019-10-04 00:00:00-04:00,59.151632496809995,60.05156965533059,58.98719684740841,59.97727584838867,24282000
2019-10-07 00:00:00-04:00,59.781141033696585,60.37102880405795,59.650385292328075,59.84305191040039,17040000
2019-10-08 00:00:00-04:00,59.373518147663226,59.77469940166091,58.91339610924976,58.94559097290039,20086000
2019-10-09 00:00:00-04:00,59.500317343231046,59.85345571982782,59.34132685384259,59.55331039428711,15948000
2019-10-10 00:00:00-04:00,59.36509695767759,60.20807333110587,59.32844696105802,59.903472900390625,12842000
2019-10-11 00:00:00-04:00,60.62461500768076,60.858390533710576,60.11001108570673,60.2125358581543,22330000
2019-10-14 00:00:00-04:00,60.12239596057424,60.716243857337545,60.02284505325198,60.31456756591797,13296000
2019-10-15 00:00:00-04:00,60.499307230673374,61.768725774202345,60.470581250004656,61.52653121948242,27584000
2019-10-16 00:00:00-04:00,61.50523005655735,62.11839480109987,61.342774482119104,61.564170837402344,22986000
2019-10-17 00:00:00-04:00,61.98021304183353,62.591892771014635,61.90443419353795,62.04955291748047,20958000
2019-10-18 00:00:00-04:00,62.14316528891871,62.31255108446506,61.42252179923315,61.634010314941406,31624000
2019-10-21 00:00:00-04:00,61.84648479525628,62.08471543770218,61.41508875965959,61.627567291259766,18094000
2019-10-22 00:00:00-04:00,61.63747698893606,61.84797548014588,61.408160372457424,61.47502517700195,22862000
2019-10-23 00:00:00-04:00,61.425988085022944,62.309083345163565,61.425988085022944,62.28877639770508,21282000
2019-10-24 00:00:00-04:00,62.36207962036133,62.5497922949152,62.027264387072705,62.36207962036133,20224000
2019-10-25 00:00:00-04:00,62.00993212550449,62.80239436430481,61.86877729263344,62.619136810302734,27104000
2019-10-28 00:00:00-04:00,63.1490906022746,64.34966425902087,63.01585979385468,63.84149932861328,65428000
2019-10-29 00:00:00-04:00,63.19861894999268,63.43635836701717,62.188728055352335,62.43885040283203,52654000
2019-10-30 00:00:00-04:00,62.16595339789057,62.80338909699513,61.943075738251075,62.44083786010742,29204000
2019-10-31 00:00:00-04:00,62.40616890017984,62.729096271494996,61.885125951211286,62.34673309326172,31904000
2019-11-01 00:00:00-04:00,62.69343139934963,63.05003865550883,62.39180103220263,63.01288986206055,28812000
2019-11-04 00:00:00-05:00,63.204063109706816,64.01583839185015,63.204063109706816,63.87269973754883,30632000
2019-11-05 00:00:00-05:00,63.951456657853186,64.25061194822214,63.86131859327582,63.96334457397461,25148000
2019-11-06 00:00:00-05:00,63.89648307224777,64.0401129795622,63.50916977995855,63.942047119140625,24626000
2019-11-07 00:00:00-05:00,64.10399683669011,65.50912870716965,64.07774971156412,64.73103332519531,45140000
2019-11-08 00:00:00-05:00,64.46259360711396,65.23474892425246,64.46259360711396,64.83306884765625,30392000
2019-11-11 00:00:00-05:00,64.58543138494855,64.63001296526535,64.18276879819167,64.30213165283203,17234000
2019-11-12 00:00:00-05:00,64.31646716401417,64.85038788371118,64.1020086052037,64.24910736083984,28852000
2019-11-13 00:00:00-05:00,64.04951725531191,64.51211812874304,63.99850426915484,64.19810485839844,20538000
2019-11-14 00:00:00-05:00,64.13966449078022,65.16590220608438,64.08716267984857,64.84049224853516,28948000
2019-11-15 00:00:00-05:00,65.13272246732559,66.04850769042969,64.97620705197532,66.04850769042969,39286000
2019-11-18 00:00:00-05:00,65.98905802582371,66.06731572154162,65.18768561821011,65.36994934082031,27984000
2019-11-19 00:00:00-05:00,65.70625066215686,65.70625066215686,64.97025799405635,65.01087188720703,21864000
2019-11-20 00:00:00-05:00,64.94995994288024,65.04158683309186,63.852900998893205,64.47943878173828,28892000
2019-11-21 00:00:00-05:00,64.35016618156962,64.9380701081525,63.929169200759176,64.39424896240234,25546000
2019-11-22 00:00:00-05:00,64.53589358098802,64.72905519662515,63.86032294115784,64.07379150390625,27776000
2019-11-25 00:00:00-05:00,64.20208304254504,64.90291089728889,64.16988817490127,64.66665649414062,23590000
2019-11-26 00:00:00-05:00,64.87814242998601,65.08121192737515,64.58741371785119,65.03118896484375,21910000
2019-11-27 00:00:00-05:00,65.15104489246795,65.26099866465015,64.85634852897411,64.98809051513672,18808000
2019-11-29 00:00:00-05:00,64.7142177311249,64.88013468623272,64.54730318842148,64.58989715576172,12802000
2019-12-02 00:00:00-05:00,64.51411216931407,64.65675962448145,63.41556427868224,63.8355712890625,26538000
2019-12-03 00:00:00-05:00,63.33037051121015,64.25012342989662,63.250631535810925,64.12679290771484,25270000
2019-12-04 00:00:00-05:00,64.689439194662,65.58937639189563,64.53837272084628,65.32538604736328,35506000
2019-12-05 00:00:00-05:00,65.7245752743222,65.77311696145986,65.0965563331027,65.72259521484375,24408000
2019-12-06 00:00:00-05:00,66.00937788322534,66.49079695130735,65.93409781953459,66.33824920654297,32968000
2019-12-09 00:00:00-05:00,66.31198219090801,67.23767503260446,66.17379370061582,66.51653289794922,30842000
2019-12-10 00:00:00-05:00,66.36548792156054,66.7646891227079,66.07128278810355,66.5115966796875,17606000
2019-12-11 00:00:00-05:00,66.7795548871401,66.85830383642757,66.4229476010481,66.57896423339844,20480000
2019-12-12 00:00:00-05:00,66.52745181438002,67.09058992873814,66.27931705166803,66.7889633178711,29114000
2019-12-13 00:00:00-05:00,66.75973796964658,66.93061260604823,66.4506823579257,66.70872497558594,33170000
2019-12-16 00:00:00-05:00,67.11138245384012,67.53386065482265,66.89395377790245,67.3936996459961,28128000
2019-12-17 00:00:00-05:00,67.47838939287901,67.57348515426513,66.90187464587285,67.1059341430664,32948000
2019-12-18 00:00:00-05:00,67.21043060849878,67.3307834505681,66.88651708817909,66.95832824707031,23330000
2019-12-19 00:00:00-05:00,66.95835748501707,67.23671464763774,66.80184959837742,67.18272399902344,28922000
2019-12-20 00:00:00-05:00,67.51257419574173,67.55714821487466,66.89990437833447,66.9241714477539,50090000
2019-12-23 00:00:00-05:00,67.29612445854431,67.45065223396979,66.76468252731135,66.89494323730469,19936000
2019-12-24 00:00:00-05:00,66.87414507807253,66.9633006692763,66.57499734842783,66.5878677368164,13468000
2019-12-26 00:00:00-05:00,66.69286688442598,67.51752392838698,66.64135510441135,67.48136138916016,23662000
2019-12-27 00:00:00-05:00,67.55714262925474,67.70820909157774,67.01233147299867,67.09355926513672,23212000
2019-12-30 00:00:00-05:00,67.20103188146805,67.21044094340947,66.26147091867256,66.35408782958984,19994000
2019-12-31 00:00:00-05:00,66.1599455680874,66.40115011710398,65.97867183977834,66.33824920654297,19514000
2020-01-02 00:00:00-05:00,66.78499723022476,67.7889404296875,66.68990145950006,67.7889404296875,27278000
2020-01-03 00:00:00-05:00,66.76468797907017,68.0400504709422,66.73100429191261,67.43431091308594,23408000
2020-01-06 00:00:00-05:00,66.94447875888001,69.2569770701854,66.91328147980676,69.23171997070312,46768000
2020-01-07 00:00:00-05:00,69.36297232708252,69.51354001246602,68.92216715791305,69.09799194335938,34330000
2020-01-08 00:00:00-05:00,69.08363585000798,69.92711127175713,68.97517087211264,69.5898208618164,35314000
2020-01-09 00:00:00-05:00,70.42635201987204,70.76067230865543,69.84587701612236,70.32036590576172,33200000
2020-01-10 00:00:00-05:00,70.79978552621174,71.07070603223812,70.310937556679,70.77452087402344,26258000
2020-01-13 00:00:00-05:00,71.08606938019891,71.3946337502019,70.59673007741598,71.32282257080078,30730000
2020-01-14 00:00:00-05:00,71.32131728230397,71.4515779855686,70.7155778052,70.85525512695312,26076000
2020-01-15 00:00:00-05:00,70.97560706306969,71.3599501960503,70.90824725608023,71.28169250488281,21550000
2020-01-16 00:00:00-05:00,71.59125490803231,71.85128510444423,71.32132441350373,71.82453918457031,26080000
2020-01-17 00:00:00-05:00,72.43770540506222,73.32971477239424,72.14102896920704,73.27870178222656,52424000
2020-01-21 00:00:00-05:00,73.25293561017098,73.79181409023742,72.81757947695674,73.41390991210938,48930000
2020-01-22 00:00:00-05:00,73.78439326618513,74.32177542497652,73.43422499704555,73.49414825439453,28458000
2020-01-23 00:00:00-05:00,73.6764169178253,73.97111327468183,73.31832086517792,73.53475952148438,26650000
2020-01-24 00:00:00-05:00,73.93742914042214,74.0057789848921,72.46939630777668,72.61749267578125,29786000
2020-01-27 00:00:00-05:00,70.90232647120558,71.15195005848474,70.30599589966913,70.91173553466797,34132000
2020-01-28 00:00:00-05:00,71.40750236139107,72.05434703002898,70.84386554182085,71.84137725830078,29724000
2020-01-29 00:00:00-05:00,72.23563600432138,72.51696323741636,71.58829996266252,72.14846801757812,21566000
2020-01-30 00:00:00-05:00,71.2272236271273,72.07663903462614,71.07368586337883,72.02711486816406,27110000
2020-01-31 00:00:00-05:00,72.70119445661328,72.79084128159816,70.68042261440853,70.96372985839844,43822000
2020-02-03 00:00:00-05:00,72.39361708344823,73.61450521558089,72.1439935373326,73.43124389648438,71636000
2020-02-04 00:00:00-05:00,72.03900213330179,72.67544019107511,70.43129942671113,71.58927917480469,95880000
2020-02-05 00:00:00-05:00,72.49068626275275,72.5387291551903,70.81018261463366,71.62096405029297,36376000
2020-02-06 00:00:00-05:00,71.91468022550302,73.37974302803424,71.84039019914903,73.10287475585938,37822000
2020-02-07 00:00:00-05:00,72.67793256592444,73.56251308445891,72.57986668804202,73.25840759277344,28360000
2020-02-10 00:00:00-05:00,73.16528741089394,74.73286749079695,73.06474269563836,74.72196960449219,38302000
2020-02-11 00:00:00-05:00,74.95028459687092,75.77296152339323,74.56297135913168,74.79129791259766,34852000
2020-02-12 00:00:00-05:00,75.07857604388263,75.29848359745186,74.72246758542563,75.21577453613281,31042000
2020-02-13 00:00:00-05:00,74.78833327132581,75.57831660153852,74.49115806314995,74.95623779296875,22914000
2020-02-14 00:00:00-05:00,75.0126911554199,75.28609050192331,74.56791842376306,75.22071075439453,23198000
2020-02-18 00:00:00-05:00,75.00329623708271,75.80664880823156,74.83836179261236,75.25588989257812,25642000
2020-02-19 00:00:00-05:00,75.64023640450932,75.8155699491848,75.33217083202628,75.52483367919922,22746000
2020-02-20 00:00:00-05:00,75.23459792943929,75.63379916691278,74.50404651484665,75.13455200195312,25962000
2020-02-21 00:00:00-05:00,74.51988466489536,74.83538676344855,73.22768413990144,73.47383880615234,42520000
2020-02-24 00:00:00-05:00,70.48180341533693,71.1420247668519,69.67647091260356,70.32380676269531,49560000
2020-02-25 00:00:00-05:00,70.87558735418287,71.16532607680631,68.37042585608846,68.66264343261719,51580000
2020-02-26 00:00:00-05:00,69.0915481294338,70.0172411870808,68.17873301777479,68.86817169189453,49776000
2020-02-27 00:00:00-05:00,67.31643824425866,67.82460319145274,65.09259688693432,65.12776184082031,62290000
2020-02-28 00:00:00-05:00,63.114925882585645,66.48980964727754,62.81280047052396,66.3313217163086,80198000
2020-03-02 00:00:00-05:00,66.93260745873248,68.7195966125872,65.63544890553811,68.66264343261719,55430000
2020-03-03 00:00:00-05:00,69.22528109605555,69.74582523148922,65.83553196684268,66.25553894042969,56602000
2020-03-04 00:00:00-05:00,67.30751483968164,68.48729025367727,66.21986509779941,68.42884826660156,47598000
2020-03-05 00:00:00-05:00,66.64332530629018,67.04352401453723,64.46852487809143,65.11833953857422,54380000
2020-03-06 00:00:00-05:00,62.89896157702434,64.52349823475704,62.2679650350843,64.17630767822266,64640000
2020-03-09 00:00:00-04:00,59.680103417131555,62.046089626823395,59.33736414820625,60.21649932861328,69252000
2020-03-10 00:00:00-04:00,62.12830858804805,63.19119257438766,60.15310073180695,63.15751266479492,54872000
2020-03-11 00:00:00-04:00,61.82519142092742,62.254108628293366,58.99561431064682,59.974300384521484,54732000
2020-03-12 00:00:00-04:00,55.60191470564654,58.877247417138825,54.901083084204004,55.05363082885742,94326000
2020-03-13 00:00:00-04:00,58.19572453085053,60.1476514358914,55.09027308239977,60.141212463378906,79400000
2020-03-16 00:00:00-04:00,53.966968053514314,56.73364061109453,52.851087217946215,53.1442985534668,96520000
2020-03-17 00:00:00-04:00,54.01798135684941,55.7693139034493,51.960559548221276,55.37605667114258,83194000
2020-03-18 00:00:00-04:00,52.497455082266214,54.72872179173103,51.361263491706886,54.04522705078125,93044000
2020-03-19 00:00:00-04:00,53.898125417127375,57.087280139813885,52.28002350852244,55.059574127197266,74064000
2020-03-20 00:00:00-04:00,56.01200383327532,56.387432973532285,52.604430705586964,52.90705108642578,82878000
2020-03-23 00:00:00-04:00,52.320630076713535,52.84266296544348,49.96801697312934,52.209686279296875,83672000
2020-03-24 00:00:00-04:00,54.67869926293057,56.13236549808536,53.80946810012896,55.96792984008789,72468000
2020-03-25 00:00:00-04:00,55.698987349846355,56.7683103247803,53.64008037256016,54.56180953979492,90324000
2020-03-26 00:00:00-04:00,55.21063246321199,58.02188271152003,54.08682765203497,57.59791564941406,76562000
2020-03-27 00:00:00-04:00,55.842123904598736,57.01001149074951,54.679685261396536,54.9897346496582,62794000
2020-03-30 00:00:00-04:00,56.09818990150613,57.00753615927192,54.40678424766814,56.775245666503906,58736000
2020-03-31 00:00:00-04:00,56.89510085591972,58.11697145742104,56.30025920761127,57.549869537353516,65228000
2020-04-01 00:00:00-04:00,55.67025863980762,55.93870409870114,54.159136788243345,54.58557891845703,51970000
2020-04-02 00:00:00-04:00,54.48156755049608,55.60933621040078,54.14130715012959,55.325042724609375,56410000
2020-04-03 00:00:00-04:00,55.210139089344835,55.41221477032094,53.24731792183612,54.12001037597656,51374000
2020-04-06 00:00:00-04:00,56.11601974830172,58.97629920825369,55.71978862877884,58.601863861083984,63320000
2020-04-07 00:00:00-04:00,60.27691147619873,60.46363787904742,58.30765171634094,58.570648193359375,61620000
2020-04-08 00:00:00-04:00,59.58797774612607,60.17241655713172,58.6395026879109,59.7811393737793,40334000
2020-04-09 00:00:00-04:00,60.33486781153998,60.5235705125273,59.059006596297905,59.75983810424805,54028000
2020-04-13 00:00:00-04:00,59.50873873075808,60.15360342548523,58.559273563869034,59.95003890991211,38702000
2020-04-14 00:00:00-04:00,61.41410381655945,63.18623839971038,60.84798810738659,62.665199279785156,63358000
2020-04-15 00:00:00-04:00,61.738018399284236,63.15453947749883,61.118414653636655,62.27243423461914,42236000
2020-04-16 00:00:00-04:00,62.75979362501559,63.067862946627,61.32643447758855,62.27886962890625,57896000
2020-04-17 00:00:00-04:00,63.4809319389817,63.89202104328957,62.70333152394552,63.347206115722656,51050000
2020-04-20 00:00:00-04:00,62.895996779651476,63.239231045755254,62.229835194765286,62.46311569213867,35292000
2020-04-21 00:00:00-04:00,61.54981463207229,61.910877022844375,59.68208545002198,60.036712646484375,49648000
2020-04-22 00:00:00-04:00,61.47055973607133,63.390786730020075,61.27690310966799,62.32740783691406,46296000
2020-04-23 00:00:00-04:00,62.69045588241704,63.800396504836506,62.43241328855193,62.95939636230469,34202000
2020-04-24 00:00:00-04:00,62.1585184165666,63.283317036081904,61.613703473045874,63.22834014892578,37402000
2020-04-27 00:00:00-04:00,63.99107812534568,64.09509171939635,62.65677484233892,62.94404220581055,44186000
2020-04-28 00:00:00-04:00,63.55523388415956,63.632494003689644,60.93912522068392,61.048583984375,80700000
2020-04-29 00:00:00-04:00,66.61608729698841,67.36644663970739,65.71120019655113,66.4764175415039,108358000
2020-04-30 00:00:00-04:00,65.94051844269816,66.86373245145757,65.45216174337986,66.70028686523438,55842000
2020-05-01 00:00:00-04:00,65.58045031969519,66.93456924056204,64.8657546120751,65.2451400756836,48872000
2020-05-04 00:00:00-04:00,64.78998106117524,65.59928136149354,64.18969042697206,65.52151489257812,30806000
2020-05-05 00:00:00-04:00,66.24464133439702,67.90434717096521,66.12230839853984,66.8152084350586,39666000
2020-05-06 00:00:00-04:00,67.25997539271505,67.78943731097657,66.62253976087045,66.63739776611328,31732000
2020-05-07 00:00:00-04:00,67.4239222086965,68.15150356685865,66.98955599428156,67.81866455078125,30652000
2020-05-08 00:00:00-04:00,68.4397405474597,69.17375310247706,67.95386268848951,68.5645523071289,33326000
2020-05-11 00:00:00-04:00,68.1906095115692,70.1093475675794,68.126718586014,69.51797485351562,32718000
2020-05-12 00:00:00-04:00,69.74730660582867,70.049923203942,68.07769309780234,68.11087799072266,33918000
2020-05-13 00:00:00-04:00,68.15940704714981,68.61358886479172,65.7745991923848,66.78102111816406,40368000
2020-05-14 00:00:00-04:00,66.0475144238828,67.22877119677766,65.54132953853221,67.2035140991211,36660000
2020-05-15 00:00:00-04:00,66.77756502722245,68.08115468837015,66.31892426099792,68.00587463378906,41544000
2020-05-18 00:00:00-04:00,67.43730047470451,68.98160371309841,67.07177534549324,68.6061782836914,47094000
2020-05-19 00:00:00-04:00,68.62102154900354,68.96821215456,68.04054666803748,68.0722427368164,31586000
2020-05-20 00:00:00-04:00,68.80328741306404,69.93601002438653,68.71710947231831,69.79386138916016,38262000
2020-05-21 00:00:00-04:00,69.88449154996997,70.15541205544969,69.06231341475633,69.67449188232422,30894000
2020-05-22 00:00:00-04:00,69.53334027151953,70.18216501966805,69.13958802109688,69.99594116210938,28544000
2020-05-26 00:00:00-04:00,71.41839638561501,71.57441298355187,70.3010306624816,70.39859771728516,44590000
2020-05-27 00:00:00-04:00,70.3307594037654,70.59573978291996,69.0727336523979,70.3446273803711,31684000
2020-05-28 00:00:00-04:00,69.34017015081265,71.5422154168118,69.29460611121836,70.24357604980469,35170000
2020-05-29 00:00:00-04:00,70.35205553253827,71.15937581319436,70.1316567331601,71.0003890991211,37044000
2020-06-01 00:00:00-04:00,70.6130711741078,71.39958565996686,70.44367782066597,71.06724548339844,25162000
2020-06-02 00:00:00-04:00,71.0736814378857,71.46991253231057,70.41048993644438,71.43573760986328,23442000
2020-06-03 00:00:00-04:00,71.45506194687327,71.76758643044298,70.9062830710981,71.28418731689453,27732000
2020-06-04 00:00:00-04:00,71.16185253233915,71.38671781973922,69.63785627417651,70.04844665527344,26982000
2020-06-05 00:00:00-04:00,70.1148075544808,71.63336223365884,69.71758640754899,71.32231903076172,42642000
2020-06-08 00:00:00-04:00,70.64179390519453,71.76707993120938,70.55263831946147,71.71953582763672,33878000
2020-06-09 00:00:00-04:00,71.58086036140007,72.69822621574482,71.43821292718843,71.91963195800781,33624000
2020-06-10 00:00:00-04:00,72.38668869449063,72.94437778930063,72.03256031368748,72.54468536376953,31762000
2020-06-11 00:00:00-04:00,71.37234333854855,71.89586510053333,69.26143333989086,69.43428802490234,47144000
2020-06-12 00:00:00-04:00,70.62099957719101,71.04942560214847,68.63688125945289,69.9801025390625,36676000
2020-06-15 00:00:00-04:00,68.81964431757447,70.57840613032252,68.70622164599033,70.36741638183594,30468000
2020-06-16 00:00:00-04:00,71.76708769172896,72.17173786067906,70.77602239457322,71.64178466796875,30648000
2020-06-17 00:00:00-04:00,71.96222904130842,72.42086224181243,71.08012003490119,71.94241333007812,30610000
2020-06-18 00:00:00-04:00,71.80918341707451,71.96371120218673,70.63980704312232,71.03009796142578,34862000
2020-06-19 00:00:00-04:00,71.32132836203121,71.54420600166658,70.28122263375963,70.5605697631836,52784000
2020-06-22 00:00:00-04:00,70.57889184321455,71.86366333812911,70.290634464632,71.84929656982422,29442000
2020-06-23 00:00:00-04:00,71.91568026710264,73.06474988454434,71.56898083338518,72.509033203125,37752000
2020-06-24 00:00:00-04:00,72.47434938272832,73.0939492987786,70.8260329822864,70.95976257324219,31592000
2020-06-25 00:00:00-04:00,70.88644674874172,71.43621549460306,70.30795202854509,71.37579345703125,23958000
2020-06-26 00:00:00-04:00,70.95630864483473,71.17373736157167,67.11139504691282,67.4848403930664,97640000
2020-06-29 00:00:00-04:00,67.37587083037111,69.24112489792789,66.94546479006696,69.20001220703125,45074000
2020-06-30 00:00:00-04:00,69.18565932975696,70.52887303567002,68.69284357495125,70.23417663574219,40286000
2020-07-01 00:00:00-04:00,70.28963717589664,71.74132301052057,70.04248495319584,71.42037200927734,42182000
2020-07-02 00:00:00-04:00,71.90774911883543,73.7244614334021,71.86960651880207,72.80371856689453,57218000
2020-07-06 00:00:00-04:00,73.70614161941427,74.78834258604863,73.15290382253794,74.27571868896484,44712000
2020-07-07 00:00:00-04:00,74.10136699755626,75.34899338827412,73.78289484015339,73.79379272460938,42364000
2020-07-08 00:00:00-04:00,74.33267187185562,74.84628574672716,73.91167491016297,74.47135162353516,31766000
2020-07-09 00:00:00-04:00,74.78487612661692,75.73632515529542,74.07463920841407,75.2172622680664,41836000
2020-07-10 00:00:00-04:00,74.94929749100821,76.34056139918596,74.32870752689304,76.22515869140625,35918000
2020-07-13 00:00:00-04:00,76.76651376660473,78.07506115466981,74.61796006227452,74.89878845214844,42954000
2020-07-14 00:00:00-04:00,73.93595121972746,75.42230344989767,73.59618204162983,75.32621765136719,38108000
2020-07-15 00:00:00-04:00,75.44360151241705,76.09242627991783,74.18557584472208,75.12909698486328,31026000
2020-07-16 00:00:00-04:00,74.3673402136335,75.081053498292,73.71207647834652,75.03202056884766,26484000
2020-07-17 00:00:00-04:00,75.13057171289171,75.45350280247234,74.19893856976338,75.12760162353516,34264000
2020-07-20 00:00:00-04:00,75.03598064140695,77.71102621712684,74.42677974635325,77.45496368408203,30166000
2020-07-21 00:00:00-04:00,78.50448425057768,78.60453017649657,76.89925273502017,77.06269836425781,27486000
2020-07-22 00:00:00-04:00,77.05228897741014,77.61047684984354,76.43417029318135,77.5049819946289,24482000
2020-07-23 00:00:00-04:00,77.55847889660915,77.7773964172392,74.71849886510961,75.1226577758789,33910000
2020-07-24 00:00:00-04:00,74.25293122887126,75.05727377046667,73.67839652345768,74.69967651367188,29902000
2020-07-27 00:00:00-04:00,74.94980528884972,76.15334911512461,74.90374244743394,75.75067901611328,27124000
2020-07-28 00:00:00-04:00,75.53126618262182,75.58128914093209,74.31880459512638,74.47383117675781,30910000
2020-07-29 00:00:00-04:00,74.54069094769629,75.9438352826019,74.44212629875796,75.45746612548828,22676000
2020-07-30 00:00:00-04:00,74.19250254822516,76.3182779617759,74.05382279794463,76.19346618652344,36042000
2020-07-31 00:00:00-04:00,74.14694100972764,74.54168329645547,72.01472655151453,73.69622802734375,91468000
2020-08-03 00:00:00-04:00,73.84728983771697,74.1806124648211,72.89237209086029,73.43917083740234,45482000
2020-08-04 00:00:00-04:00,73.63480832006313,73.95179166394234,72.51149486368587,72.97062683105469,37212000
2020-08-05 00:00:00-04:00,73.14499068180275,73.79777567416224,72.86762356588414,73.25741577148438,29134000
2020-08-06 00:00:00-04:00,73.11178671394394,74.60358776024441,72.90128824619615,74.5382080078125,33306000
2020-08-07 00:00:00-04:00,74.74078261237376,75.28807255599058,73.61301027816823,74.21231079101562,27718000
2020-08-10 00:00:00-04:00,73.83738620246639,74.64717771948666,73.17815479783029,74.13555145263672,20546000
2020-08-11 00:00:00-04:00,73.99586880540706,74.81012673459853,73.21282326551187,73.32921600341797,31098000
2020-08-12 00:00:00-04:00,73.65512007836134,74.87105051996117,73.55011645755229,74.6516342163086,22512000
2020-08-13 00:00:00-04:00,74.69968693523121,76.12413598226395,74.69968693523121,75.11770629882812,22388000
2020-08-14 00:00:00-04:00,74.96714232339298,75.27323541534633,74.2435286408995,74.52237701416016,21942000
2020-08-17 00:00:00-04:00,75.08402766795639,75.47084973901934,74.54069773760847,75.09739685058594,19990000
2020-08-18 00:00:00-04:00,75.58674777639528,77.13451982287252,75.3663489668669,77.05577087402344,28378000
2020-08-19 00:00:00-04:00,76.89281637657025,77.70360557700526,76.27420635249926,76.50253295898438,30472000
2020-08-20 00:00:00-04:00,76.27270646114124,78.26376224635354,75.99980587316979,78.06961059570312,26382000
2020-08-21 00:00:00-04:00,77.84920424259258,78.84374588387767,77.379181914603,78.03593444824219,34838000
2020-08-24 00:00:00-04:00,78.87296919170576,79.68078824721263,78.00968578922196,78.51042175292969,25638000
2020-08-25 00:00:00-04:00,78.26028982216553,79.68572865545461,78.15033605659518,79.53565979003906,25150000
2020-08-26 00:00:00-04:00,79.55796714637002,81.86055784000555,79.2944755650114,81.43163299560547,52188000
2020-08-27 00:00:00-04:00,81.55443950042795,81.62278933907385,80.17754243022719,80.6584701538086,31350000
2020-08-28 00:00:00-04:00,80.70554545606777,81.29394069237523,80.51436386064968,81.19884490966797,22418000
2020-08-31 00:00:00-04:00,81.40387486268835,81.44993769793462,80.50047648092746,80.70849609375,26422000
2020-09-01 00:00:00-04:00,80.83876691063882,82.17901042562862,80.70850618421295,81.97396087646484,22652000
2020-09-02 00:00:00-04:00,82.61435286260449,85.49147748723784,82.22703963118589,85.0600814819336,49522000
2020-09-03 00:00:00-04:00,84.17502796518045,84.19880380071199,79.62779739378053,80.70752716064453,63726000
2020-09-04 00:00:00-04:00,79.69166780285563,80.9789181114478,76.17364614376099,78.31526947021484,55850000
2020-09-08 00:00:00-04:00,75.53126156414605,77.0443596026443,75.11026462423943,75.46192169189453,54032000
2020-09-09 00:00:00-04:00,76.71499512271721,77.20136424573312,75.53967865021947,76.63228607177734,39242000
2020-09-10 00:00:00-04:00,76.77839946695076,77.94132930171978,75.28362070611884,75.58326721191406,33024000
2020-09-11 00:00:00-04:00,75.68729884245194,76.20982310154143,73.94735503103085,75.07363891601562,30706000
2020-09-14 00:00:00-04:00,75.86062084569654,77.11617505248893,74.54613341810307,74.73037719726562,42660000
2020-09-15 00:00:00-04:00,75.67441267924397,76.81852453848204,75.38764408134462,76.03250122070312,23042000
2020-09-16 00:00:00-04:00,76.39701571634512,76.98590955392531,74.86707221677415,74.89183807373047,22128000
2020-09-17 00:00:00-04:00,73.59023272087275,74.22667831338956,72.43374183764101,73.65115356445312,40008000
2020-09-18 00:00:00-04:00,73.71356487148887,74.0553141095479,70.90627852759398,71.87059783935547,63056000
2020-09-21 00:00:00-04:00,70.90627729054565,71.32429660778882,69.47291813290063,70.83297729492188,56908000
2020-09-22 00:00:00-04:00,71.83247257343257,72.50854213889622,70.80128453974875,72.30299377441406,33950000
2020-09-23 00:00:00-04:00,71.92012967764403,71.9691626068808,69.47291945647498,69.80525207519531,37726000
2020-09-24 00:00:00-04:00,69.47292020222153,71.22177395957205,69.44666551695688,70.47240447998047,34552000
2020-09-25 00:00:00-04:00,70.58086753070768,71.61551662390958,69.72055436108712,71.27476501464844,30326000
2020-09-28 00:00:00-04:00,72.9057505874798,72.95527475090996,71.63236818722949,72.24552917480469,30784000
2020-09-29 00:00:00-04:00,72.50556444051016,72.90624691880095,72.01472878247793,72.61006927490234,31816000
2020-09-30 00:00:00-04:00,72.3584584734925,73.6095539606257,72.10190469623866,72.58926391601562,40924000
2020-10-01 00:00:00-04:00,73.483741176294,74.04886678202264,73.1439720362864,73.69374084472656,32884000
2020-10-02 00:00:00-04:00,72.293564193443,73.25442203752935,71.68535342125188,72.09396362304688,31222000
2020-10-05 00:00:00-04:00,72.44315041789427,73.53525912459374,72.31635858239636,73.44264221191406,21602000
2020-10-06 00:00:00-04:00,73.07960341613679,73.52634875390599,71.5694752438616,71.86714172363281,26096000
2020-10-07 00:00:00-04:00,72.2777366606318,72.7561856589531,70.98602714690402,72.26931762695312,36108000
2020-10-08 00:00:00-04:00,72.58183818176148,73.70019413862819,72.58183818176148,73.47236633300781,26076000
2020-10-09 00:00:00-04:00,73.9394120156013,74.87996304586832,73.649174562375,74.81062316894531,32966000
2020-10-12 00:00:00-04:00,76.17514472081848,78.67237799092965,75.74423987697185,77.49211120605469,55344000
2020-10-13 00:00:00-04:00,78.10725371718881,78.51091381347847,77.19691752122968,77.61493682861328,39072000
2020-10-14 00:00:00-04:00,77.98789668241234,78.44603112515772,76.56641781072753,77.43515014648438,33174000
2020-10-15 00:00:00-04:00,76.49706780025525,77.82939090293596,76.3301608746846,77.04039764404297,31210000
2020-10-16 00:00:00-04:00,77.35540481727263,78.14191926255268,77.14887401848515,77.6461410522461,34194000
2020-10-19 00:00:00-04:00,78.05376915654217,78.45000028741373,75.42825518046858,75.77643585205078,29734000
2020-10-20 00:00:00-04:00,75.4376663929067,77.95025657100902,75.30839568992401,76.82298278808594,41670000
2020-10-21 00:00:00-04:00,77.75263238474066,79.99579072282901,77.61841153833419,78.5520248413086,60322000
2020-10-22 00:00:00-04:00,78.50298340637796,79.91058659318215,78.13052815542754,79.57577514648438,30512000
2020-10-23 00:00:00-04:00,79.99133003663475,80.9358412049653,79.83580465730036,80.87937927246094,30548000
2020-10-26 00:00:00-04:00,79.98884506428563,80.71096977316282,77.65009994875733,78.46781921386719,35826000
2020-10-27 00:00:00-04:00,78.69763681929496,79.34497273080397,78.1062640439102,79.19044494628906,25902000
2020-10-28 00:00:00-04:00,76.76999563851732,76.958199588469,74.71306847061375,74.82797241210938,45174000
2020-10-29 00:00:00-04:00,75.13601951207664,78.68821609853272,75.11274247625232,77.11023712158203,55406000
2020-10-30 00:00:00-04:00,82.58613678247883,83.27359537717219,79.32367854725615,80.0438232421875,99878000
2020-11-02 00:00:00-05:00,80.4118132523444,82.13045944172762,79.95119249425672,80.45044708251953,44228000
2020-11-03 00:00:00-05:00,80.76942769311421,82.16811321292346,79.84571468441665,81.50740051269531,31432000
2020-11-04 00:00:00-05:00,84.47515612599635,87.66728434181076,84.34737426162542,86.46968078613281,71342000
2020-11-05 00:00:00-05:00,87.68807900889995,88.74651153606514,86.23094410614924,87.29432678222656,39758000
2020-11-06 00:00:00-05:00,86.74159460999942,87.59150879312968,86.0155021766149,87.15714263916016,28622000
2020-11-09 00:00:00-05:00,88.95256106744117,89.98820035330125,87.0491719162003,87.2408447265625,53440000
2020-11-10 00:00:00-05:00,85.67324914319919,87.13979300669091,84.99717976799883,86.06700134277344,43022000
2020-11-11 00:00:00-05:00,86.59596809428096,87.31413265671966,86.33148655716936,86.53802490234375,31838000
2020-11-12 00:00:00-05:00,86.27898144601205,87.41715286350824,86.07938087425676,86.31959533691406,26474000
2020-11-13 00:00:00-05:00,86.57616160127186,88.01892972596343,85.98082873454973,87.77772521972656,29744000
2020-11-16 00:00:00-05:00,87.37556415004508,88.87133305076017,87.23638559682094,87.86540222167969,25468000
2020-11-17 00:00:00-05:00,87.55980685012722,88.0194376680563,87.14525640032842,87.25273132324219,21314000
2020-11-18 00:00:00-05:00,87.00410167631715,87.41816090841624,86.10911462619481,86.21163940429688,20108000
2020-11-19 00:00:00-05:00,85.84462255020851,87.343361405391,85.68563585602725,87.09967803955078,20106000
2020-11-20 00:00:00-05:00,87.26956435847775,87.58456766371387,85.932291024066,86.00064086914062,27694000
2020-11-23 00:00:00-05:00,86.1908412115801,86.47661977260348,84.70300005992536,85.56380462646484,22530000
2020-11-24 00:00:00-05:00,85.56082603907734,87.49145221377151,85.22551578530343,87.3636703491211,27984000
2020-11-25 00:00:00-05:00,87.55733997611418,87.68462306050553,86.59400306831243,87.37506866455078,19600000
2020-11-27 00:00:00-05:00,87.39536810388411,89.00356955849365,87.39536810388411,88.50877380371094,14790000
2020-11-30 00:00:00-05:00,87.94562745662698,88.17791413138632,86.56823156272611,86.89314270019531,32418000
2020-12-01 00:00:00-05:00,87.50038072004872,90.22742954015868,87.32058825901903,88.9218521118164,37350000
2020-12-02 00:00:00-05:00,88.92185299674881,90.77323924250796,88.41715688663899,90.38839721679688,29424000
2020-12-03 00:00:00-05:00,90.16897819276261,91.32249899387762,89.99364466340876,90.23336791992188,24728000
2020-12-04 00:00:00-05:00,90.15312716981667,90.61275039832083,89.8247471296678,90.32846069335938,20544000
2020-12-07 00:00:00-05:00,89.92184014027518,90.60236862355471,89.30224006807208,89.99514770507812,22288000
2020-12-08 00:00:00-05:00,89.57364334514529,89.9426297266843,88.71976907569164,89.71281433105469,19936000
2020-12-09 00:00:00-05:00,89.66476683014325,90.5567836530883,87.26955984443933,88.05508422851562,31728000
2020-12-10 00:00:00-05:00,87.29929320831398,87.91295308077262,85.85949489452057,87.5494155883789,28688000
2020-12-11 00:00:00-05:00,87.1705112975482,88.02785447821572,86.81093396626306,87.90353393554688,18628000
2020-12-14 00:00:00-05:00,87.7014513160674,88.6464535893456,86.63212095784415,86.78714752197266,33050000
2020-12-15 00:00:00-05:00,87.16356179371958,87.36861130797348,86.26264230585679,87.22399139404297,21352000
2020-12-16 00:00:00-05:00,87.62170901445369,87.62170901445369,86.62866380020262,87.03132629394531,24676000
2020-12-17 00:00:00-05:00,87.36515215334212,87.50284186265255,85.74160161917284,86.20518493652344,34880000
2020-12-18 00:00:00-05:00,86.48553159053134,86.59399654062504,84.94171984684814,85.49742889404297,85256000
2020-12-21 00:00:00-05:00,84.65099259967118,86.03135887448468,83.90162305291535,85.91050720214844,33974000
2020-12-22 00:00:00-05:00,85.65146053831243,85.81391611478843,84.4850618452266,85.20025634765625,20370000
2020-12-23 00:00:00-05:00,85.38401507930502,86.38349935541012,85.2487966486839,85.59698486328125,22974000
2020-12-24 00:00:00-05:00,85.6351071455955,86.29928861138039,85.40480053701683,85.89067840576172,9312000
2020-12-28 00:00:00-05:00,86.42311521018222,88.50777783386496,86.27007625611239,87.86192321777344,27650000
2020-12-29 00:00:00-05:00,88.51917646313515,88.5805885405759,86.92831193871541,87.05956268310547,19726000
2020-12-30 00:00:00-05:00,87.41815172364336,87.55485141341681,85.58559141430368,85.99420166015625,21026000
2020-12-31 00:00:00-05:00,86.04472710858418,87.0466902305064,85.98627755937241,86.80598449707031,21070000
2021-01-04 00:00:00-05:00,87.17050703628225,87.29382998558926,84.5524223403769,85.49297332763672,37324000
2021-01-05 00:00:00-05:00,85.44146080222832,86.518212674344,85.03582065494678,86.18241119384766,20360000
2021-01-06 00:00:00-05:00,84.21166484451052,86.37656533006327,84.0056252787186,85.33200073242188,46588000
2021-01-07 00:00:00-05:00,85.52417916422668,88.05311608596125,85.52417916422668,87.8807601928711,41936000
2021-01-08 00:00:00-05:00,88.02042296709797,89.11996067150037,87.23093086255197,89.04418182373047,35484000
2021-01-11 00:00:00-05:00,88.01348430677218,88.3780193307126,86.78121460098683,86.98675537109375,34796000
2021-01-12 00:00:00-05:00,86.44539736554796,87.5617730173371,85.0100583214589,86.0526351928711,29528000
2021-01-13 00:00:00-05:00,85.55189659115467,86.99170205927044,85.55189659115467,86.53900909423828,23432000
2021-01-14 00:00:00-05:00,86.6192485496251,87.54445028738424,85.48999486924536,85.73020935058594,29212000
2021-01-15 00:00:00-05:00,85.63611997667222,86.55735421375228,84.77878423975633,85.56678009033203,31444000
2021-01-19 00:00:00-05:00,86.32852017503099,89.34184591188985,85.82481417418919,88.38247680664062,41660000
2021-01-20 00:00:00-05:00,90.45771288409664,94.0906457250515,90.11795132095982,93.1174087524414,64152000
2021-01-21 00:00:00-05:00,93.7900248476181,95.69340636712899,93.084730602036,93.31949615478516,58634000
2021-01-22 00:00:00-05:00,93.6815563337508,94.32196208500488,92.9406058668475,93.73603820800781,32744000
2021-01-25 00:00:00-05:00,94.735516584528,95.18523949060442,92.08176827448915,93.82121276855469,50586000
2021-01-26 00:00:00-05:00,93.41063354446489,94.88460664624404,92.92228430514494,94.49828338623047,31462000
2021-01-27 00:00:00-05:00,92.86185061997337,93.1372300622554,89.01693751997792,90.08972930908203,82512000
2021-01-28 00:00:00-05:00,90.68705283027275,93.50968842844524,90.68705283027275,91.78659057617188,55278000
2021-01-29 00:00:00-05:00,90.83662096022837,91.50625144946868,89.22892586011437,90.50675964355469,44530000
2021-02-01 00:00:00-05:00,91.36013676541516,94.8741983355262,91.36013676541516,93.76129150390625,40252000
2021-02-02 00:00:00-05:00,94.75484486792932,96.54976147357345,94.42002583322707,95.05152130126953,66332000
2021-02-03 00:00:00-05:00,102.30697827129922,104.33814919011594,99.72850978697359,101.97364807128906,97882000
2021-02-04 00:00:00-05:00,102.05982362673574,102.48973084988792,100.7958502900432,101.713623046875,48596000
2021-02-05 00:00:00-05:00,102.00733277006397,103.80918723346058,101.53384151160945,103.45703887939453,29866000
2021-02-08 00:00:00-05:00,104.0102671012824,104.75319758057728,102.19504362216297,103.24356079101562,28828000
2021-02-09 00:00:00-05:00,102.76214180334384,103.93646833616009,102.52440616600971,102.79136657714844,21892000
2021-02-10 00:00:00-05:00,103.17521153407674,103.95479579411372,101.64477655178763,103.34063720703125,25102000
2021-02-11 00:00:00-05:00,103.56449891643221,103.71307894777127,102.46793142878208,103.45305633544922,20480000
2021-02-12 00:00:00-05:00,103.00830594107755,103.98550319284138,102.70122286478392,103.76411437988281,18990000
2021-02-16 00:00:00-05:00,103.60166638542798,106.24600608515004,103.60166638542798,104.54023742675781,31004000
2021-02-17 00:00:00-05:00,103.71210570094998,105.12169662718253,103.43326492153011,104.9324951171875,20294000
2021-02-18 00:00:00-05:00,104.25791193608758,105.09940707577803,103.67990832770771,104.29802703857422,22546000
2021-02-19 00:00:00-05:00,104.39609920802339,104.93051126685963,103.18957781103883,103.45603942871094,37938000
2021-02-22 00:00:00-05:00,101.71215642318882,103.03606086152305,101.43479686384424,101.74484252929688,29466000
2021-02-23 00:00:00-05:00,99.75031746108753,102.6482409584717,98.57351192538236,102.03507232666016,34658000
2021-02-24 00:00:00-05:00,100.54523930328276,103.43177333989358,100.4209263192636,103.2083969116211,22608000
2021-02-25 00:00:00-05:00,101.82754730737786,103.16828965771158,99.37884811495125,99.8473892211914,41548000
2021-02-26 00:00:00-05:00,100.54078166491652,101.85675806887475,99.10742248436003,100.14257049560547,40042000
2021-03-01 00:00:00-05:00,101.43477656294935,102.83297076146233,100.76217598741069,102.507568359375,26060000
2021-03-02 00:00:00-05:00,102.26883517462322,103.74974598869453,101.86419259805125,102.25100708007812,25564000
2021-03-03 00:00:00-05:00,101.63041426269442,102.82108003698221,98.76021959763636,99.62252044677734,33892000
2021-03-04 00:00:00-05:00,99.7938950813685,102.75174921117376,99.32634401579678,100.7379150390625,49216000
2021-03-05 00:00:00-05:00,102.08607442092764,104.31733703532676,100.43329905522936,103.86514282226562,53100000
2021-03-08 00:00:00-05:00,103.22078363369144,104.69078901545105,99.31445083979884,99.42886352539062,36868000
2021-03-09 00:00:00-05:00,101.5214533376975,102.22327112991414,100.82061801783814,101.0563735961914,33920000
2021-03-10 00:00:00-05:00,102.09846248595427,102.09846248595427,100.01478970178172,100.84984588623047,27100000
2021-03-11 00:00:00-05:00,101.94096586019782,104.56845981561914,101.85329909223847,104.03701782226562,27702000
2021-03-12 00:00:00-05:00,102.84189255369952,102.90132457610481,100.66312398359679,101.5338363647461,33818000
2021-03-15 00:00:00-04:00,101.28520493789203,101.78098319105705,100.43380945781465,101.75374603271484,26168000
2021-03-16 00:00:00-04:00,102.3258038173008,104.68782625409712,101.99396241672522,103.21237182617188,31900000
2021-03-17 00:00:00-04:00,102.44863427821845,103.96074246670578,101.24261159381157,103.12965393066406,26382000
2021-03-18 00:00:00-04:00,101.44370276212115,102.46251164126757,100.00737329564075,100.1143569946289,31700000
2021-03-19 00:00:00-04:00,100.52989105422479,100.8919396815701,99.2025179744217,100.39269256591797,46072000
2021-03-22 00:00:00-04:00,100.42589588554526,101.45163501973133,99.75081632098231,100.57745361328125,33536000
2021-03-23 00:00:00-04:00,101.03606604781163,102.23267958449078,100.44420203085373,101.10441589355469,28510000
2021-03-24 00:00:00-04:00,101.62100287036363,102.40553729619415,100.49372917581998,100.66857147216797,25218000
2021-03-25 00:00:00-04:00,100.49620554213062,101.31788496109286,98.86373703240163,100.66510009765625,35616000
2021-03-26 00:00:00-04:00,100.6319036207268,101.00831896701038,99.24806879374879,100.28223419189453,27978000
2021-03-29 00:00:00-04:00,100.15495094383878,101.49470309556291,99.32732382277005,101.32530975341797,26492000
2021-03-30 00:00:00-04:00,101.68143348320557,102.16136368838866,100.84786611987286,101.35900115966797,27312000
2021-03-31 00:00:00-04:00,101.75176698502271,103.32975373421876,101.38525186813577,102.15393829345703,42570000
2021-04-01 00:00:00-04:00,103.62642953491097,105.78092353227542,103.58581563660896,105.48523712158203,39880000
2021-04-05 00:00:00-04:00,106.34555784127276,110.3989899273122,106.24947203200767,109.90221405029297,48510000
2021-04-06 00:00:00-04:00,109.50398600807345,110.349940034583,109.05179177903032,109.42176818847656,35240000
2021-04-07 00:00:00-04:00,109.61196749203187,111.167168408484,109.61196749203187,110.89624786376953,24134000
2021-04-08 00:00:00-04:00,112.13297829066477,112.51881032540636,111.09337131949647,111.46087646484375,28664000
2021-04-09 00:00:00-04:00,111.21372651622714,112.6267787456698,110.8085775812512,112.46333312988281,26146000
2021-04-12 00:00:00-04:00,111.64361676683521,111.7808076768969,110.3410097455035,111.173095703125,25024000
2021-04-13 00:00:00-04:00,111.48860550102535,112.10672420770086,111.09534448767921,111.65898132324219,25682000
2021-04-14 00:00:00-04:00,112.30287587108434,112.30287587108434,110.74718351471127,111.03890228271484,21002000
2021-04-15 00:00:00-04:00,112.0314508484042,113.71790254287018,111.49752999108566,113.18546295166016,29174000
2021-04-16 00:00:00-04:00,113.38308017201123,113.6307236741499,112.47571401741611,113.06163787841797,26282000
2021-04-19 00:00:00-04:00,112.43906809584607,114.11858197870201,112.43906809584607,113.4088363647461,30290000
2021-04-20 00:00:00-04:00,113.79169020022796,113.86647902139559,111.79222285597993,112.87640380859375,22288000
2021-04-21 00:00:00-04:00,112.5316938553797,112.92544614886954,111.18302366604111,112.8437271118164,23204000
2021-04-22 00:00:00-04:00,112.69759831173724,113.36524874098734,110.96013372841314,111.56438446044922,24146000
2021-04-23 00:00:00-04:00,112.28156447737894,114.21912854433809,111.99677595604035,113.91254425048828,29066000
2021-04-26 00:00:00-04:00,114.1398788335531,115.13095163734104,113.78327158531432,114.40782928466797,32038000
2021-04-27 00:00:00-04:00,114.78919765815289,114.82981155365069,113.23052794560031,113.4692611694336,44386000
2021-04-28 00:00:00-04:00,118.49741391689179,120.42309000119249,116.5519296780215,116.8401870727539,81106000
2021-04-29 00:00:00-04:00,118.33544207884805,119.074903596375,117.57368599873023,118.5102767944336,41234000
2021-04-30 00:00:00-04:00,117.2849351979908,117.9699148376419,116.22205139331574,116.56578063964844,44856000
2021-05-03 00:00:00-04:00,117.13092405968729,117.9550824057856,115.67428774136816,116.04971313476562,28242000
2021-05-04 00:00:00-04:00,114.58712677663047,115.15373373881623,111.77043123786963,114.2542953491211,44818000
2021-05-05 00:00:00-04:00,115.33402106487281,115.64951562210264,114.32611019629827,114.64755249023438,26636000
2021-05-06 00:00:00-04:00,114.22952453420945,115.76590728759766,113.57129071075337,115.76590728759766,25190000
2021-05-07 00:00:00-04:00,117.08039985339984,117.44492732898748,116.2022509428102,116.48802947998047,28898000
2021-05-10 00:00:00-04:00,115.30973060797227,115.45138799236379,113.15027926120094,113.50738525390625,30914000
2021-05-11 00:00:00-04:00,111.0963461132312,112.9393056208691,110.64315426944027,112.43312072753906,34186000
2021-05-12 00:00:00-04:00,110.26029638420344,111.3395271618132,108.64714477876392,108.97551727294922,46376000
2021-05-13 00:00:00-04:00,110.2568312457659,110.91655390355615,109.2959732405026,110.40145874023438,33204000
2021-05-14 00:00:00-04:00,111.8625382436719,113.15919757558062,111.43956126309648,112.84518432617188,31996000
2021-05-17 00:00:00-04:00,112.11167134920787,113.40981960138417,111.71247016753203,113.36722564697266,21598000
2021-05-18 00:00:00-04:00,114.03239767436695,114.2963879915566,112.04332196648303,112.05718994140625,22204000
2021-05-19 00:00:00-04:00,110.37123586133087,112.67728734778952,110.22314705186243,112.50443267822266,23684000
2021-05-20 00:00:00-04:00,113.47025527402623,114.51035344458924,113.09978005208858,114.26023864746094,32352000
2021-05-21 00:00:00-04:00,114.77829654764197,114.85160409793224,113.3860425755212,113.6252670288086,40632000
2021-05-24 00:00:00-04:00,114.6535023204675,117.16262365640644,114.50838357860306,116.93925476074219,31832000
2021-05-25 00:00:00-04:00,117.48207860252175,118.07642150981503,116.6400921873996,117.0298843383789,22440000
2021-05-26 00:00:00-04:00,117.2106542643524,118.32356873602771,117.2076841748008,117.89366149902344,21572000
2021-05-27 00:00:00-04:00,118.32654591291701,118.32654591291701,116.70250387182054,117.02047729492188,35224000
2021-05-28 00:00:00-04:00,117.60192576559648,117.683644787833,116.53359295302124,116.73170471191406,21482000
2021-06-01 00:00:00-04:00,117.60291564866245,118.16110350178715,116.60441394483908,117.93673706054688,23354000
2021-06-02 00:00:00-04:00,118.33148554300686,118.55387193641818,116.50932431972745,117.41223907470703,21158000
2021-06-03 00:00:00-04:00,116.18097136905885,116.74014937542513,115.37810995091701,116.27259826660156,18696000
2021-06-04 00:00:00-04:00,117.3468636312085,118.82083671055345,117.0070944528498,118.55040740966797,24458000
2021-06-07 00:00:00-04:00,118.34585127204267,119.09225061886329,117.92783196651992,118.9827880859375,24120000
2021-06-08 00:00:00-04:00,119.46373541004317,119.8356919389764,118.61035224384835,118.7916259765625,24240000
2021-06-09 00:00:00-04:00,119.43499304217214,119.50680421418785,118.71533959615813,119.26213836669922,17942000
2021-06-10 00:00:00-04:00,119.21162145420193,120.65191843453623,119.05610363082518,120.60882568359375,25904000
2021-06-11 00:00:00-04:00,120.85003370784611,120.93522162483347,119.8079478759127,120.36465454101562,21958000
2021-06-14 00:00:00-04:00,120.46668652176852,121.2918349252033,119.76040973055932,121.29134368896484,22098000
2021-06-15 00:00:00-04:00,121.29579046273996,121.61822280252001,119.91493300608863,120.27500915527344,21562000
2021-06-16 00:00:00-04:00,120.4260576459567,120.73710083598742,118.34387375463972,119.63409423828125,26472000
2021-06-17 00:00:00-04:00,119.55980920462216,121.36760375769067,119.36416872070753,120.595947265625,25842000
2021-06-18 00:00:00-04:00,120.22299376263435,120.45676929158408,118.88374028868567,118.97883605957031,46116000
2021-06-21 00:00:00-04:00,119.36466184351545,120.85002400068946,118.76833135754313,120.66429138183594,27414000
2021-06-22 00:00:00-04:00,120.60239554716594,121.24627021764076,119.92286468345308,121.17742156982422,22390000
2021-06-23 00:00:00-04:00,120.94264518399315,121.93519924591817,120.68609141467088,120.975830078125,19148000
2021-06-24 00:00:00-04:00,121.54342580129659,121.8955741299516,121.14720225046123,121.3453140258789,21362000
2021-06-25 00:00:00-04:00,120.85003083307085,121.47706739414184,120.41913355136293,121.3537368774414,34594000
2021-06-28 00:00:00-04:00,121.52212486149851,121.62762727603534,120.26112916843773,121.38097381591797,28526000
2021-06-29 00:00:00-04:00,121.51420801698202,121.86140619474826,120.54394097768125,121.11995697021484,23108000
2021-06-30 00:00:00-04:00,120.8445844421565,121.10461466323201,120.21061765850376,120.93869018554688,24474000
2021-07-01 00:00:00-04:00,120.57762097148523,121.43149529232761,120.38594816360798,121.29034423828125,18110000
2021-07-02 00:00:00-04:00,121.98919501918171,124.22194673760366,121.89954818912742,124.07682800292969,25982000
2021-07-06 00:00:00-04:00,124.46413437328431,125.2362896391203,123.40818062703144,125.00053405761719,26404000
2021-07-07 00:00:00-04:00,125.96337112785648,126.08421522849032,124.96387932066273,125.28185272216797,24060000
2021-07-08 00:00:00-04:00,122.85694660020272,124.41164887036703,122.85298648028281,123.86534881591797,23790000
2021-07-09 00:00:00-04:00,123.84652486211671,124.54933275262546,123.37748495557717,124.33537292480469,18632000
2021-07-12 00:00:00-04:00,124.98864973435082,125.87174882862907,124.42699293647514,125.77863311767578,17668000
2021-07-13 00:00:00-04:00,125.84102140220094,126.8504134336726,125.48045407151172,126.14116668701172,19240000
2021-07-14 00:00:00-04:00,126.75188213634458,128.1074901213881,126.70878938141091,127.02825164794922,23742000
2021-07-15 00:00:00-04:00,127.43636220289176,127.48687640049349,125.3373325394716,125.80785369873047,24218000
2021-07-16 00:00:00-04:00,126.4596619894112,126.60676079067314,124.96439179181172,125.773193359375,20424000
2021-07-19 00:00:00-04:00,124.9009824416762,125.01539513075979,122.34084076103703,123.40373229980469,27968000
2021-07-20 00:00:00-04:00,124.34426586075064,125.84548355965671,123.17836596330832,125.01984405517578,26312000
2021-07-21 00:00:00-04:00,124.94456356694099,126.39327953934199,124.83559982340273,126.34672546386719,20746000
2021-07-22 00:00:00-04:00,126.63895018524038,127.27192694064978,126.29720092991697,127.21099853515625,14302000
2021-07-23 00:00:00-04:00,129.20107326762223,132.14159833008807,128.57702185378255,131.76121520996094,41506000
2021-07-26 00:00:00-04:00,132.07175342893328,132.97168302546814,131.05442593897925,132.77159118652344,30572000
2021-07-27 00:00:00-04:00,132.98506156052375,133.13216035210118,128.87764673138182,130.65670776367188,54710000
2021-07-28 00:00:00-04:00,135.02710463212827,136.9933944090336,134.00235582166118,134.8111572265625,95130000
2021-07-29 00:00:00-04:00,134.8666518231357,135.37283673825075,134.2653786909646,134.49766540527344,31716000
2021-07-30 00:00:00-04:00,133.7621677510973,134.0291281776654,132.98952121699546,133.45657348632812,25576000
2021-08-02 00:00:00-04:00,133.84339668549805,134.06082538942997,132.53286916754786,133.5833740234375,21634000
2021-08-03 00:00:00-04:00,133.86120286667253,134.45257562502817,132.06282508292418,134.35154724121094,20762000
2021-08-04 00:00:00-04:00,134.07366367463,134.37083882120194,133.21929079634413,133.85177612304688,19676000
2021-08-05 00:00:00-04:00,134.40157667568067,135.06477578694478,133.5749394991409,134.96719360351562,17870000
2021-08-06 00:00:00-04:00,134.75968182925016,135.18612020781896,133.93552349692666,134.4590301513672,20488000
2021-08-09 00:00:00-04:00,134.6610798181462,135.8908780023505,134.063751862668,135.62242126464844,17760000
2021-08-10 00:00:00-04:00,136.04740162628875,136.47385507476878,135.0791222485657,135.5174560546875,19414000
2021-08-11 00:00:00-04:00,135.88845059956836,136.38472014555214,134.98702449828673,134.9944610595703,15352000
2021-08-12 00:00:00-04:00,134.69378245120308,136.0058062320599,134.14897887117468,135.9008026123047,16506000
2021-08-13 00:00:00-04:00,135.9562830728058,136.55707249857926,135.7413332281866,136.4292755126953,15948000
2021-08-16 00:00:00-04:00,136.2286928614047,137.0583077135838,134.02367703834207,137.00579833984375,22384000
2021-08-17 00:00:00-04:00,136.45157763049883,136.96222146374024,134.7993008134567,135.3733367919922,21716000
2021-08-18 00:00:00-04:00,135.21335999313266,135.8121693920602,134.04597111672172,134.17227172851562,19258000
2021-08-19 00:00:00-04:00,133.16831623238994,135.06723891095177,132.98456366136284,134.4010772705078,21782000
2021-08-20 00:00:00-04:00,134.71806434850964,136.25741719492962,133.9751338465877,136.13409423828125,31194000
2021-08-23 00:00:00-04:00,136.66902073363573,139.54663749004254,136.31043336755596,138.72149658203125,28454000
2021-08-24 00:00:00-04:00,139.28608004454338,140.74074364271735,139.0156583234822,139.92996215820312,19268000
2021-08-25 00:00:00-04:00,140.29001552577736,140.84919335198805,140.04336966098197,140.73973083496094,15848000
2021-08-26 00:00:00-04:00,140.41386126677486,141.075065164361,140.02456037327326,140.10728454589844,20610000
2021-08-27 00:00:00-04:00,140.31728540087127,143.15032775638406,140.1632488403668,142.64662170410156,28780000
2021-08-30 00:00:00-04:00,143.0388745733739,144.5945817480552,142.80410902722718,143.2275848388672,24434000
2021-08-31 00:00:00-04:00,143.77884397500796,143.80310348475496,142.92100957240294,143.3335723876953,22448000
2021-09-01 00:00:00-04:00,143.63321113945034,144.87538859578518,143.5178084371662,143.8466796875,21936000
2021-09-02 00:00:00-04:00,143.84718882858917,144.14782535950548,141.8353273499022,141.93637084960938,32342000
2021-09-03 00:00:00-04:00,141.73182815855947,142.79619338912647,141.05822998053367,142.38461303710938,19850000
2021-09-07 00:00:00-04:00,142.47869137873604,143.2023048191904,142.26522284425937,142.9204864501953,20124000
2021-09-08 00:00:00-04:00,142.7417043037918,143.038864380301,141.6520669733978,142.3365478515625,18344000
2021-09-09 00:00:00-04:00,142.48466472180607,142.9502357286335,141.8279196972411,142.18798828125,15314000
2021-09-10 00:00:00-04:00,142.8531480802231,143.35439037839083,139.41141126513372,139.54811096191406,36840000
2021-09-13 00:00:00-04:00,140.61147464793981,141.60254742162573,139.9185746785746,140.99087524414062,22094000
2021-09-14 00:00:00-04:00,141.6476195524205,142.01166334811575,140.4138609963223,141.20086669921875,19674000
2021-09-15 00:00:00-04:00,141.42573878807053,143.08891341943206,140.0151653694078,143.068115234375,27408000
2021-09-16 00:00:00-04:00,142.5936227227182,142.9398308741866,141.05922759081184,142.25633239746094,26190000
2021-09-17 00:00:00-04:00,141.68228320733095,142.09782363998602,139.14591763546696,139.47280883789062,53384000
2021-09-20 00:00:00-04:00,136.85918731338376,137.68978457112166,135.03703359355418,137.41192626953125,46518000
2021-09-21 00:00:00-04:00,138.43222649685097,138.69176548662895,136.9746001490419,137.7224884033203,25332000
2021-09-22 00:00:00-04:00,137.99093729311895,139.5590087402755,137.24552785356187,138.96119689941406,25056000
2021-09-23 00:00:00-04:00,139.65857166387786,140.36088835168275,139.07809668102067,139.88491821289062,20952000
2021-09-24 00:00:00-04:00,139.21378542182566,140.9889014490048,138.91908904507557,140.87448120117188,22984000
2021-09-27 00:00:00-04:00,139.4772834307907,140.60059702550436,138.74723086445857,139.7422637939453,21882000
2021-09-28 00:00:00-04:00,137.34805144334183,137.785387734539,134.08411157822107,134.5496826171875,45772000
2021-09-29 00:00:00-04:00,135.6888354361308,135.85822880609126,132.60320680070598,133.08709716796875,30848000
2021-09-30 00:00:00-04:00,132.9959304531151,134.26484619084297,132.29707531083466,132.4159393310547,37996000
2021-10-01 00:00:00-04:00,133.18019830322703,135.61999474858516,132.80923183052033,135.25595092773438,35360000
2021-10-04 00:00:00-04:00,134.67894893702572,134.67894893702572,129.81474265622978,132.39964294433594,51202000
2021-10-05 00:00:00-04:00,132.77751730640625,135.93101151293692,132.77751730640625,134.74082946777344,32404000
2021-10-06 00:00:00-04:00,133.47985735059552,136.45157959216723,133.28174555748294,136.26832580566406,24364000
2021-10-07 00:00:00-04:00,137.5827746181641,138.72194355781244,137.34404899245519,137.9126434326172,25110000
2021-10-08 00:00:00-04:00,138.26134957359187,139.00824022807984,137.90524110595646,138.4678955078125,26526000
2021-10-11 00:00:00-04:00,137.9790418985693,139.3856551740966,137.55010956888324,137.60459899902344,17954000
2021-10-12 00:00:00-04:00,138.1652623909544,138.19201587064128,134.48032576565427,135.162841796875,36332000
2021-10-13 00:00:00-04:00,136.1073286205011,136.6992001618353,135.23215741372877,136.28514099121094,19654000
2021-10-14 00:00:00-04:00,138.1593012632748,140.00523062194034,137.51641675537215,139.82049560546875,31894000
2021-10-15 00:00:00-04:00,140.27964359990548,140.38216837162227,139.4282481493286,140.03546142578125,30274000
2021-10-18 00:00:00-04:00,139.74669048289897,141.4499798136856,139.7397527178746,141.43214416503906,20396000
2021-10-19 00:00:00-04:00,142.03591966092392,142.30833656697075,141.2558517419221,141.8868408203125,20164000
2021-10-20 00:00:00-04:00,141.9869044494379,142.1929515962264,140.04389134259256,140.4326934814453,23288000
2021-10-21 00:00:00-04:00,140.4326977195977,140.8160584841013,139.17566195963474,140.54859924316406,26292000
2021-10-22 00:00:00-04:00,137.8383452130295,139.25783621028776,134.77351552457247,136.269775390625,50588000
2021-10-25 00:00:00-04:00,136.2534694690779,136.69922478778497,134.14750193472992,136.1514434814453,34412000
2021-10-26 00:00:00-04:00,137.95081782575454,138.76258192048442,137.000857642727,137.99539184570312,49236000
2021-10-27 00:00:00-04:00,138.0909634675946,147.24881500925127,138.0909634675946,144.83924865722656,85782000
2021-10-28 00:00:00-04:00,145.74761793016637,145.77089496837942,143.26374634339527,144.47422790527344,36206000
2021-10-29 00:00:00-04:00,143.71050193740845,146.84467961742357,143.28604362604932,146.65052795410156,43320000
2021-11-01 00:00:00-04:00,146.650526252916,146.650526252916,141.87545343779883,142.14439392089844,46924000
2021-11-02 00:00:00-04:00,143.2167042160869,145.22706960553992,142.97500087453776,144.06166076660156,33482000
2021-11-03 00:00:00-04:00,144.5252514271149,145.28651643687795,143.22810059076318,145.2161865234375,27494000
2021-11-04 00:00:00-04:00,145.73770266628088,148.32211896882083,144.92890116234534,146.86993408203125,38412000
2021-11-05 00:00:00-04:00,147.76345638853533,148.91054605581164,146.80013444305405,147.44895935058594,38354000
2021-11-08 00:00:00-05:00,148.4127275313217,149.19528935553726,147.03137153960657,147.626220703125,23052000
2021-11-09 00:00:00-05:00,147.8263354686144,148.422167196909,145.85706777321636,147.51480102539062,19530000
2021-11-10 00:00:00-05:00,146.10962778399033,146.67426207535135,143.17505910244677,144.5182647705078,29970000
2021-11-11 00:00:00-05:00,145.1087093120046,146.1448550398257,144.22808142336237,144.39251708984375,16518000
2021-11-12 00:00:00-05:00,145.23352157756693,147.44697178128982,144.04037667838242,147.27658081054688,22360000
2021-11-15 00:00:00-05:00,147.49696261340108,148.13984720055237,146.18395628145507,147.0526885986328,23508000
2021-11-16 00:00:00-05:00,146.75302192957213,147.36023509685174,145.92390607867836,146.4821014404297,18904000
2021-11-17 00:00:00-05:00,146.63220285506807,147.15918597482235,145.8521348261738,146.65151977539062,19594000
2021-11-18 00:00:00-05:00,146.8441702118311,149.16112717315613,146.49054062936167,148.42611694335938,35608000
2021-11-19 00:00:00-05:00,148.56179776184993,149.54346886811575,147.49545266698877,147.52268981933594,33682000
2021-11-22 00:00:00-05:00,147.92489515967466,148.4172045095236,144.76991940785044,144.92295837402344,30594000
2021-11-23 00:00:00-05:00,144.77535729221407,145.27758204342976,142.7565731039976,144.40785217285156,27218000
2021-11-24 00:00:00-05:00,144.1022396362177,144.87092590659958,143.01211868308567,144.74264526367188,18040000
2021-11-26 00:00:00-05:00,142.9878736557524,143.19490326925998,140.5054983534825,140.84278869628906,30470000
2021-11-29 00:00:00-05:00,142.64266132158292,144.91850577608645,142.5371588988237,144.1587371826172,32596000
2021-11-30 00:00:00-05:00,143.64165054932508,144.62380552713375,140.26676719316237,140.5599822998047,42068000
2021-12-01 00:00:00-05:00,142.6426635104405,144.5747786828492,139.58377337669666,139.72195434570312,34020000
2021-12-02 00:00:00-05:00,139.91856472972714,142.50842215106744,138.89281831208532,141.61839294433594,29194000
2021-12-03 00:00:00-05:00,142.32666783141497,143.03888475918794,138.97852275278916,140.66299438476562,41230000
2021-12-06 00:00:00-05:00,141.69219562959748,142.49653820256228,138.8289386103009,141.8056182861328,30618000
2021-12-07 00:00:00-05:00,144.22409805259204,146.14037256639585,143.8585729968473,145.88133239746094,32240000
2021-12-08 00:00:00-05:00,146.20525307367103,146.9942539766536,145.0259839079488,146.78968811035156,24270000
2021-12-09 00:00:00-05:00,146.19978856816275,147.69456716893538,145.72827747091617,146.24684143066406,23270000
2021-12-10 00:00:00-05:00,147.29836288030972,147.57324356030594,145.32117483729272,146.6064453125,24458000
2021-12-13 00:00:00-05:00,146.388478057807,146.57520823479044,144.14582656439873,144.45191955566406,27070000
2021-12-14 00:00:00-05:00,142.61095145594314,143.11811878414613,139.88389547091273,142.55052185058594,38446000
2021-12-15 00:00:00-05:00,142.05720547693662,145.33798264479324,140.342519317884,145.0606231689453,36370000
2021-12-16 00:00:00-05:00,145.78326939220364,146.2849953541412,142.25335200656264,143.08346557617188,33650000
2021-12-17 00:00:00-05:00,141.15678788642228,142.4787119667157,139.9681021693179,140.38909912109375,50416000
2021-12-20 00:00:00-05:00,138.6803545036419,140.43813355928052,138.0077539378615,140.27220153808594,27192000
2021-12-21 00:00:00-05:00,140.71450164649497,142.5128946761984,139.17812644459522,142.12013244628906,28756000
2021-12-22 00:00:00-05:00,141.71894670487805,145.1190870300756,141.71894670487805,145.03488159179688,26322000
2021-12-23 00:00:00-05:00,145.1190840665869,146.84614951123285,145.07153240558975,145.5316619873047,26384000
2021-12-27 00:00:00-05:00,145.86797843863056,146.9457205351442,145.7822917221511,146.51234436035156,15976000
2021-12-28 00:00:00-05:00,146.83871638730724,146.90112605445645,144.67779110911528,145.3043212890625,18200000
2021-12-29 00:00:00-05:00,145.26219917649928,146.02742408145303,144.27460303087,145.27259826660156,17788000
2021-12-30 00:00:00-05:00,145.31125094205046,145.9115415190522,144.61835101429233,144.82240295410156,15688000
2021-12-31 00:00:00-05:00,144.6733390453183,145.31572484803414,143.48663330078125,143.48663330078125,18136000
2022-01-03 00:00:00-05:00,143.68769497903742,144.47619703135243,142.35834947327606,143.6248016357422,28646000
2022-01-04 00:00:00-05:00,144.02547327559515,145.1042126846341,142.36181523730556,143.0383758544922,28400000
2022-01-05 00:00:00-05:00,143.0587024090049,143.13745135306127,136.3901632285162,136.47633361816406,54618000
2022-01-06 00:00:00-05:00,135.7071485529665,138.62091962175828,135.27129360084805,136.44908142089844,37348000
2022-01-07 00:00:00-05:00,136.84333622696138,137.14348910378652,134.48676280437064,135.72547912597656,29760000
2022-01-10 00:00:00-05:00,133.80477279843086,137.51100668479543,131.90931129081562,137.36241149902344,44408000
2022-01-11 00:00:00-05:00,136.7061624010073,138.89434020648147,135.40405384594243,138.41885375976562,28730000
2022-01-12 00:00:00-05:00,139.81952326901038,141.26378799505596,139.36832657676754,140.09738159179688,26108000
2022-01-13 00:00:00-05:00,140.20583825361632,141.50350289892143,137.10435430356105,137.2806854248047,31436000
2022-01-14 00:00:00-05:00,135.7869032841477,139.41538580331004,135.70717186275306,138.165771484375,29662000
2022-01-18 00:00:00-05:00,134.89142851777413,135.8389098452004,134.1618746973883,134.71609497070312,34872000
2022-01-19 00:00:00-05:00,135.2366308573954,136.659099745999,133.74284958736126,133.8428955078125,28648000
2022-01-20 00:00:00-05:00,134.9657337542523,136.32877085673886,131.71119510990115,132.05096435546875,29908000
2022-01-21 00:00:00-05:00,131.34370494374014,133.59427753713035,128.86033169564638,129.12283325195312,55652000
2022-01-24 00:00:00-05:00,124.79053071235748,129.96628601137778,123.32646545512321,129.571044921875,76622000
2022-01-25 00:00:00-05:00,127.52650408806734,128.17928897797395,125.30811164753264,125.73851013183594,46960000
2022-01-26 00:00:00-05:00,129.8830863515717,131.7463529353979,125.94356826887143,128.01486206054688,49130000
2022-01-27 00:00:00-05:00,130.06631929518292,131.40210375696927,127.71716755242338,127.78899383544922,31950000
2022-01-28 00:00:00-05:00,128.43682430725084,132.09948115838165,127.27389448111535,132.09402465820312,34362000
2022-01-31 00:00:00-05:00,132.89737183554337,134.19601875206703,130.96327699172193,134.02810668945312,39986000
2022-02-01 00:00:00-05:00,136.29755519707962,136.49418574157943,133.1019649835654,136.34658813476562,68644000
2022-02-02 00:00:00-05:00,149.82433100004454,150.11802980876558,144.15082455441086,146.60496520996094,123200000
2022-02-03 00:00:00-05:00,144.33209690892662,148.26417842133202,141.32074324186965,141.74124145507812,71518000
2022-02-04 00:00:00-05:00,142.09241348974794,143.50942602373587,139.19052224423842,141.9423370361328,57998000
2022-02-07 00:00:00-05:00,142.8902734635897,142.8902734635897,137.59069748325538,137.8888702392578,54974000
2022-02-08 00:00:00-05:00,137.71603558970185,138.68035486899515,135.72250851145188,138.08502197265625,54284000
2022-02-09 00:00:00-05:00,139.63476944444088,141.18105994739093,138.8655843121402,140.25733947753906,40144000
2022-02-10 00:00:00-05:00,138.38666797793726,140.15087104730347,136.65662471919973,137.31336975097656,39330000
2022-02-11 00:00:00-05:00,137.2935937240949,137.84483643055012,132.14259565863108,133.01678466796875,39958000
2022-02-14 00:00:00-05:00,132.00039669326958,135.0152108089526,132.00039669326958,134.24850463867188,34302000
2022-02-15 00:00:00-05:00,136.2737385525834,136.8066768485593,134.54123186318918,135.32081604003906,26680000
2022-02-16 00:00:00-05:00,135.3584787799004,136.78440905997775,133.65221132320895,136.439697265625,25022000
2022-02-17 00:00:00-05:00,134.95876898649715,135.82106231860794,131.22975729540616,131.28968811035156,38950000
2022-02-18 00:00:00-05:00,132.20892681142413,132.80625486592996,128.96926212956205,129.17381286621094,45620000
2022-02-22 00:00:00-05:00,128.61411851423819,130.93453643170673,127.01483517930994,128.58985900878906,44990000
2022-02-23 00:00:00-05:00,130.40758777953872,130.80629021138148,126.32542989882369,126.38536071777344,32786000
2022-02-24 00:00:00-05:00,123.77569929866215,131.746354920063,123.77569929866215,131.4402618408203,54456000
2022-02-25 00:00:00-05:00,132.29313059177062,133.99642015608714,130.50959571249916,133.19207763671875,36406000
2022-02-28 00:00:00-05:00,131.79588020023658,134.47190837481307,131.34268834077528,133.78396606445312,38864000
2022-03-01 00:00:00-05:00,133.60712128280522,134.97114050786368,131.96278003223856,132.79782104492188,26496000
2022-03-02 00:00:00-05:00,133.3590407803001,133.98755121614104,131.81720864070056,133.30307006835938,23520000
2022-03-03 00:00:00-05:00,134.7279703958508,135.15342630121359,131.7716050611301,132.6373748779297,24604000
2022-03-04 00:00:00-05:00,131.67451892195976,132.5898052248612,129.10892100654087,130.6631317138672,30430000
2022-03-07 00:00:00-05:00,130.24861415155377,130.49328002986726,125.1045544925342,125.18727111816406,45112000
2022-03-08 00:00:00-05:00,125.05997251114222,130.0128427096033,124.48989666762061,125.90641784667969,40428000
2022-03-09 00:00:00-05:00,130.01282521138089,132.47490076693822,128.6760431854183,132.16236877441406,37026000
2022-03-10 00:00:00-05:00,130.02868267785485,132.01577069786407,129.6785144341432,131.18121337890625,27102000
2022-03-11 00:00:00-05:00,132.23024024414997,132.53435325187561,128.4096014176675,128.64634704589844,31526000
2022-03-14 00:00:00-04:00,129.022259756083,129.17975763176182,124.09415576058076,124.76377868652344,38812000
2022-03-15 00:00:00-04:00,125.77913076308056,128.63050764865514,124.53546423512067,127.98018646240234,30920000
2022-03-16 00:00:00-04:00,129.50072753440998,132.07621116573054,127.52106056963687,132.0242156982422,35576000
2022-03-17 00:00:00-04:00,131.89395505470344,132.8166781087835,130.93903713264967,132.57745361328125,28264000
2022-03-18 00:00:00-04:00,132.16683250009095,134.9597594793248,131.01182292044092,134.84237670898438,44566000
2022-03-21 00:00:00-04:00,134.88003086032697,135.75817985549534,132.82855279964977,134.81861877441406,26832000
2022-03-22 00:00:00-04:00,134.81862924241636,139.72048699983432,134.81862924241636,138.54962158203125,35496000
2022-03-23 00:00:00-04:00,137.39509925472657,138.2727494521605,136.53578350471344,136.9721221923828,25154000
2022-03-24 00:00:00-04:00,137.88789810464644,140.28410290416335,136.45206761789734,140.237548828125,26396000
2022-03-25 00:00:00-04:00,140.57830645229447,140.69618802841327,138.42034355673357,140.3376007080078,24126000
2022-03-28 00:00:00-04:00,139.57238537233414,140.66400300337222,138.4936456884533,140.12216186523438,35050000
2022-03-29 00:00:00-04:00,141.30292164446877,142.4381156620189,140.6996533281546,141.16224670410156,34318000
2022-03-30 00:00:00-04:00,141.1171698835011,141.3752124596819,140.2652756920692,140.6005859375,19884000
2022-03-31 00:00:00-04:00,140.71403164050378,140.76852108166187,137.71408938423252,137.75668334960938,37524000
2022-04-01 00:00:00-04:00,138.18508660352754,139.1469271597936,137.00382215545176,138.82945251464844,25942000
2022-04-04 00:00:00-04:00,139.03549416177395,142.35738462904985,138.98794249570614,141.6238555908203,25942000
2022-04-05 00:00:00-04:00,141.5223358074646,141.64268113011158,139.05927727293317,139.26580810546875,21418000
2022-04-06 00:00:00-04:00,137.44213448492033,138.0468839879228,134.23960723680352,135.26089477539062,32468000
2022-04-07 00:00:00-04:00,134.7279350047782,135.871562838212,132.96223602449658,134.6075897216797,26234000
2022-04-08 00:00:00-04:00,134.30549126521612,134.39117797517184,131.71217218120978,132.03114318847656,25142000
2022-04-11 00:00:00-04:00,130.58093686472841,130.84739849692966,127.45567701767428,127.60921478271484,36884000
2022-04-12 00:00:00-04:00,130.35956258774644,130.35956258774644,125.59390581557604,126.51068115234375,32710000
2022-04-13 00:00:00-04:00,126.7934873559408,129.1054869891877,126.53692599863578,128.6696319580078,27928000
2022-04-14 00:00:00-04:00,129.24959957040411,129.24959957040411,125.40764911861989,125.53543853759766,31598000
2022-04-18 00:00:00-04:00,125.80290070747127,127.00396566233613,124.99261037205467,126.4730224609375,20808000
2022-04-19 00:00:00-04:00,126.4878787188869,129.10447476049856,125.80240017548964,128.78353881835938,26490000
2022-04-20 00:00:00-04:00,129.65820601853372,130.16043076840108,126.29818081475312,126.83308410644531,31696000
2022-04-21 00:00:00-04:00,128.03169266207186,128.87219024780205,123.35271317406067,123.63800048828125,36446000
2022-04-22 00:00:00-04:00,123.82174859752627,124.21995976423477,117.8040146386784,118.5078125,56884000
2022-04-25 00:00:00-04:00,117.9783448116081,122.1154753014406,117.39390981440351,121.91389465332031,46128000
2022-04-26 00:00:00-04:00,121.14174844683173,121.35521701263318,117.39391123323827,117.53160095214844,73054000
2022-04-27 00:00:00-04:00,113.39050900268353,116.13687453033563,111.67385011306806,113.2171630859375,91820000
2022-04-28 00:00:00-04:00,115.31767110037897,118.52167974527936,113.03934791722725,117.40530395507812,48884000
2022-04-29 00:00:00-04:00,115.63416187311658,116.80848848076448,112.74168750254856,113.03390502929688,42676000
2022-05-02 00:00:00-04:00,112.336047043813,115.64505948132707,111.53863464466028,115.48409271240234,35534000
2022-05-03 00:00:00-04:00,115.33301749852883,117.32556209419245,114.94075408048792,116.2280044555664,24968000
2022-05-04 00:00:00-04:00,115.92835986523224,121.69647018478724,114.03091100326057,121.10856628417969,49916000
2022-05-05 00:00:00-04:00,119.07096543975983,119.8980938644429,113.92146466993306,115.4073257446289,45840000
2022-05-06 00:00:00-04:00,114.09876512717945,116.46326613947373,112.94078546602168,114.65546417236328,39710000
2022-05-09 00:00:00-04:00,112.18250256559926,113.99228466247091,110.9447838916454,111.45046997070312,40802000
2022-05-10 00:00:00-04:00,114.41872033983715,115.15422180073458,111.83629181263385,113.31670379638672,39900000
2022-05-11 00:00:00-04:00,112.16912984325442,115.26764350397949,112.16912984325442,112.53167724609375,37534000
2022-05-12 00:00:00-04:00,110.32765836329241,113.21765378291165,108.7892955470922,111.78033447265625,53836000
2022-05-13 00:00:00-04:00,113.4534212430167,116.76392274694363,112.53417463953566,114.95661926269531,35038000
2022-05-16 00:00:00-04:00,113.87192754882359,115.07498009851662,112.8159813449991,113.36624145507812,25990000
2022-05-17 00:00:00-04:00,115.73916596158637,115.79810674936266,113.78724265802168,115.37512969970703,23054000
2022-05-18 00:00:00-04:00,113.916018739077,114.31224988096989,110.50398258581235,110.84474182128906,35126000
2022-05-19 00:00:00-04:00,110.38115567097562,111.94477566233903,108.96314565159634,109.3435287475586,34144000
2022-05-20 00:00:00-04:00,110.89573972784942,111.12605391287045,104.79925712239785,107.88142395019531,48962000
2022-05-23 00:00:00-04:00,108.55453508974904,111.0904022364091,107.71600998566917,110.43711853027344,37184000
2022-05-24 00:00:00-04:00,104.77500626449768,105.45503592449192,100.92414493774601,104.97113800048828,76780000
2022-05-25 00:00:00-04:00,103.99590668358864,105.49613450260898,102.87755077701198,104.80768585205078,40258000
2022-05-26 00:00:00-04:00,104.6808904254116,107.62536770750384,104.23314753165975,106.77645111083984,37948000
2022-05-27 00:00:00-04:00,108.45100981416809,111.25928606467275,108.1097518272752,111.25779724121094,37914000
2022-05-31 00:00:00-04:00,111.68375875485165,114.64409187492326,111.02205599422837,112.68968963623047,50012000
2022-06-01 00:00:00-04:00,113.77238639007433,115.99770912994168,112.18251170681881,112.8184585571289,36606000
2022-06-02 00:00:00-04:00,112.92542707356598,116.78816808605261,111.8818601072899,116.51377868652344,37992000
2022-06-03 00:00:00-04:00,114.9684844405739,115.22504574352156,112.44846568294494,113.4613265991211,26136000
2022-06-06 00:00:00-04:00,115.60444124136708,118.22203484000119,115.06903914035705,115.71935272216797,33542000
2022-06-07 00:00:00-04:00,114.39196811675437,116.58163431450122,113.96750986238311,116.04523468017578,31590000
2022-06-08 00:00:00-04:00,115.66090659386595,117.45286068913215,115.50092985611303,116.0893325805664,26108000
2022-06-09 00:00:00-04:00,115.23099254159975,117.18391328926909,113.69411860375493,113.75305938720703,25798000
2022-06-10 00:00:00-04:00,111.38510337775645,112.21124180702164,109.32569748430883,110.11370086669922,41452000
2022-06-13 00:00:00-04:00,105.77992416332314,107.76602221273737,105.11872028376786,105.38964080810547,47252000
2022-06-14 00:00:00-04:00,105.53079225978453,106.90719055903303,104.80271985113437,105.70958709716797,33706000
2022-06-15 00:00:00-04:00,107.52184819954677,110.37321720506895,106.6546047522059,108.7298583984375,39698000
2022-06-16 00:00:00-04:00,106.21034141935115,107.62438376681095,104.14697548134566,105.0340347290039,51684000
2022-06-17 00:00:00-04:00,105.03403005332456,107.67490072923101,104.05583519453621,106.1335678100586,51376000
2022-06-21 00:00:00-04:00,107.90272658856365,111.42917514346335,107.57633415067775,110.49258422851562,47416000
2022-06-22 00:00:00-04:00,109.51439846102454,112.27809328975262,109.34203501668972,110.4366226196289,30774000
2022-06-23 00:00:00-04:00,111.17360664482932,111.6797915400438,109.45892779579324,111.18400573730469,28362000
2022-06-24 00:00:00-04:00,111.92991405965786,116.9659920122871,111.88781133853583,116.86296844482422,41164000
2022-06-27 00:00:00-04:00,117.15814975964322,117.4617563680841,114.09380358839046,114.74164581298828,36420000
2022-06-28 00:00:00-04:00,114.71094784953131,116.20374667239821,110.7937245115218,110.95172119140625,35792000
2022-06-29 00:00:00-04:00,110.50051652384064,112.0938524988512,109.82741711494367,110.64860534667969,24716000
2022-06-30 00:00:00-04:00,108.96313316946271,109.84276331000032,105.74376787127404,107.93590545654297,43170000
2022-07-01 00:00:00-04:00,106.91562613688178,108.22021347289117,105.72446146275112,107.7125473022461,35476000
2022-07-05 00:00:00-04:00,106.09097052516007,112.30830502629904,104.73487148190064,112.19538116455078,39342000
2022-07-06 00:00:00-04:00,112.23402443600865,114.49996109393334,110.42523220637499,113.49205017089844,37432000
2022-07-07 00:00:00-04:00,113.99525457205867,118.06601541008106,113.75107996208602,117.66334533691406,40936000
2022-07-08 00:00:00-04:00,116.14479715482749,118.55684233619526,115.7995790452909,118.22846984863281,38238000
2022-07-11 00:00:00-04:00,116.88575614827931,116.88575614827931,114.24339658286063,114.58613586425781,31196000
2022-07-12 00:00:00-04:00,115.11956607095853,115.87141447744821,112.6183724999501,112.94575500488281,29960000
2022-07-13 00:00:00-04:00,110.64809930840663,113.11958408095617,110.15331111772146,110.30387878417969,43722000
2022-07-14 00:00:00-04:00,109.17166113070019,110.04584240505243,107.35147984912258,109.32717895507812,37004000
2022-07-15 00:00:00-04:00,110.9447897246164,112.0740435098507,109.85466101364264,110.72388458251953,46770000
2022-07-18 00:00:00-04:00,111.57825390635203,112.60845176541036,107.34850628382924,108.00228118896484,43164600
2022-07-19 00:00:00-04:00,109.80512272878235,112.94524039032943,108.52728140447425,112.73722076416016,36530900
2022-07-20 00:00:00-04:00,112.10326311823246,114.31224656898476,111.41977216468759,112.82638549804688,35600400
2022-07-21 00:00:00-04:00,113.20279789657461,113.47025711440008,110.06268006419117,113.2622299194336,32676200
2022-07-22 00:00:00-04:00,109.95372026312712,111.28108587114552,105.49613700921657,106.88294219970703,48901200
2022-07-25 00:00:00-04:00,107.38813065775187,108.83436778668157,105.29801891918392,106.49661254882812,34690900
2022-07-26 00:00:00-04:00,105.5951837606774,106.18952663157644,103.08903282410867,104.03007507324219,47991000
2022-07-27 00:00:00-04:00,108.23011657455983,112.83628715279444,106.99189908350105,111.99429321289062,59858500
2022-07-28 00:00:00-04:00,111.31080355662644,113.26222799633648,110.40937758534383,113.14336395263672,32816600
2022-07-29 00:00:00-04:00,112.01410659400565,115.60988739252207,111.99429088237237,115.22356414794922,37223400
2022-08-01 00:00:00-04:00,114.21318346288767,115.61979670741562,113.26222578696031,113.77732849121094,26034300
2022-08-02 00:00:00-04:00,112.92543862061498,115.25328606314042,112.64807910337518,114.04478454589844,20236000
2022-08-03 00:00:00-04:00,114.6193243510887,117.50189851277953,114.39149654793644,116.96698760986328,28499000
2022-08-04 00:00:00-04:00,116.37263636297655,117.66037802315151,115.7881937755093,117.07594299316406,21602900
2022-08-05 00:00:00-04:00,115.1344147097478,116.99669103407605,114.90657937362977,116.36272430419922,19159500
2022-08-08 00:00:00-04:00,117.27405799513392,119.01747039195752,115.77828910409572,116.1943359375,19138300
2022-08-09 00:00:00-04:00,116.03582682755987,116.21413043306707,114.61930583866359,115.53063201904297,19086500
2022-08-10 00:00:00-04:00,117.66038238300267,119.78021020816774,117.29387482772803,118.57170867919922,30930400
2022-08-11 00:00:00-04:00,120.13680567723729,120.34482529677571,117.44244336372742,117.71980285644531,24293700
2022-08-12 00:00:00-04:00,119.1264296615191,120.53304290771484,118.33396744979994,120.53304290771484,19096300
2022-08-15 00:00:00-04:00,119.988218109904,121.14719535835013,119.47312298863412,120.92926788330078,19494800
2022-08-16 00:00:00-04:00,120.37455281758771,121.27597881260755,119.50285039175542,120.5528564453125,19041200
2022-08-17 00:00:00-04:00,118.98774543977429,120.14671514597028,118.25471527634345,118.4231185913086,22847000
2022-08-18 00:00:00-04:00,118.30426973363792,119.68116718237245,117.6009630017828,119.03729248046875,17987700
2022-08-19 00:00:00-04:00,117.93773149063666,118.02688707558907,115.65941595128955,116.10517120361328,21809500
2022-08-22 00:00:00-04:00,114.11412767246556,114.54007481677039,112.77685421487422,113.16317749023438,21456600
2022-08-23 00:00:00-04:00,112.4103430162746,113.92592005634819,112.36081129232605,112.78675842285156,15870400
2022-08-24 00:00:00-04:00,112.43014332846406,113.6980767753064,111.80608446063744,112.61835479736328,17734600
2022-08-25 00:00:00-04:00,113.1631738023058,115.61980069445303,113.03440190054245,115.55046081542969,16956800
2022-08-26 00:00:00-04:00,113.63866138956425,114.03489253906723,109.15136194833346,109.29994201660156,37245700
2022-08-29 00:00:00-04:00,108.95323007744102,109.90418019250721,107.77445217888464,108.38860321044922,21191200
2022-08-30 00:00:00-04:00,109.13154119164547,109.45843244169193,106.7838855317196,107.91313934326172,27513300
2022-08-31 00:00:00-04:00,109.60700800205056,109.80511976711223,107.11075744038901,107.19991302490234,28627000
2022-09-01 00:00:00-04:00,107.25935968056825,109.40890361050023,106.34803334494922,108.70559692382812,28360900
2022-09-02 00:00:00-04:00,109.54758301202008,109.6961706343394,106.24897709542937,106.83341217041016,24160700
2022-09-06 00:00:00-04:00,106.28860176725996,107.01171661320059,104.78292493403374,105.80321502685547,25068300
2022-09-07 00:00:00-04:00,106.05084848113617,108.94333026280533,105.89236057332785,108.41831970214844,23167000
2022-09-08 00:00:00-04:00,107.02162974958583,108.56692297164543,106.1499272372026,107.3584213256836,24238300
2022-09-09 00:00:00-04:00,108.04190122135259,109.94380140559007,107.99236950049534,109.60700988769531,23197700
2022-09-12 00:00:00-04:00,109.94380485678408,110.56787130626519,108.89379884747014,109.81503295898438,22966800
2022-09-13 00:00:00-04:00,106.78387045172992,107.27915740640867,103.10883459743195,103.336669921875,38172900
2022-09-14 00:00:00-04:00,103.58432964430956,104.28763632335523,102.68291117531426,104.0102767944336,26395100
2022-09-15 00:00:00-04:00,103.04941765722538,104.27772736843421,101.38525294374102,101.93997955322266,34188300
2022-09-16 00:00:00-04:00,101.10789415037412,102.15790023712232,99.98854818162332,101.83101654052734,42797200
2022-09-19 00:00:00-04:00,100.7908924851981,102.35600103242415,100.592780731806,102.09844970703125,23036800
2022-09-20 00:00:00-04:00,101.11780281015771,101.40507019715866,99.57250212292915,100.18666076660156,26517100
2022-09-21 00:00:00-04:00,100.71165611559576,101.91024974095512,98.33427701945793,98.34418487548828,31487300
2022-09-22 00:00:00-04:00,97.88852564747053,100.28571299374859,97.8588096356747,99.19608306884766,34298600
2022-09-23 00:00:00-04:00,98.69089070275186,98.72061427278281,96.55125466682168,97.80928039550781,31625400
2022-09-26 00:00:00-04:00,97.17530428990605,98.93852473541365,96.87813663539869,97.24464416503906,27072700
2022-09-27 00:00:00-04:00,98.49277122014274,99.0573980869391,95.95690424751061,96.58096313476562,30072800
2022-09-28 00:00:00-04:00,96.7295618837587,99.75080833888019,96.19465096558585,99.10694122314453,32466300
2022-09-29 00:00:00-04:00,97.71021036985752,97.71021036985752,95.05547197538944,96.501708984375,31047200
2022-09-30 00:00:00-04:00,96.13521832147143,97.96777887388245,94.65925748807376,94.7484130859375,32941500
2022-10-03 00:00:00-04:00,95.84794390746448,98.35409495883162,95.61020070223094,97.71022033691406,27982000
2022-10-04 00:00:00-04:00,99.49324488556717,100.88004229890332,99.43380531251056,100.68193054199219,28850800
2022-10-05 00:00:00-04:00,98.88899830659031,100.96920207041116,97.86870835694118,100.47391510009766,22176900
2022-10-06 00:00:00-04:00,99.73099708399155,101.95978872839768,99.64184148832554,100.46401977539062,22324000
2022-10-07 00:00:00-04:00,98.90881723510454,99.58240789041014,97.37343199435752,97.74984741210938,27502800
2022-10-10 00:00:00-04:00,98.0668223782474,98.16587826309313,96.09558230714255,96.93756866455078,18225100
2022-10-11 00:00:00-04:00,96.51162053902081,98.31446483110562,95.40217499101496,96.26397705078125,26507100
2022-10-12 00:00:00-04:00,96.38285993101962,97.81918930799294,95.82813331332561,96.6404037475586,21876400
2022-10-13 00:00:00-04:00,94.25311840728581,98.83947334531618,93.49037218865715,98.12625885009766,34574500
2022-10-14 00:00:00-04:00,99.04747947886027,99.74088572468342,95.46160689416726,95.64981079101562,25410700
2022-10-17 00:00:00-04:00,97.92814174923495,99.9786295328087,97.89842573979583,99.02767944335938,28419200
2022-10-18 00:00:00-04:00,102.15790003840424,102.49469914853343,99.02768994018629,99.82014465332031,24060700
2022-10-19 00:00:00-04:00,99.06731807618648,100.06779247801303,97.98758837490868,98.6908950805664,23811100
2022-10-20 00:00:00-04:00,99.05739545279849,101.35552672500424,98.45314473593805,99.02767944335938,25323200
2022-10-21 00:00:00-04:00,96.92766115141708,100.35504617005535,96.79888925641042,100.17674255371094,32458700
2022-10-24 00:00:00-04:00,100.84044292323848,101.78148526277319,99.03759842574941,101.55364990234375,27176400
2022-10-25 00:00:00-04:00,101.930061923768,103.83196211183454,101.75175830879428,103.49517059326172,40611400
2022-10-26 00:00:00-04:00,95.52104771456979,97.38332404744001,93.79745113215374,94.03518676757812,88114100
2022-10-27 00:00:00-04:00,93.62906208630032,94.53048815913598,90.93470684000596,91.35074615478516,60710900
2022-10-28 00:00:00-04:00,91.40025102932333,95.63991369751206,91.26157128700885,95.38236236572266,43697300
2022-10-31 00:00:00-04:00,94.52057434230903,95.12482511935792,93.09415284479122,93.61915588378906,31675000
2022-11-01 00:00:00-04:00,94.55028769007764,95.12482243853582,89.5181773853351,89.61723327636719,47161400
2022-11-02 00:00:00-04:00,90.08280280353895,90.32053844962222,86.06106718761413,86.15022277832031,57038300
2022-11-03 00:00:00-04:00,85.50634332478795,85.70445509240571,82.55442961941449,82.64358520507812,61288000
2022-11-04 00:00:00-04:00,84.5950155815513,85.8233251451628,82.92094321259124,85.7638931274414,51124900
2022-11-07 00:00:00-05:00,86.45729778160043,88.06203038731945,86.03135065796711,87.65589141845703,34078900
2022-11-08 00:00:00-05:00,88.06202697753906,89.46864019368525,86.76436994463386,88.06202697753906,30429000
2022-11-09 00:00:00-05:00,87.61625584851684,88.59692942198522,86.45728623348572,86.49691009521484,31769100
2022-11-10 00:00:00-05:00,91.38044725273583,93.50027490961016,90.74648052680031,93.05451965332031,51620100
2022-11-11 00:00:00-05:00,93.79745509098437,96.01633874938153,93.03470887381417,95.5012435913086,33090500
2022-11-14 00:00:00-05:00,94.19366953695061,95.877649719558,93.6191424124527,94.79792022705078,30179500
2022-11-15 00:00:00-05:00,97.33380422522976,99.19608064116606,95.79841148852762,97.5121078491211,41640800
2022-11-16 00:00:00-05:00,96.97719352688098,98.7007901248497,96.71964217765083,97.9182357788086,29105200
2022-11-17 00:00:00-05:00,96.0559565217017,98.34417991306272,95.87765290955153,97.43285369873047,26052600
2022-11-18 00:00:00-05:00,97.83898502388834,97.96776447326395,95.4616136066945,96.5116195678711,28342300
2022-11-21 00:00:00-05:00,96.37294018625333,97.47247787174473,94.46113216672569,94.69886779785156,21647400
2022-11-22 00:00:00-05:00,95.04556315903618,96.30359625053846,93.16347878557339,96.13520050048828,23438500
2022-11-23 00:00:00-05:00,96.17483219901126,97.82909662876517,96.17483219901126,97.53192138671875,18868100
2022-11-25 00:00:00-05:00,97.31398252976868,97.71021362044154,96.48190404108719,96.54133605957031,9701400
2022-11-28 00:00:00-05:00,96.12530422953257,96.66021510957758,94.70878307241713,95.14463806152344,26237500
2022-11-29 00:00:00-05:00,94.82764305325189,95.21396627079818,93.22291060980481,94.29273223876953,20061700
2022-11-30 00:00:00-05:00,93.92622347217593,100.08759477077614,93.52999237293703,100.0380630493164,43647500
2022-12-01 00:00:00-05:00,100.06777905920039,101.28618836680111,99.30504042808617,100.0380630493164,28687100
2022-12-02 00:00:00-05:00,98.11635082720889,99.82013163918121,97.96776322615591,99.49324798583984,21480700
2022-12-05 00:00:00-05:00,98.46304201224414,100.42437399928627,98.06681096150999,98.54228973388672,24405100
2022-12-06 00:00:00-05:00,98.3640036262318,98.83947492565986,95.51114559974337,96.06587219238281,24910700
2022-12-07 00:00:00-05:00,95.50124233055791,95.96680575916933,93.82716986333111,94.04509735107422,31045400
2022-12-08 00:00:00-05:00,94.48094747640057,94.67906681524398,92.5691393120717,92.82669067382812,32213300
2022-12-09 00:00:00-05:00,92.8861287032563,93.37151544670037,91.8757464609982,91.95499420166016,28225400
2022-12-12 00:00:00-05:00,91.83610001615222,92.67808627064281,90.74647030107741,92.4304428100586,29420000
2022-12-13 00:00:00-05:00,96.83852724231708,98.59184009412678,94.13425659302202,94.72859954833984,40593700
2022-12-14 00:00:00-05:00,94.3026381663495,95.95690242669573,92.71772133852875,94.17386627197266,28733600
2022-12-15 00:00:00-05:00,92.25214715887117,92.75734197805329,89.16156134147303,90.00354766845703,40107000
2022-12-16 00:00:00-05:00,89.90448952704405,90.4691163492958,88.67617244628515,89.4092025756836,58011800
2022-12-19 00:00:00-05:00,89.40919786544136,89.70636548611482,87.37851844885179,87.60635375976562,29493000
2022-12-20 00:00:00-05:00,87.27947454659835,88.33938840975075,86.61579178950325,88.18089294433594,23453800
2022-12-21 00:00:00-05:00,88.24033160326711,89.36958533140333,87.48749326534973,88.7356185913086,24745600
2022-12-22 00:00:00-05:00,87.32900085689239,87.70541622770546,85.50634090497599,86.93276977539062,27658300
2022-12-23 00:00:00-05:00,86.28890398968787,88.70590703096771,86.24928012175934,88.38892364501953,23003000
2022-12-27 00:00:00-05:00,87.96297425967674,88.10165401513619,86.18984589203967,86.5662612915039,20097300
2022-12-28 00:00:00-05:00,86.16013283342589,87.21013889144778,85.12993493079983,85.20917510986328,19523200
2022-12-29 00:00:00-05:00,85.80351972764441,88.01249544149027,85.79361187188182,87.61626434326172,23333500
2022-12-30 00:00:00-05:00,86.16013598837714,87.46769345930478,85.75399699182971,87.39835357666016,23986300
2023-01-03 00:00:00-05:00,88.74551641039932,90.19176102565882,87.68560258790053,88.27995300292969,28131200
2023-01-04 00:00:00-05:00,89.49835541423235,89.7955306240279,86.4473858159188,87.249755859375,34854800
2023-01-05 00:00:00-05:00,86.64551498875126,86.74457088411417,85.0903140033644,85.38748168945312,27194400
2023-01-06 00:00:00-05:00,85.97191250445123,86.86343055515435,84.06010451251869,86.5167236328125,41381500
2023-01-09 00:00:00-05:00,87.52711431751243,89.20118670166892,87.03182734539318,87.19031524658203,29003900
2023-01-10 00:00:00-05:00,85.1695525248776,87.8341913419079,85.02096491917445,87.5865478515625,30467800
2023-01-11 00:00:00-05:00,88.33940116805881,90.73658874757064,88.17100537984503,90.65734100341797,26862000
2023-01-12 00:00:00-05:00,90.61771831946737,91.0040415982066,88.90402187065258,90.27101135253906,30258100
2023-01-13 00:00:00-05:00,89.99365279445307,91.32102597882799,89.28043825448809,91.2516860961914,26329200
2023-01-17 00:00:00-05:00,91.19224307477705,91.38045455947204,89.20119470950107,90.42950439453125,32602400
2023-01-18 00:00:00-05:00,91.27150601406012,91.9252886124382,89.78564471681693,90.26112365722656,29116700
2023-01-19 00:00:00-05:00,89.8648808303919,92.72763928780023,89.77572523421122,92.17292022705078,37000400
2023-01-20 00:00:00-05:00,94.20358739410928,97.37342877925906,94.12433965904754,97.09606170654297,63191100
2023-01-23 00:00:00-05:00,97.02672040094633,99.09702399348039,96.58096512336888,98.84938049316406,40005100
2023-01-24 00:00:00-05:00,97.17531438995869,98.67108334612655,96.28379621881625,96.77908325195312,33078500
2023-01-25 00:00:00-05:00,94.66914808677848,95.253590622397,92.87621173166306,94.32244873046875,42330000
2023-01-26 00:00:00-05:00,95.59039448086202,96.6503083971589,94.48094883976952,96.60077667236328,30114000
2023-01-27 00:00:00-05:00,96.39276185389814,99.37439196772775,96.39276185389814,98.433349609375,33879800
2023-01-30 00:00:00-05:00,96.56116365118157,97.36352622934069,95.49134184198249,96.02625274658203,27226200
2023-01-31 00:00:00-05:00,95.95690834730202,97.94795669253232,95.9073766231504,97.90833282470703,29870700
2023-02-01 00:00:00-05:00,97.77955657834522,100.23618337201236,96.66021070256011,99.48334503173828,35531100
2023-02-02 00:00:00-05:00,104.80271810744632,106.83338999945366,104.61450665440238,106.72442626953125,69883800
2023-02-03 00:00:00-05:00,101.95979772942098,106.7937968686749,101.61309828784721,103.7923583984375,65309300
2023-02-06 00:00:00-05:00,101.43477436351553,103.37629840573868,100.91967167543784,101.93006134033203,31999600
2023-02-07 00:00:00-05:00,102.24703902233036,107.16028465247165,102.14798314396651,106.62537384033203,49010200
2023-02-08 00:00:00-05:00,101.08808846115261,102.16781058689459,97.11588426169673,98.433349609375,94743500
2023-02-09 00:00:00-05:00,99.05740322268637,99.08711923445635,92.7474439167084,94.11444091796875,119455000
2023-02-10 00:00:00-05:00,94.55028362184048,95.83803282228948,93.36159786564117,93.67858123779297,54980700
2023-02-13 00:00:00-05:00,93.84696493469541,94.30262800123435,92.95544695343283,93.71819305419922,50076100
2023-02-14 00:00:00-05:00,93.53990075675098,93.95594001243452,91.39035704490637,93.78754425048828,54726100
2023-02-15 00:00:00-05:00,93.5993417410389,96.20455638144854,93.26255018489125,96.02625274658203,50169000
2023-02-16 00:00:00-05:00,94.47105381335152,96.759277545991,93.84698729900944,94.60973358154297,42462600
2023-02-17 00:00:00-05:00,93.95592687181735,94.6592333887697,92.33138638470628,93.46063995361328,34284100
2023-02-21 00:00:00-05:00,92.12338307581045,92.22243896547124,90.85544955020039,90.92478942871094,33629300
2023-02-22 00:00:00-05:00,90.83562645698825,91.24176539632087,89.75590449970178,90.78610229492188,30884000
2023-02-23 00:00:00-05:00,91.05356953359318,91.07338524779873,88.91393340571156,90.03327941894531,41206400
2023-02-24 00:00:00-05:00,88.59693902936208,89.04269429656404,87.7450448035044,88.28985595703125,36585100
2023-02-27 00:00:00-05:00,89.02288818359375,89.31015555075885,88.49787761482176,89.02288818359375,27502300
2023-02-28 00:00:00-05:00,88.48797531575339,90.37006738645363,88.47806745987378,89.21109008789062,30142000
2023-03-01 00:00:00-05:00,89.13184725435819,90.17194536629773,88.82476419108889,89.50826263427734,31111200
2023-03-02 00:00:00-05:00,88.81487285313399,91.41017202449882,88.74552541452906,91.1328125,32204400
2023-03-03 00:00:00-05:00,91.6082879107454,92.84650542514655,91.57856434211662,92.76725769042969,35160100
2023-03-06 00:00:00-05:00,93.13376908199567,95.06539301867707,93.11396092623885,94.23330688476562,32639300
2023-03-07 00:00:00-05:00,94.08471097544538,94.76820181739365,92.64837430690109,92.97526550292969,27835500
2023-03-08 00:00:00-05:00,93.23282326049596,95.05547570805707,93.11395166533696,93.3615951538086,34103300
2023-03-09 00:00:00-05:00,93.1634795195889,94.62952467830927,91.03374409562433,91.44978332519531,28813500
2023-03-10 00:00:00-05:00,91.3012113113228,91.91536996276953,89.54789851172045,89.77572631835938,35941000
2023-03-13 00:00:00-04:00,89.24080810196517,91.69743494917104,88.57712533524305,90.2511978149414,37335600
2023-03-14 00:00:00-04:00,91.68752323511042,93.47055938446682,91.56865919680635,93.08423614501953,36050200
2023-03-15 00:00:00-04:00,92.34130529029962,96.01633375629301,91.7667705826294,95.20406341552734,50622100
2023-03-16 00:00:00-04:00,95.29321447414841,100.23618410795306,94.59981570662057,99.37438201904297,65492000
2023-03-17 00:00:00-04:00,99.31495855039098,101.87063391183739,99.15646307131937,100.66213989257812,61028500
2023-03-20 00:00:00-04:00,99.17626978959724,100.79090265941907,98.92862629411955,100.26589965820312,32960400
2023-03-21 00:00:00-04:00,100.29562522714755,104.10933390947386,100.2659092140549,103.9310302734375,42110300
2023-03-22 00:00:00-04:00,103.28713267816586,105.5852637226397,102.35599839226582,102.39562225341797,43427400
2023-03-23 00:00:00-04:00,104.06971097429327,105.29802828134584,103.47536803466038,104.60462188720703,40797800
2023-03-24 00:00:00-04:00,104.00035839739058,104.49564537954834,102.86119682693183,104.44612121582031,30393300
2023-03-27 00:00:00-04:00,103.6338527182764,103.77253247115901,100.96920628828376,101.49420928955078,31120900
2023-03-28 00:00:00-04:00,101.47439535781645,101.48429565568745,98.7998412241836,100.07768249511719,32057900
2023-03-29 00:00:00-04:00,101.3158981992788,101.52391781326301,99.70126544836577,100.43428802490234,28779600
2023-03-30 00:00:00-04:00,99.95881870147095,100.20646218346947,98.8394653260509,99.93900299072266,33086200
2023-03-31 00:00:00-04:00,100.34514795022433,102.91073095009241,100.08759659739673,102.75224304199219,36863400
2023-04-03 00:00:00-04:00,101.42487261118261,103.54470039492068,100.96920947198919,103.37630462646484,25035400
2023-04-04 00:00:00-04:00,103.3465793011073,104.58479670606407,103.0593119562598,103.73290252685547,24420100
2023-04-05 00:00:00-04:00,104.78292489397982,105.09990829704094,102.68291268275507,103.48527526855469,28290500
2023-04-06 00:00:00-04:00,104.26781577027593,108.14095597289517,103.34658169732893,107.39802551269531,48711500
2023-04-10 00:00:00-04:00,105.97160978014296,106.57585296689001,104.12914153667725,105.43669891357422,27067400
2023-04-11 00:00:00-04:00,105.54566510200387,105.72396872832205,103.69328895955833,104.35697174072266,26311800
2023-04-12 00:00:00-04:00,105.57537962995973,105.74377539759396,103.35648840973943,103.6536636352539,24370300
2023-04-13 00:00:00-04:00,104.84234942454029,106.47679804994421,104.84234942454029,106.41736602783203,24843600
2023-04-14 00:00:00-04:00,105.8824559006008,107.9131356551454,105.83292417683923,107.84379577636719,26578000
2023-04-17 00:00:00-04:00,103.67348835512259,105.15934949683192,103.53480102901426,104.97113800048828,37571200
2023-04-18 00:00:00-04:00,105.4862165216186,105.53574824150101,103.08902940590605,103.51497650146484,26596400
2023-04-19 00:00:00-04:00,102.60365516744423,103.99046025776919,102.0984603190622,103.197998046875,20905700
2023-04-20 00:00:00-04:00,102.93054933979316,105.24848890310409,102.89092547236734,104.29753875732422,27820800
2023-04-21 00:00:00-04:00,104.47585201078634,105.0008550769743,103.7923534602877,104.41641998291016,25800100
2023-04-24 00:00:00-04:00,104.49565910984984,105.62491297295048,103.71310466831859,104.97113800048828,23542800
2023-04-25 00:00:00-04:00,104.83244109105003,105.68433527760472,102.86119352397525,102.87110137939453,46664100
2023-04-26 00:00:00-04:00,103.9310154292547,105.34753645837012,101.66260021158149,102.732421875,53347600
2023-04-27 00:00:00-04:00,103.46545713822148,107.34851318187737,102.56403867704657,106.57585906982422,50089200
2023-04-28 00:00:00-04:00,106.03103365145822,106.338109149272,104.09940996663532,106.32820129394531,36139800
2023-05-01 00:00:00-04:00,105.8329069680026,106.97206841196683,105.81309881620685,106.18951416015625,26681700
2023-05-02 00:00:00-04:00,106.13009965906194,106.18953168173442,102.7324304758186,104.32725524902344,30997200
2023-05-03 00:00:00-04:00,104.53528403866251,106.47680837658436,103.97065710139688,104.41641998291016,21795400
2023-05-04 00:00:00-04:00,104.49565601153888,104.60461976329854,102.98998675787486,103.70320129394531,23419500
2023-05-05 00:00:00-04:00,103.83195968460865,104.88196563853086,103.12865309684194,104.57489013671875,26639300
2023-05-08 00:00:00-04:00,104.18858984687812,106.94238478651104,104.16878168908465,106.7541732788086,26511400
2023-05-09 00:00:00-04:00,107.36832509756348,109.11173761347172,106.17963921159183,106.33812713623047,36360100
2023-05-10 00:00:00-04:00,106.95227165556445,111.87542544527842,106.91264779027239,110.69664001464844,63153400
2023-05-11 00:00:00-04:00,114.31223694111618,116.8084800047562,113.33157083298755,115.47120666503906,78900000
2023-05-12 00:00:00-04:00,115.58017315602966,116.91744652756881,115.01554628549181,116.40235137939453,41102300
2023-05-15 00:00:00-04:00,115.01554258790955,117.3632055833455,114.91648670384667,115.41177368164062,36266800
2023-05-16 00:00:00-04:00,115.39195403994484,119.61180106311025,115.33252202302734,118.38349151611328,45035600
2023-05-17 00:00:00-04:00,118.48255646699654,120.52313648382196,117.76934197947081,119.70095825195312,33323600
2023-05-18 00:00:00-04:00,119.80992666831531,122.14768199859776,119.69106262074578,121.67221069335938,35234200
2023-05-19 00:00:00-04:00,122.38542149832001,124.78260877971135,120.99861637803845,121.60286712646484,41353400
2023-05-22 00:00:00-04:00,121.78117269366314,125.23827391464934,121.5830533547579,123.87128448486328,35253000
2023-05-23 00:00:00-04:00,122.98966372610492,123.45522712851732,121.0580400132015,121.40473937988281,34046300
2023-05-24 00:00:00-04:00,119.97833399859127,120.76088842026384,118.73020855513421,119.76040649414062,34182600
2023-05-25 00:00:00-04:00,123.34626847305567,124.1387306788188,120.81040150658113,122.31607818603516,42317000
2023-05-26 00:00:00-04:00,122.0089958487117,124.07929940606435,121.2957813707238,123.4354248046875,35635900
2023-05-30 00:00:00-04:00,124.45571975597146,124.47553546863793,120.85003091363836,122.50428771972656,35076700
2023-05-31 00:00:00-04:00,121.59295853842984,122.89060806044641,121.34531503835157,121.71183013916016,37325800
2023-06-01 00:00:00-04:00,121.66230720225732,123.24722420572046,121.46419541087958,122.55382537841797,30772700
2023-06-02 00:00:00-04:00,122.8212671711218,124.96091062176546,122.59343938511499,123.49485778808594,26980100
2023-06-05 00:00:00-04:00,122.84109456412024,126.22885612563536,122.67269122575588,124.8222427368164,32305500
2023-06-06 00:00:00-04:00,124.82223601376286,127.08073604231397,124.17836138082025,126.10997772216797,26638300
2023-06-07 00:00:00-04:00,125.7731809795302,127.82366128329055,120.9688986295934,121.3453140258789,52539000
2023-06-08 00:00:00-04:00,121.07786408652909,122.06843809259337,120.0971903791399,120.98870849609375,29389200
2023-06-09 00:00:00-04:00,121.09767375566376,122.59344263961952,120.76088221698073,121.07786560058594,23778300
2023-06-12 00:00:00-04:00,121.63258482252455,122.88071020381717,120.51323890061894,122.47457122802734,28306400
2023-06-13 00:00:00-04:00,123.80194237811752,123.9802460011841,122.01890614745163,122.66278076171875,22278300
2023-06-14 00:00:00-04:00,121.93966082841287,122.88071068558905,120.3052121775111,122.50428771972656,30592300
2023-06-15 00:00:00-04:00,121.97928756170958,124.27741904880322,121.2462648829115,123.91090393066406,35246300
2023-06-16 00:00:00-04:00,124.742979611465,124.92128322731656,122.11795709489255,122.3656005859375,45535600
2023-06-20 00:00:00-04:00,121.77126335074871,123.39580412253898,120.98870897595658,121.93965911865234,26097500
2023-06-21 00:00:00-04:00,121.24625664021467,121.50380799105953,118.96793346366026,119.4136962890625,30306300
2023-06-22 00:00:00-04:00,118.86888698255561,122.07834481499013,117.70991714827096,121.98919677734375,26952200
2023-06-23 00:00:00-04:00,120.23586326986775,121.6325761662558,119.91887990832626,121.18681335449219,34913600
2023-06-26 00:00:00-04:00,119.62170474376754,120.85001424789796,117.15517032306082,117.2245101928711,33969900
2023-06-27 00:00:00-04:00,115.97640500533596,117.95755299289218,115.00563916614229,117.2146224975586,39535900
2023-06-28 00:00:00-04:00,115.98631010773838,119.25520744558725,115.74857445547958,119.04718780517578,27091400
2023-06-29 00:00:00-04:00,118.11604334382326,118.9283137332142,117.18490890950874,117.97736358642578,24090900
2023-06-30 00:00:00-04:00,119.03727968371793,119.93870568097417,118.56180838025891,118.57170867919922,29532200
2023-07-03 00:00:00-04:00,118.11603871561022,119.05708852676793,117.6999994597197,118.76982116699219,14467900
2023-07-05 00:00:00-04:00,118.11603610569972,121.45427304986976,118.10613580754944,120.60237884521484,27584800
2023-07-06 00:00:00-04:00,118.67077632510411,119.16606335891927,117.28397111892559,118.97785186767578,24745200
2023-07-07 00:00:00-04:00,118.96794902361827,119.90899896200642,118.27455017005285,118.35379791259766,21709500
2023-07-10 00:00:00-04:00,117.18490091620437,117.19480121428604,115.04525756376775,115.35233306884766,35315200
2023-07-11 00:00:00-04:00,115.19386404373947,116.60047746473914,114.2627219628757,116.03585052490234,23078800
2023-07-12 00:00:00-04:00,117.68019568942015,119.19577271910916,117.2938724292045,117.80896759033203,30404400
2023-07-13 00:00:00-04:00,119.79011606460736,123.65335623874292,119.31463721160668,123.3660888671875,44297900
2023-07-14 00:00:00-04:00,123.62362672387462,125.58495882924838,122.32596976549266,124.23777770996094,33283100
2023-07-17 00:00:00-04:00,124.75287784320489,125.90193962312031,123.02927383711321,123.47503662109375,25716200
2023-07-18 00:00:00-04:00,123.4255157057774,123.50476343752902,121.80097499226719,122.59343719482422,26193600
2023-07-19 00:00:00-04:00,123.42552039211267,124.00005513290701,120.6519176928117,120.87974548339844,37224000
2023-07-20 00:00:00-04:00,120.27549147201748,122.92032219876853,117.10565774229482,118.076416015625,37906800
2023-07-21 00:00:00-04:00,119.48304524220468,119.84955280579004,117.61086088273697,118.8886947631836,72937900
2023-07-24 00:00:00-04:00,120.51323990968405,121.84060548000588,119.83964926814579,120.38446044921875,29686100
2023-07-25 00:00:00-04:00,120.21606564367339,121.98919407545517,119.87926654145934,121.05805206298828,52509600
2023-07-26 00:00:00-04:00,128.8439452407809,129.7453559381363,127.11044103939085,128.05148315429688,61682100
2023-07-27 00:00:00-04:00,130.4288745072281,131.98408291547318,127.57601659985137,128.18026733398438,44952100
2023-07-28 00:00:00-04:00,129.5472556742055,132.47936111951782,129.3392436159831,131.33029174804688,36591200
2023-07-31 00:00:00-04:00,131.47887918017878,132.27134138142645,130.53783692899188,131.46897888183594,28055500
2023-08-01 00:00:00-04:00,129.54726660464158,131.3798345519529,129.44820315858595,130.3100128173828,23166800
2023-08-02 00:00:00-04:00,128.22981303360817,128.86377984713428,126.35762860655751,127.16990661621094,26273300
2023-08-03 00:00:00-04:00,126.76376360792844,128.17037695867327,126.2189448521919,127.2392349243164,20089500
2023-08-04 00:00:00-04:00,128.06140506490377,130.27038084502357,126.70432352641613,126.90243530273438,26147200
2023-08-07 00:00:00-04:00,127.94252121991917,130.36942411285528,127.80384148646446,130.29017639160156,22746300
2023-08-08 00:00:00-04:00,129.388776187967,130.2703864784232,128.3189544116336,130.1614227294922,23535200
2023-08-09 00:00:00-04:00,130.41898380481655,130.79539166782024,127.78405318898797,128.43783569335938,24912900
2023-08-10 00:00:00-04:00,130.08220046399103,130.80531533812552,128.22981658468657,128.46755981445312,20857800
2023-08-11 00:00:00-04:00,127.44724985423152,128.70526790592254,126.96186317041614,128.33876037597656,19591100
2023-08-14 00:00:00-04:00,128.17038582396773,130.13171836532018,127.74444620408725,130.09210205078125,24695600
2023-08-15 00:00:00-04:00,129.86426668839604,130.18124253117608,128.06141462490677,128.55670166015625,19770700
2023-08-16 00:00:00-04:00,127.48686981201172,129.05197853395998,126.66469914191973,127.48686981201172,25216100
2023-08-17 00:00:00-04:00,128.57650949077134,130.74586899055504,128.07130707221577,128.69537353515625,33446300
2023-08-18 00:00:00-04:00,127.2986660305744,128.03169627072486,125.18874601968783,126.2585678100586,30504800
2023-08-21 00:00:00-04:00,125.98121040027308,127.51659567276597,125.36705175678769,127.15998840332031,25248700
2023-08-22 00:00:00-04:00,127.29865446565053,129.05197461127347,127.11045810936166,127.86328887939453,22054900
2023-08-23 00:00:00-04:00,128.95292431830592,132.15248942586146,128.64584877704544,131.12228393554688,27819700
2023-08-24 00:00:00-04:00,132.68739372034156,132.9845689644834,128.34868956972952,128.55670166015625,28500700
2023-08-25 00:00:00-04:00,128.3189398374532,129.5274412374435,126.05053219547979,128.65574645996094,26762900
2023-08-28 00:00:00-04:00,130.07227594567678,131.29067779366306,128.9133061222322,129.7751007080078,20543300
2023-08-29 00:00:00-04:00,130.99353505298305,135.28272306776321,130.99353505298305,133.30157470703125,43075600
2023-08-30 00:00:00-04:00,133.50955996250931,134.9954209341487,132.8062609003106,134.5991973876953,28315800
2023-08-31 00:00:00-04:00,134.72794864262443,136.69919611494214,134.5100211787518,134.88644409179688,30053800
2023-09-01 00:00:00-04:00,136.16427664813094,136.16427664813094,133.57887851193362,134.38124084472656,21543700
2023-09-05 00:00:00-04:00,134.1633431456703,135.13410142022065,133.31144891270912,134.490234375,19403100
2023-09-06 00:00:00-04:00,134.73785869857247,135.24304591839837,132.41000411563905,133.19256591796875,18684500
2023-09-07 00:00:00-04:00,132.33077439469866,134.30202205679186,131.69680765193374,133.9850311279297,18844300
2023-09-08 00:00:00-04:00,133.63833748155875,135.3718419233677,133.57890546194733,135.094482421875,23558300
2023-09-11 00:00:00-04:00,135.2529563461856,136.18409824910339,134.51002590640553,135.62937927246094,20763400
2023-09-12 00:00:00-04:00,134.97561156998864,135.5798623314705,133.91570522015272,134.0642852783203,18405500
2023-09-13 00:00:00-04:00,133.81663138154605,135.60956781404116,132.88548944943147,135.42137145996094,20749500
2023-09-14 00:00:00-04:00,136.3029917964192,137.39261415422715,134.95581051870604,136.79827880859375,24751000
2023-09-15 00:00:00-04:00,136.67942376531306,137.21434229722846,135.19356246660126,136.10488891601562,38919600
2023-09-18 00:00:00-04:00,135.32231734485046,137.8482841163795,135.32231734485046,136.90724182128906,21861300
2023-09-19 00:00:00-04:00,136.12466432280078,137.10533793093902,135.33220217516006,136.7388153076172,20353700
2023-09-20 00:00:00-04:00,136.7784418280109,136.7784418280109,132.3604757157884,132.47935485839844,29927500
2023-09-21 00:00:00-04:00,130.20103839703572,130.98358514285636,128.843956964112,129.21046447753906,31503900
2023-09-22 00:00:00-04:00,129.52744986822796,130.78548307138033,128.37839552385094,129.0222625732422,26397300
2023-09-25 00:00:00-04:00,128.60622722629518,129.9335927895909,127.74443266302943,129.87416076660156,20094600
2023-09-26 00:00:00-04:00,128.54677891577344,129.13121388773126,126.02081245405837,127.35809326171875,25718700
2023-09-27 00:00:00-04:00,127.35810764338333,129.6661317841142,127.35810764338333,129.3095245361328,22746500
2023-09-28 00:00:00-04:00,128.61613182423616,132.04352470913275,128.56660009843606,131.06285095214844,22513100
2023-09-29 00:00:00-04:00,132.02369781929437,132.78644401015598,129.1312236339659,129.6265106201172,30859800
2023-10-02 00:00:00-04:00,129.97321355178073,133.15294744052358,129.9335821297325,132.90530395507812,22288000
2023-10-03 00:00:00-04:00,132.67746257362884,132.99443834271233,130.59725146324402,131.1816864013672,22989400
2023-10-04 00:00:00-04:00,131.53832195471514,134.29213173006787,131.2807781421106,133.96524047851562,26752300
2023-10-05 00:00:00-04:00,133.79684448242188,134.21288377054,132.19210423972567,133.79684448242188,19832600
2023-10-06 00:00:00-04:00,132.74681617552042,136.85770734068427,132.74681617552042,136.28317260742188,27597600
2023-10-09 00:00:00-04:00,135.6492043634317,137.63035233984527,134.3317391453215,137.11524963378906,19278100
2023-10-10 00:00:00-04:00,137.19449142895036,138.40299285145625,136.03552172670302,136.75863647460938,27786600
2023-10-11 00:00:00-04:00,137.2737721177282,139.7799235919556,137.2737721177282,139.22520446777344,25884300
2023-10-12 00:00:00-04:00,139.720429377512,139.88882509991205,136.95672017205834,137.6600341796875,24765500
2023-10-13 00:00:00-04:00,138.06621031388815,138.68036136313773,135.33221637344056,136.06524658203125,23420500
2023-10-16 00:00:00-04:00,136.86760720097854,138.31385188558824,136.68931113689553,137.78884887695312,28501900
2023-10-17 00:00:00-04:00,137.32324757078706,138.5812653850695,135.886903501874,138.40296936035156,23515800
2023-10-18 00:00:00-04:00,138.13553721785942,139.39357039308052,136.08505695789236,136.6595916748047,23375000
2023-10-19 00:00:00-04:00,137.19449910407923,138.34356857254127,136.08506106002469,136.45156860351562,26066000
2023-10-20 00:00:00-04:00,136.03555804726943,136.5704614699842,133.80676607519254,134.32186889648438,26335700
2023-10-23 00:00:00-04:00,133.76710372602042,136.36241783407064,132.68738171446304,135.21334838867188,26317900
2023-10-24 00:00:00-04:00,136.5308133876984,138.04639036690818,136.12467442857437,137.50157165527344,44814300
2023-10-25 00:00:00-04:00,126.95196147684071,127.10054152384546,123.89108403139126,124.42599487304688,84366200
2023-10-26 00:00:00-04:00,122.10805414835848,123.15806773168971,120.12690614034925,121.12738800048828,57061100
2023-10-27 00:00:00-04:00,121.721739301728,122.14768645517988,119.0769083420869,121.0184326171875,44566500
2023-10-30 00:00:00-04:00,122.04862481392111,124.21798434885228,121.59296166894325,123.2868423461914,28940100
2023-10-31 00:00:00-04:00,123.88118925267857,124.18827234968963,121.5335335724306,122.91043090820312,26292300
2023-11-01 00:00:00-04:00,122.90051612476204,125.29770339578583,122.55381673556106,125.2580795288086,30082400
2023-11-02 00:00:00-04:00,127.2095031061741,127.76422209219731,125.73355005694552,126.28826904296875,27124600
2023-11-03 00:00:00-04:00,126.81329587313871,128.30905726801154,126.65480039534856,127.88311767578125,26393100
2023-11-06 00:00:00-05:00,127.83357680477238,129.1114106050115,127.45715385068908,129.0222625732422,19052700
2023-11-07 00:00:00-05:00,129.47794507134418,130.66663094824423,128.65576676845674,129.73548889160156,29757300
2023-11-08 00:00:00-05:00,129.73548022222718,130.9637974447547,129.5472687405941,130.59727478027344,26425800
2023-11-09 00:00:00-05:00,130.71614806102886,131.30058307721072,128.84396385761158,129.01235961914062,23747800
2023-11-10 00:00:00-05:00,128.87369024439658,131.54823716249373,128.19019172994675,131.3402099609375,26913300
2023-11-13 00:00:00-05:00,130.53784938427754,131.34021196042556,130.01284633778656,130.8449249267578,18324800
2023-11-14 00:00:00-05:00,132.92510798519066,134.4208690644548,132.0633135683582,132.3604736328125,32395200
2023-11-15 00:00:00-05:00,133.59873301920138,133.7572285134562,132.31099869452711,133.35108947753906,23861500
2023-11-16 00:00:00-05:00,133.91572337587885,135.9265877154924,133.05392869174796,135.63931274414062,28013200
2023-11-17 00:00:00-05:00,134.71809028656438,134.77752231976737,132.39023488636295,134.0345916748047,37240600
2023-11-20 00:00:00-05:00,132.42984636661794,135.37185248662504,132.36049892835388,134.96571350097656,27815500
2023-11-21 00:00:00-05:00,135.005326368002,135.88693664011163,134.67845024297165,135.67892456054688,22635300
2023-11-22 00:00:00-05:00,136.1741959558059,138.10581204793675,136.1741959558059,137.18458557128906,17813900
2023-11-24 00:00:00-05:00,136.72893111429622,136.82799456252866,134.7081667590109,135.4015655517578,12514300
2023-11-27 00:00:00-05:00,134.7477835762215,137.1152548942663,134.718067564632,135.12420654296875,23436500
2023-11-28 00:00:00-05:00,134.79728519765158,135.9562547357021,134.14350285876458,135.90672302246094,18730000
2023-11-29 00:00:00-05:00,136.27327307787965,136.98647245548034,133.5689951623546,133.71759033203125,23967200
2023-11-30 00:00:00-05:00,133.77702780318285,134.27231482569374,130.04255942126184,131.28077697753906,38988300
2023-12-01 00:00:00-05:00,130.61709594726562,130.8647394618695,129.43831039935748,130.61709594726562,31442300
2023-12-04 00:00:00-05:00,128.65573379480827,128.80431382323027,126.69439428737353,128.05148315429688,36669900
2023-12-05 00:00:00-05:00,127.73450033716857,130.89443347071432,127.04110163583205,129.75527954101562,27384800
2023-12-06 00:00:00-05:00,130.20106226225468,130.5972858566958,128.65576908298854,128.79444885253906,23576200
2023-12-07 00:00:00-05:00,133.76712818260518,137.2539534649488,133.4303365951244,135.63931274414062,56767100
2023-12-08 00:00:00-05:00,132.93502840396306,135.11428819124905,132.76663263696403,133.71759033203125,32260100
2023-12-11 00:00:00-05:00,131.1321890142382,132.08313157577382,130.12179931701706,132.03359985351562,31138000
2023-12-12 00:00:00-05:00,130.5675446380779,131.746330009185,130.0227259646723,131.27085876464844,29032800
2023-12-13 00:00:00-05:00,132.122766584224,132.24163062890102,130.32983004053287,131.32040405273438,30104800
2023-12-14 00:00:00-05:00,132.12276380482388,132.45955533429708,128.46754335829976,130.6963348388672,38722400
2023-12-15 00:00:00-05:00,130.3793395531458,132.2515237297127,129.9434845931054,131.35011291503906,50847100
2023-12-18 00:00:00-05:00,131.379825680854,135.85720897900194,131.18169880212074,134.5199432373047,32258000
2023-12-19 00:00:00-05:00,135.55018052528732,136.17424715699184,134.7973495156645,135.36196899414062,25476800
2023-12-20 00:00:00-05:00,137.66006190353008,140.3643245325025,136.76855140187814,137.03599548339844,49107200
2023-12-21 00:00:00-05:00,138.17517842630895,139.36386425256705,137.8680877770193,139.09640502929688,27488300
2023-12-22 00:00:00-05:00,139.44308141400654,140.6515826882867,139.38364940296933,140.1562957763672,26532200
2023-12-26 00:00:00-05:00,140.25535220936578,141.3350741122673,139.859128702875,140.18601989746094,16780300
2023-12-27 00:00:00-05:00,140.25536116259798,140.74074783674814,138.57138848007864,139.04685974121094,19628600
2023-12-28 00:00:00-05:00,139.45299127087407,139.80959847650112,138.43270137157182,138.90817260742188,16045700
2023-12-29 00:00:00-05:00,138.31384373897544,139.03695848120938,137.47184984606176,138.37327575683594,18733000
2024-01-02 00:00:00-05:00,137.2440530228323,138.13556372170385,135.1935572544807,136.8676300048828,23711200
2024-01-03 00:00:00-05:00,135.95627794501937,138.31384884016077,135.78788218321773,137.61053466796875,24212100
2024-01-04 00:00:00-05:00,137.11524935880684,137.84827954999523,135.06476906710992,135.10438537597656,27137700
2024-01-05 00:00:00-05:00,135.4609970308709,135.8671360060493,133.87607255527527,134.4506072998047,22513900
2024-01-08 00:00:00-05:00,135.00534393560088,137.69970682646502,134.97562792036769,137.53131103515625,21404000
2024-01-09 00:00:00-05:00,137.19451070058466,140.15633265456808,136.847803725032,139.6214141845703,24759600
2024-01-10 00:00:00-05:00,139.67093972821166,141.6520878094629,139.58179169214583,140.93887329101562,21320200
2024-01-11 00:00:00-05:00,142.13745070579583,143.85113927664221,139.3143091172413,140.74073791503906,24008700
2024-01-12 00:00:00-05:00,141.32517459664027,141.85017754737586,140.48319586195018,141.30535888671875,18785500
2024-01-16 00:00:00-05:00,140.66150965520748,142.98936462858398,140.1166909258045,141.1468963623047,22670500
2024-01-17 00:00:00-05:00,140.01764108362337,140.5030126705263,137.5907226892699,140.13650512695312,20968600
2024-01-18 00:00:00-05:00,140.711049810197,142.85069343117277,140.65161778433006,142.1275634765625,25746400
2024-01-19 00:00:00-05:00,143.37568810486664,145.06956120297735,143.01908085553387,145.00022888183594,34271900
2024-01-22 00:00:00-05:00,145.7134446289684,146.99127846629932,144.46531168812982,144.61390686035156,32200400
2024-01-23 00:00:00-05:00,144.5148225261662,145.7926561788179,144.12849931815916,145.6539764404297,21636100
2024-01-24 00:00:00-05:00,147.13987487266473,148.43753968176426,146.704034951283,147.29837036132812,25233500
2024-01-25 00:00:00-05:00,148.65544028148244,151.6073464272401,148.1304221809848,150.43846130371094,29149100
2024-01-26 00:00:00-05:00,149.67572544188013,151.10213919091456,149.5865623016617,150.7554473876953,26115500
2024-01-29 00:00:00-05:00,150.62670454674503,152.3304933133538,150.002637988347,152.0630340576172,27784300
2024-01-30 00:00:00-05:00,151.35971420009986,152.1719770416637,149.76488941359605,150.0323486328125,36331800
2024-01-31 00:00:00-05:00,142.26624407162646,142.6426670575937,138.55159128366827,138.77943420410156,71910000
2024-02-01 00:00:00-05:00,140.78037988444788,141.7115219147045,139.46291457727207,139.82943725585938,40466500
2024-02-02 00:00:00-05:00,137.94733213900224,141.2756614400684,135.21335329400358,141.03793334960938,62499600
2024-02-05 00:00:00-05:00,141.47375885083153,144.0987734023035,141.4341274340413,142.3256378173828,38505400
2024-02-06 00:00:00-05:00,143.28654870066302,143.9898630171305,141.84031886618192,142.7417449951172,29128200
2024-02-07 00:00:00-05:00,143.39550524527087,144.24739959945848,142.5733269057092,144.16815185546875,25208900
2024-02-08 00:00:00-05:00,144.45540497795193,144.95069196678878,143.73229020643873,144.53465270996094,22563800
2024-02-09 00:00:00-05:00,145.29739619867138,148.0313902841131,144.8021091675361,147.5955352783203,26829500
2024-02-12 00:00:00-05:00,147.02098399107322,147.93231021218233,145.98087831954948,146.13937377929688,21564100
2024-02-13 00:00:00-05:00,143.55396889340898,145.28747323192408,142.33556721909812,143.7718963623047,27837700
2024-02-14 00:00:00-05:00,144.70305659111142,145.13891158413554,142.73180882355612,144.5643768310547,22704200
2024-02-15 00:00:00-05:00,141.79076291731,142.1671858771817,139.13603183073639,141.42425537109375,37590700
2024-02-16 00:00:00-05:00,141.6421685918449,141.8402803505169,138.81902690715387,139.19544982910156,31468900
2024-02-20 00:00:00-05:00,138.343565378545,140.74075259122355,138.17516961610025,139.789794921875,25144700
2024-02-21 00:00:00-05:00,140.11667673843814,141.3449938299057,139.35393059450502,141.20631408691406,23223300
2024-02-22 00:00:00-05:00,143.56389009951735,143.6332375383376,141.4539776469549,142.7318115234375,27191900
2024-02-23 00:00:00-05:00,142.31575244424536,143.31622665623695,142.0780092634441,142.60302734375,19493800
2024-02-26 00:00:00-05:00,140.80018488112955,141.097360098055,136.09495847718128,136.2732696533203,53641800
2024-02-27 00:00:00-05:00,136.71901343712278,137.93741509771866,135.79777185353214,137.57090759277344,33099200
2024-02-28 00:00:00-05:00,136.60014396856127,136.70910770950192,134.13362446493272,135.094482421875,37328600
2024-02-29 00:00:00-05:00,135.98597645143477,137.55108494285057,135.11426662964436,137.1548614501953,42133000
2024-03-01 00:00:00-05:00,137.12515439240792,137.561009379789,135.62939306295007,135.84732055664062,31151100
2024-03-04 00:00:00-05:00,134.38128712569457,134.38128712569457,130.66663422050593,132.0930633544922,55999400
2024-03-05 00:00:00-05:00,130.6369020545164,131.98408327949778,129.43830088138756,131.41944885253906,40194800
2024-03-06 00:00:00-05:00,131.86521128643497,132.3208819951356,129.6166190997975,130.1614227294922,35318600
2024-03-07 00:00:00-05:00,131.53831809840491,133.66806132063292,130.36944800435913,133.11334228515625,37738200
2024-03-08 00:00:00-05:00,132.94493550750806,136.788352127219,132.73690832894798,134.1336212158203,39370400
2024-03-11 00:00:00-04:00,134.84685230242854,137.7888584846141,134.84685230242854,136.37232971191406,32437800
2024-03-12 00:00:00-04:00,135.73835874420493,138.06621377136466,135.73835874420493,137.1945037841797,27563400
2024-03-13 00:00:00-04:00,137.68978898902412,139.7600850663766,137.6798886901947,138.4723358154297,23347200
2024-03-14 00:00:00-04:00,139.85915951055284,142.2365313030922,139.13604465019097,141.75115966796875,42753400
2024-03-15 00:00:00-04:00,141.15679282026272,141.83037587468064,138.7100738688481,139.84922790527344,49475400
2024-03-18 00:00:00-04:00,147.20920556461434,150.7158309412068,145.78277655889536,146.2879638671875,69273700
2024-03-19 00:00:00-04:00,146.76345753749575,147.38750892214128,144.7030616623303,145.64410400390625,24070400
2024-03-20 00:00:00-04:00,146.6049367935924,147.4568309498292,145.3568191244373,147.3379669189453,21311500
2024-03-21 00:00:00-04:00,148.06110892693906,148.95261955283513,145.51532628649926,146.208740234375,24755600
2024-03-22 00:00:00-04:00,147.7144053559253,150.15122429911875,147.57572558614754,149.34886169433594,29211800
2024-03-25 00:00:00-04:00,148.52666183272117,148.9625167930801,146.42664987640165,148.6554412841797,19229300
2024-03-26 00:00:00-04:00,148.80401587594451,150.82478002765382,148.56627269311343,149.24977111816406,22149100
2024-03-27 00:00:00-04:00,149.75495146001944,150.21062209399147,147.49644422980177,149.4478759765625,22879200
2024-03-28 00:00:00-04:00,149.42809160115786,150.00261121097796,148.75449343194893,149.50732421875,24485400
2024-04-01 00:00:00-04:00,149.26958013002246,154.2719812381141,149.19033240596852,154.0243377685547,31730800
2024-04-02 00:00:00-04:00,152.0531280024452,153.2418139280062,150.71584688933808,153.10313415527344,24586000
2024-04-03 00:00:00-04:00,152.1521972808092,153.61824280791367,151.2903874819689,153.45974731445312,24705000
2024-04-04 00:00:00-04:00,152.05313627772315,153.31116971559803,149.0318820127303,149.1111297607422,34724700
2024-04-05 00:00:00-04:00,148.6158116009819,151.97385675674153,148.18987204880133,151.06253051757812,23459200
2024-04-08 00:00:00-04:00,151.33990060047478,153.80643540110964,151.17150482749398,153.39039611816406,20702000
2024-04-09 00:00:00-04:00,154.61869893107254,157.06541802943522,153.72718833727967,155.1239013671875,31079500
2024-04-10 00:00:00-04:00,154.7375603209343,155.13378384711743,153.22196830163517,154.668212890625,22838600
2024-04-11 00:00:00-04:00,155.4309745942535,158.17485377315867,154.9852193039768,157.90740966796875,27166400
2024-04-12 00:00:00-04:00,156.47106798921303,158.70975967764107,155.65879009401198,156.24322509765625,25353700
2024-04-15 00:00:00-04:00,157.36257964736208,157.73900258836812,153.13282461250074,153.40028381347656,27136500
2024-04-16 00:00:00-04:00,152.7366137703007,154.18284340549994,151.98376782571336,152.9446258544922,20779500
2024-04-17 00:00:00-04:00,154.15314245258116,155.59938734402337,153.1229520000867,154.0045623779297,21763100
2024-04-18 00:00:00-04:00,153.87574601167526,155.46067029779516,153.16253159441712,154.5394287109375,19883000
2024-04-19 00:00:00-04:00,154.7276389835674,154.88613443395536,150.86440684884911,152.6375274658203,32615600
2024-04-22 00:00:00-04:00,152.85548314560833,156.15409663024886,152.6078396267761,154.80691528320312,26446200
2024-04-23 00:00:00-04:00,155.4805001575941,157.4715484365775,154.80690198445652,156.7682342529297,21151600
2024-04-24 00:00:00-04:00,156.00550985016204,158.0659056519581,155.68851890451947,157.6300506591797,22779100
2024-04-25 00:00:00-04:00,149.90357714076376,155.01494301435423,149.44790641398717,154.52955627441406,57109700
2024-04-26 00:00:00-04:00,172.72638033694088,173.06318697805824,168.05086993453432,170.32919311523438,64665300
2024-04-29 00:00:00-04:00,167.46640518956687,167.9517917957916,163.65270510622432,164.58383178710938,45610000
2024-04-30 00:00:00-04:00,164.04897776984578,166.51551272721193,161.067355161794,161.2456512451172,33562900
2024-05-01 00:00:00-04:00,162.75129989434402,165.54471052012372,161.5526987871929,162.31544494628906,33493200
2024-05-02 00:00:00-04:00,163.23667111385808,165.1583869545648,162.3451606237168,165.04942321777344,24294500
2024-05-03 00:00:00-04:00,165.9805958512975,166.3768345652247,161.5131120458687,165.6636199951172,34662400
2024-05-06 00:00:00-04:00,165.88152094509854,166.55510397846635,164.46499233146127,166.51548767089844,21871300
2024-05-07 00:00:00-04:00,166.91169460324474,170.14095992985162,166.80273087457311,169.63577270507812,28039700
2024-05-08 00:00:00-04:00,167.40700904320605,168.54616311793023,167.14946523990977,167.78343200683594,19569100
2024-05-09 00:00:00-04:00,167.79332152345498,169.0810706871072,166.59472038810446,168.3579559326172,15346700
2024-05-10 00:00:00-04:00,166.4461516776323,168.24900365253,164.62349910506936,167.060302734375,29799900
2024-05-13 00:00:00-04:00,162.71167888481415,167.6843645690759,162.45413508764602,167.54568481445312,31327600
2024-05-14 00:00:00-04:00,168.1697556681758,169.63580098611519,167.20889765923283,168.734375,25127100
2024-05-15 00:00:00-04:00,169.0216272438825,171.02257561366113,168.90274809922303,170.88389587402344,26948400
2024-05-16 00:00:00-04:00,171.65655202628884,173.4693041567708,171.0622167291373,172.5381622314453,27867900
2024-05-17 00:00:00-04:00,172.53815265408903,174.60846356854617,172.05278112226807,174.4004364013672,24479300
2024-05-20 00:00:00-04:00,174.52923506740714,177.0849177951841,174.42027132306535,175.25234985351562,22554400
2024-05-21 00:00:00-04:00,175.2325569894993,176.47077464803155,174.15283481884995,176.17361450195312,16989400
2024-05-22 00:00:00-04:00,174.97499681045656,175.48018412655318,173.5584831966184,174.7174530029297,17880000
2024-05-23 00:00:00-04:00,175.4009638726557,176.56983406034217,171.3197882854856,171.9141387939453,21024900
2024-05-24 00:00:00-04:00,173.33063024095415,174.11319214706063,172.01316503791867,173.34054565429688,16579400
2024-05-28 00:00:00-04:00,172.8056425085786,175.5990686253191,172.7263947696327,174.7372589111328,20572200
2024-05-29 00:00:00-04:00,173.77638763413984,175.1731005862125,173.07308856633102,174.24195861816406,23388700
2024-05-30 00:00:00-04:00,173.54857162206218,173.568387335375,170.17071046285272,170.48770141601562,22931500
2024-05-31 00:00:00-04:00,170.2400414486173,171.428727178173,167.84285427810815,170.87400817871094,37638900
2024-06-03 00:00:00-04:00,170.91365318988204,172.88490114362781,169.5466711730528,171.5377197265625,27459100
2024-06-04 00:00:00-04:00,171.6466681505934,172.21130260761575,170.26977084192941,172.15185546875,26879600
2024-06-05 00:00:00-04:00,173.54854936238468,174.98487853664636,172.2905162401881,173.75657653808594,22068500
2024-06-06 00:00:00-04:00,174.24193929814342,175.4801566470926,174.09335926225268,175.06411743164062,23251000
2024-06-07 00:00:00-04:00,175.381150350767,176.19341326652375,172.6570715303695,172.81556701660156,19661400
2024-06-10 00:00:00-04:00,173.51964913718612,175.59232118793005,171.32796149412926,173.55931091308594,23726700
2024-06-11 00:00:00-04:00,174.75928180816368,175.37413767386394,172.32959332705445,175.1559600830078,21540600
2024-06-12 00:00:00-04:00,176.77244728104915,178.914546206643,174.6501868081846,176.31625366210938,27864700
2024-06-13 00:00:00-04:00,174.65019108926487,175.27497374095435,173.43039103186226,173.70806884765625,20913300
2024-06-14 00:00:00-04:00,172.77586542867536,175.59232060979843,172.70643840569585,175.32455444335938,18063600
2024-06-17 00:00:00-04:00,174.00559933310134,176.88155485978157,173.36097817553005,175.77084350585938,19618500
2024-06-18 00:00:00-04:00,175.67165153579245,175.9195792372448,172.65685734434638,173.63864135742188,21869900
2024-06-20 00:00:00-04:00,173.91633928082513,175.82042243225433,173.53949942101505,174.83863830566406,20160100
2024-06-21 00:00:00-04:00,175.5328474668185,179.3509408798961,175.1460807810823,178.14105224609375,57759000
2024-06-24 00:00:00-04:00,178.66661606311132,179.39056068860404,177.18896156728684,177.73440551757812,18298000
2024-06-25 00:00:00-04:00,178.13111351754267,182.76240177371028,177.93277435676467,182.5045623779297,23130200
2024-06-26 00:00:00-04:00,181.11618097811777,182.98058732909004,180.9674152518489,182.35581970214844,19839000
2024-06-27 00:00:00-04:00,182.6532926987184,184.50780223360667,182.49463046708553,183.87310791015625,18848900
2024-06-28 00:00:00-04:00,182.7921627160181,183.5954461342398,180.45172435645102,180.64013671875,29156600
2024-07-01 00:00:00-04:00,181.51283682486664,182.3557971056762,179.79718128044868,181.47317504882812,16006100
2024-07-02 00:00:00-04:00,180.54095368507097,184.0317799288088,180.05500994673656,183.7045135498047,17372500
2024-07-03 00:00:00-04:00,183.31774817184274,184.5474598841237,182.47478793552256,184.2797088623047,10242100
2024-07-05 00:00:00-04:00,184.3193957840595,189.27795048057212,184.25989554887065,189.02011108398438,20967500
2024-07-08 00:00:00-04:00,188.32588786123958,188.59365403276064,186.22346566251395,187.46310424804688,21035900
2024-07-09 00:00:00-04:00,188.73247507074413,189.77377441041267,187.15565857106904,187.4134979248047,15121400
2024-07-10 00:00:00-04:00,187.58208893707388,190.16054303109576,187.4630884852071,189.5952606201172,15952500
2024-07-11 00:00:00-04:00,188.27630515494232,189.2779276351132,183.54584030838046,184.0317840576172,25625800
2024-07-12 00:00:00-04:00,183.54586136873434,185.55903335294278,182.96075554978484,183.53594970703125,22898400
2024-07-15 00:00:00-04:00,183.38717059216182,186.67965791404401,183.38717059216182,184.98382568359375,16474000
2024-07-16 00:00:00-04:00,185.80694986210247,187.11600034630766,181.8500180292527,182.3954620361328,18290700
2024-07-17 00:00:00-04:00,181.45333384653057,182.02852795037177,178.40877430017733,179.51950073242188,20734100
2024-07-18 00:00:00-04:00,180.4219307160303,180.98721311089685,175.0071984581459,176.2170867919922,25315700
2024-07-19 00:00:00-04:00,177.39725118322656,178.79555205599942,175.66175710285674,176.18736267089844,18881900
2024-07-22 00:00:00-04:00,179.0930739107302,181.18558458642863,178.73605736925484,180.16412353515625,24100300
2024-07-23 00:00:00-04:00,180.54098136257284,182.08804802244904,180.03519909370766,180.2831268310547,36352700
2024-07-24 00:00:00-04:00,172.16101164978593,174.72953914992098,170.3957675264856,171.1990509033203,49585200
2024-07-25 00:00:00-04:00,171.08995705046257,171.98249074674055,165.8041364976538,165.8933868408203,44852000
2024-07-26 00:00:00-04:00,165.76447324044335,166.69668392087527,162.7000901475995,165.61572265625,41336900
2024-07-29 00:00:00-04:00,167.4305308304377,169.0172589803579,166.59749741680673,168.12472534179688,20293800
2024-07-30 00:00:00-04:00,168.8288597911077,169.8106438435088,167.04377724268764,168.87843322753906,18959700
2024-07-31 00:00:00-04:00,171.80399306020445,172.80561557083252,168.600756120216,170.11807250976562,25729100
2024-08-01 00:00:00-04:00,168.83879157195824,172.60729626052532,167.48015239401155,169.3445587158203,24531400
2024-08-02 00:00:00-04:00,165.0603715765524,167.11320535730545,163.30503897249685,165.27854919433594,29130100
2024-08-05 00:00:00-04:00,154.21104625180902,163.06701740006122,153.64576377052947,157.92996215820312,53630700
2024-08-06 00:00:00-04:00,158.00930840033058,159.23903543312898,155.11351422532948,156.97792053222656,49004600
2024-08-07 00:00:00-04:00,159.91336228381462,161.62901768553496,157.1564075430874,157.6225128173828,25138600
2024-08-08 00:00:00-04:00,159.17948508981146,162.33313310507484,158.88198397429082,160.6868896484375,25578800
2024-08-09 00:00:00-04:00,158.68364346895095,162.43230917233856,157.74152121280017,162.3133087158203,28602300
2024-08-12 00:00:00-04:00,162.9877004487663,163.5331293646278,160.49849628320337,160.94476318359375,15895300
2024-08-13 00:00:00-04:00,162.05547223997468,163.36452268194483,161.61911704854913,162.79925537109375,18551700
2024-08-14 00:00:00-04:00,161.05385194604304,161.86706218713195,156.40274030979796,159.04067993164062,40591100
2024-08-15 00:00:00-04:00,159.16961037680883,160.30016027512747,158.28698822051015,159.96298217773438,31524300
2024-08-16 00:00:00-04:00,160.13156765499573,163.69180631924374,159.79438956512277,161.60922241210938,24208600
2024-08-19 00:00:00-04:00,163.9099594856968,165.30827534265444,162.8984102346736,165.28843688964844,22416200
2024-08-20 00:00:00-04:00,165.51652689777598,167.24210914189632,165.43720334999875,165.79420471191406,18341500
2024-08-21 00:00:00-04:00,163.78105573886796,165.46697644323723,163.3050387245666,164.4752655029297,22902000
2024-08-22 00:00:00-04:00,165.8735566607167,166.20082306762401,161.9563017036317,162.44224548339844,22493300
2024-08-23 00:00:00-04:00,163.3546280676757,164.80251757325382,162.4720059319359,164.24716186523438,13955700
2024-08-26 00:00:00-04:00,165.00086193151313,166.1611618513878,163.09677884769525,164.78268432617188,14190400
2024-08-27 00:00:00-04:00,164.46532966550507,165.06036224989415,163.0967789331017,163.31494140625,11821900
2024-08-28 00:00:00-04:00,163.6719716397299,164.22734249342142,160.19107158671994,161.50013732910156,16407400
2024-08-29 00:00:00-04:00,162.94802283987033,164.59426663919365,158.92167882710484,160.43899536132812,19699800
2024-08-30 00:00:00-04:00,161.27201637464404,162.30340415057861,160.34973253169585,162.02572631835938,22123800
2024-09-03 00:00:00-04:00,160.37952519571203,160.5084524849849,155.18295342553455,156.0556640625,38945300
2024-09-04 00:00:00-04:00,155.3614336724234,157.68203355334143,154.66723906688907,155.15316772460938,19353800
2024-09-05 00:00:00-04:00,155.0044347321749,158.12831837773487,154.68707994374114,155.9366455078125,18688700
2024-09-06 00:00:00-04:00,155.9961585031309,156.5217641736817,149.30210860187526,149.66903686523438,37912100
2024-09-09 00:00:00-04:00,151.44650905863844,152.3303022884686,146.19340404923173,147.6730194091797,39260500
2024-09-10 00:00:00-04:00,149.4008786095233,150.21516785637962,147.30559146131813,147.6233673095703,31118800
2024-09-11 00:00:00-04:00,148.8745981614033,150.4435825568505,146.49133954819087,150.10595703125,29607700
2024-09-12 00:00:00-04:00,152.72751965051293,153.74041119456226,151.58552977811232,153.61131286621094,29621500
2024-09-13 00:00:00-04:00,154.3461713829811,157.27561300393074,154.1277193944369,156.36203002929688,29591200
2024-09-16 00:00:00-04:00,156.2130393678647,157.14648695965292,155.50799884377685,156.9578094482422,18379800
2024-09-17 00:00:00-04:00,157.911134323935,159.4304641960374,157.2755977444437,158.20904541015625,20715600
2024-09-18 00:00:00-04:00,158.74527204850892,159.38080862321627,157.49406367866266,158.69561767578125,23677300
2024-09-19 00:00:00-04:00,162.5684282858201,162.64785709776754,160.214944405528,161.00936889648438,26587700
2024-09-20 00:00:00-04:00,162.35991099365975,162.58830295605833,160.92994972015902,162.44927978515625,40896400
2024-09-23 00:00:00-04:00,163.2039876996882,164.33603783328329,160.5426675552083,160.72142028808594,24150900
2024-09-24 00:00:00-04:00,161.89315521075918,162.08183272389985,159.5694761752488,161.15830993652344,23332100
2024-09-25 00:00:00-04:00,160.34405733815197,161.67470976901416,160.17524458071915,160.36392211914062,18869200
2024-09-26 00:00:00-04:00,162.4988880330593,162.93582220396513,161.14837111952534,161.59523010253906,20319300
2024-09-27 00:00:00-04:00,161.6746974446782,164.54454440704646,161.4959598865702,162.80674743652344,21101300
2024-09-30 00:00:00-04:00,162.18117022743948,164.9914231874877,162.121575881889,164.6935272216797,20413900
2024-10-01 00:00:00-04:00,166.52066197521472,167.98041254359694,163.43234810534034,165.82554626464844,28338100
2024-10-02 00:00:00-04:00,165.25950746435836,166.35184293410305,163.58128985738043,164.7034149169922,17760200
2024-10-03 00:00:00-04:00,163.2635291813364,165.4779745583073,162.77694062619824,164.7034149169922,15073100
2024-10-04 00:00:00-04:00,166.88807682048628,167.05688955338184,164.32606593132192,165.89505004882812,19047400
2024-10-07 00:00:00-04:00,166.55045841132394,167.30515333490106,161.6151139348849,161.843505859375,22463100
2024-10-08 00:00:00-04:00,162.7968151755234,163.58129967642142,161.73426923186602,163.23374938964844,23072700
2024-10-09 00:00:00-04:00,162.31023226464953,163.69053895167258,158.62611121223813,160.7313232421875,31181800
2024-10-10 00:00:00-04:00,159.74822939172097,161.9329006503817,159.2815055457696,160.94979858398438,14144100
2024-10-11 00:00:00-04:00,160.99943947811877,162.7570859994371,160.11564623470997,162.10169982910156,15344300
2024-10-14 00:00:00-04:00,162.49890499208357,165.07084076824168,162.26057310515668,163.80970764160156,19016100
2024-10-15 00:00:00-04:00,164.63391416283739,166.51073429604153,163.4820145370709,164.3062286376953,20247200
2024-10-16 00:00:00-04:00,163.3827194845321,164.64386792755846,162.59823487734482,164.00833129882812,16406000
2024-10-17 00:00:00-04:00,164.57433190772997,165.2098684713458,161.62504101734748,161.79385375976562,21453400
2024-10-18 00:00:00-04:00,162.0520493579974,163.5614543687219,161.94281580158204,162.2804412841797,19757700
2024-10-21 00:00:00-04:00,161.8137333852295,163.35292813982096,161.48603268374447,162.92593383789062,20946500
2024-10-22 00:00:00-04:00,161.8434924612248,164.61404552751452,161.8434924612248,163.98843383789062,16568100
2024-10-23 00:00:00-04:00,163.6111016800633,164.66372289048581,160.80083381909756,161.64491271972656,18280500
2024-10-24 00:00:00-04:00,161.69456070594023,162.1910741214277,159.88724460042005,161.5853271484375,22412500
2024-10-25 00:00:00-04:00,162.52868955985642,164.43529913917524,162.2804328674599,164.11753845214844,19828900
2024-10-28 00:00:00-04:00,167.5732927765486,167.5732927765486,162.8067605293158,165.5574493408203,32138600
2024-10-29 00:00:00-04:00,166.56039624660548,169.19192660016526,165.92485964222502,168.49679565429688,42169000
2024-10-30 00:00:00-04:00,179.42006644238907,180.75073380709983,172.84623418689728,173.2434539794922,68890800
2024-10-31 00:00:00-04:00,171.92272737485058,175.5869985344097,169.80757553261074,169.91680908203125,44769000
2024-11-01 00:00:00-04:00,168.8840869554026,171.11839741159756,167.7023825564108,170.09556579589844,31796500
2024-11-04 00:00:00-05:00,168.7450359899921,169.53946045641658,166.83842636200512,168.0598602294922,21492700
2024-11-05 00:00:00-05:00,168.2485301772737,169.34086576189884,167.66264797842342,168.55638122558594,18242100
2024-11-06 00:00:00-05:00,172.5880653336426,175.70616896018197,172.29015425546123,175.27915954589844,33695500
2024-11-07 00:00:00-05:00,176.17290261823987,179.8173094537086,175.95443549219976,179.48960876464844,25352900
2024-11-08 00:00:00-05:00,179.39031896450126,179.63857571100755,176.83824748965887,177.1063690185547,22006200
2024-11-11 00:00:00-05:00,177.33474537334146,179.29100957580835,177.22551180839807,179.0924072265625,17450400
2024-11-12 00:00:00-05:00,178.5660644681486,181.21744387948465,178.13905511747132,180.35350036621094,25134900
2024-11-13 00:00:00-05:00,179.2016134734521,179.69812684707063,177.29498878465753,177.63262939453125,23184000
2024-11-14 00:00:00-05:00,177.03680576065332,177.57304868487938,173.1044283607948,174.3556365966797,31007500
2024-11-15 00:00:00-05:00,172.51854448191054,172.92568911299827,170.02605262888574,171.28720092773438,32504600
2024-11-18 00:00:00-05:00,172.2106958182379,174.21661408019878,171.69431766961333,174.0775909423828,20135300
2024-11-19 00:00:00-05:00,172.50860292386173,177.6226844683365,172.34971501216913,176.87791442871094,23434900
2024-11-20 00:00:00-05:00,176.1033704582549,176.4409959363333,172.56819744687726,174.7528533935547,18997100
2024-11-21 00:00:00-05:00,172.6873573172244,172.91576439472308,162.55848682005697,166.46109008789062,59734400
2024-11-22 00:00:00-05:00,164.6935100313798,165.29925701927786,162.75709554141247,163.61109924316406,38604600
2024-11-25 00:00:00-05:00,164.93183746085825,167.45413432230188,164.4551887820581,166.48095703125,33135300
2024-11-26 00:00:00-05:00,166.46108883905265,168.6358199751134,166.41143446812606,167.94068908691406,20486700
2024-11-27 00:00:00-05:00,167.82151959076907,168.2981681848086,166.8483576251592,168.04991149902344,19266500
2024-11-29 00:00:00-05:00,167.3250068391348,168.2485144405321,165.99435463496883,167.77186584472656,14257200
2024-12-02 00:00:00-05:00,167.59312502484607,170.88004106813648,167.3945227098445,170.29415893554688,23789100
2024-12-03 00:00:00-05:00,170.29418101536214,171.4758702461707,169.6586444335241,170.1452178955078,22248700
2024-12-04 00:00:00-05:00,169.956535651712,173.69032622472676,169.86716687371202,173.15408325195312,31615100
2024-12-05 00:00:00-05:00,174.13719150933292,174.83230728378396,171.12832132304757,171.4361572265625,21356200
2024-12-06 00:00:00-05:00,170.83037981733855,173.8591142443165,170.66156709877058,173.49169921875,21462400
2024-12-09 00:00:00-05:00,172.9449339559485,175.23150110703355,172.6367300920802,174.34669494628906,25389600
2024-12-10 00:00:00-05:00,181.78306850285867,185.2725820417294,179.99356854584033,184.0895233154297,54813000
2024-12-11 00:00:00-05:00,184.22869140717978,194.46859270076922,183.77138405763577,194.2598114013672,67894100
2024-12-12 00:00:00-05:00,193.86214396789393,194.04108635776814,190.59134831615194,190.8398895263672,34817500
2024-12-13 00:00:00-05:00,189.8954152094274,191.60537989902093,188.53341427180683,188.71237182617188,25143500
2024-12-16 00:00:00-05:00,191.74457308879215,197.8388085792474,191.49603187198403,195.51246643066406,44934900
2024-12-17 00:00:00-05:00,196.09904790683566,200.2447141714918,193.84228909023724,194.27972412109375,43504000
2024-12-18 00:00:00-05:00,194.08087100994013,195.8504833002915,186.64452188139882,187.3006591796875,34166100
2024-12-19 00:00:00-05:00,190.5118237091531,191.90364849444197,187.28078779996244,187.41001892089844,32265200
2024-12-20 00:00:00-05:00,184.69595286927182,191.76446587529261,184.13922295556452,190.29310607910156,63462900
2024-12-23 00:00:00-05:00,191.49605762870533,193.96159775328474,189.04046886277803,193.4943389892578,25675000
2024-12-24 00:00:00-05:00,193.70310444798892,194.9656982421875,192.64929197793106,194.9656982421875,10403300
2024-12-26 00:00:00-05:00,194.01127759173056,195.6019475277096,193.24578152744004,194.4586639404297,12046600
2024-12-27 00:00:00-05:00,193.81244697780068,194.18029831146464,189.53753481304466,191.63522338867188,18891400
2024-12-30 00:00:00-05:00,188.6925150012565,191.42646867833813,188.01647493101535,190.12411499023438,14264700
2024-12-31 00:00:00-05:00,189.96501622432825,190.83988612300436,187.4100053473998,188.19540405273438,17466900
2025-01-02 00:00:00-05:00,189.53755907777798,190.87968795158946,186.4059452652241,188.32467651367188,20370800
2025-01-03 00:00:00-05:00,190.25335095839125,192.08262608512283,188.87146221690494,190.6708984375,18596200
2025-01-06 00:00:00-05:00,192.84811629000748,197.06338121642014,192.7188851595698,195.72125244140625,29563600
2025-01-07 00:00:00-05:00,195.95983111785762,199.82713171693257,193.46448284459254,194.3492889404297,26487200
2025-01-08 00:00:00-05:00,191.44633065751327,195.1446099087928,191.25743691061763,192.81826782226562,24864800
2025-01-10 00:00:00-05:00,193.16624068951896,195.37328795351274,189.19951732698908,190.91941833496094,26665200
2025-01-13 00:00:00-05:00,188.96091407425016,190.06442245830834,186.2667207451249,189.89541625976562,21823700
2025-01-14 00:00:00-05:00,190.1241119208904,190.85978428074978,187.21120070733548,188.55332946777344,17174900
2025-01-15 00:00:00-05:00,191.96331352397246,195.21423727602792,190.74049483860904,194.40896606445312,21776000
2025-01-16 00:00:00-05:00,193.00716606923652,194.33934334611155,191.68492497988967,191.7843475341797,17815400
2025-01-17 00:00:00-05:00,195.3832141332428,196.0791264849475,192.61943710093595,194.85630798339844,27735100
2025-01-21 00:00:00-05:00,197.9084311961374,201.10962849733662,196.71542107622028,196.89437866210938,29971300
2025-01-22 00:00:00-05:00,197.8984854427286,199.3101979435439,196.37741418348202,197.21250915527344,26200600
2025-01-23 00:00:00-05:00,196.98383809552067,199.13123797930666,194.060990781993,196.82476806640625,26951400
2025-01-24 00:00:00-05:00,196.94405964079763,199.7277090395957,196.8446370895185,199.041748046875,23877500
2025-01-27 00:00:00-05:00,191.2873009966056,195.73121998566916,189.6170958235878,190.6907958984375,41728900
2025-01-28 00:00:00-05:00,191.6253070801952,194.33937332983098,189.5673782129492,194.16043090820312,24157900
2025-01-29 00:00:00-05:00,194.41887879385513,195.64169733166847,192.30130277467072,194.26976013183594,18218300
2025-01-30 00:00:00-05:00,196.84464293202117,200.2247973993167,196.51656670676422,199.69789123535156,24354700
2025-01-31 00:00:00-05:00,200.82132655430865,204.2810164474162,200.622496591671,202.8295440673828,32001100
2025-02-03 00:00:00-05:00,199.51894379490375,202.56108577247366,198.93239018113732,200.0557861328125,27838300
2025-02-04 00:00:00-05:00,202.20322238534604,205.84186999162728,201.62660485458937,205.17578125,43856400
2025-02-05 00:00:00-05:00,189.9551150886976,191.6253050182698,186.93284497363248,190.21359252929688,70373900
2025-02-06 00:00:00-05:00,188.39424233982533,190.97907706252056,187.61879495696715,190.48199462890625,29297400
2025-02-07 00:00:00-05:00,189.9352025187049,190.06443363710238,182.17077726737304,184.25851440429688,49315000
2025-02-10 00:00:00-05:00,186.2567974441607,187.10182849533746,184.77548630303588,185.38192749023438,23105600
2025-02-11 00:00:00-05:00,183.95033114344977,185.8491897525843,183.20470746476104,184.2386474609375,21239500
2025-02-12 00:00:00-05:00,182.15091151282658,184.0298827457132,180.769022777209,182.53863525390625,22072600
2025-02-13 00:00:00-05:00,183.24447609175039,185.1930307415901,182.0713536570594,185.05384826660156,21402500
2025-02-14 00:00:00-05:00,183.98016370030402,185.31234109604222,183.2444913440249,184.149169921875,20448400
2025-02-18 00:00:00-05:00,184.51700109702455,184.8749010476211,180.67952419275377,182.6976776123047,29916700
2025-02-19 00:00:00-05:00,182.99593948623902,184.3778280833638,182.51872941446393,184.18893432617188,19549400
2025-02-20 00:00:00-05:00,183.72168304847523,184.22870170428735,181.65381816300632,183.4830780029297,20441500
2025-02-21 00:00:00-05:00,184.06963495987821,184.25852872808807,178.03506158410121,178.61167907714844,35199200
2025-02-24 00:00:00-05:00,180.92807303443473,182.05146903999804,177.8461558204417,178.2040557861328,29854200
2025-02-25 00:00:00-05:00,177.0011153116827,177.6970428900285,173.67067193850428,174.3964080810547,41913400
2025-02-26 00:00:00-05:00,174.04844897153603,175.05255001700533,170.57880815600546,171.7220916748047,35431300
2025-02-27 00:00:00-05:00,172.97475539808346,173.5414214994902,166.96005475439284,167.51678466796875,39991000
2025-02-28 00:00:00-05:00,167.6957223580091,169.61446843814767,165.79687899247813,169.28639221191406,48130600
2025-03-03 00:00:00-05:00,170.92675052861034,172.35835029914594,164.96176159787956,166.03546142578125,40770500
2025-03-04 00:00:00-05:00,165.2699838540156,172.27883449293637,164.8325488565178,169.92266845703125,45388000
2025-03-05 00:00:00-05:00,169.525009408903,172.7659816444027,168.07352192530007,172.0104217529297,30954900
2025-03-06 00:00:00-05:00,169.5349574978289,173.78998251590772,169.50513376118735,171.34434509277344,28302000
2025-03-07 00:00:00-05:00,170.26068506359857,173.94904372851937,169.27647146487496,172.84552001953125,27385800
2025-03-10 00:00:00-04:00,167.47084644350338,167.66992058295483,162.922287876859,165.09205627441406,43604000
2025-03-11 00:00:00-04:00,164.13655982614347,165.96792640359425,160.6131542630149,163.2706298828125,39587400
2025-03-12 00:00:00-04:00,165.79871989426576,166.85374592604674,162.76302175465403,166.32623291015625,28372400
2025-03-13 00:00:00-04:00,165.261242942738,165.3508323726828,161.34968247166375,161.9966278076172,31756200
2025-03-14 00:00:00-04:00,162.50424753259463,165.70914654485404,161.68808614528302,164.71383666992188,31995900
2025-03-17 00:00:00-04:00,164.2559897412009,165.52003755245735,162.90236768488202,163.5194549560547,31184300
2025-03-18 00:00:00-04:00,162.91233580467724,163.47966980253605,155.9849866119549,159.9164581298828,42074800
2025-03-19 00:00:00-04:00,161.0013229568774,165.0920472279654,160.24489290497496,163.121337890625,34275600
2025-03-20 00:00:00-04:00,160.81221119039924,164.11663181906812,160.20507160674322,162.03643798828125,28138500
2025-03-21 00:00:00-04:00,160.45391074936325,163.46969843906228,160.13540430124633,163.2208709716797,36625800
2025-03-24 00:00:00-04:00,166.28644543898992,167.53058291242263,164.36548928265282,166.89356994628906,30879100
2025-03-25 00:00:00-04:00,168.18747918173491,169.82974979049783,167.53058612545505,169.76007080078125,24174400
2025-03-26 00:00:00-04:00,168.20736616989782,168.81450579137277,164.0668735115514,164.2858428955078,28901600
2025-03-27 00:00:00-04:00,163.85788568655383,164.64417388270883,161.24021559810473,161.47909545898438,24508300
2025-03-28 00:00:00-04:00,159.73729883034673,161.0610628820661,152.9094719877664,153.60618591308594,48669300
2025-03-31 00:00:00-04:00,152.39189573252094,154.81049144150305,149.95338957359485,153.9147186279297,54603500
2025-04-01 00:00:00-04:00,152.89951197653428,157.35851155491952,152.89951197653428,156.33334350585938,30672900
2025-04-02 00:00:00-04:00,154.4223014614319,157.66702096255182,153.97441511188723,156.30343627929688,25041700
2025-04-03 00:00:00-04:00,150.40127754802887,152.06344323592336,149.68465321481136,150.0131072998047,46883400
2025-04-04 00:00:00-04:00,147.31581486644404,150.36147595978116,144.69816012059908,144.91712951660156,62259500
2025-04-07 00:00:00-04:00,140.8861135726325,152.13311801627722,139.87089326407514,146.0617218017578,76794100
2025-04-08 00:00:00-04:00,150.5107721866655,151.5259925903324,142.35918124819136,144.02134704589844,52200200
2025-04-09 00:00:00-04:00,143.74265056471972,158.80169385849172,143.23504799502373,157.96563720703125,70406200
2025-04-10 00:00:00-04:00,155.80579483834862,156.98026834062628,149.2267962236283,152.10325622558594,48022000
2025-04-11 00:00:00-04:00,152.18285066485188,156.93048229888637,152.1032392517178,156.40296936035156,33636200
2025-04-14 00:00:00-04:00,159.24959030436233,160.96152461511218,156.82103162226488,158.32395935058594,30333000
2025-04-15 00:00:00-04:00,158.38368579805189,158.9012360653349,154.48207240479906,155.576904296875,27551500
2025-04-16 00:00:00-04:00,152.38193809849218,155.15884578806632,150.7993839571337,152.61085510253906,28187400
2025-04-17 00:00:00-04:00,153.56635949907425,153.9545297569088,147.8035217962651,150.4510498046875,33046600
2025-04-21 00:00:00-04:00,148.1817487017602,148.25141250019158,145.41478828401154,146.9774169921875,26049100
2025-04-22 00:00:00-04:00,148.191681312594,151.47620681854735,147.84331679407512,150.75958251953125,26971800
2025-04-23 00:00:00-04:00,154.8801740321897,156.79116721631257,153.08861317606707,154.62139892578125,31128800
2025-04-24 00:00:00-04:00,155.41761919174232,158.8414873336237,155.05930705626122,158.53294372558594,45894000
2025-04-25 00:00:00-04:00,164.29582354036455,165.3209915913829,160.28471040116125,161.20040893554688,56034000
2025-04-28 00:00:00-04:00,161.66816061799582,162.38478487609163,157.85613751727615,159.85670471191406,29745800
2025-04-29 00:00:00-04:00,159.56809722983294,159.98612558310694,156.7812263541152,159.40884399414062,26809000
2025-04-30 00:00:00-04:00,157.2390449367046,158.52300314058715,154.67114371616248,158.05520629882812,34981100
2025-05-01 00:00:00-04:00,159.69746807136784,161.19043289943403,158.16469753026496,160.54348754882812,30203200
2025-05-02 00:00:00-04:00,162.64359387625743,164.19627488526416,161.11080813038504,163.26068115234375,25715000
2025-05-05 00:00:00-04:00,162.2355030126838,164.61429290949133,161.95681747402023,163.43983459472656,21341800
2025-05-06 00:00:00-04:00,161.40939053220953,164.02706019999394,160.43399116800987,162.46441650390625,21277200
2025-05-07 00:00:00-04:00,163.3104292378871,164.22611240580434,147.14659307066745,150.6699981689453,127490100
2025-05-08 00:00:00-04:00,154.27303609354425,155.19866702023802,152.1828792070647,153.55641174316406,57498700
2025-05-09 00:00:00-04:00,153.4469228058081,154.3228003625665,151.48616112175256,152.03358459472656,32435300
2025-05-12 00:00:00-04:00,156.75137548916837,158.35382517745646,155.5171856365556,157.71682739257812,44138800
2025-05-13 00:00:00-04:00,158.04527965449518,159.8169455549483,155.427624492383,158.7818145751953,42382100
2025-05-14 00:00:00-04:00,159.209775932056,166.21675084206151,158.86141139731794,164.59439086914062,48755900
2025-05-15 00:00:00-04:00,165.06219714400765,165.43047214987737,161.6084704301294,163.19102478027344,33146700
2025-05-16 00:00:00-04:00,166.9433081258995,168.5557203255822,164.84320384513654,165.41053771972656,42846900
2025-05-19 00:00:00-04:00,163.73843316462222,165.85844820194703,163.44979996369122,165.7589111328125,30426100
2025-05-20 00:00:00-04:00,165.6493976210667,167.70969613346296,162.13595535028108,163.2108917236328,46607700
2025-05-21 00:00:00-04:00,162.92227037071072,172.32794533461094,162.7928752314158,167.76942443847656,73416000
2025-05-22 00:00:00-04:00,171.0440028391721,175.94092545127197,169.90935022401754,170.06858825683594,74864400
2025-05-23 00:00:00-04:00,168.26708452621156,169.1628725233235,167.10257379846712,167.6798553466797,35211400
2025-05-27 00:00:00-04:00,169.36194132235366,172.35781874405163,169.20268808863054,172.08908081054688,37995700
2025-05-28 00:00:00-04:00,172.34785613681433,174.4479605139837,171.10371883250124,171.55160522460938,34784000
2025-05-29 00:00:00-04:00,173.1839175950813,173.60194591853366,169.82972818892713,171.053955078125,29317300
2025-05-30 00:00:00-04:00,170.54636951392982,171.40233669601804,166.65470388448085,170.93453979492188,52639900
2025-06-02 00:00:00-04:00,167.0528072022302,169.07328505076367,166.6049207920985,168.2372283935547,38612300
2025-06-03 00:00:00-04:00,166.70447307171773,167.68982022650283,164.50483134601953,165.40060424804688,45084900
2025-06-04 00:00:00-04:00,165.9579872104258,167.43104169003885,165.57976456796413,167.2618408203125,26900800
2025-06-05 00:00:00-04:00,169.54106580736408,170.12829493792012,166.80396388771035,167.4210662841797,36379100
2025-06-06 00:00:00-04:00,170.0287933558417,173.68157889465496,170.0287933558417,172.86541748046875,35731800
2025-06-09 00:00:00-04:00,173.93168685751374,175.85496833236684,173.76228116584014,175.47628784179688,28935900
2025-06-10 00:00:00-04:00,175.58589455754145,180.478785591731,174.30039723040252,177.9775390625,61766100
2025-06-11 00:00:00-04:00,179.14346702948194,179.74136677669094,176.133988123354,176.73190307617188,31646800
2025-06-12 00:00:00-04:00,175.56596932852466,176.10409583310096,174.14096047000893,175.087646484375,20941900
2025-06-13 00:00:00-04:00,171.83900983498697,176.51266655178486,171.7891810552309,174.0612335205078,27663100
2025-06-16 00:00:00-04:00,174.1210168140944,176.323321086937,174.0412938099689,176.15391540527344,27389200
2025-06-17 00:00:00-04:00,175.0876480323832,176.74186625647056,173.9715563176299,175.33677673339844,24973000
2025-06-18 00:00:00-04:00,175.39655426609215,175.94464041531594,172.59635027395842,172.7159423828125,28707500
2025-06-20 00:00:00-04:00,173.34373983894176,173.73237998796506,164.88333923967906,166.05921936035156,75659900
2025-06-23 00:00:00-04:00,165.6905108199857,166.75677368964836,161.43538860354417,164.61427307128906,57671000
2025-06-24 00:00:00-04:00,166.3382528798913,167.63372519441324,165.55101285806253,166.18878173828125,40524300
2025-06-25 00:00:00-04:00,167.04578597314622,171.75929686583365,166.96606296199934,170.08514404296875,35479000
2025-06-26 00:00:00-04:00,171.8290485705118,173.08466701517526,169.34773632150527,172.9351806640625,31796700
2025-06-27 00:00:00-04:00,172.93516183654683,178.0572470081361,171.1314725843347,177.90777587890625,108140200
2025-06-30 00:00:00-04:00,180.14994433141436,180.59837295030215,173.9715556124037,175.6157989501953,63378900
2025-07-01 00:00:00-04:00,175.12751523681553,175.47628629108172,172.92521085330227,175.22715759277344,35904500
2025-07-02 00:00:00-04:00,174.92820819435067,178.2366447594077,174.45986020905642,178.0174102783203,29128900
2025-07-03 00:00:00-04:00,177.8778878701253,179.0438083356934,176.43294448317042,178.904296875,21689700
2025-07-07 00:00:00-04:00,178.43593621915562,178.67510524325024,175.0677113564662,176.17384338378906,34175600
2025-07-08 00:00:00-04:00,177.2301614259221,177.3298037815242,172.20771837081963,173.7523193359375,40442500
2025-07-09 00:00:00-04:00,174.63921988812407,178.81461936142807,172.16786742488128,176.0044403076172,43025600
2025-07-10 00:00:00-04:00,175.0179065004666,177.80813589252995,173.77226294843484,177.00096130371094,29252400
2025-07-11 00:00:00-04:00,176.1738371634896,180.79766502679848,175.8649200217802,179.56199645996094,34282900
2025-07-14 00:00:00-04:00,180.37914463511837,183.02987774300456,179.05377808117527,180.92723083496094,32536600
2025-07-15 00:00:00-04:00,182.17286668727073,183.5779561932956,180.9670923041272,181.36569213867188,33448300
2025-07-16 00:00:00-04:00,182.60138443088442,183.68758195520638,181.39559478616047,182.3323211669922,33104200
2025-07-17 00:00:00-04:00,181.5052018275631,183.418508384776,179.8509836397114,182.940185546875,31992600
2025-07-18 00:00:00-04:00,184.75383518149354,185.7702845204503,183.069737966418,184.41502380371094,34014500
2025-07-21 00:00:00-04:00,185.6008814217948,189.62679452163042,185.50122385959315,189.43746948242188,45803100
2025-07-22 00:00:00-04:00,190.83257222804642,190.98204335642563,186.8066593790816,190.67312622070312,44660200
2025-07-23 00:00:00-04:00,190.8325947249331,191.85900380909362,188.520672962732,189.5670166015625,58681900
2025-07-24 00:00:00-04:00,196.34330659716778,197.26009837341095,190.33432366848066,191.500244140625,74881700
2025-07-25 00:00:00-04:00,191.31091436137532,193.65273031316045,190.59342246149265,192.50672912597656,39785900
2025-07-28 00:00:00-04:00,192.97509170180885,193.37370675914636,190.17488744855515,191.90882873535156,38139500
2025-07-29 00:00:00-04:00,191.7593279801271,195.23716996676416,191.41055693747035,195.06776428222656,41389200
2025-07-30 00:00:00-04:00,194.91831074404357,196.91134044406198,194.0114785811888,195.84506225585938,32445400
2025-07-31 00:00:00-04:00,195.02790454929124,195.30692745731486,190.42399615568507,191.23117065429688,51329200
2025-08-01 00:00:00-04:00,188.37118289637132,190.16491249625656,187.165408558121,188.47084045410156,34832200
2025-08-04 00:00:00-04:00,189.62681422005014,194.58946938551787,189.45740851119675,194.36026000976562,31547400
2025-08-05 00:00:00-04:00,194.0313852166864,197.1704004603002,193.2142358585653,193.99151611328125,31602300
2025-08-06 00:00:00-04:00,193.82213079278006,195.94471220658852,192.99502167474958,195.40658569335938,21562900
2025-08-07 00:00:00-04:00,196.37319428256532,196.85151710519096,193.65271327152095,195.8350830078125,26321800
2025-08-08 00:00:00-04:00,196.53265828436582,201.9038726725722,196.48282950116197,200.718017578125,39161800
2025-08-11 00:00:00-04:00,200.2396805407711,200.77779182670545,198.3762027845806,200.29946899414062,25832400
2025-08-12 00:00:00-04:00,200.6681666421271,203.78726261791718,199.89088636790592,202.6313018798828,30397900
2025-08-13 00:00:00-04:00,203.41858472937733,203.81718459405647,196.82164596798347,201.2561492919922,28342900
2025-08-14 00:00:00-04:00,200.7977432270797,203.7274993328687,200.5286799587332,202.23272705078125,25230400
2025-08-15 00:00:00-04:00,203.13954799676898,205.7205176785909,200.57849766290207,203.18936157226562,34931400
2025-08-18 00:00:00-04:00,203.4883288365654,204.55460702217843,201.7842969623296,202.790771484375,18526600
2025-08-19 00:00:00-04:00,202.32241111724275,202.73098585981091,199.26311839930437,200.8675079345703,24240200
2025-08-20 00:00:00-04:00,200.03040999419306,200.57849617106174,195.9148142419443,198.62533569335938,28955500
2025-08-21 00:00:00-04:00,199.05381774902344,201.77429871025083,198.73492573604025,199.05381774902344,19774600
2025-08-22 00:00:00-04:00,202.02344423178036,207.81319287530533,200.59843534470966,205.37173461914062,42827000
2025-08-25 00:00:00-04:00,205.71053353164982,209.78629043498435,204.56454764589003,207.76336669921875,29928900
2025-08-26 00:00:00-04:00,206.7867811726176,207.12560776169755,204.98309181316571,206.41807556152344,28464100
2025-08-27 00:00:00-04:00,204.98310175479907,208.1819211161226,204.9332729711404,206.75689697265625,23022900
2025-08-28 00:00:00-04:00,206.5276752646478,211.48035462857675,206.1788890311736,210.90237426757812,32339300
2025-08-29 00:00:00-04:00,209.77633920432456,213.9019101459949,209.46742202841364,212.16798400878906,39728400
2025-09-02 00:00:00-04:00,207.7135567307211,210.94225509702446,205.48135800383685,210.61341857910156,47523000
2025-09-03 00:00:00-04:00,225.42160679337482,230.50382286131364,224.00654247682164,229.85609436035156,103336100
2025-09-04 00:00:00-04:00,228.8496136665047,231.56013509073304,225.32195802772998,231.49038696289062,51684200
2025-09-05 00:00:00-04:00,231.39075501551852,234.93834560019894,231.09179750662295,234.18099975585938,46588900
2025-09-08 00:00:00-04:00,234.85920568133895,237.512309448077,233.0638717332001,233.4329071044922,32474700
2025-09-09 00:00:00-04:00,233.56257898038902,239.8462403027557,232.62501483391662,239.0084228515625,38061000
2025-09-10 00:00:00-04:00,238.28030242478394,241.0331528996711,237.23303823372945,238.5496063232422,35141100
2025-09-11 00:00:00-04:00,239.25778647565335,241.62163412512044,235.63719736660352,239.7465057373047,30599300
2025-09-12 00:00:00-04:00,239.7464919977143,241.4520630725996,237.38264448371655,240.17538452148438,26771600
2025-09-15 00:00:00-04:00,244.02536743382055,251.75526430827645,244.02536743382055,250.95733642578125,58383800
2025-09-16 00:00:00-04:00,251.42612617048883,252.38362748338088,248.82289569604956,250.50851440429688,34109700
2025-09-17 00:00:00-04:00,250.56835490468708,250.94737408261642,245.6411664684413,248.8827362060547,34108000
2025-09-18 00:00:00-04:00,251.02715300766394,253.33117381914667,249.15203994052993,251.37625122070312,31239500
2025-09-19 00:00:00-04:00,252.59309222605677,255.33595897283527,251.1568250217611,254.0592803955078,55571400
2025-09-22 00:00:00-04:00,253.7700196733437,255.11652395864965,249.65074294375358,251.8749542236328,32290500
2025-09-23 00:00:00-04:00,252.38362744671002,253.7002107757565,249.8302703204236,251.00721740722656,26628000
2025-09-24 00:00:00-04:00,251.00722705371746,251.69543970951247,245.80076590550527,246.4989471435547,28201000
2025-09-25 00:00:00-04:00,243.76604145127706,245.85063173864694,240.1155467413105,245.15243530273438,31020400
2025-09-26 00:00:00-04:00,246.42912138871642,248.77301648715127,245.33196864020064,245.90048217773438,18503200
2025-09-29 00:00:00-04:00,247.2071078925349,250.49853584610034,242.14028307987255,243.41696166992188,32505800
2025-09-30 00:00:00-04:00,242.18018034462705,242.6589310263489,238.6294169517045,242.4694366455078,34724300
2025-10-01 00:00:00-04:00,240.12551089529904,245.66111761710096,237.9910625183314,244.26473999023438,31658200
2025-10-02 00:00:00-04:00,244.51411127313986,246.1698091326398,241.6715128807893,245.05271911621094,25483300
2025-10-03 00:00:00-04:00,243.85582267520638,245.66112527970623,241.0331615881319,244.71359252929688,30249600
2025-10-06 00:00:00-04:00,244.14505728413704,250.66810152305118,243.94557911341744,249.7803955078125,28894700
2025-10-07 00:00:00-04:00,247.62602723387863,249.7903967365714,244.88316034229135,245.12252807617188,23181300
2025-10-08 00:00:00-04:00,244.3246032710778,245.37186749350337,243.18756093367097,243.9854736328125,21307100
2025-10-09 00:00:00-04:00,243.83587990027615,244.12512098399313,238.5296719381561,240.90350341796875,27892100
2025-10-10 00:00:00-04:00,240.80373872383117,243.45684250665406,235.22824247873842,235.95635986328125,33180300
2025-10-13 00:00:00-04:00,239.58694087972822,243.865806618421,239.08823779870895,243.51670837402344,24995000
2025-10-14 00:00:00-04:00,240.60426901896764,246.47899033376285,239.88613541009548,244.81332397460938,22111600
2025-10-15 00:00:00-04:00,246.60865147753682,251.45604559967558,245.3519253048375,250.37884521484375,27007700
2025-10-16 00:00:00-04:00,251.11691742955023,256.2934418791717,249.45125120568702,250.80772399902344,27997200
2025-10-17 00:00:00-04:00,250.10955476977685,253.5605866634714,247.1672097408255,252.64297485351562,29671600
2025-10-20 00:00:00-04:00,254.0293607582065,256.6624970209002,253.57054725807689,255.884521484375,22350200
2025-10-21 00:00:00-04:00,254.0792145331533,254.21885076692087,243.516673234733,249.81031799316406,47312100
2025-10-22 00:00:00-04:00,253.710180894347,255.69500926260113,248.64335615777878,251.03713989257812,35029400
2025-10-23 00:00:00-04:00,252.3237915100895,254.3784456458486,251.19673296350098,252.4235382080078,19901400
2025-10-24 00:00:00-04:00,255.9144557753844,261.0012332121926,254.65774472843228,259.2458190917969,28655100
2025-10-27 00:00:00-04:00,264.13306424820985,269.43927147389144,263.5944564854066,268.5715026855469,35235200
2025-10-28 00:00:00-04:00,268.9904881616853,270.02779916193873,265.80875985814066,266.7762451171875,29738600
2025-10-29 00:00:00-04:00,267.05547147917497,274.6257797911847,266.97569238760303,273.8577880859375,43580300
2025-10-30 00:00:00-04:00,290.8336389163956,290.8336389163956,279.3335478851562,280.7498779296875,74876000
2025-10-31 00:00:00-04:00,282.47538175038454,285.25815337777135,276.3114191679317,280.46063232421875,39267900
2025-11-03 00:00:00-05:00,281.4480558536455,284.7893724933962,279.0742243823285,282.98406982421875,29786000
2025-11-04 00:00:00-05:00,276.03213953132416,280.5404041676455,275.5434202802167,276.8200988769531,30078400
2025-11-05 00:00:00-05:00,278.1466483880774,285.6770830892533,276.6206181949745,283.5725402832031,31010300
2025-11-06 00:00:00-05:00,284.58986519375543,287.60205105478576,280.41076169575746,284.0113830566406,37173600
2025-11-07 00:00:00-05:00,282.47536340962876,283.04389217242976,274.47617771869056,278.1067199707031,34479600
2025-11-10 00:00:00-05:00,283.68227447504086,290.04570023123154,282.1262928563078,289.3475341796875,29557300
2025-11-11 00:00:00-05:00,287.0035887304013,291.1627853205446,286.5747114373448,290.5543518066406,19842100
2025-11-12 00:00:00-05:00,290.9234183741868,291.2525794490294,282.95415298016115,285.96630859375,24829900
2025-11-13 00:00:00-05:00,281.60762197974475,282.1063250073575,276.5208450104115,277.847412109375,29494000
2025-11-14 00:00:00-05:00,270.7059931829425,277.8374407083971,269.99784337488455,275.6930236816406,31647200
2025-11-17 00:00:00-05:00,285.0387391266023,293.18756107368085,282.8344799743636,284.28070068359375,52670200
2025-11-18 00:00:00-05:00,287.1731753233953,288.05086711584505,277.4783868942568,283.5426025390625,49158700
2025-11-19 00:00:00-05:00,286.41513772838755,303.0219431129204,285.88651371587775,292.05047607421875,68198900
2025-11-20 00:00:00-05:00,303.75007371618807,305.625202125324,287.921243180084,288.69921875,62025200
2025-11-21 00:00:00-05:00,295.65113486551246,303.1316807498811,293.0877938372482,298.8827209472656,74137700
2025-11-24 00:00:00-05:00,310.32297418426026,318.65132145978475,308.79694402246815,317.7536315917969,85165100
2025-11-25 00:00:00-05:00,325.3638169665917,327.9770159307299,316.82602366827604,322.60101318359375,88632100
2025-11-26 00:00:00-05:00,319.8481736259059,323.6582721471574,315.9682798124272,319.1200866699219,51373400
2025-11-28 00:00:00-05:00,322.5312152935296,326.0021995827445,315.9682963529555,319.3494873046875,26018600
2025-12-01 00:00:00-05:00,316.8759202886677,319.02033724928003,313.07580560094704,314.0732116699219,41183000
2025-12-02 00:00:00-05:00,315.91839456558273,317.554155160306,313.09574872951146,314.9908142089844,35854700
2025-12-03 00:00:00-05:00,315.0706445626379,320.74585757492326,313.2852790244178,318.8009338378906,41838300
2025-12-04 00:00:00-05:00,321.3942008459266,321.5238380796439,313.8837336096964,316.796142578125,31240900
2025-12-05 00:00:00-05:00,318.6612335259534,322.32172694260385,318.34208673882245,320.4366149902344,28851700
2025-12-08 00:00:00-05:00,319.42862865409404,319.81788611091974,310.61578500656543,313.1109313964844,33909400
2025-12-09 00:00:00-05:00,311.7635388280278,317.3726229056239,311.2944500995635,316.4643859863281,30194000
2025-12-10 00:00:00-05:00,315.2168165746965,320.6861883612462,314.069055340672,319.58831787109375,33428900
2025-12-11 00:00:00-05:00,319.45856710455377,320.49655652430846,308.0008744502611,311.82342529296875,42353700
2025-12-12 00:00:00-05:00,313.0909556884665,314.25866704717134,304.96674508462553,308.68951416015625,35940200
2025-12-15 00:00:00-05:00,310.7155693717638,310.81538131016634,304.288070405232,307.62158203125,29151900
2025-12-16 00:00:00-05:00,304.3579426322819,310.16661977978157,302.00250880457793,305.97479248046875,30585000
2025-12-17 00:00:00-05:00,307.4120099511304,307.4918412298865,295.54507970361715,296.1439208984375,43930400
2025-12-18 00:00:00-05:00,301.13424909965397,303.36989066961956,298.64909287381425,301.872802734375,33518000
2025-12-19 00:00:00-05:00,301.1442091965169,306.65348128006514,300.3856749721532,306.56365966796875,59943200
2025-12-22 00:00:00-05:00,309.2783702904479,309.52788491338026,304.70724534166345,309.1785583496094,26429900
2025-12-23 00:00:00-05:00,309.02884787804055,314.328535898872,308.7194521900694,313.73968505859375,25478700
2025-12-24 00:00:00-05:00,314.15886656933606,314.4682622711062,311.3144241794057,313.4801940917969,10097400
2025-12-26 00:00:00-05:00,313.8694546536391,314.4782557314601,311.67371372407564,312.9013366699219,10899000
2025-12-29 00:00:00-05:00,310.76548227407176,313.41033130955566,310.0169383701615,312.95123291015625,19621800
2025-12-30 00:00:00-05:00,311.8932765746258,316.3346490163796,311.85334570689247,313.24066162109375,17380900
2025-12-31 00:00:00-05:00,312.24263128978663,313.9692531312569,310.8353650439947,312.392333984375,16377700
2026-01-02 00:00:00-05:00,316.28471875384633,321.87385220157,309.7274673850438,314.5381164550781,32009400
2026-01-05 00:00:00-05:00,317.0432662013207,318.4006111389099,314.01915017003046,315.9254455566406,30195600
2026-01-06 00:00:00-05:00,315.7857346052246,320.3169291726341,311.1747087515676,313.729736328125,31212100
2026-01-07 00:00:00-05:00,313.74965751082357,325.51677583182123,313.58000462136766,321.3548889160156,35104400
2026-01-08 00:00:00-05:00,328.3313118537803,329.67869694461876,320.8758135066914,324.80816650390625,31896100
2026-01-09 00:00:00-05:00,326.45496079982934,330.1876899539591,325.16745676828174,327.9320983886719,26214200
2026-01-12 00:00:00-05:00,325.16743586064183,333.3914583276215,324.3690012716118,331.2156677246094,33923900
2026-01-13 00:00:00-05:00,334.29970979162056,339.828932001794,332.9722749179122,335.3177185058594,33517600
2026-01-14 00:00:00-05:00,334.40950381083184,335.8666608024698,329.838408937521,335.18798828125,28525600
2026-01-15 00:00:00-05:00,336.9944202593897,337.03435112462023,330.0978329050398,332.1338806152344,28442400
2026-01-16 00:00:00-05:00,333.7607557246461,334.00028002450074,327.0637915356931,329.35931396484375,40341600
2026-01-20 00:00:00-05:00,320.2470059867555,327.0937027067513,319.8078578375627,321.37481689453125,35361000
2026-01-21 00:00:00-05:00,320.2969242919723,331.8344772893458,318.7299652491503,327.742431640625,35386600
2026-01-22 00:00:00-05:00,333.8006975362521,334.49932025317224,328.1117515615861,329.8982849121094,26253600
2026-01-23 00:00:00-05:00,331.8444485977197,333.0421309365838,326.8142558744754,327.2933044433594,27280000
2026-01-26 00:00:00-05:00,327.1735452193246,335.1879535299186,326.3651202937951,332.61297607421875,26042100
2026-01-27 00:00:00-05:00,334.71886692218493,337.2539439848537,332.8325522369338,333.90045166015625,21636200
2026-01-28 00:00:00-05:00,335.40752623810386,336.8846637353836,331.2955302242731,335.3576354980469,27434400
2026-01-29 00:00:00-05:00,339.6393000059441,341.62545715973704,325.9060355700189,337.5932922363281,39785600
2026-01-30 00:00:00-05:00,339.33986686390534,339.33986686390534,331.6448448818816,337.34375,31024000
2026-02-02 00:00:00-05:00,335.56723722383623,344.160506471566,334.9783863513143,343.0227355957031,32006100
2026-02-03 00:00:00-05:00,346.66563680855586,348.322417578686,336.81480425638233,339.0504455566406,36506700
2026-02-04 00:00:00-05:00,342.2941250868659,342.6434516437907,327.8821583120744,332.3934020996094,70618400
2026-02-05 00:00:00-05:00,311.61382084171163,332.04407921106184,305.8649942318392,330.60687255859375,88205800
2026-02-06 00:00:00-05:00,326.54477434837446,329.7385737476322,319.2988903139048,322.233154296875,56380500
2026-02-09 00:00:00-05:00,320.30690521957837,327.0637807183464,316.6440476026885,323.6903381347656,39640100
2026-02-10 00:00:00-05:00,320.3468306795893,321.0454837970353,313.9991629255859,317.9614562988281,39170000
2026-02-11 00:00:00-05:00,318.35075183143766,320.43669064369624,309.0588287321352,310.3562927246094,45406400
2026-02-12 00:00:00-05:00,311.4840826487114,315.62601945223736,306.60359228041904,308.40008544921875,47761300
2026-02-13 00:00:00-05:00,307.1325415821482,308.03078810659247,303.1203270701956,305.1264343261719,38499700
2026-02-17 00:00:00-05:00,299.4574878846074,303.8489392958333,295.67483755264817,301.4336242675781,39247600
2026-02-18 00:00:00-05:00,301.50347560963706,304.7870964613843,300.66511016078545,302.7410583496094,28482100
2026-02-19 00:00:00-05:00,301.23402488534225,304.87693233204385,299.4574819671566,302.26202392578125,25834400
2026-02-20 00:00:00-05:00,303.72916224594877,315.885507154404,303.30996428502766,314.36846923828125,53210800
2026-02-23 00:00:00-05:00,318.43057425110476,318.8996629968606,309.2684038978283,310.88525390625,31423000
2026-02-24 00:00:00-05:00,309.91711960911005,311.6637220131571,305.33603467292323,310.29638671875,25615600
2026-02-25 00:00:00-05:00,311.4541454679639,313.031095017384,308.8392369672335,312.2925109863281,29963600
2026-02-26 00:00:00-05:00,312.0330312197015,312.5320604811519,301.7630004907203,306.7832336425781,36431200
2026-02-27 00:00:00-05:00,303.5495233120643,311.7635251790807,303.21015662264614,311.15472412109375,44640600
2026-03-02 00:00:00-05:00,302.6412753457796,307.8910420913047,300.71499938521333,305.92486572265625,34790200
2026-03-03 00:00:00-05:00,298.01029817831704,303.34991750153205,296.13394323483243,302.9906005859375,35497000
2026-03-04 00:00:00-05:00,302.30194909897057,304.87692658824284,300.1660893213747,302.5414733886719,29536200
2026-03-05 00:00:00-05:00,302.4516780897468,302.7111526067185,297.41146402777275,300.2958679199219,35752300
2026-03-06 00:00:00-05:00,295.5151547022239,299.94653713519574,294.60691775969326,297.9404296875,25576900
2026-03-09 00:00:00-04:00,293.99527562141907,306.4198649966507,293.71562375842984,305.98040771484375,29312100
2026-03-10 00:00:00-04:00,305.79068968096857,309.1265479913924,305.1914269440574,306.65960693359375,23239700
2026-03-11 00:00:00-04:00,306.3699695674413,311.0341973481569,305.54101125974313,308.31756591796875,24125700
2026-03-12 00:00:00-04:00,306.43988798140623,308.5572566363961,300.65705267874506,303.1739196777344,24928300
2026-03-13 00:00:00-04:00,306.6296377698095,307.3087879643589,300.0677703977713,301.9054870605469,23693100
2026-03-16 00:00:00-04:00,303.97293465389924,306.11026747244654,302.64456537566065,305.1814270019531,23519700
2026-03-17 00:00:00-04:00,305.48103123176395,311.03417054952814,305.1214918945171,310.5347900390625,21955200
2026-03-18 00:00:00-04:00,308.88680583632095,312.08285325242963,306.5497087361953,307.30877685546875,20009800
2026-03-19 00:00:00-04:00,303.63335165234247,307.67832164750223,301.9754046785898,306.7494812011719,25075800
2026-03-20 00:00:00-04:00,305.0815409313132,305.62088043111504,297.9004465638477,300.6270751953125,44364100
2026-03-23 00:00:00-04:00,301.7356863586682,305.60091722739566,300.55715563413514,301.6857604980469,29326900
2026-03-24 00:00:00-04:00,298.82932646685043,299.5484356615691,289.97029010977093,290.0801696777344,36864300
2026-03-25 00:00:00-04:00,293.07644958925243,295.6332754793409,288.8816409209488,290.5695495605469,29460700
2026-03-26 00:00:00-04:00,287.553321534765,287.59328051443134,278.1549756132059,280.5719909667969,39080600
2026-03-27 00:00:00-04:00,276.9364513575891,279.02385820883654,273.6105906087015,274.0000915527344,35890600
2026-03-30 00:00:00-04:00,276.07755917965534,276.74671205405957,271.772870758184,273.1611633300781,35141200
2026-03-31 00:00:00-04:00,277.6955407888773,287.72308014338427,276.74670556560056,287.2037353515625,43875400
2026-04-01 00:00:00-04:00,290.47967248402244,300.14767254424095,290.05021252939383,297.0215759277344,37684500
2026-04-02 00:00:00-04:00,290.3298413990028,297.7106694379238,289.0913874960174,295.4035339355469,21666500
2026-04-06 00:00:00-04:00,295.5034561131459,300.24757156825143,294.81430848233833,299.61834716796875,16945500
2026-04-07 00:00:00-04:00,302.3549447988444,305.2513457589993,297.3511421656273,305.08154296875,23205400
2026-04-08 00:00:00-04:00,320.0530070056894,321.68096199730417,314.6297110626625,316.9268798828125,33547100
2026-04-09 00:00:00-04:00,315.51860784412145,319.1441153425082,310.6746106421415,318.09539794921875,23739200
2026-04-10 00:00:00-04:00,319.62350892085055,321.4312640320202,315.9281112234418,316.8469543457031,19152600
2026-04-13 00:00:00-04:00,316.74710955552524,321.2315371363443,315.0791651091577,320.91192626953125,18866400
2026-04-14 00:00:00-04:00,324.38762340838895,332.8770926852431,323.3489033390031,332.49755859375,27721400
2026-04-15 00:00:00-04:00,332.4775916674409,337.0619013824557,330.49003638532656,336.70233154296875,24918800
2026-04-16 00:00:00-04:00,338.33029678032364,339.458901613874,334.105526677332,335.6036682128906,20541500
2026-04-17 00:00:00-04:00,337.2316773591919,341.89590508018404,335.8234205588037,341.2566833496094,25581900
2026-04-20 00:00:00-04:00,340.3378420577138,340.97703331198585,336.1929591105031,337.0019836425781,18784200
2026-04-21 00:00:00-04:00,337.2716301294484,338.9195798085849,330.9394885663705,331.8783264160156,23123800
2026-04-22 00:00:00-04:00,336.60245884112476,339.3990082413208,334.7547751685775,338.8996276855469,20293000
2026-04-23 00:00:00-04:00,340.7572947145818,341.53632713037314,335.7634893621326,338.47015380859375,18650300
2026-04-24 00:00:00-04:00,338.31036908905986,344.84224494447176,334.9745105669949,343.97332763671875,26426100
2026-04-27 00:00:00-04:00,345.55139138660655,352.7424533316474,342.30541767036533,349.9059753417969,28576900
2026-04-28 00:00:00-04:00,348.1181924796765,351.9834237980171,345.6912101596132,349.3466796875,27824100
2026-04-29 00:00:00-04:00,347.13938043155986,355.34919736274225,343.7835275027263,349.5064392089844,35376300
2026-04-30 00:00:00-04:00,373.6065555628184,385.3619622201579,365.3667768501622,384.3232421875,72040000
2026-05-01 00:00:00-04:00,381.1572209075714,386.2808704617397,378.5804000830116,385.2121887207031,30105200
2026-05-04 00:00:00-04:00,385.15223320621686,386.90006506467324,379.31947226185457,382.7751770019531,26298600
2026-05-05 00:00:00-04:00,385.7515048868787,392.33333678038815,383.5442209432822,387.9487609863281,23878600
2026-05-06 00:00:00-04:00,393.7615619135972,399.3546301445318,392.2734176347804,397.546875,31308500
2026-05-07 00:00:00-04:00,399.42454979908837,399.6043194807176,392.1934987581594,397.4969177246094,24433500
2026-05-08 00:00:00-04:00,396.5081562950806,401.5019617899809,395.86893456144384,400.3034362792969,21461800
2026-05-11 00:00:00-04:00,393.16231133568834,396.94762453931395,387.9887360157618,388.1585388183594,30753700
2026-05-12 00:00:00-04:00,386.8601198229993,388.0386506028281,382.2957742925754,386.8701171875,26017500
2026-05-13 00:00:00-04:00,385.1222825184223,403.1998643489371,384.5230197682841,402.1211853027344,28144600
2026-05-14 00:00:00-04:00,396.7878070287349,402.43080112559403,395.349588612008,400.5731201171875,21136700
2026-05-15 00:00:00-04:00,395.82900006662373,399.0450119758119,392.69287563304505,396.2884216308594,20309700
2026-05-18 00:00:00-04:00,395.1997907850553,408.10376741205215,394.04122422601415,396.4482421875,26837200
2026-05-19 00:00:00-04:00,396.4681837278221,396.65795076850566,385.63162007935824,387.1797180175781,39545700
2026-05-20 00:00:00-04:00,387.2196997137571,393.37204141137994,382.42562803382646,388.4281921386719,31744400
2026-05-21 00:00:00-04:00,385.22215486500835,392.01371791338363,382.5454520468608,387.1797180175781,24852800
2026-05-22 00:00:00-04:00,386.87012298265273,388.258385079403,381.29701890681014,382.49554443359375,20442100
2026-05-26 00:00:00-04:00,384.03364271938483,388.777757974093,382.1260053488666,388.3982238769531,27747400
2026-05-27 00:00:00-04:00,386.1909694394293,393.3920284639016,385.42190388240675,388.3482666015625,23087300
2026-05-28 00:00:00-04:00,387.5193014898567,391.38450201712897,384.68282366229704,389.64666748046875,24357500
2026-05-29 00:00:00-04:00,384.7626974671623,384.7626974671623,377.9910987617443,379.8687744140625,44415800
2026-06-01 00:00:00-04:00,376.05352511273605,378.09100632744554,373.05724175924524,375.9037170410156,28672100
2026-06-02 00:00:00-04:00,366.13582064636165,373.07722234401785,357.99592394061045,361.4017028808594,50412300
2026-06-03 00:00:00-04:00,361.5814692403301,365.9960065843375,357.6363508187865,358.54522705078125,55441600
2026-06-04 00:00:00-04:00,358.4553387971999,372.7875661225121,357.7661912265356,371.7288818359375,44055500
2026-06-05 00:00:00-04:00,365.88613605551615,371.6190149899659,363.6688852043904,368.07342529296875,37471200
2026-06-08 00:00:00-04:00,364.9454235864071,365.9647879200631,360.2984165590168,363.0766296386719,27942500
2026-06-09 00:00:00-04:00,366.85420025674074,371.84098522768176,357.0704802123837,364.0260314941406,29535100
2026-06-10 00:00:00-04:00,362.95671584537644,368.3232616719084,354.97185779418805,356.1510925292969,32357100
2026-06-11 00:00:00-04:00,355.70134679025995,358.5694982511428,346.13748714351743,357.5401611328125,35538200
2026-06-12 00:00:00-04:00,362.3870579560934,366.33453278338226,354.7119986974298,359.4489440917969,24704600
2026-06-15 00:00:00-04:00,367.69366113705985,372.7504085202595,366.3145426692825,369.1127624511719,27727500
2026-06-16 00:00:00-04:00,369.3626044753487,375.7584875251172,366.8242274297617,373.01025390625,24876100
2026-06-17 00:00:00-04:00,368.8929017493238,372.0908279957741,361.78745285393074,363.55633544921875,24543600
2026-06-18 00:00:00-04:00,365.51504497617543,369.2426598317581,358.4396065335441,367.7935791015625,44470100
2026-06-22 00:00:00-04:00,357.72009076397745,358.68946892539066,341.50050477393233,349.45538330078125,52814800
2026-06-23 00:00:00-04:00,340.47114598010614,349.0656275102868,339.98147051143604,345.90765380859375,34007700
2026-06-24 00:00:00-04:00,348.8157979233392,353.25294826847323,341.7103492701006,345.0682067871094,44997300
2026-06-25 00:00:00-04:00,336.51370015420923,345.34801779729577,335.6242572392167,343.48919677734375,44491400
2026-06-26 00:00:00-04:00,342.32993723999033,346.1374872957393,329.98789515004995,337.17327880859375,114706300
2026-06-29 00:00:00-04:00,341.6104064955248,354.122383587675,340.4511784786947,353.4228210449219,34213900
2026-06-30 00:00:00-04:00,353.64269008629407,358.3896389689017,350.1749177879227,357.14044189453125,35237200
2026-07-01 00:00:00-04:00,358.1397942573561,362.7368455226467,356.20103798676814,360.97796630859375,26736400
2026-07-02 00:00:00-04:00,359.2490860357571,363.97602803095486,353.19298133516355,359.6788024902344,25974800
2026-07-06 00:00:00-04:00,361.31772936423556,367.693635754559,357.15042523629825,366.2245788574219,26915800
2026-07-07 00:00:00-04:00,368.8329180211536,372.9202869594668,365.26520405735874,366.7942199707031,24045600
2026-07-08 00:00:00-04:00,364.525702555654,367.6037106679975,357.79001132287857,361.6875305175781,22094800
2026-07-09 00:00:00-04:00,354.08240970637695,359.41897594546776,350.8544734886641,358.65948486328125,24729100
2026-07-10 00:00:00-04:00,357.30034280387986,357.5901650645865,352.52341441108456,356.9505615234375,18146100
2026-07-13 00:00:00-04:00,355.96119810970276,357.8999543595846,351.52404777471276,352.2835693359375,15901700
2026-07-14 00:00:00-04:00,350.97442351070157,359.92865963343,350.86447830880365,359.2790832519531,18259400
2026-07-15 00:00:00-04:00,357.74006858863044,373.40998963278184,357.5302120160503,370.6817626953125,28284600
2026-07-16 00:00:00-04:00,372.8203579699616,375.02892981037553,352.07368364698067,354.2322998046875,41158500
2026-07-17 00:00:00-04:00,345.77774679993126,348.2961170979314,341.1407126662452,346.5472412109375,29959300
2026-07-20 00:00:00-04:00,350.6546131580819,359.4489481797366,350.2948285491913,351.7638854980469,24736600
2026-07-21 00:00:00-04:00,351.09433677099497,351.09433677099497,346.77710440528256,346.927001953125,23369800
2026-07-22 00:00:00-04:00,347.93634723653764,349.7152025525983,341.51048515922605,341.8702392578125,39334100
2026-07-23 00:00:00-04:00,320.92372412122546,324.2815511558238,314.69771503877246,317.4859313964844,69419700
2026-07-24 00:00:00-04:00,318.2154780071113,323.97175736278774,317.11617848672984,319.53460693359375,31806600
2026-07-27 00:00:00-04:00,324.83120713377,330.2077559724587,324.2415898017393,326.3502197265625,28471600
2026-07-28 00:00:00-04:00,327.68937042492354,335.66425552638333,324.2316014627561,333.4956359863281,29511900
2026-07-29 00:00:00-04:00,334.455045685483,342.2800028423013,331.40698648547414,336.49371337890625,27501600
2026-07-30 00:00:00-04:00,333.98534038388266,336.29385412629074,330.12780397797883,333.4456787109375,30168000
2026-07-31 00:00:00-04:00,340.611054758666,358.3496530632621,339.78160132747564,355.9012451171875,46498000
2026-08-03 00:00:00-04:00,365.2152604560987,376.4480305309448,363.1166033198653,373.27008056640625,38669700
2026-08-04 00:00:00-04:00,367.9834743668337,380.2755612380555,367.263935640354,377.40740966796875,35705700
2026-08-05 00:00:00-04:00,383.0937455186354,384.2330278418686,356.54080629618977,362.1971740722656,46926300
2026-08-06 00:00:00-04:00,360.5382517887205,363.8961093831237,356.65076635274994,357.52020263671875,25235900
2026-08-07 00:00:00-04:00,356.49084652154687,358.6694387836589,353.5527327193329,354.0723876953125,19859900
2026-08-10 00:00:00-04:00,354.951850943437,357.38028276908574,352.4834362714388,357.29034423828125,18991400
2026-08-11 00:00:00-04:00,355.6613923515014,356.5807842683805,343.1694223006263,343.5791320800781,29081800
2026-08-12 00:00:00-04:00,346.0875456512855,346.25744987105145,340.66104092628797,343.3193359375,25012000
2026-08-13 00:00:00-04:00,345.5478948342235,347.7065110877775,343.5392066313974,346.13751220703125,17866100
2026-08-14 00:00:00-04:00,346.5772111705174,350.22489088982945,344.27870083870846,345.67779541015625,17808600
2026-08-17 00:00:00-04:00,346.04755304110785,347.0269344906474,341.7103446182459,343.7790222167969,18291300
2026-08-18 00:00:00-04:00,342.19005363605754,344.6484648943574,339.97147845233087,343.9789123535156,19248800
2026-08-19 00:00:00-04:00,342.2400076559886,346.5072842825429,340.44117610948047,344.4985656738281,19733800
2026-08-20 00:00:00-04:00,342.83962071417653,343.6790774504127,338.3525147854226,340.451171875,18570400
2026-08-21 00:00:00-04:00,342.359928876986,345.97762917305914,340.1813365286692,344.5985107421875,20849800
2026-08-24 00:00:00-04:00,343.39927531721605,351.3741604480826,342.2699962782288,347.83642578125,26338200
2026-08-25 00:00:00-04:00,349.41542326154587,349.9350782600912,345.37800981753963,346.73712158203125,20649700
2026-08-26 00:00:00-04:00,346.3973312516375,346.65717399060424,339.96146577825954,341.7803039550781,20420300
2026-08-27 00:00:00-04:00,339.45183186724313,341.4705233735174,338.3025461528343,340.4311828613281,23391400
2026-08-28 00:00:00-04:00,340.49114263603377,348.91575095848634,340.0514228221321,346.36737060546875,25347200
2026-08-31 00:00:00-04:00,343.60912172254496,344.3686432833908,336.94342338566804,339.13201904296875,33493600
2026-09-01 00:00:00-04:00,335.7841605001305,336.9834018439635,332.8360433203593,334.8047790527344,23342700
2026-09-02 00:00:00-04:00,333.84541044728496,339.78159726283246,332.6062167342666,336.9034423828125,22582300
2026-09-03 00:00:00-04:00,340.34122971001256,344.4585782378343,339.841550898423,342.260009765625,20726900
2026-09-04 00:00:00-04:00,342.4700012207031,343.5299987792969,337.0899963378906,338.4599914550781,23157700
