Date,Open,High,Low,Close,Volume
2015-01-01 00:00:00+05:30,213.46515184550813,214.22833452461043,212.12958900717317,213.70083618164062,3544940
2015-01-02 00:00:00+05:30,213.33052916020628,217.57288930873042,213.33052916020628,216.67503356933594,5900384
2015-01-05 00:00:00+05:30,217.72999792245173,217.85345033587487,214.3854801031545,214.84564208984375,4796000
2015-01-06 00:00:00+05:30,214.1385647679362,214.710944984039,210.4461308010298,211.50111389160156,8219680
2015-01-07 00:00:00+05:30,210.9287217994117,213.54371791796157,210.15431863290294,212.11837768554688,5746112
2015-01-08 00:00:00+05:30,214.19469308364788,217.49431540799782,212.83668912402015,216.57400512695312,9525824
2015-01-09 00:00:00+05:30,218.38092376622404,219.97461190299686,216.9667903009825,218.99819946289062,8985184
2015-01-12 00:00:00+05:30,217.59532373545449,218.71764330557716,216.49544507665829,217.0678253173828,4126412
2015-01-13 00:00:00+05:30,217.49431081796683,218.16770255565586,214.52016397650695,216.2373046875,5828348
2015-01-14 00:00:00+05:30,215.4965692952803,218.77375052900334,215.4180124085915,216.3607635498047,3685232
2015-01-15 00:00:00+05:30,222.21927900283742,224.0598858719899,217.89834857778226,222.9263458251953,11398476
2015-01-16 00:00:00+05:30,224.9577245332128,227.80841881862418,224.13842581371873,224.7669219970703,7821308
2015-01-19 00:00:00+05:30,227.43803756643888,228.9531688307601,225.12606222906797,225.48519897460938,4239492
2015-01-20 00:00:00+05:30,226.70857529138837,230.52446220223354,224.91286380393183,229.1664581298828,8505804
2015-01-21 00:00:00+05:30,230.6142143469916,231.85997254099806,228.58280510939667,228.94195556640625,6740612
2015-01-22 00:00:00+05:30,230.0754889834905,231.75896817117456,228.62769414204445,229.23374938964844,6470680
2015-01-23 00:00:00+05:30,231.1977895710659,235.2381392917253,229.94079736026913,234.07093811035156,9987912
2015-01-27 00:00:00+05:30,234.1158641902626,241.91598526467453,233.64449544713682,241.08547973632812,9962400
2015-01-28 00:00:00+05:30,240.1763808501566,245.38393254021386,236.80942224010766,237.56137084960938,11364940
2015-01-29 00:00:00+05:30,241.29868598833477,247.04495619319073,238.15619147313785,245.7879638671875,20567616
2015-01-30 00:00:00+05:30,245.6869828128514,245.6869828128514,238.8857154028921,241.82618713378906,10570416
2015-02-02 00:00:00+05:30,239.83966465170516,245.3390299151275,236.21456737553706,242.78013610839844,5710352
2015-02-03 00:00:00+05:30,242.08430576508925,242.91481119931095,236.8767544686337,238.85202026367188,10200688
2015-02-04 00:00:00+05:30,238.60514103597765,242.60060967293163,237.314473528022,239.6601104736328,6197512
2015-02-05 00:00:00+05:30,241.2987258563859,245.29419478885848,240.25496309702368,241.6354217529297,8059148
2015-02-06 00:00:00+05:30,241.7476033055505,242.18529691963002,235.69831258595684,236.4727020263672,6903120
2015-02-09 00:00:00+05:30,235.01371122747622,236.07991478844139,232.2079123828311,233.46490478515625,5231896
2015-02-10 00:00:00+05:30,231.19778250981065,238.44797635837483,231.19778250981065,236.6859130859375,9275752
2015-02-11 00:00:00+05:30,237.4828102767423,239.009175783096,236.36049075747604,237.57260131835938,4161588
2015-02-12 00:00:00+05:30,239.07647057803396,242.84747468227985,236.29311301541208,241.52313232421875,5525740
2015-02-13 00:00:00+05:30,242.6903338604059,242.86991592290215,238.73977508887006,239.23361206054688,7714500
2015-02-16 00:00:00+05:30,241.47827677680644,243.54333371544027,238.49289591949795,239.62644958496094,7388716
2015-02-18 00:00:00+05:30,239.6264210834448,243.0831428434393,237.26955039233468,241.2537841796875,5381692
2015-02-19 00:00:00+05:30,241.07421239894268,243.52087422459385,238.7846917329581,242.37611389160156,4507004
2015-02-20 00:00:00+05:30,243.09438181664916,244.64318806730134,239.83965555963954,240.86097717285156,6206024
2015-02-23 00:00:00+05:30,241.7700825249004,242.76896340819098,238.38068281615926,239.615234375,5581564
2015-02-24 00:00:00+05:30,240.24371479933168,240.40082856373215,237.2807749818491,239.6488800048828,5846288
2015-02-25 00:00:00+05:30,240.1763515653,241.2537891492947,235.6870739659486,236.23699951171875,4648524
2015-02-26 00:00:00+05:30,236.5063814314072,237.033866088935,232.3425653425161,233.02719116210938,12426944
2015-02-27 00:00:00+05:30,234.66573814346154,237.6062367132969,234.66573814346154,236.5849151611328,10261784
2015-03-02 00:00:00+05:30,242.49957117822774,246.6858284328926,239.72744746708764,242.993408203125,14385232
2015-03-03 00:00:00+05:30,243.86877567516964,245.11456119082303,241.75883708705163,243.17294311523438,6029348
2015-03-04 00:00:00+05:30,248.03262044774468,248.9978262204986,237.9317445019089,239.1214141845703,12277624
2015-03-05 00:00:00+05:30,239.05400167271543,244.66559795611252,238.49284204437572,243.5657196044922,9702452
2015-03-09 00:00:00+05:30,241.75885983595205,242.8250633846824,237.03388367563738,237.707275390625,5755808
2015-03-10 00:00:00+05:30,238.38067927594,238.43679525505394,234.56479269619334,236.25950622558594,5134836
2015-03-11 00:00:00+05:30,235.8891142514944,238.35821711236184,235.68709126462053,237.13487243652344,5465536
2015-03-12 00:00:00+05:30,237.95417118163346,238.80714494842036,235.9339961132858,236.71961975097656,7530836
2015-03-13 00:00:00+05:30,237.93172018040624,238.82957572825683,232.23033197147964,234.0372772216797,5426780
2015-03-16 00:00:00+05:30,234.56475428990268,237.46034381814988,234.00359459064455,236.03500366210938,5348772
2015-03-17 00:00:00+05:30,237.9317274462691,239.25606989986633,234.08216618722798,237.49403381347656,5369304
2015-03-18 00:00:00+05:30,237.96539396849707,240.6028446261766,236.40535352223932,238.72857666015625,5148332
2015-03-19 00:00:00+05:30,240.40082501587656,241.02933486495778,235.39526933317293,236.18089294433594,5373572
2015-03-20 00:00:00+05:30,235.91156547108517,237.81950867422904,234.77801178435976,237.01144409179688,6483236
2015-03-23 00:00:00+05:30,237.0226302648026,237.79704711435306,234.7892255516844,235.18203735351562,5446740
2015-03-24 00:00:00+05:30,234.18320361967923,237.25834816555226,232.42114004081438,232.9822998046875,8973564
2015-03-25 00:00:00+05:30,233.45366535788,234.94632821402774,231.444697226044,232.15176391601562,10608900
2015-03-26 00:00:00+05:30,230.50196774411071,231.6916098879723,224.9352524659661,226.02391052246094,35800620
2015-03-27 00:00:00+05:30,227.81962524453812,229.75000919599995,226.28203939581692,227.75228881835938,10840896
2015-03-30 00:00:00+05:30,228.95316733544965,233.21798123679625,227.33702459069113,232.74661254882812,6955144
2015-03-31 00:00:00+05:30,233.42000094645297,233.42000094645297,227.79716963200593,229.55921936035156,5962256
2015-04-01 00:00:00+05:30,230.32240003844763,232.73538693965034,227.38192845752272,231.9273223876953,3844196
2015-04-06 00:00:00+05:30,232.320154472568,232.73540723961676,228.90830018858497,231.63552856445312,7151172
2015-04-07 00:00:00+05:30,231.92735647710813,233.0384419743099,229.77250822170888,231.81512451171875,6197072
2015-04-08 00:00:00+05:30,233.45370639467788,233.99239787184763,231.20906723853608,232.44361877441406,4106144
2015-04-09 00:00:00+05:30,233.04966004151154,237.70728628361255,231.19783274043525,237.05633544921875,7002784
2015-04-10 00:00:00+05:30,236.36047297166772,236.36047297166772,232.2864479432203,234.0372772216797,6119324
2015-04-13 00:00:00+05:30,233.44247195896517,234.8566055857918,232.27527055932248,233.17312622070312,4563236
2015-04-15 00:00:00+05:30,233.44245964248952,235.39528464280883,230.12038291050257,231.5681915283203,4893996
2015-04-16 00:00:00+05:30,230.74889177610197,231.9946773951614,228.5042527510426,231.1192626953125,5610120
2015-04-17 00:00:00+05:30,230.0979359882735,230.715211706777,228.06654045469062,228.56036376953125,4049012
2015-04-20 00:00:00+05:30,228.9532063588299,230.07552599784378,225.04752853498525,225.6086883544922,5188880
2015-04-21 00:00:00+05:30,225.58622639771116,227.69619260230292,223.4762601931194,225.13729858398438,6510744
2015-04-22 00:00:00+05:30,225.92291689886454,229.17764347117804,223.00488617885935,227.4043731689453,6765936
2015-04-23 00:00:00+05:30,228.96439164502294,229.89590858220393,225.83311759311655,227.49415588378906,9627828
2015-04-24 00:00:00+05:30,228.70626026602417,228.72870117468037,224.5424441961675,225.91168212890625,7205244
2015-04-27 00:00:00+05:30,226.023921183363,227.2696930571198,223.56603879989265,225.68722534179688,7370704
2015-04-28 00:00:00+05:30,224.36287951955663,227.03400530265765,222.2416930094692,225.48519897460938,7942108
2015-04-29 00:00:00+05:30,225.361773857423,226.59632540743877,221.77035116646806,222.9263458251953,7863564
2015-04-30 00:00:00+05:30,222.443728724035,223.34158433947005,219.76138233288486,221.9499053955078,15143684
2015-05-04 00:00:00+05:30,223.12831776724414,226.5962874625028,222.66816955205823,224.6771240234375,3141448
2015-05-05 00:00:00+05:30,224.25066809125138,225.33932628236954,221.28774171878956,221.69178771972656,5138004
2015-05-06 00:00:00+05:30,221.65809990812653,221.65809990812653,216.71989413802143,217.86465454101562,11007696
2015-05-07 00:00:00+05:30,217.2810510186032,217.72997880996394,211.93881304144804,213.53250122070312,11736664
2015-05-08 00:00:00+05:30,215.8220434402497,221.72544136841626,214.452819107548,220.42355346679688,11571932
2015-05-11 00:00:00+05:30,221.33266461049783,222.83657574387178,218.63909733885194,222.28663635253906,6731344
2015-05-12 00:00:00+05:30,222.2192492741812,222.2192492741812,217.05657984659922,218.1676788330078,11107568
2015-05-13 00:00:00+05:30,219.04308974952997,222.98244212616902,218.08911818143463,222.27537536621094,7791848
2015-05-14 00:00:00+05:30,221.9947925503667,223.30790085837975,218.62783411937025,222.45494079589844,4455188
2015-05-15 00:00:00+05:30,223.31915221861877,223.91397336714198,220.9173856127627,222.24171447753906,8153624
2015-05-18 00:00:00+05:30,223.56601606418033,227.15743800898645,222.6681605779788,226.67483520507812,5713304
2015-05-19 00:00:00+05:30,225.88925567391638,228.50426576714295,224.03742837275828,226.1586151123047,4786348
2015-05-20 00:00:00+05:30,226.62997339542028,230.47953461238296,226.60751878617071,229.8622589111328,4008840
2015-05-21 00:00:00+05:30,229.85101917458212,231.1978024900582,227.85328510988396,230.0081329345703,3934380
2015-05-22 00:00:00+05:30,230.00815964057983,230.97336542222405,228.58281927961485,229.91839599609375,4689536
2015-05-25 00:00:00+05:30,230.83865803037037,231.42225863414464,228.41443718346082,229.75,4369060
2015-05-26 00:00:00+05:30,229.95202710326407,231.2426945041764,228.51546639018807,230.6142120361328,4906344
2015-05-27 00:00:00+05:30,229.8061261442915,233.4424438754663,229.2674210323843,233.02719116210938,3218592
2015-05-28 00:00:00+05:30,233.22923835538452,234.27297362423212,229.44701322404427,231.0631561279297,9561160
2015-05-29 00:00:00+05:30,231.1865838533159,236.58495163201567,230.55810137080144,235.81056213378906,5058680
2015-06-01 00:00:00+05:30,235.45137675992544,237.03385807941285,231.42226106048736,232.58946228027344,3841320
2015-06-02 00:00:00+05:30,233.0833180942481,233.5098049822272,225.56377748121383,226.43917846679688,4726008
2015-06-03 00:00:00+05:30,226.48405890136962,228.27976997293646,224.0149561779652,225.70965576171875,5824832
2015-06-04 00:00:00+05:30,226.45041825180795,228.47059351432165,223.34159846679353,227.8196563720703,5557588
2015-06-05 00:00:00+05:30,226.76463779367458,228.6164648283668,225.02504270047885,227.10133361816406,6753860
2015-06-08 00:00:00+05:30,225.41788015437464,227.21359142271916,223.46504141001202,225.23831176757812,3811996
2015-06-09 00:00:00+05:30,225.5862324550956,225.81069636798622,223.81296206318353,224.87916564941406,6040260
2015-06-10 00:00:00+05:30,224.01498624665632,228.72872844222724,223.7905223325815,227.96554565429688,7986248
2015-06-11 00:00:00+05:30,228.4144370658097,228.62768049022088,223.27422247312685,224.50877380371094,9094176
2015-06-12 00:00:00+05:30,224.68835974047042,226.8993236344644,222.2529319506318,226.5177459716797,6528344
2015-06-15 00:00:00+05:30,224.91281633221098,227.5502670227334,224.46388855510077,225.631103515625,5999828
2015-06-16 00:00:00+05:30,224.4639086976064,226.80955928353436,223.8017374269105,226.3494110107422,6010524
2015-06-17 00:00:00+05:30,226.48408244211092,227.49417002485572,224.35167532298303,225.51889038085938,9686268
2015-06-18 00:00:00+05:30,225.78824357687307,229.80613918609907,224.9689448578538,228.86338806152344,8431716
2015-06-19 00:00:00+05:30,230.03059492178156,232.3088813808822,227.415585242689,231.31002807617188,3742324
2015-06-22 00:00:00+05:30,231.66920092185683,237.23591696753158,230.86113630887314,235.04739379882812,5449652
2015-06-23 00:00:00+05:30,236.1360216146024,238.2010785240845,234.00361457530704,236.15846252441406,5655180
2015-06-24 00:00:00+05:30,236.5849318633382,237.43790557593718,234.04847903406463,234.7443389892578,6267396
2015-06-25 00:00:00+05:30,235.29429143269857,240.36717027065654,234.03729902865987,239.05406188964844,16573568
2015-06-26 00:00:00+05:30,239.50294164364746,240.38956294169137,236.02375176972382,238.5714111328125,5647504
2015-06-29 00:00:00+05:30,234.54232829848394,238.32453943195054,231.31004274511423,237.17977905273438,6487836
2015-06-30 00:00:00+05:30,236.19211904188734,240.62528069651054,235.23814754658866,239.53663635253906,7290136
2015-07-01 00:00:00+05:30,238.2347243200398,241.74758938589872,237.94293772757982,240.70382690429688,4971188
2015-07-02 00:00:00+05:30,240.85087226578986,241.4614690684388,238.7363654342998,239.3130340576172,4483444
2015-07-03 00:00:00+05:30,238.37449419321933,243.37242622485036,238.37449419321933,242.94273376464844,4039288
2015-07-06 00:00:00+05:30,240.6360709635093,245.37392511090542,239.77668580538017,245.03469848632812,3267780
2015-07-07 00:00:00+05:30,243.90388078811924,246.8438441170442,243.90388078811924,245.792236328125,4141472
2015-07-08 00:00:00+05:30,244.03955979232086,244.37878632180875,241.07698695605845,241.7215118408203,5400676
2015-07-09 00:00:00+05:30,240.33071592220267,243.54207747790738,239.7427286984717,242.89755249023438,2797964
2015-07-10 00:00:00+05:30,241.93640196253722,247.63539732417848,241.64239455788558,246.67425537109375,4900088
2015-07-13 00:00:00+05:30,245.3738724797072,250.10043462293203,245.3738724797072,247.8954620361328,7076084
2015-07-14 00:00:00+05:30,247.74846095644943,249.19583311406487,245.60002610561762,246.92300415039062,5674116
2015-07-15 00:00:00+05:30,247.18305819928082,249.09402322425672,246.68553701121755,248.01980590820312,3849404
2015-07-16 00:00:00+05:30,248.49476631163864,253.06300613954454,248.3364440246093,252.09054565429688,7310424
2015-07-17 00:00:00+05:30,253.15350043851151,253.68494990478834,250.0326047882806,251.15206909179688,3510988
2015-07-20 00:00:00+05:30,252.37324524900154,253.0630169722885,250.34920445784036,252.21495056152344,4551268
2015-07-21 00:00:00+05:30,252.50899013877785,255.0984088671035,247.20573094383187,248.3251953125,11028136
2015-07-22 00:00:00+05:30,247.95198667178664,252.62201080921224,246.1993162468354,252.022705078125,7286400
2015-07-23 00:00:00+05:30,251.68350486491335,252.54286227677048,248.78876043070358,250.55274963378906,5083172
2015-07-24 00:00:00+05:30,249.47848316995143,252.15836702015656,248.8791774938855,250.5413818359375,4761008
2015-07-27 00:00:00+05:30,249.64814844646202,249.78383355456037,241.98162236612004,247.82762145996094,3328572
2015-07-28 00:00:00+05:30,247.40925572678805,251.90966727087223,247.05871054680028,250.68844604492188,6345672
2015-07-29 00:00:00+05:30,249.91953480032055,252.81427945620587,249.908243810942,250.65452575683594,3943032
2015-07-30 00:00:00+05:30,250.34922179148714,252.6107323767761,249.01492502490058,251.15206909179688,9462188
2015-07-31 00:00:00+05:30,252.29407284158165,253.5152938730291,249.44457550575476,251.40078735351562,5649500
2015-08-03 00:00:00+05:30,251.64959121170105,252.723808743272,247.2848647251016,247.7258758544922,4345728
2015-08-04 00:00:00+05:30,248.3364627418559,249.21845735903852,244.68411775929377,245.70179748535156,5390928
2015-08-05 00:00:00+05:30,246.99087575929968,248.2459975279848,245.41910939176228,247.00216674804688,4122780
2015-08-06 00:00:00+05:30,246.93430938156988,249.07142552237107,245.47561870851598,247.85020446777344,3743712
2015-08-07 00:00:00+05:30,247.3978768326261,248.20072392978025,246.18797449692102,247.10389709472656,3227140
2015-08-10 00:00:00+05:30,247.6353759763311,250.11171869356372,246.0523187783089,247.5562286376953,3954376
2015-08-11 00:00:00+05:30,247.64671035039814,248.5060677488584,245.20426804671433,247.56753540039062,2727688
2015-08-12 00:00:00+05:30,246.14278631264642,247.61276800608996,241.46144343280693,242.08335876464844,6005740
2015-08-13 00:00:00+05:30,243.56467753693377,244.85372746186783,241.21270112766044,243.68907165527344,3465052
2015-08-14 00:00:00+05:30,244.9441619169735,249.59157637641422,244.2204897023692,249.17320251464844,3601660
2015-08-17 00:00:00+05:30,248.55129281855673,249.1732081316763,243.29328153490937,246.84384155273438,2500212
2015-08-18 00:00:00+05:30,246.86649228717647,247.88417206011343,243.89260031832788,245.67919921875,1857316
2015-08-19 00:00:00+05:30,245.33995214876367,245.82618240984644,243.11236990854178,244.6614990234375,3004576
2015-08-20 00:00:00+05:30,241.5293241368469,245.31735426727028,241.5293241368469,243.04452514648438,3044852
2015-08-21 00:00:00+05:30,240.62469585940926,242.64873653486882,237.68473247014956,240.01409912109375,7758972
2015-08-24 00:00:00+05:30,236.25996347549366,236.25996347549366,228.69522277338172,230.45919799804688,14686328
2015-08-25 00:00:00+05:30,231.7369776700543,233.45574779280335,227.44012137900734,230.32354736328125,12347920
2015-08-26 00:00:00+05:30,230.0860962264339,232.70944302694872,228.18642178249877,229.2041015625,5573000
2015-08-27 00:00:00+05:30,231.8048150923147,233.94193136941507,228.2090080491293,231.1489715576172,13873432
2015-08-28 00:00:00+05:30,233.1730293614801,235.81898535675717,230.5383643538506,232.47193908691406,5553136
2015-08-31 00:00:00+05:30,230.92283306362373,233.5914265126796,229.6676974889848,232.35888671875,3441460
2015-09-01 00:00:00+05:30,230.96804973143378,230.96804973143378,224.56797818919227,226.17364501953125,10469144
2015-09-02 00:00:00+05:30,227.30440629800822,229.30585129724884,222.7587758849714,225.05421447753906,8681688
2015-09-03 00:00:00+05:30,226.6711841399768,229.54330510238324,225.92488847022744,228.4803924560547,6507368
2015-09-04 00:00:00+05:30,226.64858594899974,227.50795718169726,221.62802985890985,225.25775146484375,11404592
2015-09-07 00:00:00+05:30,226.37721197026838,228.36733854563766,221.62803969117184,222.63441467285156,5381740
2015-09-08 00:00:00+05:30,223.14324042936406,228.41255705423987,220.9495725168241,227.06695556640625,7444488
2015-09-09 00:00:00+05:30,229.43022642734016,231.8048123095354,227.28179158154447,229.83729553222656,6553120
2015-09-10 00:00:00+05:30,226.82950920308735,229.98431919540835,225.31429436701995,228.6387176513672,4463740
2015-09-11 00:00:00+05:30,229.43023896063985,230.67406972878524,227.68887312460333,228.525634765625,4301760
2015-09-14 00:00:00+05:30,228.15245428768043,231.194188311068,226.94255183454126,230.606201171875,5060344
2015-09-15 00:00:00+05:30,230.2104305684816,230.59489005810212,227.98283476862406,229.12490844726562,4332728
2015-09-16 00:00:00+05:30,230.4252948217102,232.50587329882202,228.7630764344451,231.43165588378906,4254052
2015-09-18 00:00:00+05:30,234.06628086556137,240.17235775770646,233.19560505220522,237.40200805664062,7841168
2015-09-21 00:00:00+05:30,234.73345169645955,238.58933781938902,234.37161556795147,238.12571716308594,4276688
2015-09-22 00:00:00+05:30,237.46991637038266,239.72010823058162,231.87267799424407,233.08258056640625,6025212
2015-09-23 00:00:00+05:30,230.49314667167184,238.23880612101254,230.36876635817688,237.2776641845703,5161152
2015-09-24 00:00:00+05:30,236.78012223343387,238.36317940213877,234.29246096832617,237.7751922607422,8252836
2015-09-28 00:00:00+05:30,238.5893637726725,239.720119051216,235.89816068847304,236.64447021484375,5777108
2015-09-29 00:00:00+05:30,233.38785375225186,242.8635870566753,231.8274061855501,240.8056182861328,10418840
2015-09-30 00:00:00+05:30,241.52931897377795,242.66007421241923,240.0254089851192,241.7102508544922,9027796
2015-10-01 00:00:00+05:30,243.15757322645786,243.5420465362148,239.5730849692043,241.4501495361328,5034788
2015-10-05 00:00:00+05:30,243.60990504364267,249.85169623748715,243.60990504364267,248.39300537109375,8053372
2015-10-06 00:00:00+05:30,250.3492051069109,250.5527465672879,244.92158006394263,245.58871459960938,4758964
2015-10-07 00:00:00+05:30,246.05232633302688,248.3929840264184,245.00071849792997,245.99578857421875,4386268
2015-10-08 00:00:00+05:30,246.07493853782316,246.66292571442878,243.20283140229122,244.94418334960938,3881908
2015-10-09 00:00:00+05:30,247.6354034692626,247.6354034692626,244.2883568364612,245.63397216796875,3443228
2015-10-12 00:00:00+05:30,245.98451180270675,247.74850121996877,243.74563825830865,244.3675537109375,2217340
2015-10-13 00:00:00+05:30,243.23677455555182,244.72936597462893,242.70529749930546,243.4176788330078,1823652
2015-10-14 00:00:00+05:30,241.71019394037415,245.71305550010175,241.31442970003806,245.31729125976562,2749148
2015-10-15 00:00:00+05:30,245.53215815188418,247.97460027786292,244.46925937106232,245.181640625,3925952
2015-10-16 00:00:00+05:30,246.50460655754077,249.1053432322304,245.37385148158873,248.77743530273438,4843688
2015-10-19 00:00:00+05:30,248.76619811150186,249.2411098775388,247.47714794563956,248.2686767578125,2654220
2015-10-20 00:00:00+05:30,248.31388631440092,249.4220321297846,246.77604792492968,247.61282348632812,3851356
2015-10-21 00:00:00+05:30,248.51740113442688,249.6707659995719,245.37389593255028,247.63540649414062,7273204
2015-10-23 00:00:00+05:30,248.64176794176146,251.86442049578955,247.8615578396341,250.68844604492188,4467048
2015-10-26 00:00:00+05:30,251.92097754026346,251.97751530869627,248.08772788305365,249.10540771484375,4887984
2015-10-27 00:00:00+05:30,247.75972796390877,251.9322026839645,247.75972796390877,251.23114013671875,8984032
2015-10-28 00:00:00+05:30,249.90827983180733,254.19383206112235,249.90827983180733,251.366943359375,7694760
2015-10-29 00:00:00+05:30,251.027632766323,252.0453123586189,248.76612256122098,249.5689697265625,6702368
2015-10-30 00:00:00+05:30,249.21842715573837,251.47993738401183,246.60637179955208,248.6756591796875,8097460
2015-11-02 00:00:00+05:30,247.64670481323708,247.83892767396785,243.4515920224327,244.94418334960938,3156552
2015-11-03 00:00:00+05:30,246.71943914445166,246.95690875309043,244.06216471418716,245.3512420654297,2548592
2015-11-04 00:00:00+05:30,246.51596208014067,248.3364614613482,243.84736865859537,244.62757873535156,2696444
2015-11-05 00:00:00+05:30,243.90391485130618,244.92159460729215,241.86855533933422,244.20921325683594,3596952
2015-11-06 00:00:00+05:30,244.40142375934224,246.2784884789863,243.16891160425163,244.44667053222656,5881004
2015-11-09 00:00:00+05:30,239.2677803002737,241.9024452170948,237.68472315272936,240.8056182861328,11429432
2015-11-10 00:00:00+05:30,239.73142586523724,240.85086249344997,238.01265584125392,238.49888610839844,4402580
2015-11-13 00:00:00+05:30,237.32288970073066,238.58932991169814,235.42321558111638,237.9221954345703,3940028
2015-11-16 00:00:00+05:30,237.17590485867365,240.8508592843742,236.38437621313815,239.9349365234375,4734732
2015-11-17 00:00:00+05:30,240.46639379283843,240.5794693043358,237.7299443295412,239.90101623535156,2567404
2015-11-18 00:00:00+05:30,240.10454078560767,241.0430730941829,236.62183696113448,237.1419677734375,2446720
2015-11-19 00:00:00+05:30,238.58938936465995,242.19648804759245,237.36816801157426,241.73289489746094,3277680
2015-11-20 00:00:00+05:30,240.82828604343356,244.29969953429523,239.72014025119458,242.1738739013672,4648160
2015-11-23 00:00:00+05:30,242.88619215415588,243.22541867951085,239.5052454939815,241.0883026123047,3408280
2015-11-24 00:00:00+05:30,240.9074294255005,242.77317576932626,240.19504802750063,240.70388793945312,4002252
2015-11-26 00:00:00+05:30,239.49396664340645,241.30317507886184,237.70736779212828,240.6134033203125,8791484
2015-11-27 00:00:00+05:30,240.81695857845386,244.74067407623264,239.93496389440512,244.1074676513672,6925072
2015-11-30 00:00:00+05:30,244.06219141285177,244.46927432752878,241.91375653208257,243.73428344726562,5247776
2015-12-01 00:00:00+05:30,243.57602773931148,245.35130816676576,242.77318037601938,244.92161560058594,1895332
2015-12-02 00:00:00+05:30,246.50462172248928,247.1152184585372,242.39997502300082,243.74559020996094,2562284
2015-12-03 00:00:00+05:30,242.54696061502125,244.46924421896315,241.37098639396316,243.5081024169922,3807712
2015-12-04 00:00:00+05:30,242.7957687410006,242.7957687410006,238.81551566780323,239.4713592529297,5859828
2015-12-07 00:00:00+05:30,241.5745617400912,242.230405363838,239.9688946656296,240.16111755371094,5814808
2015-12-08 00:00:00+05:30,239.94624558022286,240.1497870308212,236.7801311239334,237.28897094726562,4902660
2015-12-09 00:00:00+05:30,236.8027648832227,239.0416658557392,236.29392500793847,236.8819122314453,3890616
2015-12-10 00:00:00+05:30,236.3278234227453,240.4437610752328,235.71722669183916,239.85577392578125,6514340
2015-12-11 00:00:00+05:30,239.72011558035345,239.85580069054808,235.64939663653612,236.63314819335938,3033920
2015-12-14 00:00:00+05:30,235.4232291243635,239.68617064343826,235.2196876701374,238.6006622314453,5878016
2015-12-15 00:00:00+05:30,238.13703999094827,240.27415623038732,236.39568806298516,239.595703125,4557416
2015-12-16 00:00:00+05:30,240.39855693579625,242.7392146923156,239.5731001136692,241.3710174560547,6842768
2015-12-17 00:00:00+05:30,242.86364407624097,245.14776440412737,240.85089399482993,244.29969787597656,4878012
2015-12-18 00:00:00+05:30,245.37384630471664,245.37384630471664,241.64235463280158,242.6600341796875,3172128
2015-12-21 00:00:00+05:30,242.3773782618534,244.22051476780217,241.76678149350812,243.2028350830078,3097500
2015-12-22 00:00:00+05:30,242.99929893555188,243.4516010275678,240.62471295246831,241.17877197265625,2429536
2015-12-23 00:00:00+05:30,242.5696326472493,243.77953535290962,241.78942249671718,242.9088592529297,3013968
2015-12-24 00:00:00+05:30,243.38375174188968,243.42899851620308,241.59718051158737,242.88623046875,2146352
2015-12-28 00:00:00+05:30,242.88625534174474,244.2205522098607,241.4728111183873,243.62124633789062,7755428
2015-12-29 00:00:00+05:30,244.00566154544293,244.20920300936518,242.27562811792632,243.77951049804688,4231612
2015-12-30 00:00:00+05:30,244.24316693759312,244.68415050203055,242.55835243041795,242.95411682128906,2112560
2015-12-31 00:00:00+05:30,243.11230875999286,245.351209031698,243.11230875999286,244.7292938232422,9290008
2016-01-01 00:00:00+05:30,244.78591587708925,246.561196198666,243.37247173469837,246.2219696044922,3195076
2016-01-04 00:00:00+05:30,245.1477506335569,245.1477506335569,241.55194323491662,242.09471130371094,5187536
2016-01-05 00:00:00+05:30,242.02687076654345,243.06718780238668,240.02543926294516,240.26290893554688,3160872
2016-01-06 00:00:00+05:30,238.96249265403492,243.50812286018035,238.96249265403492,241.3257598876953,4165536
2016-01-07 00:00:00+05:30,239.74269703692963,240.82823300378746,237.39072084628862,238.86070251464844,6055428
2016-01-08 00:00:00+05:30,240.1610599514097,240.73775608366577,239.09816122071925,240.25152587890625,3488356
2016-01-11 00:00:00+05:30,237.92221539404522,239.9462561826493,236.3956958565967,239.4034881591797,3288912
2016-01-12 00:00:00+05:30,240.60210618418478,240.60210618418478,235.98861927037873,236.76882934570312,4258736
2016-01-13 00:00:00+05:30,237.9108615574267,240.34198490509053,234.5185964211516,239.75399780273438,4515148
2016-01-14 00:00:00+05:30,237.49247397630734,239.13206869734628,235.08396034758556,237.40200805664062,6279184
2016-01-15 00:00:00+05:30,237.00628185069905,238.6910959988053,234.7673811096608,235.6833038330078,5417260
2016-01-18 00:00:00+05:30,234.21331563380056,235.52497502100428,230.9001975811312,231.9970245361328,6495388
2016-01-19 00:00:00+05:30,232.30234756132714,234.64303301433253,232.0988337013522,234.2472686767578,6405212
2016-01-20 00:00:00+05:30,231.80482661442124,250.57536379393048,227.93764917460751,230.28961181640625,9563588
2016-01-21 00:00:00+05:30,230.90022170438795,233.6705720627413,229.18147924822642,231.35252380371094,6300804
2016-01-22 00:00:00+05:30,231.96310114248624,236.15821380443018,231.13765816234346,233.00341796875,4236284
2016-01-25 00:00:00+05:30,235.18577075835807,236.71229032867973,233.62535061598138,235.45716857910156,10143884
2016-01-27 00:00:00+05:30,237.108049915567,237.16458767629905,233.6140273448573,234.2133331298828,4039468
2016-01-28 00:00:00+05:30,234.97092089081397,236.75751955456008,232.93556161457016,233.32000732421875,9951972
2016-01-29 00:00:00+05:30,234.11154905179475,238.57803215830842,234.11154905179475,237.42466735839844,5360184
2016-02-01 00:00:00+05:30,239.26782511652402,241.30318468745853,238.2953645012118,239.66358947753906,4609484
2016-02-02 00:00:00+05:30,240.85090478330727,240.90744255438315,237.50385769308093,238.31802368164062,6528628
2016-02-03 00:00:00+05:30,236.21478325195508,237.77523109436865,235.64940559936542,236.06777954101562,4850244
2016-02-04 00:00:00+05:30,237.00629397445923,238.56674169841938,236.45223495951223,237.2776641845703,5675992
2016-02-05 00:00:00+05:30,238.091830266723,240.5794917517782,236.46352618543514,238.64588928222656,7523904
2016-02-08 00:00:00+05:30,238.58937386065446,239.26782705646676,233.00345359099913,234.25857543945312,3481924
2016-02-09 00:00:00+05:30,232.18927346164776,233.2861281461516,230.8210761642881,232.04229736328125,5535460
2016-02-10 00:00:00+05:30,231.55602243401935,232.9694662329301,228.43512748349474,229.0796661376953,7682280
2016-02-11 00:00:00+05:30,228.41253739600225,229.09099047737652,218.95942722282015,220.56509399414062,8803600
2016-02-12 00:00:00+05:30,221.40184769259594,223.08667554547554,218.46188444437965,219.68310546875,12542144
2016-02-15 00:00:00+05:30,221.62802099268393,223.4937670877754,219.61527119913777,220.18064880371094,10912960
2016-02-16 00:00:00+05:30,221.9672415928141,222.08031711069123,217.55729639560587,220.146728515625,7136096
2016-02-17 00:00:00+05:30,220.92697252296554,221.6054256921795,216.87886309205635,220.47467041015625,7503924
2016-02-18 00:00:00+05:30,222.98491291394583,224.1722058072503,220.949553668281,223.76513671875,6799856
2016-02-19 00:00:00+05:30,223.6068208715929,224.47749677673042,220.15801781895897,223.731201171875,3328660
2016-02-22 00:00:00+05:30,222.3064735537986,225.24643709011536,222.3064735537986,223.60684204101562,4002396
2016-02-23 00:00:00+05:30,222.73617424400868,222.8718593524856,218.46191388584586,219.37782287597656,6078320
2016-02-24 00:00:00+05:30,217.10498214258854,217.76082563074283,214.0293337501671,214.7530059814453,6463468
2016-02-25 00:00:00+05:30,215.74809853138794,216.4830894330934,212.17491475449887,213.18128967285156,8463196
2016-02-26 00:00:00+05:30,214.8434848368602,219.59265660693816,213.71272965350832,217.33114624023438,6209388
2016-02-29 00:00:00+05:30,217.3537579240854,222.2160052595084,209.86816405918813,219.78488159179688,8812752
2016-03-01 00:00:00+05:30,220.48595132486312,223.15453074081168,219.7848748440326,222.56654357910156,4322560
2016-03-02 00:00:00+05:30,225.6987350900332,228.61608899071905,225.02028197854014,227.77932739257812,6358976
2016-03-03 00:00:00+05:30,228.5821698540816,230.67406703058447,228.41255656950028,229.73553466796875,4610400
2016-03-04 00:00:00+05:30,229.645066662298,231.78219666097365,224.59058284915542,230.79843139648438,5704624
2016-03-08 00:00:00+05:30,231.57867176573862,231.57867176573862,228.2994815893683,229.35108947753906,1913688
2016-03-09 00:00:00+05:30,229.0909893698299,232.9129472310262,227.67754545713353,231.75958251953125,6528172
2016-03-10 00:00:00+05:30,231.7595885388015,231.97442097658043,228.43515180600133,230.9567413330078,2671392
2016-03-11 00:00:00+05:30,230.65147352304848,233.11652561870375,229.09102567487548,232.64158630371094,4730856
2016-03-14 00:00:00+05:30,232.48325716437645,234.73344885412743,231.8613418363589,232.38150024414062,3008656
2016-03-15 00:00:00+05:30,232.46066784102277,233.7044986054538,231.04722379053297,232.18927001953125,7690036
2016-03-16 00:00:00+05:30,232.25711296974478,233.89670797366946,230.43659989843357,233.03732299804688,4803548
2016-03-17 00:00:00+05:30,234.05500850112426,234.97093125837782,228.6726302969237,230.31222534179688,5113484
2016-03-18 00:00:00+05:30,231.34120456443407,233.387868675422,229.62244841244546,232.57373046875,4135068
2016-03-21 00:00:00+05:30,233.61400364599842,236.85926526153878,233.4443903810086,236.4635009765625,5318796
2016-03-22 00:00:00+05:30,236.6670344717605,238.95115417568886,235.35534755733744,238.32923889160156,4120264
2016-03-23 00:00:00+05:30,238.14839049613303,238.14839049613303,235.3215021782279,237.31161499023438,8464300
2016-03-28 00:00:00+05:30,236.32787182791992,238.13708041607623,235.5702712528959,236.89324951171875,11270868
2016-03-29 00:00:00+05:30,236.8932608079947,239.6070738196376,236.15826978400807,238.31802368164062,6733952
2016-03-30 00:00:00+05:30,239.2678302099823,241.95903344344026,238.34061635141785,240.83956909179688,7814380
2016-03-31 00:00:00+05:30,241.2692234777751,243.9943544616646,240.86216818311124,242.24168395996094,20080392
2016-04-01 00:00:00+05:30,241.71025008682233,243.42899252283254,238.99643752270228,240.72647094726562,5158648
2016-04-04 00:00:00+05:30,240.89605065570024,242.61482045847208,240.6246804796442,241.76675415039062,6179960
2016-04-05 00:00:00+05:30,241.75544218384024,243.54204077643595,238.73633156557852,239.1433868408203,6663028
2016-04-06 00:00:00+05:30,239.94625065318832,241.29183828302897,238.9851087443513,240.059326171875,4295376
2016-04-07 00:00:00+05:30,240.62469155705975,240.79430482648436,236.7914427105939,238.70240783691406,3911692
2016-04-08 00:00:00+05:30,238.5893381342549,240.4776937252369,238.41972486069974,239.57308959960938,2962796
2016-04-11 00:00:00+05:30,239.78797030225417,242.90883824075223,235.8416179004086,242.1964569091797,4049620
2016-04-12 00:00:00+05:30,241.8911355846664,242.2077525471699,239.55047795106415,240.39854431152344,4941480
2016-04-13 00:00:00+05:30,242.43392799753005,245.3625730814609,241.8685503669388,244.63890075683594,4974604
2016-04-18 00:00:00+05:30,245.0346652865959,246.95694923208373,242.34346224164702,246.0071258544922,4117068
2016-04-20 00:00:00+05:30,246.9343499685929,248.7661680484105,245.04599412330975,248.27993774414062,3821352
2016-04-21 00:00:00+05:30,247.63538544358963,249.93082398974326,246.27847922198092,246.76470947265625,8191728
2016-04-22 00:00:00+05:30,246.39155421748086,248.95836295997705,245.41909371819423,246.99085998535156,7809320
2016-04-25 00:00:00+05:30,248.7661281876179,248.7661281876179,245.26078729042874,247.23960876464844,5561960
2016-04-26 00:00:00+05:30,247.63537410000745,252.15839463151443,247.06999653356908,251.8983154296875,7053796
2016-04-27 00:00:00+05:30,250.99372131501758,254.41991502529035,250.80149845604177,254.23898315429688,5763636
2016-04-28 00:00:00+05:30,254.23899241295877,257.06588046063143,251.10680597740316,251.9209442138672,8089584
2016-04-29 00:00:00+05:30,251.8870676219915,256.90761023008207,250.1682974403168,256.0821533203125,5611940
2016-05-02 00:00:00+05:30,255.04179479029605,255.5506345493545,252.38452049299082,252.75767517089844,3862716
2016-05-03 00:00:00+05:30,253.71881694676213,256.68138957833986,251.73999566146654,252.83682250976562,4695296
2016-05-04 00:00:00+05:30,252.72380313485795,256.5683710572674,251.98881220851496,254.95138549804688,5292328
2016-05-05 00:00:00+05:30,255.098370793167,256.62489029924313,253.89975924956866,256.0708312988281,5214248
2016-05-06 00:00:00+05:30,256.0029664180996,256.0595041757008,252.66723871963057,253.2100067138672,2733152
2016-05-09 00:00:00+05:30,253.2891467473567,258.9316037506714,253.06299572347515,258.1287841796875,6953180
2016-05-10 00:00:00+05:30,258.6037321219347,259.5083363444863,256.9302087889482,258.92034912109375,5453000
2016-05-11 00:00:00+05:30,256.6135607011088,258.94292733450885,255.48280555991008,257.5408020019531,6147372
2016-05-12 00:00:00+05:30,258.7167829526909,260.52599122508735,256.116046061121,259.8701477050781,4221688
2016-05-13 00:00:00+05:30,259.62138335009763,259.62138335009763,255.5506647958278,258.0157165527344,5045316
2016-05-16 00:00:00+05:30,258.9429452012659,263.66950753886914,256.1273757479408,262.96844482421875,4518768
2016-05-17 00:00:00+05:30,263.47725574152787,264.4270789788447,260.3676792301239,260.8538818359375,4295424
2016-05-18 00:00:00+05:30,260.2998250252429,260.2998250252429,255.88988011821232,257.95916748046875,4162644
2016-05-19 00:00:00+05:30,257.83480442116945,258.4227916249719,256.0029864527995,257.6539001464844,3855796
2016-05-20 00:00:00+05:30,257.80085650968505,259.734458865494,256.36480298541636,258.0157165527344,2016632
2016-05-23 00:00:00+05:30,258.2531839056096,260.062392329433,256.27436219205276,257.07720947265625,3463532
2016-05-24 00:00:00+05:30,257.45032477056395,258.63761761671543,256.80579988963257,257.80084228515625,3259468
2016-05-25 00:00:00+05:30,259.23693969824683,265.94229572942163,259.23693969824683,265.343017578125,5767348
2016-05-26 00:00:00+05:30,265.9761849982798,268.87092883449174,263.74860317440584,267.5931701660156,13705560
2016-05-27 00:00:00+05:30,267.593240345152,269.11975999216645,266.11193986736885,268.3960876464844,5775184
2016-05-30 00:00:00+05:30,268.44129186243447,270.25050023218967,266.42854202981596,266.80169677734375,3814532
2016-05-31 00:00:00+05:30,268.1925375558141,268.1925375558141,266.27025361762907,267.2879333496094,5515640
2016-06-01 00:00:00+05:30,267.5253752113427,267.5253752113427,264.82288118964203,265.76141357421875,5675632
2016-06-02 00:00:00+05:30,265.6596487563908,266.9939455799587,264.82290084663265,265.7161865234375,7910616
2016-06-03 00:00:00+05:30,266.88078695076575,267.98893236111854,264.38183498916686,264.992431640625,4524420
2016-06-06 00:00:00+05:30,265.95363516975965,267.40100741303786,264.6080474629206,264.8454895019531,5547308
2016-06-07 00:00:00+05:30,266.16843197719425,266.8582036308041,264.06524405474687,265.4334411621094,5628504
2016-06-08 00:00:00+05:30,265.9084283398938,266.40594963113784,262.56138159741175,262.9232177734375,4742812
2016-06-09 00:00:00+05:30,262.90064783389425,263.28509365270884,260.6391368847855,262.1995849609375,4648184
2016-06-10 00:00:00+05:30,261.9733379688654,265.2072808784828,261.4757891783918,262.6404724121094,6322312
2016-06-13 00:00:00+05:30,261.1478965808031,263.4546259973539,260.31114882935316,260.7295227050781,3323236
2016-06-14 00:00:00+05:30,261.2044773157566,261.6567794409787,258.77335339268785,260.4920959472656,3828768
2016-06-15 00:00:00+05:30,261.20448600421213,264.8002935406014,260.79740303543906,264.4949951171875,3045824
2016-06-16 00:00:00+05:30,263.8165117665607,264.3366426046454,261.28360350664326,262.8214416503906,4727768
2016-06-17 00:00:00+05:30,263.91822666266023,266.4058877537393,263.59031874318407,264.5966796875,3761652
2016-06-20 00:00:00+05:30,262.1090813622215,266.6886403765312,262.06386219226687,265.06036376953125,2742764
2016-06-21 00:00:00+05:30,265.7274976910071,265.8292546263139,262.6066019947421,263.8391418457031,2670968
2016-06-22 00:00:00+05:30,263.6921432566755,265.7275028529963,263.6921432566755,264.93597412109375,3803840
2016-06-23 00:00:00+05:30,264.55151465833035,269.5381288474204,264.03135619032713,269.1423645019531,3926732
2016-06-24 00:00:00+05:30,262.3012719147432,265.0264029237388,259.39523664189505,262.764892578125,11173964
2016-06-27 00:00:00+05:30,262.7874731512653,264.3705302184416,260.7634326579054,262.3238525390625,4163788
2016-06-28 00:00:00+05:30,262.61793235403707,265.2978170359098,260.07373279409484,263.906982421875,4034980
2016-06-29 00:00:00+05:30,265.6284243787872,266.65445691930614,264.41997492012155,266.380859375,5420668
2016-06-30 00:00:00+05:30,266.99647690505753,269.04854205633467,264.978618406218,268.2391052246094,16278892
2016-07-01 00:00:00+05:30,269.0485037474391,270.1885397802672,267.1788557867653,267.7944641113281,4304876
2016-07-04 00:00:00+05:30,268.638138304704,268.93455887113277,267.08770566123786,267.40692138671875,7249852
2016-07-05 00:00:00+05:30,267.40686636160393,267.74887717576036,264.9443773665131,265.76519775390625,2136328
2016-07-07 00:00:00+05:30,266.2896333867525,271.0435782783005,264.6935828732315,270.3367614746094,4832616
2016-07-08 00:00:00+05:30,270.2113415022287,270.32534510828253,267.0534471811197,267.874267578125,3118868
2016-07-11 00:00:00+05:30,270.41659710600516,274.0419179288999,269.2879723574897,273.55169677734375,5102532
2016-07-12 00:00:00+05:30,275.86596356998933,275.86596356998933,272.5940652624101,274.0989074707031,7046032
2016-07-13 00:00:00+05:30,273.56306801431236,274.05326126081366,272.0810211150563,273.09564208984375,6687072
2016-07-14 00:00:00+05:30,273.8366868305315,274.098900715062,271.8302120469839,273.6884765625,3459668
2016-07-15 00:00:00+05:30,274.4750992967234,279.53684838720943,272.4914198066263,279.0124206542969,5774216
2016-07-18 00:00:00+05:30,279.3088860368742,282.3869839646275,278.7730745567746,279.86749267578125,4438484
2016-07-19 00:00:00+05:30,280.2208543158647,280.61986692371886,276.76653960128795,277.7925720214844,2586004
2016-07-20 00:00:00+05:30,278.8528450844259,282.3869571848417,278.56783604406974,280.95050048828125,4690332
2016-07-21 00:00:00+05:30,280.60847879215885,282.7061619478366,278.7388306928648,280.1296691894531,9112904
2016-07-22 00:00:00+05:30,281.2126883097887,281.50910881745307,278.5108084242001,280.63128662109375,5620272
2016-07-25 00:00:00+05:30,281.13290897104986,284.88361669641967,279.7648656183927,284.3135986328125,9872884
2016-07-26 00:00:00+05:30,283.2761732013964,284.01719665987446,281.6231208709453,282.4553527832031,5665992
2016-07-27 00:00:00+05:30,282.95694863780005,284.4504070018894,280.44886931868984,282.03350830078125,10734736
2016-07-28 00:00:00+05:30,282.27288423672246,285.29397932245473,281.71427778799523,284.6555480957031,10646528
2016-07-29 00:00:00+05:30,284.5530633654851,285.00907789010927,281.58896895542796,284.14263916015625,3395676
2016-08-01 00:00:00+05:30,284.7809940471196,287.0496545638905,279.91304587238375,283.25335693359375,5560864
2016-08-02 00:00:00+05:30,284.32496923942136,286.4796260768371,282.82012733448744,283.4813537597656,5329396
2016-08-03 00:00:00+05:30,282.97978376088224,284.99764229513556,280.6769161728385,282.8315734863281,4733876
2016-08-04 00:00:00+05:30,284.23380512626517,284.25660028250394,281.26971115946986,282.95697021484375,4662880
2016-08-05 00:00:00+05:30,284.41617444271213,286.29723376067597,283.1279282523127,284.8379821777344,5784912
2016-08-08 00:00:00+05:30,285.67022052209063,286.1490300655786,283.7663660081565,284.91778564453125,4728776
2016-08-09 00:00:00+05:30,285.67029403356145,285.67029403356145,282.204567073856,284.3706359863281,4210856
2016-08-10 00:00:00+05:30,283.86895960158256,285.2255912873981,278.11177789078744,279.7420349121094,3619720
2016-08-11 00:00:00+05:30,279.7192359079163,281.58888376004194,278.62479024677833,280.0498352050781,2856072
2016-08-12 00:00:00+05:30,280.6883050646203,281.58892246890616,278.03201533061844,280.1524658203125,4641496
2016-08-16 00:00:00+05:30,281.13288187974547,282.3755100054982,276.75515470626647,279.833251953125,3468568
2016-08-17 00:00:00+05:30,281.22409026908355,282.1589142365376,279.5368313971678,281.56610107421875,5511036
2016-08-18 00:00:00+05:30,282.27293586654815,286.1262634170924,281.48632209766174,285.57904052734375,6111656
2016-08-19 00:00:00+05:30,285.0090353665237,285.0090353665237,283.05956243145124,284.3478088378906,4110636
2016-08-22 00:00:00+05:30,283.8803852545423,286.02363074191084,282.9569449296253,285.0774230957031,5501292
2016-08-23 00:00:00+05:30,285.2369769958246,285.9209985233925,284.1083526085004,285.3395690917969,5314524
2016-08-24 00:00:00+05:30,285.4764837924841,288.2467495680114,284.336447561266,287.6995544433594,5570936
2016-08-25 00:00:00+05:30,288.20109365218883,288.83952492951886,285.9894350002053,286.9584655761719,8729888
2016-08-26 00:00:00+05:30,287.28909515221306,287.7223144337076,285.89825668670943,286.62786865234375,2521136
2016-08-29 00:00:00+05:30,286.2630772175343,286.2630772175343,281.8625265460985,282.2957458496094,2944184
2016-08-30 00:00:00+05:30,283.8917716102869,289.68316031098897,283.6295577521993,289.2613525390625,9867608
2016-08-31 00:00:00+05:30,289.3411442295966,295.2693315818184,288.54311900910517,294.40289306640625,11161364
2016-09-01 00:00:00+05:30,293.6732826997158,294.1292971138458,290.800397457279,292.6928405761719,5224676
2016-09-02 00:00:00+05:30,293.103232365133,293.901257501872,292.111406690339,293.01202392578125,3955188
2016-09-06 00:00:00+05:30,294.14065024056015,297.2985438652022,294.14065024056015,296.5005187988281,5508884
2016-09-07 00:00:00+05:30,296.63734700773813,297.5493757456559,292.5560128389747,293.38824462890625,4016444
2016-09-08 00:00:00+05:30,294.1293219625733,295.326359900793,292.6700701474941,293.9925231933594,2905380
2016-09-09 00:00:00+05:30,294.12931156564156,295.1553440478473,291.46163824507164,294.22052001953125,4013768
2016-09-12 00:00:00+05:30,290.64079228909554,292.8524790235147,289.911180318039,291.8264465332031,3985728
2016-09-14 00:00:00+05:30,290.70917666458257,291.1651910593505,288.5203131362782,289.4437255859375,3849508
2016-09-15 00:00:00+05:30,290.02520719566155,292.7384988987448,289.5349860666017,291.758056640625,3501812
2016-09-16 00:00:00+05:30,292.71567425897564,297.43541248451487,292.71567425897564,295.9191589355469,6525816
2016-09-19 00:00:00+05:30,295.7253263558235,296.9793659047495,293.67326163939913,294.1634826660156,5894832
2016-09-20 00:00:00+05:30,294.7335565060823,295.26936793923477,292.77269986086793,293.7759094238281,3778248
2016-09-21 00:00:00+05:30,294.58528626951613,295.9533293946068,293.6504623672859,294.81329345703125,4256400
2016-09-22 00:00:00+05:30,297.54944669523286,300.2741220662876,296.53482561553,297.982666015625,6555800
2016-09-23 00:00:00+05:30,297.78882802936283,300.61609516965126,296.7513840897378,299.3050537109375,4876808
2016-09-26 00:00:00+05:30,297.8002158156455,298.43864714624556,294.9729208032783,295.53155517578125,5576772
2016-09-27 00:00:00+05:30,296.1813784404304,297.81163562814385,295.2351429119327,295.96478271484375,4056812
2016-09-28 00:00:00+05:30,296.3866247589484,296.4094199169743,293.9013402099845,295.3263854980469,4989652
2016-09-29 00:00:00+05:30,295.9419415463148,297.7774106856195,289.1017253743634,291.2792053222656,16450012
2016-09-30 00:00:00+05:30,291.188055477589,292.0772893254911,288.9763962700395,290.2190246582031,4138428
2016-10-03 00:00:00+05:30,292.07724164801755,294.1065114227712,291.0284140283541,293.4908752441406,3900548
2016-10-04 00:00:00+05:30,293.8100793359651,295.269331017227,292.37365064157376,294.0267028808594,2775512
2016-10-05 00:00:00+05:30,295.9533732875298,296.4207992244233,291.0284228733646,293.2400817871094,3647020
2016-10-06 00:00:00+05:30,293.4680965463636,295.40615797745676,291.6326550672528,292.2938537597656,2895712
2016-10-07 00:00:00+05:30,292.7612836161639,293.61631072952883,290.99422758187626,291.9860534667969,3337464
2016-10-10 00:00:00+05:30,292.9892747111956,293.65050120903294,291.5642296007326,292.841064453125,4719312
2016-10-13 00:00:00+05:30,291.6212552859273,291.6212552859273,286.4796809731699,287.9161376953125,4519356
2016-10-14 00:00:00+05:30,288.6001719328553,289.11318823690345,285.92108678949285,287.6995544433594,4067116
2016-10-17 00:00:00+05:30,288.5431407419374,288.7483528092452,281.07590418777033,282.20452880859375,5135360
2016-10-18 00:00:00+05:30,283.4586078307287,287.28914084178587,282.5009884944228,286.7989196777344,2610968
2016-10-19 00:00:00+05:30,287.5399227375394,287.97314205701895,284.5530334815199,286.91290283203125,3044904
2016-10-20 00:00:00+05:30,287.34609580638164,288.9877366389425,285.2370290448589,286.2630615234375,3200356
2016-10-21 00:00:00+05:30,286.377094970457,290.2418065759448,285.0090515231459,289.7287902832031,3956408
2016-10-24 00:00:00+05:30,289.96815866232083,291.13098982400913,287.5284927381334,288.0985107421875,3255664
2016-10-25 00:00:00+05:30,289.1131395413093,289.1131395413093,283.6523780467022,285.0774230957031,5501796
2016-10-26 00:00:00+05:30,283.4927177864741,288.4290787321472,281.60027491825264,282.5693054199219,5366540
2016-10-27 00:00:00+05:30,282.50093458713843,286.60506438743585,279.1150330684754,285.4878234863281,11623860
2016-10-28 00:00:00+05:30,286.03506575149567,287.72232479481096,282.75175612208193,287.072509765625,5320536
2016-11-01 00:00:00+05:30,286.37706120821116,288.1669122741801,284.3364077730531,287.2434997558594,3402416
2016-11-02 00:00:00+05:30,285.2597890048037,286.3086165091422,283.0709255538127,284.13116455078125,6474432
2016-11-03 00:00:00+05:30,283.86894341742413,287.28905116944134,280.84784823647567,286.1376037597656,6315812
2016-11-04 00:00:00+05:30,285.64739730507017,285.64739730507017,283.1279069116907,283.572509765625,5734920
2016-11-07 00:00:00+05:30,285.46506607302,286.11488114406325,282.72897917775146,284.8836364746094,5671392
2016-11-08 00:00:00+05:30,285.2598011812209,286.8330564213381,282.7517219915272,285.98944091796875,5348164
2016-11-09 00:00:00+05:30,273.60860818868633,286.69622551362653,272.54836926537376,285.2939758300781,13645468
2016-11-10 00:00:00+05:30,288.1440980407264,292.53323662611433,285.9438230014694,291.51861572265625,10700736
2016-11-11 00:00:00+05:30,290.4812079372682,292.30526575791043,288.56594165901123,290.8916320800781,7139320
2016-11-15 00:00:00+05:30,291.27923601009525,293.9013191522605,285.15724745779653,286.0920715332031,12512524
2016-11-16 00:00:00+05:30,289.11320239971394,289.11320239971394,282.7404106881868,283.7208251953125,8647744
2016-11-17 00:00:00+05:30,282.34135710229464,284.75822811430584,279.34305653490924,280.4944763183594,4815624
2016-11-18 00:00:00+05:30,281.8169809938522,281.8169809938522,275.70637512716127,276.2080078125,6879900
2016-11-21 00:00:00+05:30,278.0548173833346,278.0548173833346,270.95238659207706,273.312255859375,5552520
2016-11-22 00:00:00+05:30,275.15912568555973,275.15912568555973,271.180382975753,273.1640625,10017784
2016-11-23 00:00:00+05:30,274.29269315804527,274.29269315804527,269.29932933696455,270.1315612792969,3532692
2016-11-24 00:00:00+05:30,269.96050347222223,270.48493112395477,264.69354313491164,265.74237060546875,15285996
2016-11-25 00:00:00+05:30,266.54038851059033,272.05815103179555,264.0323095767867,271.1689453125,5969960
2016-11-28 00:00:00+05:30,269.1055216773365,273.35786190122246,268.61530058725793,270.0631408691406,4130180
2016-11-29 00:00:00+05:30,270.1202125001624,272.00127255331927,268.2505639441319,268.7635803222656,3932644
2016-11-30 00:00:00+05:30,270.1885260569141,274.06464837165464,269.29929242989175,273.5174255371094,6442840
2016-12-01 00:00:00+05:30,274.1330759457965,275.409910737653,272.0125977887966,272.98162841796875,4476984
2016-12-02 00:00:00+05:30,271.10061792771603,274.05330065675645,268.29611764357327,271.1234130859375,4062672
2016-12-05 00:00:00+05:30,270.7813650758716,273.3692414196898,268.2504905362472,272.77642822265625,4551936
2016-12-06 00:00:00+05:30,272.4685852505495,274.25843608080197,271.3741396326978,272.3431701660156,2702964
2016-12-07 00:00:00+05:30,274.03047636012,274.95391674968425,266.08443017719515,269.413330078125,5628192
2016-12-08 00:00:00+05:30,270.64456918389664,274.87411423312,270.64456918389664,273.4946594238281,4309696
2016-12-09 00:00:00+05:30,273.4034584165135,274.13309823755736,270.872583781101,273.2210693359375,4387952
2016-12-12 00:00:00+05:30,271.7846065150478,271.81881316466496,269.29932224795016,270.0631408691406,3425272
2016-12-13 00:00:00+05:30,269.1055284216733,271.40839583713586,268.717927270732,270.47357177734375,2526868
2016-12-14 00:00:00+05:30,270.644546695193,270.8725538954417,267.54365433839286,268.06805419921875,4314144
2016-12-15 00:00:00+05:30,265.4460200616819,272.35465062896924,265.30922128303484,268.2733154296875,4941488
2016-12-16 00:00:00+05:30,268.273248837314,270.18851476170016,267.12182925052184,269.5729064941406,3255828
2016-12-19 00:00:00+05:30,268.3188760924332,268.93448438091286,266.88241964210135,268.3074645996094,3160436
2016-12-20 00:00:00+05:30,268.1365022657733,270.1885673341338,267.15606004439104,269.48175048828125,4189992
2016-12-21 00:00:00+05:30,269.9605212195445,270.18852841652046,267.9084564467608,269.0484924316406,2658876
2016-12-22 00:00:00+05:30,268.22768516400305,268.93450194250073,266.40362749928073,267.4752502441406,2805716
2016-12-23 00:00:00+05:30,266.9964615816814,271.157593455179,266.60886043074004,270.47357177734375,4752516
2016-12-26 00:00:00+05:30,268.7178839203145,270.439321498744,266.79120647214825,267.908447265625,4183864
2016-12-27 00:00:00+05:30,268.88888023746654,270.6217292500359,267.6576358909619,270.2341003417969,4899296
2016-12-28 00:00:00+05:30,271.3057526070644,272.457172181422,269.2764831118667,270.5875244140625,6507840
2016-12-29 00:00:00+05:30,270.1885764587413,275.4213314266118,269.3791396323868,274.7943115234375,8100816
2016-12-30 00:00:00+05:30,273.6086746636792,276.344761410316,273.5972631690694,275.0223083496094,4066540
2017-01-02 00:00:00+05:30,275.7633016143784,275.91151186349055,271.7959985329809,272.9474182128906,3708656
2017-01-03 00:00:00+05:30,273.7911010982354,274.05328715423866,270.3595810510337,271.3058166503906,3847500
2017-01-04 00:00:00+05:30,271.2943464508889,271.7845674705425,269.9149196664086,270.3025207519531,6967120
2017-01-05 00:00:00+05:30,271.10058956402725,272.354629297082,269.7553413747131,270.462158203125,6776384
2017-01-06 00:00:00+05:30,271.3513604340883,273.24383130828704,270.9181411918477,272.1607971191406,5525260
2017-01-09 00:00:00+05:30,273.3464225093153,274.554871786369,271.81878542284494,272.5141906738281,4573796
2017-01-10 00:00:00+05:30,272.74221770683306,277.4391885721459,272.5370334809739,276.88055419921875,5546116
2017-01-11 00:00:00+05:30,277.59875175438975,282.29569426677347,277.1427373777912,281.3608703613281,9343404
2017-01-12 00:00:00+05:30,281.58892822265625,283.57257998466247,279.4228595440204,281.58892822265625,2916316
2017-01-13 00:00:00+05:30,282.5009372672493,282.6605311833881,280.12965668244306,281.0188903808594,3850412
2017-01-16 00:00:00+05:30,281.24686775646285,284.8835712894652,281.08727385725547,284.4731750488281,3765864
2017-01-17 00:00:00+05:30,284.3250551312307,285.5562999100907,281.87397706975463,282.3869934082031,3559612
2017-01-18 00:00:00+05:30,282.9341457115753,286.3770489339281,282.9227342181827,283.3217468261719,4612888
2017-01-19 00:00:00+05:30,283.84620204171983,283.84620204171983,281.5889249311546,281.8853454589844,3512412
2017-01-20 00:00:00+05:30,281.8169010441067,283.8689658575347,280.44885783515474,281.8966979980469,13942068
2017-01-23 00:00:00+05:30,281.8168862964565,285.0089869502999,281.77129599170803,283.7891540527344,4793848
2017-01-24 00:00:00+05:30,285.00911157508307,289.9112682941745,284.838106108138,289.0106506347656,10261864
2017-01-25 00:00:00+05:30,290.1619833112663,295.40614938402325,289.59196525987966,294.26611328125,15636984
2017-01-27 00:00:00+05:30,296.18140688418345,296.40941412581867,293.67332722619574,294.56256103515625,6852236
2017-01-30 00:00:00+05:30,294.80193256909115,294.80193256909115,291.9746652249126,292.9778747558594,5319628
2017-01-31 00:00:00+05:30,292.3964478856686,294.74490541852225,291.1652034010241,293.365478515625,6101040
2017-02-01 00:00:00+05:30,293.2628741194281,298.6894570680275,291.9632441035185,297.7090148925781,10910664
2017-02-02 00:00:00+05:30,297.7089959892491,297.7089959892491,294.7221071748068,296.1129455566406,5971636
2017-02-03 00:00:00+05:30,296.1813957513704,300.05751871347456,295.6113776687081,298.92889404296875,8005104
2017-02-06 00:00:00+05:30,299.2139017777268,300.9695463314949,299.02007336413664,299.6242980957031,4310220
2017-02-07 00:00:00+05:30,300.05746993441363,300.51348432641123,297.0819648934655,298.03961181640625,3411920
2017-02-08 00:00:00+05:30,298.1308205577697,300.67307852935585,295.9875473466684,297.6976013183594,4940960
2017-02-09 00:00:00+05:30,298.5526504280069,300.9467261657838,294.7107344534903,295.8735656738281,4465376
2017-02-10 00:00:00+05:30,296.0331562364682,298.404436792654,295.9533592793619,297.2301940917969,3296736
2017-02-13 00:00:00+05:30,298.1308495243449,299.82949216810186,296.2269669845521,298.73504638671875,2795792
2017-02-14 00:00:00+05:30,299.60147305566176,299.60147305566176,297.3214009623919,298.94024658203125,2446060
2017-02-15 00:00:00+05:30,299.14543761497754,301.8815239346267,298.10799375228015,301.4710998535156,6126940
2017-02-16 00:00:00+05:30,301.6535415649912,303.93361368566383,301.0265217318062,302.7707824707031,5043700
2017-02-17 00:00:00+05:30,329.470435547356,331.52250054384467,310.19241380828845,313.97735595703125,402259960
2017-02-20 00:00:00+05:30,310.3633626093052,322.7327521373164,309.89596458955816,321.284912109375,10566716
2017-02-21 00:00:00+05:30,320.58948612735446,324.18059898334,318.61721857954944,322.75555419921875,6260028
2017-02-22 00:00:00+05:30,322.63020513203946,323.49664367121244,318.0358542414921,319.01629638671875,5296776
2017-02-23 00:00:00+05:30,320.076468451979,324.0779774866316,316.2573484490654,317.910400390625,34494980
2017-02-27 00:00:00+05:30,317.13530705161764,318.83395002447077,314.33080658904805,317.75091552734375,4681376
2017-02-28 00:00:00+05:30,317.5912817300115,318.35510039714785,315.67601539828195,316.9528503417969,2928008
2017-03-01 00:00:00+05:30,318.4007230660457,318.41213456206833,316.10926683178326,317.3063049316406,3481736
2017-03-02 00:00:00+05:30,317.96745021454,318.29804951963064,313.7949073434038,314.6727294921875,4601988
2017-03-03 00:00:00+05:30,315.6759658514285,315.6759658514285,312.1418542799607,313.9659118652344,2492824
2017-03-06 00:00:00+05:30,313.92036645833986,316.90725561485397,313.07672300473973,314.82098388671875,3679124
2017-03-07 00:00:00+05:30,315.16298124298265,316.3600191532924,313.7835264226987,316.0635986328125,3112876
2017-03-08 00:00:00+05:30,316.4511958551965,319.027660494352,314.8893521145683,317.4316101074219,3782144
2017-03-09 00:00:00+05:30,315.02616055254435,318.9136667004877,315.02616055254435,317.88763427734375,3509316
2017-03-10 00:00:00+05:30,318.07007887533143,321.03417280033455,317.6482710756637,319.23291015625,5860704
2017-03-14 00:00:00+05:30,324.24906819773986,324.71649414084595,320.72636771452176,321.6497802734375,7155020
2017-03-15 00:00:00+05:30,321.70674886596385,323.77022516656274,321.6155682519634,322.9949951171875,4271860
2017-03-16 00:00:00+05:30,323.3370515673369,324.4200859241426,322.32243051360047,323.1660461425781,4980108
2017-03-17 00:00:00+05:30,323.43962905868716,325.48028239306615,322.1399713013993,325.10406494140625,3390464
2017-03-20 00:00:00+05:30,325.2865050198969,328.2961891818524,325.12688326662027,327.441162109375,8142344
2017-03-21 00:00:00+05:30,326.9623276321722,329.4704068538974,326.9623276321722,328.5469665527344,5557280
2017-03-22 00:00:00+05:30,325.5259448055851,327.64642339706256,325.09275329011297,326.2555847167969,5636544
2017-03-23 00:00:00+05:30,327.0536101043332,327.19040888989895,324.43152668814236,326.2555847167969,4922472
2017-03-24 00:00:00+05:30,326.73429161551303,327.0648908960571,324.2262126149752,324.76202392578125,3810364
2017-03-27 00:00:00+05:30,324.682270759811,324.682270759811,320.1335380013617,321.4559631347656,5864084
2017-03-28 00:00:00+05:30,323.382665462897,324.84188946865953,322.19701116707273,323.81585693359375,8061400
2017-03-29 00:00:00+05:30,323.9527003500576,327.1448017359223,323.7702834234135,325.73114013671875,8575772
2017-03-30 00:00:00+05:30,325.59430419003735,337.43926791868796,324.9216940365351,334.3041687011719,34321092
2017-03-31 00:00:00+05:30,331.4769160070924,331.52250631908794,327.5437913619726,328.9118347167969,9651392
2017-04-03 00:00:00+05:30,329.69841051365097,330.6332344651229,325.13826652314407,326.7799072265625,4149052
2017-04-05 00:00:00+05:30,327.2473776582476,329.8124590020242,325.49173311611725,326.5861511230469,5744080
2017-04-06 00:00:00+05:30,326.3923526958827,329.01443586458873,324.9217171822524,327.9884033203125,6124416
2017-04-07 00:00:00+05:30,326.2897063372431,329.4703955626251,325.731072011803,328.0681457519531,4648360
2017-04-10 00:00:00+05:30,329.01447120271877,329.01447120271877,326.65460166400203,326.9966125488281,3393876
2017-04-11 00:00:00+05:30,326.96229960795034,328.6039401882999,326.39228165186955,328.2163391113281,4356260
2017-04-12 00:00:00+05:30,328.1023884333788,330.59905635048864,327.30436316616766,329.17401123046875,3565092
2017-04-13 00:00:00+05:30,329.0144426345829,330.3596908980085,327.6578107090684,328.3988342285156,4804236
2017-04-17 00:00:00+05:30,328.39879427451405,329.1968195060594,325.65129627274354,327.60076904296875,7137056
2017-04-18 00:00:00+05:30,328.3303484178261,331.75045621384515,327.87433404502355,329.99481201171875,3638860
2017-04-19 00:00:00+05:30,329.9264928213558,332.14956352281274,327.87442755847246,330.38250732421875,4338144
2017-04-20 00:00:00+05:30,331.29449615806,334.27000156160557,331.28308466370555,333.3807678222656,5781372
2017-04-21 00:00:00+05:30,334.25858042322005,341.7828185910006,331.3628998978755,341.235595703125,17258032
2017-04-24 00:00:00+05:30,341.5775794446922,350.9030794555444,341.32677709223515,349.54644775390625,20206952
2017-04-25 00:00:00+05:30,350.00248167006754,352.3851459006439,348.7598256657858,350.45849609375,9057780
2017-04-26 00:00:00+05:30,351.80374534910135,354.0952291499793,334.81720666804955,353.5594177246094,7795852
2017-04-27 00:00:00+05:30,352.5219675277535,358.87196322284683,352.5219675277535,357.6521301269531,16180420
2017-04-28 00:00:00+05:30,355.66846143751326,355.66846143751326,350.4698857849194,352.6131591796875,5437728
2017-05-02 00:00:00+05:30,352.72716557737573,353.6163992924726,348.9308398382895,351.2679138183594,4007040
2017-05-03 00:00:00+05:30,354.3802023299754,354.3802023299754,350.9828893709424,352.1115417480469,2507964
2017-05-04 00:00:00+05:30,350.9600860045691,351.79231785922445,347.16376052116,349.9454650878906,5131028
2017-05-05 00:00:00+05:30,351.6099689553612,351.79238588556893,348.00747116354285,349.3526916503906,2757896
2017-05-08 00:00:00+05:30,350.67507700180437,351.131091406228,348.52042007406664,349.9454650878906,3747252
2017-05-09 00:00:00+05:30,349.94548313731326,352.4079443484632,349.4552620606912,350.1620788574219,3345836
2017-05-10 00:00:00+05:30,351.1310980679727,354.55120616603733,350.458487941851,353.82159423828125,2342244
2017-05-11 00:00:00+05:30,353.6391595620151,355.69122431769415,351.3590876112607,352.59033203125,3875744
2017-05-12 00:00:00+05:30,352.476373013283,354.9844524763231,350.2646862415816,353.78741455078125,6147604
2017-05-15 00:00:00+05:30,353.41117129582733,355.05281205513387,351.64411543934824,354.1864013671875,2804780
2017-05-16 00:00:00+05:30,354.55124153015663,356.14729213511555,353.0121927325177,355.6114807128906,3590376
2017-05-17 00:00:00+05:30,355.4176297951247,356.9224717286511,353.7531661239621,355.0414123535156,3472472
2017-05-18 00:00:00+05:30,353.1832067787713,356.033297214365,352.97799470082566,355.0300598144531,3107280
2017-05-19 00:00:00+05:30,355.57727518929204,357.94855594790346,352.32817216175283,355.9762878417969,2854136
2017-05-22 00:00:00+05:30,356.8540410584685,360.2513536947028,356.3980266867031,359.3393249511719,2860052
2017-05-23 00:00:00+05:30,360.25142820556323,361.06086501602624,356.83131970994083,357.7661437988281,3080172
2017-05-24 00:00:00+05:30,357.75471334510087,359.2139371793788,356.1472514292375,357.23028564453125,3467388
2017-05-25 00:00:00+05:30,357.3101204474335,371.51498184584887,357.3101204474335,368.7218933105469,20090804
2017-05-26 00:00:00+05:30,366.3277817230745,372.10775880708024,365.06233060131996,370.7397155761719,5443156
2017-05-29 00:00:00+05:30,369.3260793418859,375.75587134706336,368.83585828780605,372.0849609375,5916340
2017-05-30 00:00:00+05:30,371.65177639444,372.4498016811765,368.4938818977938,371.4351806640625,4434184
2017-05-31 00:00:00+05:30,370.51172946003913,374.61585938636574,370.08992167308253,373.0653991699219,5318912
2017-06-01 00:00:00+05:30,373.7038613975005,373.89766198234395,369.4971390085285,371.33258056640625,3359540
2017-06-02 00:00:00+05:30,372.56378677085723,375.3226684869722,370.78531937281326,372.62078857421875,3213544
2017-06-05 00:00:00+05:30,372.4954006861034,373.69243864414415,370.5117489173728,372.917236328125,2899900
2017-06-06 00:00:00+05:30,372.7917655213157,374.7982399796096,371.6517295411282,373.6923828125,5002632
2017-06-07 00:00:00+05:30,374.0230798680303,375.04911244201014,371.7315959863094,374.1142883300781,2554276
2017-06-08 00:00:00+05:30,374.82106149686535,378.35517328402966,374.3080452696963,375.0148620605469,4248768
2017-06-09 00:00:00+05:30,373.95464040498734,380.77206193068827,373.95464040498734,380.0424499511719,5305272
2017-06-12 00:00:00+05:30,379.4040262172285,382.14011294475654,378.4919973080524,380.487060546875,3971412
2017-06-13 00:00:00+05:30,378.8909859185589,385.76540895193506,378.71998050893717,382.2996826171875,5051620
2017-06-14 00:00:00+05:30,381.91206227762814,383.04068679119496,380.08800466674995,381.0456237792969,3858360
2017-06-15 00:00:00+05:30,380.31605763528967,382.0489070075728,377.0327479740138,379.48382568359375,3526692
2017-06-16 00:00:00+05:30,379.6319825973842,381.84364127274563,378.05872737319146,380.60101318359375,3755104
2017-06-19 00:00:00+05:30,381.0000749013736,386.70025555519425,380.4072616799589,385.9934387207031,3825532
2017-06-20 00:00:00+05:30,385.3322070482675,386.2442359406894,383.0179281671642,384.54559326171875,3660264
2017-06-21 00:00:00+05:30,383.6449159971137,387.8972559195516,382.9608943849117,387.3158264160156,3410932
2017-06-22 00:00:00+05:30,386.4608473257678,391.26041069974326,385.6058202044834,387.1562805175781,6675460
2017-06-23 00:00:00+05:30,388.0683176694675,388.23932309734766,381.95771258004913,382.7443542480469,5217468
2017-06-27 00:00:00+05:30,385.1041541237132,386.47219729999637,377.63691845316754,380.2362060546875,6000432
2017-06-28 00:00:00+05:30,379.6320166350244,381.9120888070065,377.99037580436215,379.9626159667969,4449036
2017-06-29 00:00:00+05:30,382.6136024404813,386.03348967354407,378.96419295040573,381.7070007324219,9187708
2017-06-30 00:00:00+05:30,379.583884371209,381.0069110245217,377.10503302005367,379.1822204589844,4330432
2017-07-03 00:00:00+05:30,379.3085047823781,382.72839227191724,378.08056621884,380.6856384277344,3504332
2017-07-04 00:00:00+05:30,381.0643305286608,382.5447378921621,379.17077189179196,379.4806213378906,3766080
2017-07-05 00:00:00+05:30,379.4232208582377,380.89216884239954,377.56409626137224,378.4248046875,4014200
2017-07-06 00:00:00+05:30,379.2969869743637,381.6954831629252,379.021543477065,380.5823059082031,4571676
2017-07-07 00:00:00+05:30,381.20202417603656,383.2103438681048,380.5478913656192,382.65948486328125,5517396
2017-07-10 00:00:00+05:30,382.8431078788165,401.20488763319617,381.2479394697957,384.7596130371094,1309252
2017-07-11 00:00:00+05:30,385.03507615088597,388.07624607756753,382.63655173762106,385.689208984375,4410280
2017-07-12 00:00:00+05:30,385.5974355250929,386.7450469403462,380.6741937607992,385.88433837890625,5738892
2017-07-13 00:00:00+05:30,387.4335637482469,388.65004289843665,385.5170585358828,386.4122009277344,4481004
2017-07-14 00:00:00+05:30,386.49253671426203,386.9860151736366,383.76121623438195,385.5859069824219,2443252
2017-07-17 00:00:00+05:30,386.1827010492098,387.353259005827,384.9088412618632,386.13677978515625,2399340
2017-07-18 00:00:00+05:30,385.52851783784115,387.3991298066655,384.9891461459092,386.4122009277344,2322188
2017-07-19 00:00:00+05:30,386.7449781336681,389.3156160393446,386.0219774671179,388.4205017089844,3987244
2017-07-20 00:00:00+05:30,388.78772763593787,393.6306412925854,387.46797475696854,392.6896057128906,3698476
2017-07-21 00:00:00+05:30,393.42411318111465,393.6880693923529,390.1878548124179,390.8879089355469,3873508
2017-07-24 00:00:00+05:30,392.4830762957404,399.3687443009288,389.0402422931462,398.24407958984375,19678176
2017-07-25 00:00:00+05:30,403.7296719409078,403.7296719409078,397.77358025614166,399.2884216308594,11160468
2017-07-26 00:00:00+05:30,399.8277638267301,402.81155310901914,397.64730242813425,401.10162353515625,3895344
2017-07-27 00:00:00+05:30,403.04109656128895,412.8646606914508,402.01973369115416,410.7645263671875,17961712
2017-07-28 00:00:00+05:30,406.7134276382837,410.04150026850664,404.2116295057869,408.205322265625,9255396
2017-07-31 00:00:00+05:30,407.98728746544396,411.07435052663516,405.462542710674,409.55950927734375,7369140
2017-08-01 00:00:00+05:30,408.97421456293193,415.2401831798132,406.7593192522554,412.49737548828125,8516860
2017-08-02 00:00:00+05:30,414.7467021632264,414.7467021632264,409.0201332823915,411.2235412597656,7397916
2017-08-03 00:00:00+05:30,410.3858124247755,411.30390149060275,407.26431520453383,408.53814697265625,4256784
2017-08-04 00:00:00+05:30,407.86105176640393,412.39411635412847,405.3707408749463,410.9022216796875,3545068
2017-08-07 00:00:00+05:30,409.92676146592754,412.3252579056609,409.6972392030687,410.5120544433594,1918660
2017-08-08 00:00:00+05:30,411.32683180040937,412.50887702935285,405.35925310920715,408.067626953125,4035372
2017-08-09 00:00:00+05:30,406.4839423865745,407.87256333478877,403.58048005167075,404.9805603027344,3270056
2017-08-10 00:00:00+05:30,403.9591651581661,405.3362986757508,402.3180754461405,404.06243896484375,7788444
2017-08-11 00:00:00+05:30,400.5163464849572,403.5001358857047,397.3374687654239,401.4459228515625,6359836
2017-08-14 00:00:00+05:30,402.3525459774802,407.39054868032406,401.20493460846285,403.3165283203125,3577084
2017-08-16 00:00:00+05:30,404.4985109106156,410.79891316026556,401.3311208339909,408.83648681640625,4426832
2017-08-17 00:00:00+05:30,407.6889193465401,408.76766277468545,402.52466843293155,405.1986083984375,5454868
2017-08-18 00:00:00+05:30,403.95915369879344,404.1886759452132,400.05727550965736,402.15740966796875,3707464
2017-08-21 00:00:00+05:30,402.5820314693801,403.729642733546,398.9555686674748,400.1031799316406,4009724
2017-08-22 00:00:00+05:30,401.9623597931388,402.58205871057976,398.63428690185975,400.97540283203125,6609556
2017-08-23 00:00:00+05:30,401.66391785486275,408.07905322146127,401.66391785486275,406.8166809082031,3360524
2017-08-24 00:00:00+05:30,407.37910190579316,407.3905612091223,403.76412598221435,404.53302001953125,7878276
2017-08-28 00:00:00+05:30,404.5100503988212,406.518370242193,403.5804740070328,404.4756164550781,1507784
2017-08-29 00:00:00+05:30,403.72962868017186,403.72962868017186,398.90966153845295,400.7802734375,4918596
2017-08-30 00:00:00+05:30,402.11153867820383,406.2544269511474,401.67546876977264,405.921630859375,2694320
2017-08-31 00:00:00+05:30,406.7134394095712,408.5151835234752,403.1328978038929,407.73480224609375,7303436
2017-09-01 00:00:00+05:30,408.77915621761304,408.88243003029027,404.2116575153725,405.70355224609375,2295172
2017-09-04 00:00:00+05:30,405.10677204378635,405.10677204378635,400.76879590671575,401.8705139160156,3642524
2017-09-05 00:00:00+05:30,403.27056299077867,405.08379423329427,401.89342959411124,402.891845703125,3682436
2017-09-06 00:00:00+05:30,400.22942827583717,404.60183839833593,398.9096753223828,403.93621826171875,5751632
2017-09-07 00:00:00+05:30,403.98208915485895,407.8036400557009,403.98208915485895,405.4625244140625,6946420
2017-09-08 00:00:00+05:30,407.0347886941236,410.84485267401004,406.48392965679983,410.30548095703125,8311664
2017-09-11 00:00:00+05:30,411.53342496222274,419.79622657886523,410.8907514071197,418.4994201660156,11477676
2017-09-12 00:00:00+05:30,419.4978213396834,422.29800970867734,417.34033452053643,421.21923828125,6687680
2017-09-13 00:00:00+05:30,421.1733226474449,424.3866341008859,418.64857793402695,422.74554443359375,4995376
2017-09-14 00:00:00+05:30,422.3553692246402,425.18996337691584,420.36999618074026,422.1832275390625,8154016
2017-09-15 00:00:00+05:30,421.4028506599304,425.02931341414495,420.8175577157616,424.3751525878906,3767332
2017-09-18 00:00:00+05:30,425.4309673652338,427.9327374152089,425.1899578014444,427.0146484375,4084928
2017-09-19 00:00:00+05:30,428.03605731949114,428.747570703705,424.0538518140097,424.54730224609375,4241468
2017-09-20 00:00:00+05:30,424.1571760686591,427.2442395466482,423.52598979474743,424.3522644042969,3446128
2017-09-21 00:00:00+05:30,424.15716425171087,424.27192538922486,420.18641768658443,422.1144104003906,7712496
2017-09-22 00:00:00+05:30,421.1274749398919,422.0799699522976,417.73053411467436,418.67156982421875,8243524
2017-09-25 00:00:00+05:30,418.2928160208226,418.2928160208226,411.4415824174165,413.0826721191406,10149228
2017-09-26 00:00:00+05:30,410.62682484566403,412.3597011586596,409.6972484529565,411.3727722167969,11438732
2017-09-27 00:00:00+05:30,412.2219298749516,414.4253377050115,406.25435182553696,407.7462463378906,7337220
2017-09-28 00:00:00+05:30,407.172474644556,412.91053093887047,404.7165977577306,412.0613098144531,27646464
2017-09-29 00:00:00+05:30,413.16301468760247,418.18955778596614,412.27935959003383,414.4483337402344,6213632
2017-10-03 00:00:00+05:30,414.9762068670212,417.9599959650695,412.4744088658566,415.1712951660156,4394424
2017-10-04 00:00:00+05:30,414.95330584443724,415.87139489856827,411.61374570289394,412.4515075683594,6625104
2017-10-05 00:00:00+05:30,411.99245106481,414.2876736334162,411.5563531732041,412.8187255859375,3336196
2017-10-06 00:00:00+05:30,412.68100326594544,414.16141056329013,411.76291427091553,413.1629943847656,3030660
2017-10-09 00:00:00+05:30,412.8646734731588,413.828655806998,410.95962741122014,412.10723876953125,3062492
2017-10-10 00:00:00+05:30,412.91048356286325,416.5713518514586,411.4530230349023,413.75970458984375,3798180
2017-10-11 00:00:00+05:30,413.8859776721083,416.6402445414083,410.2939490264925,410.8792419433594,5267440
2017-10-12 00:00:00+05:30,412.01538400729845,418.0632896712041,410.38578164126443,417.455078125,5381560
2017-10-13 00:00:00+05:30,419.2682958765904,426.11955766594826,418.1895524752611,424.7998046875,6433464
2017-10-16 00:00:00+05:30,426.91139600939226,429.9525659003194,422.7799954028498,426.25726318359375,3274544
2017-10-17 00:00:00+05:30,424.61617335204255,425.46539449160525,422.1143751595328,424.903076171875,2613288
2017-10-18 00:00:00+05:30,422.55044309857504,430.35419924488224,422.0913986193805,428.8623046875,3926720
2017-10-19 00:00:00+05:30,427.32456637266625,428.0590264172859,422.47016483948374,424.24896240234375,570008
2017-10-23 00:00:00+05:30,426.88850290581297,429.1378044850993,421.41440201943414,427.66888427734375,4162892
2017-10-24 00:00:00+05:30,427.599949490964,431.41001321726463,425.3047270030898,428.5409851074219,11328872
2017-10-25 00:00:00+05:30,426.9113803248168,427.59994706727616,409.69721176333223,412.015380859375,21367208
2017-10-26 00:00:00+05:30,405.79535620822753,415.4352911407759,403.4656996626242,412.0727844238281,28571464
2017-10-27 00:00:00+05:30,414.1499931924138,414.86150663202903,408.3201218801547,411.08587646484375,7472088
2017-10-30 00:00:00+05:30,412.7383880363023,416.81240799328515,411.39568847095177,416.5828857421875,5422352
2017-10-31 00:00:00+05:30,415.77957019167843,415.77957019167843,412.967922532364,415.09100341796875,4682460
2017-11-01 00:00:00+05:30,416.6058706708713,418.87814676924546,415.8943572306152,418.0059509277344,4190612
2017-11-02 00:00:00+05:30,418.4190695288954,419.9798320650529,417.03044868343824,418.2124938964844,4737944
2017-11-03 00:00:00+05:30,419.03879003661905,422.3209696491867,418.0977543491239,420.1864013671875,3810488
2017-11-06 00:00:00+05:30,418.87813219068147,422.3209661538926,418.3272731529968,419.70440673828125,6148244
2017-11-07 00:00:00+05:30,421.86192202011415,423.4570905507524,417.90266295871754,418.5797424316406,7446376
2017-11-08 00:00:00+05:30,418.9240496981199,420.8520424327476,417.50102278472076,419.09619140625,3283144
2017-11-09 00:00:00+05:30,419.33713825938156,421.1733162046881,417.98295142114756,419.5322265625,3113308
2017-11-10 00:00:00+05:30,418.1206767947406,421.1274407212505,415.9746493342405,418.1895446777344,7744360
2017-11-13 00:00:00+05:30,418.1895740358394,418.4535302487086,411.9924727740569,416.2501220703125,3335872
2017-11-14 00:00:00+05:30,416.789419722954,417.50093302668614,413.1400106916081,413.67938232421875,4712468
2017-11-15 00:00:00+05:30,412.6810541246984,413.9778605935669,410.3858313542607,413.1974792480469,6148368
2017-11-16 00:00:00+05:30,414.05815799357646,416.81242511991957,412.0383508937833,414.9073791503906,4012972
2017-11-17 00:00:00+05:30,419.72739784343884,421.9308342276956,416.1583430673777,419.0044250488281,6358772
2017-11-20 00:00:00+05:30,419.79622795002695,422.2521050091864,419.79622795002695,421.8963623046875,2392424
2017-11-21 00:00:00+05:30,421.73568597054594,424.6162016809834,421.4258365080255,423.7554931640625,2275532
2017-11-22 00:00:00+05:30,424.5473072596146,426.9113977121513,423.3652900511999,425.8211669921875,5660796
2017-11-23 00:00:00+05:30,426.6818570300505,426.9113792769736,421.8618898446653,422.9750671386719,3232580
2017-11-24 00:00:00+05:30,423.0095074930428,426.4064480061508,422.5504629922364,424.9375,5203684
2017-11-27 00:00:00+05:30,424.3866943987172,427.37048402942753,423.6063130455756,426.34912109375,3870472
2017-11-28 00:00:00+05:30,425.9933157284035,429.4361496378464,425.95888178573824,428.13934326171875,5090540
2017-11-29 00:00:00+05:30,428.05900437466937,430.4689880454115,425.94741084173194,429.96405029296875,3274584
2017-11-30 00:00:00+05:30,428.9082268928632,430.11321873212313,422.320949378717,425.46539306640625,5796312
2017-12-01 00:00:00+05:30,425.7408187852623,426.9113766337522,423.2619673266997,424.2030029296875,3858148
2017-12-04 00:00:00+05:30,425.74084051466895,425.74084051466895,420.0486773285554,420.9667663574219,3641932
2017-12-05 00:00:00+05:30,419.10759984191105,419.69289274653056,414.74667739010584,417.833740234375,3893360
2017-12-06 00:00:00+05:30,417.71901456629223,418.0403513251599,412.9105345566674,413.8974914550781,6395120
2017-12-07 00:00:00+05:30,414.66638319348795,416.95011839933187,413.85156798975396,415.3549499511719,4231304
2017-12-08 00:00:00+05:30,416.3533873814824,425.30475568792,416.3533873814824,422.41278076171875,8956400
2017-12-11 00:00:00+05:30,424.1571470137367,425.01785551011193,422.32096888813606,423.7899169921875,3198232
2017-12-12 00:00:00+05:30,424.4096505829398,424.5932796176469,416.8009812496713,417.7076110839844,2410588
2017-12-13 00:00:00+05:30,417.74198212413256,423.4685510518113,416.6058301764526,418.04034423828125,2907460
2017-12-14 00:00:00+05:30,418.64858375063903,422.3209397484517,415.89431675227956,421.8733825683594,3683092
2017-12-15 00:00:00+05:30,425.9933218229497,433.338034268173,425.8785606909931,429.99847412109375,12450124
2017-12-18 00:00:00+05:30,425.76375676163457,435.86273535867605,415.2746015623026,431.26080322265625,12297988
2017-12-19 00:00:00+05:30,431.45592463120886,434.63480210079695,430.61816283868336,432.53466796875,4952112
2017-12-20 00:00:00+05:30,435.83982239028865,436.8038046691149,427.7491627759162,428.7820129394531,9343504
2017-12-21 00:00:00+05:30,431.4788585934924,432.6494163976825,428.10486490159025,428.81640625,6854544
2017-12-22 00:00:00+05:30,431.2723123635275,431.5018346159828,427.31305350867336,430.7329406738281,4470904
2017-12-26 00:00:00+05:30,431.73134286231186,432.1444941104693,426.15394110144734,428.827880859375,6785696
2017-12-27 00:00:00+05:30,429.22958294830795,429.27550421210367,424.8801472258428,426.16546630859375,3489384
2017-12-28 00:00:00+05:30,426.6589036909655,431.708393043767,426.4523280684168,431.05426025390625,8700520
2017-12-29 00:00:00+05:30,430.7673803344228,431.31821133334626,428.78200722075456,429.7574768066406,6345872
2018-01-01 00:00:00+05:30,429.82631112305694,431.6739764631389,424.7309283238275,425.6490173339844,6580516
2018-01-02 00:00:00+05:30,426.5786117883603,430.354241795908,426.5786117883603,429.7460021972656,4776316
2018-01-03 00:00:00+05:30,430.3542432454461,431.10019060040486,424.8916021773755,425.22442626953125,4531288
2018-01-04 00:00:00+05:30,425.3047490496545,428.17377730821937,425.3047490496545,426.8884582519531,2373776
2018-01-05 00:00:00+05:30,427.60002416384356,428.75912292977745,425.89009431890895,427.73773193359375,2870868
2018-01-08 00:00:00+05:30,428.0589451310143,429.3672105926396,426.3949090172342,427.0490417480469,4570308
2018-01-09 00:00:00+05:30,427.3704434865593,429.17218760445445,425.76378768397825,427.7606201171875,5305528
2018-01-10 00:00:00+05:30,428.10488846038396,428.72461534460103,426.2916851040392,427.8753662109375,4615888
2018-01-11 00:00:00+05:30,427.8753978136294,430.5837717642779,426.05070700290025,429.79193115234375,4059096
2018-01-12 00:00:00+05:30,429.89517878886204,431.0772239924127,426.911389507359,428.12786865234375,4336708
2018-01-15 00:00:00+05:30,429.195136696536,437.1021953240251,426.8769674858994,435.57586669921875,12576444
2018-01-16 00:00:00+05:30,436.8841767398925,438.3875588950785,432.706882412014,436.12677001953125,6445384
2018-01-17 00:00:00+05:30,435.40376003682064,436.67761988297434,433.1085372638274,433.911865234375,2905496
2018-01-18 00:00:00+05:30,441.60081437424435,448.48648195804236,440.2351681772657,443.96490478515625,16649540
2018-01-19 00:00:00+05:30,444.1599961142325,449.8406719094623,440.51058666645366,448.0733337402344,11455988
2018-01-22 00:00:00+05:30,449.8635829189973,456.2902055321258,448.2913612047128,450.6324768066406,8849768
2018-01-23 00:00:00+05:30,451.01123448159376,451.40141111089946,446.03061271761527,447.8667907714844,5047796
2018-01-24 00:00:00+05:30,448.1536609295431,451.92929057049014,447.7060757508218,449.32421875,4790568
2018-01-25 00:00:00+05:30,448.4635862684417,454.4541121431207,447.6832049167459,453.2950134277344,8723668
2018-01-29 00:00:00+05:30,453.9950402392801,460.63969860490226,453.9950402392801,458.9642028808594,8235892
2018-01-30 00:00:00+05:30,458.539539553268,459.4805751281035,455.4065553923223,458.0116271972656,6397560
2018-01-31 00:00:00+05:30,456.61155692635685,462.143037392395,456.06069793826117,460.3527526855469,6943348
2018-02-01 00:00:00+05:30,460.42167526458786,462.48737570196636,455.6705754657594,457.0132751464844,6521420
2018-02-02 00:00:00+05:30,455.8312522371202,456.7263947408551,445.6175106839723,447.1094055175781,7346124
2018-02-05 00:00:00+05:30,440.2236716143036,444.18293039185664,437.4349706978479,439.2711486816406,7926784
2018-02-06 00:00:00+05:30,426.91141845210365,438.84657638732375,421.4717519080011,435.35784912109375,10749804
2018-02-07 00:00:00+05:30,437.69892329072565,437.69892329072565,427.46223671875,429.8492736816406,8364972
2018-02-08 00:00:00+05:30,432.419963810154,435.7709834038378,428.4033240189238,431.71990966796875,5171444
2018-02-09 00:00:00+05:30,424.13423479241465,427.9901923582211,423.26203890486835,424.50146484375,6408952
2018-02-12 00:00:00+05:30,426.9113895668766,432.87896813071467,425.79821224603893,430.7329406738281,4381108
2018-02-14 00:00:00+05:30,433.7511821622966,435.61030688190107,430.2739142876015,432.224853515625,3577188
2018-02-15 00:00:00+05:30,433.72821462682526,434.88731327666255,430.354248525527,431.9379577636719,4915224
2018-02-16 00:00:00+05:30,432.3969600545006,434.91021741322726,430.50340154597035,431.18048095703125,3583520
2018-02-19 00:00:00+05:30,432.0985570090387,433.24616819201066,426.6933251479513,431.0886535644531,3654552
2018-02-20 00:00:00+05:30,432.59205918330167,432.8445280538532,426.63596802365316,427.6458435058594,4084068
2018-02-21 00:00:00+05:30,428.7361098679219,428.8738456431872,425.12113414216253,426.3146667480469,2753072
2018-02-22 00:00:00+05:30,424.6161869375277,426.91140956962244,422.67673502054936,425.35064697265625,13253596
2018-02-23 00:00:00+05:30,426.1998754111441,432.61501114843804,424.70798077290334,431.6280822753906,4076748
2018-02-26 00:00:00+05:30,433.3610024827447,439.4892640452747,432.3166929406206,438.7433166503906,4788884
2018-02-27 00:00:00+05:30,439.4777728320017,441.0844287452144,436.0923193005892,436.6776123046875,4787328
2018-02-28 00:00:00+05:30,433.693817391427,435.047976372971,431.0428239602482,432.4658508300781,4066364
2018-03-01 00:00:00+05:30,431.34116902064073,434.5544804713878,428.7475564282539,430.20501708984375,3909840
2018-03-05 00:00:00+05:30,430.15917026206205,431.0428254027938,426.5097605456558,429.1951599121094,3781464
2018-03-06 00:00:00+05:30,429.20664710456157,431.47892319280385,422.20621783360485,423.7554931640625,4576828
2018-03-07 00:00:00+05:30,422.3209985652775,425.3966027453568,419.6814923242445,420.6225280761719,5628164
2018-03-08 00:00:00+05:30,422.2750456455495,426.56710050211,420.48476089312106,425.2702941894531,5518724
2018-03-09 00:00:00+05:30,425.75226152515324,428.1163517690023,423.2390042418122,424.8571472167969,4108108
2018-03-12 00:00:00+05:30,426.9573267173465,429.08040777088996,425.3965920508606,428.5754699707031,6557116
2018-03-13 00:00:00+05:30,428.62129893262545,432.5920449200376,425.76375823142047,426.96875,5124200
2018-03-14 00:00:00+05:30,425.99327483909894,428.7245950819932,424.1570969303097,427.9442138671875,3680392
2018-03-15 00:00:00+05:30,428.1048858385472,433.2232431769979,428.1048858385472,431.6854553222656,5870924
2018-03-16 00:00:00+05:30,431.5017876416622,431.75425648830804,423.8242803399652,425.3046875,7896336
2018-03-19 00:00:00+05:30,425.3046464794849,426.9113019168062,423.04385836053797,423.9848937988281,7838740
2018-03-20 00:00:00+05:30,423.49152635827915,425.97037803216426,421.23073764727405,422.2062072753906,3657372
2018-03-21 00:00:00+05:30,424.1571373044414,427.6458644560809,423.07839388748624,426.658935546875,5921140
2018-03-22 00:00:00+05:30,426.6589495961888,431.50186384750197,425.7867537706316,428.6902160644531,6673224
2018-03-23 00:00:00+05:30,423.8472546102307,425.32766186684484,421.68973992769975,422.67669677734375,7190152
2018-03-26 00:00:00+05:30,422.29799789678793,436.0922796658041,420.82904987750095,434.5888977050781,10501768
2018-03-27 00:00:00+05:30,434.669211798155,435.8627161909057,430.5837048836962,434.3937683105469,6136836
2018-03-28 00:00:00+05:30,432.17891580217616,436.0234135463574,430.5952346681094,432.90191650390625,8837508
2018-04-02 00:00:00+05:30,433.91181258805887,444.2976943757392,433.91181258805887,443.25335693359375,4596368
2018-04-03 00:00:00+05:30,441.5893059370894,441.9909698602695,438.6170041126972,439.7416687011719,4079884
2018-04-04 00:00:00+05:30,439.0646027531517,441.8188699151389,431.14608466243834,432.247802734375,3714108
2018-04-05 00:00:00+05:30,436.39070713645,439.30562878488143,433.8429875019398,438.13507080078125,4858892
2018-04-06 00:00:00+05:30,438.89246855977063,442.16316087055327,437.42354846254517,441.463134765625,3720008
2018-04-09 00:00:00+05:30,440.4073195424967,445.732224717146,439.85646052012,445.0551452636719,4003536
2018-04-10 00:00:00+05:30,445.96176191976883,445.96176191976883,439.19085508671003,440.8778381347656,6067236
2018-04-11 00:00:00+05:30,439.74168277913503,440.68271839714174,437.3316991629007,440.41876220703125,2870812
2018-04-12 00:00:00+05:30,439.76467935342225,443.6436114084928,437.44650997710323,442.70257568359375,4712516
2018-04-13 00:00:00+05:30,442.5189195667614,445.2731867009943,440.4761658386344,441.8303527832031,3297172
2018-04-16 00:00:00+05:30,440.68278167453116,447.5684501381957,440.6483477286415,445.7552185058594,2847744
2018-04-17 00:00:00+05:30,446.0765098002069,447.7979267405216,443.9189949647751,447.22412109375,2667832
2018-04-18 00:00:00+05:30,447.7978913436508,448.371696945065,442.98941161094035,443.5746765136719,2712720
2018-04-19 00:00:00+05:30,445.2731929186879,446.37491099490694,443.6665370679504,445.0436706542969,3169032
2018-04-20 00:00:00+05:30,445.5027503266765,450.09319597661647,443.4714837301494,448.9226379394531,9361380
2018-04-23 00:00:00+05:30,454.2245363661382,454.2245363661382,426.9802562813842,444.2976989746094,15304620
2018-04-24 00:00:00+05:30,444.1256103515625,447.1208873029365,442.0599098382994,444.1256103515625,5037416
2018-04-25 00:00:00+05:30,442.4959787084448,444.8141479730513,438.8465691044758,440.8548889160156,4020592
2018-04-26 00:00:00+05:30,439.9483064915128,445.08958302045124,438.6744466622773,443.0353698730469,7847480
2018-04-27 00:00:00+05:30,443.6665429293181,444.24034859787645,438.9613364471396,441.463134765625,5777008
2018-04-30 00:00:00+05:30,442.97801296683906,448.6701768794626,442.70259743016834,446.26019287109375,4609552
2018-05-02 00:00:00+05:30,447.568413762763,453.99503713986934,446.65032470889065,452.0440979003906,7100048
2018-05-03 00:00:00+05:30,451.7112833069138,453.2835051436437,446.65030639778325,451.6768493652344,4152772
2018-05-04 00:00:00+05:30,452.15886734465363,456.74931269840647,451.30964616135134,456.405029296875,6881436
2018-05-07 00:00:00+05:30,454.83276936084945,456.12957566849417,453.3064408046961,453.8572998046875,5264128
2018-05-08 00:00:00+05:30,454.28194142198305,454.4311364972853,448.62421200583066,451.4817810058594,7100564
2018-05-09 00:00:00+05:30,448.97998264967543,454.56884417851904,448.97998264967543,454.08685302734375,4327332
2018-05-10 00:00:00+05:30,456.4279523916705,458.81498945614356,454.91311110659154,457.3689880371094,7171672
2018-05-11 00:00:00+05:30,457.36898390130847,462.9463858753165,455.83119600812023,461.74139404296875,6057068
2018-05-14 00:00:00+05:30,462.99222272395707,465.33336623806633,461.8905328507143,464.03656005859375,4742916
2018-05-15 00:00:00+05:30,465.2531251179757,473.9634839919447,465.17276990979474,467.7204895019531,9826684
2018-05-16 00:00:00+05:30,466.0564773750204,470.291152238547,462.9808732160579,464.4039001464844,6841604
2018-05-17 00:00:00+05:30,464.5186149170162,469.24676781468025,461.91354289976096,465.41375732421875,6615476
2018-05-18 00:00:00+05:30,464.7137396980793,464.7137396980793,459.84787866775895,461.833251953125,5217460
2018-05-21 00:00:00+05:30,462.73981197908626,463.8644766304001,455.84268503782226,457.4493408203125,4848108
2018-05-22 00:00:00+05:30,458.7461279458356,462.2463423962699,455.71644533358494,456.7263488769531,3960372
2018-05-23 00:00:00+05:30,456.2443964691144,457.66742338885797,450.64404726941063,451.5850830078125,5726292
2018-05-24 00:00:00+05:30,451.49323096814163,456.8066768780696,449.0258666790125,455.8312072753906,4520744
2018-05-25 00:00:00+05:30,456.74932650755653,462.71690564785627,456.726379883665,461.0413818359375,4759588
2018-05-28 00:00:00+05:30,460.83480337498776,470.9796760277021,460.4216521011552,468.7303466796875,5103940
2018-05-29 00:00:00+05:30,467.7663422488624,471.1403080932711,465.6547487706798,466.52691650390625,3351244
2018-05-30 00:00:00+05:30,463.56609097536256,471.20919333598096,462.78573771631744,470.1419372558594,4866996
2018-05-31 00:00:00+05:30,485.0752699902444,498.9345634185371,480.45550551414686,494.187744140625,39639192
2018-06-01 00:00:00+05:30,488.7711482497781,493.85288986674175,485.30632442003014,487.5238342285156,21151356
2018-06-04 00:00:00+05:30,496.624755331404,498.24167313945975,470.742509710874,472.6481628417969,88796324
2018-06-05 00:00:00+05:30,473.52589575210004,477.4411351724008,467.2892132226821,476.6673583984375,17105460
2018-06-06 00:00:00+05:30,475.88197651727234,476.94454501388043,472.37096643180786,475.22369384765625,9782000
2018-06-07 00:00:00+05:30,478.8848037233652,480.4093486515482,474.2650389635534,476.34393310546875,10563896
2018-06-08 00:00:00+05:30,475.6048381769516,476.1245617737938,470.0611198106345,473.3758239746094,6180888
2018-06-11 00:00:00+05:30,473.9647064958402,476.51713760790597,470.93879464722625,471.74725341796875,7091188
2018-06-12 00:00:00+05:30,473.96475460547623,474.1495564791259,470.84644151289325,472.1053161621094,5234256
2018-06-13 00:00:00+05:30,473.9878780562346,474.6346564200245,467.54330039066997,469.2410583496094,7897960
2018-06-14 00:00:00+05:30,468.90615978149333,472.3709836222433,467.75121850124333,470.615478515625,16927576
2018-06-15 00:00:00+05:30,467.98219915179897,470.9619532457797,467.12755389702687,468.8137512207031,10880816
2018-06-18 00:00:00+05:30,468.92921224914613,470.93882682036514,464.0784592933023,466.39990234375,7487404
2018-06-19 00:00:00+05:30,467.7395847261556,471.3776491905013,466.43452384083366,467.4046630859375,10981152
2018-06-20 00:00:00+05:30,467.98219892210744,475.3738229919532,467.7512106699248,474.94647216796875,9051712
2018-06-21 00:00:00+05:30,475.83578233326574,478.33046664558043,472.8444958541168,475.28143310546875,13510704
2018-06-22 00:00:00+05:30,475.13121664259836,482.4882141431832,473.49123408641543,481.2293395996094,7848980
2018-06-25 00:00:00+05:30,481.1599848807492,484.56706085618424,478.8501028635052,483.9087219238281,6992336
2018-06-26 00:00:00+05:30,481.8530187127271,485.76825801572915,480.42090293500746,483.62005615234375,9161932
2018-06-27 00:00:00+05:30,483.45841697763024,489.57960572579424,482.7654522136872,487.9858093261719,19126804
2018-06-28 00:00:00+05:30,488.54010793126736,494.3148136987764,487.6623413758838,492.2012939453125,37533540
2018-06-29 00:00:00+05:30,490.0877549332187,494.31485115405354,486.25338384922094,487.02716064453125,19458120
2018-07-02 00:00:00+05:30,487.0040719798918,487.0155762768505,476.5864799349555,478.8963623046875,9864876
2018-07-03 00:00:00+05:30,478.8964200176448,481.6105321291641,477.1293823492949,478.19189453125,6863100
2018-07-04 00:00:00+05:30,479.58933446104237,486.93477178954765,477.91466971698816,485.89532470703125,6097992
2018-07-05 00:00:00+05:30,486.23028000443736,491.77399816125757,483.3544874893103,490.5613098144531,9735968
2018-07-06 00:00:00+05:30,488.1474736456412,493.28696214119975,487.69705784273094,488.57476806640625,8121344
2018-07-09 00:00:00+05:30,490.1224423500431,492.0049740359738,486.86548545742903,491.0001525878906,6182296
2018-07-10 00:00:00+05:30,491.98184577188084,496.53235936232943,490.85002591662504,495.79315185546875,10950736
2018-07-11 00:00:00+05:30,495.4812774640827,497.9412793745425,493.11364828135976,496.2204284667969,5857920
2018-07-12 00:00:00+05:30,497.2945825272322,503.51976100040076,497.0867156589847,500.3089904785156,8020668
2018-07-13 00:00:00+05:30,500.874884505897,506.049054994998,499.65069193058554,503.7622375488281,7161188
2018-07-16 00:00:00+05:30,503.4157320597662,505.87579057551153,499.800788773511,500.9788513183594,9017336
2018-07-17 00:00:00+05:30,499.68536932837804,503.78541107370506,499.68536932837804,502.8037109375,6361924
2018-07-18 00:00:00+05:30,505.1713815451806,512.793994984134,502.08766536924514,502.67669677734375,17460272
2018-07-19 00:00:00+05:30,504.24738427750526,506.6727610685789,501.4755250877068,504.9634704589844,5304776
2018-07-20 00:00:00+05:30,504.96334094238335,508.8323934024482,501.4985178438178,505.6447448730469,10006964
2018-07-23 00:00:00+05:30,496.6247610191039,503.0924323253992,493.8644625796051,498.1146240234375,16880132
2018-07-24 00:00:00+05:30,495.93167043960347,501.01341089124355,495.93167043960347,498.87677001953125,5208792
2018-07-25 00:00:00+05:30,500.00873069587595,502.815271982226,498.9346578094287,501.3254089355469,7038616
2018-07-26 00:00:00+05:30,500.08948542405045,508.97097101117413,500.08948542405045,506.46478271484375,21281092
2018-07-27 00:00:00+05:30,508.6245594789073,510.93444195016065,504.6400122159953,508.6707458496094,10554596
2018-07-30 00:00:00+05:30,507.94312412873217,507.94312412873217,498.7959675487783,501.2213439941406,7169120
2018-07-31 00:00:00+05:30,498.9345118397282,504.917083660365,496.63619052918716,503.43878173828125,8860944
2018-08-01 00:00:00+05:30,499.58135163758743,502.3993967452063,497.0173597450298,498.63427734375,6071560
2018-08-02 00:00:00+05:30,497.43321569123304,497.4794020643034,490.0069657228046,492.0511779785156,8905704
2018-08-03 00:00:00+05:30,492.82502711682486,495.9433687136069,488.30919522942764,490.07623291015625,13604008
2018-08-06 00:00:00+05:30,489.9259971913956,493.71418130719155,486.4842953932739,488.3783874511719,5744632
2018-08-07 00:00:00+05:30,490.8500519324449,493.0444403999076,486.9232515169854,492.2128601074219,7428456
2018-08-08 00:00:00+05:30,493.3562466046126,497.0404976914833,492.7094682648455,493.47174072265625,9945380
2018-08-09 00:00:00+05:30,494.77682611079666,494.77682611079666,483.8395100349817,489.3486022949219,8944408
2018-08-10 00:00:00+05:30,490.50354084449833,490.57284859708676,484.61334056593245,488.4130859375,5442940
2018-08-13 00:00:00+05:30,481.3795382798838,485.9877428306628,480.45558523136197,483.1465759277344,10054252
2018-08-14 00:00:00+05:30,484.61342087967284,486.23033887116844,482.11873612835484,482.5576477050781,4935964
2018-08-16 00:00:00+05:30,481.1485057104349,482.00315092289253,477.31407835472106,479.4622802734375,10625160
2018-08-17 00:00:00+05:30,481.12538444641154,483.46994892787666,478.52676673610694,479.84344482421875,6065328
2018-08-20 00:00:00+05:30,479.3005706359222,486.8308093874535,479.3005706359222,484.197509765625,7811136
2018-08-21 00:00:00+05:30,484.6133186130302,487.84715391359373,483.37750899429847,484.16290283203125,7776320
2018-08-23 00:00:00+05:30,486.2301998880186,486.69217632496685,479.7279040954154,480.432373046875,12574552
2018-08-24 00:00:00+05:30,478.3766673977655,483.59702442319326,477.2332868350503,478.1110534667969,9714628
2018-08-27 00:00:00+05:30,479.76261106729396,482.41897602987166,478.20344032838966,480.55950927734375,12574788
2018-08-28 00:00:00+05:30,482.3034501694888,484.6710796542768,480.1783696179629,483.8857421875,9973532
2018-08-29 00:00:00+05:30,483.2620675460361,483.70097907797305,478.7809178414527,480.1091003417969,9873692
2018-08-30 00:00:00+05:30,481.28710609983153,482.2803103894498,476.2631120188914,477.24481201171875,21827460
2018-08-31 00:00:00+05:30,477.96088209926415,480.1668311953853,475.4315720062066,476.11297607421875,15771500
2018-09-03 00:00:00+05:30,478.0070164646992,480.21296532081635,476.6442084769463,479.3121337890625,7661608
2018-09-04 00:00:00+05:30,479.7394518813246,479.9820008114319,473.2949025591215,473.9416809082031,7130536
2018-09-05 00:00:00+05:30,474.40369534570294,475.88199763879084,470.18815963909935,472.56732177734375,5641508
2018-09-06 00:00:00+05:30,473.29490652359425,475.60478893708176,469.5066937261133,474.0340576171875,10402412
2018-09-07 00:00:00+05:30,473.7568569043568,475.8357509619576,471.38922756097816,475.1312255859375,5919300
2018-09-10 00:00:00+05:30,474.68077901987436,474.68077901987436,467.7742257928279,471.4815979003906,8598592
2018-09-11 00:00:00+05:30,472.67121274800803,473.0638814490046,460.6251712602264,462.06884765625,18186536
2018-09-12 00:00:00+05:30,462.41533201066864,466.90804169599187,459.5626330790292,464.7136535644531,12246008
2018-09-14 00:00:00+05:30,466.56161576081666,470.6154708673356,466.3537206943886,468.8137512207031,10334672
2018-09-17 00:00:00+05:30,466.8965856751338,467.27769375032574,459.2046652649598,460.1748046875,9338220
2018-09-18 00:00:00+05:30,460.7984920598064,464.2517553171424,457.5761888689425,459.4818420410156,9325736
2018-09-19 00:00:00+05:30,460.7869039672084,461.5145225926394,451.92851023648603,453.0487976074219,16712264
2018-09-21 00:00:00+05:30,455.94766588867003,461.9417990871098,441.2336989437969,455.10455322265625,22610148
2018-09-24 00:00:00+05:30,454.4115981712336,455.55497863781454,442.3424630819227,444.81402587890625,13390792
2018-09-25 00:00:00+05:30,444.8140122875881,453.19889610899946,442.3424495661233,450.9814147949219,16682552
2018-09-26 00:00:00+05:30,453.41838465720093,456.8947691796828,451.6513470608436,454.6310729980469,14726724
2018-09-27 00:00:00+05:30,454.9082366369243,458.7426357068956,451.61665428102134,456.4674072265625,18352208
2018-09-28 00:00:00+05:30,457.5068555648369,465.54522926468496,456.69839673832075,463.37396240234375,14460716
2018-10-01 00:00:00+05:30,464.24018266173937,471.67799281725536,461.4683237421473,470.1650085449219,12449588
2018-10-03 00:00:00+05:30,469.0100747563108,474.03406912763836,463.59341164387837,469.1717834472656,15332148
2018-10-04 00:00:00+05:30,463.82441441167316,466.0881105814495,448.81017788938294,452.2172546386719,17970584
2018-10-05 00:00:00+05:30,451.33950334412293,459.6666414695693,448.1518822459874,453.96124267578125,15729180
2018-10-08 00:00:00+05:30,453.8919208595256,454.815873879087,445.8073319383636,449.27215576171875,20128020
2018-10-09 00:00:00+05:30,449.1335649803732,453.8919173550132,445.80732849627253,448.25579833984375,12459364
2018-10-10 00:00:00+05:30,449.27215433574395,457.8764668030995,447.0777659212506,454.3885498046875,15939932
2018-10-11 00:00:00+05:30,444.65238620033125,450.0344237639728,442.9430674919398,447.5513000488281,14359904
2018-10-12 00:00:00+05:30,449.27208634387443,461.3065669248303,448.5791216862747,457.78399658203125,9600320
2018-10-15 00:00:00+05:30,459.6666188144326,464.4711857068946,455.11616155514355,463.8359680175781,12585968
2018-10-16 00:00:00+05:30,462.6694790006596,466.18048923007893,459.0891610153824,460.3018493652344,9406004
2018-10-17 00:00:00+05:30,463.385504590874,464.9793290929983,453.5454111644819,456.109375,7940796
2018-10-19 00:00:00+05:30,452.4829201287901,457.55310129125405,452.2750250499261,454.52716064453125,9867348
2018-10-22 00:00:00+05:30,465.21026750002704,466.5961967974452,459.3431611682628,461.72235107421875,20331160
2018-10-23 00:00:00+05:30,455.7398151531274,461.72241643996284,455.7398151531274,458.4770202636719,19428564
2018-10-24 00:00:00+05:30,462.900452265223,464.0092071421862,455.64741558737444,460.18634033203125,18072336
2018-10-25 00:00:00+05:30,455.87841053433436,462.8080581251384,453.3028858737239,454.7696838378906,29847056
2018-10-26 00:00:00+05:30,454.76969347389786,456.7099722829885,450.1961146883354,453.01416015625,15155712
2018-10-29 00:00:00+05:30,453.68403708809814,453.8803714702822,437.7689402904847,444.95269775390625,17044280
2018-10-30 00:00:00+05:30,444.6523291194319,446.26924667986617,438.7159430691306,441.8227233886719,13828704
2018-10-31 00:00:00+05:30,439.3512220783017,443.0123802838301,435.4128610484504,441.591796875,23449404
2018-11-01 00:00:00+05:30,445.8073112535144,445.8073112535144,437.95371095163904,441.6957092285156,19629052
2018-11-02 00:00:00+05:30,444.88332514918386,452.73692486625146,441.6494899715678,450.29998779296875,30092868
2018-11-05 00:00:00+05:30,450.40402652998597,452.65616212857236,447.655260519016,451.81304931640625,5705296
2018-11-06 00:00:00+05:30,451.58202741629356,456.4327806519673,448.79860773329096,449.63018798828125,8485588
2018-11-07 00:00:00+05:30,452.96795316769334,453.88034546623317,450.42708244620195,452.263427734375,958760
2018-11-09 00:00:00+05:30,452.32113433740454,452.7138312409576,447.26251472908757,449.364501953125,10101620
2018-11-12 00:00:00+05:30,450.7735711886492,453.19894782071725,442.83913041738816,443.739990234375,7907764
2018-11-13 00:00:00+05:30,443.2664504745656,447.5859194584138,440.7717661030205,445.28759765625,13350420
2018-11-14 00:00:00+05:30,447.7822914369649,452.73697821059733,447.3318474232112,452.2172546386719,26110636
2018-11-15 00:00:00+05:30,453.17585586558243,456.7330805749699,446.08449963257584,456.2364501953125,10392524
2018-11-16 00:00:00+05:30,457.58771961906126,464.979343560409,457.3567313708941,462.9697570800781,15813216
2018-11-19 00:00:00+05:30,464.51735380187586,466.8272362175988,462.4153664429294,465.1872253417969,12286428
2018-11-20 00:00:00+05:30,464.9793192128589,466.5038359315726,461.7570445983775,464.8522644042969,5705168
2018-11-21 00:00:00+05:30,464.9215657199352,467.5086226494172,462.90041868227553,466.3074951171875,6545604
2018-11-22 00:00:00+05:30,465.03707659390165,470.06107083998006,462.011136273556,463.2469177246094,12974552
2018-11-26 00:00:00+05:30,465.18722235203614,473.9878686600172,464.7598997472352,473.4797058105469,18184436
2018-11-27 00:00:00+05:30,471.4585661919997,477.6605667006152,471.38925844015074,476.7597351074219,12895440
2018-11-28 00:00:00+05:30,476.99075879385356,484.7519869181162,475.8589388728071,482.59222412109375,13021108
2018-11-29 00:00:00+05:30,485.30628970414085,493.71423903876166,483.6893720325897,492.24749755859375,31908636
2018-11-30 00:00:00+05:30,492.00501575395003,493.74898847349215,487.38525034780963,491.64697265625,13040924
2018-12-03 00:00:00+05:30,492.23597229726585,494.77684310687164,486.66913278422817,488.1474914550781,10799856
2018-12-04 00:00:00+05:30,486.3226316855648,487.6161884235754,480.1321917934686,481.737548828125,8157420
2018-12-05 00:00:00+05:30,479.9935333029475,486.29952314719907,479.51999616124624,484.8904724121094,11798844
2018-12-06 00:00:00+05:30,482.6960738824113,485.4563718431381,481.61044052302356,484.39385986328125,11730252
2018-12-07 00:00:00+05:30,486.6229788197151,489.2331575585012,480.52491102799235,486.8309020996094,9903920
2018-12-10 00:00:00+05:30,477.1986109315172,486.18408783982073,477.1986109315172,482.4767150878906,10915056
2018-12-11 00:00:00+05:30,474.91179204347316,478.4459231754369,469.3680746266233,475.7318115234375,18905780
2018-12-12 00:00:00+05:30,477.44112237134897,482.71922611310123,475.8588867934023,481.6797790527344,11370488
2018-12-13 00:00:00+05:30,483.92040355585766,490.85005133947374,483.06575827460193,485.3756408691406,7064236
2018-12-14 00:00:00+05:30,486.2071423779737,489.23311099492577,482.3150242215724,484.0820617675781,6158284
2018-12-17 00:00:00+05:30,485.99929687223323,492.6055836362136,484.84435557738476,492.0511779785156,8437324
2018-12-18 00:00:00+05:30,490.6189596930444,494.0837828547185,485.6758345398319,493.2637634277344,7413968
2018-12-19 00:00:00+05:30,492.72107491687143,498.79602097775575,488.2052432014001,490.49200439453125,9009896
2018-12-20 00:00:00+05:30,487.9742149740131,494.41876427668893,485.6873975745766,493.7257995605469,7980476
2018-12-21 00:00:00+05:30,492.92886020674734,496.4168048771812,487.1657154113554,487.6507568359375,10220308
2018-12-24 00:00:00+05:30,485.9993114568742,485.9993114568742,479.8434967280455,480.605712890625,5601488
2018-12-26 00:00:00+05:30,479.76254590397997,491.31195721606423,477.9146400940465,490.2378845214844,7601916
2018-12-27 00:00:00+05:30,492.697900600015,493.89902813194436,484.7172458774434,486.2417907714844,11639868
2018-12-28 00:00:00+05:30,489.0830808509005,493.7952194331703,488.6557299547991,490.3650207519531,9415612
2018-12-31 00:00:00+05:30,493.62183865384696,493.62183865384696,488.93276639025225,490.08770751953125,5866528
2019-01-01 00:00:00+05:30,491.4621277391969,496.8557259361641,486.3688819396811,496.1858825683594,6373440
2019-01-02 00:00:00+05:30,494.9616823992225,496.04731600301943,489.62583073831894,491.6585388183594,8134232
2019-01-03 00:00:00+05:30,490.66522659942007,491.6007402853583,485.7682870058069,487.8009948730469,12771664
2019-01-04 00:00:00+05:30,488.5978552373293,491.65844929566504,487.46603546376656,489.10601806640625,7287120
2019-01-07 00:00:00+05:30,491.47369330172415,493.24078726857044,489.23311853240006,489.84521484375,5387012
2019-01-08 00:00:00+05:30,490.15705669147314,490.50353905953966,484.30148211370266,485.7682800292969,8343460
2019-01-09 00:00:00+05:30,489.2331072349149,490.00694041995155,485.6759107879144,488.9559326171875,8568628
2019-01-10 00:00:00+05:30,489.00209629781614,490.5728275835415,483.37751018588284,487.0386962890625,7691540
2019-01-11 00:00:00+05:30,488.26294713143216,490.619015872436,486.9232040767868,487.82403564453125,6408040
2019-01-14 00:00:00+05:30,487.3620432758424,487.3620432758424,484.71723932455785,485.4563903808594,4855160
2019-01-15 00:00:00+05:30,486.2417932263523,491.19647956658275,485.5372678339793,490.1339111328125,5087556
2019-01-16 00:00:00+05:30,489.7066462929135,490.8500268414211,486.98097368867104,489.74127197265625,5252452
2019-01-17 00:00:00+05:30,490.9077460310977,493.3677481743851,488.15900859429706,492.5362243652344,8240228
2019-01-18 00:00:00+05:30,493.15990779730316,494.0838607861506,488.43620942054383,492.0627136230469,5207976
2019-01-21 00:00:00+05:30,494.30326491907425,500.4360138706636,491.1964844200167,496.1973571777344,17561512
2019-01-22 00:00:00+05:30,495.70073965741557,495.885541519421,491.78550045282304,493.3562316894531,8796976
2019-01-23 00:00:00+05:30,492.92891824616714,493.3562690598246,485.4102395405872,486.3226318359375,7624288
2019-01-24 00:00:00+05:30,487.3851906137583,490.07618107557835,484.5902103281486,485.59503173828125,10111572
2019-01-25 00:00:00+05:30,483.4584024443881,487.38520265535544,482.76543770127626,484.1513671875,11262236
2019-01-28 00:00:00+05:30,482.7654273125916,485.5488469162507,479.70483309637547,481.41412353515625,15360436
2019-01-29 00:00:00+05:30,480.0513177835483,481.14851194184104,474.218864626308,475.28143310546875,14762788
2019-01-30 00:00:00+05:30,475.20055634024715,475.20055634024715,468.4441503259308,469.99176025390625,18514160
2019-01-31 00:00:00+05:30,469.1371664627222,482.7077270386379,467.05827207662446,480.44403076171875,16579404
2019-02-01 00:00:00+05:30,480.4439777319709,489.0021032888474,479.67020096539073,482.8693542480469,15654188
2019-02-04 00:00:00+05:30,483.9203921630032,488.07818073528676,481.067664668462,486.2071533203125,7938288
2019-02-05 00:00:00+05:30,486.92324950176976,489.464120348316,484.38237865522353,488.32073974609375,8690288
2019-02-06 00:00:00+05:30,488.8287964111907,491.3119196534449,488.21670021589125,490.3070983886719,10875684
2019-02-07 00:00:00+05:30,490.8615951287041,492.0049756949057,486.42663197862817,489.05987548828125,7217308
2019-02-08 00:00:00+05:30,487.84709652471815,495.45814671876667,486.6112870513634,490.3070983886719,12235644
2019-02-11 00:00:00+05:30,488.147441680413,494.98465950746964,488.147441680413,494.23394775390625,7036364
2019-02-12 00:00:00+05:30,493.85291335191437,496.16279601492613,490.80387951546277,491.9356994628906,9772388
2019-02-14 00:00:00+05:30,494.3148267014555,494.3148267014555,486.36885391379303,487.4313659667969,7441388
2019-02-15 00:00:00+05:30,486.773038473131,486.9462796347495,480.03969815539386,485.2253723144531,8416524
2019-02-18 00:00:00+05:30,486.64604473810425,489.2331017974985,481.84147797430677,482.7423095703125,7138744
2019-02-19 00:00:00+05:30,482.6961438433212,486.9578658574158,480.0397789182585,481.3910827636719,5268636
2019-02-20 00:00:00+05:30,482.4189501305148,487.6161856478414,480.89440515465316,487.00408935546875,4892500
2019-02-21 00:00:00+05:30,485.4679035428621,489.6834383220855,483.59693290167127,488.7479248046875,5261544
2019-02-22 00:00:00+05:30,489.5564518064753,491.5660946032409,482.5575532706973,483.100341796875,8890708
2019-02-25 00:00:00+05:30,483.95498855144757,491.9933905833809,483.95498855144757,490.9423828125,8140596
2019-02-26 00:00:00+05:30,487.67389381383146,490.8499819322164,485.32938586934046,487.5352783203125,9607428
2019-02-27 00:00:00+05:30,488.7942175926352,490.72293548301457,482.33805142900883,483.2851257324219,7030092
2019-02-28 00:00:00+05:30,483.4815269915325,486.426627169037,478.88482699596403,479.8896484375,11645376
2019-03-01 00:00:00+05:30,481.8991828925615,485.2831378207383,479.7625418180229,481.2293395996094,9352928
2019-03-05 00:00:00+05:30,482.5113010436333,487.6392849703109,478.1456459640154,486.71533203125,11837276
2019-03-06 00:00:00+05:30,487.3851892236322,487.4544969747564,482.8924792083267,486.0570068359375,8458044
2019-03-07 00:00:00+05:30,487.2927633548397,492.00490040692785,483.92031284155576,491.1964416503906,10204852
2019-03-08 00:00:00+05:30,488.5516994950658,492.00496248353954,487.2581427639543,491.58917236328125,7053460
2019-03-11 00:00:00+05:30,492.4669922945641,495.16954377843206,490.20329596683115,491.64697265625,9224108
2019-03-12 00:00:00+05:30,495.93186688521996,502.39953911288,493.62198394676994,501.4755859375,15097292
2019-03-13 00:00:00+05:30,502.3994295362836,516.0277359007162,501.72958618768087,514.306884765625,57166348
2019-03-14 00:00:00+05:30,518.5339997006823,519.1460960106122,510.6226520751591,513.89111328125,15379864
2019-03-15 00:00:00+05:30,515.3348835125215,522.0104226464703,514.6534793244776,520.4166259765625,12763088
2019-03-18 00:00:00+05:30,522.4722805978627,529.3441807786268,519.0305783588917,522.3683471679688,14358720
2019-03-19 00:00:00+05:30,524.22783783938,525.7061400945231,519.9545551779883,523.8236083984375,11957992
2019-03-20 00:00:00+05:30,524.112284377846,531.2729193781604,522.275939261326,531.0419311523438,11711992
2019-03-22 00:00:00+05:30,531.2729470101715,532.889864674985,524.5281017442431,525.7638549804688,30403880
2019-03-25 00:00:00+05:30,522.0333698800487,528.4664142742879,520.4164523627211,526.9534301757812,9199260
2019-03-26 00:00:00+05:30,525.7060155775479,534.7376766476996,524.9437996414853,533.8945922851562,11786848
2019-03-27 00:00:00+05:30,535.5577717724586,537.7521599567507,526.4337366904019,531.1458740234375,13885300
2019-03-28 00:00:00+05:30,530.9957857949076,537.0476664999694,528.4664758055984,531.9197387695312,19554328
2019-04-01 00:00:00+05:30,537.1053765759231,538.6645471132363,532.3354922303275,533.9985961914062,9647076
2019-04-02 00:00:00+05:30,535.892705580366,535.892705580366,527.9120507767291,530.0833740234375,10910496
2019-04-03 00:00:00+05:30,529.4482078267189,534.9688046261654,528.558880477471,529.5983276367188,7659452
2019-04-04 00:00:00+05:30,529.598259441763,534.2757710560671,526.6531595364604,527.5655517578125,9211552
2019-04-05 00:00:00+05:30,528.454865654182,534.4489987373114,527.1151226876476,532.5664672851562,8351180
2019-04-08 00:00:00+05:30,535.6617374657447,536.5741297501912,526.6763173378013,528.824462890625,6398132
2019-04-09 00:00:00+05:30,530.4877661483667,531.9660687494023,523.6504897329114,528.3280029296875,10777600
2019-04-10 00:00:00+05:30,519.7236148415145,527.577216132453,515.3348376495196,516.8016357421875,108128700
2019-04-11 00:00:00+05:30,518.5455190373021,522.7264290743095,516.7091736606387,521.4559936523438,8793300
2019-04-12 00:00:00+05:30,520.2086817304526,524.8515119098128,520.2086817304526,523.2461547851562,9170444
2019-04-15 00:00:00+05:30,524.3432622127644,529.6328699216964,523.0382013202069,528.6858520507812,10219780
2019-04-16 00:00:00+05:30,529.18255705004,533.5597734147959,526.7225545730256,532.4395141601562,8273776
2019-04-18 00:00:00+05:30,534.2757973302224,534.7493344993587,528.5010913495672,529.80615234375,10614856
2019-04-22 00:00:00+05:30,537.0476794964162,537.0476794964162,522.2644315446869,524.0430297851562,20980420
2019-04-23 00:00:00+05:30,526.0873106657133,528.963103157431,517.7832941896289,518.637939453125,15282400
2019-04-24 00:00:00+05:30,519.7234983597948,527.5539765109722,519.0420943851115,526.5953979492188,12354128
2019-04-25 00:00:00+05:30,528.2469852326841,530.9957791338759,521.5598869414544,522.830322265625,18086636
2019-04-26 00:00:00+05:30,523.3961746735499,527.8080721447631,521.3172807351242,526.87255859375,11707568
2019-04-30 00:00:00+05:30,527.8080932916503,535.8926811538856,526.2835484516136,535.3036499023438,12536836
2019-05-02 00:00:00+05:30,536.7012381109954,545.0514414014978,535.3153085096759,544.1621704101562,17169300
2019-05-03 00:00:00+05:30,546.1024219722004,549.2900711744762,544.3238236848837,546.9686279296875,12351520
2019-05-06 00:00:00+05:30,542.3604362688052,543.2612679283291,535.2113608769498,537.8446044921875,13748092
2019-05-07 00:00:00+05:30,543.2612658749752,544.670316817744,535.4307864221928,536.4356079101562,9924204
2019-05-08 00:00:00+05:30,536.4817018468675,536.770437121979,528.5010475640644,532.9475708007812,12064208
2019-05-09 00:00:00+05:30,531.2730363831251,531.2730363831251,524.7129918826258,529.1710205078125,9027724
2019-05-10 00:00:00+05:30,529.2749715938227,537.024582594393,529.2749715938227,530.4645385742188,10594200
2019-05-13 00:00:00+05:30,530.3605526337777,534.356660411027,526.6531801526647,528.3162841796875,11071632
2019-05-14 00:00:00+05:30,530.5107353483494,533.8138788066209,525.6253561157667,528.47802734375,10494744
2019-05-15 00:00:00+05:30,530.3488850427217,532.9359414959172,527.1612367371768,528.20068359375,8956348
2019-05-16 00:00:00+05:30,526.7803190222928,535.6618068699811,526.6532641929956,533.7330322265625,8050136
2019-05-17 00:00:00+05:30,534.2757651499788,547.2804135138473,533.9524041919839,545.6173095703125,14758780
2019-05-20 00:00:00+05:30,556.2197732268075,563.311102080169,549.7521014451005,561.8443603515625,17699632
2019-05-21 00:00:00+05:30,563.1493486146794,565.7825920843898,554.2447403757037,555.2264404296875,10325176
2019-05-22 00:00:00+05:30,557.1090631649621,560.3775245201114,553.0436471897266,555.7000122070312,11386660
2019-05-23 00:00:00+05:30,556.4506557438317,563.5881696174722,535.6848360632646,538.6876831054688,33081996
2019-05-24 00:00:00+05:30,545.0628584991325,551.1724852700044,540.5470277924516,548.2158813476562,13692800
2019-05-27 00:00:00+05:30,549.4978884885355,559.4303825719259,547.9618392865723,556.300537109375,12049024
2019-05-28 00:00:00+05:30,558.1830772813917,558.9915361146153,551.3804849491327,558.11376953125,7364840
2019-05-29 00:00:00+05:30,556.7279026052609,561.4862834010331,556.7279026052609,558.2755126953125,7475216
2019-05-30 00:00:00+05:30,558.0676007968859,565.4361032665181,557.3861967517881,563.5073852539062,9359200
2019-05-31 00:00:00+05:30,567.4919248978302,569.3860172057554,544.3931006704162,560.2273559570312,19785080
2019-06-03 00:00:00+05:30,560.6084497880723,568.1848752213266,560.1349126246915,567.5612182617188,8480860
2019-06-04 00:00:00+05:30,567.076110562061,569.5592340604488,563.8538359986893,566.4524536132812,6442988
2019-06-06 00:00:00+05:30,566.660346072173,570.540959830716,557.4554984309106,559.765380859375,15634924
2019-06-07 00:00:00+05:30,560.2965550425025,566.9028407126615,556.450623724886,565.3782958984375,7970932
2019-06-10 00:00:00+05:30,570.529370583856,570.529370583856,561.7864998658825,563.657470703125,7077140
2019-06-11 00:00:00+05:30,566.26772190882,568.2080007440032,563.6922253558112,565.5516357421875,7103292
2019-06-12 00:00:00+05:30,564.76622256857,565.5515599934296,559.8346012987171,560.6199951171875,7308620
2019-06-13 00:00:00+05:30,562.6758132726247,566.3831859438432,558.0560482975526,564.6969604492188,11107948
2019-06-14 00:00:00+05:30,564.2928385198044,567.9886512039676,560.146609943484,562.4796142578125,11956920
2019-06-17 00:00:00+05:30,562.4563381910127,563.5881579568276,558.3678578122478,559.4534912109375,12810020
2019-06-18 00:00:00+05:30,558.5295644222192,561.763399782811,555.2957290616274,558.3563232421875,12419652
2019-06-19 00:00:00+05:30,560.6084314195455,564.7430981585206,558.2292413836658,560.9202880859375,10744276
2019-06-20 00:00:00+05:30,564.4066813628883,566.4171256891249,561.2108522786759,563.9418334960938,11171492
2019-06-21 00:00:00+05:30,563.8605340331047,564.720491347066,559.1306836901208,561.117919921875,13250260
2019-06-24 00:00:00+05:30,560.5948973113595,564.9296377350446,560.1416819880365,561.9894409179688,6915000
2019-06-25 00:00:00+05:30,562.4310583816161,567.4630136671306,558.5146925423367,564.4879760742188,8899800
2019-06-26 00:00:00+05:30,563.5581765774393,574.0869898040445,562.93064344348,573.598876953125,10533636
2019-06-27 00:00:00+05:30,573.7965472378339,579.7814631229475,570.8679831750427,572.2974243164062,19879236
2019-06-28 00:00:00+05:30,572.6925463554987,575.2492095088716,566.4287329785599,567.9859619140625,12756844
2019-07-01 00:00:00+05:30,570.8331556625193,578.5031451319261,569.4502446676173,577.7012939453125,8524160
2019-07-02 00:00:00+05:30,578.2707375688877,580.4787649028525,573.4363084783296,579.897705078125,7246828
2019-07-03 00:00:00+05:30,580.8274223626604,581.8268566471236,577.1086393463329,578.6542358398438,7463256
2019-07-04 00:00:00+05:30,579.8512188364064,580.5716989566844,574.5519420030873,577.2945556640625,7993964
2019-07-05 00:00:00+05:30,577.5966653960901,579.8860067995332,571.7628027194762,574.6448364257812,7583060
2019-07-08 00:00:00+05:30,575.1446284641797,575.1562610091229,557.1317744800452,560.0487060546875,14607140
2019-07-09 00:00:00+05:30,558.712167683462,560.3275023036691,551.5418682743701,552.9712524414062,16482688
2019-07-10 00:00:00+05:30,552.8783975278814,557.3525579703036,549.9730985392955,555.20263671875,11569148
2019-07-11 00:00:00+05:30,558.5146504919122,561.0713134779343,556.8063120717866,559.4791870117188,9097596
2019-07-12 00:00:00+05:30,562.0009746656286,562.0009746656286,554.3426187211379,556.3995361328125,8976272
2019-07-15 00:00:00+05:30,556.8876978612068,558.5146652589649,552.5530145633991,556.59716796875,8233184
2019-07-16 00:00:00+05:30,562.0010674516086,562.0010674516086,553.6338059014606,555.7720947265625,12770568
2019-07-17 00:00:00+05:30,556.1788237756745,560.5135640529811,555.7953469944563,557.2247314453125,7759736
2019-07-18 00:00:00+05:30,558.5147016815833,564.5577238387706,558.2590126618991,560.583251953125,10802584
2019-07-19 00:00:00+05:30,561.303740434104,562.6285453670504,550.1473927981467,552.1578369140625,8939228
2019-07-22 00:00:00+05:30,545.0340942688354,546.161372982349,530.2170693180301,533.9358520507812,22171296
2019-07-23 00:00:00+05:30,533.2966943887888,533.2966943887888,521.1060709061937,526.091552734375,27802864
2019-07-24 00:00:00+05:30,524.5226663437539,532.9480332009429,523.1862288422687,530.1356811523438,17363740
2019-07-25 00:00:00+05:30,531.0886461769601,538.1659430452426,529.9846325798744,531.3327026367188,19462008
2019-07-26 00:00:00+05:30,529.5082311228084,533.0991697986454,528.2647970377678,529.299072265625,12829828
2019-07-29 00:00:00+05:30,528.4275518151104,528.4275518151104,516.6901408087339,521.629150390625,9976492
2019-07-30 00:00:00+05:30,524.1159113510188,527.8811673032535,520.6062876505332,523.4767456054688,10394136
2019-07-31 00:00:00+05:30,520.6295643884399,526.9050100306221,519.2931268905678,523.3372802734375,13891840
2019-08-01 00:00:00+05:30,519.2491267445025,521.788162465484,511.77169327529833,517.5486450195312,18241676
2019-08-02 00:00:00+05:30,515.0329787459242,518.0612142609386,508.27768413550723,515.8133544921875,27825536
2019-08-05 00:00:00+05:30,511.7833879559949,512.4705530052628,503.73525948812755,507.63702392578125,19822440
2019-08-06 00:00:00+05:30,504.7835867742502,514.8582938014705,504.7835867742502,509.9316101074219,24890940
2019-08-07 00:00:00+05:30,510.1412691388811,512.9365637642996,504.3177386692592,508.7436218261719,18750136
2019-08-08 00:00:00+05:30,512.0047063064079,522.4870592562662,508.51058865645524,520.1925659179688,19711600
2019-08-09 00:00:00+05:30,523.4188359734471,533.2023656178105,521.741670837066,531.57177734375,30436112
2019-08-13 00:00:00+05:30,529.5451607898735,529.5451607898735,513.0762318288918,517.2109375,15440068
2019-08-14 00:00:00+05:30,520.7167994824777,520.7167994824777,513.1811848621488,519.330810546875,14254052
2019-08-16 00:00:00+05:30,515.7318126628074,520.1576954273031,513.425717549471,518.923095703125,15247560
2019-08-19 00:00:00+05:30,521.4388500416737,522.254144200774,512.8666029376242,514.0662841796875,8498200
2019-08-20 00:00:00+05:30,514.6254422822277,518.9465137239073,514.0664060459093,517.2693481445312,10270592
2019-08-21 00:00:00+05:30,518.270725847719,522.0676778492929,515.7782669939337,518.4920654296875,10472712
2019-08-22 00:00:00+05:30,517.3274078867731,517.3274078867731,504.79516186359115,506.4374084472656,13992044
2019-08-23 00:00:00+05:30,503.3859022275871,507.11296119826795,498.40098360246407,503.7818908691406,20099616
2019-08-26 00:00:00+05:30,511.2825843484342,527.879643784232,504.78354803331604,525.5502319335938,25280244
2019-08-27 00:00:00+05:30,525.5153184890386,529.452001805798,521.8115763595525,526.4354248046875,20660832
2019-08-28 00:00:00+05:30,524.1176923469654,525.8298328901292,518.608655795571,523.5353393554688,13662588
2019-08-29 00:00:00+05:30,523.1859544835784,524.9795904156061,517.1993767970072,518.7484130859375,14783716
2019-08-30 00:00:00+05:30,520.2740970593653,526.4470379915673,517.5952736359569,518.9812622070312,19233320
2019-09-03 00:00:00+05:30,517.1295529364842,517.3624941765456,511.5738816128499,515.0214233398438,11428676
2019-09-04 00:00:00+05:30,514.1012132738207,529.7082732146208,512.2376837286505,523.5935668945312,15060704
2019-09-05 00:00:00+05:30,523.8847053043448,529.3355060795809,518.2941170752189,520.658447265625,17296252
2019-09-06 00:00:00+05:30,518.9928519917914,525.6549912421779,517.432157751712,523.1624755859375,12870004
2019-09-09 00:00:00+05:30,523.1860469558283,526.6568488290493,516.2211263362416,524.024658203125,10643404
2019-09-11 00:00:00+05:30,529.7082860651805,529.7082860651805,522.0561449365234,524.4205322265625,15209116
2019-09-12 00:00:00+05:30,524.2807490236515,533.1558315181851,523.6867375878046,528.9745483398438,18132300
2019-09-13 00:00:00+05:30,524.3505073262737,528.1823777138637,521.3222724994228,525.8529663085938,15371340
2019-09-16 00:00:00+05:30,524.5602380530871,527.0643558219105,522.0212018542569,522.7549438476562,11030184
2019-09-17 00:00:00+05:30,523.6284565992211,523.7682440556035,512.0280313132598,515.114501953125,10656556
2019-09-18 00:00:00+05:30,516.5005505172651,518.0961636656313,507.8118321075806,509.61712646484375,12959884
2019-09-19 00:00:00+05:30,512.424001762118,515.7550718972446,505.01646111522183,512.9597778320312,10623310
2019-09-20 00:00:00+05:30,516.1976261007418,563.6710473120655,514.9863434063548,558.8724365234375,46150034
2019-09-23 00:00:00+05:30,586.8021429849681,597.5872740068311,572.5694142916398,585.7305908203125,41920410
2019-09-24 00:00:00+05:30,582.3529154046341,587.9201865277417,571.8938797921277,584.123291015625,23379048
2019-09-25 00:00:00+05:30,582.3064168753895,582.3064168753895,573.0819227063713,577.5543823242188,15608976
2019-09-26 00:00:00+05:30,577.6009051716064,593.9999395788795,575.9935770952126,578.8587646484375,30671560
2019-09-27 00:00:00+05:30,581.537786671966,583.9836696121044,576.5761270478872,579.6509399414062,14873170
2019-09-30 00:00:00+05:30,572.4762767323917,577.6941365075229,566.7459008559691,571.8472900390625,18218458
2019-10-01 00:00:00+05:30,573.7341573013938,584.6823933522121,568.8889691218436,581.7939453125,18768352
2019-10-03 00:00:00+05:30,577.6708827186054,579.4645755281714,566.6760690037603,570.0304565429688,16298876
2019-10-04 00:00:00+05:30,576.133466131315,577.5077964268856,552.2104168966683,554.26025390625,18403632
2019-10-07 00:00:00+05:30,559.617894486953,568.3066122849731,550.2769868504864,552.955810546875,22513220
2019-10-09 00:00:00+05:30,557.7077911267619,572.9887560869607,554.4000375707993,572.1734619140625,17427270
2019-10-10 00:00:00+05:30,569.2150631562747,571.1484293621082,557.7543121483799,559.3150634765625,11556858
2019-10-11 00:00:00+05:30,565.3017500104348,570.24009237753,553.9108905134884,558.4998779296875,17186318
2019-10-14 00:00:00+05:30,563.2518122788907,568.3299417289361,557.8475879024058,561.1087646484375,12267802
2019-10-15 00:00:00+05:30,562.3201104057339,570.7059944051566,562.2502166649889,569.7975463867188,8400374
2019-10-16 00:00:00+05:30,573.8039974682014,575.3646919386507,563.764210257467,568.888916015625,10586816
2019-10-17 00:00:00+05:30,571.8706438658667,572.965456127699,565.1619259568206,568.3765258789062,12243614
2019-10-18 00:00:00+05:30,570.9156136319854,574.8290375040025,568.5396245608941,572.5695190429688,11233806
2019-10-22 00:00:00+05:30,585.6140752590584,585.6140752590584,574.2465352960196,577.3679809570312,20006228
2019-10-23 00:00:00+05:30,580.8855190831781,582.2365895568531,574.43305855059,578.4396362304688,10190214
2019-10-24 00:00:00+05:30,581.4212089494004,584.2863969541219,571.3348440707078,575.877197265625,13107494
2019-10-25 00:00:00+05:30,577.6942258855015,580.8855092269956,568.3765770808966,572.5695190429688,12993542
2019-10-27 00:00:00+05:30,577.6708550214476,578.5793598172293,575.3647599060206,576.6226196289062,1750082
2019-10-29 00:00:00+05:30,576.7622942734532,585.7771055118059,576.6225068336282,578.8587646484375,14232568
2019-10-30 00:00:00+05:30,580.9087828109485,588.2696906958417,579.0918300553573,581.5842895507812,12011366
2019-10-31 00:00:00+05:30,585.9401733491417,588.8286778663913,571.6841856768852,573.1983032226562,13217706
2019-11-01 00:00:00+05:30,577.2282690143909,579.4412103201362,571.9171985065208,577.7174682617188,11512260
2019-11-04 00:00:00+05:30,580.6990831115767,582.3529883466448,572.5927750101185,576.2266235351562,9935176
2019-11-05 00:00:00+05:30,578.1600051762933,579.9303808814818,572.5927337569641,577.461181640625,12367810
2019-11-06 00:00:00+05:30,578.8355468465815,586.5459230711768,572.1268859948343,585.4511108398438,12130336
2019-11-07 00:00:00+05:30,587.4777359081087,591.5308902435283,582.3530292507025,588.735595703125,16963034
2019-11-08 00:00:00+05:30,586.5459255532465,590.2729846512815,583.0284907813127,584.9619140625,13251496
2019-11-11 00:00:00+05:30,583.5410496874109,590.9718515607627,582.5859679753518,589.2247924804688,14286610
2019-11-13 00:00:00+05:30,587.9203206319065,591.670697010731,584.0302136437537,585.8704833984375,9293496
2019-11-14 00:00:00+05:30,588.7822694762292,594.9318951350972,585.7073997763783,593.4876708984375,11055218
2019-11-15 00:00:00+05:30,598.1230514893108,598.6588275728928,592.1830514491907,595.35107421875,9279012
2019-11-18 00:00:00+05:30,594.9318382344264,596.0732273920366,586.4061673737403,587.9669189453125,9130292
2019-11-19 00:00:00+05:30,589.4809739253167,594.0000100773509,587.5242338875246,592.5557861328125,10570578
2019-11-20 00:00:00+05:30,593.0682757816081,597.7037827616671,590.2729814731323,593.2313232421875,11054258
2019-11-21 00:00:00+05:30,591.7871493706533,599.5906799764068,590.9019613905449,597.8901977539062,12019526
2019-11-22 00:00:00+05:30,598.0299816192328,598.0299816192328,587.9436158215866,589.2247924804688,7688010
2019-11-25 00:00:00+05:30,588.9452455467404,596.0965289909554,588.9452455467404,592.18310546875,7893556
2019-11-26 00:00:00+05:30,595.6072699295346,596.2129397350556,590.2496228836637,594.0233154296875,8716002
2019-11-27 00:00:00+05:30,594.4659163251183,599.0082695258785,592.2296581550427,595.5840454101562,9580666
2019-11-28 00:00:00+05:30,596.4226202664681,597.7504305906288,587.9435834123306,589.4810180664062,12366040
2019-11-29 00:00:00+05:30,590.5990375033225,596.2828363451898,583.2847072926231,593.9766845703125,15567626
2019-12-02 00:00:00+05:30,593.5108254980174,593.5108254980174,586.359542456636,589.6906127929688,8946204
2019-12-03 00:00:00+05:30,590.8320349922401,591.2047636591806,584.1233739505915,584.8687744140625,6991906
2019-12-04 00:00:00+05:30,583.5176927584945,585.5675866460592,574.9920222837997,583.1217041015625,11395614
2019-12-05 00:00:00+05:30,584.9618630167804,586.4294037826509,578.0435215438523,580.3030395507812,12772494
2019-12-06 00:00:00+05:30,581.8637697393675,587.0117927333266,576.8555342061269,580.5127563476562,13774650
2019-12-09 00:00:00+05:30,582.1200337823306,582.2830812412412,576.5527620897583,579.0684814453125,8265350
2019-12-10 00:00:00+05:30,582.8188797491653,584.053479477632,580.0701622275852,582.1200561523438,9788900
2019-12-11 00:00:00+05:30,582.3995597302257,584.2165124108483,578.8588649684841,581.7706298828125,11054642
2019-12-12 00:00:00+05:30,583.7506229827026,591.4143653966029,583.7506229827026,588.68896484375,12913148
2019-12-13 00:00:00+05:30,589.3411960196104,592.765420053232,586.6623724013394,588.805419921875,11775186
2019-12-16 00:00:00+05:30,591.3212335892924,591.6706453877498,581.5143863644261,585.7772216796875,11327576
2019-12-17 00:00:00+05:30,587.0118222185259,593.9069044657647,584.8454576910184,592.18310546875,12427354
2019-12-18 00:00:00+05:30,597.7270194733488,605.1811366296805,593.3710311341976,602.0830078125,17447172
2019-12-19 00:00:00+05:30,607.9765323905909,608.2094735907406,599.171343650852,600.4292602539062,13018376
2019-12-20 00:00:00+05:30,600.4058772146014,605.4606893266727,596.3527235268623,604.109619140625,15026044
2019-12-23 00:00:00+05:30,605.1811254781376,607.5105370465677,600.4291486267001,606.76513671875,10195782
2019-12-24 00:00:00+05:30,604.9948509255141,606.1595568825055,599.5673097918527,600.59228515625,7179208
2019-12-26 00:00:00+05:30,600.848484870266,601.8501433649025,589.1781653320924,591.8802490234375,14949758
2019-12-27 00:00:00+05:30,592.6024138327206,595.8635906384038,591.6706490310968,594.0000610351562,7092992
2019-12-30 00:00:00+05:30,597.2612830183218,600.405989461671,593.5575403998763,597.3311767578125,9334190
2019-12-31 00:00:00+05:30,597.2378555525037,597.2378555525037,591.0416544226701,592.64892578125,8357056
2020-01-01 00:00:00+05:30,594.5125400530261,596.3294928506378,591.9501867634335,595.67724609375,3673698
2020-01-02 00:00:00+05:30,595.8635328376968,600.0564740382747,595.8635328376968,599.47412109375,6137166
2020-01-03 00:00:00+05:30,597.3544364608236,598.6589300292867,588.6890345286461,590.92529296875,10855550
2020-01-06 00:00:00+05:30,587.0118008684359,587.850411903554,575.8306237090371,578.13671875,10890186
2020-01-07 00:00:00+05:30,586.4992825447731,592.3460717231849,583.4011536448486,587.291259765625,14724494
2020-01-08 00:00:00+05:30,580.9320389239922,588.0134855627122,577.7174958437635,585.7539672851562,11332110
2020-01-09 00:00:00+05:30,589.3412173369028,594.3727698457291,588.4560294308527,592.3228759765625,9546316
2020-01-10 00:00:00+05:30,598.2395880531285,599.544081542198,594.0466463859336,597.5873413085938,9214580
2020-01-13 00:00:00+05:30,597.5873212182596,604.0165209733124,594.4659319413395,599.124755859375,7451568
2020-01-14 00:00:00+05:30,600.5223688759421,602.1762740209311,595.1647216749543,600.7553100585938,7886290
2020-01-15 00:00:00+05:30,599.3111067361606,600.0331903050004,593.5807306974551,598.3094482421875,11787448
2020-01-16 00:00:00+05:30,597.2845027735764,601.4541271501188,596.0265862785172,599.8934326171875,7150400
2020-01-17 00:00:00+05:30,597.1446943610231,598.6122351185539,592.5557646471724,595.467529296875,16918814
2020-01-20 00:00:00+05:30,607.9066685488873,607.9066685488873,583.5177350680307,584.6358642578125,22178450
2020-01-21 00:00:00+05:30,582.3530724569011,582.3530724569011,576.9488473185845,579.7208251953125,14984804
2020-01-22 00:00:00+05:30,581.4445362366947,584.6823960803707,575.0852302757627,578.0901489257812,18368310
2020-01-23 00:00:00+05:30,577.6941561282123,580.885439084355,573.501214672443,579.9536743164062,11508920
2020-01-24 00:00:00+05:30,580.4895326832202,584.2165922831125,577.27493240423,579.8140258789062,11831756
2020-01-27 00:00:00+05:30,575.364755003102,575.364755003102,564.5329893724769,565.20849609375,18888552
2020-01-28 00:00:00+05:30,567.8174725762849,572.0104140338276,565.2318025959702,569.8673095703125,13412158
2020-01-29 00:00:00+05:30,570.8457170791959,578.6259302694377,569.4247530368923,575.7607421875,13788350
2020-01-30 00:00:00+05:30,577.2049667543175,577.2049667543175,567.0720247294748,571.1951293945312,12111984
2020-01-31 00:00:00+05:30,573.7108945211547,576.6692934420341,568.4930340638174,571.3116455078125,11178268
2020-02-03 00:00:00+05:30,557.6612120676856,558.1037775830681,548.6696593338028,555.7045288085938,13077010
2020-02-04 00:00:00+05:30,558.1270571447459,574.8988218001807,558.1270571447459,572.942138671875,20897704
2020-02-05 00:00:00+05:30,575.3180601998497,581.4211069192332,571.7773661151263,579.8604125976562,18020682
2020-02-06 00:00:00+05:30,579.8605314139737,581.7473209820521,576.3896734663177,577.6010131835938,11827550
2020-02-07 00:00:00+05:30,580.4894309235501,580.9553132918676,573.7807134456975,578.7190551757812,6815448
2020-02-10 00:00:00+05:30,579.0685272833393,579.0685272833393,571.1951599347981,577.833984375,9219834
2020-02-11 00:00:00+05:30,579.2315492814326,584.6823500355948,576.7856669406463,577.9736328125,11613520
2020-02-12 00:00:00+05:30,580.1167700415353,583.704098818843,579.5810507517203,581.8871459960938,6297930
2020-02-13 00:00:00+05:30,586.9652601378181,586.9652601378181,574.7125299982047,578.346435546875,9112140
2020-02-14 00:00:00+05:30,579.184890608295,581.6075128494658,566.0470316345669,568.0736083984375,14688858
2020-02-17 00:00:00+05:30,570.7059325077503,574.4329916588214,565.7908505041116,567.0487670898438,10152690
2020-02-18 00:00:00+05:30,566.9322324078242,567.6776327796997,560.6893976613612,565.2317504882812,10529116
2020-02-19 00:00:00+05:30,569.5411497179709,573.0352672009034,565.5345730449556,571.7307739257812,10012268
2020-02-20 00:00:00+05:30,573.0354076126503,573.0354076126503,565.6278653596719,567.0255126953125,11123414
2020-02-24 00:00:00+05:30,563.2283925950992,565.930532725277,559.0587686934203,563.6942749023438,16568084
2020-02-25 00:00:00+05:30,560.9224115714882,563.2518235796754,558.1271171616635,559.1986694335938,13886680
2020-02-26 00:00:00+05:30,557.8941175036563,561.2484476958087,552.3734229968032,558.7094116210938,13814786
2020-02-27 00:00:00+05:30,556.7295192172844,560.2236375387319,550.2071650172493,558.8026733398438,20655098
2020-02-28 00:00:00+05:30,547.6447647991787,552.0706476282661,545.1289884485627,548.6464233398438,24313056
2020-03-02 00:00:00+05:30,559.1520367227216,559.5946591273354,543.2887750401156,549.5548706054688,14664898
2020-03-03 00:00:00+05:30,547.4117502845173,552.2336211363472,544.1505738998436,550.5797729492188,22369550
2020-03-04 00:00:00+05:30,548.9725352208427,549.7412525837075,527.8913558315098,535.22900390625,34288870
2020-03-05 00:00:00+05:30,537.162332950482,542.7529209777202,532.3870390105492,536.3936157226562,19549708
2020-03-06 00:00:00+05:30,524.1176725411502,531.5252136871466,512.936495526939,528.7299194335938,23053566
2020-03-09 00:00:00+05:30,517.1295028928447,521.0429267212518,496.16479331610776,515.8716430664062,34420590
2020-03-11 00:00:00+05:30,514.7999323232046,521.7881666986328,508.743462531167,518.8997192382812,35538240
2020-03-12 00:00:00+05:30,500.8235532955608,503.1529651713541,467.4896750399993,475.8056640625,59000770
2020-03-13 00:00:00+05:30,456.5880002991171,503.82845444558325,428.239070125055,498.4009704589844,66342364
2020-03-16 00:00:00+05:30,482.18826927501834,483.1200340465643,463.55297384409977,465.6494445800781,31986322
2020-03-17 00:00:00+05:30,469.60943232608736,470.5411970727661,444.7779075141395,454.2818908691406,42676838
2020-03-18 00:00:00+05:30,458.8941636221013,462.621222819032,402.9882756681397,408.53228759765625,61181406
2020-03-19 00:00:00+05:30,394.602392942099,428.5885197213787,370.3765081333751,417.2209777832031,67220048
2020-03-20 00:00:00+05:30,407.64706458810446,426.09599465138217,384.14329386281264,411.3042297363281,88637464
2020-03-23 00:00:00+05:30,370.1901210632312,390.7588391414496,356.40001423929533,359.4515380859375,50276954
2020-03-24 00:00:00+05:30,370.4929514413145,377.3647163375854,344.1705977708533,357.65789794921875,61057272
2020-03-25 00:00:00+05:30,358.93907213019304,404.12966132480113,351.85765452812115,399.14471435546875,47228042
2020-03-26 00:00:00+05:30,405.3642265547959,436.85789087944113,391.8070613701706,419.80657958984375,57043156
2020-03-27 00:00:00+05:30,440.2355453017211,460.5946102841334,406.2959980422508,421.3673095703125,55235936
2020-03-30 00:00:00+05:30,409.97654588509374,413.2377229546343,385.75065908279277,387.4511413574219,39268444
2020-03-31 00:00:00+05:30,397.7704027365041,406.99486892435885,390.40946622034545,401.5440673828125,35211092
2020-04-01 00:00:00+05:30,402.4524400740415,402.4524400740415,382.02351124322496,386.519287109375,29103504
2020-04-03 00:00:00+05:30,392.738838181873,393.2047205521955,377.36471996123026,379.1583557128906,34996280
2020-04-07 00:00:00+05:30,407.1811840343851,422.6950609884716,393.8336430005956,417.4771728515625,60412638
2020-04-08 00:00:00+05:30,409.9532107330256,440.2588542172346,403.5007226339045,414.12286376953125,56219352
2020-04-09 00:00:00+05:30,425.350600708537,433.68990644481187,414.6353062766681,430.9644775390625,44457146
2020-04-13 00:00:00+05:30,435.1341424408637,441.0508543473895,412.8649703884256,417.1277770996094,34158056
2020-04-15 00:00:00+05:30,433.503560602156,433.503560602156,392.7388517868002,402.1962585449219,57978752
2020-04-16 00:00:00+05:30,402.98825089719423,414.9614335184059,398.9117801511244,409.8600158691406,53854396
2020-04-17 00:00:00+05:30,426.2823345360896,428.6117462002212,413.35409980015896,424.0926818847656,55883462
2020-04-20 00:00:00+05:30,443.05412220028626,447.6896573467304,435.60000447662213,440.1889343261719,66232986
2020-04-21 00:00:00+05:30,430.94121834155237,435.13415992541616,423.02121757203196,429.3805236816406,33178006
2020-04-22 00:00:00+05:30,428.2158420378672,434.66830224589137,422.6951182440382,432.618408203125,38289354
2020-04-23 00:00:00+05:30,435.6000494953918,446.54828603351126,425.1409837964025,444.8944091796875,40901222
2020-04-24 00:00:00+05:30,434.66826521888754,446.50168917234726,431.40708852378333,437.0209655761719,33284568
2020-04-27 00:00:00+05:30,440.3287789408924,446.03583856390827,431.54687829659736,433.1308898925781,27421072
2020-04-28 00:00:00+05:30,439.69977589963486,439.69977589963486,429.54354590264336,433.9228515625,29441436
2020-04-29 00:00:00+05:30,435.5999879066559,462.4814046121069,435.1806824265689,455.213623046875,55877778
2020-04-30 00:00:00+05:30,466.5346418862624,474.73416066697814,462.2019128631203,466.7209777832031,43793134
2020-05-04 00:00:00+05:30,446.08240344542463,447.2471094596425,427.44710721793956,430.00946044921875,26722324
2020-05-05 00:00:00+05:30,436.99768127347414,439.7929756099782,423.04449802338365,424.6285095214844,29672858
2020-05-06 00:00:00+05:30,428.1459135209764,442.58826751352296,421.926395030526,440.9111022949219,33785846
2020-05-07 00:00:00+05:30,438.16236936826965,439.46683431837005,429.24071060088437,430.9411926269531,21831730
2020-05-08 00:00:00+05:30,438.8612161503868,439.76969250780274,431.03439760035076,432.8280334472656,20807484
2020-05-11 00:00:00+05:30,436.5318027624707,444.45180345293176,425.81650771067046,426.65509033203125,28550784
2020-05-12 00:00:00+05:30,419.7600362399419,423.6734597165937,405.8301413102837,420.0162658691406,49568418
2020-05-13 00:00:00+05:30,443.05415423297035,447.2470957556799,429.5901417470769,432.1758117675781,44346966
2020-05-14 00:00:00+05:30,418.3623582803917,424.4188289459207,414.63529940929686,416.35906982421875,39554890
2020-05-15 00:00:00+05:30,414.8682496933295,415.75343756872167,407.6470729721093,413.7734375,24349628
2020-05-18 00:00:00+05:30,413.7035996041341,413.7035996041341,387.2880600234504,389.7805480957031,46649964
2020-05-19 00:00:00+05:30,401.0548553170285,404.0598025039332,384.8654418100109,386.9852294921875,47460692
2020-05-20 00:00:00+05:30,389.6872860697807,402.5223387538858,387.70728613956777,399.3077392578125,40014306
2020-05-21 00:00:00+05:30,401.3343761156615,411.8400179452096,397.07154102642323,400.4491882324219,48478908
2020-05-22 00:00:00+05:30,396.00001979086005,405.45742634117755,388.10330782681336,390.805419921875,42047432
2020-05-26 00:00:00+05:30,399.261181018783,406.13294580294524,395.41765156323464,397.1181335449219,38005152
2020-05-27 00:00:00+05:30,400.61224550659546,423.859757789831,399.3310690397221,420.9945983886719,56025754
2020-05-28 00:00:00+05:30,428.6118051710031,442.58827707875315,425.7932223566478,440.3753356933594,75488806
2020-05-29 00:00:00+05:30,439.7929829165703,444.9176892853015,430.21910534202704,443.35699462890625,53025166
2020-06-01 00:00:00+05:30,454.2352999303285,463.55294710838655,450.08893556201167,460.12872314453125,39190230
2020-06-02 00:00:00+05:30,459.6861541942953,468.2117961384319,454.32850677579586,466.3482666015625,41623594
2020-06-03 00:00:00+05:30,475.2000251484547,487.42943756036345,473.08026601743126,476.2482604980469,50546088
2020-06-04 00:00:00+05:30,478.9503949974145,484.02846735286374,461.7360072400264,466.67437744140625,54275882
2020-06-05 00:00:00+05:30,467.3265541376977,485.6357524661723,467.18679512565154,481.41949462890625,35195984
2020-06-08 00:00:00+05:30,493.83531839274775,496.93344756617995,468.8640344216865,473.2899169921875,49812664
2020-06-09 00:00:00+05:30,475.2000272256489,478.3447332881716,456.35507928245374,459.9656677246094,61844146
2020-06-10 00:00:00+05:30,461.2235781488166,465.8125084361142,455.7261714902455,462.08544921875,36497730
2020-06-11 00:00:00+05:30,458.8941445191046,460.47815598594246,449.57649691465576,451.253662109375,30897714
2020-06-12 00:00:00+05:30,432.3388560083312,459.66286943509465,432.3388560083312,457.8459167480469,42644876
2020-06-15 00:00:00+05:30,450.97414823552907,453.7694425427741,439.32708862200815,442.51837158203125,32009936
2020-06-16 00:00:00+05:30,454.2353122141673,463.0637888411654,443.520017669628,461.409912109375,45399970
2020-06-17 00:00:00+05:30,460.75768534991704,465.3699324014146,453.42003768130104,456.21533203125,36957838
2020-06-18 00:00:00+05:30,456.5647209919345,477.4828507053401,452.83766204506156,475.1767272949219,40870126
2020-06-19 00:00:00+05:30,474.24492380359334,485.9152704902647,471.54281197496374,481.41949462890625,47877752
2020-06-22 00:00:00+05:30,484.2614078803022,487.28964329238073,476.97036583388126,479.2764892578125,29694474
2020-06-23 00:00:00+05:30,484.051768356397,486.847062495125,473.5927037669493,485.5892028808594,28830512
2020-06-24 00:00:00+05:30,488.47767768471925,492.6706191240731,479.88217048220713,481.0235595703125,39429246
2020-06-25 00:00:00+05:30,476.08520638993417,488.7106072723648,469.1435476866267,479.2764892578125,70646790
2020-06-26 00:00:00+05:30,484.98359691293643,495.2330101041801,478.92712548174705,492.18145751953125,39969138
2020-06-29 00:00:00+05:30,483.12001494724564,504.36423952455726,483.12001494724564,501.312744140625,46005956
2020-06-30 00:00:00+05:30,500.3576213003967,502.4774086453141,492.11152682600886,496.5606689453125,35746130
2020-07-01 00:00:00+05:30,496.5606358689895,510.60699852549953,494.44090553567065,505.2959289550781,34846718
2020-07-02 00:00:00+05:30,507.95162366598936,517.7118375859235,505.57557783518183,507.5323181152344,36954496
2020-07-03 00:00:00+05:30,509.2094946371808,510.5139881858807,498.4941987756482,500.33441162109375,27597254
2020-07-06 00:00:00+05:30,516.1743199507945,521.7416480802141,512.4705780665656,513.8682250976562,35558216
2020-07-07 00:00:00+05:30,516.8498729673468,517.9213682138314,509.2327081767887,514.869873046875,24349850
2020-07-08 00:00:00+05:30,515.7318467473623,524.0711535656887,514.8000818932569,517.2925415039062,30056350
2020-07-09 00:00:00+05:30,520.8565005604632,526.3073016553748,515.8482649781512,524.0943603515625,20114484
2020-07-10 00:00:00+05:30,520.809936002207,521.7882776487165,512.2610055058834,514.8466186523438,17562978
2020-07-13 00:00:00+05:30,517.0829263131387,518.5271504884846,499.099875684656,503.2695007324219,29922114
2020-07-14 00:00:00+05:30,495.04661952095404,497.9817013455705,489.1765127421303,493.299560546875,26612674
2020-07-15 00:00:00+05:30,498.58733448729606,502.68712246034585,489.22310938181124,490.6440734863281,20974394
2020-07-16 00:00:00+05:30,490.8769813884191,496.39767622101897,481.7689581051824,495.0233459472656,23662456
2020-07-17 00:00:00+05:30,493.3927539688706,514.3341440608671,493.0433421862205,511.74847412109375,28405738
2020-07-20 00:00:00+05:30,528.7765510055758,537.1158577655613,523.7217380814993,527.8681030273438,65124096
2020-07-21 00:00:00+05:30,536.7198322110544,539.4684928262943,528.310632291062,530.430419921875,47512422
2020-07-22 00:00:00+05:30,530.4070640493358,533.2023581945233,520.6468514072179,524.74658203125,24718012
2020-07-23 00:00:00+05:30,524.1177075165571,532.9228963769175,520.041236458095,526.6334838867188,20149122
2020-07-24 00:00:00+05:30,523.1393945453956,523.1393945453956,513.053028513143,521.3690185546875,19598440
2020-07-27 00:00:00+05:30,512.4007392820107,513.8682801960905,500.9866206375826,502.9200439453125,37970094
2020-07-28 00:00:00+05:30,502.68714766401587,509.86174854136647,493.60244017611194,506.25115966796875,35596450
2020-07-29 00:00:00+05:30,503.6188763178658,507.112994331172,491.7621919408776,495.9783935546875,33592086
2020-07-30 00:00:00+05:30,500.35771312053953,504.8534897940756,487.63910045785826,489.4793701171875,26956266
2020-07-31 00:00:00+05:30,492.7638179952344,492.7638179952344,475.2233617614836,481.16339111328125,37726696
2020-08-03 00:00:00+05:30,477.97203952529856,478.4379219389381,462.6212367440412,466.8141784667969,31783542
2020-08-04 00:00:00+05:30,469.6094830577566,494.324568381531,467.2800709394146,485.28643798828125,60306168
2020-08-05 00:00:00+05:30,488.2213923119674,491.8786143035649,475.2000032075308,478.7174377441406,33221360
2020-08-06 00:00:00+05:30,483.1200384227675,491.505921442642,478.1118027303425,484.8437805175781,33646888
2020-08-07 00:00:00+05:30,482.1183684045793,487.8720044096025,475.4795445056124,486.3113098144531,24836784
2020-08-10 00:00:00+05:30,486.3812406870049,495.698888976028,486.28808695227946,489.4793701171875,22172854
2020-08-11 00:00:00+05:30,488.4776047788755,498.95995681275696,488.4776047788755,496.9333801269531,20136148
2020-08-12 00:00:00+05:30,496.16472133952584,496.63060370698076,488.2447210927916,495.5590515136719,20666432
2020-08-13 00:00:00+05:30,497.53903817524315,499.1230495560094,492.20470795971477,493.3927307128906,19892740
2020-08-14 00:00:00+05:30,496.5840418576167,496.5840418576167,478.6009933042525,481.9320068359375,20924512
2020-08-17 00:00:00+05:30,487.77883837997007,487.77883837997007,475.29319662805824,481.1400146484375,19561012
2020-08-18 00:00:00+05:30,478.92709438686853,494.60404810153204,476.13180006165334,492.2047424316406,24040824
2020-08-19 00:00:00+05:30,496.1647253126064,498.4009834424596,492.08825456473284,496.9101257324219,17715624
2020-08-20 00:00:00+05:30,491.48262979390626,498.00498358848324,490.10829942107085,493.3694763183594,19216734
2020-08-21 00:00:00+05:30,496.35118893401545,507.25284997479923,495.97846021433713,505.7853088378906,28924302
2020-08-24 00:00:00+05:30,505.9482696406922,523.1626010023112,505.78522218017514,520.4139404296875,36779740
2020-08-25 00:00:00+05:30,521.3224036045685,525.0494627903026,515.3590861592298,521.6484985351562,27601738
2020-08-26 00:00:00+05:30,522.2540626621446,527.2622974289761,516.8964161673947,521.0660400390625,25190062
2020-08-27 00:00:00+05:30,524.4903490845594,526.4004552606473,515.3823267984022,518.1077270507812,20645996
2020-08-28 00:00:00+05:30,518.037929240579,524.1177175118818,510.1412450448982,519.2259521484375,38696610
2020-08-31 00:00:00+05:30,526.2141026740603,535.2056545781394,512.7966685429749,519.8547973632812,38501166
2020-09-01 00:00:00+05:30,525.5153649623892,532.7831192739568,516.1977166474531,525.1892700195312,28877884
2020-09-02 00:00:00+05:30,523.698413163885,530.6400725458099,522.1144015732478,528.3805541992188,19761682
2020-09-03 00:00:00+05:30,529.8247357769847,533.8778897281048,525.5153237691262,526.8663940429688,19833362
2020-09-04 00:00:00+05:30,517.1293688966209,524.3039679112486,514.5204393105017,521.4620971679688,23661370
2020-09-07 00:00:00+05:30,520.0645061846334,521.5553070027138,512.0047185314716,517.3623657226562,17615466
2020-09-08 00:00:00+05:30,518.9930145207112,521.2292728790193,513.8683079141333,518.2708740234375,14624918
2020-09-09 00:00:00+05:30,512.9365281967393,517.1294698441241,508.3941747454058,510.8400573730469,15728872
2020-09-10 00:00:00+05:30,513.8682979701998,514.7301690541818,505.0165321846751,508.0680847167969,15188088
2020-09-11 00:00:00+05:30,510.8166891924452,514.7301123776449,498.96000591763453,502.5240173339844,20794730
2020-09-14 00:00:00+05:30,506.8800061291888,509.6753002806365,490.2712886719225,492.8802185058594,21650590
2020-09-15 00:00:00+05:30,497.562405810296,501.3593587642975,492.95015865201736,498.72711181640625,16505110
2020-09-16 00:00:00+05:30,498.5872624456527,510.60704968456383,497.72539148221836,509.5122375488281,18710112
2020-09-17 00:00:00+05:30,505.0165034875543,509.6753273204653,502.2212091878077,504.83013916015625,18318686
2020-09-18 00:00:00+05:30,508.7435491390424,508.83670286508107,487.8719961697908,492.57745361328125,23481778
2020-09-21 00:00:00+05:30,491.5059403264313,499.12310632138906,485.21652781988456,488.8504333496094,19842878
2020-09-22 00:00:00+05:30,491.06335166115406,492.97345806947664,479.6259163378624,482.3746337890625,18620678
2020-09-23 00:00:00+05:30,487.3129717293432,491.505913168697,481.88543060320916,487.89532470703125,16079828
2020-09-24 00:00:00+05:30,483.58589110555965,487.77883235792,477.5294204077058,480.0451965332031,19809510
2020-09-25 00:00:00+05:30,489.17648929289015,490.08493716770005,477.832264939084,486.3811950683594,20321544
2020-09-28 00:00:00+05:30,488.68729623355154,493.3694368669961,485.75227138293275,491.1331787109375,16152422
2020-09-29 00:00:00+05:30,492.90355836868895,498.4475700684675,489.64238170651424,495.0233459472656,12644446
2020-09-30 00:00:00+05:30,493.8353313774468,506.36757899120147,490.10827227271136,502.500732421875,18813842
2020-10-01 00:00:00+05:30,507.8584491923353,517.129521354669,507.8584491923353,515.7085571289062,21203080
2020-10-05 00:00:00+05:30,518.0612545741451,527.3789030377089,517.5953721509669,519.1560668945312,16940126
2020-10-06 00:00:00+05:30,528.7997900186148,534.8329437703007,524.6766856787656,533.0159912109375,19371990
2020-10-07 00:00:00+05:30,533.3886936312274,542.6830234125715,529.9877298572328,541.4717407226562,21248778
2020-10-08 00:00:00+05:30,549.7412125869052,560.4565074085144,541.9842595267456,555.2386474609375,35060674
2020-10-09 00:00:00+05:30,559.5247153902895,576.2964803811725,555.1687266903496,574.689208984375,44972388
2020-10-12 00:00:00+05:30,573.7574576839783,578.9753174994802,561.6677760146721,565.4181518554688,19220546
2020-10-13 00:00:00+05:30,565.3017068523109,569.5179083853134,556.7294594498794,558.3367309570312,18353952
2020-10-14 00:00:00+05:30,556.9857629179536,565.7210584958747,547.6447974317978,564.4165649414062,22582918
2020-10-15 00:00:00+05:30,565.6743613618266,566.9788547701016,542.2870887036962,544.7329711914062,28246896
2020-10-16 00:00:00+05:30,549.7411694058314,560.6894045592527,546.4799929771528,558.7559814453125,25822848
2020-10-19 00:00:00+05:30,575.3646842197186,575.3646842197186,555.6112618246535,560.7127075195312,42359556
2020-10-20 00:00:00+05:30,562.5529329589159,571.824003021098,561.8075325791795,570.2166748046875,27411978
2020-10-21 00:00:00+05:30,573.3148566671905,582.8188687791578,569.1684920300116,580.8155517578125,35640752
2020-10-22 00:00:00+05:30,577.670826193271,582.3529667944613,569.7741427117008,574.57275390625,21913060
2020-10-23 00:00:00+05:30,579.3247594944286,581.6308546067371,573.5943832747879,575.7374877929688,15866230
2020-10-26 00:00:00+05:30,572.9420889088766,578.6258303558386,561.201820547533,564.1369018554688,19571976
2020-10-27 00:00:00+05:30,571.1716783208129,575.8305011456157,558.0570806949141,574.4794311523438,24317780
2020-10-28 00:00:00+05:30,572.1034961701145,573.9670254736002,559.7576145345216,563.53125,16571186
2020-10-29 00:00:00+05:30,559.3383550737734,561.131990801828,549.0423661992309,553.0955200195312,23060024
2020-10-30 00:00:00+05:30,550.9291982143144,558.732727611852,548.0406935091028,551.3950805664062,11522716
2020-11-02 00:00:00+05:30,556.4266208976022,570.7059275194147,548.5765140033558,566.16357421875,21926080
2020-11-03 00:00:00+05:30,571.3813571193683,582.7023204120117,570.938791656942,581.3978271484375,28164230
2020-11-04 00:00:00+05:30,583.2847607925775,589.2480782197708,573.0353480629954,585.800537109375,23404822
2020-11-05 00:00:00+05:30,589.8071116827988,594.4659356297403,583.4478056211416,591.2979125976562,21433928
2020-11-06 00:00:00+05:30,589.9235782237172,610.3059328513875,589.5741664300999,609.2111206054688,35705724
2020-11-09 00:00:00+05:30,612.7284117705964,627.054293280216,612.7284117705964,624.53857421875,26288440
2020-11-10 00:00:00+05:30,632.2023772725429,649.9059073656576,629.6633410994561,649.2769775390625,41517356
2020-11-11 00:00:00+05:30,652.1887252116443,659.1303837292211,638.4917724940213,647.5531616210938,36116194
2020-11-12 00:00:00+05:30,641.7064672804189,646.9010677232948,633.6001016644528,639.0509033203125,27053948
2020-11-13 00:00:00+05:30,637.6997780505568,637.6997780505568,627.543520158041,633.0409545898438,22472480
2020-11-14 00:00:00+05:30,637.2340095057151,640.5650233786753,636.0226696932782,638.119140625,1835066
2020-11-17 00:00:00+05:30,645.6198069538088,658.1054202674948,643.1971845231012,656.1719970703125,31059900
2020-11-18 00:00:00+05:30,653.6330062555946,661.0871246448245,651.7927935264175,656.2885131835938,18862776
2020-11-19 00:00:00+05:30,647.4367448510429,651.9790982252188,637.327119576682,640.2854614257812,20266882
2020-11-20 00:00:00+05:30,639.4933780574123,656.148671000937,635.9526837987431,653.9357299804688,20405362
2020-11-23 00:00:00+05:30,659.223555202943,663.253449087629,640.7513078120443,649.7195434570312,25246636
2020-11-24 00:00:00+05:30,655.962417756164,673.2000665182222,653.1904402304294,670.0320434570312,40154400
2020-11-25 00:00:00+05:30,676.1350892977126,682.2381368168991,650.8376544957778,653.539794921875,24152602
2020-11-26 00:00:00+05:30,659.2235818294623,667.1435824592155,646.1788749098687,664.651123046875,27943126
2020-11-27 00:00:00+05:30,667.0504608872737,673.6659683958317,659.4798716850385,671.2666625976562,17994580
2020-12-01 00:00:00+05:30,671.2665842240124,675.0635368162108,664.1153014020073,667.7492065429688,17147574
2020-12-02 00:00:00+05:30,666.6776377105354,667.0503663358236,649.8127195187099,655.47314453125,17892150
2020-12-03 00:00:00+05:30,665.745888015464,667.1435350861752,640.1456752517646,641.6131591796875,37933222
2020-12-04 00:00:00+05:30,643.3835637642517,652.9108356424312,639.7962922032295,645.526611328125,26912322
2020-12-07 00:00:00+05:30,640.5882443598133,642.8943392913466,632.7148211096007,639.3070678710938,24316318
2020-12-08 00:00:00+05:30,640.5882388810296,647.0174381357792,635.9993090529446,641.1939086914062,19457896
2020-12-09 00:00:00+05:30,641.5200355541075,656.9174709203267,640.6115876636862,655.5896606445312,22069074
2020-12-10 00:00:00+05:30,651.3036101050279,653.1671397476747,640.9377264678056,645.6431274414062,19727966
2020-12-11 00:00:00+05:30,647.5997538169785,649.9058485960943,639.6564373637545,644.2221069335938,21356384
2020-12-14 00:00:00+05:30,644.3153718471693,646.644783892893,637.3271357099983,639.2605590820312,17222050
2020-12-15 00:00:00+05:30,643.2904854361341,649.8826763585706,636.3954026881263,648.1822509765625,21561436
2020-12-16 00:00:00+05:30,654.0989473068469,660.0622653011153,649.6730641163804,657.2203369140625,16832092
2020-12-17 00:00:00+05:30,660.9007233337297,673.2000293618969,654.3317932448334,671.709228515625,21924478
2020-12-18 00:00:00+05:30,668.5412627676069,670.7308873609111,655.1704602604195,657.5231323242188,22995918
2020-12-21 00:00:00+05:30,660.3883459292866,663.3466879919946,636.7214956867946,639.4935302734375,23761824
2020-12-22 00:00:00+05:30,645.1539217572246,645.1539217572246,626.6117808832962,639.7030639648438,22851558
2020-12-23 00:00:00+05:30,637.094221149004,643.3603170658873,634.0893022325179,640.8911743164062,15467394
2020-12-24 00:00:00+05:30,647.296944981058,654.0988158803772,641.5199924980623,650.8842163085938,14952188
2020-12-28 00:00:00+05:30,654.5647584379803,662.0188766835374,654.0988760476331,658.221923828125,11699194
2020-12-29 00:00:00+05:30,662.0422173256148,668.4247835544119,661.553018050019,664.9073486328125,14495346
2020-12-30 00:00:00+05:30,670.8239442494684,670.8239442494684,658.291698835283,667.3764038085938,16216726
2020-12-31 00:00:00+05:30,668.5411807750526,672.7341219785199,663.9056740816035,669.1468505859375,22145750
2021-01-01 00:00:00+05:30,670.8706811112891,672.2683283636043,661.8325508389017,663.90576171875,8810938
2021-01-04 00:00:00+05:30,669.9388035488668,669.9388035488668,651.7693923260533,659.6893920898438,15740192
2021-01-05 00:00:00+05:30,661.1801988316666,666.5611626446863,656.4282216783945,664.67431640625,14386824
2021-01-06 00:00:00+05:30,668.54124305908,670.8706550558015,658.3384071393576,661.8092651367188,22134050
2021-01-07 00:00:00+05:30,667.3764967350231,667.4230735980611,658.0821661778708,659.805908203125,19894842
2021-01-08 00:00:00+05:30,667.1435772462953,671.8024011097472,662.9972126337416,666.9805297851562,13768764
2021-01-11 00:00:00+05:30,675.5295103276811,682.4711697734068,669.146943909302,676.2050170898438,17331392
2021-01-12 00:00:00+05:30,676.6708371189097,693.0931909419772,675.1101425268274,689.9718017578125,20388156
2021-01-13 00:00:00+05:30,695.5157848270568,697.3793142622579,681.1665854278453,685.14990234375,16934650
2021-01-14 00:00:00+05:30,685.3828384996627,693.2329448138298,678.3247094414894,684.2647094726562,12297166
2021-01-15 00:00:00+05:30,684.4278271278918,685.615850004148,673.2000725854961,683.2864379882812,14165236
2021-01-18 00:00:00+05:30,684.8004492255078,700.1512492729146,683.4493790924853,690.9500732421875,42825632
2021-01-19 00:00:00+05:30,695.0033996358874,704.2511540690322,683.4494931587943,700.6172485351562,17360254
2021-01-20 00:00:00+05:30,699.2894993186317,699.2894993186317,692.301263149558,695.0965576171875,13346052
2021-01-21 00:00:00+05:30,695.0964666654859,696.1912788146382,683.9851839846258,687.0833129882812,26333054
2021-01-22 00:00:00+05:30,683.868822839449,683.868822839449,670.9405855493311,672.5245971679688,15392364
2021-01-25 00:00:00+05:30,682.5642876380651,689.9718291154118,677.9287805417332,681.5160522460938,20344718
2021-01-27 00:00:00+05:30,683.9153048861119,685.7322574652719,655.1004922770827,656.707763671875,23556276
2021-01-28 00:00:00+05:30,647.5299515080465,652.8410221795793,625.2141734367799,638.9343872070312,42704446
2021-01-29 00:00:00+05:30,648.2054368904044,656.3118016621228,635.6965063836496,647.8094482421875,28704502
2021-02-01 00:00:00+05:30,657.0107005571217,690.6707063115994,652.7012880556833,687.9918823242188,26370544
2021-02-02 00:00:00+05:30,699.289515916191,735.3954036467072,697.6123505698883,727.0328369140625,42420206
2021-02-03 00:00:00+05:30,735.6283142034556,736.886173943163,718.3906652955849,733.671630859375,20237254
2021-02-04 00:00:00+05:30,729.5718178288212,739.8212303398263,719.0661472568776,735.6748657226562,24484684
2021-02-05 00:00:00+05:30,721.1859458069237,753.9141839806551,721.1859458069237,744.293701171875,27054716
2021-02-08 00:00:00+05:30,754.7294924916777,760.157033858061,743.4085273561383,747.8577270507812,17447580
2021-02-09 00:00:00+05:30,750.07062409712,758.4565068510009,739.2155420064337,750.9324951171875,18421366
2021-02-10 00:00:00+05:30,749.3018832451476,752.3301185888382,730.0376590097499,736.909423828125,19788006
2021-02-11 00:00:00+05:30,737.0259277239086,744.3868921016784,728.7331985828974,732.5301513671875,13648618
2021-02-12 00:00:00+05:30,733.2522446678597,741.9176450348452,732.8329391772756,737.0025634765625,9910106
2021-02-15 00:00:00+05:30,745.4584478925578,757.0589315094622,743.8744362925478,753.1455078125,10355244
2021-02-16 00:00:00+05:30,755.2885434515557,764.5130379556755,749.348542699615,757.82763671875,13897358
2021-02-17 00:00:00+05:30,754.7294971118617,755.5681081901504,737.4918481037513,739.1224365234375,12794426
2021-02-18 00:00:00+05:30,748.1838760972279,748.1838760972279,721.1860116520872,724.12109375,14720560
2021-02-19 00:00:00+05:30,719.7883294323337,728.7332490305126,714.1977404658691,717.0396118164062,17139508
2021-02-22 00:00:00+05:30,719.8116437532008,733.2523399717498,717.202656748423,721.1859741210938,29451838
2021-02-23 00:00:00+05:30,723.8647479080247,725.7049605608184,709.375817264446,712.404052734375,18239906
2021-02-24 00:00:00+05:30,711.1694154492563,751.9108046768805,706.3941213068686,748.4166870117188,14314332
2021-02-25 00:00:00+05:30,749.9541271452258,762.3000096545275,746.3435388642035,748.3934326171875,20109570
2021-02-26 00:00:00+05:30,739.3786325217429,740.2405035257096,708.6070794654332,714.8499145507812,27912846
2021-03-01 00:00:00+05:30,728.640026799245,732.6233438115595,717.7849448283059,726.2640380859375,13536018
2021-03-02 00:00:00+05:30,734.090858645135,739.5882935913318,722.5835863686019,730.5967407226562,16110038
2021-03-03 00:00:00+05:30,737.9576470588236,743.5482352941176,729.1058823529412,739.285400390625,11222410
2021-03-04 00:00:00+05:30,721.44210471644,731.9011402745581,717.0394825766341,723.0726928710938,16291438
2021-03-05 00:00:00+05:30,713.2659922880285,720.0678643152556,708.6537449089482,712.8001098632812,17445822
2021-03-08 00:00:00+05:30,718.3905555898322,724.4470259028463,704.6470268026078,707.908203125,15117050
2021-03-09 00:00:00+05:30,719.7882210937499,729.4319628612136,716.6435152734375,727.941162109375,15066696
2021-03-10 00:00:00+05:30,732.3670974233689,733.7647445558563,723.1193436041591,724.7965087890625,11055016
2021-03-12 00:00:00+05:30,745.4117937253521,745.4117937253521,715.1527564719762,723.026123046875,15631204
2021-03-15 00:00:00+05:30,721.3722581601378,721.3722581601378,705.9515634062038,712.1710815429688,12230386
2021-03-16 00:00:00+05:30,713.219364666622,717.645247386773,703.482411308208,704.4840698242188,13722366
2021-03-17 00:00:00+05:30,710.1211769097512,716.9929416198833,694.257860034132,696.6571655273438,21064428
2021-03-18 00:00:00+05:30,704.2977363182185,709.096347909828,690.041745885562,694.6306762695312,18065540
2021-03-19 00:00:00+05:30,691.8353446743922,704.0414404652653,686.7339552850576,697.6588745117188,21235020
2021-03-22 00:00:00+05:30,696.4475200354932,696.4475200354932,680.3745793379089,684.4510498046875,14015632
2021-03-23 00:00:00+05:30,684.8471279199046,702.2944010496999,684.4278223858715,698.8934936523438,19761428
2021-03-24 00:00:00+05:30,694.5840649453481,701.8285019700834,685.3129940326869,688.9468994140625,16368900
2021-03-25 00:00:00+05:30,694.257892802887,696.7504090066333,675.645914661059,681.7489624023438,23964356
2021-03-26 00:00:00+05:30,696.0283065108258,698.357718513874,686.7106584986326,694.7704467773438,12021258
2021-03-30 00:00:00+05:30,701.9216396323728,727.9644738383245,699.5456510700931,723.8413696289062,25607644
2021-03-31 00:00:00+05:30,721.1859305763878,721.1859305763878,693.2329875307913,695.865234375,30774506
2021-04-01 00:00:00+05:30,698.5440583003154,698.5440583003154,682.5176929084517,692.650634765625,35763762
2021-04-05 00:00:00+05:30,689.5059141703206,691.8353260425176,666.6776778227897,675.3430786132812,16006586
2021-04-06 00:00:00+05:30,680.1883607853455,681.4229606224977,667.4464874556755,670.9871826171875,15075734
2021-04-07 00:00:00+05:30,670.5445501820166,678.6508583140842,662.2751377162687,674.2249755859375,25088180
2021-04-08 00:00:00+05:30,676.9270358129135,680.6075176501199,666.444683228061,667.5162353515625,17613592
2021-04-09 00:00:00+05:30,664.3482862847833,667.5163092761001,659.2701568738823,662.3682861328125,28157816
2021-04-12 00:00:00+05:30,648.9741463293542,651.7694405705431,630.3388513880949,636.884521484375,22549128
2021-04-13 00:00:00+05:30,637.3270929150924,655.2402475957199,634.065916270059,652.3983764648438,18600682
2021-04-15 00:00:00+05:30,654.5647257762638,669.3331740651886,648.0423726368563,666.2583618164062,34444984
2021-04-16 00:00:00+05:30,668.5179719719613,673.2001131541749,663.1836408823308,665.5829467773438,15606526
2021-04-19 00:00:00+05:30,647.5764315799108,660.4813492308609,639.3303371777371,658.01220703125,24069242
2021-04-20 00:00:00+05:30,663.8823964768933,664.5346431878645,644.7579018863605,648.228759765625,23186270
2021-04-22 00:00:00+05:30,642.9177104500769,664.7210294656783,638.748085728293,662.7177124023438,38485312
2021-04-23 00:00:00+05:30,656.4283308776554,668.3549094755161,652.3285428266348,658.82763671875,22713528
2021-04-26 00:00:00+05:30,658.2918315864222,665.7459499907978,653.5165369836191,654.4716186523438,30170952
2021-04-27 00:00:00+05:30,655.6129755923002,671.8023882068552,654.4715865158399,670.2649536132812,20592906
2021-04-28 00:00:00+05:30,669.1236424038428,689.0401163552888,666.6777596378757,688.0151977539062,24103940
2021-04-29 00:00:00+05:30,692.3943454125842,700.5240267723495,680.6541326085659,686.0117797851562,24078552
2021-04-30 00:00:00+05:30,673.2000290935819,677.299816724806,655.729440103264,657.9656982421875,35232902
2021-05-03 00:00:00+05:30,648.9741913343149,662.4382042371565,641.6598603108004,658.9673461914062,22473700
2021-05-04 00:00:00+05:30,656.87084847304,662.9506363685042,644.4551283620439,646.8078002929688,21486328
2021-05-05 00:00:00+05:30,652.701254793366,656.7078321353601,643.7097015544721,653.4466552734375,14421612
2021-05-06 00:00:00+05:30,655.7759297519384,657.2667872697472,649.9058240059644,652.654541015625,11477044
2021-05-07 00:00:00+05:30,658.2685056421251,663.8590943683245,657.010645926894,659.1071166992188,12048334
2021-05-10 00:00:00+05:30,664.8142250325433,666.2118723171247,658.1987173003569,661.483154296875,11060050
2021-05-11 00:00:00+05:30,650.3717865603421,663.5096466065934,649.9292210583383,653.8892211914062,14519034
2021-05-12 00:00:00+05:30,652.1189120102882,656.2419600191607,647.0407823001372,652.00244140625,13774926
2021-05-14 00:00:00+05:30,649.6031268632764,651.7229145764641,644.0125379445341,646.1090087890625,10604142
2021-05-17 00:00:00+05:30,649.9758959971479,672.0819949745056,643.5234355925479,670.9871826171875,15120692
2021-05-18 00:00:00+05:30,679.6990330957635,690.7870557953187,677.8588205578747,687.9684448242188,22165280
2021-05-19 00:00:00+05:30,684.9403205622524,688.9702149247959,676.7175412324174,679.3497314453125,10130916
2021-05-20 00:00:00+05:30,679.4194949423423,682.9369293356426,665.5129185538519,667.5162353515625,10684184
2021-05-21 00:00:00+05:30,672.2682979911269,699.7087825125944,672.2682979911269,697.5657348632812,19341646
2021-05-24 00:00:00+05:30,700.3376563521917,708.3508101809515,698.1247151463558,703.4590454101562,22146102
2021-05-25 00:00:00+05:30,703.7153354802148,705.2294532162696,685.0800402672332,689.0167236328125,19236974
2021-05-26 00:00:00+05:30,689.5059220690523,692.767098727487,684.8470982712885,688.131591796875,12283990
2021-05-27 00:00:00+05:30,686.2913399610924,693.6988813645199,681.3296811145242,690.7405395507812,20439496
2021-05-28 00:00:00+05:30,694.5840573735902,704.8800466813714,688.9235750364031,700.4308471679688,17750020
2021-05-31 00:00:00+05:30,698.8236000406835,707.9083068412123,693.0000700403444,706.2078247070312,15661054
2021-06-01 00:00:00+05:30,708.2810482712531,711.4024376595122,702.2012600931891,704.2744140625,11030162
2021-06-02 00:00:00+05:30,703.4823669271267,703.5755206514051,695.5623667696689,700.6870727539062,10624016
2021-06-03 00:00:00+05:30,702.5506749732225,710.4473590823497,693.1165561614135,708.3975219726562,10287260
2021-06-04 00:00:00+05:30,706.2777889198101,708.4441536701974,698.4509410701577,699.2662353515625,9424476
2021-06-07 00:00:00+05:30,703.4824409928369,705.3459706378511,696.9600872352875,698.7537231445312,8091668
2021-06-08 00:00:00+05:30,697.2162919534222,699.4292332375256,690.2047394524685,690.9268798828125,9872540
2021-06-09 00:00:00+05:30,691.3228560658164,699.7553155380998,685.8021613885485,689.6456909179688,10223442
2021-06-10 00:00:00+05:30,690.484259561094,693.6988593363984,686.5475762237011,689.9951171875,11483540
2021-06-11 00:00:00+05:30,694.6305977433478,697.2162675857256,689.9950910162944,692.4642333984375,7205974
2021-06-14 00:00:00+05:30,688.6905977060071,692.3011859909532,681.3762674124074,689.2496337890625,8881964
2021-06-15 00:00:00+05:30,692.3012497903037,696.9600738131186,687.0833896329151,694.28125,7569602
2021-06-16 00:00:00+05:30,693.2329983210603,696.0282926691292,688.6207512726651,691.6489868164062,7702098
2021-06-17 00:00:00+05:30,682.9835745028993,688.923574895063,680.1882802007045,683.0301513671875,9283802
2021-06-18 00:00:00+05:30,684.6141694154071,694.1647583728865,677.8588747869461,689.4127807617188,11938060
2021-06-21 00:00:00+05:30,680.8172102081012,695.0033629173906,679.722397980227,693.55908203125,7260472
2021-06-22 00:00:00+05:30,697.4258077347394,702.5505130687956,689.5058085821071,691.2761840820312,14366824
2021-06-23 00:00:00+05:30,694.1648303391114,697.798736091737,688.8537591892796,692.068359375,7844868
2021-06-24 00:00:00+05:30,694.1647627074689,705.089682030104,693.2329979253112,701.7353515625,14785024
2021-06-25 00:00:00+05:30,703.9948688755924,709.0729983058726,702.0847624487187,705.8583984375,10383176
2021-06-28 00:00:00+05:30,708.1412867482551,709.5389340247319,701.153050365871,702.7137451171875,9356786
2021-06-29 00:00:00+05:30,705.1233266481341,705.6847822301698,698.17504251688,702.8072509765625,10971692
2021-06-30 00:00:00+05:30,700.912318001838,706.0592041820919,699.0875014782571,700.8655395507812,9679022
2021-07-01 00:00:00+05:30,702.7838314781875,702.7838314781875,693.8937563795953,695.6483764648438,16911442
2021-07-02 00:00:00+05:30,694.8296299127342,696.8181995606326,691.0864399872784,692.6773071289062,14827036
2021-07-05 00:00:00+05:30,697.1456124467544,703.9535610583405,694.6190052787583,699.7190551757812,7373882
2021-07-06 00:00:00+05:30,700.4443484394454,720.5639923825959,699.9764497430932,718.0841064453125,17669032
2021-07-07 00:00:00+05:30,717.7566959868007,723.0673354757794,714.8089109597926,720.3301391601562,9629190
2021-07-08 00:00:00+05:30,713.5454656832638,719.4877558951263,708.1412132440973,711.41650390625,8420922
2021-07-09 00:00:00+05:30,707.7202288337677,709.3344565644245,700.6783302804919,702.7838745117188,10695842
2021-07-12 00:00:00+05:30,702.7838615001891,702.7838615001891,694.3616847312122,695.765380859375,14458978
2021-07-13 00:00:00+05:30,700.0232664310304,704.7022536501623,694.408481768072,702.7136840820312,18178142
2021-07-14 00:00:00+05:30,700.6783341056623,705.2871250803108,697.683770870483,701.4503784179688,9788494
2021-07-15 00:00:00+05:30,704.1876425939753,714.3644407510643,701.684395620024,711.5336303710938,10438802
2021-07-16 00:00:00+05:30,714.9257631692194,715.8615605264835,710.6445359529665,712.3055419921875,5170628
2021-07-19 00:00:00+05:30,695.7654943407838,696.6310956710246,685.9396198410147,688.2791137695312,25111600
2021-07-20 00:00:00+05:30,674.7099519255372,680.3247365462768,671.9727558462353,675.248046875,24174250
2021-07-22 00:00:00+05:30,681.3073719096726,687.109327947589,676.1137071053906,677.8449096679688,13207114
2021-07-23 00:00:00+05:30,679.1550885023515,681.9390634349863,671.5751510088148,675.0609741210938,13126684
2021-07-26 00:00:00+05:30,669.0951591045279,675.645741081775,668.2061401271644,671.22412109375,13167166
2021-07-27 00:00:00+05:30,671.9493238181005,678.4063488416765,671.9493238181005,673.6571655273438,22401430
2021-07-28 00:00:00+05:30,671.4580337267465,673.1658182413217,656.9297566466004,663.15283203125,20670342
2021-07-29 00:00:00+05:30,668.2763382138219,669.0717431809376,661.281275286732,663.5973510742188,13702230
2021-07-30 00:00:00+05:30,663.9481988242158,669.9139067417696,658.7778957823883,667.4340209960938,11655488
2021-08-02 00:00:00+05:30,671.4346657200673,671.4346657200673,662.6615646871396,665.6561279296875,13258786
2021-08-03 00:00:00+05:30,659.7372352838776,673.7274192851925,659.7372352838776,671.2943115234375,12033120
2021-08-04 00:00:00+05:30,674.241978040507,689.9165833592835,673.7740793742748,685.6119384765625,22053948
2021-08-05 00:00:00+05:30,686.4542574820925,705.1468471625391,681.9156623692116,694.7594604492188,18822408
2021-08-06 00:00:00+05:30,694.15106922957,701.8479792217546,689.6826142485776,698.408935546875,13339270
2021-08-09 00:00:00+05:30,698.1049668306257,705.2872015472958,690.6185864892784,703.6729736328125,10998048
2021-08-10 00:00:00+05:30,696.7011680096034,711.089053111212,696.7011680096034,705.427490234375,14838346
2021-08-11 00:00:00+05:30,708.8198440384862,710.6680212967121,697.6604700186167,699.4852294921875,12585786
2021-08-12 00:00:00+05:30,700.4443471096191,705.4040618582296,696.8415500011622,702.5031127929688,8597674
2021-08-13 00:00:00+05:30,702.4095267761425,716.3529313032537,702.3159698799373,714.1069946289062,16658428
2021-08-16 00:00:00+05:30,714.0837058786648,718.2245984922649,711.884547430942,716.1658325195312,6252778
2021-08-17 00:00:00+05:30,709.8959273107525,713.0776615079304,704.3279781405072,708.7028198242188,8282666
2021-08-18 00:00:00+05:30,728.377938007942,732.4252734894459,705.7550455915143,707.9307861328125,22985932
2021-08-20 00:00:00+05:30,695.3209624684945,711.1125453306043,695.3209624684945,708.7496337890625,13150406
2021-08-23 00:00:00+05:30,715.8148667910151,717.3589554598426,705.8954364767717,713.3583984375,10843054
2021-08-24 00:00:00+05:30,715.8850444307441,732.0275503345746,714.6918798434089,729.3839111328125,18381314
2021-08-25 00:00:00+05:30,726.2255583877181,732.1679061275219,724.3071851475217,728.7054443359375,7727974
2021-08-26 00:00:00+05:30,725.2428942408535,735.0687657112135,722.1781352927707,727.4888305664062,11119002
2021-08-27 00:00:00+05:30,726.1788245585184,729.2903625174678,723.0205081501615,724.5177612304688,6382138
2021-08-30 00:00:00+05:30,727.8632958559031,734.6010493882512,725.9917008256144,733.7822265625,9049166
2021-08-31 00:00:00+05:30,731.559720298122,740.8474993755592,730.9514290559877,739.9351196289062,12062576
2021-09-01 00:00:00+05:30,736.9405133137502,747.702184301824,736.7065639444443,738.85888671875,12422558
2021-09-02 00:00:00+05:30,736.5193258393732,744.8947239198199,735.185825979282,743.4910278320312,9618524
2021-09-03 00:00:00+05:30,742.1341103203025,747.7021162261457,733.8055478012244,737.4317626953125,10735334
2021-09-06 00:00:00+05:30,739.2565458922177,739.724444603404,730.8343690908638,732.5889892578125,7876896
2021-09-07 00:00:00+05:30,731.0918054706792,740.2158312029533,727.6761217089012,734.2501220703125,7245496
2021-09-08 00:00:00+05:30,735.5132756776312,739.5138320669042,732.5421306101919,737.595458984375,6724080
2021-09-09 00:00:00+05:30,736.472648615316,739.0226740119963,730.3899647322161,733.9459838867188,8250948
2021-09-13 00:00:00+05:30,730.8578287988149,741.1516010354179,726.950885759595,727.8399047851562,8959164
2021-09-14 00:00:00+05:30,729.9221155879027,732.0276601520985,723.6522603512091,724.564697265625,9758506
2021-09-15 00:00:00+05:30,718.2245606360663,727.4889784667846,718.2245606360663,723.7457885742188,14822998
2021-09-16 00:00:00+05:30,719.5112913673174,731.9340258288291,718.8328610372279,729.8986206054688,10260550
2021-09-17 00:00:00+05:30,734.133070294954,743.4910444223593,729.5476401259087,740.2859497070312,20498102
2021-09-20 00:00:00+05:30,731.7936589486027,740.0754441348419,728.9862663950914,729.8518676757812,8781610
2021-09-21 00:00:00+05:30,730.857800489461,733.9693384001288,715.3937249500291,726.1553955078125,14774996
2021-09-22 00:00:00+05:30,724.7751455141527,725.3132404864232,715.8850694878332,717.6162719726562,10582202
2021-09-23 00:00:00+05:30,721.4997886706309,735.5367495397094,721.4997886706309,734.6009521484375,13664304
2021-09-24 00:00:00+05:30,738.812081199107,752.3577263390091,736.940486313232,749.3632202148438,20806702
2021-09-27 00:00:00+05:30,755.9838820536164,765.2482988576648,752.3810850278968,760.3821411132812,16415462
2021-09-28 00:00:00+05:30,763.6107312729913,763.6107312729913,740.215794653108,755.6798706054688,12773790
2021-09-29 00:00:00+05:30,747.2342072368468,751.7260232333723,741.689619188798,745.7603149414062,16263036
2021-09-30 00:00:00+05:30,742.0872931149418,751.6090196581471,740.7303755440723,746.2749633789062,15975348
2021-10-01 00:00:00+05:30,740.6837274337282,743.4911199571662,732.3785245518908,740.5433349609375,11128596
2021-10-04 00:00:00+05:30,743.4910687947713,749.2696065845623,740.9644042742369,741.9703979492188,7051028
2021-10-05 00:00:00+05:30,744.8948053722721,747.4682484812844,737.5254001055553,746.509033203125,10257178
2021-10-06 00:00:00+05:30,746.7663223214056,761.2009857374555,742.5552340376382,755.609619140625,18600830
2021-10-07 00:00:00+05:30,761.084061436561,761.5987386153337,751.9132577682348,753.5509033203125,11265724
2021-10-08 00:00:00+05:30,754.2527101071383,758.9316971425425,748.7081218934927,749.8778686523438,7245562
2021-10-11 00:00:00+05:30,748.5911042955163,769.693323191939,748.1699840631675,764.452880859375,13080848
2021-10-12 00:00:00+05:30,760.3354092752614,768.079155828651,760.3354092752614,762.4877319335938,8176946
2021-10-13 00:00:00+05:30,765.9501518432847,771.0970374085115,762.6748610290496,767.0731201171875,6225644
2021-10-14 00:00:00+05:30,766.4180208593087,790.7487516802391,766.4180208593087,789.5322265625,14757288
2021-10-18 00:00:00+05:30,797.7672503332213,807.1252239441683,780.0105182530649,781.5311889648438,28856456
2021-10-19 00:00:00+05:30,783.9408452246269,791.8951230348935,781.8587188797318,790.1405029296875,8987540
2021-10-20 00:00:00+05:30,790.3277778106263,794.8430122320457,778.7940620449946,783.1923217773438,10908568
2021-10-21 00:00:00+05:30,782.2331397429754,786.9822662811649,777.109614248012,784.3386840820312,9738190
2021-10-22 00:00:00+05:30,786.1165697632731,799.1709545066842,781.7417284789476,786.4207153320312,12175554
2021-10-25 00:00:00+05:30,790.7488240142435,790.7488240142435,755.0949649733542,775.3081665039062,16426766
2021-10-26 00:00:00+05:30,772.0329805142471,783.1923549001885,770.3251385582845,773.3197021484375,12090656
2021-10-27 00:00:00+05:30,773.3195706484513,779.0747474620774,766.0905586340668,768.6640014648438,13249642
2021-10-28 00:00:00+05:30,772.0329334003637,772.0329334003637,742.6255085423319,745.6434326171875,17797750
2021-10-29 00:00:00+05:30,743.9590128781347,749.5737978809885,729.9220503710001,740.613525390625,12406874
2021-11-01 00:00:00+05:30,741.6194917607675,753.7848588180418,740.9410614445757,751.1178588867188,8122320
2021-11-02 00:00:00+05:30,751.4454016168362,758.931781707664,748.6614268671785,751.7963256835938,13237722
2021-11-03 00:00:00+05:30,751.0242516160887,753.2701884011461,737.197878202498,739.9584350585938,10207338
2021-11-04 00:00:00+05:30,746.298445400309,747.6319453057723,744.005730288937,745.80712890625,1096808
2021-11-08 00:00:00+05:30,744.9414970446072,750.8370091478968,734.8114789267887,748.7548828125,18943580
2021-11-09 00:00:00+05:30,746.1113342173927,746.1113342173927,734.1565554425947,735.65380859375,12695476
2021-11-10 00:00:00+05:30,733.6651713952741,734.1330701015211,725.2429946828283,727.699462890625,13714126
2021-11-11 00:00:00+05:30,725.2665157236048,727.5358133486826,718.5053441857983,724.4476928710938,7999404
2021-11-12 00:00:00+05:30,725.2430323240301,729.4775386819591,722.9269564545162,726.646728515625,14914092
2021-11-15 00:00:00+05:30,730.904612413564,735.4666251415645,727.3018149519153,728.6353149414062,9533594
2021-11-16 00:00:00+05:30,727.582480851994,728.6118351487053,721.3126268284178,724.3071899414062,8245406
2021-11-17 00:00:00+05:30,719.1135089681062,722.4355782478812,715.1831485439678,716.2593383789062,7598878
2021-11-18 00:00:00+05:30,714.0368884967193,722.2016985884679,713.6625466615229,720.2833251953125,9152874
2021-11-22 00:00:00+05:30,723.3714420794946,726.5063407477103,701.4036193856,709.0303344726562,15261272
2021-11-23 00:00:00+05:30,702.7838511021728,714.8556604723817,700.1402120099383,709.1239013671875,11235214
2021-11-24 00:00:00+05:30,713.0776758128465,718.8562137965511,708.422106222235,710.293701171875,30802286
2021-11-25 00:00:00+05:30,708.7729654824068,717.4290913331872,705.123332817624,713.989990234375,10251652
2021-11-26 00:00:00+05:30,701.8480186535953,704.9829169569663,694.8295384670594,697.1222534179688,18624936
2021-11-29 00:00:00+05:30,699.4149985992442,705.4274854622762,684.0678984147324,702.4329223632812,12990996
2021-11-30 00:00:00+05:30,699.5086305355009,715.4171880192514,695.554908948658,698.8302001953125,25221542
2021-12-01 00:00:00+05:30,699.5085091034117,705.1467109030004,696.7478955371545,704.0237426757812,8677634
2021-12-02 00:00:00+05:30,703.9535762181189,715.3235371851069,701.8480321217536,713.8964233398438,11203110
2021-12-03 00:00:00+05:30,713.9198695084689,718.6689956881011,705.146768758102,708.1881103515625,8124694
2021-12-06 00:00:00+05:30,707.9307438918171,710.6445792398034,700.6081177018816,703.6260986328125,7029532
2021-12-07 00:00:00+05:30,708.3752369718545,716.8208316271332,706.4802814453766,713.873046875,12427534
2021-12-08 00:00:00+05:30,718.6924370302457,727.6059305314374,717.7566395861959,727.0210571289062,15295534
2021-12-09 00:00:00+05:30,722.9970627041388,727.4421004421224,712.1418354958904,714.4111328125,11747744
2021-12-10 00:00:00+05:30,713.4987204148438,714.9491949236455,705.8017527309845,712.399169921875,7779384
2021-12-13 00:00:00+05:30,714.0134703454731,719.464502037147,705.2169512717943,707.065185546875,10322142
2021-12-14 00:00:00+05:30,703.0178635846237,709.3344966351345,700.4678382738138,702.9944458007812,9191100
2021-12-15 00:00:00+05:30,703.2518408203125,712.7735692244768,699.812796335419,701.84814453125,10115148
2021-12-16 00:00:00+05:30,707.8372458051468,709.8023976917555,699.0407265336075,701.8948974609375,13210432
2021-12-17 00:00:00+05:30,700.4443094875326,704.6553975205238,686.7348556001799,689.2381591796875,14994768
2021-12-20 00:00:00+05:30,679.3889963331386,682.1963888799697,661.6556219890123,667.0598754882812,21156668
2021-12-21 00:00:00+05:30,673.5402650834045,678.8041261339001,669.0952268629861,674.616455078125,9118750
2021-12-22 00:00:00+05:30,679.5294023303934,681.2606049221063,671.7622371030151,676.207275390625,8577484
2021-12-23 00:00:00+05:30,679.9738508560433,682.1028129914248,672.3003000182912,675.6925659179688,9779166
2021-12-24 00:00:00+05:30,676.3475191748119,679.3888604924433,668.1592925504194,673.2593994140625,5561024
2021-12-27 00:00:00+05:30,668.580460708177,680.3247065996217,665.4221444980343,678.8274536132812,4705098
2021-12-28 00:00:00+05:30,683.459695192528,686.3607017715158,680.0440685179192,683.5065307617188,5450678
2021-12-29 00:00:00+05:30,681.2839280160719,683.6000037447715,677.2365928197368,680.2545166015625,7668702
2021-12-30 00:00:00+05:30,682.4302882045415,686.3372311223421,676.1136554374787,683.833984375,7215918
2021-12-31 00:00:00+05:30,683.8340127004611,694.7360762558859,683.8340127004611,692.2094116210938,6325736
2022-01-03 00:00:00+05:30,694.8295953810808,712.6097466433577,692.7240511526534,711.0422973632812,9069184
2022-01-04 00:00:00+05:30,711.2060471421149,717.2419519918268,705.4977056629859,715.2066040039062,8857352
2022-01-05 00:00:00+05:30,719.066759647386,735.5367713761124,714.9960066045779,732.1912841796875,14332638
2022-01-06 00:00:00+05:30,721.967753419475,727.4655635961949,715.9084876032401,720.4470825195312,9628930
2022-01-07 00:00:00+05:30,722.4356675971685,733.0803641242641,718.6456991580834,725.5004272460938,11179384
2022-01-10 00:00:00+05:30,728.9861360571732,735.5367175108321,723.1374026164065,729.5242309570312,8856496
2022-01-11 00:00:00+05:30,730.6473300440902,733.9927604780729,724.2137221071267,732.6826782226562,8389198
2022-01-12 00:00:00+05:30,733.6652537465073,737.7125894331506,726.1788736062368,728.3546142578125,21085530
2022-01-13 00:00:00+05:30,727.5824837410013,727.5824837410013,711.393200027693,714.94921875,41963896
2022-01-14 00:00:00+05:30,715.885077496062,724.6347611521733,710.7381913179858,722.9737548828125,11208968
2022-01-17 00:00:00+05:30,715.8850370439071,728.0504036864833,710.8083473875251,711.9078979492188,22989372
2022-01-18 00:00:00+05:30,717.2887388550224,725.664137379117,712.6097516478794,715.5341186523438,12341152
2022-01-19 00:00:00+05:30,717.7566833789662,720.4471011947609,708.0945627563246,710.4808349609375,14317626
2022-01-20 00:00:00+05:30,715.1598118180823,715.183229601881,701.8948938601593,706.0592041015625,15197846
2022-01-21 00:00:00+05:30,701.8480503767886,715.7914544908904,695.1102976698634,711.9546508789062,11537694
2022-01-24 00:00:00+05:30,706.5036291281489,711.790907358927,686.6647696631117,695.6016235351562,11868508
2022-01-25 00:00:00+05:30,682.5004800615633,699.5085871279545,675.6457523831212,696.2567138671875,13594248
2022-01-27 00:00:00+05:30,678.4530869939807,694.8295408179733,671.4346067836982,690.1271362304688,28617838
2022-01-28 00:00:00+05:30,691.3203274537698,695.6249726359689,683.1321002250448,684.6527709960938,24925208
2022-01-31 00:00:00+05:30,689.0978389232178,697.8943576936214,686.3138643897004,695.1571044921875,12842546
2022-02-01 00:00:00+05:30,705.8252323535418,709.8023715481092,689.4253590634428,700.4443969726562,14739484
2022-02-02 00:00:00+05:30,707.439482390718,718.2245712750496,704.4683367927917,716.446533203125,13969290
2022-02-03 00:00:00+05:30,715.3001889256323,720.5406318948554,706.0591889378767,709.0303344726562,10564762
2022-02-04 00:00:00+05:30,715.1364636851665,717.218590284089,708.4454886877073,713.0776977539062,11579958
2022-02-07 00:00:00+05:30,707.5096208566665,710.7381333465257,683.1321097339879,686.9454956054688,12268042
2022-02-08 00:00:00+05:30,690.8057526569561,691.7649108616467,675.9031883160477,683.997802734375,13981130
2022-02-09 00:00:00+05:30,689.6826995080589,701.7076735253208,686.4074085334615,700.72509765625,11308342
2022-02-10 00:00:00+05:30,708.398621088093,718.4584429859755,702.6200836537802,713.59228515625,14314530
2022-02-11 00:00:00+05:30,701.965063867404,713.5455573389709,701.614139822811,710.66796875,10711104
2022-02-14 00:00:00+05:30,697.1691307967247,701.5907510950923,687.4836496114692,689.5423583984375,14656620
2022-02-15 00:00:00+05:30,690.6185668794573,713.4988275713342,689.2382883898335,710.1767578125,13135066
2022-02-16 00:00:00+05:30,717.9204346111028,718.1076055341441,705.1234152402379,709.217529296875,10032264
2022-02-17 00:00:00+05:30,707.9775856519622,712.1418959411561,702.7839209616402,704.8894653320312,7351208
2022-02-18 00:00:00+05:30,701.0526444546318,709.8023272905024,697.3795939695534,707.6265869140625,7796128
2022-02-21 00:00:00+05:30,703.7195832911957,716.2124546426367,699.7658624683879,712.1885375976562,7468066
2022-02-22 00:00:00+05:30,697.0755159478297,712.1886099012698,696.209857647376,706.8545532226562,9536196
2022-02-23 00:00:00+05:30,713.592352667638,713.873080486644,699.8127577039627,702.2692260742188,9029562
2022-02-24 00:00:00+05:30,678.4064099406461,690.127239373635,658.4037383518357,664.135498046875,23630766
2022-02-25 00:00:00+05:30,673.7507966491863,685.8928037417243,670.4287268763292,681.307373046875,18318654
2022-02-28 00:00:00+05:30,667.2235404627246,673.0956919438478,661.6321738924195,667.3405151367188,24880832
2022-03-02 00:00:00+05:30,648.7415244963162,654.3095302517596,633.7219881833586,643.009765625,38505560
2022-03-03 00:00:00+05:30,646.1681843541296,651.315070688594,637.6992282634567,641.4891967773438,17527922
2022-03-04 00:00:00+05:30,636.3422642528815,648.5076310694807,625.5338151583654,639.3836059570312,21219364
2022-03-07 00:00:00+05:30,616.9244686053191,623.4048545200336,606.8880638056838,619.8722534179688,27054458
2022-03-08 00:00:00+05:30,609.2976870802052,624.1768891432812,604.5251430083352,621.2759399414062,39212492
2022-03-09 00:00:00+05:30,622.3052828761213,643.2203323186494,617.0882008482499,641.559326171875,23134694
2022-03-10 00:00:00+05:30,667.6914658500247,667.6914658500247,645.8172009386801,651.6425170898438,22273206
2022-03-11 00:00:00+05:30,649.4433817670237,659.2458364766177,642.2845089628895,653.5609130859375,15150780
2022-03-14 00:00:00+05:30,662.0767131349869,678.4531689369124,662.0767131349869,674.9673461914062,25018126
2022-03-15 00:00:00+05:30,675.4118058493968,678.219198184067,660.5560214117672,666.2877807617188,18867928
2022-03-16 00:00:00+05:30,677.0494294773479,680.7926191358266,671.996100591785,677.5875244140625,13364108
2022-03-17 00:00:00+05:30,688.7469421183597,697.075562498746,688.0685117950921,692.5135498046875,14823954
2022-03-21 00:00:00+05:30,695.765443516387,698.8769816373319,689.1213040913631,695.531494140625,12257876
2022-03-22 00:00:00+05:30,693.098353094048,700.9122383788925,681.8219489596073,699.11083984375,10461814
2022-03-23 00:00:00+05:30,705.123411414872,710.6446394736307,689.4955818487248,692.1392211914062,31188256
2022-03-24 00:00:00+05:30,685.93952279829,687.6473645478017,671.22413091639,675.0140991210938,20160044
2022-03-25 00:00:00+05:30,678.921111219455,679.3890099866635,663.9483506687848,669.516357421875,16366462
2022-03-28 00:00:00+05:30,669.5162544931684,672.8383238063171,655.8067998749772,670.4052734375,15754886
2022-03-29 00:00:00+05:30,674.2420809430911,683.2491316427125,669.0951948290217,679.29541015625,12377448
2022-03-30 00:00:00+05:30,688.746973305781,693.7768849654531,680.3482134276455,691.0630493164062,20109742
2022-03-31 00:00:00+05:30,688.2790601611094,694.6892501793495,685.8927879631939,687.9749145507812,14295714
2022-04-01 00:00:00+05:30,690.8056661643701,706.5270513810643,687.9514954595828,704.6554565429688,14568556
2022-04-04 00:00:00+05:30,739.2800143171792,805.7684143080922,731.1152040942818,775.2146606445312,97450970
2022-04-05 00:00:00+05:30,779.8468281909389,779.8468281909389,749.5738017412657,752.4981689453125,30922582
2022-04-06 00:00:00+05:30,742.882804158136,743.8654372020744,724.0031014858087,725.6407470703125,27027860
2022-04-07 00:00:00+05:30,721.1723618948894,721.1957225623213,708.258310779131,709.6854248046875,40781732
2022-04-08 00:00:00+05:30,707.5096552211411,713.8964842819717,700.5847883163185,708.7028198242188,41256322
2022-04-11 00:00:00+05:30,704.6554214956503,706.5270162406587,698.6897132459362,700.046630859375,20799066
2022-04-12 00:00:00+05:30,694.3616640533457,705.0531378211556,692.5602654991568,698.8067016601562,27435402
2022-04-13 00:00:00+05:30,697.1690664926792,702.9242433781278,684.3720484068768,685.4481811523438,28892520
2022-04-18 00:00:00+05:30,663.8781019646151,669.8672285581865,650.4026528038955,652.9292602539062,45620376
2022-04-19 00:00:00+05:30,646.1213247578577,650.1686599267982,620.9015734629207,628.0136108398438,74096022
2022-04-20 00:00:00+05:30,633.7453710453256,636.29545322895,624.8085173031893,633.6752319335938,49325736
2022-04-21 00:00:00+05:30,638.6817987018899,645.6067231021995,633.2074061310639,643.056640625,52446270
2022-04-22 00:00:00+05:30,636.3422129071619,643.5244463133578,631.2655235877911,634.283447265625,20659148
2022-04-25 00:00:00+05:30,631.6633698967772,641.3254913855457,618.6791784044545,639.0327758789062,20935488
2022-04-26 00:00:00+05:30,641.9570509671229,646.6126204361926,635.0087663212903,641.98046875,17016842
2022-04-27 00:00:00+05:30,636.3423251478798,645.2324017492105,634.5175085274548,642.2144775390625,18054334
2022-04-28 00:00:00+05:30,641.9570386552584,645.2323296688057,637.3248299413617,641.6528930664062,20773722
2022-04-29 00:00:00+05:30,645.8639695553754,657.2807094431166,641.7464951987836,647.8525390625,28401476
2022-05-02 00:00:00+05:30,637.3014329492237,658.0760890720459,637.3014329492237,656.7893676757812,19494316
2022-05-04 00:00:00+05:30,655.0581220328631,656.7425457804977,631.663189103118,634.4705810546875,29055916
2022-05-05 00:00:00+05:30,643.3607691923194,643.3607691923194,630.0256550672423,633.0435791015625,17862912
2022-05-06 00:00:00+05:30,622.3052510154229,624.6447444402929,614.3509733708648,616.5032958984375,26731268
2022-05-09 00:00:00+05:30,608.2683736009221,620.6676904474025,606.162829230765,617.55615234375,32762434
2022-05-10 00:00:00+05:30,615.3101596635764,633.066891078932,615.3101596635764,627.4755249023438,20113812
2022-05-11 00:00:00+05:30,633.0669444250589,634.002741829974,621.6736224435258,631.0081787109375,17102924
2022-05-12 00:00:00+05:30,625.3280964613642,628.0261632360961,612.0272830721492,616.7843627929688,22382290
2022-05-13 00:00:00+05:30,620.0977504004504,623.8607721581939,609.1872638600877,611.2462768554688,16768238
2022-05-16 00:00:00+05:30,614.867343445593,621.0207502699137,608.382622442987,617.7546997070312,9804356
2022-05-17 00:00:00+05:30,621.3047211117464,623.3874241380387,614.4886283805336,621.9674072265625,16641444
2022-05-18 00:00:00+05:30,626.7244457356654,631.1028309244925,620.0740105257886,621.9200439453125,15732384
2022-05-19 00:00:00+05:30,608.8086141504247,613.6367067414336,605.0692821799639,609.2109985351562,20537506
2022-05-20 00:00:00+05:30,616.7607290100877,626.7954928932373,611.7196570057959,625.2571411132812,13919350
2022-05-23 00:00:00+05:30,621.9674599302327,629.5171940370686,614.9146971161438,617.2340698242188,19486320
2022-05-24 00:00:00+05:30,615.3407344006453,627.1742100621962,613.8733949747416,624.3104858398438,12870796
2022-05-25 00:00:00+05:30,629.5408230008094,632.3571667282956,626.3220949288518,628.9728393554688,12887112
2022-05-26 00:00:00+05:30,635.2919163568214,648.9477342187919,634.2742260052379,646.912353515625,26992428
2022-05-27 00:00:00+05:30,649.326445570491,660.1658621498103,648.8294165218157,658.9115600585938,24031718
2022-05-30 00:00:00+05:30,667.5262901343535,672.3780146327596,661.9408671117387,663.4082641601562,12624674
2022-05-31 00:00:00+05:30,660.7338934097787,664.9466218858126,653.2077920753914,657.4441528320312,13485388
2022-06-01 00:00:00+05:30,653.2078050088518,662.887564224445,652.8054784242131,660.2368774414062,12091896
2022-06-02 00:00:00+05:30,656.639455430763,656.9944596416644,652.5450619755726,655.6217651367188,11475020
2022-06-03 00:00:00+05:30,661.8699556291225,663.0296130823147,651.4564974904033,653.349853515625,6957244
2022-06-06 00:00:00+05:30,651.4564884687982,656.5211926538722,644.0487215665758,652.47412109375,6173266
2022-06-07 00:00:00+05:30,644.6876878569063,650.5097803969437,640.9482983756177,644.9716796875,10253966
2022-06-08 00:00:00+05:30,650.036424833201,653.6811117575384,642.3209765785515,647.2437133789062,5986588
2022-06-09 00:00:00+05:30,644.806015573734,654.1781503456399,642.3919983690421,652.1190795898438,7311816
2022-06-10 00:00:00+05:30,643.7884328139683,647.5041328145667,635.978338459063,639.5283813476562,9155430
2022-06-13 00:00:00+05:30,626.5114406288128,629.5408215518057,619.2693891545304,627.9314575195312,10892572
2022-06-14 00:00:00+05:30,620.6657477122982,627.6474977818931,617.707379038741,621.020751953125,11870356
2022-06-15 00:00:00+05:30,616.1216730760376,622.8194309622124,614.5833214454613,618.8670043945312,11810470
2022-06-16 00:00:00+05:30,620.0740634178733,625.0678127660508,604.9272160672077,606.4892578125,12169192
2022-06-17 00:00:00+05:30,603.5072026453316,614.8673382245379,601.8978385488166,610.4889526367188,14723922
2022-06-20 00:00:00+05:30,617.5653947653956,627.1741999600592,612.5717027850421,625.8251953125,15936840
2022-06-21 00:00:00+05:30,632.8069534891858,640.9010392530179,626.72455857973,632.6412963867188,13220684
2022-06-22 00:00:00+05:30,630.6059187767403,632.8305890915806,626.3221774697528,629.6592407226562,8159698
2022-06-23 00:00:00+05:30,629.7774779340417,638.0609096242678,624.0974104893153,631.978515625,15372244
2022-06-24 00:00:00+05:30,633.5879159905552,644.5220348931247,633.5879159905552,640.8063354492188,8013432
2022-06-27 00:00:00+05:30,648.474352858583,651.3143865207373,639.9542518721198,641.9659423828125,9804164
2022-06-28 00:00:00+05:30,636.1676608819845,639.4810341157448,633.5169738511049,637.0670166015625,9770574
2022-06-29 00:00:00+05:30,630.1324782999224,639.362587841217,630.1324782999224,636.1438598632812,9994046
2022-06-30 00:00:00+05:30,632.3809061022116,640.9010081305348,632.3809061022116,638.0609741210938,12475822
2022-07-01 00:00:00+05:30,636.1439086225995,643.7410224780701,629.5645429261943,640.7826538085938,11472452
2022-07-04 00:00:00+05:30,640.7589611464242,643.8356645501927,635.3392528781949,641.6820068359375,8487480
2022-07-05 00:00:00+05:30,645.6344186304245,652.9001609789714,638.203019182199,640.2383422851562,14325718
2022-07-06 00:00:00+05:30,638.0609693695875,650.0837914761512,637.6349527152158,649.0661010742188,15049078
2022-07-07 00:00:00+05:30,653.2078053283803,661.7279071370114,650.5807508251304,660.6865844726562,17743142
2022-07-08 00:00:00+05:30,667.4079643038475,667.4079643038475,660.1895448317669,661.3018798828125,12474030
2022-07-11 00:00:00+05:30,659.8344915319934,667.3605923387361,659.4794873220587,665.5855712890625,7462880
2022-07-12 00:00:00+05:30,665.1596606593656,665.1596606593656,657.6572487168633,658.7932739257812,9876974
2022-07-13 00:00:00+05:30,657.9411875229638,659.9291881427924,641.0193188510601,642.7233276367188,15945610
2022-07-14 00:00:00+05:30,644.6876772822643,649.728748870004,638.6526054134325,639.504638671875,10372410
2022-07-15 00:00:00+05:30,640.4276239716492,646.0603692493304,637.4929454810771,644.7113647460938,13595646
2022-07-18 00:00:00+05:30,638.0609408531288,646.6283647787831,635.2445970528642,637.8479614257812,20332220
2022-07-19 00:00:00+05:30,632.8542367511087,643.0547152126437,632.8542367511087,638.0846557617188,15792538
2022-07-20 00:00:00+05:30,643.6937013470418,648.9950749004665,641.492663496681,646.1314086914062,20347862
2022-07-21 00:00:00+05:30,644.0014246445072,648.237785747247,642.8417093809554,644.0960693359375,12640278
2022-07-22 00:00:00+05:30,646.5810889636165,661.2545983032007,644.877080080309,659.1245727539062,12729592
2022-07-25 00:00:00+05:30,660.3079157258574,664.8519586435416,654.7698724481547,661.0652465820312,10143126
2022-07-26 00:00:00+05:30,660.7811380675448,663.6211716122477,656.1897736158606,659.7161254882812,8527964
2022-07-27 00:00:00+05:30,657.4205091247603,665.5145939819267,655.219471350983,664.7572631835938,9212778
2022-07-28 00:00:00+05:30,669.7984150425293,674.0347762331419,667.8813688658449,670.650390625,17420406
2022-07-29 00:00:00+05:30,680.6614431431668,680.9454349708267,669.916671568808,678.8627319335938,20019736
2022-08-01 00:00:00+05:30,681.1347798374608,685.6078100048894,676.8984191557296,684.5191650390625,13193036
2022-08-02 00:00:00+05:30,682.5548362631915,683.7855061039321,673.5850853482716,676.9931030273438,15036510
2022-08-03 00:00:00+05:30,674.4843417078575,679.5964256924633,670.7213200112976,678.5787353515625,10975498
2022-08-04 00:00:00+05:30,681.6081431357295,684.7794912450086,668.8043003902649,677.7741088867188,12012206
2022-08-05 00:00:00+05:30,678.2947985756512,680.1644645453026,672.6857428860559,675.4784545898438,9268982
2022-08-08 00:00:00+05:30,675.9280724889151,693.2049454902074,675.5020558450844,692.0452880859375,15357736
2022-08-10 00:00:00+05:30,691.7139440904666,696.5183465521361,685.8919089915445,694.0570068359375,17353102
2022-08-11 00:00:00+05:30,703.6184404151097,705.748465966316,697.9620623413853,703.23974609375,18301766
2022-08-12 00:00:00+05:30,702.9084187458374,704.9437995689399,698.6246776607533,702.9794311523438,8850370
2022-08-16 00:00:00+05:30,707.5471540191029,714.0318751491698,704.3521157975206,711.0261840820312,12563756
2022-08-17 00:00:00+05:30,710.0085729755137,716.0436458458056,703.2634915322463,714.6946411132812,12384350
2022-08-18 00:00:00+05:30,710.0084658675503,716.5878892073837,709.8428087816419,715.5465087890625,8342138
2022-08-19 00:00:00+05:30,714.7418839044774,715.6885618964038,705.2751039852128,706.7188110351562,8063702
2022-08-22 00:00:00+05:30,702.8137207240729,704.4940393871315,694.7195781706567,695.9739379882812,8234066
2022-08-23 00:00:00+05:30,687.903575143371,698.6246570090722,686.5308805205054,693.8203125,14966884
2022-08-24 00:00:00+05:30,691.9742490093071,698.4116474192263,690.6961991270781,697.1572875976562,13455520
2022-08-25 00:00:00+05:30,700.4944420172992,703.7604928802608,689.654966674725,693.3706665039062,11823040
2022-08-26 00:00:00+05:30,696.778693332773,701.3937485514476,691.642918993121,693.4889526367188,7706176
2022-08-29 00:00:00+05:30,680.1881325761254,684.4481835108402,676.2120734809305,681.3241577148438,8653178
2022-08-30 00:00:00+05:30,684.661114814141,705.2513595511165,683.075440856041,703.4290161132812,10135400
2022-09-01 00:00:00+05:30,693.3232687724303,705.014718429371,690.6015696459982,696.8259887695312,22403136
2022-09-02 00:00:00+05:30,696.8260165078848,705.5117755531663,693.5362758079048,703.1450805664062,12038086
2022-09-05 00:00:00+05:30,703.4290477623429,709.5351321703702,702.482369800808,707.6654663085938,12131932
2022-09-06 00:00:00+05:30,709.4878176550125,713.156194796427,703.5947126110668,704.9674072265625,12238696
2022-09-07 00:00:00+05:30,696.4237030597683,705.2751193650466,696.4237030597683,701.6304321289062,9776206
2022-09-08 00:00:00+05:30,705.3223942153467,710.0084616181538,701.5593724810251,708.8724365234375,11164690
2022-09-09 00:00:00+05:30,708.2098000210051,714.2685624302175,707.1921673792319,709.3458251953125,15128888
2022-09-12 00:00:00+05:30,710.0085188900646,711.901874940438,705.2751287641307,706.9555053710938,11080492
2022-09-13 00:00:00+05:30,709.4877773732925,717.534539678244,709.3221202937293,716.2091674804688,13001966
2022-09-14 00:00:00+05:30,707.1921240116534,728.4213656433966,706.3874130797399,723.5696411132812,20219760
2022-09-15 00:00:00+05:30,724.2086553128241,729.3916941454547,715.6885534856144,719.8065795898438,13539372
2022-09-16 00:00:00+05:30,711.4758292509372,716.9665500169183,701.9617270420313,706.5767822265625,20560046
2022-09-19 00:00:00+05:30,704.8017372069685,716.6352116395905,700.5416864112245,711.2391357421875,12076038
2022-09-20 00:00:00+05:30,716.6352314664156,721.3686213704209,714.694553161901,719.8065795898438,10781668
2022-09-21 00:00:00+05:30,713.7952277007117,720.1853043412685,712.3752106694769,718.6942749023438,9072304
2022-09-22 00:00:00+05:30,710.9551991274026,714.8129236481702,701.8434231066286,703.3817749023438,12048144
2022-09-23 00:00:00+05:30,696.920622977358,698.1749828076821,680.1881018946707,684.5191650390625,15806252
2022-09-26 00:00:00+05:30,674.6736987181858,679.9277498021432,671.1946687964193,675.2890625,8923486
2022-09-27 00:00:00+05:30,678.0108084136324,681.6081733278456,665.9879860224158,669.2303466796875,12639700
2022-09-28 00:00:00+05:30,665.5146136488581,667.6919614261478,656.0005115959231,657.7282104492188,11816132
2022-09-29 00:00:00+05:30,660.9232428535685,663.7158966193714,652.6398106789119,654.3201293945312,14410388
2022-09-30 00:00:00+05:30,652.6397959370244,677.561046520772,646.1076950288735,672.7803344726562,15781756
2022-10-03 00:00:00+05:30,667.3843166684661,671.1237064183372,663.1952779695787,668.9226684570312,11541112
2022-10-04 00:00:00+05:30,676.6381897476731,690.1283530270076,675.0525154446527,687.7616577148438,11538526
2022-10-06 00:00:00+05:30,691.051216767887,692.3055766138067,678.8627381029233,680.1881103515625,12549198
2022-10-07 00:00:00+05:30,676.9930584243101,679.2177284598232,672.3069910888432,677.25341796875,13297994
2022-10-10 00:00:00+05:30,666.4612853356891,674.9813869948101,661.8225402090238,669.774658203125,13109302
2022-10-11 00:00:00+05:30,663.195218193418,670.721319359864,662.4141973381068,662.9822387695312,14521620
2022-10-12 00:00:00+05:30,664.1892100752841,669.7036205529012,661.3965564168059,667.3132934570312,9225050
2022-10-13 00:00:00+05:30,663.6450131620727,665.6330139849169,655.1012205192,659.645263671875,14714234
2022-10-14 00:00:00+05:30,670.7213084715949,684.9214773171474,669.8929652889377,681.134765625,12849920
2022-10-17 00:00:00+05:30,679.2414685381723,689.9389184377674,675.4547565184473,684.7085571289062,18410500
2022-10-18 00:00:00+05:30,690.1519908382136,692.4476735610679,681.6081982959277,683.4305419921875,10561108
2022-10-19 00:00:00+05:30,692.9682650667686,699.3110189397639,687.9508834468661,690.4359130859375,12967040
2022-10-20 00:00:00+05:30,683.5015092803935,687.7142378951055,682.7915007873737,685.7735595703125,7898078
2022-10-21 00:00:00+05:30,687.2882499642978,689.9626269558933,678.7681476920131,680.9454956054688,10492606
2022-10-24 00:00:00+05:30,688.3769222390107,692.4949483754677,688.3769222390107,691.5719604492188,2167794
2022-10-25 00:00:00+05:30,691.5955514291327,694.7669571686256,683.9748056352751,686.7675170898438,13773394
2022-10-27 00:00:00+05:30,693.2049677303476,694.5539723285599,686.9332259601686,688.4242553710938,15937276
2022-10-28 00:00:00+05:30,686.3415684282495,694.3883316443048,685.110898551334,690.4595947265625,10474278
2022-10-31 00:00:00+05:30,696.7550217495098,709.061835992368,694.5066614551414,708.4464721679688,12830528
2022-11-01 00:00:00+05:30,711.6650966995318,723.7352396764776,709.4877491304053,716.2801513671875,19073756
2022-11-02 00:00:00+05:30,718.0552306509842,723.3802941610854,715.4991886100082,716.7298583984375,12720406
2022-11-03 00:00:00+05:30,708.9197790999174,719.5935963898347,708.5884649206265,713.5822143554688,10332352
2022-11-04 00:00:00+05:30,711.5231511022943,717.6292356675809,705.0857523541924,708.6594848632812,10818060
2022-11-07 00:00:00+05:30,714.7418728342593,715.6885508115232,706.2690933816195,714.1738891601562,9835834
2022-11-09 00:00:00+05:30,717.1322211596956,718.504857932011,711.9018024905791,713.9608154296875,9269790
2022-11-10 00:00:00+05:30,708.6357980412447,722.7886455515248,707.6654877696277,721.7236328125,12774182
2022-11-11 00:00:00+05:30,731.3087903049284,774.8559804072283,727.9954171449708,762.6201782226562,56722338
2022-11-14 00:00:00+05:30,763.0224185196467,770.5958420285266,756.3956729493768,764.4661254882812,19195390
2022-11-15 00:00:00+05:30,768.3002449618797,768.3002449618797,759.8274649136445,766.3358764648438,11030202
2022-11-16 00:00:00+05:30,766.170202291269,777.2226566503574,763.022486309608,772.915283203125,13578150
2022-11-17 00:00:00+05:30,765.9097205854847,772.2761639414015,763.9217201670565,765.9334106445312,12100930
2022-11-18 00:00:00+05:30,767.2825092660813,768.2291872540715,759.8274201106582,763.9218139648438,10459232
2022-11-21 00:00:00+05:30,760.9634887596205,763.0225019450933,752.7036881737774,756.0880737304688,8344816
2022-11-22 00:00:00+05:30,757.3423417907524,759.4013547263689,753.0822911181793,754.9756469726562,8546314
2022-11-23 00:00:00+05:30,759.7091462925441,759.7091462925441,754.5024169410065,756.9401245117188,10185738
2022-11-24 00:00:00+05:30,760.1587437409996,772.4892478000642,756.9400732102165,769.2468872070312,17197960
2022-11-25 00:00:00+05:30,771.4004771220918,772.3471550385603,764.0164009297646,765.69677734375,8410496
2022-11-28 00:00:00+05:30,758.7151143331906,760.8687721706614,754.526075630677,757.4607543945312,16105980
2022-11-29 00:00:00+05:30,756.0407151883402,763.188122507995,753.958012039269,756.32470703125,12638236
2022-11-30 00:00:00+05:30,755.969655277555,763.4484340945068,755.969655277555,761.342041015625,15184806
2022-12-01 00:00:00+05:30,767.7558572644913,774.8559422576894,764.4424842676656,766.572509765625,20446366
2022-12-02 00:00:00+05:30,762.075758564348,766.1464622403034,759.7800760651729,760.7030639648438,7811078
2022-12-05 00:00:00+05:30,762.052089952201,764.2531278294877,755.5436787874839,763.4721069335938,11592622
2022-12-06 00:00:00+05:30,757.8157755845892,763.8271580625411,757.3424365617382,762.6201782226562,12353092
2022-12-07 00:00:00+05:30,764.0402074401583,766.1465430130813,759.4487841771094,762.288818359375,11674720
2022-12-08 00:00:00+05:30,762.0757892699328,769.6492132626774,759.7090942722001,766.572509765625,14803634
2022-12-09 00:00:00+05:30,769.6491658684815,773.8382042003839,766.8091320460886,772.03955078125,11963384
2022-12-12 00:00:00+05:30,769.1759186371198,782.7134032490045,767.4719096965754,778.051025390625,14434808
2022-12-13 00:00:00+05:30,781.0093040192777,784.322676824208,778.6426091586131,780.2046508789062,17031702
2022-12-14 00:00:00+05:30,782.4293535828931,788.3460909814328,781.0093366072435,786.8077392578125,14227640
2022-12-15 00:00:00+05:30,784.3464638441227,790.1921893164714,770.1462929247442,772.3946533203125,18182648
2022-12-16 00:00:00+05:30,766.8328578314446,778.6899649239426,761.6024388526127,776.1102905273438,14647958
2022-12-19 00:00:00+05:30,778.169287755073,779.4236476156718,769.7438307486328,778.5242919921875,9604542
2022-12-20 00:00:00+05:30,766.903867720086,774.5719946187421,766.903867720086,773.1519775390625,7174698
2022-12-21 00:00:00+05:30,776.7492390037293,778.5479501770524,760.442734825503,765.673095703125,9269198
2022-12-22 00:00:00+05:30,767.850487106121,770.3592068674686,761.6024355451656,763.046142578125,9747096
2022-12-23 00:00:00+05:30,751.1889697537788,759.3067449086949,750.455271214228,756.2300415039062,10693152
2022-12-26 00:00:00+05:30,757.105686415071,775.8025758263841,752.6089661769071,771.2821655273438,9907322
2022-12-27 00:00:00+05:30,772.9626491855131,774.358976235593,763.7325379429427,772.0632934570312,7926772
2022-12-28 00:00:00+05:30,768.2764702109968,772.9625375674409,768.2764702109968,771.4478759765625,8691870
2022-12-29 00:00:00+05:30,766.8564752725806,777.9326190377025,762.5491020807658,776.8912963867188,11012896
2022-12-30 00:00:00+05:30,778.6426203561981,778.6426203561981,766.8091458826996,770.6668701171875,7122640
2023-01-02 00:00:00+05:30,770.122592864354,776.1576654267515,766.1229012195713,770.92724609375,4381378
2023-01-03 00:00:00+05:30,767.85048648393,777.6959605884185,767.85048648393,775.96826171875,8378030
2023-01-04 00:00:00+05:30,773.9092723546631,778.9976666530196,760.6557802287117,762.0994873046875,10351600
2023-01-05 00:00:00+05:30,764.4424266422033,765.8861335942461,752.3249607233827,757.2003173828125,10941436
2023-01-06 00:00:00+05:30,758.2890149353148,761.6497099996876,747.0235245599769,754.691650390625,9092462
2023-01-09 00:00:00+05:30,755.4490491123827,762.8094937244492,752.6090150931632,756.1590576171875,10729340
2023-01-10 00:00:00+05:30,757.3424088115413,757.3424088115413,740.7755436187888,742.3375854492188,16371766
2023-01-11 00:00:00+05:30,742.1718091980973,756.3956682495882,738.4087875277582,753.0349731445312,15195798
2023-01-12 00:00:00+05:30,751.5676897826115,759.1884361515325,749.8399908708047,757.0584106445312,9250070
2023-01-13 00:00:00+05:30,756.750729788885,762.0284712196939,750.7156575106625,757.6500854492188,9244546
2023-01-16 00:00:00+05:30,764.4424213611721,767.4244799251755,748.0175825407742,750.38427734375,14748094
2023-01-17 00:00:00+05:30,752.5143515673539,762.5491150718101,746.6922588614403,761.5551147460938,10786354
2023-01-18 00:00:00+05:30,759.7091126719464,777.0333089188046,757.200392801334,774.9979858398438,19090642
2023-01-19 00:00:00+05:30,774.8558577602039,781.0092640832843,772.9625019684869,778.216552734375,11172162
2023-01-20 00:00:00+05:30,778.2166926967351,790.0028461760414,777.885378485851,786.1924438476562,18843404
2023-01-23 00:00:00+05:30,788.701120801895,796.4402020140254,786.4054381729433,791.9434814453125,15444400
2023-01-24 00:00:00+05:30,792.866505329516,805.8123152644733,792.842815267551,802.5462646484375,24983940
2023-01-25 00:00:00+05:30,800.6056037705797,801.3392445591735,778.7846872191718,780.370361328125,14704142
2023-01-27 00:00:00+05:30,772.4892355564111,774.8559305182873,752.5853078147762,764.8211669921875,35179948
2023-01-30 00:00:00+05:30,754.9757076943356,769.3179025577755,748.8223006723755,764.0401611328125,18512822
2023-01-31 00:00:00+05:30,766.6671531399184,768.0871701361255,754.975702983403,758.9990844726562,18596244
2023-02-01 00:00:00+05:30,768.7025579600521,788.1094575144623,760.1824557166525,770.3829345703125,17302790
2023-02-02 00:00:00+05:30,761.1763996984457,768.9391705012463,752.0173020214557,758.9280395507812,17497106
2023-02-03 00:00:00+05:30,762.5491167048964,785.9793968271139,760.6557607354243,785.1747436523438,14411100
2023-02-06 00:00:00+05:30,785.7426930007946,790.1920908907817,779.2105920792565,781.837646484375,11167672
2023-02-07 00:00:00+05:30,785.4586505805794,788.06201475717,772.773143844212,782.9972534179688,10264588
2023-02-08 00:00:00+05:30,783.0210447115362,789.6241006826871,781.0093539513584,782.9027099609375,8444826
2023-02-09 00:00:00+05:30,785.7427448206556,786.5237657315753,774.1696293119086,781.2697143554688,11777336
2023-02-10 00:00:00+05:30,780.441316337142,785.0326812308807,777.3172329126792,784.3699951171875,8172116
2023-02-13 00:00:00+05:30,783.3760568391949,786.5710951374816,778.429687326696,784.9617309570312,5736944
2023-02-14 00:00:00+05:30,788.1094517520668,794.026189377833,784.7723886188783,792.2274780273438,10908592
2023-02-15 00:00:00+05:30,794.262851292887,794.262851292887,784.204397425203,790.6181640625,11438712
2023-02-16 00:00:00+05:30,791.9908166376073,796.1089007357218,786.216103767944,787.7544555664062,8062500
2023-02-17 00:00:00+05:30,786.2160803362563,789.6004657481362,777.6722882594793,783.8020629882812,8956270
2023-02-20 00:00:00+05:30,785.7427736956203,790.2158043251848,773.8146534963532,776.441650390625,8086706
2023-02-21 00:00:00+05:30,776.2759576421577,786.8550727038969,773.4359236507838,779.3526611328125,12389296
2023-02-22 00:00:00+05:30,775.8026119130404,777.1989388344294,761.6261321413451,764.0637817382812,10359102
2023-02-23 00:00:00+05:30,763.4957924668398,766.2648140080034,753.6029959990215,758.8807373046875,27882010
2023-02-24 00:00:00+05:30,765.8151364213195,765.8151364213195,750.336917326773,752.1119384765625,17061740
2023-02-27 00:00:00+05:30,750.6683165199346,756.8690457387776,746.5976127581428,753.981689453125,14312972
2023-02-28 00:00:00+05:30,753.5556504719998,759.8510819707354,751.9936087375356,757.1530151367188,18993992
2023-03-01 00:00:00+05:30,763.0224897194503,763.4958287329239,755.3307307505042,756.41943359375,14137256
2023-03-02 00:00:00+05:30,754.5023440243442,760.1587217973406,748.8222761897821,749.98193359375,17391814
2023-03-03 00:00:00+05:30,755.4490119813835,766.8091474999005,751.6623001418777,764.8684692382812,14986234
2023-03-06 00:00:00+05:30,766.8091895470669,776.0156100994345,765.8862015978312,770.2645874023438,27004710
2023-03-08 00:00:00+05:30,766.8091679963849,776.039278351897,766.8091679963849,771.8029174804688,20099774
2023-03-09 00:00:00+05:30,771.5188971092862,779.0923212778464,770.1225701404643,771.8739013671875,20700166
2023-03-10 00:00:00+05:30,762.2887875145955,763.8508293638935,750.2423327911828,751.9700317382812,27387000
2023-03-13 00:00:00+05:30,751.6150309707979,759.1411328403547,740.751865944351,742.4559326171875,26443550
2023-03-14 00:00:00+05:30,743.2605460585534,749.5796099935142,738.0775072511518,740.4678344726562,33185612
2023-03-15 00:00:00+05:30,746.9288948951588,749.2482674050162,727.3326499748621,729.8413696289062,37264754
2023-03-16 00:00:00+05:30,728.4686837227395,737.982785579755,725.1790009533352,734.5747680664062,21753342
2023-03-17 00:00:00+05:30,737.2254484326775,747.4968810064513,728.9420164278159,744.3965454101562,22950876
2023-03-20 00:00:00+05:30,742.1718000249613,742.2428124251653,731.4980411337617,739.2371215820312,26503114
2023-03-21 00:00:00+05:30,744.0651312534271,749.0588802339063,736.6100428719521,747.6151733398438,33050494
2023-03-22 00:00:00+05:30,749.768929690198,750.7392976925187,740.9175140491653,745.8875732421875,14177324
2023-03-23 00:00:00+05:30,742.0771890697815,752.7746385074203,737.722493547406,739.8998413085938,28364178
2023-03-24 00:00:00+05:30,738.4087487959376,744.9881716394126,736.0183640289285,738.7164306640625,31477748
2023-03-27 00:00:00+05:30,739.4500901227714,747.6151870715003,737.8881062444385,741.9351196289062,31872006
2023-03-28 00:00:00+05:30,741.1068602762156,749.2483258664123,740.3495294210122,747.9702758789062,39276302
2023-03-29 00:00:00+05:30,749.7688548962433,758.2889555200643,748.7748547129236,751.5675659179688,39763612
2023-03-31 00:00:00+05:30,755.2596794028502,763.4720993070749,753.7450177500838,761.86279296875,34711228
2023-04-03 00:00:00+05:30,760.9161645808721,764.7738313686872,758.6441141730105,762.336181640625,40025398
2023-04-05 00:00:00+05:30,766.1464855665928,783.8493755314626,764.9158157360166,782.7843627929688,43365392
2023-04-06 00:00:00+05:30,780.3230741298614,790.0974787885557,779.6366978740349,788.7484741210938,44637344
2023-04-10 00:00:00+05:30,787.2810834915474,790.9494607030667,782.902697787476,785.009033203125,31813286
2023-04-11 00:00:00+05:30,785.26936780893,790.1921047569881,781.5299783108553,787.3047485351562,42361542
2023-04-12 00:00:00+05:30,789.5294292037479,799.0908536154229,789.4347845187364,797.5288696289062,26955504
2023-04-13 00:00:00+05:30,799.1382893920855,803.280005810938,794.3338867900884,801.1026000976562,35330086
2023-04-17 00:00:00+05:30,814.1431285287981,814.1431285287981,782.5714384591537,788.8905029296875,32405148
2023-04-18 00:00:00+05:30,790.4760815811592,793.9077891209577,784.0386831315956,785.5533447265625,29637226
2023-04-19 00:00:00+05:30,788.1094206815565,790.6181404482337,784.3937211551915,788.4407348632812,24741168
2023-04-20 00:00:00+05:30,791.280785812552,794.0024850715804,788.7721237726142,791.37548828125,32922716
2023-04-21 00:00:00+05:30,790.0027556575246,793.7657774269219,787.2810565292857,792.6534423828125,20128618
2023-04-24 00:00:00+05:30,798.5229093249309,800.6292448057368,792.4168245439707,799.0672607421875,35675852
2023-04-25 00:00:00+05:30,798.8542527375239,798.8542527375239,786.6421405095866,787.7071533203125,50353068
2023-04-26 00:00:00+05:30,785.7427625625156,792.8428477663938,783.3760674945562,791.3281860351562,27392750
2023-04-27 00:00:00+05:30,790.7127411596693,797.6944908945422,788.5117034159383,795.6828002929688,47790392
2023-04-28 00:00:00+05:30,797.4341901096315,800.4162489215953,790.4761299225689,798.806884765625,27916272
2023-05-02 00:00:00+05:30,799.3274927082318,804.202907194295,796.1561447326687,798.6411743164062,32221184
2023-05-03 00:00:00+05:30,797.552545393005,802.7829645894082,795.0438832970477,801.4339599609375,29407270
2023-05-04 00:00:00+05:30,798.5702121515963,820.9828021558743,798.5702121515963,817.8351440429688,56854638
2023-05-05 00:00:00+05:30,775.8026458391606,786.1924141095578,767.8032049269116,769.4835815429688,62770416
2023-05-08 00:00:00+05:30,773.9092329312004,781.174974723999,771.5425380292702,778.3822631835938,37244524
2023-05-09 00:00:00+05:30,780.9619868467801,783.8493430397727,776.2522293745058,778.4059448242188,43688938
2023-05-10 00:00:00+05:30,778.4059920594077,783.210394506021,773.0099158578086,782.0033569335938,46340550
2023-05-11 00:00:00+05:30,788.180360878663,798.9961442851643,780.6542600487602,782.52392578125,35734618
2023-05-12 00:00:00+05:30,779.5893400518114,791.8015094745331,778.287657790037,789.434814453125,22478760
2023-05-15 00:00:00+05:30,791.4227853213184,795.5645014526352,788.1567347587811,793.2214965820312,18512260
2023-05-16 00:00:00+05:30,800.4030139627808,800.4030139627808,787.0932626645074,788.6732177734375,32722086
2023-05-17 00:00:00+05:30,789.9658807338478,789.9658807338478,778.1642575542323,784.4360961914062,30466868
2023-05-18 00:00:00+05:30,789.0083230433131,791.8569644245696,785.1781855528116,787.572021484375,49646942
2023-05-19 00:00:00+05:30,789.0083827444214,789.9659171894996,781.1326853109591,788.4817504882812,30460332
2023-05-22 00:00:00+05:30,787.5720763787239,791.3543491028732,781.6832161993159,785.6809692382812,28334032
2023-05-23 00:00:00+05:30,789.487061418846,789.774310031499,782.0422085660649,783.8375854492188,22470074
2023-05-24 00:00:00+05:30,779.2176169192138,782.6647175463944,772.5387790945629,773.5921020507812,33588112
2023-05-25 00:00:00+05:30,773.5441253964981,775.6268094273125,764.7587591498904,770.6236572265625,29776930
2023-05-26 00:00:00+05:30,775.1241337865805,775.1241337865805,767.1047828039214,773.5921020507812,26635066
2023-05-29 00:00:00+05:30,779.6723115571738,785.6569009919081,777.9247997535801,783.023681640625,21816292
2023-05-30 00:00:00+05:30,782.1141249746089,786.446991726549,779.6963855607993,783.6222534179688,37125928
2023-05-31 00:00:00+05:30,780.3427069263231,782.7604463317739,768.2538345692759,771.22216796875,43334270
2023-06-01 00:00:00+05:30,775.5550374999791,775.5550374999791,766.0275580579801,767.942626953125,50366938
2023-06-02 00:00:00+05:30,771.9881679023533,773.1133176055869,766.5063067001975,769.1395263671875,17859710
2023-06-05 00:00:00+05:30,772.9696926063541,773.9272270660708,767.2005241092544,768.1341552734375,18697242
2023-06-06 00:00:00+05:30,769.6900022341931,770.7432665620512,762.3169766094235,765.7401733398438,32182852
2023-06-07 00:00:00+05:30,767.6792286969496,772.0360568877586,764.1124365028589,769.7139892578125,24949026
2023-06-08 00:00:00+05:30,767.5834304077028,778.4753830300483,767.5834304077028,770.1926879882812,37395522
2023-06-09 00:00:00+05:30,773.6399676877086,774.8847507794242,769.3789277124094,771.1024780273438,18212578
2023-06-12 00:00:00+05:30,772.0360368064102,773.592030136009,765.7641400155738,766.4105224609375,13408292
2023-06-13 00:00:00+05:30,761.2876940266594,770.3364055694209,761.2876940266594,767.7031860351562,27926108
2023-06-14 00:00:00+05:30,771.0306076745784,771.772720205927,766.1232439139638,766.8653564453125,20113968
2023-06-15 00:00:00+05:30,767.9425712071014,768.8761438484094,755.9733914813049,757.4336547851562,35377476
2023-06-16 00:00:00+05:30,759.8753597118556,770.4321412189463,758.3672313699111,767.3441162109375,15779272
2023-06-19 00:00:00+05:30,771.2940091758765,772.8500026766968,765.2375920147995,768.0144653320312,24829146
2023-06-20 00:00:00+05:30,768.0144276761805,771.2939713592292,761.5510703742875,769.6182861328125,20005626
2023-06-21 00:00:00+05:30,773.6877691232111,783.8615717803077,771.2939332038942,783.0715942382812,24308946
2023-06-22 00:00:00+05:30,785.1782441229523,793.5806322468177,784.7234386393332,786.9017944335938,56596140
2023-06-23 00:00:00+05:30,784.0053012285746,794.7057371354,782.3296159227949,786.8539428710938,21339218
2023-06-26 00:00:00+05:30,787.571994837304,790.3249060654587,779.7680665871447,783.0476684570312,16130314
2023-06-27 00:00:00+05:30,786.5905337191974,800.9296461673263,784.4840048316838,794.083251953125,33831864
2023-06-28 00:00:00+05:30,799.5412267594668,804.2810337444777,794.9929383437692,802.4856567382812,59562950
2023-06-30 00:00:00+05:30,815.8193069543128,818.1174128864183,805.8848875767882,814.5745239257812,40699016
2023-07-03 00:00:00+05:30,819.8888261766497,841.4333500761821,818.6919081822313,823.3838500976562,44104116
2023-07-04 00:00:00+05:30,825.1312514621555,836.406241634242,820.5111950503219,827.4053955078125,38795188
2023-07-05 00:00:00+05:30,821.6842446245804,823.4796217067899,798.8470715161803,801.1212158203125,37165754
2023-07-06 00:00:00+05:30,800.9774632331506,808.0871439109142,794.9450086715105,801.9349975585938,52156544
2023-07-07 00:00:00+05:30,797.1473245803539,801.9349961994551,792.9820736490386,794.9450073242188,19926336
2023-07-10 00:00:00+05:30,795.2322469471919,802.7728296620735,789.8221547014347,793.0538330078125,38398442
2023-07-11 00:00:00+05:30,796.1898797980671,802.4138536028626,787.8114535223809,789.1998901367188,50670426
2023-07-12 00:00:00+05:30,792.5272531476065,797.7697889233564,779.0260418202364,781.8028564453125,70958358
2023-07-13 00:00:00+05:30,793.1735905563402,793.5326659534852,784.2446291019418,785.704833984375,41913546
2023-07-14 00:00:00+05:30,791.6893499559882,791.6893499559882,782.7842926275915,787.3325805664062,24727214
2023-07-17 00:00:00+05:30,789.9659226138649,805.2864738403157,781.826879774813,803.8023071289062,49252928
2023-07-18 00:00:00+05:30,812.9467471445371,815.8193504913376,799.5412648594681,803.1320190429688,81076818
2023-07-19 00:00:00+05:30,804.8555610048314,808.5181419226229,801.9350926545632,806.7706298828125,32935134
2023-07-20 00:00:00+05:30,804.8795083270657,810.0741208768967,804.3289143458549,808.5181274414062,56210948
2023-07-21 00:00:00+05:30,804.3288890002611,809.0208308967337,801.0972104283851,802.2941284179688,42154248
2023-07-24 00:00:00+05:30,803.6107312414538,806.555161158962,799.5890751426567,803.5628662109375,32179444
2023-07-25 00:00:00+05:30,806.555183500857,813.4254812031791,803.5628884699448,812.2764282226562,55992596
2023-07-26 00:00:00+05:30,813.7127611681419,813.7127611681419,808.1590730655859,809.4517211914062,24794358
2023-07-27 00:00:00+05:30,813.8564004422645,815.3405671200665,798.3203692500316,801.0493774414062,59741302
2023-07-28 00:00:00+05:30,795.4717530151033,799.0146422074048,785.704889829906,786.8539428710938,41015684
2023-07-31 00:00:00+05:30,789.989808735889,793.2214872008873,784.5557544882844,790.5403442382812,34565006
2023-08-01 00:00:00+05:30,792.0963421090329,798.3203154846697,789.9658515231379,795.8307495117188,35394188
2023-08-02 00:00:00+05:30,786.1357533490648,790.6840418124119,781.8986752587043,785.4176025390625,28116322
2023-08-03 00:00:00+05:30,785.1781976196645,790.6121935791729,777.0391553272656,779.7442016601562,57673946
2023-08-04 00:00:00+05:30,782.8562191326811,793.0778874299197,780.0314808905504,791.0191650390625,37388304
2023-08-07 00:00:00+05:30,796.2377106290166,796.2377106290166,788.7929158097952,790.5643310546875,28300918
2023-08-08 00:00:00+05:30,790.779775695363,792.6469794990385,786.1597188833139,789.9180297851562,43773828
2023-08-09 00:00:00+05:30,791.4021180992739,792.1202688416507,780.9171055719207,790.2052001953125,33361236
2023-08-10 00:00:00+05:30,788.5535116922156,792.0006120305654,780.8692750321005,783.1912841796875,50781118
2023-08-11 00:00:00+05:30,784.4121451817492,784.4121451817492,773.7834789124577,775.0283203125,28225822
2023-08-14 00:00:00+05:30,771.2940198202658,773.2090887707817,766.1472720157544,771.2461547851562,31304410
2023-08-16 00:00:00+05:30,757.9363390305685,770.6476315074848,757.0745931406195,768.995849609375,34137542
2023-08-17 00:00:00+05:30,764.8784583736676,770.7673182443161,763.1549081618289,764.73486328125,52884040
2023-08-18 00:00:00+05:30,760.0668453838622,764.2560581283789,759.085349306415,761.598876953125,25633366
2023-08-21 00:00:00+05:30,766.2668661889733,766.2668661889733,759.8035093045302,761.0004272460938,21837270
2023-08-22 00:00:00+05:30,764.2799958764373,765.069973432526,756.4521639695814,757.7448120117188,32273570
2023-08-23 00:00:00+05:30,756.4521477981758,761.5031649471699,753.2204693186583,759.6119995117188,36498588
2023-08-24 00:00:00+05:30,762.8197446808867,764.2081226998831,754.6088761414499,756.1170043945312,43145792
2023-08-25 00:00:00+05:30,753.8429059393314,755.2552457791736,746.1108040957927,747.594970703125,30069756
2023-08-28 00:00:00+05:30,747.5949720764402,757.7209098998453,747.5949720764402,755.3749389648438,28867238
2023-08-29 00:00:00+05:30,761.0961768187698,762.5085750919843,757.1463475103358,761.3834838867188,35538932
2023-08-30 00:00:00+05:30,767.9186450321,767.9186450321,753.4359368932027,755.8297729492188,28084204
2023-08-31 00:00:00+05:30,755.973358072876,757.9602535082042,748.3609484150296,752.358642578125,100075772
2023-09-01 00:00:00+05:30,752.1432576208482,755.9733951516992,746.5656081528945,753.9146728515625,43226776
2023-09-04 00:00:00+05:30,761.2398119383075,761.9340009681175,754.010439249432,758.6305541992188,25073638
2023-09-05 00:00:00+05:30,760.4738554447009,760.4738554447009,751.9517756465584,754.010498046875,38712082
2023-09-06 00:00:00+05:30,754.9201238552107,766.0274992165465,754.010454511239,763.873046875,56320910
2023-09-07 00:00:00+05:30,763.8731027987624,772.730296406896,759.8754081832036,771.22216796875,34208342
2023-09-08 00:00:00+05:30,770.0012791246807,781.7789400663747,769.6661070326583,777.2306518554688,34502210
2023-09-11 00:00:00+05:30,779.8639437312936,783.5025629490954,777.5179726424265,781.2523803710938,31573022
2023-09-12 00:00:00+05:30,785.1782585237241,786.5666951817179,778.0207118004635,783.694091796875,39033340
2023-09-13 00:00:00+05:30,781.0129551372609,790.7318942113928,779.7202486339522,787.04541015625,46420094
2023-09-14 00:00:00+05:30,787.2129744267565,789.965885847133,782.8322428256791,786.566650390625,23538848
2023-09-15 00:00:00+05:30,789.9659158090586,799.5412602431078,789.9659158090586,795.5914306640625,173411202
2023-09-18 00:00:00+05:30,791.7612564347212,792.3597154342939,778.5233316755201,779.9357299804688,37056288
2023-09-20 00:00:00+05:30,765.5486976798287,765.5486976798287,747.0682967790859,748.648193359375,115474648
2023-09-21 00:00:00+05:30,743.5254363384076,751.161749541656,735.8891231351594,743.6929931640625,72841442
2023-09-22 00:00:00+05:30,746.3980579436757,748.9834124885792,729.5215142987016,732.3462524414062,61704250
2023-09-25 00:00:00+05:30,730.1199506265053,737.636571986799,730.1199506265053,732.9925537109375,40208754
2023-09-26 00:00:00+05:30,730.1199748754191,737.3014828250133,730.1199748754191,736.1763916015625,27575308
2023-09-27 00:00:00+05:30,729.1624342668326,733.7107225961398,725.3322967263633,731.0056762695312,39338538
2023-09-28 00:00:00+05:30,734.4288841265327,736.1524343562999,726.9361657647512,729.49755859375,55354188
2023-09-29 00:00:00+05:30,729.4975291821899,735.1230435502242,728.8273018844358,730.7423706054688,32053782
2023-10-03 00:00:00+05:30,731.0774976675469,731.0774976675469,721.0233866976592,722.0048828125,38971694
2023-10-04 00:00:00+05:30,715.7569109328484,734.9075975129915,713.0039997369529,732.29833984375,54649430
2023-10-05 00:00:00+05:30,734.9316099718342,742.8312687313597,733.7585952718871,735.2667236328125,48512674
2023-10-06 00:00:00+05:30,739.2165299136511,739.6952970962377,732.4419625913994,734.4528198242188,17759356
2023-10-09 00:00:00+05:30,731.556239372939,732.513773717668,723.8959646151071,725.9307250976562,16454972
2023-10-10 00:00:00+05:30,727.9894319713059,732.0349911152088,725.4279808985405,730.048095703125,33266292
2023-10-11 00:00:00+05:30,732.5617575118707,738.330926251485,731.7957416005498,737.1100463867188,31333360
2023-10-12 00:00:00+05:30,735.4342849776942,743.046695154072,733.2798325755078,742.017333984375,22025336
2023-10-13 00:00:00+05:30,737.3014842223872,741.5146589381054,732.4898505097352,735.2667236328125,39745300
2023-10-16 00:00:00+05:30,733.2319960651158,734.6443359841811,727.965556654919,732.3223266601562,17856084
2023-10-17 00:00:00+05:30,744.842001006296,744.842001006296,734.9075825451804,737.8759155273438,32902558
2023-10-18 00:00:00+05:30,737.8759782779842,737.8759782779842,726.8164677513256,727.6064453125,31216200
2023-10-19 00:00:00+05:30,720.7360972438319,730.7183808812238,719.6827744216524,725.3082885742188,30252364
2023-10-20 00:00:00+05:30,720.5445716148215,731.0774490736428,720.5445716148215,729.066650390625,21094010
2023-10-23 00:00:00+05:30,729.4018892671015,731.9154172740936,718.1987241758554,721.0474243164062,22376136
2023-10-25 00:00:00+05:30,728.2048937755804,729.066698092264,714.0572999767982,716.47509765625,28311996
2023-10-26 00:00:00+05:30,713.9615844716288,714.3206598703572,699.1198013241884,700.6279296875,55561798
2023-10-27 00:00:00+05:30,703.548416210113,707.6179375015631,702.3036331507926,703.380859375,31940532
2023-10-30 00:00:00+05:30,700.5561594752365,713.3392213246437,699.9098353939999,711.0172119140625,23310982
2023-10-31 00:00:00+05:30,720.0658784498816,720.0658784498816,705.7028622573972,706.8997802734375,32634824
2023-11-01 00:00:00+05:30,700.0773018118728,707.354539496317,700.0773018118728,705.9421997070312,33877466
2023-11-02 00:00:00+05:30,710.9692996573848,713.6025192857455,702.4233167339939,707.0194702148438,45225154
2023-11-03 00:00:00+05:30,712.4055490469672,714.0333691138175,709.3653892057476,710.3707885742188,18095340
2023-11-06 00:00:00+05:30,717.1933244977679,717.1933244977679,710.0118159080039,715.5176391601562,25593730
2023-11-07 00:00:00+05:30,715.2781260341811,715.2781260341811,707.234814492639,712.0464477539062,41952848
2023-11-08 00:00:00+05:30,710.466607940081,715.0148966273784,709.0542679881736,714.1052856445312,31399546
2023-11-09 00:00:00+05:30,711.4481354625899,714.6079876326531,710.2512173342882,711.2805786132812,22116740
2023-11-10 00:00:00+05:30,708.6233409063911,716.2357512885518,708.5994376116778,714.081298828125,14015186
2023-11-13 00:00:00+05:30,714.3685319579603,716.2117740009877,711.4001986764561,712.7886352539062,20605914
2023-11-15 00:00:00+05:30,720.1136706940404,723.393214037848,718.414082349012,720.25732421875,41245460
2023-11-16 00:00:00+05:30,722.794761480394,727.2473194666765,719.9461202422743,722.1484375,29713838
2023-11-17 00:00:00+05:30,713.3630955591337,721.7415211781168,712.8843283809061,720.5924682617188,23701874
2023-11-20 00:00:00+05:30,724.3747884733571,724.3747884733571,718.8929272981045,720.640380859375,19331452
2023-11-21 00:00:00+05:30,727.247418907819,728.6837205909814,723.9439133478928,726.7446899414062,24959972
2023-11-22 00:00:00+05:30,727.7261551101178,727.7261551101178,719.8504579271851,724.1593627929688,29123650
2023-11-23 00:00:00+05:30,722.220328180805,729.5693930831869,722.220328180805,728.3485717773438,13046220
2023-11-24 00:00:00+05:30,728.3005912289228,734.0218939418301,727.6542672419772,733.5191650390625,16469192
2023-11-28 00:00:00+05:30,735.0033827728541,735.9848789111071,730.5030178431152,731.8674926757812,28489338
2023-11-29 00:00:00+05:30,734.3810375748553,748.3131517440087,733.9501353957551,746.4699096679688,34042488
2023-11-30 00:00:00+05:30,751.2575357769422,752.8374324125391,738.3308218551477,746.3023071289062,69491440
2023-12-01 00:00:00+05:30,745.8714174875178,749.6297282428743,743.09454440636,744.6744995117188,22153536
2023-12-04 00:00:00+05:30,760.2822639666176,771.7726760164909,753.4119667837824,770.5278930664062,50662456
2023-12-05 00:00:00+05:30,783.5024495070049,784.6993673950388,773.9271064027336,777.3742065429688,52230820
2023-12-06 00:00:00+05:30,784.4361042559843,784.4361042559843,773.9990142449448,779.3372802734375,38613060
2023-12-07 00:00:00+05:30,777.9966383401941,782.3055427986936,773.7834639368028,780.6058959960938,20450386
2023-12-08 00:00:00+05:30,780.6059106285983,792.3596680546885,780.6059106285983,791.4978637695312,33728038
2023-12-11 00:00:00+05:30,789.9898356540881,796.5249611291558,788.5295723280279,790.4446411132812,23187620
2023-12-12 00:00:00+05:30,791.9766596766761,792.9581557902037,781.2762247045517,782.5928344726562,36581476
2023-12-13 00:00:00+05:30,781.563465201162,783.2631120796166,773.2568662574292,780.8214111328125,29346914
2023-12-14 00:00:00+05:30,788.0507632436652,794.2507747290626,787.5719960728002,790.0376586914062,35172366
2023-12-15 00:00:00+05:30,789.9658581899005,798.5836675519721,788.3380380661904,793.101806640625,138837130
2023-12-18 00:00:00+05:30,795.0887214217845,797.0037903560872,790.4207408944219,792.6948852539062,18014754
2023-12-19 00:00:00+05:30,789.9659334545838,794.1072817034686,787.1172917991296,791.3543701171875,24008446
2023-12-20 00:00:00+05:30,793.796027948429,799.0385054794685,787.3087089265515,793.3172607421875,34232520
2023-12-21 00:00:00+05:30,793.3172584861196,808.9968844459388,790.0855798531799,807.53662109375,36589240
2023-12-22 00:00:00+05:30,806.0524630799391,807.1536510402615,798.1528041148157,799.9481811523438,48578850
2023-12-26 00:00:00+05:30,801.0971963079616,807.1775162105685,798.8470139045111,805.5018310546875,18045856
2023-12-27 00:00:00+05:30,805.0470435987298,817.0162235511344,803.6586070355986,815.4841918945312,27009078
2023-12-28 00:00:00+05:30,818.3567550440999,824.1498261689791,814.8617312916912,816.417724609375,44076470
2023-12-29 00:00:00+05:30,812.4679265922668,821.0378710363707,811.9891593992248,818.3328247070312,25011426
2024-01-01 00:00:00+05:30,816.7768404269046,818.2849687904367,810.0740996496615,812.9945678710938,14239686
2024-01-02 00:00:00+05:30,813.3297325444754,815.2448013204753,808.4941371304667,813.4733276367188,29242092
2024-01-03 00:00:00+05:30,814.8618017998165,816.1544499059772,799.0385219304522,800.9296875,28389762
2024-01-04 00:00:00+05:30,803.3714123503233,811.486493525662,799.8763881922322,809.5235595703125,26734056
2024-01-05 00:00:00+05:30,807.7521349770598,816.2502532169135,798.6315959676855,805.3822021484375,31889470
2024-01-08 00:00:00+05:30,803.6107431564817,805.4539851831421,794.7535499790049,796.4052734375,17998470
2024-01-09 00:00:00+05:30,798.1766851243468,803.2755670838737,788.4098233393704,790.2052001953125,25326888
2024-01-10 00:00:00+05:30,786.6145629124144,794.7296441251053,785.8485470291504,792.8145751953125,16115824
2024-01-11 00:00:00+05:30,794.7535608406137,796.1419974247106,786.6145183500772,789.4871215820312,18314010
2024-01-12 00:00:00+05:30,790.9233331176351,792.8384017208256,782.1140058543082,785.7526245117188,19773552
2024-01-15 00:00:00+05:30,788.8647318566922,804.7598387644721,786.901797926325,800.8818359375,28320356
2024-01-16 00:00:00+05:30,800.977566949657,806.076449581534,793.8439236127375,803.9219970703125,25322500
2024-01-17 00:00:00+05:30,751.6644868680132,764.4954709128732,731.7477834906084,736.1045532226562,170145236
2024-01-18 00:00:00+05:30,715.2781469954391,725.332257495375,708.5993683977847,711.5198364257812,161070930
2024-01-19 00:00:00+05:30,720.9993837290294,723.058105901483,703.0217118745396,704.0989379882812,109600538
2024-01-23 00:00:00+05:30,701.3939438294391,706.0379622645205,682.243255943311,683.3683471679688,115469402
2024-01-24 00:00:00+05:30,660.8184204446432,698.2579916906107,660.8184204446432,697.0371704101562,86004404
2024-01-25 00:00:00+05:30,695.4093846155678,697.7313939357863,679.5622013776972,686.9830932617188,98941852
2024-01-29 00:00:00+05:30,693.2788081065851,700.3406237032543,692.2015819986186,696.4386596679688,65645498
2024-01-30 00:00:00+05:30,696.3908845219285,700.53217422801,689.8557002681358,691.4835205078125,41728768
2024-01-31 00:00:00+05:30,689.1853406292018,706.1576134139724,687.8926926486038,700.220947265625,65761040
2024-02-01 00:00:00+05:30,701.4179208991782,705.5113454583611,697.1090160306093,702.040283203125,32690740
2024-02-02 00:00:00+05:30,706.1816237651476,708.9824002114282,690.4062678183428,692.3692016601562,44867754
2024-02-05 00:00:00+05:30,692.2973590957444,695.1220972150085,686.5761145330804,691.7467651367188,38605046
2024-02-06 00:00:00+05:30,692.0819428119112,694.0687799185687,685.8818725644124,691.3876953125,41075740
2024-02-07 00:00:00+05:30,695.6487048996299,696.0317420167268,683.0332015338389,684.6130981445312,54837086
2024-02-08 00:00:00+05:30,684.5651770968373,688.9219463418145,670.5133733566989,671.7342529296875,69106124
2024-02-09 00:00:00+05:30,666.5156981154427,677.072478684091,664.0500356096397,671.99755859375,56642124
2024-02-12 00:00:00+05:30,670.1065041980137,676.8092448082598,662.3025756816373,665.4863891601562,34447812
2024-02-13 00:00:00+05:30,666.4199643535106,672.3566891768745,662.7813454112104,667.6168823242188,57580994
2024-02-14 00:00:00+05:30,658.7837177497752,666.2046099191948,652.8230890297091,662.6378173828125,91320810
2024-02-15 00:00:00+05:30,663.0925826953933,677.6949825309235,662.7813723217212,677.0007934570312,41584944
2024-02-16 00:00:00+05:30,681.7165823442695,683.5358625170894,674.3195945311911,679.801513671875,32175742
2024-02-19 00:00:00+05:30,684.1583399970523,684.1583399970523,677.5513291516161,678.4609985351562,34451756
2024-02-20 00:00:00+05:30,677.4555450204665,697.6834579371554,675.9235134549672,696.2711181640625,56133508
2024-02-21 00:00:00+05:30,700.9151754054046,700.9151754054046,687.0309267122648,689.017822265625,45893136
2024-02-22 00:00:00+05:30,678.7721678686664,684.0625685726841,676.1149866485335,679.6339721679688,50560882
2024-02-23 00:00:00+05:30,681.0702888003248,686.5042847124961,678.8918747107963,680.1366577148438,29833452
2024-02-26 00:00:00+05:30,676.7614094932516,686.9591159463556,676.7614094932516,680.9506225585938,23506870
2024-02-27 00:00:00+05:30,676.7614127525852,683.0571548064959,676.5220291476985,679.9212646484375,32087150
2024-02-28 00:00:00+05:30,679.9212222820232,681.8601942948292,672.1891206373224,674.7744750976562,25321986
2024-02-29 00:00:00+05:30,671.2794347728534,675.253225645792,668.9813874316935,671.90185546875,53295700
2024-03-01 00:00:00+05:30,670.2740040188712,685.9536280414555,670.2740040188712,684.99609375,34738898
2024-03-04 00:00:00+05:30,685.0918449690896,687.9884096675396,681.9080901062357,685.9296875,35616474
2024-03-05 00:00:00+05:30,680.806915575396,690.8610261429652,680.6393587545882,689.8316650390625,37991672
2024-03-06 00:00:00+05:30,686.3367475409569,695.576919496979,686.3367475409569,690.6695556640625,42409530
2024-03-07 00:00:00+05:30,692.0579662212759,694.7151474764962,690.0950324505662,692.34521484375,49348046
2024-03-11 00:00:00+05:30,684.6370656855901,692.2733788101641,681.2856954339823,683.5838012695312,50531094
2024-03-12 00:00:00+05:30,686.5520830528056,700.9150973426133,684.2779391235861,698.7846069335938,65418454
2024-03-13 00:00:00+05:30,701.6332902428926,704.5537583020961,694.2602641088363,699.1915893554688,63067454
2024-03-14 00:00:00+05:30,700.0055299615263,701.8727337796063,691.4835086418929,696.8217163085938,52432158
2024-03-15 00:00:00+05:30,694.2123954494871,698.6649535010525,690.5019498876019,695.4811401367188,143613804
2024-03-18 00:00:00+05:30,692.7760944963727,697.0849990233024,687.4139255734966,692.3212890625,21437856
2024-03-19 00:00:00+05:30,687.2702704859524,695.3614473234808,687.2702704859524,693.9011840820312,36183594
2024-03-20 00:00:00+05:30,693.757641226056,695.002424269405,682.0757097447741,685.1398315429688,43606094
2024-03-21 00:00:00+05:30,690.6696058865672,694.8109541841388,688.6109418290184,692.177734375,28922860
2024-03-22 00:00:00+05:30,689.9034770136652,694.5714568199686,688.3474837448974,690.7891845703125,45980326
2024-03-26 00:00:00+05:30,683.2964992802526,688.4432464905726,680.8787600753138,682.4347534179688,56844290
2024-03-27 00:00:00+05:30,681.5490768981103,693.2309499256703,680.4478889511747,689.7598876953125,62168668
2024-03-28 00:00:00+05:30,689.75981165874,699.2394246339555,689.75981165874,693.2069702148438,55592142
2024-04-01 00:00:00+05:30,698.0425707036562,705.6071157662267,696.8935177463561,704.0271606445312,25199570
2024-04-02 00:00:00+05:30,701.4657698820595,715.685132245699,700.5561005197442,708.6472778320312,41225446
2024-04-03 00:00:00+05:30,704.793175292623,716.0681660997278,704.4580616337976,709.6766357421875,45584386
2024-04-04 00:00:00+05:30,720.065912216293,732.5138601668406,720.065912216293,731.3648071289062,88935066
2024-04-05 00:00:00+05:30,736.8227010597361,744.2435924609226,732.5856231419043,741.8737182617188,59055902
2024-04-08 00:00:00+05:30,744.4589979472738,745.5601858308615,738.0435645348342,740.4613037109375,20482940
2024-04-09 00:00:00+05:30,744.4112180229864,744.4112180229864,737.4451898723626,741.39501953125,21884494
2024-04-10 00:00:00+05:30,742.041335404094,742.041335404094,733.9261958559255,735.5540161132812,27807400
2024-04-12 00:00:00+05:30,728.2048847735614,732.4419626511461,724.5901691674342,727.223388671875,41084208
2024-04-15 00:00:00+05:30,716.9778144689066,722.9384424882777,714.3445949763995,715.61328125,23415248
2024-04-16 00:00:00+05:30,711.9268363888184,724.3269187314523,709.6526921569106,722.5794067382812,20744886
2024-04-18 00:00:00+05:30,722.8427124294902,727.1755203466597,713.8658277959437,715.61328125,34234884
2024-04-19 00:00:00+05:30,711.7113984519393,734.8836839791993,708.6951417404246,733.13623046875,34576434
2024-04-22 00:00:00+05:30,745.6320734709891,745.6320734709891,722.124614867159,723.9917602539062,42298438
2024-04-23 00:00:00+05:30,730.7423487447305,730.8380788006147,719.7067421926132,721.7893676757812,26827060
2024-04-24 00:00:00+05:30,725.332274400053,728.5639528503503,722.4836330693169,723.7523193359375,22441580
2024-04-25 00:00:00+05:30,721.1430939897369,727.5824894434112,721.1430939897369,723.2975463867188,35445204
2024-04-26 00:00:00+05:30,727.6304456461381,731.5563134799157,720.8080127488288,722.8427734375,24854694
2024-04-29 00:00:00+05:30,725.332350292873,734.6443494985349,721.286790594288,732.2744750976562,36093350
2024-04-30 00:00:00+05:30,732.1307565147657,737.0620819015442,725.2844208297038,727.7739868164062,52307382
2024-05-02 00:00:00+05:30,728.6836398774014,735.8651474977438,727.893662350512,733.5910034179688,33475006
2024-05-03 00:00:00+05:30,734.0697907360874,737.5887178779653,721.5978821158841,727.5346069335938,31865242
2024-05-06 00:00:00+05:30,728.6836626849343,734.6682525558684,726.361653503664,728.994873046875,28793396
2024-05-07 00:00:00+05:30,728.6597630545604,729.6652209931847,720.1377414179425,721.0952758789062,28480602
2024-05-08 00:00:00+05:30,716.2117457291306,716.6905129132654,708.7429893452799,709.8441772460938,41687862
2024-05-09 00:00:00+05:30,706.1576388307392,711.8071150125822,691.9622384959757,693.0155029296875,46281278
2024-05-10 00:00:00+05:30,698.353892008822,704.6385680353703,692.4331947307146,697.820068359375,27276608
2024-05-13 00:00:00+05:30,694.956710818051,708.4482125597933,694.1317160729689,706.2400512695312,27047202
2024-05-14 00:00:00+05:30,704.7841569928967,711.2144479759614,703.8378359787137,709.0062866210938,25665142
2024-05-15 00:00:00+05:30,708.3995858863757,708.3995858863757,696.8008453990276,698.1111450195312,38931996
2024-05-16 00:00:00+05:30,701.7752582341244,709.782790041372,696.655267230535,708.6665649414062,34945236
2024-05-17 00:00:00+05:30,701.8480628860959,712.4277355160416,701.8480628860959,710.5350341796875,20920190
2024-05-21 00:00:00+05:30,703.7407626513565,713.2527287219871,703.7407626513565,707.9629516601562,43769978
2024-05-22 00:00:00+05:30,707.5018935449791,711.2630073542172,702.7944586673697,708.1570434570312,39996278
2024-05-23 00:00:00+05:30,707.8901303438163,725.8464148427264,707.1136542137513,724.3662109375,40861920
2024-05-24 00:00:00+05:30,721.8911533778286,737.6150464828621,721.1631959122375,736.3046875,31060206
2024-05-27 00:00:00+05:30,739.2893866819511,749.7962521608212,737.2026106511589,741.4004516601562,29385440
2024-05-28 00:00:00+05:30,742.5651435020584,745.4527436990592,739.9930626339711,742.75927734375,27908904
2024-05-29 00:00:00+05:30,736.6929693394153,739.5319916615282,728.5641108173895,731.9855346679688,35147706
2024-05-30 00:00:00+05:30,727.569210732381,739.4106642295702,726.8170235494816,735.1642456054688,33755350
2024-05-31 00:00:00+05:30,737.1781981815107,745.4283820979595,734.7516735002022,743.268798828125,74079588
2024-06-03 00:00:00+05:30,776.0027190964964,776.0027190964964,752.2227733580797,762.9965209960938,72637256
2024-06-04 00:00:00+05:30,755.6197870528846,756.5903969270694,705.6333785323662,719.780029296875,89531240
2024-06-05 00:00:00+05:30,725.06989130594,756.8815955434779,719.3917877908412,753.0962524414062,81631650
2024-06-06 00:00:00+05:30,759.4537360573207,759.7206182378197,750.5726316827747,756.9301147460938,46422870
2024-06-07 00:00:00+05:30,757.585349822155,768.8929201187634,753.2176050765474,763.5545654296875,36712216
2024-06-10 00:00:00+05:30,763.8700143938665,767.0973042572016,755.9110011249785,757.7066650390625,22454058
2024-06-11 00:00:00+05:30,755.1345658211561,762.4141406844706,753.2903831592504,759.4052734375,29545326
2024-06-12 00:00:00+05:30,764.3553074238586,770.8098870497467,760.1816966411113,763.9428100585938,39280436
2024-06-13 00:00:00+05:30,767.6311790204475,769.5481100621035,763.8700652936205,767.1458740234375,24120192
2024-06-14 00:00:00+05:30,768.7230139877487,776.0025879838448,765.6655692128584,774.9834594726562,25540554
2024-06-18 00:00:00+05:30,774.983540294414,781.5836762242601,771.3679826211641,780.2733764648438,32415714
2024-06-19 00:00:00+05:30,782.9910830915752,810.4108150397882,778.4292043351105,804.5628662109375,90131196
2024-06-20 00:00:00+05:30,810.3622215983705,816.0159768197282,801.7237698729426,810.143798828125,41408742
2024-06-21 00:00:00+05:30,811.8423818466847,811.8423818466847,797.4288483846301,808.396728515625,51630776
2024-06-24 00:00:00+05:30,799.2972656586157,812.9343231272944,798.6906344612428,811.6240234375,28544994
2024-06-25 00:00:00+05:30,810.9931467609703,833.2443684249017,810.9931467609703,830.5266723632812,74521548
2024-06-26 00:00:00+05:30,828.8765922572081,830.3082774504516,820.699215435536,825.7463989257812,47596666
2024-06-27 00:00:00+05:30,823.1257354693937,831.3274011881083,818.5153383232833,823.1500244140625,55074650
2024-06-28 00:00:00+05:30,823.8536668700472,828.2214113967111,814.8270066965403,817.156494140625,26476046
2024-07-01 00:00:00+05:30,815.3123910533884,828.5612411045389,815.3123910533884,827.5420532226562,21187024
2024-07-02 00:00:00+05:30,832.2980286836319,841.9556094944659,826.353042764463,839.8687744140625,45921690
2024-07-03 00:00:00+05:30,869.1812719096245,870.6371869379487,856.3934967591092,858.334716796875,123217802
2024-07-04 00:00:00+05:30,854.0154497500956,854.0154497500956,837.0782938778042,838.1945190429688,45848658
2024-07-05 00:00:00+05:30,817.7388811097651,817.7388811097651,796.9678045280713,799.8311157226562,82242548
2024-07-08 00:00:00+05:30,798.4723137874327,803.1554594894733,789.6640164804963,793.6434936523438,39087800
2024-07-09 00:00:00+05:30,788.6205312494033,799.1516248009418,786.363851419409,794.2015380859375,48550878
2024-07-10 00:00:00+05:30,791.0228312767126,795.9001700396465,786.5580491413152,789.1544189453125,45507182
2024-07-11 00:00:00+05:30,788.1109895551602,789.0330808548738,776.973264088155,787.1161499023438,44177074
2024-07-12 00:00:00+05:30,787.1646437212287,795.1236568993513,781.8990967628511,787.5043334960938,56049960
2024-07-15 00:00:00+05:30,787.8926346206944,790.9500796896383,783.8645795922547,787.2131958007812,33375694
2024-07-16 00:00:00+05:30,786.5580588939988,789.5912150674294,784.6411278889234,786.07275390625,28950324
2024-07-18 00:00:00+05:30,780.3703737749313,788.1109641715035,776.0754367376819,783.6704711914062,33717064
2024-07-19 00:00:00+05:30,784.252891584584,787.6500266347647,778.1865789949754,780.03076171875,26002152
2024-07-22 00:00:00+05:30,784.7381297391379,801.2384985771903,782.6270649860646,797.1376953125,53744822
2024-07-23 00:00:00+05:30,799.5642547535156,799.6855810002239,778.9145038672318,785.4176025390625,52002152
2024-07-24 00:00:00+05:30,780.4432298173384,786.6793870769927,770.6886113878456,778.4534912109375,61728206
2024-07-25 00:00:00+05:30,773.0908809941293,788.6206413154175,773.0908809941293,784.5440673828125,25535732
2024-07-26 00:00:00+05:30,778.9144923179402,787.0433507268658,774.7651110455088,785.2962646484375,43810540
2024-07-29 00:00:00+05:30,783.7675425920842,791.9449196556922,775.6629731237323,778.9387817382812,51001148
2024-07-30 00:00:00+05:30,777.4585786816452,793.3523167913979,776.0026637402938,784.0344848632812,54595834
2024-07-31 00:00:00+05:30,783.2821860675673,790.0279366929944,780.9526986206498,784.1314697265625,37820484
2024-08-01 00:00:00+05:30,787.6014491725216,800.7774909815698,785.1991540216145,795.3178100585938,26215174
2024-08-02 00:00:00+05:30,791.5323792943032,810.7019249608421,791.5323792943032,805.1937255859375,44119238
2024-08-05 00:00:00+05:30,795.9486333620303,798.8119444034794,776.9732217436031,784.1314697265625,41333634
2024-08-06 00:00:00+05:30,791.0471196604719,792.4787456590307,773.2364505401089,777.0703125,45116050
2024-08-07 00:00:00+05:30,784.7380959828303,791.0470602671697,777.5555591010518,787.892578125,42346264
2024-08-08 00:00:00+05:30,788.1352699911228,802.3547292854007,785.8300713873926,797.21044921875,33976950
2024-08-09 00:00:00+05:30,801.7237923493824,806.8437833638833,798.7149252998082,800.8502197265625,26644618
2024-08-12 00:00:00+05:30,801.7238266679481,813.3468572381819,799.4671466635041,805.65478515625,39316196
2024-08-13 00:00:00+05:30,790.0764803424304,792.2118340294594,777.0460539246062,778.0408935546875,54055042
2024-08-14 00:00:00+05:30,779.6424562895212,783.1366284755188,778.0409261468292,780.2733764648438,32334428
2024-08-16 00:00:00+05:30,790.319198015761,793.0611831331643,781.8263604564881,792.0662841796875,27849246
2024-08-19 00:00:00+05:30,794.7596647587319,794.7596647587319,787.9896251482922,791.79931640625,19502164
2024-08-20 00:00:00+05:30,789.809620195724,798.8120518889407,789.809620195724,794.7839965820312,31134494
2024-08-21 00:00:00+05:30,790.1250771140934,793.255329982036,785.126471042094,789.0089111328125,47630904
2024-08-22 00:00:00+05:30,792.0177293410987,795.0751744192786,790.0765094162431,791.6780395507812,21300638
2024-08-23 00:00:00+05:30,792.988292052303,792.988292052303,787.6499375770427,788.6448364257812,20333422
2024-08-26 00:00:00+05:30,792.1148017562012,799.7583555491682,792.1148017562012,795.8759155273438,22364266
2024-08-27 00:00:00+05:30,797.550212512406,799.4914324239653,792.1147612152419,794.8082275390625,35773244
2024-08-28 00:00:00+05:30,794.808257947526,795.7788679404401,791.1441815277424,794.4927978515625,26921188
2024-08-29 00:00:00+05:30,796.8707505966252,798.035494358065,791.6052035874162,795.1964721679688,49052604
2024-08-30 00:00:00+05:30,803.6650654368904,806.5768953841255,786.7521983416328,794.395751953125,445342100
2024-09-02 00:00:00+05:30,799.2001837658697,799.2001837658697,787.7469400055302,789.5668334960938,34049680
2024-09-03 00:00:00+05:30,792.9883758285047,795.875916903195,788.4264969467081,794.6141357421875,37282860
2024-09-04 00:00:00+05:30,795.4148040993854,798.2295964742419,792.0176694876126,796.773681640625,24682744
2024-09-05 00:00:00+05:30,798.8119853769339,800.7046866194709,796.8707654853739,798.5450439453125,22876318
2024-09-06 00:00:00+05:30,795.0751309568867,799.6612390821284,793.0368146024134,794.419921875,26029602
2024-09-09 00:00:00+05:30,794.9295342541234,800.0252363967779,791.0956131747174,799.0546264648438,23792914
2024-09-10 00:00:00+05:30,802.6944096330184,802.6944096330184,794.9295302169795,800.9230346679688,26606646
2024-09-11 00:00:00+05:30,800.9473289635273,801.9664575454252,795.5118777911906,797.7928466796875,22226684
2024-09-12 00:00:00+05:30,802.6944342572692,810.4593139115112,799.32158835399,808.8092651367188,32424046
2024-09-13 00:00:00+05:30,812.4005643686717,812.4005643686717,804.1746683722245,808.4938354492188,23860532
2024-09-16 00:00:00+05:30,809.0033572167779,814.2446744093743,807.5717313009576,810.9202880859375,15172820
2024-09-17 00:00:00+05:30,814.3417351276187,814.3417351276187,807.6202731787942,809.876953125,20127122
2024-09-18 00:00:00+05:30,811.3570886275262,824.4846115422112,810.9931099061356,822.494873046875,40917342
2024-09-19 00:00:00+05:30,824.6301946967953,834.2392569551141,824.6059649927001,829.1435546875,30651776
2024-09-20 00:00:00+05:30,833.0259912779876,846.8328941482245,828.6825354394553,845.0130004882812,60623386
2024-09-23 00:00:00+05:30,848.7984163669939,857.2184459846895,844.5519977602407,854.0397338867188,26965350
2024-09-24 00:00:00+05:30,856.5632532087773,864.6435926298055,851.3462248960326,858.04345703125,33039036
2024-09-25 00:00:00+05:30,854.2095009540504,867.7252316684056,854.2095009540504,863.406005859375,31965312
2024-09-26 00:00:00+05:30,860.4700264333525,867.7253122548344,858.0435015109396,865.5171508789062,31899644
2024-09-27 00:00:00+05:30,862.3869272945984,862.9692695590985,849.2836931713828,850.5697631835938,35613502
2024-09-30 00:00:00+05:30,848.7013681367213,849.987378933711,836.8599148404105,840.572509765625,26383534
2024-10-01 00:00:00+05:30,836.6657512217993,845.4012405036974,834.7730500291224,837.7333984375,24572284
2024-10-03 00:00:00+05:30,832.613483062025,837.7091852435565,812.0850591484665,816.282958984375,48473398
2024-10-04 00:00:00+05:30,812.6431974622866,820.4808848190723,802.2091402837622,804.4658203125,48683232
2024-10-07 00:00:00+05:30,801.8208473760044,805.1209448670484,782.7969162571121,785.1264038085938,94458296
2024-10-08 00:00:00+05:30,791.0471237749532,804.0533210403008,787.164683903665,801.2628173828125,29734406
2024-10-09 00:00:00+05:30,800.5105298956967,804.0289908485573,790.4161630516477,792.5758056640625,41125642
2024-10-10 00:00:00+05:30,795.4147877416559,808.2510795642027,792.2603056670246,806.7709350585938,21754766
2024-10-11 00:00:00+05:30,807.7658537028776,807.7658537028776,797.4774117796152,801.238525390625,23672594
2024-10-14 00:00:00+05:30,803.689357680797,821.1603374358971,802.6944587482099,819.2433471679688,18527508
2024-10-15 00:00:00+05:30,822.1066552857113,824.0478752509669,813.1285129464045,817.3021240234375,19651130
2024-10-16 00:00:00+05:30,815.3609038822862,828.8766360391955,815.3609038822862,824.9214477539062,20470682
2024-10-17 00:00:00+05:30,822.5676501021808,823.8780090897097,808.1298269832027,811.988037109375,14695732
2024-10-18 00:00:00+05:30,807.1107362982874,820.6507576909523,802.7429912839654,816.210205078125,24809724
2024-10-21 00:00:00+05:30,832.2980010606213,848.3858722296796,830.3810701774502,838.9466552734375,46548354
2024-10-22 00:00:00+05:30,839.6018778313584,844.4306385333365,830.2111793718472,832.0796508789062,38875280
2024-10-23 00:00:00+05:30,827.4693270680456,847.5851959404977,827.4693270680456,842.3924560546875,38036090
2024-10-24 00:00:00+05:30,843.5085346118838,858.3346247570413,843.5085346118838,849.1138305664062,30832258
2024-10-25 00:00:00+05:30,851.7102142266036,853.0933215296461,838.9466699408074,846.0806884765625,26130478
2024-10-28 00:00:00+05:30,845.4012471416386,849.7689918168825,839.043763962605,841.6158447265625,22012142
2024-10-29 00:00:00+05:30,837.7092042477628,856.0779859182065,837.1996103215174,850.1815185546875,35794926
2024-10-30 00:00:00+05:30,845.4012049253465,851.5888429062869,836.7627533024838,841.8099365234375,32715724
2024-10-31 00:00:00+05:30,838.6070472346083,843.8968836285101,834.4334360468695,842.3438720703125,22895912
2024-11-01 00:00:00+05:30,841.0334653437102,846.4203383571387,837.6848493922299,843.1203002929688,1759692
2024-11-04 00:00:00+05:30,846.8571409139798,846.8571409139798,830.3082539054162,831.8612060546875,28089248
2024-11-05 00:00:00+05:30,826.4743572133567,855.447039991069,823.999313734677,853.0933227539062,44232406
2024-11-06 00:00:00+05:30,859.7177486791857,859.7177486791857,847.0270119492034,851.83154296875,27787910
2024-11-07 00:00:00+05:30,846.5174998307751,854.5977803501312,843.4600547619757,847.6094360351562,18895456
2024-11-08 00:00:00+05:30,850.2542638856246,855.0102760445291,847.269626624747,851.4432373046875,19902986
2024-11-11 00:00:00+05:30,851.4918803256005,865.2017460745226,849.8660612419557,857.1942138671875,24565362
2024-11-12 00:00:00+05:30,859.9604454380074,861.4163604133538,829.2163860568731,833.8510131835938,31395406
2024-11-13 00:00:00+05:30,833.1472753910937,839.2863948751228,811.9151837654287,815.9674682617188,35728500
2024-11-14 00:00:00+05:30,811.9637453515568,827.3721783747438,811.4784403744485,821.5,27146470
2024-11-18 00:00:00+05:30,825.0184258091194,834.190701332557,822.5919010273279,827.4934692382812,27081968
2024-11-19 00:00:00+05:30,831.8127176211167,851.1035901563789,826.3287477699067,845.5225830078125,50981272
2024-11-21 00:00:00+05:30,848.9925368361551,853.6514527573436,841.6158656563873,845.0130004882812,35716512
2024-11-22 00:00:00+05:30,846.1534758192824,851.3705040721685,839.3592064666866,847.1483154296875,24773612
2024-11-25 00:00:00+05:30,866.293664684976,875.2718066744363,856.5147576427843,866.560546875,427737274
2024-11-26 00:00:00+05:30,878.4019987795361,878.4019987795361,858.8927626136716,866.5363159179688,30935566
2024-11-27 00:00:00+05:30,868.6473457001546,881.9689429401197,866.3421471774458,879.5181884765625,32714976
2024-11-28 00:00:00+05:30,882.7697308653094,891.0684339141281,867.725276958314,870.224609375,35722392
2024-11-29 00:00:00+05:30,874.1798701470966,875.7813410106078,865.2502468100779,871.6320190429688,27669536
2024-12-02 00:00:00+05:30,875.2475527258944,877.5042327860683,861.4163604593637,875.8298950195312,15110876
2024-12-03 00:00:00+05:30,884.5652937811867,891.6993119709169,881.3622930133588,886.3124389648438,43410242
2024-12-04 00:00:00+05:30,891.9905313310416,905.0937654692016,888.6662041479593,902.7157592773438,44669084
2024-12-05 00:00:00+05:30,902.6672600453907,912.349070670313,890.6316728815866,905.457763671875,39682714
2024-12-06 00:00:00+05:30,901.2113107944992,904.7054828102569,894.9023463139778,900.6531982421875,17783156
2024-12-09 00:00:00+05:30,899.585600026442,912.3733745717748,897.3289199910699,907.5203247070312,26947912
2024-12-10 00:00:00+05:30,911.2571214453396,911.2571214453396,901.9635786325839,906.5982055664062,13325480
2024-12-11 00:00:00+05:30,903.492253077643,908.4423993938311,901.0900171351183,904.1716918945312,14045426
2024-12-12 00:00:00+05:30,898.299517608064,906.8651623497835,897.183292457994,902.3032836914062,17293790
2024-12-13 00:00:00+05:30,903.8804969466607,909.9468090067054,887.7441068669418,908.3695678710938,19009002
2024-12-16 00:00:00+05:30,905.1422772502634,907.4959944793276,900.3620351992098,905.1907958984375,13107082
2024-12-17 00:00:00+05:30,900.8958970749953,903.8077269850552,886.4095551207139,889.6853637695312,21079532
2024-12-18 00:00:00+05:30,888.0353630684574,891.0200007361838,877.0189630086124,878.7417602539062,23422312
2024-12-19 00:00:00+05:30,873.3548187057529,874.0827761662058,863.3575480971324,870.3944702148438,25380770
2024-12-20 00:00:00+05:30,864.9105130352275,872.3599918831414,857.5581899695972,859.7177734375,25692348
2024-12-23 00:00:00+05:30,864.8134464007626,876.4607655442072,864.4737566222769,874.0342407226562,11044592
2024-12-24 00:00:00+05:30,874.5438823482602,877.7711131439431,868.4775699633949,872.6268920898438,14485834
2024-12-26 00:00:00+05:30,872.8452779528201,879.3726061062491,864.2068257857081,869.0598754882812,10481678
2024-12-27 00:00:00+05:30,871.0254284954694,876.4365317952429,868.2591544798911,872.69970703125,7259330
2024-12-30 00:00:00+05:30,869.7635560951499,880.8285332674382,859.4751142791366,862.82373046875,22222218
2024-12-31 00:00:00+05:30,859.1353716990042,864.7163785916373,856.8544029024364,860.3728637695312,14117236
2025-01-01 00:00:00+05:30,860.6640693133434,870.637110073425,854.6705648241472,865.1774291992188,7313806
2025-01-02 00:00:00+05:30,862.4354683380634,875.2232427161829,860.4457297678027,870.5158081054688,18558576
2025-01-03 00:00:00+05:30,869.1811561312279,871.2437021466147,847.4880487953375,848.8953857421875,24426194
2025-01-06 00:00:00+05:30,844.4791507386858,852.7778537230372,827.8332261221516,830.1141357421875,18816348
2025-01-07 00:00:00+05:30,832.2979604198381,835.2097900189746,825.018386421997,831.521484375,13527906
2025-01-08 00:00:00+05:30,829.022239132803,830.6722879270967,816.9381331798057,822.2522583007812,19738190
2025-01-09 00:00:00+05:30,817.3263871062876,819.6801043914131,804.6841687860751,809.3916625976562,40420222
2025-01-10 00:00:00+05:30,810.9445873725031,812.8372885629307,802.6944030605147,804.0289916992188,17453280
2025-01-13 00:00:00+05:30,795.9002084068898,799.1760171914914,788.2809435229427,791.4596557617188,21669066
2025-01-14 00:00:00+05:30,795.8516298211142,803.7620652641559,794.4442335639691,799.1031494140625,26661432
2025-01-15 00:00:00+05:30,803.9076993782851,806.9165665577839,794.1045624787163,797.38037109375,14022892
2025-01-16 00:00:00+05:30,802.1363774101961,805.8732615482087,797.2833272891419,801.7481689453125,21212454
2025-01-17 00:00:00+05:30,797.5987456720695,800.9958805790999,790.31917087129,794.3229370117188,23112076
2025-01-20 00:00:00+05:30,789.1059123060181,806.0672979791628,789.1059123060181,801.35986328125,17557618
2025-01-21 00:00:00+05:30,804.7570137844167,806.1158914767867,792.5273515184188,797.06494140625,31158144
2025-01-22 00:00:00+05:30,797.0648841596673,811.3813805875693,788.8389294808721,808.5423583984375,30619306
2025-01-23 00:00:00+05:30,818.70954271768,818.70954271768,801.3598888041311,807.9843139648438,34909158
2025-01-24 00:00:00+05:30,805.6062761215885,810.6049411699597,798.0840488445496,800.6561889648438,24236200
2025-01-27 00:00:00+05:30,796.433983923838,797.6472463633178,789.1058906376462,790.9500732421875,22804166
2025-01-28 00:00:00+05:30,799.2972941154203,817.3991933860295,799.2972941154203,810.6534423828125,30179312
2025-01-29 00:00:00+05:30,812.8857890816031,815.8704263644069,809.9011517987993,814.0020141601562,12619890
2025-01-30 00:00:00+05:30,815.7976693049923,823.9993352943973,811.696865930955,820.8933715820312,25744846
2025-01-31 00:00:00+05:30,818.830797136207,827.2993450265934,817.2292670650723,824.4118041992188,15821686
2025-02-01 00:00:00+05:30,823.8052362855973,831.3274637745085,813.3954677474759,820.62646484375,5587528
2025-02-03 00:00:00+05:30,810.4592960980566,818.6124432523412,807.2805248629369,814.3417358398438,20276540
2025-02-04 00:00:00+05:30,819.5345205841194,837.5393832746403,815.3366797744094,835.161376953125,28616502
2025-02-05 00:00:00+05:30,841.0335494558958,846.4689416589049,834.1907609306318,843.363037109375,23675506
2025-02-06 00:00:00+05:30,842.2467875560731,848.7984047453597,836.6657803207547,846.299072265625,26760716
2025-02-07 00:00:00+05:30,849.2837426225924,857.5339275509261,837.1511177279839,840.9122314453125,23509600
2025-02-10 00:00:00+05:30,833.4141726008957,836.3987505008906,829.1434655582073,832.6619262695312,17195950
2025-02-11 00:00:00+05:30,826.4743520691721,830.3567917735487,819.5344674010676,825.6978759765625,22724704
2025-02-12 00:00:00+05:30,821.6212496887092,830.8420433946073,815.8946277958847,828.3184814453125,22809570
2025-02-13 00:00:00+05:30,824.5331418355402,831.9340426083429,821.8882534526111,823.9022216796875,12602434
2025-02-14 00:00:00+05:30,825.9405276867242,825.9405276867242,815.3123371576534,822.5191040039062,19959892
2025-02-17 00:00:00+05:30,817.8359099627821,834.7245465784594,815.918979031997,833.4384765625,12938946
2025-02-18 00:00:00+05:30,831.3516624481879,840.329803960056,828.003046468469,836.2047119140625,16350910
2025-02-19 00:00:00+05:30,833.268662828246,843.4115489066289,831.0605014404679,838.21875,11884112
2025-02-20 00:00:00+05:30,830.3567961314325,832.152400807599,817.8844822121968,818.7579956054688,26390510
2025-02-21 00:00:00+05:30,815.7491363030065,822.5676355898997,813.9777613134116,821.378662109375,15680940
2025-02-24 00:00:00+05:30,815.8461269965818,817.3505604700815,806.1400281464854,813.9049072265625,20693646
2025-02-25 00:00:00+05:30,810.9931388087847,819.1948048046805,810.9931388087847,816.4528198242188,24138708
2025-02-27 00:00:00+05:30,816.5499767026564,830.235554429422,816.5499767026564,825.3582153320312,35786800
2025-02-28 00:00:00+05:30,817.738902393146,843.0960879421323,817.738902393146,840.7423706054688,54516728
2025-03-03 00:00:00+05:30,844.3336059197142,845.9108470636534,822.1551333662954,825.7706909179688,21205364
2025-03-04 00:00:00+05:30,824.04786119963,831.9583561196923,821.7426625301964,829.8715209960938,19920958
2025-03-05 00:00:00+05:30,825.9647760106438,830.2597724194886,819.316121569752,820.1654052734375,21583872
2025-03-06 00:00:00+05:30,818.7094845214233,824.9699304836942,811.5512362127743,820.7477416992188,32966088
2025-03-07 00:00:00+05:30,816.2829306934012,825.5765323887408,814.1475770525966,819.8013916015625,13372914
2025-03-10 00:00:00+05:30,819.6801059027778,824.969941998729,816.7925649870414,818.9521484375,15604050
2025-03-11 00:00:00+05:30,816.4771337496867,822.1066598317914,810.4836289220838,817.9815673828125,19898430
2025-03-12 00:00:00+05:30,820.9176003909492,833.9965449140485,820.9176003909492,830.4295654296875,18784106
2025-03-13 00:00:00+05:30,832.8076643515269,835.112863088808,825.0427843943695,828.2214965820312,15736264
2025-03-17 00:00:00+05:30,827.4449541690359,836.6657483797172,827.4449541690359,830.0656127929688,18950652
2025-03-18 00:00:00+05:30,830.0656127929688,830.0656127929688,830.0656127929688,830.0656127929688,0
2025-03-19 00:00:00+05:30,842.004146653194,849.7690263917825,840.6452690024086,846.42041015625,15221406
2025-03-20 00:00:00+05:30,851.2249302948321,860.9310298420936,848.9440205977578,858.3831787109375,17833978
2025-03-21 00:00:00+05:30,851.9771897387066,860.9795616616999,851.9771897387066,859.15966796875,33508264
2025-03-24 00:00:00+05:30,863.3575457763671,875.6843039218336,860.7611760226637,873.5489501953125,17393736
2025-03-25 00:00:00+05:30,875.9269782864857,894.7567761384419,874.2769294910811,883.958740234375,39101416
2025-03-26 00:00:00+05:30,885.681575218163,886.8948376499686,874.5195608455505,876.7277221679688,24478442
2025-03-27 00:00:00+05:30,873.548970937254,893.4464752752693,872.6268796196651,885.8514404296875,41658100
2025-03-28 00:00:00+05:30,887.6228257936006,891.0199607200933,876.3880034384333,887.2345581054688,28773648
2025-04-01 00:00:00+05:30,874.5195883202217,878.3535095734435,856.7331486628899,857.9464111328125,28511006
2025-04-02 00:00:00+05:30,859.3294691298255,873.16066049231,859.3294691298255,872.0444946289062,11573564
2025-04-03 00:00:00+05:30,864.3766781830471,875.490173946712,862.3869396359797,871.0496215820312,11250038
2025-04-04 00:00:00+05:30,879.8579280746396,893.9074835384829,878.9358367650708,881.9447631835938,33540454
2025-04-07 00:00:00+05:30,855.4956105111871,863.7700245665659,843.5570610557007,853.0205078125,37995450
2025-04-08 00:00:00+05:30,856.5633039940931,864.8134887917699,849.4293443655757,858.5773315429688,35563872
2025-04-09 00:00:00+05:30,856.5632934570312,861.4163432783175,850.982286162552,856.5632934570312,22454608
2025-04-11 00:00:00+05:30,861.2950087869681,882.9638878798253,861.2950087869681,876.8247680664062,32775766
2025-04-15 00:00:00+05:30,905.0937456982635,910.8203678930464,900.240696123474,905.0452270507812,49298344
2025-04-16 00:00:00+05:30,914.2175024102767,914.2175024102767,902.9098732067754,911.4027099609375,19136820
2025-04-17 00:00:00+05:30,913.3439239431574,931.6398970227459,910.7717839889756,925.3309326171875,35703084
2025-04-21 00:00:00+05:30,933.7267676045618,946.6843866809207,926.9324979858176,935.231201171875,34247298
2025-04-22 00:00:00+05:30,939.0651467003056,956.3419923313835,939.0651467003056,952.0227661132812,45961750
2025-04-23 00:00:00+05:30,960.3700581866361,960.3700581866361,932.0282348743439,933.6782836914062,30570642
2025-04-24 00:00:00+05:30,926.9325074354753,933.6782584739785,924.5545011964061,930.2326049804688,25931754
2025-04-25 00:00:00+05:30,934.1150265036636,938.094503546439,918.099962552793,927.5148315429688,18500878
2025-04-28 00:00:00+05:30,927.5148236825167,936.4929655182809,926.156005327847,931.882568359375,13920492
2025-04-29 00:00:00+05:30,931.2032697895866,936.0563198526106,922.1765492792948,926.3502197265625,18918308
2025-04-30 00:00:00+05:30,928.3883766867898,939.9871769317172,927.0780770079656,934.2120361328125,31936870
2025-05-02 00:00:00+05:30,936.5415627453439,942.4137410838799,931.7855503024763,932.7076416015625,17840404
2025-05-05 00:00:00+05:30,941.0063068714467,947.3152712805899,937.754787372496,939.9386596679688,15068024
2025-05-06 00:00:00+05:30,936.638567281111,941.5401354999643,933.8723527219415,937.4635620117188,17490156
2025-05-07 00:00:00+05:30,938.5797640346196,945.7137230326645,932.950238518458,944.2092895507812,21420778
2025-05-08 00:00:00+05:30,948.6741890736062,948.6741890736062,931.348765916796,935.91064453125,34803430
2025-05-09 00:00:00+05:30,926.9809824392288,931.3002083857921,915.6734125356725,917.0807495117188,17188796
2025-05-12 00:00:00+05:30,930.6208021509265,951.149226156264,928.0487213449755,949.8388671875,18618972
2025-05-13 00:00:00+05:30,946.3447318748346,952.0227765695508,931.7855821536832,933.04736328125,24242102
2025-05-14 00:00:00+05:30,932.8047011833116,936.7356597192896,923.5353878045329,927.2236938476562,15445308
2025-05-15 00:00:00+05:30,928.6310733577037,943.8211428321799,920.6235412383402,938.4827880859375,32241458
2025-05-16 00:00:00+05:30,938.4828285590543,943.3358785376587,935.8621697223413,938.9195556640625,15868010
2025-05-19 00:00:00+05:30,940.0357230243618,943.9181627683963,937.1238932163359,940.8607177734375,10202964
2025-05-20 00:00:00+05:30,935.7164876572758,938.8709699179398,928.3883945615378,929.3104858398438,23879090
2025-05-21 00:00:00+05:30,935.1826696209016,944.8402502940019,932.3193584728106,935.0856323242188,15132040
2025-05-22 00:00:00+05:30,929.4560915529987,933.8238364554871,924.603041661345,931.737060546875,21306670
2025-05-23 00:00:00+05:30,931.834003427317,940.03566876142,929.1163076116359,938.3856201171875,9566072
2025-05-26 00:00:00+05:30,939.0651219212037,946.2961778607493,935.13416349166,941.5886840820312,10802860
2025-05-27 00:00:00+05:30,937.4150984573373,945.3741120704678,929.9899677215004,934.843017578125,26162148
2025-05-28 00:00:00+05:30,931.8826007257043,938.8224856498367,930.6693382733266,933.484130859375,18157594
2025-05-29 00:00:00+05:30,935.6679454442282,941.8798725130029,925.6221566559584,935.42529296875,28917794
2025-05-30 00:00:00+05:30,937.5607250510722,945.762391256773,934.4062426059052,943.8696899414062,28748078
2025-06-02 00:00:00+05:30,936.6871049098005,939.5504160632175,925.9618769879231,937.65771484375,14668822
2025-06-03 00:00:00+05:30,940.5210428582492,947.3153125176999,931.7855532960983,934.0179443359375,24377584
2025-06-04 00:00:00+05:30,932.2708984103567,943.0932235303936,932.2223797589662,942.0740356445312,12961542
2025-06-05 00:00:00+05:30,945.3740976135492,950.6639337246427,941.588695086737,946.1505737304688,22255418
2025-06-06 00:00:00+05:30,943.432829986841,968.8143027617217,942.8019098505041,960.2728881835938,30127008
2025-06-09 00:00:00+05:30,968.1833931080394,968.1833931080394,958.9140802403333,960.3699951171875,13202588
2025-06-10 00:00:00+05:30,962.2627345803987,962.2627345803987,951.7315810074685,953.7698974609375,15533126
2025-06-11 00:00:00+05:30,954.8861016587219,954.8861016587219,944.8888305540286,946.5388793945312,11096394
2025-06-12 00:00:00+05:30,946.3446634564742,951.68301796828,939.2107043054103,943.1416625976562,16349130
2025-06-13 00:00:00+05:30,931.7855323379068,938.0944968797781,928.3883975845915,930.6207885742188,12117762
2025-06-16 00:00:00+05:30,933.7267280054107,940.957783641244,931.8340268436207,939.2592163085938,16513746
2025-06-17 00:00:00+05:30,940.0357266330969,942.268117646221,931.3487558242051,936.4444580078125,16978736
2025-06-18 00:00:00+05:30,930.329645039179,939.6960548333931,930.329645039179,938.5313110351562,18433816
2025-06-19 00:00:00+05:30,938.5313155721643,944.7917616817875,934.5032605291775,939.2107543945312,16876220
2025-06-20 00:00:00+05:30,937.4150552584099,956.0022590492599,937.4150552584099,953.4786376953125,32900408
2025-06-23 00:00:00+05:30,945.5681762695312,950.1785732937573,942.3651754483343,945.5681762695312,11739518
2025-06-24 00:00:00+05:30,953.6242600004867,960.4185295373859,949.0623814631601,951.634521484375,22625322
2025-06-25 00:00:00+05:30,954.1096083800328,961.8744882040819,953.0904797513926,961.0009155273438,18405932
2025-06-26 00:00:00+05:30,961.5833031108746,983.7617170900772,960.9038642878594,981.1896362304688,50084830
2025-06-27 00:00:00+05:30,987.6660313444861,991.0024333509556,978.0494242399598,988.5982666015625,28213384
2025-06-30 00:00:00+05:30,986.9301202198938,988.0586250503452,979.0798184930638,982.023681640625,13649020
2025-07-01 00:00:00+05:30,983.740927917604,989.138010315157,983.250284063281,987.2244873046875,14389386
2025-07-02 00:00:00+05:30,991.0515399227539,991.0515399227539,970.4444979040134,974.418701171875,18878250
2025-07-03 00:00:00+05:30,978.7854199779471,985.2128423794024,973.584607191008,974.9583740234375,16860506
2025-07-04 00:00:00+05:30,974.9583893832662,983.0049605598704,971.4748300017685,976.037841796875,7863944
2025-07-07 00:00:00+05:30,975.8906089947405,980.5026731224453,973.3392849545877,975.1055908203125,11349426
2025-07-08 00:00:00+05:30,970.0028875050783,983.740915249207,970.0028875050783,981.974609375,15224316
2025-07-09 00:00:00+05:30,984.7221568062151,988.058558773539,980.3554147849677,986.7828369140625,13861428
2025-07-10 00:00:00+05:30,989.1379844829171,989.6286283244265,981.2876830187669,984.3296508789062,17030310
2025-07-11 00:00:00+05:30,980.306453474884,983.642855752239,971.9164552660966,973.2902221679688,12516922
2025-07-14 00:00:00+05:30,972.94677734375,975.7434233970494,966.8627814826074,972.94677734375,13088850
2025-07-15 00:00:00+05:30,968.0403470063502,983.0540373178538,968.0403470063502,979.079833984375,14498168
2025-07-16 00:00:00+05:30,990.1192370651518,992.4252390812768,977.6568719540081,979.4722900390625,17994612
2025-07-17 00:00:00+05:30,983.2502269350301,983.6427659529008,972.7994894879338,974.8602294921875,22529158
2025-07-18 00:00:00+05:30,974.8602232374529,979.8157138677898,958.2273856704023,960.38623046875,16129446
2025-07-21 00:00:00+05:30,970.5916382285527,982.2689857931025,969.7575676423911,981.5330200195312,22309078
2025-07-22 00:00:00+05:30,987.7151032772119,990.1192700741381,982.7596124670459,984.771240234375,14836814
2025-07-23 00:00:00+05:30,986.6848008986999,995.9089294093236,982.7596500249109,993.2103881835938,13634916
2025-07-24 00:00:00+05:30,999.7849522880986,999.7849522880986,985.4091233743482,988.2548217773438,19107176
2025-07-25 00:00:00+05:30,991.1076548914018,991.1076548914018,983.237817433207,985.9922485351562,9306598
2025-07-28 00:00:00+05:30,985.205265864704,994.2555908496133,983.9756037755068,987.9105224609375,12059580
2025-07-29 00:00:00+05:30,983.6804999207345,996.7640925817828,981.9097985152405,994.3539428710938,19895696
2025-07-30 00:00:00+05:30,997.5018784172968,999.764444634085,992.091365270063,996.4197998046875,15154036
2025-07-31 00:00:00+05:30,990.9108782036614,999.1742313953042,987.664582321978,992.6815795898438,22183032
2025-08-01 00:00:00+05:30,990.6157884442932,997.6494796779898,988.3040477115343,989.7304077148438,11317258
2025-08-04 00:00:00+05:30,988.6974801605747,992.8291567300697,977.8764539291843,979.7947387695312,13933946
2025-08-05 00:00:00+05:30,977.0894619202779,980.975205994727,966.7603007320947,972.7118530273438,23978058
2025-08-06 00:00:00+05:30,969.5147509914575,977.8272785976125,968.9737116887809,976.499267578125,14080204
2025-08-07 00:00:00+05:30,973.9415460716062,984.5166400056098,972.3184281442016,981.4671020507812,13081186
2025-08-08 00:00:00+05:30,977.3846207407715,980.1882863803764,968.9737439061473,970.8920288085938,13895264
2025-08-11 00:00:00+05:30,971.8757166821836,982.5491593344192,970.4984711596596,981.5654296875,9105854
2025-08-12 00:00:00+05:30,979.7455870293594,981.7622208654035,967.7440729221851,968.924560546875,12937802
2025-08-13 00:00:00+05:30,980.7784409396806,980.7784409396806,968.5309950398891,974.0399169921875,13577396
2025-08-14 00:00:00+05:30,972.908633518138,981.7622004561191,969.5639286580633,979.35205078125,17511716
2025-08-18 00:00:00+05:30,988.6483131467888,996.8132573563983,981.5654475516468,985.5003662109375,19284796
2025-08-19 00:00:00+05:30,982.8935135816985,986.7300232295675,977.1878335213248,979.35205078125,12352438
2025-08-20 00:00:00+05:30,977.3354453835109,979.7947696044055,973.4005266300795,977.9256591796875,9950228
2025-08-21 00:00:00+05:30,982.5000176251586,982.5000176251586,975.4663263982883,979.4012451171875,12439850
2025-08-22 00:00:00+05:30,978.7618310909676,981.7621945267439,962.6286407512459,966.317626953125,19833502
2025-08-25 00:00:00+05:30,964.1534314319724,972.6135426708398,962.5794879672083,966.0717163085938,17518044
2025-08-26 00:00:00+05:30,963.5632270654481,969.6623631247153,952.2503356808104,957.5625,16917731
2025-08-28 00:00:00+05:30,951.2665723546679,956.3819785474136,939.4618165446824,942.2162475585938,25438255
2025-08-29 00:00:00+05:30,938.4781016808785,947.6267755693488,934.6415319653455,936.1171264648438,14823813
2025-09-01 00:00:00+05:30,934.1496321868741,941.8719458039564,930.9525108908947,935.1333618164062,20178344
2025-09-02 00:00:00+05:30,935.5269334024698,939.2650942089082,928.6408255856272,929.1326904296875,14196320
2025-09-03 00:00:00+05:30,929.6245191670979,940.740652202688,924.7058709175366,938.9207763671875,16083481
2025-09-04 00:00:00+05:30,944.5772033181551,949.9877162864987,940.6914592688354,945.610107421875,17597657
2025-09-05 00:00:00+05:30,951.7584261964354,951.7584261964354,938.5272505370174,947.7251586914062,11602111
2025-09-08 00:00:00+05:30,953.2340258485783,957.3165278914954,944.823149393627,950.2828369140625,11711307
2025-09-09 00:00:00+05:30,958.1526998830964,958.5462157684692,947.0365666053971,949.4467163085938,13985539
2025-09-10 00:00:00+05:30,958.0543466125587,958.0543466125587,946.0528326679372,950.1845092773438,18091100
2025-09-11 00:00:00+05:30,944.6755555766032,953.4799478098324,944.2820997482355,952.0535278320312,15113633
2025-09-12 00:00:00+05:30,954.1194397337725,954.9555859441327,946.5938836721522,951.5617065429688,14363519
2025-09-15 00:00:00+05:30,953.824233432933,956.5294899386951,949.2991011128589,951.3157348632812,14486377
2025-09-16 00:00:00+05:30,945.560981879392,953.5783427584718,945.560981879392,951.1190185546875,18661794
2025-09-17 00:00:00+05:30,949.4467082101403,958.5462075924,948.6596764461077,950.7747192382812,17361476
2025-09-18 00:00:00+05:30,957.4640913046234,963.7108108355188,953.4799980850369,961.0055541992188,17791598
2025-09-19 00:00:00+05:30,959.0380500102757,960.8087513537787,946.4462625851606,951.168212890625,31243267
2025-09-22 00:00:00+05:30,948.315388056543,955.3982535857159,946.298754270858,948.5121459960938,10854415
2025-09-23 00:00:00+05:30,951.2665762064279,952.447063800625,939.9536851760515,941.6260375976562,21022298
2025-09-24 00:00:00+05:30,936.7074240016012,940.8882751893465,927.6570988338277,935.5761108398438,15117220
2025-09-25 00:00:00+05:30,937.0024763946197,942.4129893816753,931.9854792780051,934.3955688476562,31413279
2025-09-26 00:00:00+05:30,929.7228805294212,935.9695999150294,925.9847198182591,929.6737060546875,14874656
2025-09-29 00:00:00+05:30,930.6574059019287,941.232499440892,923.8204729543667,934.8382568359375,32398179
2025-09-30 00:00:00+05:30,942.4621986714628,944.3804835370663,930.9033750448373,935.5269165039062,28296687
2025-10-01 00:00:00+05:30,937.1992488555558,953.8242439027433,930.6082481971154,949.5450439453125,25350832
2025-10-03 00:00:00+05:30,936.5106471136629,951.0206597658967,936.5106471136629,949.4467163085938,26658296
2025-10-06 00:00:00+05:30,956.0868643620497,961.4973774003239,946.3479168763192,957.6116333007812,18542683
2025-10-07 00:00:00+05:30,958.1527020714059,973.7447933808842,955.201513050652,966.514404296875,25535736
2025-10-08 00:00:00+05:30,960.1201629857547,969.8591107869768,958.6937429483099,962.7762451171875,15939710
2025-10-09 00:00:00+05:30,958.6445364195181,963.0713198098597,954.3653364923583,961.2022094726562,15370950
2025-10-10 00:00:00+05:30,963.0713193511867,970.1541847807785,962.1859386567031,964.9404296875,13757080
2025-10-13 00:00:00+05:30,958.4477997344204,965.0388004923793,956.1852335153851,961.1038818359375,18634254
2025-10-14 00:00:00+05:30,954.2177737318785,964.4977607253469,951.2665847409552,961.25146484375,22934382
2025-10-15 00:00:00+05:30,959.1364356766506,968.8753835018975,957.5132576917447,962.3335571289062,23310447
2025-10-16 00:00:00+05:30,966.6619807603523,980.384961573746,965.5306676270898,978.1715698242188,22936566
2025-10-17 00:00:00+05:30,977.7781081157631,992.5832274986775,969.9574453059425,986.2381591796875,25210511
2025-10-20 00:00:00+05:30,980.7784494751901,1003.4042311581684,980.7784494751901,986.6316528320312,22195202
2025-10-21 00:00:00+05:30,989.6320299074079,993.5669485153896,987.664570603417,991.3043823242188,3471600
2025-10-23 00:00:00+05:30,999.4693402098319,1003.8961237048558,989.6320435542233,992.386474609375,43526526
2025-10-24 00:00:00+05:30,994.5506701933195,995.4852253636408,975.1711841959709,978.5650634765625,17707768
2025-10-27 00:00:00+05:30,980.286584655995,992.6323796093756,979.9914777728962,986.6316528320312,15700796
2025-10-28 00:00:00+05:30,981.4178939740924,991.5994716753507,978.8109864255694,987.2218627929688,33904289
2025-10-29 00:00:00+05:30,988.5499498614066,996.0262711888014,983.729650556841,991.451904296875,17769445
2025-10-30 00:00:00+05:30,983.7296659041476,993.0750977302371,980.8768258561881,981.9097900390625,19962917
2025-10-31 00:00:00+05:30,977.8272677237645,988.1072545286754,965.1863657946757,971.2362670898438,23221330
2025-11-03 00:00:00+05:30,968.9737116887809,978.3683179002891,967.3013592642496,976.499267578125,16607180
2025-11-04 00:00:00+05:30,970.9411924643373,980.7784892471573,967.6948965344255,969.2196655273438,20024544
2025-11-06 00:00:00+05:30,965.0388182096445,974.9252895070431,958.1527104344483,968.6294555664062,22279516
2025-11-07 00:00:00+05:30,964.0550607577244,968.8753600783504,958.8904800750938,966.317626953125,15004568
2025-11-10 00:00:00+05:30,966.3176552483678,974.8269410200376,964.2518469316628,968.4818725585938,15988262
2025-11-11 00:00:00+05:30,967.4981021987119,977.3353986115102,962.0875891716729,975.564697265625,10200530
2025-11-12 00:00:00+05:30,982.549186657653,982.7459446009269,971.629811290036,973.4005126953125,13137263
2025-11-13 00:00:00+05:30,967.990016129637,973.9907432290495,966.6127705451346,970.596923828125,14124839
2025-11-14 00:00:00+05:30,960.169315545859,975.5155341538173,960.169315545859,973.4988403320312,21386965
2025-11-17 00:00:00+05:30,975.121999344663,981.7129998984626,969.5639028977658,980.3357543945312,18396408
2025-11-18 00:00:00+05:30,981.4178963551165,982.7459073482096,973.8923406153428,976.302490234375,20002640
2025-11-19 00:00:00+05:30,973.8923481205824,980.3357652840727,967.9899702531849,978.41748046875,19813847
2025-11-20 00:00:00+05:30,979.106143718625,995.1409255797437,976.3025381325072,992.4356689453125,19850865
2025-11-21 00:00:00+05:30,986.7792242744008,991.8946306513916,980.3358068377918,981.8114013671875,17499897
2025-11-24 00:00:00+05:30,983.7296398293618,994.9933562138265,977.4337461176169,982.8934936523438,32204053
2025-11-25 00:00:00+05:30,987.6645910314578,989.7303993265384,972.3184321597589,973.6956176757812,24989383
2025-11-26 00:00:00+05:30,965.3338969506472,990.566586579224,965.3338969506472,987.5662231445312,19494356
2025-11-27 00:00:00+05:30,985.7954498771661,1000.2562876177888,984.7133712881919,993.0750732421875,25536848
2025-11-28 00:00:00+05:30,990.615779865885,995.583602701878,987.8613487922537,991.2059936523438,15988807
2025-12-01 00:00:00+05:30,1000.9449320171519,1000.9449320171519,983.0410401436599,985.7954711914062,16746566
2025-12-02 00:00:00+05:30,971.9249162739843,978.2208101938114,968.9737272569581,973.6956176757812,27316662
2025-12-03 00:00:00+05:30,969.957416921422,985.9921979107919,969.957416921422,984.2214965820312,15448777
2025-12-04 00:00:00+05:30,983.7296507402166,988.3531921071142,976.8435431850351,980.9752197265625,14528169
2025-12-05 00:00:00+05:30,975.8598190407668,991.5994935414243,974.0891176678615,986.9759521484375,12843366
2025-12-08 00:00:00+05:30,983.7296369469886,990.1238795871441,981.2703128546212,986.7791748046875,12901022
2025-12-09 00:00:00+05:30,978.7126738119038,986.4841021884776,977.82729309106,980.8768310546875,15294322
2025-12-10 00:00:00+05:30,981.2703481612342,982.2540778335763,969.2688341502419,973.6956176757812,15322830
2025-12-11 00:00:00+05:30,973.892376646044,986.3857555063869,972.4167821359742,984.0247802734375,11844809
2025-12-12 00:00:00+05:30,986.6808557305643,988.3532081724247,981.9589653386773,985.2052612304688,11988618
2025-12-15 00:00:00+05:30,975.8597989154725,985.5003373398883,975.8597989154725,979.89306640625,9790060
2025-12-16 00:00:00+05:30,973.9906989646398,982.4508099496376,973.9906989646398,978.1223754882812,20049088
2025-12-17 00:00:00+05:30,979.7947462128429,979.7947462128429,964.8420432983647,967.989990234375,19080922
2025-12-18 00:00:00+05:30,957.464054962666,971.334679033018,957.464054962666,963.7599487304688,14912404
2025-12-19 00:00:00+05:30,970.9411706561548,971.9249003123414,962.7762265182249,969.465576171875,25952384
2025-12-22 00:00:00+05:30,971.9249286743926,976.745228147207,967.8916609831689,971.6298217773438,13540411
2025-12-23 00:00:00+05:30,974.3842218605324,982.647574967353,971.6297908389565,980.3849487304688,17927849
2025-12-24 00:00:00+05:30,976.8435431850351,983.1394369666097,976.8435431850351,980.9752197265625,13699996
2025-12-26 00:00:00+05:30,979.7947606844748,980.9752483081762,971.6298163538564,975.9581909179688,9360853
2025-12-29 00:00:00+05:30,976.9418827381613,981.1719682293385,971.1379138798658,975.564697265625,13545749
2025-12-30 00:00:00+05:30,974.0891482066822,978.8110386964976,966.219310709625,974.7777709960938,33155849
2025-12-31 00:00:00+05:30,974.8761180311038,981.3687099365719,971.531413084593,975.0728759765625,10963454
2026-01-01 00:00:00+05:30,977.3354223369146,981.3195154723957,973.4005036762727,975.023681640625,7132074
2026-01-02 00:00:00+05:30,975.0236621058955,986.8775923251652,972.7118614138294,985.3035888671875,11751459
2026-01-05 00:00:00+05:30,989.3861276768052,990.0255759869466,960.4152765333309,961.5957641601562,27647379
2026-01-06 00:00:00+05:30,947.0365425575541,950.9714611429873,940.445541918535,946.544677734375,31988783
2026-01-07 00:00:00+05:30,940.4455758755977,940.8882662408619,930.6082790568153,933.608642578125,52884712
2026-01-08 00:00:00+05:30,929.3294156929511,937.4943598087852,926.083119844739,931.296875,21928849
2026-01-09 00:00:00+05:30,929.6245460388378,935.1334082207486,918.1148967937476,923.72216796875,38183839
2026-01-12 00:00:00+05:30,922.246544668881,926.6733280832916,914.4750564356341,921.7055053710938,21071666
2026-01-13 00:00:00+05:30,932.2806373194226,932.2806373194226,917.4262830054705,922.0989990234375,32042827
2026-01-14 00:00:00+05:30,914.8685971701506,924.7550683892156,905.2280583696796,910.3926391601562,36688248
2026-01-15 00:00:00+05:30,910.3926391601562,910.3926391601562,910.3926391601562,910.3926391601562,0
2026-01-16 00:00:00+05:30,906.9987674975428,920.7218085803552,904.2443363942556,915.95068359375,37780235
2026-01-19 00:00:00+05:30,920.6726328615482,920.9185652819042,904.5394420693568,912.8027954101562,38191942
2026-01-20 00:00:00+05:30,914.1799618930222,919.2953681382725,904.637772173591,916.049072265625,36022727
2026-01-21 00:00:00+05:30,909.9499161549952,916.9836070913005,900.6044845836736,905.3755493164062,32766854
2026-01-22 00:00:00+05:30,912.9011151422527,913.1962220288154,898.3419283315923,903.75244140625,44444755
2026-01-23 00:00:00+05:30,905.0312717738813,911.0319985807623,894.4561781091321,901.1947021484375,30985247
2026-01-27 00:00:00+05:30,891.2590997657288,916.0490999795524,890.2753700750383,911.3272094726562,44753093
2026-01-28 00:00:00+05:30,917.3279002643548,926.1322926560076,913.2946327089841,917.524658203125,35347138
2026-01-29 00:00:00+05:30,914.9669494914904,924.0172745375145,909.310503842987,920.2791137695312,37175628
2026-01-30 00:00:00+05:30,914.8685955943554,923.6238136980638,912.6552038308206,914.1307983398438,29691233
2026-02-02 00:00:00+05:30,900.1126164754811,914.6718030723491,894.5053455447564,912.9994506835938,28032106
2026-02-03 00:00:00+05:30,967.7440559401642,977.8272849855383,929.6245315003357,933.2643432617188,50336968
2026-02-04 00:00:00+05:30,937.0024986247718,941.62604002273,932.5265406922532,937.5927124023438,24366770
2026-02-05 00:00:00+05:30,940.4455315704454,940.4947060438036,931.2968579683982,934.248046875,28103169
2026-02-06 00:00:00+05:30,929.6245335781572,932.674071523322,922.3449100391202,925.7879638671875,18120272
2026-02-09 00:00:00+05:30,929.6245151050697,934.5431633331389,920.1315000080592,922.0006103515625,23947829
2026-02-10 00:00:00+05:30,914.868578036692,925.5912552799808,914.8194035624206,917.2295532226562,31525385
2026-02-11 00:00:00+05:30,916.098249190927,920.7709650928405,910.2450456843219,912.0157470703125,24869804
2026-02-12 00:00:00+05:30,911.9174149760892,913.4913584500406,903.5557126812706,905.6215209960938,33872203
2026-02-13 00:00:00+05:30,898.1451529282086,913.097855324917,886.3403973585059,889.1932373046875,50188359
2026-02-16 00:00:00+05:30,889.1932346170704,914.3766890728148,887.4224732532938,910.7368774414062,18806989
2026-02-17 00:00:00+05:30,907.9824677389611,912.9994649414832,903.6540332583628,910.6385498046875,22599629
2026-02-18 00:00:00+05:30,908.1792516728873,910.4418179261975,904.5886143276533,909.6548461914062,12738702
2026-02-19 00:00:00+05:30,913.8848827326366,914.0816406792112,897.6041683586819,900.702880859375,21209234
2026-02-20 00:00:00+05:30,896.1777087970013,902.9162328649714,893.6200357305538,897.0138549804688,22654907
2026-02-23 00:00:00+05:30,901.5882362795462,910.5893867142319,900.3585742006053,908.5726928710938,23270122
2026-02-24 00:00:00+05:30,912.8519465614362,912.8519465614362,894.3578410316289,895.6858520507812,31313985
2026-02-25 00:00:00+05:30,895.7350222932594,901.0963609031212,888.4062243801156,892.8330078125,27884303
2026-02-26 00:00:00+05:30,897.1614323550999,897.1614323550999,880.4380284625158,883.9794311523438,41165937
2026-02-27 00:00:00+05:30,883.9794733683615,884.3238147843207,870.6007736322075,873.3060302734375,34620755
2026-03-02 00:00:00+05:30,861.9439110956672,873.3059762779105,857.3695443137591,865.0918579101562,38378924
2026-03-04 00:00:00+05:30,834.202743374385,864.993469417403,834.202743374385,854.5167846679688,39862322
2026-03-05 00:00:00+05:30,859.6321193633155,867.0593261570968,849.4505416361635,863.4686889648438,31324582
2026-03-06 00:00:00+05:30,853.9264946975441,857.5171318697022,841.1871839599715,843.10546875,34439647
2026-03-09 00:00:00+05:30,811.5769775858611,828.7430723323081,808.1339237415574,827.0215454101562,35592613
2026-03-10 00:00:00+05:30,836.2193641547399,842.8595391904452,826.923107096334,835.629150390625,52866024
2026-03-11 00:00:00+05:30,831.2515482012323,835.0388833093358,814.1346283989498,820.38134765625,42261076
2026-03-12 00:00:00+05:30,806.7566625998296,822.7915039414563,806.7566625998296,819.2008666992188,46107561
2026-03-13 00:00:00+05:30,806.6583423777922,810.3965031755142,798.7885048911796,803.7071533203125,41700464
2026-03-16 00:00:00+05:30,803.7071599773169,830.7597265616207,802.3791489072894,826.9231567382812,52182605
2026-03-17 00:00:00+05:30,833.907625869114,835.0881134427475,821.5125964091002,831.5958251953125,38826979
2026-03-18 00:00:00+05:30,831.5958180920426,833.0222380629118,818.0695356894909,829.333251953125,23507063
2026-03-19 00:00:00+05:30,757.4718247668609,802.3791069663046,757.4718247668609,785.2130126953125,171637393
2026-03-20 00:00:00+05:30,772.2277890336613,780.8354236248008,765.5384393026802,767.7518310546875,103129469
2026-03-23 00:00:00+05:30,750.7333447737776,756.1930326018271,728.9928823726722,732.04248046875,72341738
2026-03-24 00:00:00+05:30,742.7158864237038,760.1770877270425,735.5346719806084,752.454833984375,61269986
2026-03-25 00:00:00+05:30,755.7011518436857,781.8683373030494,755.7011518436857,769.5717163085938,59230640
2026-03-27 00:00:00+05:30,760.6197661066401,762.2921184952538,742.2731843894259,743.8963623046875,65485199
2026-03-30 00:00:00+05:30,733.0753333889118,738.7809532430898,714.8271607333363,719.6473999023438,103500135
2026-04-01 00:00:00+05:30,730.9111370884557,743.6012737142313,727.0745673991486,730.17333984375,78862761
2026-04-02 00:00:00+05:30,718.1226435138951,742.7158847301245,714.8271732077576,738.6826171875,49310300
2026-04-06 00:00:00+05:30,746.6508105088765,760.1770933079504,732.8785952952741,758.45556640625,42976659
2026-04-07 00:00:00+05:30,753.5368922732654,761.4067292682865,748.6182441513773,759.4392700195312,51309793
2026-04-08 00:00:00+05:30,786.9837533249241,804.4941298279846,783.0488345582994,802.82177734375,70269512
2026-04-09 00:00:00+05:30,801.7397031581198,805.674621946626,780.1959987742106,784.72119140625,48879392
2026-04-10 00:00:00+05:30,790.9186649096054,799.0344347920734,787.9674758614352,797.1161499023438,38156026
2026-04-13 00:00:00+05:30,778.6220116333144,785.5081191272287,774.5395096022282,781.7699584960938,47549328
2026-04-15 00:00:00+05:30,791.8531825431569,801.5428954413671,790.9186273804953,796.72265625,39769515
2026-04-16 00:00:00+05:30,804.6908427624061,806.7074765090769,779.3106301457999,782.5077514648438,62861293
2026-04-17 00:00:00+05:30,777.2447773125524,790.8694690755784,775.3757269911107,786.8853759765625,37282544
2026-04-20 00:00:00+05:30,784.130869340026,796.7718311959621,777.146412936798,782.5077514648438,52148044
2026-04-21 00:00:00+05:30,782.2618278432276,801.6413139109341,782.2618278432276,798.5425415039062,49135752
2026-04-22 00:00:00+05:30,796.8210214869076,799.8213849297669,785.0162656130275,786.8853759765625,23876412
2026-04-23 00:00:00+05:30,779.1138736217773,783.6882404572269,769.7684420568696,771.5883178710938,37677616
2026-04-24 00:00:00+05:30,764.6530532653331,774.7854567622786,764.3579463755373,772.0802001953125,27720358
2026-04-27 00:00:00+05:30,774.6870798664892,780.0975928052393,772.227755803421,776.9496459960938,18115375
2026-04-28 00:00:00+05:30,772.2277766082829,781.5732082997206,765.6367759332712,769.817626953125,35366803
2026-04-29 00:00:00+05:30,772.7196209849993,777.1464043006358,764.7022005187322,766.3253784179688,25799963
2026-04-30 00:00:00+05:30,757.4718126650201,766.1286213727735,749.847908057028,759.1441650390625,47998755
2026-05-01 00:00:00+05:30,759.1441650390625,759.1441650390625,759.1441650390625,759.1441650390625,0
2026-05-04 00:00:00+05:30,760.0295232783589,773.8017387354295,760.0295232783589,766.7189331054688,29028060
2026-05-05 00:00:00+05:30,761.8002432312857,764.2595672860843,751.2743242683289,759.734375,38887657
2026-05-06 00:00:00+05:30,762.5380651832903,785.9508189360297,760.9148872376333,783.58984375,35530831
2026-05-07 00:00:00+05:30,781.0813276889071,788.5084744009563,775.7199891869062,783.0979614257812,46137553
2026-05-08 00:00:00+05:30,771.2440360478325,775.9167518274592,764.5546865191014,768.145263671875,38016841
2026-05-11 00:00:00+05:30,759.3901026416063,762.2428825536997,749.5036318326614,751.2251586914062,41123422
2026-05-12 00:00:00+05:30,744.2898305325124,747.3394284783378,735.6330216051203,738.2399291992188,43937132
2026-05-13 00:00:00+05:30,739.7647228184694,747.5853858194506,735.1903557682459,737.4037475585938,28960919
2026-05-14 00:00:00+05:30,738.7810009702333,765.6368096362314,734.846082190099,757.0291748046875,50992358
2026-05-15 00:00:00+05:30,760.4230253238243,769.1782432932904,752.9467039429112,755.0125122070312,24347873
2026-05-18 00:00:00+05:30,746.6507839481793,761.5050772404568,739.1252283144738,756.143798828125,29812079
2026-05-19 00:00:00+05:30,754.2255287138954,758.2587962302428,747.8804605130283,750.044677734375,40307830
2026-05-20 00:00:00+05:30,747.2410491475586,749.8479568451309,742.8635000569833,747.1427001953125,24013451
2026-05-21 00:00:00+05:30,754.5206547496631,755.7503168336749,742.8634822100684,746.7984008789062,34664725
2026-05-22 00:00:00+05:30,746.7984174780529,762.390509033052,746.7984174780529,754.3239135742188,25604071
2026-05-25 00:00:00+05:30,763.3742255318324,775.0313981291084,762.5872538025895,774.0476684570312,26043952
2026-05-26 00:00:00+05:30,771.2932224692265,777.9825721015808,764.1120080103449,766.22705078125,31528062
2026-05-27 00:00:00+05:30,756.9799611769273,761.3083956280444,744.584991677417,746.3065185546875,63680153
2026-05-28 00:00:00+05:30,746.3065185546875,746.3065185546875,746.3065185546875,746.3065185546875,0
2026-05-29 00:00:00+05:30,733.9115075895189,748.1264133157719,725.7465633447872,732.4359130859375,101299431
2026-06-01 00:00:00+05:30,736.8135126590627,740.1089829912345,727.1729740345589,730.6160278320312,47996441
2026-06-02 00:00:00+05:30,725.0087855549667,741.3386744827858,721.2214502442791,736.0757446289062,47314447
2026-06-03 00:00:00+05:30,732.3375535846441,744.5849997963322,730.5176176978582,741.3878784179688,36109480
2026-06-04 00:00:00+05:30,736.9610714527732,744.9784318589446,732.8785694984622,741.9288940429688,42673538
2026-06-05 00:00:00+05:30,741.6829610502508,746.355676758121,732.5342875674706,734.8952026367188,22116568
2026-06-08 00:00:00+05:30,725.9925096938186,729.4355636015806,722.5494557860566,726.6319580078125,21550700
2026-06-09 00:00:00+05:30,727.4189306755471,731.8457142768752,720.3852393810432,726.3367919921875,38539563
2026-06-10 00:00:00+05:30,724.5169081730804,743.6504624272108,724.418559222074,734.698486328125,44458159
2026-06-11 00:00:00+05:30,730.9111639255492,743.699649970007,728.0583237911012,732.485107421875,32632007
2026-06-12 00:00:00+05:30,742.4207572291352,761.8494172504803,740.8467538097462,759.8819580078125,36088159
2026-06-15 00:00:00+05:30,777.1464134002696,780.5894671305239,762.980682607529,764.7022094726562,39990334
2026-06-16 00:00:00+05:30,767.8010209255166,774.8838866823837,766.7681167622869,772.1294555664062,27820970
2026-06-17 00:00:00+05:30,774.8346784396643,781.376444549763,770.3586605239058,774.2935791015625,32405604
2026-06-18 00:00:00+05:30,773.7033792240301,789.8857441736253,773.4082723338255,786.0,41492071
2026-06-19 00:00:00+05:30,788.7000122070312,789.0499877929688,776.2000122070312,779.7999877929688,33798761
2026-06-22 00:00:00+05:30,789.9000244140625,789.9000244140625,783.0999755859375,786.4000244140625,25194765
2026-06-23 00:00:00+05:30,783.0499877929688,790.9000244140625,772.5499877929688,774.6500244140625,28289062
2026-06-24 00:00:00+05:30,773.0,794.9000244140625,772.6500244140625,793.2000122070312,34701292
2026-06-25 00:00:00+05:30,798.5,804.4500122070312,794.75,796.2999877929688,46707966
2026-06-26 00:00:00+05:30,796.2999877929688,796.2999877929688,796.2999877929688,796.2999877929688,0
2026-06-29 00:00:00+05:30,800.0,805.9000244140625,793.2999877929688,798.9000244140625,46695977
2026-06-30 00:00:00+05:30,806.0999755859375,806.0999755859375,792.75,797.9500122070312,45778356
2026-07-01 00:00:00+05:30,793.5,802.25,793.5,796.1500244140625,26094378
2026-07-02 00:00:00+05:30,795.0,805.4500122070312,794.0,795.9000244140625,34143823
2026-07-03 00:00:00+05:30,803.0,807.0,798.5499877929688,801.0499877929688,25871958
2026-07-06 00:00:00+05:30,805.0,831.5,805.0,829.8499755859375,63203327
2026-07-07 00:00:00+05:30,843.0,843.0,826.0999755859375,829.2999877929688,57611729
2026-07-08 00:00:00+05:30,825.9000244140625,834.3499755859375,806.9500122070312,810.2999877929688,38754632
2026-07-09 00:00:00+05:30,813.0,822.8499755859375,812.2999877929688,817.5499877929688,39891798
2026-07-10 00:00:00+05:30,824.0,827.7000122070312,820.2999877929688,824.9500122070312,23595785
2026-07-13 00:00:00+05:30,817.0,821.9500122070312,811.0,817.9500122070312,21741736
2026-07-14 00:00:00+05:30,811.4000244140625,818.4000244140625,807.0,809.4000244140625,25605395
2026-07-15 00:00:00+05:30,811.0,819.7000122070312,809.7000122070312,815.4500122070312,21488739
2026-07-16 00:00:00+05:30,814.5,818.0,806.5,808.2999877929688,18698186
2026-07-17 00:00:00+05:30,810.0,823.7000122070312,808.5,819.5999755859375,17415322
2026-07-20 00:00:00+05:30,790.0,790.0,774.5499877929688,777.5999755859375,56061789
2026-07-21 00:00:00+05:30,769.1500244140625,772.5,760.0999755859375,761.4500122070312,42246009
2026-07-22 00:00:00+05:30,760.25,761.3499755859375,750.3499755859375,753.1500244140625,23385446
2026-07-23 00:00:00+05:30,749.4000244140625,751.0,743.25,747.25,32532090
2026-07-24 00:00:00+05:30,738.5,748.25,737.25,742.7999877929688,23837859
2026-07-27 00:00:00+05:30,746.0999755859375,747.9500122070312,738.0999755859375,739.5499877929688,29678752
2026-07-28 00:00:00+05:30,732.0,740.25,732.0,735.4000244140625,33886037
2026-07-29 00:00:00+05:30,743.0,751.25,740.7999877929688,748.2000122070312,20460659
2026-07-30 00:00:00+05:30,752.7999877929688,757.9000244140625,745.5,753.9500122070312,35844392
2026-07-31 00:00:00+05:30,753.9500122070312,757.5499877929688,747.2000122070312,748.1500244140625,25522483
2026-08-03 00:00:00+05:30,753.0499877929688,756.8499755859375,750.0499877929688,753.0,14827841
2026-08-04 00:00:00+05:30,753.2000122070312,753.2000122070312,738.0,742.0,31559802
2026-08-05 00:00:00+05:30,733.7999877929688,741.9500122070312,732.5999755859375,735.0,60050538
2026-08-06 00:00:00+05:30,739.0,740.5,733.5499877929688,734.2999877929688,44772122
2026-08-07 00:00:00+05:30,733.0,736.0,728.2000122070312,731.0,19382042
2026-08-10 00:00:00+05:30,731.5,737.5499877929688,728.5,731.0,23660590
2026-08-11 00:00:00+05:30,730.5,730.8499755859375,726.5499877929688,729.0,29154365
2026-08-12 00:00:00+05:30,729.0,730.6500244140625,722.0,729.0,26993177
2026-08-13 00:00:00+05:30,726.9000244140625,729.0,724.5,725.0,22129893
2026-08-14 00:00:00+05:30,725.0,729.5999755859375,723.5,727.0,20364131
2026-08-17 00:00:00+05:30,727.0499877929688,732.0999755859375,724.5,729.0,14823722
2026-08-18 00:00:00+05:30,726.2999877929688,729.0,723.0,723.0,17916507
2026-08-19 00:00:00+05:30,724.0,725.4000244140625,715.0999755859375,720.0,21342651
2026-08-20 00:00:00+05:30,725.5,728.2999877929688,724.2999877929688,725.0499877929688,17603805
2026-08-21 00:00:00+05:30,728.2999877929688,732.7999877929688,726.5999755859375,726.9500122070312,26029811
2026-08-24 00:00:00+05:30,732.5,734.4000244140625,724.0999755859375,729.0,11408345
2026-08-25 00:00:00+05:30,726.5999755859375,728.7000122070312,722.0,727.5,17511874
2026-08-26 00:00:00+05:30,728.0,731.0,724.1500244140625,727.2000122070312,21156463
2026-08-27 00:00:00+05:30,728.1500244140625,728.1500244140625,710.0,711.0,46515020
2026-08-28 00:00:00+05:30,710.8499755859375,720.2999877929688,707.0,720.2999877929688,16494301
2026-08-31 00:00:00+05:30,723.0499877929688,739.75,704.1500244140625,709.0,78157067
2026-09-01 00:00:00+05:30,705.0499877929688,715.4500122070312,698.5,711.9000244140625,44417092
2026-09-02 00:00:00+05:30,702.2999877929688,705.6500244140625,700.0,700.7999877929688,36950338
2026-09-03 00:00:00+05:30,705.0,712.5999755859375,705.0,706.6500244140625,27770641
2026-09-04 00:00:00+05:30,708.3499755859375,716.5,708.3499755859375,712.0999755859375,14488024
2026-09-07 00:00:00+05:30,712.0999755859375,713.0,707.0499877929688,710.5,12180390
2026-09-08 00:00:00+05:30,707.0999755859375,708.9000244140625,703.0,703.0,19865009
