Date,Open,High,Low,Close,Volume
2015-01-02 00:00:00-05:00,77.89594775017927,78.24289942003792,77.02360347970135,77.76707458496094,18177500
2015-01-05 00:00:00-05:00,77.30118268637959,78.56012393144991,76.19092963180485,76.51805877685547,26452200
2015-01-06 00:00:00-05:00,76.55770660448336,76.91456580191738,74.70398246361094,75.48710632324219,27399300
2015-01-07 00:00:00-05:00,76.09179680266656,76.6865722156962,75.159977199033,75.48710632324219,22045300
2015-01-08 00:00:00-05:00,76.07196835159291,77.54900319489448,75.41771765169077,77.49943542480469,23961000
2015-01-09 00:00:00-05:00,77.51925000858212,77.93559957069412,76.52795521275381,77.0632553100586,21157000
2015-01-12 00:00:00-05:00,77.16238463275415,77.32099543310338,75.54657680983748,76.05213928222656,19190200
2015-01-13 00:00:00-05:00,76.55771657902727,77.40031582084804,75.18972463154863,75.78450012207031,25179600
2015-01-14 00:00:00-05:00,75.75474746505341,76.52795620575574,75.36814309470225,75.615966796875,25918600
2015-01-15 00:00:00-05:00,75.73492930174481,75.90344761390922,72.89982537894511,73.40538787841797,34134000
2015-01-16 00:00:00-05:00,73.39547526196397,74.66433152316812,73.19721174428838,74.52555084228516,21791500
2015-01-20 00:00:00-05:00,75.06085441938114,75.6457148064973,74.16868745659526,75.57632446289062,22821600
2015-01-21 00:00:00-05:00,75.49701521599378,76.62709067723397,75.18970868672386,76.07196044921875,25096700
2015-01-22 00:00:00-05:00,76.49822753754762,77.07318040909078,76.01249514199291,76.97405242919922,19519500
2015-01-23 00:00:00-05:00,76.974047701065,77.5093478351747,76.36935722899551,77.15248107910156,16746500
2015-01-26 00:00:00-05:00,77.30118809097387,77.78692052750698,76.61719211495121,76.82536315917969,19260800
2015-01-27 00:00:00-05:00,76.04223542527485,76.2107537532515,74.97163505404616,75.12033081054688,20110000
2015-01-28 00:00:00-05:00,76.23058275659368,76.96413889800418,75.3384157938078,75.57632446289062,53306400
2015-01-29 00:00:00-05:00,76.18100102603636,77.34081408366313,73.56398345668313,77.32099151611328,61293500
2015-01-30 00:00:00-05:00,77.32100944794584,77.4796202770441,75.09059571387047,75.24920654296875,42649500
2015-02-02 00:00:00-05:00,75.4474647565992,75.47720239719297,73.10800789879916,74.33721160888672,41955300
2015-02-03 00:00:00-05:00,74.53547367135123,74.92207811735635,73.21704950267697,74.74364471435547,26957700
2015-02-04 00:00:00-05:00,74.43632615875853,75.6853597790446,74.35702831915296,74.97162628173828,20277400
2015-02-05 00:00:00-05:00,75.05092544885726,75.31857926959934,74.55527806834995,74.95179748535156,15062600
2015-02-06 00:00:00-05:00,75.02120522844228,75.04102780055268,73.60365308865997,73.82173919677734,21211000
2015-02-09 00:00:00-05:00,73.40537261625406,74.17858124116782,72.81058976972524,73.79197692871094,16194300
2015-02-10 00:00:00-05:00,74.19841724749513,74.68414960136984,73.85146556615605,74.53546142578125,15811300
2015-02-11 00:00:00-05:00,74.43633430237811,76.08188755263969,74.37685902542225,75.84397888183594,20877400
2015-02-12 00:00:00-05:00,76.19091156151089,76.20082662618576,75.2293544884656,75.56639862060547,17235000
2015-02-13 00:00:00-05:00,75.79440675213716,75.81423688530275,74.84276456064548,75.08067321777344,18621900
2015-02-17 00:00:00-05:00,74.64451819179318,76.24050378246547,74.42643207684702,74.94190216064453,25254400
2015-02-18 00:00:00-05:00,75.27893497525078,76.23057714450246,74.79319504278403,76.04222869873047,22426400
2015-02-19 00:00:00-05:00,76.3197834341252,79.14497206080091,76.28013073513934,78.72863006591797,45851200
2015-02-20 00:00:00-05:00,78.85750845862877,79.64062473585815,78.51054921023507,79.20446014404297,36931700
2015-02-23 00:00:00-05:00,79.26393179970869,79.49193293285563,77.69768419072825,78.15367889404297,24139100
2015-02-24 00:00:00-05:00,77.81664235050326,78.78811458908662,77.4201229151023,77.76707458496094,18897100
2015-02-25 00:00:00-05:00,77.81663872610204,79.50183679434203,77.81663872610204,78.8674087524414,25593800
2015-02-26 00:00:00-05:00,79.1846369319597,80.6616718350596,79.026033674615,79.71002960205078,31111900
2015-02-27 00:00:00-05:00,79.97767568777608,80.52289092741896,77.93561054107762,78.28256225585938,30739200
2015-03-02 00:00:00-05:00,78.31229211693648,79.16480628172881,77.83646726750237,79.0557632446289,21662500
2015-03-03 00:00:00-05:00,78.91697378071919,79.00618667587337,77.83645859609881,78.90705871582031,18635000
2015-03-04 00:00:00-05:00,78.60968475496131,80.44357871777616,78.16359753396557,80.19575500488281,28126700
2015-03-05 00:00:00-05:00,80.52288188956297,81.27626051053582,80.34444851870532,80.5030517578125,27825700
2015-03-06 00:00:00-05:00,80.19575893618928,80.62201604578073,79.13507369552867,79.31350708007812,24488600
2015-03-09 00:00:00-04:00,78.98636748920882,79.21436861376866,77.94550495666255,78.74845886230469,18925100
2015-03-10 00:00:00-04:00,77.81665085038969,78.5700371036457,76.87492370605469,76.87492370605469,23067100
2015-03-11 00:00:00-04:00,77.12274602711332,77.74725908967463,76.58744587506939,76.89474487304688,20215700
2015-03-12 00:00:00-04:00,77.42012055384983,78.36185512957732,77.23177968908749,78.2428970336914,16093300
2015-03-13 00:00:00-04:00,77.91576727717019,78.68897598638132,77.0037779054329,77.37055969238281,18557300
2015-03-16 00:00:00-04:00,77.28134545044,77.4399562563664,76.68657005417496,77.39038848876953,19305400
2015-03-17 00:00:00-04:00,77.67786409771284,79.0855009523221,77.6580339656877,78.66915893554688,22170000
2015-03-18 00:00:00-04:00,78.56011259650603,80.53278712325103,78.48080719769742,80.2056655883789,36912400
2015-03-19 00:00:00-04:00,80.41383996422282,82.27747153659601,80.2948818610154,82.02964782714844,42099500
2015-03-20 00:00:00-04:00,82.66407634841887,83.86354220082876,82.3468623011946,83.07051086425781,44466300
2015-03-23 00:00:00-04:00,83.1894752699987,84.22042298604683,82.57487720524473,83.69503784179688,27357300
2015-03-24 00:00:00-04:00,83.97257696038311,85.3207384189263,83.78422853863732,84.56735229492188,32576500
2015-03-25 00:00:00-04:00,84.75570838267322,84.77553095165999,82.19816589355469,82.19816589355469,37436100
2015-03-26 00:00:00-04:00,81.99991523440353,83.04077034029963,81.42496237801527,82.28739166259766,32794800
2015-03-27 00:00:00-04:00,82.6541727284825,83.2192105646915,82.15852523837003,82.57487487792969,18372600
2015-03-30 00:00:00-04:00,83.08041369180808,83.60579871892675,81.69260704016594,82.47572326660156,24527700
2015-03-31 00:00:00-04:00,82.1783456407831,82.77312104588215,81.49434976528043,81.50426483154297,19734300
2015-04-01 00:00:00-04:00,81.78183733237424,81.99992344200415,80.16602920835915,80.95906066894531,22058200
2015-04-02 00:00:00-04:00,81.53399428094731,81.84129323741529,80.73104794283225,80.8499984741211,19664100
2015-04-06 00:00:00-04:00,80.09662810098605,82.08912533388758,80.09662810098605,81.72235107421875,19062900
2015-04-07 00:00:00-04:00,81.93052267753924,82.69381640121362,81.50426558009052,81.6033935546875,17467000
2015-04-08 00:00:00-04:00,81.91070295738717,82.37661281649746,81.12757900145424,81.56375122070312,18966700
2015-04-09 00:00:00-04:00,81.7818334335173,82.0792249439222,80.99870951489932,81.45470428466797,15927300
2015-04-10 00:00:00-04:00,81.49435450300267,81.89087398378047,81.19697056465436,81.32583618164062,12529700
2015-04-13 00:00:00-04:00,81.21679135683605,83.20929622095127,81.20687629021421,82.28739166259766,26883100
2015-04-14 00:00:00-04:00,82.4459941630099,82.9614717409337,81.722353128782,82.7929458618164,19634200
2015-04-15 00:00:00-04:00,82.82269719494549,82.93174024592854,81.55383328923187,81.99000549316406,22390900
2015-04-16 00:00:00-04:00,81.75207850119375,82.34685383320418,81.43486448658962,81.59346771240234,13769700
2015-04-17 00:00:00-04:00,80.7707007288053,81.39521370768776,79.6703629353132,80.07678985595703,24215000
2015-04-20 00:00:00-04:00,80.83019648230666,82.42618206251493,80.53280495242433,82.36669921875,28796800
2015-04-21 00:00:00-04:00,83.26877155347222,83.75450393656645,82.8127768072846,82.89208221435547,27171900
2015-04-22 00:00:00-04:00,83.5859886488767,84.00233070662182,82.9218228572861,83.8932876586914,45548000
2015-04-23 00:00:00-04:00,83.36790262310775,84.84492996043406,81.69261932373047,81.69261932373047,73728100
2015-04-24 00:00:00-04:00,82.04947794737929,82.21800383317779,80.77071414436435,80.82027435302734,29660400
2015-04-27 00:00:00-04:00,81.15731537545156,82.2080855388078,80.91939915648123,81.19696807861328,25446000
2015-04-28 00:00:00-04:00,81.11765935175683,81.18704968870442,79.53158910511252,79.97766876220703,23775300
2015-04-29 00:00:00-04:00,79.31350599215692,80.68149021295179,78.82776605239182,79.76950073242188,26430300
2015-04-30 00:00:00-04:00,79.31350057146376,80.25522762415154,77.63820990750372,78.08428955078125,28999000
2015-05-01 00:00:00-04:00,78.55019949870798,79.06567704089836,77.43003907364621,78.30237579345703,24136400
2015-05-04 00:00:00-04:00,78.63941703715639,78.99628376446793,77.94550615050439,78.12393951416016,14692000
2015-05-05 00:00:00-04:00,77.86621401356633,78.11403772772412,76.54779003913185,76.88482666015625,22311300
2015-05-06 00:00:00-04:00,77.29126987486343,78.12395401785871,76.37928031930278,77.42013549804688,28663000
2015-05-07 00:00:00-04:00,77.32098875318495,78.25280821728674,76.88481665288563,77.74724578857422,19749400
2015-05-08 00:00:00-04:00,78.41142130676606,78.54029447787595,77.35073611729135,77.8265609741211,19943600
2015-05-11 00:00:00-04:00,77.79681949666734,78.3420271007367,77.25160432961881,77.3309097290039,18874100
2015-05-12 00:00:00-04:00,77.19214012426812,77.21196269546567,76.12153976807514,76.78570556640625,21285300
2015-05-13 00:00:00-04:00,77.04343055861739,77.84637690033134,76.97404022739494,77.75716400146484,21512300
2015-05-14 00:00:00-04:00,78.25282001631018,81.13748417584368,77.98516616423179,80.66166687011719,49438000
2015-05-15 00:00:00-04:00,80.70131993419554,80.81035541322058,79.48202390222357,79.71993255615234,27069900
2015-05-18 00:00:00-04:00,79.63071856883404,80.6715736425414,79.53159059462091,80.1759262084961,21613700
2015-05-19 00:00:00-04:00,80.54272148829499,80.97889372327779,79.84881798989589,79.92811584472656,17955400
2015-05-20 00:00:00-04:00,79.76950288039794,80.39401595308121,78.76829290036731,79.84880828857422,23056900
2015-05-21 00:00:00-04:00,79.49194250931174,80.21558356977908,79.38289946245007,79.7794189453125,13402700
2015-05-22 00:00:00-04:00,79.65053401803598,80.60217609877229,79.5514060526845,79.83888244628906,19567900
2015-05-26 00:00:00-04:00,79.72985007567623,79.89836839560314,78.3916034570555,78.6394271850586,16321300
2015-05-27 00:00:00-04:00,78.90707358318582,79.95785133407162,78.73855526304621,79.84880828857422,14160900
2015-05-28 00:00:00-04:00,79.5514213804473,80.36428295371583,79.30359763782909,79.4522933959961,11982000
2015-05-29 00:00:00-04:00,79.25402720547596,79.37298532061511,78.19334192517071,78.50064849853516,16134600
2015-06-01 00:00:00-04:00,78.60966959813356,79.68026208354613,77.97524162048981,79.59104919433594,18119000
2015-06-02 00:00:00-04:00,79.06568054188932,80.64183574684672,78.86741703112197,79.73976135253906,18923300
2015-06-03 00:00:00-04:00,80.64183573883797,81.81156398182048,80.54270776495395,81.72235107421875,31775000
2015-06-04 00:00:00-04:00,81.42495967282966,82.22790609398459,80.80044663004023,81.33574676513672,20863900
2015-06-05 00:00:00-04:00,81.15730339289615,81.74216366147465,80.80043668011045,81.4249496459961,16143100
2015-06-08 00:00:00-04:00,81.10774883216351,81.28618221759938,79.43245802240331,79.96775817871094,16915500
2015-06-09 00:00:00-04:00,79.89836783787365,80.48323576462789,78.62951156943181,79.96775817871094,16497500
2015-06-10 00:00:00-04:00,80.12636965146135,81.88095832016649,80.10653951792796,81.44479370117188,21531200
2015-06-11 00:00:00-04:00,81.59348549597834,82.17835345339726,80.65175831195742,81.11766815185547,18656800
2015-06-12 00:00:00-04:00,80.6616710971336,81.37539709312563,80.4931452113351,80.82027435302734,11417900
2015-06-15 00:00:00-04:00,79.8487896669163,80.22547892343539,79.3729648918064,80.00739288330078,18805100
2015-06-16 00:00:00-04:00,80.11645382849782,80.80044973232377,79.74967199139203,80.35436248779297,13693700
2015-06-17 00:00:00-04:00,81.04828054883555,81.50427533695245,80.63193090491961,81.07801818847656,18350300
2015-06-18 00:00:00-04:00,80.92931419420115,82.46582429850652,80.85992385443781,82.18826293945312,26782600
2015-06-19 00:00:00-04:00,82.10895446783913,82.25765020834652,81.40513602994896,81.79174041748047,23353200
2015-06-22 00:00:00-04:00,82.68391050785866,84.23032811802642,82.58477496835164,84.00232696533203,29383100
2015-06-23 00:00:00-04:00,84.22041841224379,87.20421834240891,84.02216244657009,87.11499786376953,50667900
2015-06-24 00:00:00-04:00,86.89691309354711,88.47306832764119,86.68873451264813,88.08646392822266,41370200
2015-06-25 00:00:00-04:00,88.4829905595098,88.62177124936116,87.07534596347686,87.2141342163086,27302000
2015-06-26 00:00:00-04:00,87.35290137153027,87.5709798768069,86.07413015919488,87.24385833740234,38214600
2015-06-29 00:00:00-04:00,85.85605469033005,86.7383065750262,84.98371787259121,85.05310821533203,35957900
2015-06-30 00:00:00-04:00,85.84613009424257,85.9452580638717,84.8250976374019,85.02335357666016,23016500
2015-07-01 00:00:00-04:00,86.01464652338827,87.18437469065674,85.73708518928713,86.15343475341797,25260000
2015-07-02 00:00:00-04:00,86.63917915669602,86.67883186180244,85.58840137882663,86.53013610839844,16908800
2015-07-06 00:00:00-04:00,85.73708703098815,87.4222927660547,85.63795906139113,86.7878646850586,24635900
2015-07-07 00:00:00-04:00,87.03568429110072,87.08524449207528,84.48805702125784,86.46073150634766,33059900
2015-07-08 00:00:00-04:00,85.53882408616535,85.99481875934913,84.70613257119335,84.9043960571289,24399300
2015-07-09 00:00:00-04:00,85.97500720059722,86.83742889516182,84.90440692840016,85.13240051269531,23307400
2015-07-10 00:00:00-04:00,86.58960417651237,87.45203342407939,86.01465134480102,87.18437957763672,23245900
2015-07-13 00:00:00-04:00,87.88820672996607,89.43462430570236,87.6502905160223,89.31566619873047,29976700
2015-07-14 00:00:00-04:00,89.67253128320421,90.00957546517817,88.86958487432253,88.89932250976562,26627800
2015-07-15 00:00:00-04:00,89.21654636799265,90.19792626040608,88.64159347628363,88.9786376953125,30886600
2015-07-16 00:00:00-04:00,89.49409767611564,90.06905050312695,88.98853518595193,90.05913543701172,21804100
2015-07-17 00:00:00-04:00,91.74434069622855,94.55961441862667,91.73442563016955,94.14327239990234,54001600
2015-07-20 00:00:00-04:00,95.01560577658867,97.74166649693565,94.52987343859738,97.05767822265625,54860500
2015-07-21 00:00:00-04:00,98.08862337283908,98.37609978979965,96.2943820963737,97.53350067138672,39453300
2015-07-22 00:00:00-04:00,95.89785998986649,96.7305515820152,95.08499852963861,96.19525146484375,28299500
2015-07-23 00:00:00-04:00,96.11594138019922,96.60167370688235,93.98465608131343,94.60917663574219,29418800
2015-07-24 00:00:00-04:00,96.50255278044366,96.90898730189261,95.0453481311192,96.10603332519531,33444900
2015-07-27 00:00:00-04:00,95.73926704858671,95.7690046866876,93.0132059656291,93.3502426147461,38585400
2015-07-28 00:00:00-04:00,94.0144077378475,94.72814129909489,92.49772770168688,94.46049499511719,35236000
2015-07-29 00:00:00-04:00,95.48152514535475,96.4331673485733,93.91527737708715,96.14569091796875,64648300
2015-07-30 00:00:00-04:00,94.08380350386177,94.97596287215094,91.00087572985284,94.38118743896484,86211300
2015-07-31 00:00:00-04:00,94.12344718966223,95.49143898411887,93.13215229535096,93.19163513183594,46509000
2015-08-03 00:00:00-04:00,92.71580514820594,94.25231517495165,91.99216415048451,93.32049560546875,29343100
2015-08-04 00:00:00-04:00,92.97355699147678,93.90537669192571,92.51756220867723,93.24120330810547,20136000
2015-08-05 00:00:00-04:00,94.42083581739578,96.24481473733888,94.35144547941924,95.60047912597656,29813200
2015-08-06 00:00:00-04:00,96.33404207441555,97.88045975267885,93.59806593650498,94.29197692871094,42271300
2015-08-07 00:00:00-04:00,94.54970344613349,94.56953357911003,92.79511482669858,93.47911071777344,23199100
2015-08-10 00:00:00-04:00,94.8470860108037,95.0651720751427,92.8149286618037,93.33040618896484,21624200
2015-08-11 00:00:00-04:00,92.91407386627775,93.93510639838303,92.09129728804501,92.8050308227539,22491000
2015-08-12 00:00:00-04:00,91.89302901875041,93.61788749275215,90.39617924957187,93.37006378173828,27050500
2015-08-13 00:00:00-04:00,93.23127416822145,93.90535490005756,92.53736330613734,92.61666870117188,17451800
2015-08-14 00:00:00-04:00,92.72572383754894,93.89545209663633,92.39859471254609,93.59806060791016,15929700
2015-08-17 00:00:00-04:00,93.59805994504866,93.6377126474633,92.5770274375553,93.1123275756836,18313500
2015-08-18 00:00:00-04:00,93.26102208091017,95.01561065233241,93.22136937902192,94.3415298461914,22278800
2015-08-19 00:00:00-04:00,93.80622016579999,95.26342466918796,93.34031798274549,94.48030090332031,23251300
2015-08-20 00:00:00-04:00,92.72572973379681,93.94501827655093,89.67253949891658,89.77166748046875,44598200
2015-08-21 00:00:00-04:00,86.75811092278607,88.40366379496989,84.8647419325636,85.31082153320312,62778700
2015-08-24 00:00:00-04:00,76.35945398941749,81.37540435791016,71.37324126137345,81.37540435791016,83710700
2015-08-25 00:00:00-04:00,86.19308512483258,86.906818634714,82.27747344970703,82.27747344970703,52021200
2015-08-26 00:00:00-04:00,85.20178870555631,86.69864603567956,82.53521072149796,86.43099975585938,45124300
2015-08-27 00:00:00-04:00,88.32437008694362,89.27601224039121,86.43100084623484,88.94889068603516,42431400
2015-08-28 00:00:00-04:00,89.09757494252491,90.68365269144317,89.00836203971235,90.21774291992188,33215900
2015-08-31 00:00:00-04:00,89.8113254807954,90.25741276855096,88.1162119384778,88.6515121459961,32850700
2015-09-01 00:00:00-04:00,86.0939604467878,88.61185039725655,85.7470087448094,86.47065734863281,36097400
2015-09-02 00:00:00-04:00,88.0368903215416,89.10749053955078,86.86716213437882,89.10749053955078,27190500
2015-09-03 00:00:00-04:00,88.978622236715,89.03809750380708,86.96629502832313,87.38263702392578,27048200
2015-09-04 00:00:00-04:00,86.44091383334046,87.62055720603597,85.94526637428925,87.49169158935547,27328700
2015-09-08 00:00:00-04:00,88.90925170067456,89.45445941736585,88.05673738863145,88.75064086914062,27012500
2015-09-09 00:00:00-04:00,89.98975424269616,91.17931271905368,89.38506371888498,89.65271759033203,32551100
2015-09-10 00:00:00-04:00,89.28593665768227,91.25861150852565,88.84976445555357,91.17931365966797,26437400
2015-09-11 00:00:00-04:00,90.8819287481667,91.27844827317844,90.33671345590294,91.24871063232422,21185000
2015-09-14 00:00:00-04:00,91.50642395019531,91.81373049238007,90.8026055237376,91.50642395019531,20127900
2015-09-15 00:00:00-04:00,91.56592344480634,92.43826033711083,90.99097051981938,92.09130859375,18859400
2015-09-16 00:00:00-04:00,92.09128988673712,92.78519323250235,91.8236360512425,92.6364974975586,16321200
2015-09-17 00:00:00-04:00,92.5572109456304,94.67858150474673,92.09130111538875,93.51876068115234,27841800
2015-09-18 00:00:00-04:00,92.38867349874953,94.36135562094697,92.23998532725962,93.57823181152344,62300000
2015-09-21 00:00:00-04:00,93.79632663697123,95.6500432690773,93.69719109608391,94.71823120117188,28790000
2015-09-22 00:00:00-04:00,92.9537108398435,93.85579274556113,91.11981695721724,92.15076446533203,36888900
2015-09-23 00:00:00-04:00,92.5869246152496,93.49891390564278,91.99214931990528,93.15196228027344,21701400
2015-09-24 00:00:00-04:00,92.24989593216894,93.94500921096936,91.43703446111296,93.58815002441406,29106000
2015-09-25 00:00:00-04:00,94.95614008755514,95.01561536184566,91.25860675523606,91.9624252319336,28961600
2015-09-28 00:00:00-04:00,91.27842952183327,91.48660052802913,87.412378182389,88.43341064453125,41199900
2015-09-29 00:00:00-04:00,88.32436641489717,89.27600852878066,84.97379266624617,85.91551971435547,42281800
2015-09-30 00:00:00-04:00,87.6701266808386,89.2363669340126,87.24386955525185,89.11741638183594,36169100
2015-10-01 00:00:00-04:00,89.26611239371978,90.15827178955078,87.5908215245621,90.15827178955078,29283700
2015-10-02 00:00:00-04:00,88.12612104773247,91.3973897885265,87.60073594337034,91.26852416992188,37881700
2015-10-05 00:00:00-04:00,92.13094989744208,93.44936635901138,91.8533885371117,93.19163513183594,27292500
2015-10-06 00:00:00-04:00,93.26102080293451,93.35023370872588,91.53616232784009,91.9921646118164,22172800
2015-10-07 00:00:00-04:00,92.29946818642871,92.84468340332685,90.57461718848344,91.59564971923828,24129300
2015-10-08 00:00:00-04:00,91.09007863357006,92.40850253364913,89.68244183165572,91.66503143310547,27290500
2015-10-09 00:00:00-04:00,92.09128524826293,92.92396922124041,91.4370270726559,92.4283218383789,20012900
2015-10-12 00:00:00-04:00,92.50764111465092,93.77649739507967,91.86329790765758,93.43946075439453,18449600
2015-10-13 00:00:00-04:00,92.84467971291394,94.53979300673788,92.73563667386858,93.30067443847656,19480300
2015-10-14 00:00:00-04:00,93.26102895854972,94.37127444137856,92.79511913072827,93.25111389160156,19253400
2015-10-15 00:00:00-04:00,94.16310697674537,95.46170852881131,94.07389405977632,95.12466430664062,27557500
2015-10-16 00:00:00-04:00,95.34273355615866,96.74045528246165,94.5199570623109,96.6908950805664,25412900
2015-10-19 00:00:00-04:00,96.33404445181887,97.71194384027218,96.07630564475427,97.6128158569336,23729900
2015-10-20 00:00:00-04:00,97.87055270389423,98.72305939391678,95.71943693732862,96.15560913085938,30881800
2015-10-21 00:00:00-04:00,96.52237957956314,97.32532596555212,95.6302127268091,96.26464080810547,21917800
2015-10-22 00:00:00-04:00,96.93872885162594,98.86184337129369,96.70082019406267,98.80236053466797,26392100
2015-10-23 00:00:00-04:00,101.02285371334017,101.95466565498242,99.28808786459675,101.3004150390625,42809700
2015-10-26 00:00:00-04:00,101.31033600681965,102.9063214048281,100.66600037060077,102.86666870117188,25961200
2015-10-27 00:00:00-04:00,102.04390067007198,103.19379883533972,101.50860050998907,102.79727935791016,23795500
2015-10-28 00:00:00-04:00,102.99554665628128,103.57049954149603,102.02407427909151,103.29293060302734,24081500
2015-10-29 00:00:00-04:00,103.05502096912072,104.2049267287947,102.61884877572986,103.96701049804688,20316700
2015-10-30 00:00:00-04:00,103.60023405586422,103.80840508120326,100.76512998375725,101.08234405517578,33487100
2015-11-02 00:00:00-05:00,100.83451976728152,102.56928586514928,100.29921960666759,102.41067504882812,24003900
2015-11-03 00:00:00-05:00,102.32144739607112,102.74770444980106,101.508585986979,101.68701934814453,21242300
2015-11-04 00:00:00-05:00,102.29172322146164,103.23345035191697,101.58790474953548,103.03519439697266,43469300
2015-11-05 00:00:00-05:00,107.85288512432194,109.68677912536012,107.01027843253875,107.813232421875,63232900
2015-11-06 00:00:00-05:00,107.09950612528708,107.79340955744794,104.9880506277289,106.16768646240234,35084300
2015-11-09 00:00:00-05:00,106.06854311517878,107.30766160951498,104.9384676533825,105.56298065185547,26383500
2015-11-10 00:00:00-05:00,105.03758991765582,107.20852782202208,104.32385649359138,106.97061920166016,25031700
2015-11-11 00:00:00-05:00,107.32748680310304,108.91356456503446,106.17758874497996,108.06105041503906,25057100
2015-11-12 00:00:00-05:00,107.53566842313103,108.43774280193067,107.05984356844917,107.07966613769531,20924700
2015-11-13 00:00:00-05:00,106.77237603606648,107.30767620599117,102.9261544291389,103.04510498046875,30278400
2015-11-16 00:00:00-05:00,102.42058199979361,103.26318109653731,99.59539323401559,103.13431549072266,49309200
2015-11-17 00:00:00-05:00,103.70927354543034,105.27551371517187,103.23344867313001,104.21482849121094,26807200
2015-11-18 00:00:00-05:00,104.87901103255241,106.94089882585277,104.47257646391898,106.83185577392578,23836500
2015-11-19 00:00:00-05:00,106.42542197111929,106.79220380990097,105.02769252004154,105.33499908447266,25520600
2015-11-20 00:00:00-05:00,105.90993261541549,106.93097261052138,105.69185411270168,106.38575744628906,22129600
2015-11-23 00:00:00-05:00,106.25689814462494,106.53445949451512,105.15656024828922,106.01898193359375,19897200
2015-11-24 00:00:00-05:00,105.0772654789083,105.56299789037442,103.48127999253929,104.81952667236328,23577300
2015-11-25 00:00:00-05:00,105.40439063411885,105.67203693474518,104.18509455509215,104.49240112304688,15150800
2015-11-27 00:00:00-05:00,104.85917258688451,105.03760597016995,103.94718310030555,104.53204345703125,5913100
2015-11-30 00:00:00-05:00,104.9186509292368,105.17638972662805,102.84684817219129,103.33258056640625,20383200
2015-12-01 00:00:00-05:00,103.91744150305064,106.21724526497876,103.59031238566503,106.18750762939453,22781900
2015-12-02 00:00:00-05:00,106.06855680295354,106.98054631735904,104.86909085320671,105.14665222167969,24429100
2015-12-03 00:00:00-05:00,105.34490601456966,105.91985887342742,102.4503267129119,103.47135925292969,23236500
2015-12-04 00:00:00-05:00,103.89761480885585,106.79220163017443,103.20371141232935,105.25569152832031,21224700
2015-12-07 00:00:00-05:00,105.55308019221698,105.90003188118547,103.7489238466013,104.6906509399414,15474900
2015-12-08 00:00:00-05:00,103.0946587287719,105.97933021381654,103.04509096380681,105.56298065185547,20401800
2015-12-09 00:00:00-05:00,105.255685515155,105.51342428898893,102.64858283088434,103.68943786621094,23517300
2015-12-10 00:00:00-05:00,104.13552981310961,105.47377638393765,103.50110169711736,104.50230407714844,17454300
2015-12-11 00:00:00-05:00,103.24336845202176,103.43170934585865,101.02286992688794,101.23104095458984,26427700
2015-12-14 00:00:00-05:00,101.39955270142016,103.82822209674805,100.5767761479249,103.7489242553711,24648100
2015-12-15 00:00:00-05:00,104.38336380877732,104.87901129587885,103.37223869982111,103.639892578125,21764300
2015-12-16 00:00:00-05:00,104.45274515312961,106.15776600892342,103.28301688185329,105.86038208007812,22680500
2015-12-17 00:00:00-05:00,106.55428263920624,106.81202142105839,105.20612102133595,105.29534149169922,21675700
2015-12-18 00:00:00-05:00,105.15655786069519,105.66211278095378,103.06492515482563,103.13431549072266,35994200
2015-12-21 00:00:00-05:00,103.99674416665293,104.23465280803826,102.6981427975119,103.85795593261719,16138800
2015-12-22 00:00:00-05:00,104.3040534098566,104.74022559781011,103.89761885963081,104.5915298461914,14597100
2015-12-23 00:00:00-05:00,104.96822631502164,105.18631242378976,102.95589868717502,103.71919250488281,19599700
2015-12-24 00:00:00-05:00,103.82822781701012,104.40318068580198,103.5903191538128,104.10578918457031,6501800
2015-12-28 00:00:00-05:00,104.1057990713308,105.05744894045678,103.62006663197121,105.00788116455078,13069700
2015-12-29 00:00:00-05:00,105.4936022898774,106.80211126586403,105.32508397063957,106.3262939453125,17179900
2015-12-30 00:00:00-05:00,106.06855027427608,106.31637398987019,105.13673068348878,105.29534149169922,13115000
2015-12-31 00:00:00-05:00,105.07725574493534,105.24577405695834,103.7092715531928,103.7489242553711,18391100
2016-01-04 00:00:00-05:00,101.0625082002134,101.34998461787755,98.88166252804486,101.33016204833984,37912400
2016-01-05 00:00:00-05:00,101.99433476242874,102.80719630266707,100.78495373751754,101.83573150634766,23258200
2016-01-06 00:00:00-05:00,100.24965233415533,102.86667031262355,100.0216587382853,102.07363891601562,25096200
2016-01-07 00:00:00-05:00,99.625139135943,100.54704371106347,96.45299842745324,97.06759643554688,45172900
2016-01-08 00:00:00-05:00,99.0105321438869,99.62513770613984,96.18534318421922,96.48273468017578,35402300
2016-01-11 00:00:00-05:00,97.05768278426953,97.74167109069569,94.55961551694932,96.66116333007812,29932400
2016-01-12 00:00:00-05:00,98.13818493814601,99.08982703604933,96.70081050717289,98.50496673583984,28395400
2016-01-13 00:00:00-05:00,99.70443122211341,99.70443122211341,94.38117550763761,94.60917663574219,33410600
2016-01-14 00:00:00-05:00,95.0156121859711,98.00932694152843,91.64520810086469,97.51367950439453,48658600
2016-01-15 00:00:00-05:00,93.16189262348661,95.54099419504242,92.7257204726443,94.14327239990234,46132800
2016-01-19 00:00:00-05:00,95.68969682816933,96.57194869649712,93.102416497866,94.43075561523438,30998300
2016-01-20 00:00:00-05:00,92.02191386756155,94.17302213705045,88.59203417939084,93.52867889404297,59051400
2016-01-21 00:00:00-05:00,94.08380321116466,95.15439596237702,91.81373696760096,93.34033203125,30518900
2016-01-22 00:00:00-05:00,95.57073773002386,97.21628320714557,94.658740742954,97.08741760253906,30495400
2016-01-25 00:00:00-05:00,97.86064083817831,98.61402713447325,96.08622193088097,96.16552734375,32482000
2016-01-26 00:00:00-05:00,96.90898722158184,97.02793776397208,94.82726953697757,96.49263763427734,26877100
2016-01-27 00:00:00-05:00,96.9387209770258,96.9981962458403,93.40971385175214,93.62779235839844,58699400
2016-01-28 00:00:00-05:00,106.26680988493783,109.37947525506556,103.89761568722238,108.16018676757812,107475300
2016-01-29 00:00:00-05:00,108.04122186747985,111.85770546675377,107.89252612974619,111.23319244384766,62739500
2016-02-01 00:00:00-05:00,111.29266091806437,114.71263242519282,111.03492972224147,114.0881118774414,46132700
2016-02-02 00:00:00-05:00,113.80064548930567,116.56635131188823,112.21456776694868,113.61229705810547,59778600
2016-02-03 00:00:00-05:00,114.26655756621643,114.33594790534359,108.79461315267237,111.70902252197266,56919300
2016-02-04 00:00:00-05:00,110.8267614232052,110.96554208986385,108.29895666353292,109.52816009521484,38890200
2016-02-05 00:00:00-05:00,108.55670128174381,108.62609161881451,102.28180305800109,103.16405487060547,76894700
2016-02-08 00:00:00-05:00,99.5359340469402,101.78617035717245,96.61160927481966,98.88167572021484,71229700
2016-02-09 00:00:00-05:00,96.29438322708369,101.50859636959922,95.97716917067473,98.67349243164062,62709000
2016-02-10 00:00:00-05:00,100.66599614347797,102.35119438171387,99.36739473295165,100.12078094482422,45179400
2016-02-11 00:00:00-05:00,98.73296151325292,104.19499803121266,98.01922804033877,101.02285766601562,43670600
2016-02-12 00:00:00-05:00,102.83692994590331,103.33257739174645,100.20999697033862,101.12199401855469,36176800
2016-02-16 00:00:00-05:00,102.89641745756467,103.02528307666645,99.36740233998626,100.72547912597656,45687200
2016-02-17 00:00:00-05:00,101.13188503161709,104.7996800705757,99.52599240924832,104.2842025756836,44073400
2016-02-18 00:00:00-05:00,104.87900922043443,105.07726518615958,102.13311796096109,102.56929016113281,29593500
2016-02-19 00:00:00-05:00,101.65730125207473,104.10579345227119,101.17156127595197,103.65971374511719,32404500
2016-02-22 00:00:00-05:00,104.57169698962113,107.30767303403553,104.42300124187406,106.22716522216797,35709700
2016-02-23 00:00:00-05:00,105.91985327787319,106.5344588079402,104.20491742154123,104.54195404052734,25319300
2016-02-24 00:00:00-05:00,103.30283711235468,106.01898292845573,101.8456324487776,105.94959259033203,34412400
2016-02-25 00:00:00-05:00,106.17759216395021,107.12923431396484,104.69064988649369,107.12923431396484,29906300
2016-02-26 00:00:00-05:00,107.75375386491065,108.49722504860502,106.22716635648061,106.98054504394531,26686200
2016-02-29 00:00:00-05:00,106.66333102583035,107.96193250346471,105.82073186316924,105.98925018310547,32779000
2016-03-01 00:00:00-05:00,106.8913238102316,108.86399841308594,106.6633226706049,108.86399841308594,26817300
2016-03-02 00:00:00-05:00,108.72522784305909,109.58765715180294,107.82314582969688,108.99287414550781,25670200
2016-03-03 00:00:00-05:00,109.29026441094294,109.33983218189954,107.59515101335121,108.6260986328125,21353100
2016-03-04 00:00:00-05:00,109.09199463152021,109.09199463152021,106.99044695468677,107.44644165039062,24938900
2016-03-07 00:00:00-05:00,107.12924259068161,107.12924259068161,103.8084060937262,104.80961608886719,31436400
2016-03-08 00:00:00-05:00,103.86789038553968,106.435348405259,103.49120100278869,105.00788116455078,25617000
2016-03-09 00:00:00-05:00,105.77116553531633,106.5741195678711,104.5716995829094,106.5741195678711,20493300
2016-03-10 00:00:00-05:00,106.9706253100091,107.71409640870093,104.849247483801,106.38575744628906,24854300
2016-03-11 00:00:00-05:00,107.5356759905058,108.46748807023677,106.98054569381539,108.45758056640625,20697600
2016-03-14 00:00:00-04:00,108.32870489486909,109.36956755961258,107.82314238088112,108.93339538574219,17249400
2016-03-15 00:00:00-04:00,108.16017886897775,109.86520717660716,107.89252503118654,109.70659637451172,17618500
2016-03-16 00:00:00-04:00,109.52816991467029,111.52067475458657,109.14156551389276,111.20346069335938,24744800
2016-03-17 00:00:00-04:00,111.17372644604497,111.70902660874356,109.76608947912274,110.05355834960938,24241200
2016-03-18 00:00:00-04:00,110.58884802823871,111.44136218101475,109.31007679907465,110.47980499267578,36256900
2016-03-21 00:00:00-04:00,110.6879866358815,111.39180507217146,110.06346603976627,110.87632751464844,18448000
2016-03-22 00:00:00-04:00,110.39062090709864,111.89738610362477,110.20227242141489,111.27287292480469,19001100
2016-03-23 00:00:00-04:00,111.034932957858,112.2046611274557,111.02501789219775,111.56031799316406,18562000
2016-03-24 00:00:00-04:00,111.1538979953203,112.10554022242134,110.70781830114113,112.0658950805664,17839100
2016-03-28 00:00:00-04:00,112.33354315892406,113.59248441465816,111.9667613056411,112.70032501220703,21351800
2016-03-29 00:00:00-04:00,112.83909387511862,115.30741591833308,112.65074543465947,115.12898254394531,29825300
2016-03-30 00:00:00-04:00,115.71385784160564,115.97158907212416,113.36448618894119,113.70152282714844,33235200
2016-03-31 00:00:00-04:00,113.70152593625075,114.00883250870277,112.77962134485497,113.10675048828125,21207500
2016-04-01 00:00:00-04:00,112.75977888428615,115.1587103869732,112.36325946792147,115.04966735839844,24760500
2016-04-04 00:00:00-04:00,113.07700875324309,113.55283363216635,110.6384242108386,111.57024383544922,48487900
2016-04-05 00:00:00-04:00,111.13407523876357,112.33354119684512,110.92590421096232,111.24311828613281,22962400
2016-04-06 00:00:00-04:00,111.49095012332597,112.81928179623168,111.44138234801667,112.72015380859375,20814600
2016-04-07 00:00:00-04:00,112.79944495067478,113.88986780267528,112.08571142922581,112.65074920654297,20714500
2016-04-08 00:00:00-04:00,113.25543648682338,113.33474188985046,108.94330540670434,109.66694641113281,48497800
2016-04-11 00:00:00-04:00,109.73632712466562,109.94450568010028,107.82312793154824,108.04121398925781,39762300
2016-04-12 00:00:00-04:00,108.38817653466846,110.19234044320017,108.04122484571221,109.64712524414062,26248100
2016-04-13 00:00:00-04:00,111.2530403775998,111.6693824594902,105.59273931288469,109.54801177978516,88227400
2016-04-14 00:00:00-04:00,109.65704354723107,111.06468047710662,109.3001767814908,109.8751220703125,28473300
2016-04-15 00:00:00-04:00,109.82555267547694,110.00398604341922,108.24938999815703,108.68556213378906,20922800
2016-04-18 00:00:00-04:00,108.78469171534194,109.84537687301308,108.24939160357623,109.48851013183594,21167200
2016-04-19 00:00:00-04:00,110.13285670425651,111.47110324380057,108.20974983141478,111.3125,30210500
2016-04-20 00:00:00-04:00,111.45129079949126,112.28397492179529,110.58886147597906,111.44137573242188,21027900
2016-04-21 00:00:00-04:00,111.57024750612152,113.04727483563578,111.33233127734249,112.45249938964844,20875200
2016-04-22 00:00:00-04:00,110.24190791234285,110.7772080804233,108.06106209836771,109.59756469726562,38458200
2016-04-25 00:00:00-04:00,108.91356983123674,109.70660118756793,108.12053091192591,109.14156341552734,21017900
2016-04-26 00:00:00-04:00,109.52816831557233,109.53808338192898,107.20854194477349,107.813232421875,22521500
2016-04-27 00:00:00-04:00,107.00037339972747,107.99166829485043,105.38455788036991,107.94210052490234,52213100
2016-04-28 00:00:00-04:00,118.53903294151436,119.73849873125528,115.21819690373856,115.7138442993164,87110100
2016-04-29 00:00:00-04:00,115.80307126909062,116.81418875119832,114.83159892802404,116.55645751953125,37140600
2016-05-02 00:00:00-04:00,116.80427807049222,117.69644497925077,115.55524439823024,117.53783416748047,28095200
2016-05-03 00:00:00-04:00,116.49696589580667,117.13140154931487,116.00131847739483,116.40775299072266,24117500
2016-05-04 00:00:00-04:00,115.59489023730747,117.27018091300097,115.5552375367194,117.03226470947266,23448400
2016-05-05 00:00:00-04:00,117.01246315367841,117.94428287738488,116.229339193135,116.78446197509766,22056700
2016-05-06 00:00:00-04:00,116.14011766187421,118.59852485370058,116.09054989016815,118.4498291015625,26395600
2016-05-09 00:00:00-04:00,118.49939497852492,119.23295109756874,117.86496683832809,118.2020034790039,21138100
2016-05-10 00:00:00-04:00,118.57869776317375,119.45103454589844,117.96409220715282,119.45103454589844,23220000
2016-05-11 00:00:00-04:00,119.36182025410181,120.02598600927148,118.38043287654452,118.47956085205078,22038400
2016-05-12 00:00:00-04:00,118.93556437365115,119.78807102214002,117.86496407604211,119.23294830322266,22035500
2016-05-13 00:00:00-04:00,119.33207421366907,119.5898129985525,118.6381708270364,118.76703643798828,18124300
2016-05-16 00:00:00-04:00,118.3407813556222,118.56878250824542,116.32845393712685,117.636962890625,31247800
2016-05-17 00:00:00-04:00,117.78565775275949,117.97400620077451,116.17975731884665,116.32845306396484,21328600
2016-05-18 00:00:00-04:00,115.78325528202411,117.2404525320105,115.71386493678666,116.6258544921875,21642300
2016-05-19 00:00:00-04:00,116.03106807066389,116.46723267256223,114.87124731978179,115.79315185546875,20544100
2016-05-20 00:00:00-04:00,115.94184866444542,116.96288118435466,115.93193359797627,116.32845306396484,18944800
2016-05-23 00:00:00-04:00,116.39784670354415,116.57628009014918,114.93073446966274,114.9604721069336,20441000
2016-05-24 00:00:00-04:00,115.2281026849694,116.70513734707164,115.10915215211426,116.6753921508789,20183600
2016-05-25 00:00:00-04:00,117.10166292902795,117.63696307853861,116.35819175964866,116.86375427246094,20019800
2016-05-26 00:00:00-04:00,117.21070427731428,118.71747672740297,116.89349021881873,118.43000030517578,18481300
2016-05-27 00:00:00-04:00,118.5192155496337,118.80669197752617,117.97400789368305,118.34078216552734,13493600
2016-05-31 00:00:00-04:00,118.42007708680492,119.05450516012246,117.09174567172734,117.7757339477539,23547600
2016-06-01 00:00:00-04:00,117.46844845810179,118.0434013289613,116.79436760746859,117.74600982666016,15029500
2016-06-02 00:00:00-04:00,117.65679805970417,118.40026925971819,117.19088823095191,117.89470672607422,13228300
2016-06-03 00:00:00-04:00,117.94426794991213,117.94426794991213,116.83401496352397,117.43870544433594,14135100
2016-06-06 00:00:00-04:00,117.58740209465904,118.3903485321291,117.3296633066764,117.75592041015625,12744700
2016-06-07 00:00:00-04:00,118.20200606906337,118.26148890805896,116.64567332182482,116.73489379882812,17103000
2016-06-08 00:00:00-04:00,116.73489243775708,117.56757654418513,116.24915247936065,117.35940551757812,14505600
2016-06-09 00:00:00-04:00,117.10166646481724,117.64688169734966,116.68532441250889,117.52792358398438,13859200
2016-06-10 00:00:00-04:00,116.5168097939768,117.08184761520491,115.24795346300706,115.60482025146484,18510800
2016-06-13 00:00:00-04:00,113.99890858478645,114.47473344398178,112.32361785586525,112.95804595947266,31718200
2016-06-14 00:00:00-04:00,113.07700858326265,113.94934536983412,112.59127620143148,113.93943786621094,17618500
2016-06-15 00:00:00-04:00,114.29628972026627,114.43507038268079,113.07699382850578,113.60237884521484,19819400
2016-06-16 00:00:00-04:00,112.8787484452695,113.5032614844765,111.95684392283273,113.39421844482422,19236300
2016-06-17 00:00:00-04:00,113.4239624661944,113.43387753298815,111.58015331751646,112.03614807128906,24644300
2016-06-20 00:00:00-04:00,112.77962962823027,113.72136442274845,111.76851204871615,112.38311767578125,20785400
2016-06-21 00:00:00-04:00,113.12657663285094,114.2070844428773,112.97788088535727,113.38430786132812,19166300
2016-06-22 00:00:00-04:00,113.65195972044715,113.74117262958632,112.62101213573158,112.91840362548828,14846300
2016-06-23 00:00:00-04:00,113.37439051349347,114.08811642612724,112.55161400338517,114.07820892333984,16176900
2016-06-24 00:00:00-04:00,110.04364675108916,112.69040226568598,110.03373168465441,111.10433197021484,40643100
2016-06-27 00:00:00-04:00,110.59877334706329,110.59877334706329,107.28785196170163,108.02140808105469,36130400
2016-06-28 00:00:00-04:00,109.66693796991957,111.76848561050119,109.58764013597566,111.71891784667969,26813800
2016-06-29 00:00:00-04:00,112.38309779404109,113.25543452327646,112.05596868446055,113.16622161865234,20968300
2016-06-30 00:00:00-04:00,113.67178354133407,114.17734605429229,112.68048864854214,113.2851791381836,23192700
2016-07-01 00:00:00-04:00,113.20587613172218,114.12778070408315,112.81927172037533,113.19596862792969,14980000
2016-07-05 00:00:00-04:00,112.94814797216976,113.20587921142578,111.98659066954022,113.20587921142578,14207000
2016-07-06 00:00:00-04:00,112.37318378072587,115.77332538787284,111.98657939777446,115.6841049194336,24337600
2016-07-07 00:00:00-04:00,115.6147157315916,115.95175991362886,114.35577459872714,114.84150695800781,16630200
2016-07-08 00:00:00-04:00,115.41646729604898,116.47715255294811,114.84151443003412,116.21941375732422,18142600
2016-07-11 00:00:00-04:00,116.68531467149485,117.6666944451465,116.47714366271902,116.84392547607422,17711600
2016-07-12 00:00:00-04:00,117.59730761913882,117.68652809012278,116.54653747786332,116.90340423583984,15217700
2016-07-13 00:00:00-04:00,117.35939780432628,117.36931287055498,115.66428450223763,115.76341247558594,16207700
2016-07-14 00:00:00-04:00,116.47714531592973,116.61592599041673,115.68410640773584,116.26897430419922,14579700
2016-07-15 00:00:00-04:00,116.71504142788908,117.25034149898127,115.56514345378557,115.84270477294922,16646000
2016-07-18 00:00:00-04:00,116.29871406943313,118.56878023365427,115.87245697199458,118.33087158203125,20868400
2016-07-19 00:00:00-04:00,117.95417345420974,119.79798250166873,117.6270518977738,119.56007385253906,21541300
2016-07-20 00:00:00-04:00,120.19450732395605,121.13623445924043,119.51051141882489,120.85867309570312,20046500
2016-07-21 00:00:00-04:00,120.85866770097215,121.0371010785643,119.20320709735476,119.56007385253906,17801700
2016-07-22 00:00:00-04:00,118.85625532729318,119.95659322786378,118.27138742664829,119.9466781616211,18422400
2016-07-25 00:00:00-04:00,120.3333040770313,120.78929888702653,116.75472838424035,120.57121276855469,18487400
2016-07-26 00:00:00-04:00,120.93797318672543,121.0073635245593,119.69885460899259,120.16476440429688,17612000
2016-07-27 00:00:00-04:00,121.35431456290799,123.91185710874764,120.45224017590567,122.26630401611328,52654200
2016-07-28 00:00:00-04:00,126.40990954338294,127.21286347405054,122.55377337718103,123.91184997558594,78955800
2016-07-29 00:00:00-04:00,123.564910081131,124.74454586246482,122.6330904603804,122.86109161376953,35058800
2016-08-01 00:00:00-04:00,122.77186477690745,123.49551333991383,121.79048500009996,123.22785949707031,25006900
2016-08-02 00:00:00-04:00,122.98004328927415,123.71360696309765,121.0073685492448,122.01848602294922,23968400
2016-08-03 00:00:00-04:00,122.01846478830599,122.84124123001428,121.2452561083309,121.44351959228516,18525300
2016-08-04 00:00:00-04:00,121.86979080690949,123.70368475970729,121.44353372054206,123.27742767333984,21066000
2016-08-05 00:00:00-04:00,123.8920514296565,124.74455816484664,123.53518462749291,124.0605697631836,20184000
2016-08-08 00:00:00-04:00,124.15968637378344,124.35794232882907,123.46578296814388,124.16960144042969,15233900
2016-08-09 00:00:00-04:00,124.24889772351446,124.99236889006391,123.44595128379459,123.9713363647461,19621000
2016-08-10 00:00:00-04:00,123.98124853005451,124.38768305515445,123.45586346139724,123.79290008544922,10670100
2016-08-11 00:00:00-04:00,124.11012809593846,124.28856149431873,123.66404838147803,123.812744140625,11729500
2016-08-12 00:00:00-04:00,123.61446670713357,123.91185819198618,123.09899670476595,123.79290008544922,12159000
2016-08-15 00:00:00-04:00,123.82265932514254,123.83256682957602,122.62318574640818,122.82144927978516,19295100
2016-08-16 00:00:00-04:00,122.424909991091,122.84125199942746,121.71117651224034,122.22665405273438,14222400
2016-08-17 00:00:00-04:00,122.583527435051,123.29725338959972,121.7805734463417,123.28734588623047,13794200
2016-08-18 00:00:00-04:00,122.93048020930922,123.17830392935534,122.56369838096826,122.83135223388672,12400800
2016-08-19 00:00:00-04:00,122.52404296067452,123.0791732240915,122.20682890857036,122.48439025878906,11688300
2016-08-22 00:00:00-04:00,122.25639057353568,123.74333278660332,122.03830450554243,123.06925201416016,14386400
2016-08-23 00:00:00-04:00,123.42612656319659,124.0010718407792,123.16838777898252,123.28734588623047,13309500
2016-08-24 00:00:00-04:00,123.38647779785181,123.60456388660867,122.01848599127865,122.40509796142578,12243700
2016-08-25 00:00:00-04:00,122.04822969916256,123.28734831287774,122.02839956607443,122.8115234375,10730800
2016-08-26 00:00:00-04:00,122.9701332310433,124.10020879234648,122.83135255249587,123.87220764160156,17504800
2016-08-29 00:00:00-04:00,123.26751549030008,125.6268021196452,123.26751549030008,125.4384536743164,15925900
2016-08-30 00:00:00-04:00,125.49792353939242,125.49792353939242,124.06054906596344,124.74453735351562,17804300
2016-08-31 00:00:00-04:00,124.50662482692638,125.1212303229309,124.01097742907797,125.02210235595703,14200600
2016-09-01 00:00:00-04:00,125.2798491871309,125.52767291697305,124.50664036010019,125.0716781616211,13536100
2016-09-02 00:00:00-04:00,125.74575856499212,125.75567363178519,124.90315939910211,125.40872192382812,12118800
2016-09-06 00:00:00-04:00,125.56733254856564,128.80887134899803,125.36907657894662,128.60069274902344,26278400
2016-09-07 00:00:00-04:00,128.9079774530822,130.83109190930534,128.8187645455566,129.90919494628906,27990800
2016-09-08 00:00:00-04:00,129.7803372750617,129.93894810246945,128.67999923960699,129.13600158691406,15676600
2016-09-09 00:00:00-04:00,128.5808638200089,128.8187649074121,125.99357604980469,125.99357604980469,27100700
2016-09-12 00:00:00-04:00,124.86350941776558,127.63913070492909,124.65533838845184,127.56974792480469,21252800
2016-09-13 00:00:00-04:00,126.91549217773118,127.23271382454001,125.55742292648742,126.10263061523438,18016200
2016-09-14 00:00:00-04:00,125.78541615355975,127.67879314661576,125.78541615355975,126.65775299072266,15691100
2016-09-15 00:00:00-04:00,126.86592233356328,127.97617532414156,126.5586157772989,127.23270416259766,15077200
2016-09-16 00:00:00-04:00,127.08401236860445,128.05547720576848,127.08401236860445,127.94644927978516,24119200
2016-09-19 00:00:00-04:00,128.77913936419338,128.8088770046439,127.14349350960761,127.53009796142578,14958800
2016-09-20 00:00:00-04:00,127.530064362571,128.04554187117557,126.91546645389933,127.52015686035156,11083800
2016-09-21 00:00:00-04:00,128.0059219177033,128.8782511893033,127.27235820830364,128.80886840820312,14068300
2016-09-22 00:00:00-04:00,129.36397384469043,129.5919674177307,128.4321542949278,128.9476318359375,15538300
2016-09-23 00:00:00-04:00,126.44958036417349,127.48053557425115,126.19184912463429,126.84609985351562,28326300
2016-09-26 00:00:00-04:00,126.261234546004,127.04435842710664,125.69619675368692,126.20175170898438,15064900
2016-09-27 00:00:00-04:00,126.4991475772081,127.88695443929977,126.32071418594201,127.56974792480469,15637100
2016-09-28 00:00:00-04:00,128.0852112392694,128.34294244891848,127.28224972367451,128.1050262451172,12047600
2016-09-29 00:00:00-04:00,128.05546044544167,128.16450348311392,126.4396601384275,126.9749526977539,14532200
2016-09-30 00:00:00-04:00,126.91548800854878,127.47061074626777,126.3405351370655,127.15340423583984,18402900
2016-10-03 00:00:00-04:00,127.26243584130208,127.96624670407802,126.6874830215089,127.64904022216797,13156900
2016-10-04 00:00:00-04:00,128.04556145428177,128.15460449920275,126.43966854359084,127.0740966796875,14307500
2016-10-05 00:00:00-04:00,127.1335679697271,127.6787831772453,126.71722593652031,127.35165405273438,12386800
2016-10-06 00:00:00-04:00,127.31198674162945,127.93650731985815,126.96504262947019,127.61930084228516,11682700
2016-10-07 00:00:00-04:00,127.91668673827587,128.1248653218807,127.21287583257707,127.86713409423828,12804400
2016-10-10 00:00:00-04:00,128.5511243185879,129.56224942223008,128.07530696874016,129.10626220703125,15138700
2016-10-11 00:00:00-04:00,129.09632615159995,129.5027606768514,127.11373641978902,127.75808715820312,17537900
2016-10-12 00:00:00-04:00,127.88695258654138,128.53130336214636,127.34175247959274,127.9266128540039,11073000
2016-10-13 00:00:00-04:00,127.09392550569127,127.13357064618202,125.64662829944305,126.70731353759766,17139300
2016-10-14 00:00:00-04:00,127.37149036968442,127.82747756468643,126.46940835762544,126.76679229736328,13345300
2016-10-17 00:00:00-04:00,127.08400688500494,127.35166075112991,126.21167007007269,126.42975616455078,11351700
2016-10-18 00:00:00-04:00,127.55982595743549,128.26365202212685,126.89566016098725,127.45079803466797,13504000
2016-10-19 00:00:00-04:00,127.61933233232713,129.33426856244898,127.4805516280276,128.97740173339844,16752300
2016-10-20 00:00:00-04:00,128.93772980989888,129.5225901475642,128.37268447875977,128.8683319091797,13167500
2016-10-21 00:00:00-04:00,128.65025991195878,130.97980914031186,128.5709544992956,130.9203338623047,19088800
2016-10-24 00:00:00-04:00,131.56468916623504,132.24868521726427,130.99964368896286,132.11981201171875,17470200
2016-10-25 00:00:00-04:00,132.33790151211852,132.33790151211852,131.06904493990712,131.138427734375,13336800
2016-10-26 00:00:00-04:00,130.49405972237582,131.10865771861535,129.8001563192087,129.89927673339844,13084700
2016-10-27 00:00:00-04:00,130.59320818145665,130.65268346104602,128.14470833195213,128.56105041503906,16741400
2016-10-28 00:00:00-04:00,129.363993614297,131.81249340082837,128.7989482208078,130.14710998535156,24545500
2016-10-31 00:00:00-04:00,130.86085678511589,130.96989984788752,129.74070364132993,129.84974670410156,15669000
2016-11-01 00:00:00-04:00,130.2660729060755,130.7914580190806,127.53008916563782,128.37269592285156,22077800
2016-11-02 00:00:00-04:00,129.0963252411919,129.0963252411919,125.18071357367069,126.0629653930664,39640900
2016-11-03 00:00:00-04:00,120.93796526590984,122.20682139632797,118.45972827275594,118.95537567138672,63766300
2016-11-04 00:00:00-04:00,118.54895444468288,120.86858846268454,118.21191780611595,119.69886016845703,30545500
2016-11-07 00:00:00-05:00,121.76073539247642,122.1374246730557,120.29361584157523,121.08665466308594,23008900
2016-11-08 00:00:00-05:00,120.96771831343428,123.52526103136567,120.48198591851833,123.13865661621094,19460800
2016-11-09 00:00:00-05:00,120.44232092895032,122.7322095486807,119.46094117234864,122.10769653320312,31916000
2016-11-10 00:00:00-05:00,122.85117086824003,123.09899458034711,114.26655385062068,119.74842071533203,67846700
2016-11-11 00:00:00-05:00,118.48947209758641,119.64928525586684,117.12148792856176,117.9839096069336,32840100
2016-11-14 00:00:00-05:00,118.09294837919421,118.09294837919421,112.5615290691518,114.07820892333984,51377000
2016-11-15 00:00:00-05:00,115.71385392684638,117.45852745909441,114.82168702798108,116.17975616455078,34681400
2016-11-16 00:00:00-05:00,113.48343851484168,116.85383497700384,113.21578466828272,115.32723999023438,32397900
2016-11-17 00:00:00-05:00,115.79314566724183,116.76461791992188,115.00011434791172,116.76461791992188,18597800
2016-11-18 00:00:00-05:00,117.35940426957241,118.09296038833645,115.82289412759988,116.00132751464844,22879300
2016-11-21 00:00:00-05:00,117.17106112469111,120.88841722081683,116.77454919148863,120.7099838256836,35415400
2016-11-22 00:00:00-05:00,121.33449456580837,121.90944741009723,119.8475522489798,120.41259002685547,26089200
2016-11-23 00:00:00-05:00,120.1746826431112,120.25398048631503,118.89591132957436,119.78807067871094,15672100
2016-11-25 00:00:00-05:00,119.95659765203645,120.08546326602573,119.02477802832668,119.33207702636719,8658600
2016-11-28 00:00:00-05:00,119.07433999246336,120.63067260297757,118.7769485125518,119.36181640625,18101300
2016-11-29 00:00:00-05:00,119.52041858133963,121.0370984767809,119.35190027361935,119.81781005859375,18891000
2016-11-30 00:00:00-05:00,119.27259904293261,120.72980371908162,116.92322746679648,117.3891372680664,30188900
2016-12-01 00:00:00-05:00,117.34948367456744,117.41887401276296,113.00761487823426,114.09803771972656,43277000
2016-12-02 00:00:00-05:00,114.10793987320748,115.46601641046931,113.30499354166913,114.39541625976562,25070400
2016-12-05 00:00:00-05:00,114.94063330451269,116.54653366283962,114.06829657078045,116.40775299072266,20201500
2016-12-06 00:00:00-05:00,116.66549235138156,116.77453538901771,115.31733076149767,116.2887954711914,19131200
2016-12-07 00:00:00-05:00,115.98149831351243,116.92322540283203,115.55524122231965,116.92322540283203,21913700
2016-12-08 00:00:00-05:00,116.95297338784029,118.45973827924597,116.61592919555154,117.8748779296875,22442800
2016-12-09 00:00:00-05:00,118.18218121011122,118.8959147603996,117.91452734726307,118.63817596435547,17464700
2016-12-12 00:00:00-05:00,118.18217889211805,118.20200146235725,116.6258462055347,116.74479675292969,17805500
2016-12-13 00:00:00-05:00,116.83401818936315,120.46215361142971,116.5861944629413,119.26268768310547,29768000
2016-12-14 00:00:00-05:00,118.95538032255946,120.63067101558892,117.81538974853905,119.1635513305664,25913100
2016-12-15 00:00:00-05:00,119.0346991119101,121.4336310697649,118.58861184774322,119.52043151855469,20139600
2016-12-16 00:00:00-05:00,119.84754767291399,120.44232306433953,118.23173224334894,118.8265151977539,25324300
2016-12-19 00:00:00-05:00,118.80669398184463,119.31225650583835,117.47836242673877,118.2020034790039,15918100
2016-12-20 00:00:00-05:00,118.45974112077853,118.727387417357,117.76583771262703,118.05330657958984,13684400
2016-12-21 00:00:00-05:00,117.88478792181107,118.16234928427329,117.44862330779038,118.00374603271484,10767600
2016-12-22 00:00:00-05:00,117.82531859189469,117.95418421297317,115.91211903214315,116.3780288696289,16258600
2016-12-23 00:00:00-05:00,115.98149161010546,116.53661427800051,115.28758827523666,116.24913787841797,10890000
2016-12-27 00:00:00-05:00,115.94185669643238,117.64688522421496,115.84272871381299,116.98271942138672,12051500
2016-12-28 00:00:00-05:00,117.16113984726732,117.22061511765986,115.63454488236353,115.90219116210938,12087400
2016-12-29 00:00:00-05:00,115.98150139011045,116.50688646838205,115.04968177930134,115.337158203125,9934900
2016-12-30 00:00:00-05:00,115.58497967486277,115.81298082138268,113.77090825792048,114.04847717285156,18684100
2017-01-03 00:00:00-05:00,115.01992831758645,116.81416939002199,114.50445837670806,115.84270477294922,20663900
2017-01-04 00:00:00-05:00,116.52672368535293,118.618356622105,116.26898488229403,117.65679931640625,19630900
2017-01-05 00:00:00-05:00,117.82531879574837,119.89712161864406,117.29001861322033,119.61956024169922,19492200
2017-01-06 00:00:00-05:00,119.92686916066123,122.80161853196273,118.9851343985276,122.3357162475586,28545300
2017-01-09 00:00:00-05:00,122.47449743426321,124.33812926836121,121.96893487835571,123.812744140625,22880400
2017-01-10 00:00:00-05:00,123.73341157809564,124.40749231707385,123.19811150040894,123.26750183105469,17324600
2017-01-11 00:00:00-05:00,123.26752711714794,125.02212343665214,122.98005067036532,124.99237823486328,18356500
2017-01-12 00:00:00-05:00,124.51654370909799,125.6267966369815,123.7135973201256,125.51775360107422,18653900
2017-01-13 00:00:00-05:00,126.38017920443747,128.14469040284416,126.26122866190143,127.2227783203125,24884300
2017-01-17 00:00:00-05:00,126.9254001084796,127.22279162187208,126.290979501671,126.75688934326172,15294500
2017-01-18 00:00:00-05:00,127.29217455026046,127.31198955645034,125.73583438469585,126.80643463134766,13145900
2017-01-19 00:00:00-05:00,127.11374001546973,127.23270568839588,126.34053120826837,126.43966674804688,12195500
2017-01-20 00:00:00-05:00,126.98489804166441,127.36157986340073,125.67638135553157,125.93412017822266,19097200
2017-01-23 00:00:00-05:00,126.20173216270537,128.1248463972545,125.84486544777916,127.80762481689453,16593600
2017-01-24 00:00:00-05:00,128.25374282033934,128.7692052929933,127.26244789082912,128.2438201904297,15162700
2017-01-25 00:00:00-05:00,128.8683219149665,130.59318028440399,128.64032834992364,130.33543395996094,18731300
2017-01-26 00:00:00-05:00,130.48414721085487,131.98099700352165,130.2957987673754,131.62413024902344,20020100
2017-01-27 00:00:00-05:00,131.5249900636528,131.79264390155546,129.938927419914,131.0293426513672,19539500
2017-01-30 00:00:00-05:00,130.43455028926488,130.43455028926488,128.47179114120053,129.8397674560547,18956100
2017-01-31 00:00:00-05:00,129.0368588191783,129.5225987787039,128.39252316707874,129.18556213378906,19790500
2017-02-01 00:00:00-05:00,131.0987258458332,132.32793673578135,129.5423858853515,132.0701904296875,50139800
2017-02-02 00:00:00-05:00,132.06029042034913,134.3105337826802,129.26483190952933,129.7010040283203,54366400
2017-02-03 00:00:00-05:00,130.09751374255845,131.69349871485144,129.62168142560802,129.8397674560547,24804900
2017-02-06 00:00:00-05:00,129.8398000972754,130.910400390625,129.16572683440322,130.910400390625,17058500
2017-02-07 00:00:00-05:00,131.08883352540656,131.84221214948707,130.51388070994037,130.6923065185547,14596400
2017-02-08 00:00:00-05:00,131.44570607918442,133.26968501345638,131.28709526943223,133.03176879882812,22390600
2017-02-09 00:00:00-05:00,133.31926458415361,133.32917208840541,132.14952866613126,132.97230529785156,16470600
2017-02-10 00:00:00-05:00,132.9326529334247,133.7653370241619,132.5162957620962,133.02186584472656,15061900
2017-02-13 00:00:00-05:00,133.527422806338,133.527422806338,132.53612788553968,132.88308715820312,13526200
2017-02-14 00:00:00-05:00,132.93265343933567,133.06151149194216,131.3961433041297,132.68482971191406,14364900
2017-02-15 00:00:00-05:00,132.28828885037237,132.5361125519002,131.50517260896603,132.27838134765625,13226500
2017-02-16 00:00:00-05:00,131.91159494183702,132.70461861280893,131.86202718091204,132.6748809814453,12831100
2017-02-17 00:00:00-05:00,132.3378618520214,132.92272218053802,132.01073273794628,132.3675994873047,12276500
2017-02-21 00:00:00-05:00,132.33786789348608,132.74430242885742,131.74308490874947,132.5559539794922,14759100
2017-02-22 00:00:00-05:00,132.43700630596757,135.5992243697369,132.29822562331302,134.93505859375,27360100
2017-02-23 00:00:00-05:00,134.70705620159785,134.93504978122027,133.1606386598825,134.18167114257812,18422500
2017-02-24 00:00:00-05:00,132.99214515572214,134.43942743225583,132.99214515572214,134.26100158691406,12625700
2017-02-27 00:00:00-05:00,134.08255115624752,135.98583566876093,133.8446500459088,135.22254943847656,14306700
2017-02-28 00:00:00-05:00,135.5992106780862,135.61904080959457,133.57697591702748,134.36009216308594,16112100
2017-03-01 00:00:00-05:00,135.28202767322787,136.28323016169728,135.11350934106736,136.2237548828125,16257000
2017-03-02 00:00:00-05:00,135.89660237021425,136.62025847485376,135.12339362566007,135.56947326660156,12294800
2017-03-03 00:00:00-05:00,135.44059863491682,136.13450189426203,134.8953835290182,135.97589111328125,11160600
2017-03-06 00:00:00-05:00,135.68846224688855,136.63018945647315,135.32167281716403,136.2237548828125,12748200
2017-03-07 00:00:00-05:00,135.83714349602923,137.1654750763817,135.79749835412093,136.10479736328125,13527100
2017-03-08 00:00:00-05:00,135.956103270883,136.78880256705008,135.85698284640785,136.52114868164062,10184500
2017-03-09 00:00:00-05:00,136.52114347785908,137.36375024656763,136.20392182932292,137.03662109375,15535300
2017-03-10 00:00:00-05:00,137.70076803304235,138.2757208477516,137.01677218233723,137.58180236816406,16314100
2017-03-13 00:00:00-04:00,137.50254414602597,138.46408643636875,137.46288387316847,138.38479614257812,10955500
2017-03-14 00:00:00-04:00,138.2459889284164,138.2459889284164,137.31416933246618,138.10720825195312,12944000
2017-03-15 00:00:00-04:00,138.07744326480076,138.88040474248697,137.28441954148659,138.5037078857422,19344800
2017-03-16 00:00:00-04:00,138.97954102053976,139.02910879039848,138.51363121059498,138.77137756347656,13612900
2017-03-17 00:00:00-04:00,139.1183281336502,139.1183281336502,138.48389997761635,138.6226806640625,20592800
2017-03-20 00:00:00-04:00,138.493808180821,138.96962546679075,138.03780590087916,138.7218017578125,12099500
2017-03-21 00:00:00-04:00,139.92126280869712,141.0711684713505,137.19520195596974,137.3042449951172,29894800
2017-03-22 00:00:00-04:00,136.7292942960257,138.57310336111672,136.4021802994412,138.37484741210938,17055400
2017-03-23 00:00:00-04:00,138.26578563153114,139.16786747210494,137.87918128927913,138.3153533935547,13022800
2017-03-24 00:00:00-04:00,138.86060066334525,139.79242035161244,138.54337901373904,139.1183319091797,16664700
2017-03-27 00:00:00-04:00,137.8395770764224,139.42564005033807,137.5620156778381,139.09852600097656,12800500
2017-03-28 00:00:00-04:00,139.13811821762752,140.7142730869992,138.7911590384021,140.5259246826172,14679400
2017-03-29 00:00:00-04:00,140.75397521336726,141.61639697844183,140.19883733628012,141.40821838378906,16527600
2017-03-30 00:00:00-04:00,141.1603654578874,141.70558059213468,140.61516544959747,141.1702880859375,12404000
2017-03-31 00:00:00-04:00,141.07117727810586,141.38839891214158,140.65483522790402,140.81344604492188,11478300
2017-04-03 00:00:00-04:00,140.69445314915993,141.22976077153973,139.59413052462202,141.04141235351562,13564000
2017-04-04 00:00:00-04:00,140.6250737192191,140.85306727625513,140.04021344745138,140.49620056152344,12948600
2017-04-05 00:00:00-04:00,141.02159271185377,142.1913284405989,140.06003554639625,140.61517333984375,17158100
2017-04-06 00:00:00-04:00,140.87290535234092,140.98194838593602,139.68335461145867,139.9410858154297,15103400
2017-04-07 00:00:00-04:00,139.9708311616929,140.3177904129647,139.01919656693676,139.5544891357422,11818300
2017-04-10 00:00:00-04:00,139.77256494695504,140.19881444484406,139.40579071612422,139.8122100830078,9039400
2017-04-11 00:00:00-04:00,139.57430958835764,139.8023031550036,137.6016275090589,138.70196533203125,16638100
2017-04-12 00:00:00-04:00,138.5037251394718,139.1777984134513,138.2261637765438,138.3649444580078,11612500
2017-04-13 00:00:00-04:00,138.40461411634288,139.35626404778975,138.11714519880098,138.17662048339844,10965600
2017-04-17 00:00:00-04:00,138.54335086896384,140.31777696831105,138.53344336666163,140.18890380859375,11519700
2017-04-18 00:00:00-04:00,140.04020909879026,140.674637113506,139.3859509544392,139.73291015625,14807500
2017-04-19 00:00:00-04:00,140.11956551788577,141.79484149619526,140.0402600964215,141.03155517578125,15563900
2017-04-20 00:00:00-04:00,141.70558067281948,142.99426686560392,141.44784948464556,142.54818725585938,15968200
2017-04-21 00:00:00-04:00,142.64731580260812,142.91496963412595,141.0315155627533,142.42922973632812,12382000
2017-04-24 00:00:00-04:00,143.69810414342254,144.40191499695086,143.083491067742,144.2036590576172,14407200
2017-04-25 00:00:00-04:00,144.52087943031032,145.86904112374023,144.52087943031032,145.2147979736328,17767500
2017-04-26 00:00:00-04:00,145.80954946610902,146.3051968693871,144.8182546595529,145.28416442871094,12395000
2017-04-27 00:00:00-04:00,145.393213125027,146.4638133729187,144.867828067167,146.41424560546875,11275100
2017-04-28 00:00:00-04:00,148.1985608194513,150.21088789341144,147.77231134979456,148.94203186035156,30652200
2017-05-01 00:00:00-04:00,150.4190638441885,151.2418402636993,150.10184227841998,151.13279724121094,25218300
2017-05-02 00:00:00-04:00,152.0051501671389,152.10428570349973,150.33978206318312,151.4500274658203,21870400
2017-05-03 00:00:00-04:00,152.2628951582923,152.2628951582923,150.02255911450226,150.4785614013672,29782500
2017-05-04 00:00:00-04:00,148.86274635084632,150.20100045359757,147.42537183830993,149.53683471679688,36225500
2017-05-05 00:00:00-04:00,150.13160246667204,150.31004340571673,148.4860493804069,148.93214416503906,17148500
2017-05-08 00:00:00-04:00,149.39805100106364,149.76482524912447,148.43649380256366,149.7449951171875,15827500
2017-05-09 00:00:00-04:00,150.17126141873845,151.26167667196853,148.9024052280234,149.1700439453125,17453900
2017-05-10 00:00:00-04:00,148.9222141850322,149.20969814875855,147.56414514371858,148.981689453125,12080700
2017-05-11 00:00:00-04:00,149.00152530260848,149.33856191870754,148.10936599506186,148.73387145996094,11841900
2017-05-12 00:00:00-04:00,149.0907145495508,149.15020493644465,148.32742853291268,149.02133178710938,9598200
2017-05-15 00:00:00-04:00,148.86275348487308,150.16134738517624,148.46624157481222,148.88258361816406,15064700
2017-05-16 00:00:00-04:00,148.80329494074527,148.9024304923861,147.73269451206275,148.47616577148438,14550800
2017-05-17 00:00:00-04:00,146.7116538799038,147.37581968708267,143.1628161128287,143.58908081054688,28300100
2017-05-18 00:00:00-04:00,143.46019395071266,146.86032807430684,143.25201537381787,146.37460327148438,23031600
2017-05-19 00:00:00-04:00,147.15772256393998,148.08954217542922,146.67199775119826,146.7711181640625,16187900
2017-05-22 00:00:00-04:00,146.79094363666076,147.29649856630866,146.4043392490573,146.94955444335938,12586700
2017-05-23 00:00:00-04:00,147.22711603631876,147.51458488872268,145.96816733574363,146.78103637695312,12817800
2017-05-24 00:00:00-04:00,147.21719156155635,148.92221990012186,147.12797865599347,148.73387145996094,17862400
2017-05-25 00:00:00-04:00,148.99162338380555,151.2616820019777,148.6446641256672,150.63717651367188,19891400
2017-05-26 00:00:00-04:00,150.90481499226937,150.9246451250914,149.8342147092718,150.80569458007812,14996200
2017-05-30 00:00:00-04:00,150.64710849404062,151.56900562111647,150.31997931560542,151.0535430908203,13226000
2017-05-31 00:00:00-04:00,151.37072120711613,152.01507193790442,149.77473588685828,150.1415252685547,18023900
2017-06-01 00:00:00-04:00,150.4289930588772,150.96428562093,148.99161855566456,150.21090698242188,14530600
2017-06-02 00:00:00-04:00,150.528108123645,152.29261150158564,149.98289300665058,152.2727813720703,16854400
2017-06-05 00:00:00-04:00,152.30252530004037,153.36321794658716,152.0745317420374,152.29261779785156,12520400
2017-06-06 00:00:00-04:00,152.07454981879818,153.17488773085245,151.1526377230968,151.47976684570312,13457100
2017-06-07 00:00:00-04:00,151.9357669026947,152.41158419858272,151.01385482058015,151.7870635986328,12066700
2017-06-08 00:00:00-04:00,152.738730063994,153.38306574103552,151.76726523329793,153.36325073242188,17799400
2017-06-09 00:00:00-04:00,153.4227067451964,154.23556064915013,145.33373721407455,148.29771423339844,35577700
2017-06-12 00:00:00-04:00,146.88015804135935,147.9011905402127,143.30158298075054,147.14781188964844,33170200
2017-06-13 00:00:00-04:00,148.84293153399582,149.86396412819408,147.60381283948715,149.36831665039062,20483400
2017-06-14 00:00:00-04:00,149.94323408341938,151.0733094605495,147.75248122010257,148.94203186035156,20808800
2017-06-15 00:00:00-04:00,146.3845388907594,148.73390332974265,145.09585229464776,148.49600219726562,18994200
2017-06-16 00:00:00-04:00,148.2878115682486,149.51702278166803,147.3064392243533,149.32867431640625,22882400
2017-06-19 00:00:00-04:00,150.38932473814958,152.23313347471426,150.38932473814958,151.53921508789062,19026500
2017-06-20 00:00:00-04:00,151.54918806363747,152.50082281585142,150.88502221287357,150.92466735839844,14743900
2017-06-21 00:00:00-04:00,151.03371063312906,152.73873928642152,150.5578932563382,152.57022094726562,15039800
2017-06-22 00:00:00-04:00,151.67803181275923,153.20463447568622,151.57891139532308,152.06463623046875,13005500
2017-06-23 00:00:00-04:00,151.39055895731403,153.848966084101,151.32116105356948,153.72010803222656,18027000
2017-06-26 00:00:00-04:00,154.88983897153832,155.13766271389278,151.86638628962172,152.25299072265625,18049700
2017-06-27 00:00:00-04:00,151.50950121305212,151.97541100253437,149.0808318562363,149.26918029785156,19360800
2017-06-28 00:00:00-04:00,149.60622494159466,152.1340299693682,148.55545476459667,151.90603637695312,16719100
2017-06-29 00:00:00-04:00,150.954385062589,151.17247114907758,147.62363361780703,149.7251739501953,23973500
2017-06-30 00:00:00-04:00,150.57768465542878,150.59751478809116,148.7537057254306,149.6656951904297,17666000
2017-07-03 00:00:00-04:00,150.39926234458315,150.82551188802339,146.513388179951,147.1378936767578,13862700
2017-07-05 00:00:00-04:00,147.70294890264398,149.53685062732282,146.8405271285534,149.03128051757812,14334300
2017-07-06 00:00:00-04:00,147.73265378115283,148.73385602245614,146.71162140979638,147.5244903564453,14951800
2017-07-07 00:00:00-04:00,147.95076582111912,150.66691932911039,147.89129054647026,150.1217041015625,13615900
2017-07-10 00:00:00-04:00,150.36951609123315,152.6395746102247,150.19107515525667,152.16375732421875,13378700
2017-07-11 00:00:00-04:00,152.0348960669947,154.0670536651799,151.57890887725088,153.91836547851562,13667700
2017-07-12 00:00:00-04:00,155.12774492815996,157.77450050597156,154.84026093554425,157.51675415039062,22739400
2017-07-13 00:00:00-04:00,157.35817943981206,158.38911962169666,157.04095776787105,157.87364196777344,13929200
2017-07-14 00:00:00-04:00,158.73604916071227,158.92439760235374,157.9430102555709,158.5774383544922,16371200
2017-07-17 00:00:00-04:00,158.85500087647526,159.3803859407482,157.42753386186237,158.3395233154297,12858800
2017-07-18 00:00:00-04:00,158.2701505412813,162.3047129997704,158.03223431515994,161.44229125976562,23722900
2017-07-19 00:00:00-04:00,162.1659206722687,164.25755340811133,161.74957865092037,162.7111358642578,26273600
2017-07-20 00:00:00-04:00,163.36537109189268,163.56362700852983,161.3926891753544,163.09771728515625,18523100
2017-07-21 00:00:00-04:00,162.7309727206717,163.61322456745162,162.32453818567117,162.9986114501953,14744000
2017-07-24 00:00:00-04:00,163.2067852836335,164.72346521064173,162.87965616444126,164.55494689941406,17367000
2017-07-25 00:00:00-04:00,163.5735784212172,164.09896354802464,162.43359525006016,163.8412322998047,15383200
2017-07-26 00:00:00-04:00,164.56484683665977,164.56484683665977,162.67148523523366,164.1683349609375,35236900
2017-07-27 00:00:00-04:00,173.17920949811622,173.96234091022987,166.04188951147168,168.956298828125,68910700
2017-07-28 00:00:00-04:00,167.59822524268463,171.92025620826385,167.57839511068912,170.94879150390625,24557600
2017-07-31 00:00:00-04:00,170.50270249607644,171.21643594915992,167.08273852352698,167.77664184570312,25478900
2017-08-01 00:00:00-04:00,168.34170251677014,168.9860381335434,167.57840122963862,168.38134765625,14385000
2017-08-02 00:00:00-04:00,168.8175124808189,169.06533618818182,165.45702361401592,167.8262176513672,17433800
2017-08-03 00:00:00-04:00,167.82620140447796,168.2227132474897,166.78533890912553,167.12237548828125,10793800
2017-08-04 00:00:00-04:00,167.49911219622538,168.57962008268356,167.22155081485926,168.14344787597656,10777700
2017-08-07 00:00:00-04:00,168.47055235552784,170.56218503972664,168.1830835119181,170.48287963867188,12787800
2017-08-08 00:00:00-04:00,170.3837764355757,171.54358968193628,169.13473515029492,169.7394256591797,14393500
2017-08-09 00:00:00-04:00,168.50029902582298,169.95750370568328,168.08395699242854,169.68984985351562,10815000
2017-08-10 00:00:00-04:00,168.57962791242397,169.10501306055158,165.3975793832707,165.94277954101562,20832700
2017-08-11 00:00:00-04:00,166.48796337987193,167.35040016610378,165.397548144369,166.61683654785156,13791200
2017-08-14 00:00:00-04:00,168.6093373500427,169.59072469656067,167.81629844511536,169.2635955810547,12954200
2017-08-15 00:00:00-04:00,169.99713817699975,170.0070456789251,168.5300110903642,169.5113983154297,8729200
2017-08-16 00:00:00-04:00,169.7592295478372,169.8881027083844,167.76673250330668,168.52011108398438,15779900
2017-08-17 00:00:00-04:00,167.86583957440308,168.38131704969933,165.3975254710332,165.45700073242188,17216000
2017-08-18 00:00:00-04:00,165.38763714282814,167.20170862118172,164.76313164277576,165.9526824951172,15093600
2017-08-21 00:00:00-04:00,165.70487520921253,166.53755937586112,164.37654354442148,166.31947326660156,11907500
2017-08-22 00:00:00-04:00,166.81509221492692,168.39124735903576,165.6949242205302,168.1632537841797,11391000
2017-08-23 00:00:00-04:00,167.3702215723392,167.88569913801135,166.73579346303475,167.24136352539062,9856500
2017-08-24 00:00:00-04:00,167.40990664244393,167.81632610205943,164.96140675015909,166.2798309326172,14030400
2017-08-25 00:00:00-04:00,166.3987492339309,166.91422677604442,164.7333660693943,164.87216186523438,12614500
2017-08-28 00:00:00-04:00,165.45703529677854,166.24015161191866,164.88208243998466,165.78416442871094,8553700
2017-08-29 00:00:00-04:00,163.81146865274565,166.96377891310692,163.56364494827855,166.58709716796875,11121000
2017-08-30 00:00:00-04:00,166.70609055641484,168.69858820714242,166.1707978725945,168.44085693359375,11138300
2017-08-31 00:00:00-04:00,168.9166365085145,170.65140249723558,168.57959988950745,170.4729766845703,17226500
2017-09-01 00:00:00-04:00,170.89920368061206,171.41468117028907,169.81869606602282,170.52252197265625,11677600
2017-09-05 00:00:00-04:00,169.77908669600956,170.88933217599208,168.0740582083449,169.23387145996094,13210900
2017-09-06 00:00:00-04:00,169.4222286470553,170.97855390001803,168.09389700420334,170.59194946289062,13906300
2017-09-07 00:00:00-04:00,170.44324547078008,171.80131462709602,168.78778482285844,171.7021942138672,18049500
2017-09-08 00:00:00-04:00,171.58320796959194,171.9797349528443,169.31314960355868,169.4618377685547,10998500
2017-09-11 00:00:00-04:00,170.89921964805296,172.37625436422556,170.70096371071747,171.9995574951172,12372000
2017-09-12 00:00:00-04:00,172.2473693981394,172.48528558221815,170.25487240658603,171.454345703125,11186300
2017-09-13 00:00:00-04:00,171.5039340917587,171.66254491420898,170.56220691314613,171.54359436035156,9119300
2017-09-14 00:00:00-04:00,170.76045779669172,170.78028793039803,169.01578417953888,169.47178649902344,15615700
2017-09-15 00:00:00-04:00,169.39246488266406,170.83974685958648,168.77785180425548,170.14584350585938,15660500
2017-09-18 00:00:00-04:00,170.4928348320462,170.5721402482485,167.86589397046572,168.53005981445312,12954000
2017-09-19 00:00:00-04:00,169.13471922211838,171.05783361438,168.87698801140778,171.0181884765625,13168600
2017-09-20 00:00:00-04:00,170.99836324958235,171.54357844745402,169.21402947743837,170.67123413085938,12264100
2017-09-21 00:00:00-04:00,170.19540567674682,170.77035847263426,168.5300225565973,169.62045288085938,11161400
2017-09-22 00:00:00-04:00,168.7282906974242,170.23504786821061,167.74690342256534,169.05540466308594,12097100
2017-09-25 00:00:00-04:00,167.76672125017885,167.82619651230115,160.15357005342906,161.45216369628906,41251600
2017-09-26 00:00:00-04:00,163.0679864002482,164.0592811504017,161.36295821990763,162.780517578125,23363300
2017-09-27 00:00:00-04:00,164.45581794246135,166.87457991983337,164.12870393614116,166.22032165527344,19242500
2017-09-28 00:00:00-04:00,166.47806837469517,167.59823645502036,165.7048595606887,167.2611846923828,12178700
2017-09-29 00:00:00-04:00,167.36031817937436,170.1656845346237,167.34048804629552,169.38255310058594,15340400
2017-10-02 00:00:00-04:00,169.89803540415485,170.37385272956294,167.28101742547034,167.9947509765625,13392300
2017-10-03 00:00:00-04:00,167.82622575951183,169.24377017365308,167.72709022139367,168.48048400878906,8190300
2017-10-04 00:00:00-04:00,168.351617401259,169.18430150047783,166.8250147600645,166.95388793945312,12127900
2017-10-05 00:00:00-04:00,167.70726367526288,169.81872664946934,167.13232594495176,169.7493438720703,14580600
2017-10-06 00:00:00-04:00,168.76795326414327,170.8694935687407,168.2723058243073,170.730712890625,13124500
2017-10-09 00:00:00-04:00,171.1966232609692,173.35765397130794,170.5027198680933,170.9983673095703,14570400
2017-10-10 00:00:00-04:00,171.4939969704736,171.69225290131723,169.31315147927765,170.0962677001953,11341100
2017-10-11 00:00:00-04:00,170.45313573694557,171.27591222593418,169.90792057846417,171.23626708984375,11283700
2017-10-12 00:00:00-04:00,171.10741839085242,172.3366295488127,170.79019675294256,171.04794311523438,10351000
2017-10-13 00:00:00-04:00,171.94008560822274,173.12963638159022,171.69226190018958,172.22756958007812,13658300
2017-10-16 00:00:00-04:00,172.97104056337912,173.4765954820101,172.5447759204105,173.0007781982422,11498800
2017-10-17 00:00:00-04:00,173.1891129518487,174.59674968599217,172.8421537379161,174.57691955566406,15990100
2017-10-18 00:00:00-04:00,175.11226349231615,175.2014915420175,174.22010400299854,174.49766540527344,12752400
2017-10-19 00:00:00-04:00,173.4072253558301,174.49765589531262,171.127258979394,173.0404510498047,14048400
2017-10-20 00:00:00-04:00,173.97226472159687,174.34896164506213,173.10984295046387,173.456787109375,12602200
2017-10-23 00:00:00-04:00,173.67484937384677,173.81363004355651,169.75923786150307,169.77906799316406,13852700
2017-10-24 00:00:00-04:00,170.80012134741807,171.73194101204587,170.00708236948205,170.30447387695312,12267900
2017-10-25 00:00:00-04:00,170.40360056910347,170.75055986158688,167.4198081323979,169.11492919921875,15868200
2017-10-26 00:00:00-04:00,169.88813981982182,170.79020676283193,168.90675233672508,169.14466857910156,11833100
2017-10-27 00:00:00-04:00,172.63401701227778,176.6586873904045,172.38619326398225,176.33155822753906,30285300
2017-10-30 00:00:00-04:00,177.69950875728185,179.1170682534274,176.0638783107652,178.30419921875,24353200
2017-10-31 00:00:00-04:00,178.99813908246875,179.2261326891395,177.3823234492839,178.49256896972656,20174200
2017-11-01 00:00:00-04:00,180.77253953349484,181.30783212692842,178.9981283084503,181.06993103027344,40918300
2017-11-02 00:00:00-04:00,179.05759338106873,180.35618721285795,175.79622485794295,177.3624725341797,35529900
2017-11-03 00:00:00-04:00,177.72924678793294,178.29429211221563,175.17171938884402,177.3624725341797,17822100
2017-11-06 00:00:00-05:00,177.00562281121174,178.87916965065853,176.75779907516872,178.6016082763672,13312700
2017-11-07 00:00:00-05:00,178.92871665160965,179.17654035888333,177.4021292702255,178.68089294433594,12928200
2017-11-08 00:00:00-05:00,178.2249113264606,178.78004920090777,177.55083802500116,177.99691772460938,10494100
2017-11-09 00:00:00-05:00,176.7577637569926,177.83827140001213,175.54838295667363,177.73915100097656,12610300
2017-11-10 00:00:00-05:00,176.79745109681392,177.54092227026402,176.41084669165826,176.906494140625,11070200
2017-11-13 00:00:00-05:00,175.9548421538612,177.48142962191474,175.75658620197834,177.2137908935547,9523400
2017-11-14 00:00:00-05:00,176.5793727372629,177.41205685773943,175.6376304422426,176.5198974609375,9585900
2017-11-15 00:00:00-05:00,175.1221457670316,177.0155224951972,174.8643994343432,176.40090942382812,10253700
2017-11-16 00:00:00-05:00,177.2038652895388,178.2645580595446,176.94613406901334,178.02664184570312,15607600
2017-11-17 00:00:00-05:00,177.73919450031988,178.41326783217917,177.3426674292605,177.44180297851562,13018000
2017-11-20 00:00:00-05:00,177.31289429196397,177.93741485012896,176.54960819416024,177.1840362548828,10052400
2017-11-21 00:00:00-05:00,177.59045519698293,180.3066083610986,177.43185952665146,180.27687072753906,14504000
2017-11-22 00:00:00-05:00,179.72176637669597,180.14801591844798,178.86925216723236,179.29550170898438,10376300
2017-11-24 00:00:00-05:00,178.82960174413725,181.55566283856592,178.7205586953217,181.1888885498047,9426300
2017-11-27 00:00:00-05:00,180.97078150462093,182.13059463906762,180.40575131776887,181.4366912841797,12344500
2017-11-28 00:00:00-05:00,181.91250846485386,182.64607208301544,180.50487162402382,180.83200073242188,14379700
2017-11-29 00:00:00-05:00,180.30661636826204,180.38592176992864,172.48530074965237,173.60546875,41933500
2017-11-30 00:00:00-05:00,175.31048978967033,176.7280340799437,173.6748443094032,175.63760375976562,25307600
2017-12-01 00:00:00-05:00,174.49762629405086,175.93500076065592,170.8397459809802,173.5757293701172,20182500
2017-12-04 00:00:00-05:00,174.7553586469446,175.03293511478452,169.30323709062822,169.97732543945312,24459400
2017-12-05 00:00:00-05:00,168.9661987220778,173.8532900408707,167.5387317638425,171.3254852294922,20184900
2017-12-06 00:00:00-05:00,170.99836691260768,175.23120028826378,170.4035839338322,174.52737426757812,20255800
2017-12-07 00:00:00-05:00,174.26963761979923,178.81967735014499,174.26963761979923,178.5718536376953,20404500
2017-12-08 00:00:00-05:00,179.94977808986692,180.69324933139703,177.18407172679787,177.44180297851562,19883800
2017-12-11 00:00:00-05:00,177.73917640514932,178.65116588679692,177.24352896125654,177.48143005371094,13168600
2017-12-12 00:00:00-05:00,177.04524792710015,177.6201855697206,175.06265843240007,175.41952514648438,16854100
2017-12-13 00:00:00-05:00,175.75659932770435,177.60040855723614,175.70703155454197,176.74789428710938,14615700
2017-12-14 00:00:00-05:00,176.73794637703486,178.78993390995657,176.13325593325177,176.8370819091797,13591000
2017-12-15 00:00:00-05:00,177.46163578080555,178.9188406461832,176.8073774481949,178.6115264892578,28463100
2017-12-18 00:00:00-05:00,179.43427447688407,179.72175845251718,178.18524841732895,179.24594116210938,17265400
2017-12-19 00:00:00-05:00,178.38349879857833,178.51237196473718,176.6685630051992,177.94732666015625,14920600
2017-12-20 00:00:00-05:00,178.244714857361,178.244714857361,175.81604563223334,176.3414306640625,11860500
2017-12-21 00:00:00-05:00,176.3910133740639,177.12456190467773,175.5087615358687,175.9052734375,11600700
2017-12-22 00:00:00-05:00,175.59798016974815,175.9845845805287,174.6958981692736,175.65745544433594,8509500
2017-12-26 00:00:00-05:00,175.09243599043208,175.4592102902794,173.1494911871621,174.4580078125,8897300
2017-12-27 00:00:00-05:00,175.01309868238997,176.88664523561903,174.72561472196054,176.0737762451172,9496100
2017-12-28 00:00:00-05:00,176.40090767804452,177.38229498119344,176.1332538451933,176.3711700439453,12220800
2017-12-29 00:00:00-05:00,176.45049190698796,177.29309862097264,174.9239044189453,174.9239044189453,10261500
2018-01-02 00:00:00-05:00,176.13328018604338,179.999339582654,176.0044221276621,179.84072875976562,18151900
2018-01-03 00:00:00-05:00,180.2967176457999,183.1714667479119,179.751502436514,183.0624237060547,16886600
2018-01-04 00:00:00-05:00,183.29040248500226,184.58901137891618,182.4973787457023,182.72537231445312,13880900
2018-01-05 00:00:00-05:00,183.97442366501062,185.27301761188517,183.3201653765827,185.2234649658203,13574500
2018-01-08 00:00:00-05:00,185.57039096893325,187.25558917125224,184.70796929869047,186.6409912109375,17994700
2018-01-09 00:00:00-05:00,187.05733464377002,187.15647017887486,185.47127196380572,186.23455810546875,12393100
2018-01-10 00:00:00-05:00,185.31265942183705,186.25438649267394,184.01406560430883,186.20481872558594,10529900
2018-01-11 00:00:00-05:00,186.75992716752947,186.75992716752947,185.74881740066976,186.1354217529297,9588600
2018-01-12 00:00:00-05:00,176.50998446734238,179.90021153662127,175.85572614012332,177.80857849121094,77551300
2018-01-16 00:00:00-05:00,179.92000939699855,180.16783310140215,176.4901226726313,176.8370819091797,36183800
2018-01-17 00:00:00-05:00,177.69950828215173,177.75899867859457,174.26963659260204,176.05397033691406,27992400
2018-01-18 00:00:00-05:00,176.57937203338523,179.40455352930326,175.53850932395844,178.23483276367188,23304900
2018-01-19 00:00:00-05:00,179.2756959595258,180.78245337771955,178.60160753478826,179.71185302734375,26826500
2018-01-22 00:00:00-05:00,179.2261076472953,183.7761472704693,178.83950327001827,183.75631713867188,21059500
2018-01-23 00:00:00-05:00,184.4304145604009,187.89994662368082,183.93476712278948,187.70169067382812,25678800
2018-01-24 00:00:00-05:00,188.2369925841679,189.000293911204,184.89633352933782,184.9260711669922,24334500
2018-01-25 00:00:00-05:00,186.31387123336546,186.9780369934205,184.97563220971773,185.84796142578125,17377700
2018-01-26 00:00:00-05:00,186.11561012268066,188.3460235595703,185.18379053333774,188.3460235595703,17759200
2018-01-29 00:00:00-05:00,187.1068831104367,187.19609600725295,184.01404834648048,184.36099243164062,20453200
2018-01-30 00:00:00-05:00,185.98673629586293,186.54185899582595,180.25705323045165,185.4910888671875,20858600
2018-01-31 00:00:00-05:00,186.7302041689349,188.17750129074471,183.6076314733445,185.26309204101562,43275100
2018-02-01 00:00:00-05:00,186.58153245475748,193.61973249003813,186.25440331358368,191.4091339111328,54211300
2018-02-02 00:00:00-05:00,190.36823900563112,192.51936194511623,188.32617422071368,188.62356567382812,26677500
2018-02-05 00:00:00-05:00,185.30273835188007,188.9507112516344,179.03776278898312,179.68209838867188,33128200
2018-02-06 00:00:00-05:00,177.0155357600023,184.15285594249758,176.1927591862232,183.6968536376953,37758500
2018-02-07 00:00:00-05:00,182.54696886365033,183.46888108250377,178.38353287369765,178.6115264892578,27601900
2018-02-08 00:00:00-05:00,179.4342997074878,180.25707635977705,169.98725971483276,170.08639526367188,38478300
2018-02-09 00:00:00-05:00,173.23866558873263,175.36003575511182,165.7246495458865,174.57691955566406,39887600
2018-02-12 00:00:00-05:00,175.5186795322309,176.00441949783342,170.34411873901024,174.8743438720703,32092100
2018-02-13 00:00:00-05:00,174.09118425077367,174.43814347381303,171.5931322983389,171.64268493652344,21809400
2018-02-14 00:00:00-05:00,171.94010772512257,178.24474427349915,171.70220661542277,177.957275390625,28929700
2018-02-15 00:00:00-05:00,178.9287098904608,178.9287098904608,175.30056732283978,178.39341735839844,20922100
2018-02-16 00:00:00-05:00,177.43187074454818,178.31412255649565,174.7652851764264,175.81605529785156,20645300
2018-02-20 00:00:00-05:00,174.23991262011282,176.40092828892864,173.58565434156927,174.47781372070312,21204900
2018-02-21 00:00:00-05:00,175.17174662905825,179.69204942241686,174.8644324723321,176.36129760742188,23200800
2018-02-22 00:00:00-05:00,177.14437029757997,178.6412350633489,175.86560671468922,177.43185424804688,18464200
2018-02-23 00:00:00-05:00,178.333923557055,181.79354775909775,177.9473192007431,181.6944122314453,19007300
2018-02-26 00:00:00-05:00,182.97321577019545,184.04381608499364,181.62505409148218,183.32015991210938,17599700
2018-02-27 00:00:00-05:00,182.84433303041052,183.09215674422944,179.88037109375,179.88037109375,15849800
2018-02-28 00:00:00-05:00,180.71304935776007,181.2880021705322,176.58925926157562,176.7677001953125,18783000
2018-03-01 00:00:00-05:00,177.45166851941835,178.55200630171427,172.89172172527662,174.4084014892578,23201600
2018-03-02 00:00:00-05:00,171.78147539619158,175.56822892843414,171.48409904629506,175.08248901367188,20025900
2018-03-05 00:00:00-05:00,174.66616928714208,179.57307632407284,174.35887026906184,178.82960510253906,16189300
2018-03-06 00:00:00-05:00,180.19757071409077,180.79235365497092,177.55081536649521,178.21498107910156,15086800
2018-03-07 00:00:00-05:00,177.1840423222596,182.21982184429373,176.51987660516284,182.11077880859375,19097300
2018-03-08 00:00:00-05:00,181.96209710357192,182.7947812244851,179.870464171256,180.75271606445312,17225900
2018-03-09 00:00:00-05:00,182.3090522826453,183.89511507833163,181.61514886416,183.6175537109375,18526300
2018-03-12 00:00:00-04:00,183.61755166276623,184.4799885187979,182.61634925054545,183.15164184570312,15301200
2018-03-13 00:00:00-04:00,183.99424817762588,184.3709450823562,179.53342109893052,180.29672241210938,18067500
2018-03-14 00:00:00-04:00,181.01045363600093,182.6460841601859,180.2669824657424,182.58660888671875,16821700
2018-03-15 00:00:00-04:00,181.64489293522192,182.3982716554093,180.60403020764838,182.25949096679688,15614300
2018-03-16 00:00:00-04:00,182.88400714179264,183.71669125303876,181.81340680192181,183.47877502441406,24403400
2018-03-19 00:00:00-04:00,175.46908971092665,175.62770051151432,168.57959377370895,171.05783081054688,88140100
2018-03-20 00:00:00-04:00,166.01212984616492,168.7183602271059,160.54017869460617,166.6862030029297,129851800
2018-03-21 00:00:00-04:00,163.36539601220227,171.89052273570618,161.87845372166515,167.91543579101562,106598800
2018-03-22 00:00:00-04:00,164.6838161460248,168.78777616703636,162.29479195811828,163.45460510253906,73743000
2018-03-23 00:00:00-04:00,163.99983995076295,165.1497457300234,157.63572814797135,158.00250244140625,53609700
2018-03-26 00:00:00-04:00,159.4200196230719,159.69758092674698,147.72273923263478,158.6666259765625,126116600
2018-03-27 00:00:00-04:00,154.94930527971079,161.43238247494358,149.4377079889614,150.89491271972656,79117000
2018-03-28 00:00:00-04:00,150.32985376379096,154.52304175315547,149.48726224034175,151.69784545898438,60029200
2018-03-29 00:00:00-04:00,153.79940925693478,160.01483298287022,152.7982067779469,158.39901733398438,59434300
2018-04-02 00:00:00-04:00,156.4362394861042,157.81413873690323,152.76845152813178,154.0373077392578,36796000
2018-04-03 00:00:00-04:00,155.18720974605736,156.01989377884564,149.4971719367533,154.75103759765625,42543900
2018-04-04 00:00:00-04:00,150.7065647617034,154.2058346026059,149.19979225519137,153.74984741210938,49885600
2018-04-05 00:00:00-04:00,160.15360253635782,160.1635251660286,155.28634091939514,157.9529266357422,41449600
2018-04-06 00:00:00-04:00,156.35692801425085,160.01480832701012,155.44493859326903,155.83154296875,41644800
2018-04-09 00:00:00-04:00,156.44616312562118,159.13256374388507,154.6816443469837,156.55519104003906,34915200
2018-04-10 00:00:00-04:00,156.55519472850744,164.53512161877373,155.64320524475696,163.60330200195312,57889300
2018-04-11 00:00:00-04:00,163.9205121817908,167.18186548698537,161.82887950474625,164.87216186523438,56144600
2018-04-12 00:00:00-04:00,165.52640901897402,165.99231880630245,161.68019530518626,162.4434814453125,38263000
2018-04-13 00:00:00-04:00,163.14732012381594,164.25756559646135,162.34437365692347,163.0878448486328,19990600
2018-04-16 00:00:00-04:00,164.27739346518842,164.33686873955153,161.96767451300823,163.3951416015625,18119400
2018-04-17 00:00:00-04:00,164.38642156823497,167.52882432778912,164.2179032642037,167.19178771972656,22743000
2018-04-18 00:00:00-04:00,165.42729703905403,166.65649302914,164.32695909975985,164.9118194580078,20969600
2018-04-19 00:00:00-04:00,164.75320365323768,166.86466655747395,163.76190878754315,166.6366729736328,22235000
2018-04-20 00:00:00-04:00,166.32938482556958,166.96381303361792,164.3666249203515,164.83253479003906,19119400
2018-04-23 00:00:00-04:00,165.81389126649358,166.98361191119776,163.65286066094558,164.39633178710938,23088100
2018-04-24 00:00:00-04:00,163.98991968960416,164.65410063060472,156.81295378466345,158.29989624023438,35079900
2018-04-25 00:00:00-04:00,158.7459759517135,159.65796550934834,154.8303638439022,158.29989624023438,41083600
2018-04-26 00:00:00-04:00,171.71210128586256,174.73555371199632,169.31316947793533,172.6439208984375,77556900
2018-04-27 00:00:00-04:00,175.2708433689428,175.55832735149198,171.09750044096126,172.07887268066406,29804700
2018-04-30 00:00:00-04:00,172.2771272099344,174.19033415685408,170.2152472102316,170.50271606445312,20750500
2018-05-01 00:00:00-04:00,170.502733127677,172.50515318223614,168.748136813129,172.34654235839844,26025900
2018-05-02 00:00:00-04:00,172.73311348181164,176.52977426183526,172.6835457181748,174.5372772216797,30424500
2018-05-03 00:00:00-04:00,173.60548015262694,174.58685242004674,170.62167283203053,172.50514221191406,24026100
2018-05-04 00:00:00-04:00,171.57333136305473,175.43937560870106,171.55350122883178,175.07260131835938,17677800
2018-05-07 00:00:00-04:00,175.80614788227166,177.93742576162336,175.62770694358582,176.42074584960938,18697200
2018-05-08 00:00:00-04:00,176.69830680059127,177.48142307573013,175.5682312779849,177.3624725341797,15577200
2018-05-09 00:00:00-04:00,178.10595381811453,181.41687517154858,177.22370195744594,181.06993103027344,23282800
2018-05-10 00:00:00-04:00,181.5556306053851,184.50969990303176,180.91129505693527,183.9149169921875,21071400
2018-05-11 00:00:00-04:00,183.24085803164738,186.68065235167805,182.57667717507755,185.3622283935547,21207800
2018-05-14 00:00:00-04:00,186.0759821661453,186.22467035861766,184.57911710744096,185.01528930664062,15646700
2018-05-15 00:00:00-04:00,183.27062265236023,183.6770421026647,181.60523920310746,182.7154998779297,15429400
2018-05-16 00:00:00-04:00,182.10088736514376,182.7155005470522,181.06994722684894,181.60523986816406,16975500
2018-05-17 00:00:00-04:00,181.08975425286278,182.45774612452763,180.6337670462815,182.1603546142578,14840700
2018-05-18 00:00:00-04:00,181.8927138036677,182.58661723578024,181.02036941703457,181.08975219726562,13130500
2018-05-21 00:00:00-04:00,182.17026914302417,183.68694913939493,181.53584100811065,182.88400268554688,13532900
2018-05-22 00:00:00-04:00,183.3201498461213,183.80588976928098,181.83320756709747,182.1999969482422,12731400
2018-05-23 00:00:00-04:00,180.91130385662845,185.28291762388713,180.5940822551595,185.2729949951172,16628100
2018-05-24 00:00:00-04:00,184.26189450103053,185.17388396248023,183.41928781469022,184.3114471435547,12354700
2018-05-25 00:00:00-04:00,184.40067208372395,184.70797106682298,182.84433191001733,183.31024169921875,10965100
2018-05-29 00:00:00-04:00,182.73530121077513,185.1838008637145,182.1107956992606,184.1231231689453,16398900
2018-05-30 00:00:00-04:00,184.91614781747936,186.36344505685395,183.63738402543723,186.03631591796875,13736900
2018-05-31 00:00:00-04:00,186.23455303194112,191.0423389603274,185.8479486570988,190.1105194091797,30782600
2018-06-01 00:00:00-04:00,191.38929538397196,192.85640746104005,190.3980005783392,192.30128479003906,17307200
2018-06-04 00:00:00-04:00,190.17002124266943,192.2913918492032,189.80324694826578,191.5974884033203,18939800
2018-06-05 00:00:00-04:00,192.60859865668937,193.30250204910965,190.94321538892117,191.26043701171875,15544300
2018-06-06 00:00:00-04:00,189.36707841841059,190.85402088526257,187.4637938759554,189.67437744140625,22558900
2018-06-07 00:00:00-04:00,189.089505312926,189.30759140462192,185.14415578072197,186.5418701171875,21503200
2018-06-08 00:00:00-04:00,185.8975324185664,187.83055445910182,184.80710197213114,187.45387268066406,12677100
2018-06-11 00:00:00-04:00,187.16638877095053,190.92340493501214,187.15648126723664,189.87261962890625,12928900
2018-06-12 00:00:00-04:00,190.49714982806762,191.59748783396952,189.89245930003216,190.7251434326172,11562700
2018-06-13 00:00:00-04:00,191.06214493356077,192.8068181511782,190.2393685217083,190.73501586914062,15853800
2018-06-14 00:00:00-04:00,191.41904522967624,195.5626505211031,191.23069678443696,195.09674072265625,19120900
2018-06-15 00:00:00-04:00,194.08562068452486,195.35449206501337,192.94563760655214,194.14511108398438,21860900
2018-06-18 00:00:00-04:00,193.10423972255302,197.8426278934485,192.44007398845233,196.58367919921875,16826000
2018-06-19 00:00:00-04:00,194.53170966637177,196.2367380434897,192.1030251474352,195.7708282470703,19994000
2018-06-20 00:00:00-04:00,197.36681284359656,201.77807194914203,197.07932886341587,200.24156188964844,28230900
2018-06-21 00:00:00-04:00,200.99495205419396,201.61947269261083,198.34819643922546,199.7459259033203,19045700
2018-06-22 00:00:00-04:00,199.4088728635308,200.47947310165225,197.5749713663308,199.98382568359375,17420200
2018-06-25 00:00:00-04:00,198.2589827132341,198.2589827132341,191.4289613638016,194.64076232910156,25275100
2018-06-26 00:00:00-04:00,195.8798932794987,197.36683574328245,194.52180887692276,197.2677001953125,17897600
2018-06-27 00:00:00-04:00,197.44611426289367,199.0024545426921,194.09554772984515,194.13519287109375,18734400
2018-06-28 00:00:00-04:00,193.48091172721118,195.62211212459644,191.577627527077,194.5217742919922,18172400
2018-06-29 00:00:00-04:00,195.60231794296328,195.87987930632607,192.27156645664977,192.62843322753906,15811600
2018-07-02 00:00:00-04:00,191.68668061146298,195.7311654210613,190.54669758251922,195.64195251464844,13961600
2018-07-03 00:00:00-04:00,192.85640992349778,193.6990014434691,190.8440826524459,191.05224609375,13489500
2018-07-05 00:00:00-04:00,193.04476250150682,196.92071382846268,192.34093650999642,196.7224578857422,19684200
2018-07-06 00:00:00-04:00,196.72245782568604,201.8672804615918,195.97898669624203,201.46084594726562,19740100
2018-07-09 00:00:00-04:00,203.14603594276477,204.00847270373382,200.36049997712263,202.95770263671875,18149400
2018-07-10 00:00:00-04:00,202.71979239080133,203.12622690064134,200.4992865300264,201.7681427001953,13190100
2018-07-11 00:00:00-04:00,200.4596337425031,202.71978465473845,199.99372398089722,200.77684020996094,12927400
2018-07-12 00:00:00-04:00,201.6591341671734,205.27736998517196,201.4212330482869,205.11875915527344,15454700
2018-07-13 00:00:00-04:00,206.0009682977222,206.61556622843278,204.6528067756139,205.51524353027344,11486800
2018-07-16 00:00:00-04:00,205.69367923260577,206.90306014708625,205.03942100819003,205.426025390625,11078200
2018-07-17 00:00:00-04:00,203.1163004856667,208.62791233417767,203.0568252172297,208.16200256347656,15349900
2018-07-18 00:00:00-04:00,207.99350842443914,209.1533216715766,206.62551658762877,207.53750610351562,15334900
2018-07-19 00:00:00-04:00,206.95265289095713,208.16203395139533,205.95143530143656,206.278564453125,11350400
2018-07-20 00:00:00-04:00,207.03194944619355,209.65887492561032,206.68499017489245,208.11245727539062,16163900
2018-07-23 00:00:00-04:00,208.7468760040104,209.7778160156813,206.98237234156252,209.07400512695312,16732000
2018-07-24 00:00:00-04:00,213.23744169749008,214.3179494837015,210.74929700038717,212.80126953125,28468700
2018-07-25 00:00:00-04:00,213.84210967305705,216.7168584647963,212.40473527718743,215.6066131591797,58954200
2018-07-26 00:00:00-04:00,173.36754741586827,178.56193762666325,172.23747194598047,174.72561645507812,169803700
2018-07-27 00:00:00-04:00,178.304197771704,178.36367304186427,171.4940070710951,173.3675537109375,60073700
2018-07-30 00:00:00-04:00,173.77398788664595,173.77398788664595,165.11006556914384,169.57089233398438,65280800
2018-07-31 00:00:00-04:00,169.1842904402936,172.72322031956105,168.52012470510036,171.07766723632812,40356500
2018-08-01 00:00:00-04:00,172.41592831802242,173.55592661866228,169.41230574380214,170.15577697753906,34042100
2018-08-02 00:00:00-04:00,169.19421556821757,175.25102834505836,168.78779613261557,174.83468627929688,32400000
2018-08-03 00:00:00-04:00,176.143193705186,177.2930994227068,174.61659108428015,176.23240661621094,24763400
2018-08-06 00:00:00-04:00,177.4120446075218,184.17266777499256,176.8271842627591,184.07354736328125,49716200
2018-08-07 00:00:00-04:00,184.87648540963886,186.6608191251113,182.1206869980598,182.20989990234375,33398600
2018-08-08 00:00:00-04:00,183.14171314563106,185.22343826289293,182.16032585447192,183.56796264648438,22205200
2018-08-09 00:00:00-04:00,184.23215350434344,184.94588700479872,180.8914795817807,181.4961700439453,19732100
2018-08-10 00:00:00-04:00,180.4553148486952,180.5148052478118,177.8581270811096,178.69081115722656,21500400
2018-08-13 00:00:00-04:00,178.5322032642752,181.02034781896825,177.34263737862955,178.48263549804688,17423300
2018-08-14 00:00:00-04:00,179.13688962040038,180.40574575189405,177.06507199663935,179.5334014892578,19102000
2018-08-15 00:00:00-04:00,177.77879940177561,179.29547918109884,173.2584976966587,177.96714782714844,33020200
2018-08-16 00:00:00-04:00,178.84942246561022,178.928727872026,172.49521858241766,173.17921447753906,31351800
2018-08-17 00:00:00-04:00,172.9809363909558,174.68596459583154,170.54234461506593,172.2870330810547,24893200
2018-08-20 00:00:00-04:00,172.52495477389732,173.0503549777457,169.42221207590367,170.9983673095703,21518000
2018-08-21 00:00:00-04:00,171.3056580091081,172.65381958969067,169.89802115858143,171.1173095703125,19578500
2018-08-22 00:00:00-04:00,170.71088888479383,172.72321617437234,170.63158348348546,172.12843322753906,16894100
2018-08-23 00:00:00-04:00,171.58323065334875,174.0218227633762,171.32549942463032,171.39488220214844,18053600
2018-08-24 00:00:00-04:00,172.18792676987275,173.2981873800535,171.4147179325106,173.12965393066406,14631600
2018-08-27 00:00:00-04:00,174.4580021356349,177.11466531741482,174.25973104663964,175.9152069091797,17921900
2018-08-28 00:00:00-04:00,176.54961038752933,176.68839105485034,174.29936695043438,174.72561645507812,15910700
2018-08-29 00:00:00-04:00,174.7652861733291,175.25101097225345,173.22877612102658,174.36875915527344,18494100
2018-08-30 00:00:00-04:00,174.36873911521192,178.2248750576106,174.17048319194907,176.09359741210938,24216500
2018-08-31 00:00:00-04:00,175.60789335361738,176.0738031875716,173.45678513934126,174.20025634765625,18065200
2018-09-04 00:00:00-04:00,171.98963951780232,172.37624386614695,167.33055720735305,169.67001342773438,29809000
2018-09-05 00:00:00-04:00,168.01457428368036,169.6402972782341,165.2191154678236,165.72467041015625,31226700
2018-09-06 00:00:00-04:00,165.52641733879844,165.52641733879844,158.6071832066759,161.1151580810547,41514800
2018-09-07 00:00:00-04:00,158.9144664613776,163.19686724418932,158.76577829223478,161.62069702148438,24300600
2018-09-10 00:00:00-04:00,162.0866428691979,163.57358539547653,160.7484036711241,162.7508087158203,20197700
2018-09-11 00:00:00-04:00,162.51289353489304,165.73460206315278,162.29480743982631,164.4954833984375,20457100
2018-09-12 00:00:00-04:00,161.82891678515776,163.05812809153684,160.39154198898123,160.5897979736328,24078100
2018-09-13 00:00:00-04:00,160.58976562307177,161.89828208490528,159.45969009965148,159.95533752441406,25453800
2018-09-14 00:00:00-04:00,160.3122298843409,161.4224754528582,158.9442379331596,160.90701293945312,21770400
2018-09-17 00:00:00-04:00,160.51042960343287,160.6492102508563,158.37915213386793,159.18209838867188,21005300
2018-09-18 00:00:00-04:00,158.00250473863127,160.3518689783445,157.48702711871636,158.9045867919922,22465200
2018-09-19 00:00:00-04:00,158.68649405284017,162.01724561939005,158.09171104504333,161.6405487060547,19629000
2018-09-20 00:00:00-04:00,163.0680108438316,165.0010328711957,163.03827320694597,164.5747833251953,18936000
2018-09-21 00:00:00-04:00,165.18939936386894,165.79408992318628,161.39273767188777,161.51168823242188,45994800
2018-09-24 00:00:00-04:00,159.62820142342736,164.25754635300876,159.47951325288895,163.97007751464844,19222800
2018-09-25 00:00:00-04:00,160.57986230734045,164.1485147831148,159.74716311629632,163.4744415283203,27622800
2018-09-26 00:00:00-04:00,162.8697482596192,167.8262225515981,162.78053535259377,165.49667358398438,25252200
2018-09-27 00:00:00-04:00,166.09146025855756,170.27472586448513,165.7544236294065,167.37022399902344,27266900
2018-09-28 00:00:00-04:00,166.86467251578267,167.3206596997471,161.1448967012182,163.0283660888672,34265600
2018-10-01 00:00:00-04:00,161.61081559446748,164.436012271687,159.8562192856903,161.0259552001953,26407700
2018-10-02 00:00:00-04:00,160.17343728359683,160.8673407123467,157.28876539483633,157.94302368164062,36031000
2018-10-03 00:00:00-04:00,158.60719743669617,162.23534070829126,158.141287584149,161.0160369873047,23109500
2018-10-04 00:00:00-04:00,160.05447377741564,160.05447377741564,155.98025132256063,157.46719360351562,25739600
2018-10-05 00:00:00-04:00,157.82405783719972,159.4993334078669,154.84025069375616,155.96041870117188,25744000
2018-10-08 00:00:00-04:00,154.1860129790727,156.9616419202774,153.04602981395192,155.88113403320312,24046000
2018-10-09 00:00:00-04:00,156.31731868799508,159.1920682795453,156.04966478951104,156.52548217773438,18844400
2018-10-10 00:00:00-04:00,155.45485615833547,156.31727778494096,149.99281218727913,150.0622100830078,30610000
2018-10-11 00:00:00-04:00,148.82309002603787,153.46234233174889,147.8615328802378,152.0150604248047,35338900
2018-10-12 00:00:00-04:00,155.36568088622047,155.52429173663566,149.9829556116883,152.40171813964844,25293500
2018-10-15 00:00:00-04:00,151.98535303870568,154.21576673555575,151.22205167162574,152.18360900878906,15433500
2018-10-16 00:00:00-04:00,154.04721516438818,158.07188500103024,153.6606107740999,157.39779663085938,19180100
2018-10-17 00:00:00-04:00,158.17102251162822,159.09293469642188,156.57503700974743,158.03224182128906,17592000
2018-10-18 00:00:00-04:00,157.13015635672,157.27885967411262,151.94568802732547,153.5714111328125,21675100
2018-10-19 00:00:00-04:00,154.50321030933083,155.98024502748095,152.21332170922938,152.70896911621094,19761300
2018-10-22 00:00:00-04:00,153.41277179821876,155.97031409723388,153.1153954706244,153.43260192871094,15424700
2018-10-23 00:00:00-04:00,149.90361745909107,153.42271741381617,149.536843182799,153.0460205078125,19095000
2018-10-24 00:00:00-04:00,152.93698307673407,153.30375736648972,144.33255020490628,144.76870727539062,27744600
2018-10-25 00:00:00-04:00,146.4439851572699,150.884997012413,145.72034414609865,149.63595581054688,22105700
2018-10-26 00:00:00-04:00,144.55061747348904,147.70292773104728,142.54819770790712,144.10452270507812,31303300
2018-10-29 00:00:00-04:00,147.20727635601764,147.5344054519238,137.81971348202526,140.8530731201172,31336800
2018-10-30 00:00:00-04:00,138.72178349712598,145.36345499827246,138.52352758123263,144.94711303710938,50528300
2018-10-31 00:00:00-04:00,153.65072199035978,155.03852891279155,147.66330696306153,150.46865844726562,60101300
2018-11-01 00:00:00-04:00,150.20100726309514,151.42029575303908,148.04989914836352,150.4290008544922,25640800
2018-11-02 00:00:00-04:00,150.47854254144468,152.78826106981955,147.66326914778668,149.04116821289062,24708700
2018-11-05 00:00:00-05:00,148.79337907832831,148.88259199421714,146.15653086279244,147.38572692871094,15971200
2018-11-06 00:00:00-05:00,148.0102449729076,149.6557982024448,146.71165102252405,148.634765625,16667100
2018-11-07 00:00:00-05:00,150.25056724684592,151.67801912097306,148.52570876741538,150.21090698242188,21877400
2018-11-08 00:00:00-05:00,149.1799509184156,149.62603052637508,145.46259564215794,146.58274841308594,24145800
2018-11-09 00:00:00-05:00,145.47251594430753,146.47371827479716,142.8158530669091,143.69810485839844,17326900
2018-11-12 00:00:00-05:00,143.22228156901284,143.7774042876356,139.26702463584598,140.3177947998047,18542100
2018-11-13 00:00:00-05:00,140.76384405552326,143.61877756399767,140.38714723816724,140.92245483398438,15141700
2018-11-14 00:00:00-05:00,142.44904583446228,144.31268471691283,140.31776827281817,142.9645233154297,22068400
2018-11-15 00:00:00-05:00,141.09100582748175,143.57915059692607,139.60406346804558,142.5977783203125,30320300
2018-11-16 00:00:00-05:00,139.84195575851916,140.53585904897696,136.57068010240974,138.3153533935547,37250600
2018-11-19 00:00:00-05:00,136.41207486076493,136.55085552449924,130.067794338685,130.4048309326172,44362700
2018-11-20 00:00:00-05:00,125.92420414837042,132.99214242334494,125.74577074371373,131.27719116210938,41939500
2018-11-21 00:00:00-05:00,133.23003563116546,135.99575702053914,132.9623968845504,133.64639282226562,25469700
2018-11-23 00:00:00-05:00,132.48656700247514,133.32917377934606,130.1173726236278,130.58328247070312,11886100
2018-11-26 00:00:00-05:00,131.84219852760188,135.80737743068764,131.6241124778556,135.19277954101562,24263600
2018-11-27 00:00:00-05:00,134.56828503078884,135.4207992647516,132.54605005480934,133.82481384277344,20750300
2018-11-28 00:00:00-05:00,135.09365599132786,135.59921090093377,130.70222722741002,135.56947326660156,29847500
2018-11-29 00:00:00-05:00,134.73679471044042,138.77137202577873,134.47906349380332,137.47276306152344,24238700
2018-11-30 00:00:00-05:00,137.0564370983846,139.7428531223414,136.16427767582408,139.385986328125,25732600
2018-12-03 00:00:00-05:00,141.75516267065694,142.42923590401517,139.53465677508606,139.86178588867188,24819200
2018-12-04 00:00:00-05:00,139.50492247762543,142.14177045558748,135.96600766590524,136.7292938232422,30307400
2018-12-06 00:00:00-05:00,132.65509895962774,138.4839030454518,132.50639563988096,138.41452026367188,28218100
2018-12-07 00:00:00-05:00,138.03782651860317,139.64371955233614,135.470376140337,136.2237548828125,21195500
2018-12-10 00:00:00-05:00,138.38476004127986,141.80472407388615,137.79988461392819,140.61517333984375,26422200
2018-12-11 00:00:00-05:00,142.6275193234303,142.6275193234303,139.87172062898193,140.8431854248047,20300300
2018-12-12 00:00:00-05:00,141.83445917244896,145.90868133003582,141.2694138864532,143.24209594726562,23696900
2018-12-13 00:00:00-05:00,144.302803245045,144.580364601951,141.9435165853843,143.74766540527344,18148600
2018-12-14 00:00:00-05:00,142.09222037591434,144.73897618669832,141.26944371829097,142.8059539794922,21785800
2018-12-17 00:00:00-05:00,141.83449225059005,143.65847144396338,137.21505386057936,138.9696502685547,24334000
2018-12-18 00:00:00-05:00,139.85186627849436,144.6596367793827,138.61274783095237,142.40940856933594,24709100
2018-12-19 00:00:00-05:00,139.98077696885701,143.64856553179374,131.3465906559733,132.0801544189453,57404900
2018-12-20 00:00:00-05:00,129.5622456994865,134.3898623454241,128.86834226632146,132.23873901367188,40297900
2018-12-21 00:00:00-05:00,132.22881230205354,133.72566199944575,122.34560197072561,123.8622817993164,56901500
2018-12-24 00:00:00-05:00,122.02839931806469,128.6106043386835,121.94909391183293,122.98004150390625,22066000
2018-12-26 00:00:00-05:00,124.90314796409214,133.07142276835884,124.7941049282915,133.01193237304688,39723400
2018-12-27 00:00:00-05:00,131.28708871863012,133.81489354132347,128.54119782489917,133.34898376464844,31202500
2018-12-28 00:00:00-05:00,134.1618521112041,134.73680498535606,131.04918663800913,132.0404815673828,22627600
2018-12-31 00:00:00-05:00,133.27961985607763,133.46796834054877,128.81879201698715,129.94886779785156,24625300
2019-01-02 00:00:00-05:00,127.8671213608656,136.31294214395066,127.44085673248901,134.49887084960938,28146200
2019-01-03 00:00:00-05:00,133.51751772787816,135.9759249408471,129.97858753588125,130.59320068359375,22717900
2019-01-04 00:00:00-05:00,132.8434258709111,136.79869801987482,132.58569463882793,136.74913024902344,29002100
2019-01-07 00:00:00-05:00,136.36252664587698,137.66112056969328,134.72689607981036,136.8482666015625,20089300
2019-01-08 00:00:00-05:00,138.6722579098755,141.8939666822929,138.32529860707675,141.28927612304688,26263800
2019-01-09 00:00:00-05:00,141.70561566989826,143.440381900863,140.04024734863347,142.97447204589844,22205900
2019-01-10 00:00:00-05:00,141.8344719917478,143.30158416591036,139.61396603483087,142.94471740722656,16125000
2019-01-11 00:00:00-05:00,141.90383659648845,144.09460463681776,141.32889895563565,142.54818725585938,12908000
2019-01-14 00:00:00-05:00,140.76387015955348,145.29409493148682,140.04022914681872,144.12435913085938,20520300
2019-01-15 00:00:00-05:00,144.7389418282902,149.36828652209846,144.71912682386647,147.65335083007812,24069000
2019-01-16 00:00:00-05:00,147.70294298969063,148.34727863691265,145.72035315090284,146.25564575195312,18025700
2019-01-17 00:00:00-05:00,145.6707790695301,147.70293659145,145.2246994003183,147.009033203125,15787900
2019-01-18 00:00:00-05:00,148.44640261116092,151.10306552764828,147.2568518257791,148.73387145996094,31029600
2019-01-22 00:00:00-05:00,147.90121627162742,150.21093551946126,145.0958495060428,146.28541564941406,22378700
2019-01-23 00:00:00-05:00,146.98918745485338,147.50466497111537,141.8146275394157,143.04383850097656,20098400
2019-01-24 00:00:00-05:00,143.3809034439345,145.16523741000162,141.27936295387815,144.560546875,20955500
2019-01-25 00:00:00-05:00,146.1961648899975,148.5257139119325,145.26434528122348,147.7128448486328,22237200
2019-01-28 00:00:00-05:00,146.7612015918361,147.6632835111283,144.93722274747904,146.18624877929688,15508500
2019-01-29 00:00:00-05:00,146.80085852361344,146.81078115325562,142.18142064639198,142.934814453125,17632100
2019-01-30 00:00:00-05:00,144.94714479455325,149.63596554324403,144.43166719952566,149.11058044433594,44613200
2019-01-31 00:00:00-05:00,164.15842964512674,170.18548889138478,163.56364669766086,165.2389373779297,77233600
2019-02-01 00:00:00-05:00,164.39632935445286,167.6279601489717,164.21790354727403,164.26747131347656,30806500
2019-02-04 00:00:00-05:00,164.25754234457509,167.82620960999242,162.19564738299593,167.77664184570312,20036000
2019-02-05 00:00:00-05:00,167.67750129507093,170.48286725909293,167.2215141795657,169.67001342773438,22557000
2019-02-06 00:00:00-05:00,169.7096855492788,170.96863432011753,167.79649363363717,169.00587463378906,13281200
2019-02-07 00:00:00-05:00,166.73577394594173,167.76672895660857,163.81145745826257,164.93162536621094,17517600
2019-02-08 00:00:00-05:00,163.03826346354623,165.91301244772862,162.78053225061998,165.8733673095703,12561400
2019-02-11 00:00:00-05:00,166.43840403876956,166.83493106571902,163.64296034708318,164.34677124023438,12811200
2019-02-12 00:00:00-05:00,165.4074659623436,166.8745781643805,163.06800941673683,163.60330200195312,16292300
2019-02-13 00:00:00-05:00,163.9403633711484,164.77304749739332,162.30471763106678,162.6417694091797,14205100
2019-02-14 00:00:00-05:00,161.7694179484916,163.43478612823927,160.83759831774523,162.52279663085938,12755200
2019-02-15 00:00:00-05:00,163.0779159732994,163.26626442147275,159.45969569593382,161.08541870117188,15504400
2019-02-19 00:00:00-05:00,159.1028620032443,162.7210830326838,158.93434365299814,160.8772735595703,14345400
2019-02-20 00:00:00-05:00,160.83756800092215,162.2947724465078,159.84627328288872,161.14486694335938,11770700
2019-02-21 00:00:00-05:00,160.5203667171822,160.82768082441467,158.2007404140604,158.64682006835938,15607800
2019-02-22 00:00:00-05:00,159.1821645422925,160.9962363399135,158.91451063747303,160.4807586669922,15858500
2019-02-25 00:00:00-05:00,161.65044067700464,164.62432490003548,161.48190726019044,163.1869354248047,18737100
2019-02-26 00:00:00-05:00,162.90941164198253,164.7928811594308,162.37411901392596,162.7012481689453,13784100
2019-02-27 00:00:00-05:00,161.48189782777354,162.50293014129738,159.01358374744885,161.39268493652344,12697500
2019-02-28 00:00:00-05:00,160.95656048607134,162.07672864976868,159.459710516976,160.04457092285156,11114200
2019-03-01 00:00:00-05:00,161.18456172606506,161.70994682907624,160.2824797092118,160.86734008789062,11097800
2019-03-04 00:00:00-05:00,162.47320045609553,166.04186754017775,162.40381769038245,165.91299438476562,18894700
2019-03-05 00:00:00-05:00,165.9130283488519,170.38377818411251,165.10017436805197,169.7691650390625,28187900
2019-03-06 00:00:00-05:00,171.39485935941548,172.05904016490587,169.7790591730137,171.0082550048828,21531700
2019-03-07 00:00:00-05:00,170.00707896641893,170.24499519282546,166.15094232842895,167.65771484375,18306500
2019-03-08 00:00:00-05:00,164.75321486077115,168.14344171695552,164.52522126142048,168.12362670898438,13184800
2019-03-11 00:00:00-04:00,170.10621846208326,172.7827117860263,170.08638832793187,170.57212829589844,18884000
2019-03-12 00:00:00-04:00,170.59193445433897,172.2870553762765,169.72951273799794,170.4234161376953,12155300
2019-03-13 00:00:00-04:00,170.81994651046446,172.51505233958744,170.62167542728005,171.8607940673828,11973300
2019-03-14 00:00:00-04:00,168.282209886595,169.66010913612425,166.69614718712864,168.6886444091797,18037400
2019-03-15 00:00:00-04:00,165.7048615974504,166.12120364657443,161.095331167797,164.53512573242188,37135400
2019-03-18 00:00:00-04:00,162.14612531215909,162.4732393410278,157.89346142533574,159.07310485839844,37524200
2019-03-19 00:00:00-04:00,160.0743004033197,162.39394202571714,159.42005724793805,160.1635284423828,25611500
2019-03-20 00:00:00-04:00,160.0941277919876,164.6739054309311,159.8363965610117,163.9998321533203,20211500
2019-03-21 00:00:00-04:00,163.45461871032083,164.94156108992567,162.32454310685958,164.63426208496094,16223000
2019-03-22 00:00:00-04:00,164.20800253461144,165.96259883263585,162.66158483165862,162.90940856933594,16389200
2019-03-25 00:00:00-04:00,161.5810539585268,165.09023092895288,160.5897591489653,164.8424072265625,12631200
2019-03-26 00:00:00-04:00,165.89320764895325,167.97491786442606,164.9019127484539,166.22032165527344,15437900
2019-03-27 00:00:00-04:00,166.38883041064906,167.46933806163872,163.35545575940287,164.42605590820312,10620300
2019-03-28 00:00:00-04:00,163.13739153814683,165.26866929524382,161.90818054802259,164.10885620117188,10443000
2019-03-29 00:00:00-04:00,164.94154590419674,165.734584792165,163.37529826009805,165.2389373779297,13455500
2019-04-01 00:00:00-04:00,166.36903877657028,167.42971654265463,165.8238235108442,167.23146057128906,10381500
2019-04-02 00:00:00-04:00,168.6589084826218,173.3774666158427,168.0740481398785,172.68356323242188,23946500
2019-04-03 00:00:00-04:00,172.98097724660707,176.41086459700574,171.44446697366558,172.02932739257812,27391100
2019-04-04 00:00:00-04:00,174.4877166748047,176.4504761631489,174.00197677260604,174.4877166748047,17847700
2019-04-05 00:00:00-04:00,175.3402591893489,175.45920974547903,173.57575535226783,174.1903533935547,9594100
2019-04-08 00:00:00-04:00,173.68480307754075,173.97227197124408,172.71332308980124,173.4072265625,7297400
2019-04-09 00:00:00-04:00,174.09118943102257,177.63011915787962,174.0218066599249,176.0341339111328,19751000
2019-04-10 00:00:00-04:00,176.62893113735055,177.23362167629102,175.00320798566875,176.27207946777344,11701500
2019-04-11 00:00:00-04:00,176.68839304318382,176.84698871765096,175.4591820288233,175.96473693847656,8071000
2019-04-12 00:00:00-04:00,176.4504936230873,178.06630916342613,176.4009258524956,177.54092407226562,12329800
2019-04-15 00:00:00-04:00,176.94612237336904,178.92871197979335,175.33030700382656,178.0861053466797,10834800
2019-04-16 00:00:00-04:00,177.44178516320514,178.6015983684305,176.74788176597113,177.3129119873047,11215200
2019-04-17 00:00:00-04:00,178.0365628932567,179.166638428535,176.80735182160203,177.22369384765625,9973700
2019-04-18 00:00:00-04:00,177.24352015384164,177.32282555603885,175.79622303417014,176.72804260253906,11655600
2019-04-22 00:00:00-04:00,176.6983317511647,180.08855879769862,176.6983317511647,179.86056518554688,13389900
2019-04-23 00:00:00-04:00,181.1492357391482,182.61634795804838,179.90019448268743,182.18017578125,19954800
2019-04-24 00:00:00-04:00,182.88397722335475,183.52831277227625,180.0686885860498,180.9906005859375,37289900
2019-04-25 00:00:00-04:00,195.26527031280025,196.75221270198747,190.44757636679515,191.57765197753906,54148800
2019-04-26 00:00:00-04:00,190.82427678927803,191.2207887166378,187.4439573987803,189.8230743408203,22075000
2019-04-29 00:00:00-04:00,189.28775049217137,193.70893222320188,188.99035900897894,193.08441162109375,19641300
2019-04-30 00:00:00-04:00,192.49954679695807,195.67168724983304,190.6061700282569,191.71641540527344,23494700
2019-05-01 00:00:00-04:00,193.08439044856792,194.47219705000802,191.32979450349492,191.34962463378906,15996600
2019-05-02 00:00:00-04:00,191.3199290105302,192.31122397949665,188.09822036138914,190.85401916503906,13209500
2019-05-03 00:00:00-04:00,192.6879095362235,194.4524132667719,192.02374376132806,193.76841735839844,14575400
2019-05-06 00:00:00-04:00,189.5752277508168,192.5887573629574,188.89123190151273,192.19224548339844,13994900
2019-05-07 00:00:00-04:00,190.86393352292077,191.2208003296015,186.21477265733313,188.11805725097656,16253000
2019-05-08 00:00:00-04:00,187.74134172164767,189.05976576230006,186.90865763048612,187.89002990722656,12505700
2019-05-09 00:00:00-04:00,185.57039222153955,188.1180272372568,184.63857264576686,187.0077667236328,12967000
2019-05-10 00:00:00-04:00,186.61127231518952,188.3460384588898,182.98312920727724,186.7004852294922,12578500
2019-05-13 00:00:00-04:00,181.90260027291666,183.81579202350136,179.26575240984758,179.95965576171875,16833300
2019-05-14 00:00:00-04:00,180.93113395389048,181.89269113496795,176.5496126846514,179.15670776367188,17628100
2019-05-15 00:00:00-04:00,178.8494027513481,185.64968556083124,178.45289088893566,184.6484832763672,16746900
2019-05-16 00:00:00-04:00,183.43911397532904,186.9383835658683,183.43911397532904,185.3622283935547,12953100
2019-05-17 00:00:00-04:00,183.23093314658834,185.9470864320573,182.67581046073104,183.6869354248047,10485400
2019-05-20 00:00:00-04:00,180.29674087244464,182.62627506537186,179.79117073781356,181.12942504882812,10352000
2019-05-21 00:00:00-04:00,182.96329689409416,184.08344978385523,182.28920853365662,183.21112060546875,7502800
2019-05-22 00:00:00-04:00,183.12189638384365,185.11440874536711,182.0116509740916,183.70677185058594,9213800
2019-05-23 00:00:00-04:00,180.83201181191941,182.29912401217322,178.10595086753645,179.29550170898438,12768800
2019-05-24 00:00:00-04:00,180.74280498768937,182.03149141179736,179.25586260432482,179.48385620117188,8807700
2019-05-28 00:00:00-04:00,179.95966018123755,183.1020781625244,179.87044727508288,182.70555114746094,14843300
2019-05-29 00:00:00-04:00,181.902613056076,182.95338322360334,179.77133508427698,180.60401916503906,12797700
2019-05-30 00:00:00-04:00,181.48626801908497,181.88277991976952,179.31532981683242,181.4168701171875,8581500
2019-05-31 00:00:00-04:00,178.7105996544994,178.9683308201203,175.61776516322402,175.92506408691406,15226500
2019-06-03 00:00:00-04:00,173.47662621143076,173.52619398696916,159.60840361923943,162.7210693359375,56059600
2019-06-04 00:00:00-04:00,162.28488459513008,166.81509413959097,159.43985812423,166.04188537597656,46044300
2019-06-05 00:00:00-04:00,166.02205881437155,167.25126988535305,163.1968775407025,166.7060546875,19758300
2019-06-06 00:00:00-04:00,166.83493216333275,168.22273895188772,165.77423937596896,166.8646697998047,12446400
2019-06-07 00:00:00-04:00,168.68864732746155,172.35643534550604,167.37022332653441,171.84097290039062,16917300
2019-06-10 00:00:00-04:00,173.2287893501652,176.311717193424,172.28706219004877,173.29818725585938,14767900
2019-06-11 00:00:00-04:00,176.9263033452393,178.41324564337222,175.25101260252274,176.54962158203125,15266600
2019-06-12 00:00:00-04:00,176.82717148339296,177.70942325144773,171.37505007663788,173.5162353515625,17699800
2019-06-13 00:00:00-04:00,174.00195003109837,176.48018667499363,173.08996076125962,175.92506408691406,12253600
2019-06-14 00:00:00-04:00,178.9386415209087,180.2570655866755,178.43308655435038,179.7515106201172,16773700
2019-06-17 00:00:00-04:00,183.3994299019429,187.85034862067437,182.80466214811128,187.36460876464844,29459900
2019-06-18 00:00:00-04:00,192.31122084075142,192.8366059556519,185.6497175479434,186.82936096191406,37571400
2019-06-19 00:00:00-04:00,185.37214411465936,186.46257454218826,182.94347466348276,185.84796142578125,21417100
2019-06-20 00:00:00-04:00,189.2877639392114,189.4959425300229,186.00658013966265,187.880126953125,14635700
2019-06-21 00:00:00-04:00,187.1068954854373,190.3286036196236,187.1068954854373,189.47608947753906,22751200
2019-06-24 00:00:00-04:00,190.7449446896004,192.2913621662736,189.9023531803661,190.9233856201172,15509000
2019-06-25 00:00:00-04:00,191.200960995286,191.458692218337,186.4923103226598,187.1961212158203,16750300
2019-06-26 00:00:00-04:00,187.89003717436265,189.09941821704652,185.67945368281707,186.0264129638672,12808600
2019-06-27 00:00:00-04:00,188.22708448361715,197.1487387746946,186.6310990553971,187.8503875732422,11159000
2019-06-28 00:00:00-04:00,188.89123122567923,191.51815645176546,188.28654077964222,191.3199005126953,16378900
2019-07-01 00:00:00-04:00,193.51066872321064,193.58005149520383,190.25920779343423,191.3199005126953,14181800
2019-07-02 00:00:00-04:00,191.31991569323418,193.30250549316406,191.03244682766663,193.30250549316406,9050000
2019-07-03 00:00:00-04:00,192.4698077753127,195.68159334310286,192.4698077753127,195.48333740234375,10246100
2019-07-05 00:00:00-04:00,194.47222153436704,195.35448849502401,192.47972427873574,194.6903076171875,11164100
2019-07-08 00:00:00-04:00,193.49087790567233,194.96789780891578,191.95436759525762,194.055908203125,9723900
2019-07-09 00:00:00-04:00,193.2727648400982,197.72368431682693,193.19345943422346,197.47586059570312,14698600
2019-07-10 00:00:00-04:00,198.25897913106715,201.19321867762923,197.93185000038574,200.9652099609375,20571700
2019-07-11 00:00:00-04:00,201.49059895148787,202.02590667605622,198.467161561897,199.478271484375,13678500
2019-07-12 00:00:00-04:00,197.941740620574,203.51282774462422,197.42627820949053,203.08656311035156,15366300
2019-07-15 00:00:00-04:00,202.47198536964194,203.54258568756845,200.06314599877723,202.13494873046875,16030300
2019-07-16 00:00:00-04:00,202.11511952873352,203.68136730888554,201.33200320163752,202.0655517578125,12132700
2019-07-17 00:00:00-04:00,202.40254503132692,202.58098594321743,199.83509538290178,200.04327392578125,12083700
2019-07-18 00:00:00-04:00,198.4076601840089,200.70747151973183,197.64437403247877,199.0321807861328,11937900
2019-07-19 00:00:00-04:00,200.41999361955826,200.56869692864873,196.34578614217662,196.6332550048828,12098300
2019-07-22 00:00:00-04:00,198.16976776685834,200.80661584010522,197.0793373227458,200.5587921142578,13589000
2019-07-23 00:00:00-04:00,201.0742364649602,202.462058280297,199.2106125000748,200.59841918945312,14583700
2019-07-24 00:00:00-04:00,195.90958655892646,203.02707561349845,195.50315208062383,202.87838745117188,32532500
2019-07-25 00:00:00-04:00,204.90064563487275,206.84359022630701,196.53411455148293,198.96279907226562,39889900
2019-07-26 00:00:00-04:00,198.4473416387326,201.11392751709093,194.54163705303014,198.01116943359375,24434000
2019-07-29 00:00:00-04:00,197.26768926146963,197.89220990195136,193.5999010792876,194.2343292236328,16530800
2019-07-30 00:00:00-04:00,193.68910703842727,196.9802133181637,191.8155603102032,195.32473754882812,11903600
2019-07-31 00:00:00-04:00,195.23552310608397,197.02976441427577,191.00268974372446,192.53919982910156,14593500
2019-08-01 00:00:00-04:00,192.47971305224087,196.74228379607928,189.21835975548873,191.05224609375,17777000
2019-08-02 00:00:00-04:00,189.4364988861731,190.9432565413219,186.4328759555257,187.37460327148438,15297000
2019-08-05 00:00:00-04:00,183.0822341807865,184.05369882377602,177.7788010909351,180.1479949951172,23086700
2019-08-06 00:00:00-04:00,182.09095467662416,184.17266480045308,181.496171712125,182.90380859375,18035700
2019-08-07 00:00:00-04:00,182.0017587137703,184.74763483221585,179.6424718944931,183.5382537841797,15833200
2019-08-08 00:00:00-04:00,184.9954313391032,188.68304921720795,182.44781156029177,188.50462341308594,14828900
2019-08-09 00:00:00-04:00,188.34604560594815,189.317510448015,185.4911112322452,186.2147674560547,11058800
2019-08-12 00:00:00-04:00,185.22344437250766,185.95699286346687,182.85425034233126,183.75631713867188,10930900
2019-08-13 00:00:00-04:00,183.90505270429318,189.71404201151188,183.7563493786606,186.80953979492188,13577000
2019-08-14 00:00:00-04:00,184.18259698527254,184.37094543800103,177.74908758513192,178.14561462402344,18903700
2019-08-15 00:00:00-04:00,179.37481100961836,181.6052245579926,178.46282150717607,181.0005340576172,12925900
2019-08-16 00:00:00-04:00,182.15045888919173,183.4887132089663,180.77255942426567,182.10089111328125,12654600
2019-08-19 00:00:00-04:00,184.39075137486302,185.86778616090027,183.24086083354322,184.5493621826172,9691200
2019-08-20 00:00:00-04:00,183.8356228151167,184.38083799567198,180.8022630617929,182.20989990234375,10083400
2019-08-21 00:00:00-04:00,183.38955351146254,184.2817128565399,181.54574442247107,181.95217895507812,8398200
2019-08-22 00:00:00-04:00,181.83322161224697,182.5073100296377,178.34387435197104,180.455322265625,10821400
2019-08-23 00:00:00-04:00,179.26574930151776,181.5358228805133,175.12214426793494,176.20265197753906,17323400
2019-08-26 00:00:00-04:00,177.8383129346168,178.92874346038303,176.68842225630812,178.7899627685547,8773600
2019-08-27 00:00:00-04:00,180.34626143965681,182.4378941392219,179.43427200976495,179.7217559814453,14399600
2019-08-28 00:00:00-04:00,178.9584763378182,180.366113353468,177.36249086127862,180.17776489257812,9386100
2019-08-29 00:00:00-04:00,182.1702712258315,184.46016006512284,181.8728797253869,183.95460510253906,10128700
2019-08-30 00:00:00-04:00,185.15406416381285,185.17389429750483,181.86297289106756,184.05372619628906,10774500
2019-09-03 00:00:00-04:00,182.3982466154627,184.0537071473467,180.5247000134183,180.80226135253906,9779400
2019-09-04 00:00:00-04:00,183.04259556908295,186.11561578150497,182.28921689728358,185.51092529296875,11308000
2019-09-05 00:00:00-04:00,186.88881056344226,189.6941767095341,186.30395025187858,189.23817443847656,13876700
2019-09-06 00:00:00-04:00,188.5542028808882,188.5542028808882,184.72780409788703,185.85787963867188,15226800
2019-09-09 00:00:00-04:00,186.09577356891612,187.33489210220984,184.23214958049422,187.11680603027344,14722400
2019-09-10 00:00:00-04:00,185.80831088948224,186.46256912699883,182.94346935049393,184.5493621826172,15455900
2019-09-11 00:00:00-04:00,184.83685468140106,187.79090926366644,184.46015777711304,186.84918212890625,11761700
2019-09-12 00:00:00-04:00,188.2072527077104,189.26793039867314,185.6001422473146,185.8380584716797,11419800
2019-09-13 00:00:00-04:00,185.6992817843417,186.33370993700524,184.9161503160156,185.5605010986328,11441100
2019-09-16 00:00:00-04:00,185.3027335816854,186.15524773256575,184.15284308534797,184.5989227294922,8444800
2019-09-17 00:00:00-04:00,185.03509691872384,186.68064996960592,183.92483642154767,186.44273376464844,9671100
2019-09-18 00:00:00-04:00,186.4526600114425,187.43404743884602,184.39076473907446,186.50222778320312,9681900
2019-09-19 00:00:00-04:00,187.01767496278183,189.43643662205002,186.512104949403,188.4847869873047,10392700
2019-09-20 00:00:00-04:00,189.0003133644597,191.41907564903988,186.48241552685442,188.2766571044922,19934200
2019-09-23 00:00:00-04:00,187.69174698291502,188.44514068415745,183.59770989330332,185.19369506835938,13327600
2019-09-24 00:00:00-04:00,186.3436074918448,186.40308276455025,178.81968297541698,179.70193481445312,18546600
2019-09-25 00:00:00-04:00,179.87047070510837,181.82332302154344,176.32163286930154,181.20872497558594,18068300
2019-09-26 00:00:00-04:00,179.7515105349739,179.8208933142129,176.12336747985688,178.54212951660156,16083300
2019-09-27 00:00:00-04:00,178.91880793458682,179.18644664593606,174.13085212743323,175.55831909179688,14656200
2019-09-30 00:00:00-04:00,176.3216065865108,177.11464547576873,175.31049675051665,176.52978515625,10740000
2019-10-01 00:00:00-04:00,177.5904776543643,178.27447356464504,173.35765926557306,174.27955627441406,17073000
2019-10-02 00:00:00-04:00,173.31796391661683,174.99325440102396,171.58319816960824,173.08006286621094,16151700
2019-10-03 00:00:00-04:00,174.0416652854714,178.27448392013582,172.1185506219474,177.81849670410156,16086300
2019-10-04 00:00:00-04:00,177.98700626999957,179.40455074799638,176.54963165829395,178.87916564941406,10430200
2019-10-07 00:00:00-04:00,178.43308161312447,179.6028023321276,176.5397047279993,178.11585998535156,9178300
2019-10-08 00:00:00-04:00,176.70820688385956,178.79983953206306,176.17291434340012,176.20265197753906,9466900
2019-10-09 00:00:00-04:00,177.6003822110821,179.1467996981967,176.39100132993687,178.2843780517578,7556900
2019-10-10 00:00:00-04:00,178.750298314045,180.02906204160385,177.61030013736234,178.4628143310547,8605000
2019-10-11 00:00:00-04:00,180.56435883307805,184.86659016737028,180.55445132948677,182.58660888671875,14930500
2019-10-14 00:00:00-04:00,182.59652934670203,183.01287141647379,180.98072884100796,181.68453979492188,7006000
2019-10-15 00:00:00-04:00,182.20002435146853,188.7227472782645,182.06124365625848,187.24571228027344,15039100
2019-10-16 00:00:00-04:00,186.680644489377,188.0486210313374,185.27299255881692,187.89993286132812,10516900
2019-10-17 00:00:00-04:00,188.6434073356574,189.17869988321854,187.12672747061578,188.7326202392578,9603000
2019-10-18 00:00:00-04:00,188.5740394528963,189.82308080594515,182.31897056109966,184.232177734375,16874200
2019-10-21 00:00:00-04:00,185.4117852721347,188.2568118261365,185.12431641612076,188.1081085205078,8122600
2019-10-22 00:00:00-04:00,188.3460389491603,188.99037461097063,179.92003194353995,180.75271606445312,19537600
2019-10-23 00:00:00-04:00,180.4255657834059,184.75753445744107,180.41565828049383,184.52952575683594,12300400
2019-10-24 00:00:00-04:00,183.01283412126412,185.10446667413535,181.20868551991097,184.7575225830078,11413500
2019-10-25 00:00:00-04:00,184.21234458863836,187.35474780280828,183.478780871472,186.25440979003906,8061200
2019-10-28 00:00:00-04:00,185.57039034704746,187.8801091309516,183.46885013420712,187.75123596191406,13657900
2019-10-29 00:00:00-04:00,190.02133520861668,190.85401935313857,186.82936419532183,187.66204833984375,13574900
2019-10-30 00:00:00-04:00,187.90986100375494,188.79211286995138,184.36102340547032,186.61126708984375,28734600
2019-10-31 00:00:00-04:00,194.9877167981132,196.36561619589327,186.6112773601283,189.98167419433594,42286500
2019-11-01 00:00:00-04:00,191.17122311261366,192.42024921250243,188.25681375358042,191.93450927734375,21711800
2019-11-04 00:00:00-05:00,192.85644504422342,195.65188907537566,192.1228812997559,193.02496337890625,16371300
2019-11-05 00:00:00-05:00,193.66928077716966,194.04597768143054,191.91469968576047,192.62843322753906,9942000
2019-11-06 00:00:00-05:00,192.3409449160828,192.67798154603338,189.6842818904118,189.88253784179688,10973000
2019-11-07 00:00:00-05:00,190.23940973863412,191.7560897403017,187.82064773896667,188.7623748779297,13473000
2019-11-08 00:00:00-05:00,188.34602686998926,190.66565325489464,188.04863538131843,189.1787109375,10760800
2019-11-11 00:00:00-05:00,188.27664866740642,188.42535199028035,186.8987492474897,187.95944213867188,8631200
2019-11-12 00:00:00-05:00,188.3460255825402,193.3619752121112,188.08829436129892,192.77711486816406,17615500
2019-11-13 00:00:00-05:00,193.00510478704902,193.99639963970563,191.06217534637915,191.5082550048828,10860700
2019-11-14 00:00:00-05:00,191.25051133140488,192.3409417349273,189.78339916426867,191.46859741210938,9040500
2019-11-15 00:00:00-05:00,192.56894263050637,193.5998978013367,191.69661340052664,193.40164184570312,11524300
2019-11-18 00:00:00-05:00,192.86633617996145,196.9009137431693,191.36948630414045,195.68161010742188,16167200
2019-11-19 00:00:00-05:00,195.68164578466565,198.25901908313145,195.1463530885648,197.58494567871094,19056800
2019-11-20 00:00:00-05:00,196.85135755442803,197.85256003181706,193.72876931388606,195.79066467285156,12355400
2019-11-21 00:00:00-05:00,195.7014305375585,197.3568911478763,195.14630783301592,196.2069854736328,12131000
2019-11-22 00:00:00-05:00,196.65309172959883,197.56508124394298,195.89969790725704,197.08926391601562,9959800
2019-11-25 00:00:00-05:00,197.78314254494208,199.22051697839632,197.51548871392592,198.05078125,15272300
2019-11-26 00:00:00-05:00,198.25896274591634,198.4076509175924,196.31601825558465,197.23793029785156,11735500
2019-11-27 00:00:00-05:00,198.1598366315011,201.3716374259675,197.68401933356654,200.24156188964844,12736600
2019-11-29 00:00:00-05:00,199.8450747047195,202.02592064301706,199.45847026623022,199.8847198486328,7985200
2019-12-02 00:00:00-05:00,200.3704172738435,200.41996991171905,196.3259327855537,197.96156311035156,11503400
2019-12-03 00:00:00-05:00,195.87988289948183,197.19829183665968,193.381815457433,197.08926391601562,11595300
2019-12-04 00:00:00-05:00,198.25898842932156,198.28872606750912,196.32596631732775,196.980224609375,8456300
2019-12-05 00:00:00-05:00,198.12018966216903,199.5377340396137,196.4845592072776,197.62454223632812,9740400
2019-12-06 00:00:00-05:00,198.75463522235444,199.81532806729382,198.31846302914425,199.2998504638672,12270600
2019-12-09 00:00:00-05:00,198.90329968591797,201.371629234345,198.46714267069663,199.58729553222656,11954800
2019-12-10 00:00:00-05:00,199.9044997187169,200.2911040599967,198.40763498953925,199.12136840820312,9475700
2019-12-11 00:00:00-05:00,198.53653845768358,200.86608748899027,198.53653845768358,200.49929809570312,8036800
2019-12-12 00:00:00-05:00,200.58853487278247,201.88712880922554,192.41035171100938,195.0372772216797,23734800
2019-12-13 00:00:00-05:00,194.69031628023387,195.08684332389672,191.4884379232018,192.42025756835938,18798000
2019-12-16 00:00:00-05:00,193.5701721698394,197.38664871185958,193.11416983023628,196.1970977783203,14911500
2019-12-17 00:00:00-05:00,197.10908935747165,197.26770018383,194.42268844359683,196.6630096435547,10175700
2019-12-18 00:00:00-05:00,198.34818884451172,202.52154694337764,198.34818884451172,200.73721313476562,23274400
2019-12-19 00:00:00-05:00,201.01478911967473,204.50415158534474,200.74713524741477,204.2662353515625,16514600
2019-12-20 00:00:00-05:00,205.6738251282778,205.90183380551798,201.65907847033932,204.5041046142578,27306900
2019-12-23 00:00:00-05:00,204.90065520160314,206.7742019794803,203.88953015650694,204.3851776123047,13348900
2019-12-24 00:00:00-05:00,204.50413215983875,204.98985695947684,203.21544581969275,203.3343963623047,6046300
2019-12-26 00:00:00-05:00,203.78046449762644,206.0108776356506,203.52271818773107,205.9811248779297,9350700
2019-12-27 00:00:00-05:00,206.85351291522508,207.11124415378163,204.7916176288916,206.28848266601562,10284200
2019-12-30 00:00:00-05:00,206.05056445389897,206.09020959561857,202.12502988140977,202.63059997558594,10524300
2019-12-31 00:00:00-05:00,202.22415350706075,203.77057108431418,201.8276416093914,203.46327209472656,8953500
2020-01-02 00:00:00-05:00,204.95021983697868,207.96374966670473,204.47440252196083,207.95384216308594,12077100
2020-01-03 00:00:00-05:00,205.4062031629161,208.56842088449835,205.14845683304864,206.85348510742188,11188400
2020-01-06 00:00:00-05:00,204.900634377329,210.92770864240686,204.72220857183618,210.74928283691406,17058900
2020-01-07 00:00:00-05:00,210.9673906495363,212.71206425110722,209.9066978321433,211.20529174804688,14912400
2020-01-08 00:00:00-05:00,211.14580552041744,214.35760631734092,210.7592011294325,213.3464813232422,13475000
2020-01-09 00:00:00-05:00,215.6462796790009,216.4789788667449,214.39725358632398,216.39967346191406,12642800
2020-01-10 00:00:00-05:00,217.29181863884628,217.96590697301042,215.5273150927095,216.1617431640625,12119400
2020-01-13 00:00:00-05:00,217.68835231287758,220.0377162368791,217.3017479313842,219.97824096679688,14463400
2020-01-14 00:00:00-05:00,219.68086596283632,220.44416728003057,216.72681136156237,217.15306091308594,13288900
2020-01-15 00:00:00-05:00,218.6895761650598,219.75025387976635,218.2236663356402,219.22486877441406,10036500
2020-01-16 00:00:00-05:00,220.6325011824369,220.69197645305633,218.47147055219048,219.83946228027344,10015300
2020-01-17 00:00:00-05:00,220.09721000545602,220.3549412394602,218.61026762459173,220.2062530517578,15905900
2020-01-21 00:00:00-05:00,220.22604727929644,220.43421070814037,217.21250274154212,219.51231384277344,14275800
2020-01-22 00:00:00-05:00,220.37475907681832,220.81093123768824,219.35372657567254,219.3933868408203,12212800
2020-01-23 00:00:00-05:00,218.82834170856364,219.5619053548799,217.36122954189034,217.84695434570312,11195000
2020-01-24 00:00:00-05:00,218.87792022361282,219.849385004895,214.22874465282248,216.04281616210938,11905800
2020-01-27 00:00:00-05:00,211.24491565659582,214.17913962357443,210.6501327607707,212.99949645996094,13810700
2020-01-28 00:00:00-05:00,214.25847351180462,216.83584623519565,211.66128578161968,215.89410400390625,13413800
2020-01-29 00:00:00-05:00,219.51234719018524,222.2483156951887,216.5483699652949,221.28675842285156,33181300
2020-01-30 00:00:00-05:00,204.7321393985765,209.58947847472322,202.96763564432172,207.70602416992188,48775500
2020-01-31 00:00:00-05:00,206.61555943150353,206.87330574954822,199.30972189537775,200.15232849121094,31359900
2020-02-03 00:00:00-05:00,201.6690349356694,203.35423322426226,200.73721531848193,202.41250610351562,15495600
2020-02-04 00:00:00-05:00,204.8213395474977,208.7667039889746,203.4137026585634,208.00340270996094,19628900
2020-02-05 00:00:00-05:00,210.6600616559983,210.87814773155097,206.89315335308982,208.2809600830078,12538200
2020-02-06 00:00:00-05:00,208.63782948172818,209.35156298788317,207.5176614545207,209.0145263671875,10567500
2020-02-07 00:00:00-05:00,208.4693162805183,210.967383613283,208.1025268892811,210.4816436767578,12242500
2020-02-10 00:00:00-05:00,209.67870423741732,211.93885542902783,208.82619000718108,211.20529174804688,11856400
2020-02-11 00:00:00-05:00,208.36028309599743,209.02444888187566,204.71230989966838,205.3863983154297,25030800
2020-02-12 00:00:00-05:00,206.04065155669,209.38131053815937,205.59455674975018,208.92530822753906,13813700
2020-02-13 00:00:00-05:00,207.69612402270548,212.46425035483114,207.35907224095146,211.28460693359375,15396600
2020-02-14 00:00:00-05:00,212.13712592170413,213.0590229935194,210.7988716470473,212.3155517578125,10741700
2020-02-18 00:00:00-05:00,211.6910190874841,216.0824480300486,211.54231578381527,215.90402221679688,15609200
2020-02-19 00:00:00-05:00,216.09238818984397,216.41951733330308,214.22874887291087,215.59674072265625,12135100
2020-02-20 00:00:00-05:00,214.63515043001087,216.86556368947035,211.0962207978753,212.7120361328125,13109200
2020-02-21 00:00:00-05:00,211.62164878429857,212.3750426521671,207.01213316267163,208.35037231445312,14092300
2020-02-24 00:00:00-05:00,200.04330227154202,201.87718865486534,196.4448971524232,198.9727020263672,23080100
2020-02-25 00:00:00-05:00,200.48939011295317,201.72850871686512,194.24422932404505,195.05709838867188,21433500
2020-02-26 00:00:00-05:00,195.47342989939133,199.45843935027182,193.7882317140009,195.48333740234375,16524500
2020-02-27 00:00:00-05:00,190.15019325122768,194.1748480885161,187.85038184365735,188.09820556640625,21682600
2020-02-28 00:00:00-05:00,181.1095700157063,191.06217899708437,180.2372408143527,190.79452514648438,32568900
2020-03-02 00:00:00-05:00,192.34095603269014,194.85885365128047,187.2060555030283,194.72998046875,24949000
2020-03-03 00:00:00-05:00,194.51189885133846,195.52302394887474,182.36853555450094,184.27182006835938,27984100
2020-03-04 00:00:00-05:00,187.523233114304,190.16008087897518,184.7674348154533,190.09068298339844,23062500
2020-03-05 00:00:00-05:00,185.15407573782906,187.34484430595603,182.28923384163906,183.55809020996094,19333400
2020-03-06 00:00:00-05:00,176.77759696199584,182.18015039702132,174.72560954141701,179.51356506347656,24559600
2020-03-09 00:00:00-04:00,168.1236411674569,173.47662821631866,163.7520265061749,168.02450561523438,29949000
2020-03-10 00:00:00-04:00,173.14944754204475,176.73792960087926,168.02445563656354,176.63880920410156,24517800
2020-03-11 00:00:00-04:00,172.49521209053785,174.34894375307698,166.2004988435292,168.75804138183594,20373900
2020-03-12 00:00:00-04:00,158.15117758148926,165.14973209945882,152.99644726061157,153.1253204345703,43266300
2020-03-13 00:00:00-04:00,162.10645821675976,169.303253942079,156.2280865595839,168.79769897460938,35028600
2020-03-16 00:00:00-04:00,150.99406755426108,157.74478434761014,141.8543260874297,144.73898315429688,39120400
2020-03-17 00:00:00-04:00,149.42780983914605,152.59995073103067,138.78129637211103,148.11929321289062,34255600
2020-03-18 00:00:00-04:00,138.53345221468916,146.8900603543709,135.9065269708406,145.68069458007812,37553100
2020-03-19 00:00:00-04:00,145.34365741244116,158.53779047574193,143.53950851010524,151.7969970703125,39862300
2020-03-20 00:00:00-04:00,154.66181192845772,157.88351988258455,146.71162375715974,148.4265594482422,32568400
2020-03-23 00:00:00-04:00,148.35719332818863,150.98411867363274,141.01169473830404,146.81077575683594,29830800
2020-03-24 00:00:00-04:00,153.85889800645307,159.9057882108282,151.2418799067256,159.5786590576172,30440400
2020-03-25 00:00:00-04:00,157.53659002543301,161.5711676910729,151.72760107288883,154.85018920898438,35184300
2020-03-26 00:00:00-04:00,156.87243342846332,162.5723796667803,155.65314481623162,161.91812133789062,26556800
2020-03-27 00:00:00-04:00,156.8228699969385,158.69641698995204,153.40290518441685,155.42514038085938,24879900
2020-03-30 00:00:00-04:00,157.79431561478617,165.2984253012151,156.68407016221562,164.50538635253906,22515200
2020-03-31 00:00:00-04:00,164.03946028004327,169.44201394815866,162.7706041382974,165.3479766845703,23676300
2020-04-01 00:00:00-04:00,160.21308298396346,162.72105796616114,156.66424529203292,158.21067810058594,19507600
2020-04-02 00:00:00-04:00,157.71500914670497,159.9454224525926,154.56268380888545,156.81292724609375,20886300
2020-04-03 00:00:00-04:00,155.7819919969896,156.53538582342665,149.5170159130177,152.8378448486328,25983300
2020-04-06 00:00:00-04:00,158.7558552370419,164.75319176700359,157.13013237963017,164.10885620117188,28453600
2020-04-07 00:00:00-04:00,170.29452997421248,171.88060773195613,164.56484714145031,167.3603057861328,31411900
2020-04-08 00:00:00-04:00,169.75924101007092,173.4765966526272,166.2798015739834,172.7628631591797,21664200
2020-04-09 00:00:00-04:00,174.3687890252743,175.53852502146955,170.076494873485,173.66497802734375,23534300
2020-04-13 00:00:00-04:00,172.15820230679188,173.47662648317942,167.97493616094914,173.26844787597656,19355400
2020-04-14 00:00:00-04:00,177.42193438375358,179.65234762485758,175.08247811249058,176.61898803710938,21011800
2020-04-15 00:00:00-04:00,173.66497002206395,176.63885496301796,171.31560575901784,175.42947387695312,17423000
2020-04-16 00:00:00-04:00,176.40092708998696,176.50006263186586,171.00828033251065,174.71572875976562,23593200
2020-04-17 00:00:00-04:00,177.64004249237715,178.71064279610266,175.1221601097714,177.67970275878906,20974800
2020-04-20 00:00:00-04:00,175.86562372440423,178.92872119383586,175.23119562271654,176.6884002685547,16110700
2020-04-21 00:00:00-04:00,173.7244463083156,173.85331949681193,166.87459432435907,169.3131866455078,24850500
2020-04-22 00:00:00-04:00,176.89656099734918,183.17145914344033,176.5892620174074,180.69322204589844,33242000
2020-04-23 00:00:00-04:00,182.4775699303214,185.42171704056207,181.5556577930537,183.5184326171875,21426600
2020-04-24 00:00:00-04:00,181.63496693142514,188.7524724391057,179.2558651348406,188.41543579101562,28792000
2020-04-27 00:00:00-04:00,190.98286759995668,192.0633753458659,185.77856968735904,185.86778259277344,29197800
2020-04-28 00:00:00-04:00,187.01771028708674,187.55300290864224,180.97080499676386,181.31776428222656,21731000
2020-04-29 00:00:00-04:00,189.26792646662525,195.19588081139872,188.34602947753794,192.4995574951172,45954500
2020-04-30 00:00:00-04:00,205.118731697235,207.86462270917676,199.81531324385696,202.927978515625,46230100
2020-05-01 00:00:00-04:00,199.84505056505395,205.47559813020527,197.3172456375188,200.50921630859375,30415600
2020-05-04 00:00:00-04:00,198.45722553825703,204.11752577558354,197.02975853702785,203.47317504882812,19250700
2020-05-05 00:00:00-04:00,205.21785777094198,208.5486089695455,204.7023802295266,205.26742553710938,21071200
2020-05-06 00:00:00-04:00,206.30826843159727,209.75798521785813,204.86098649767018,206.6552276611328,21857000
2020-05-07 00:00:00-04:00,209.32180855304213,209.75798067468259,207.22025334204335,209.42092895507812,15152000
2020-05-08 00:00:00-04:00,210.3924370574454,211.35399432982777,209.014537738149,210.50148010253906,12506000
2020-05-11 00:00:00-04:00,209.05419049730784,213.12841332924486,208.53871289026586,211.32424926757812,12911900
2020-05-12 00:00:00-04:00,211.43327504157023,213.4059572677164,208.17192159205015,208.27105712890625,14704600
2020-05-13 00:00:00-04:00,207.6068840689912,208.94513823709826,200.35061325172475,203.31459045410156,20684600
2020-05-14 00:00:00-04:00,200.79668613999704,205.1286398749658,198.94296957623862,205.0096893310547,17178900
2020-05-15 00:00:00-04:00,203.48308610249018,209.50023762187058,202.34308801660057,209.04425048828125,19383200
2020-05-18 00:00:00-04:00,210.30319710358134,212.7715267339531,209.103738801475,211.3341522216797,20151900
2020-05-19 00:00:00-04:00,211.41345984857227,218.57060997564648,210.97728768832476,214.99203491210938,31843200
2020-05-20 00:00:00-04:00,221.554414532137,229.3261630716245,221.2471155272125,227.9680938720703,50162900
2020-05-21 00:00:00-04:00,232.67674634200608,235.1351535242866,229.18738396569944,229.375732421875,47782600
2020-05-22 00:00:00-04:00,229.49468518792358,233.93569739189326,226.7488091058961,232.86509704589844,33925600
2020-05-26 00:00:00-04:00,237.6827745670303,238.8029274814234,229.65328009154226,230.1786651611328,33178300
2020-05-27 00:00:00-04:00,227.0759114176311,228.55293101712496,219.20502813569777,227.14529418945312,34697600
2020-05-28 00:00:00-04:00,222.3474544873753,229.6136480957041,222.05006298497125,223.4973602294922,29377200
2020-05-29 00:00:00-04:00,223.23961250402408,225.50968633673713,220.93981615980846,223.1305694580078,23241500
2020-06-01 00:00:00-04:00,222.63491887570348,230.4165899230667,221.5544110604934,229.89120483398438,18223800
2020-06-02 00:00:00-04:00,228.9296491010326,230.97171419695508,224.58777255178694,230.69415283203125,20919000
2020-06-03 00:00:00-04:00,230.0894397073156,230.6247322510461,226.54060246078376,228.1564178466797,15380300
2020-06-04 00:00:00-04:00,227.56165266323373,229.61364034721157,222.65474598001492,224.3201141357422,17041500
2020-06-05 00:00:00-04:00,224.73646886520714,229.3360765026521,223.34864695784768,228.76112365722656,16750400
2020-06-08 00:00:00-04:00,227.03625618473225,229.534323418887,225.43036338289795,229.3856201171875,15466500
2020-06-09 00:00:00-04:00,229.50459387983992,237.68277660516696,228.40425596266664,236.59234619140625,27462900
2020-06-10 00:00:00-04:00,238.86240797621303,239.11023168276265,233.23184549790702,234.66921997070312,20720700
2020-06-11 00:00:00-04:00,227.9383319474579,230.86264862351675,221.6039586911434,222.47628784179688,26708200
2020-06-12 00:00:00-04:00,227.89869613147326,229.64338487185313,222.5457096121225,226.59019470214844,22091400
2020-06-15 00:00:00-04:00,223.13053074437644,231.73497700505658,222.84306192346097,230.4760284423828,15340300
2020-06-16 00:00:00-04:00,235.07566763151695,236.38418413576704,230.9717074264881,233.5986328125,15236700
2020-06-17 00:00:00-04:00,232.95429023145962,235.52174026803576,229.71275182999162,233.47967529296875,19578100
2020-06-18 00:00:00-04:00,232.94439651722732,234.0843796141801,230.12910747503136,233.88612365722656,15782500
2020-06-19 00:00:00-04:00,235.7200088059316,238.73355378768707,233.4995178993327,236.7113037109375,30081300
2020-06-22 00:00:00-04:00,236.48331496125397,238.60468549637406,234.8476843848803,237.1375732421875,18917800
2020-06-23 00:00:00-04:00,239.17963684344247,243.0556036069175,237.77199987359415,240.13128662109375,24017900
2020-06-24 00:00:00-04:00,239.10032389575963,241.1027438042469,230.65448721701455,231.9828338623047,20834900
2020-06-25 00:00:00-04:00,232.57763241045828,235.2343109256559,230.71400806124967,233.62840270996094,18704300
2020-06-26 00:00:00-04:00,230.61481349555714,231.0608931145595,213.52488630376178,214.198974609375,76343900
2020-06-29 00:00:00-04:00,207.92409879678667,218.82834235704723,205.3070809473625,218.71929931640625,58514300
2020-06-30 00:00:00-04:00,218.66973623252326,225.51958755508608,216.56819590528403,225.0933380126953,33927100
2020-07-01 00:00:00-04:00,226.51087976376274,236.91947598923105,225.57906015771016,235.4821014404297,43399700
2020-07-02 00:00:00-04:00,236.91947344299328,237.91076831095558,230.58509984175245,231.38804626464844,30633600
2020-07-06 00:00:00-04:00,231.7250921993472,238.30728978202592,230.2480724673563,238.18833923339844,26206200
2020-07-07 00:00:00-04:00,237.32591582434424,245.49417612610122,236.7410554631184,238.76329040527344,27887800
2020-07-08 00:00:00-04:00,236.03725558473903,244.83996011938856,234.53048293332122,241.4596405029297,29791300
2020-07-09 00:00:00-04:00,242.86724472826,244.3839246791393,237.15739168530018,242.37159729003906,22174900
2020-07-10 00:00:00-04:00,241.56868406754265,243.3530181156136,237.23672970230604,242.93667602539062,22982700
2020-07-13 00:00:00-04:00,244.85974601579528,247.97241137402958,236.34452651720005,236.9194793701172,24674900
2020-07-14 00:00:00-04:00,234.6989501731745,238.2378798510956,230.01013002900538,237.64309692382812,23378100
2020-07-15 00:00:00-04:00,239.4472880015589,242.6888265852968,235.97775582429836,238.18833923339844,19133600
2020-07-16 00:00:00-04:00,235.92818533327153,239.65544869823316,234.27272467146835,238.83267211914062,18880700
2020-07-17 00:00:00-04:00,238.90206319911425,242.0345586123702,235.78939791848782,239.923095703125,18152400
2020-07-20 00:00:00-04:00,237.97024349927685,243.90810520163038,233.58872199953782,243.28358459472656,20872200
2020-07-21 00:00:00-04:00,244.07664321483745,244.76063914885387,237.9900928414451,239.6455535888672,19364200
2020-07-22 00:00:00-04:00,238.1684952556672,239.79421820490197,236.0471248813492,237.78189086914062,15427900
2020-07-23 00:00:00-04:00,237.54399711408567,240.309703175952,229.73258861347995,230.5751953125,21771800
2020-07-24 00:00:00-04:00,228.18616733253234,231.45744341133576,224.92479875703089,228.70164489746094,18325800
2020-07-27 00:00:00-04:00,229.44511136404245,232.90472069074355,228.82059077169882,231.46734619140625,13163100
2020-07-28 00:00:00-04:00,232.587509594588,232.91463870190316,227.8292914101219,228.11676025390625,14170100
2020-07-29 00:00:00-04:00,229.12787752191306,231.6655897682173,228.30510102978255,231.2591552734375,13588300
2020-07-30 00:00:00-04:00,228.21589283740667,232.84523779450794,227.00651195664395,232.45863342285156,20615300
2020-07-31 00:00:00-04:00,253.59305446658362,253.622792101852,246.83241636433706,251.46176147460938,53005100
2020-08-03 00:00:00-04:00,250.45064335351154,253.1767042514364,248.15084711603382,249.76666259765625,23124900
2020-08-04 00:00:00-04:00,249.37013301923434,250.5993440932362,245.27608039961166,247.6551971435547,17183500
2020-08-05 00:00:00-04:00,248.01206299801274,250.07395811822374,245.61313125623738,246.9513702392578,13050100
2020-08-06 00:00:00-04:00,246.8720402667357,264.27918895050783,246.50526604600296,262.9706726074219,45241600
2020-08-07 00:00:00-04:00,261.78114887182363,276.46225445247427,261.13681322492374,266.10321044921875,72766400
2020-08-10 00:00:00-04:00,265.70667519444817,271.4759881242458,257.42935729827803,260.7105407714844,30248800
2020-08-11 00:00:00-04:00,257.9250148628608,263.60514536343936,252.9090652365863,253.90036010742188,28238300
2020-08-12 00:00:00-04:00,256.7156199692329,261.60269615659547,255.8630906956138,257.62762451171875,21415700
2020-08-13 00:00:00-04:00,259.2731838466184,262.851774371615,257.31043919341164,259.0253601074219,17374000
2020-08-14 00:00:00-04:00,260.0265741976145,260.36361084815877,256.4281687125643,258.96588134765625,14792700
2020-08-17 00:00:00-04:00,260.2148669541819,261.80094457457125,257.14184723691153,258.88653564453125,13351100
2020-08-18 00:00:00-04:00,258.67839037193426,262.8418103841831,257.00309973841337,260.0562744140625,18690400
2020-08-19 00:00:00-04:00,259.11457201254495,265.57780346029676,259.07491174852066,260.3041076660156,23291500
2020-08-20 00:00:00-04:00,259.22360923298226,267.2828413890221,259.18394896753364,266.6682434082031,20299700
2020-08-21 00:00:00-04:00,266.3510064576947,268.1353250252356,264.10077811668583,264.6856384277344,15538600
2020-08-24 00:00:00-04:00,268.7102747578856,274.8364690436469,266.43027868500394,269.0274963378906,23685600
2020-08-25 00:00:00-04:00,270.03866352475245,280.62568643085456,267.9073854123923,278.3754577636719,42127200
2020-08-26 00:00:00-04:00,281.5277498480447,302.01782861437897,281.5277498480447,301.2644348144531,69015200
2020-08-27 00:00:00-04:00,297.547069226995,298.60776198914965,289.4779145343069,290.66748046875,30301300
2020-08-28 00:00:00-04:00,292.4319997680473,294.64259831800206,288.4470051025773,291.1036682128906,17157400
2020-08-31 00:00:00-04:00,291.39114572986756,294.2956325042199,289.0120137865058,290.6476745605469,17345100
2020-09-01 00:00:00-04:00,292.14453834590944,298.8655171752459,290.16194836378156,292.8681945800781,17295900
2020-09-02 00:00:00-04:00,296.27827692191954,300.9571908870327,290.49900969231174,299.86676025390625,24341400
2020-09-03 00:00:00-04:00,293.413355515593,295.00935596893214,281.1609655842515,288.58575439453125,32294100
2020-09-04 00:00:00-04:00,284.7494095739898,286.48417534162945,268.7796660853804,280.2687683105469,30333700
2020-09-08 00:00:00-04:00,268.9185111086546,276.86868625746473,267.0747168972243,268.799560546875,24864000
2020-09-09 00:00:00-04:00,273.3693922638843,276.05582330859846,268.98788560941557,271.3372497558594,22918800
2020-09-10 00:00:00-04:00,273.1116778489327,276.7298983195981,264.705485890159,265.7562561035156,24814700
2020-09-11 00:00:00-04:00,267.70907219012685,269.0275112197422,260.35368168986014,264.2890930175781,18913900
2020-09-14 00:00:00-04:00,268.5913635232722,274.231833888043,263.3870653318415,263.8331298828125,24093800
2020-09-15 00:00:00-04:00,268.31375717626827,272.1302176752278,266.95565798812197,270.04852294921875,18478500
2020-09-16 00:00:00-04:00,264.9631832495727,270.0683451819501,259.51106210293534,261.2259826660156,29183400
2020-09-17 00:00:00-04:00,256.0316480397024,259.2236188586699,248.01207585132232,252.60177612304688,31281400
2020-09-18 00:00:00-04:00,256.1505760652015,256.9436300742948,247.87327337349672,250.33168029785156,28130800
2020-09-21 00:00:00-04:00,245.38513189610754,247.7741562256559,242.0048277965363,245.9898223876953,24709400
2020-09-22 00:00:00-04:00,251.1048968826202,253.09740921847296,246.0592097092851,252.53236389160156,30293100
2020-09-23 00:00:00-04:00,253.03791936305436,255.74415008323095,245.9898123355929,246.8522491455078,19641300
2020-09-24 00:00:00-04:00,244.35419622510534,250.04423447504365,243.4818518607491,247.35781860351562,20006800
2020-09-25 00:00:00-04:00,247.228944402206,253.52367312850794,244.4632382598628,252.60177612304688,18351300
2020-09-28 00:00:00-04:00,257.1419242238077,257.34019533018557,252.60180630621994,254.5843963623047,18826300
2020-09-29 00:00:00-04:00,255.56574368325687,261.03768081045007,254.6636616660201,259.5111083984375,20200200
2020-09-30 00:00:00-04:00,259.69943771719215,263.76372243232544,257.8357985443643,259.6201171875,20142500
2020-10-01 00:00:00-04:00,263.04010371853553,265.99414311385937,262.4948733807721,264.3089599609375,20009800
2020-10-02 00:00:00-04:00,258.9361186241271,262.84182274311667,256.92379129394055,257.67718505859375,16367600
2020-10-05 00:00:00-04:00,259.91753703229796,262.56427749613204,258.5693602261399,262.34619140625,12822300
2020-10-06 00:00:00-04:00,259.5011911203908,263.3771580098929,255.99199852253278,256.4083557128906,18696900
2020-10-07 00:00:00-04:00,256.95349344408396,257.91505052336765,252.60172539588396,255.87298583984375,23133400
2020-10-08 00:00:00-04:00,257.4888564158184,262.3164578536441,256.8940734112496,261.4639587402344,16312800
2020-10-09 00:00:00-04:00,262.2172863448528,262.44529503670765,259.8877677953517,262.1479187011719,14107800
2020-10-12 00:00:00-04:00,267.84784425154044,277.74094615184305,265.5381106231581,273.3495178222656,31019300
2020-10-13 00:00:00-04:00,275.16361229527485,276.67039983476207,271.01011468828443,273.7361755371094,18063300
2020-10-14 00:00:00-04:00,275.20329490670065,276.3234630231196,269.13657474718195,269.45379638671875,15577800
2020-10-15 00:00:00-04:00,265.2705071475953,266.69797414764406,261.374725658758,264.3981628417969,15416100
2020-10-16 00:00:00-04:00,265.0524410067769,269.00769806378014,262.9905306285475,263.61505126953125,16622700
2020-10-19 00:00:00-04:00,263.21856498440786,266.2122650488142,257.61775418171055,259.12451171875,13587000
2020-10-20 00:00:00-04:00,260.77003835359403,267.3522511210666,260.591612529058,265.2308654785156,18763200
2020-10-21 00:00:00-04:00,277.12641139284636,280.586021057658,273.9641781096813,276.30364990234375,28998600
2020-10-22 00:00:00-04:00,277.4336795285745,279.9912371337842,272.6457388053963,275.69891357421875,16720000
2020-10-23 00:00:00-04:00,276.3730055560065,282.75694712146,274.41026101852475,282.3108825683594,17535200
2020-10-26 00:00:00-04:00,280.6950758632085,282.7470636277034,271.8725570411759,274.6977233886719,21322900
2020-10-27 00:00:00-04:00,276.3333493209198,282.0332944455136,273.90466494967404,280.82391357421875,16287200
2020-10-28 00:00:00-04:00,276.3630986342593,276.3630986342593,264.9334702679964,265.33990478515625,23121800
2020-10-29 00:00:00-04:00,274.14257426165767,281.131220993011,271.3966984619704,278.38531494140625,32368100
2020-10-30 00:00:00-04:00,272.1104432269322,274.2913040530158,256.84450820010375,260.819580078125,47247800
2020-11-02 00:00:00-05:00,262.29665514165265,268.11555177589446,255.09984397803464,259.0848388671875,27165700
2020-11-03 00:00:00-05:00,260.8691840773539,267.69919058864355,258.6090327892569,262.99053955078125,17961900
2020-11-04 00:00:00-05:00,278.55386026436815,286.42474400302376,276.1945736182633,284.8783264160156,35364400
2020-11-05 00:00:00-05:00,289.3590082032344,294.79131576439545,286.4347060664534,292.11480712890625,23823600
2020-11-06 00:00:00-05:00,291.3911426677605,292.03547829068356,285.5524012917974,290.8558349609375,13891000
2020-11-09 00:00:00-05:00,287.34667262652647,290.03307356687975,276.1053911204067,276.3432922363281,25117700
2020-11-10 00:00:00-05:00,270.722683189119,271.6148426803851,261.7018922175973,270.0585021972656,29067700
2020-11-11 00:00:00-05:00,271.0894346690546,275.976511574874,270.10806233656234,274.0732421875,14957000
2020-11-12 00:00:00-05:00,274.7671504277152,277.314785927078,272.0410890825875,272.6854248046875,12899500
2020-11-13 00:00:00-05:00,275.30244028897164,275.34210055831124,270.7226623677045,274.5391540527344,10391200
2020-11-16 00:00:00-05:00,272.6557097100982,276.97777214931796,272.2393827022201,276.53167724609375,12970400
2020-11-17 00:00:00-05:00,275.2628036237711,275.2628036237711,270.91103406313465,272.60614013671875,15040300
2020-11-18 00:00:00-05:00,272.13029875214187,274.97534087902386,269.47363535165783,269.6025085449219,12152900
2020-11-19 00:00:00-05:00,268.66072640611867,271.08941095311593,266.8466700938607,270.56402587890625,12963700
2020-11-20 00:00:00-05:00,270.18729180345906,270.62346390903343,267.0647194241224,267.3522033691406,18114700
2020-11-23 00:00:00-05:00,268.53186876142325,268.5913440305697,262.22721796464464,266.09326171875,20990800
2020-11-24 00:00:00-05:00,266.1527899312476,275.40158939822373,265.53819185986634,274.5094299316406,16930400
2020-11-25 00:00:00-05:00,275.7187993456942,277.74101931681827,270.27656935219704,273.19097900390625,12467000
2020-11-27 00:00:00-05:00,274.9753051656759,276.70014860060974,272.4276700276529,275.3916320800781,7808400
2020-11-30 00:00:00-05:00,273.62710988582904,275.2825855577572,268.65082074499577,274.5589294433594,16693300
2020-12-01 00:00:00-05:00,276.7298883993437,286.7816029719664,276.53161731822826,284.0555419921875,20738900
2020-12-02 00:00:00-05:00,282.87591958479686,289.2400466360361,278.3853545574932,285.0171203613281,17361600
2020-12-03 00:00:00-05:00,283.7581450585941,284.1546569401702,278.62324510017737,279.3964538574219,12921700
2020-12-04 00:00:00-05:00,277.85988933084406,280.99238417949636,276.86859464146977,277.26513671875,10880300
2020-12-07 00:00:00-05:00,276.7596352388942,285.9786660308309,275.7782629341563,283.093994140625,13007700
2020-12-08 00:00:00-05:00,283.5202481560011,283.93657504961703,279.09905136815115,280.9329528808594,10747700
2020-12-09 00:00:00-05:00,281.1906940080465,285.12613567782824,269.3843689987013,275.50067138671875,25189700
2020-12-10 00:00:00-05:00,273.1414089490046,276.30364214337,269.4934206756961,274.7076416015625,20065100
2020-12-11 00:00:00-05:00,272.14021166775035,274.0732489938562,267.8974703319594,271.1687316894531,14391400
2020-12-14 00:00:00-05:00,270.9903229373326,274.80681492964203,269.1960813172571,271.8031921386719,16376900
2020-12-15 00:00:00-05:00,272.43754215406807,273.6766606794515,265.1416267975304,273.1512756347656,23979500
2020-12-16 00:00:00-05:00,272.3682121480805,275.4412023141703,270.13779849415783,273.2702941894531,15885000
2020-12-17 00:00:00-05:00,274.658118193766,277.998777567719,271.2282156464043,272.0906677246094,16377800
2020-12-18 00:00:00-05:00,273.3694063229228,275.58000502369697,268.77973596741606,273.9939270019531,26693200
2020-12-21 00:00:00-05:00,270.60369268943253,272.27898349056596,265.4588697383409,270.41534423828125,16553700
2020-12-22 00:00:00-05:00,269.1365367707171,269.1365367707171,262.32634637119014,264.7649230957031,17312900
2020-12-23 00:00:00-05:00,264.5666505140649,269.80068519159687,263.91239239788433,265.7760009765625,14329000
2020-12-24 00:00:00-05:00,266.539362366525,268.0461196379881,263.88269944634607,265.0722351074219,6702000
2020-12-28 00:00:00-05:00,266.40057862337534,274.8860604477784,263.3474036780008,274.58868408203125,23299700
2020-12-29 00:00:00-05:00,274.53910837888566,278.0681154649613,273.8749275486116,274.3705749511719,16383000
2020-12-30 00:00:00-05:00,275.5304160537405,275.65925897281426,269.3447156095578,269.5033264160156,11803800
2020-12-31 00:00:00-05:00,269.63222922548516,274.6779169436286,267.4612908420822,270.7821350097656,12900400
2021-01-04 00:00:00-05:00,272.38797370228207,272.60605976016683,262.8913831858434,266.59881591796875,15106100
2021-01-05 00:00:00-05:00,265.9545125123116,270.0287199587083,265.8751919806323,268.6111755371094,9871600
2021-01-06 00:00:00-05:00,259.71928927456224,265.41923550864135,257.74662191068745,261.01788330078125,24354100
2021-01-07 00:00:00-05:00,263.5853301244731,269.2456160110558,262.47508458299865,266.4006042480469,15789800
2021-01-08 00:00:00-05:00,265.9743016349195,266.6087448189351,260.88895454198536,265.2407531738281,18528300
2021-01-11 00:00:00-05:00,258.21249961443124,261.17646160643693,253.67235215141747,254.6041717529297,30412300
2021-01-12 00:00:00-05:00,254.39600252775776,257.4590999880245,248.1211043039548,248.9042205810547,26383500
2021-01-13 00:00:00-05:00,249.36023472120903,251.7393364270185,247.03068565955243,249.44944763183594,19528900
2021-01-14 00:00:00-05:00,251.19410569943693,252.80992112440126,242.48063073575494,243.5016632080078,29739400
2021-01-15 00:00:00-05:00,245.7419881512037,251.65011213394098,245.008439640171,249.171875,24942900
2021-01-19 00:00:00-05:00,254.66363699564707,259.9175177709469,250.52003184687254,258.82708740234375,28028500
2021-01-20 00:00:00-05:00,266.588940318972,267.96685480321304,261.3053516121977,265.1515808105469,25199900
2021-01-21 00:00:00-05:00,266.91606891247517,271.21828505891534,265.16145761467874,270.49462890625,20838700
2021-01-22 00:00:00-05:00,269.6421285577539,276.045884978016,269.6322059283925,272.1104431152344,21954000
2021-01-25 00:00:00-05:00,275.7188084942915,277.66173824259187,269.146517740259,275.5899353027344,19087000
2021-01-26 00:00:00-05:00,275.71875986267514,282.905647414727,275.39161562612856,279.5946960449219,19373600
2021-01-27 00:00:00-05:00,280.0705655787169,280.9825702584283,265.78600148614066,269.7710266113281,35346200
2021-01-28 00:00:00-05:00,274.76711024718605,284.2934698675285,262.39576938583184,262.6931457519531,37758800
2021-01-29 00:00:00-05:00,262.9905341831644,264.23957548201406,252.63152026244686,256.0812072753906,30389500
2021-02-01 00:00:00-05:00,257.26087236143474,261.8704183999122,252.69101684616678,259.7292175292969,22914300
2021-02-02 00:00:00-05:00,261.70183017494816,266.5096160599849,260.97817407203195,264.7550048828125,17320800
2021-02-03 00:00:00-05:00,263.30773338307216,266.8565858893887,261.5432297590339,264.3287658691406,14223400
2021-02-04 00:00:00-05:00,264.6856587205512,265.82564179565304,261.70185141583977,264.170166015625,16060000
2021-02-05 00:00:00-05:00,264.4774727682164,266.8268671421213,263.35733491932723,265.76617431640625,12454400
2021-02-08 00:00:00-05:00,266.41043050874197,267.5107530217398,262.69307566443393,264.2593078613281,13755200
2021-02-09 00:00:00-05:00,264.1205935539394,271.010104635264,263.43659770981697,267.1044006347656,14613400
2021-02-10 00:00:00-05:00,270.078294370915,271.41651821880134,265.38945883299453,269.5033264160156,14687200
2021-02-11 00:00:00-05:00,269.52316661445394,271.19842705014383,266.15273998135564,268.0362243652344,12828600
2021-02-12 00:00:00-05:00,268.16510919851635,268.8193675206695,266.0040933856579,268.1452941894531,9097600
2021-02-16 00:00:00-05:00,268.4426646551784,274.19219360834205,267.6991934307805,271.5850830078125,15417200
2021-02-17 00:00:00-05:00,268.87877341356204,271.5850189224753,267.23322052829496,271.1885070800781,12763200
2021-02-18 00:00:00-05:00,267.22337821729826,269.5826649616648,263.7141857382018,267.0449523925781,15249100
2021-02-19 00:00:00-05:00,267.5108162885324,267.9172508111953,257.8853516724328,259.2830810546875,25622600
2021-02-22 00:00:00-05:00,255.7045253451955,260.779950269616,255.2881681864634,258.06378173828125,17434900
2021-02-23 00:00:00-05:00,257.24100330589897,265.131701526364,252.74053152198047,263.5456237792969,21924600
2021-02-24 00:00:00-05:00,260.0463198827835,264.0610814846771,256.140646678509,262.00909423828125,15736100
2021-02-25 00:00:00-05:00,260.01664005540107,264.6162629103088,251.82854963033122,252.472900390625,19053100
2021-02-26 00:00:00-05:00,254.23736693604718,263.23830999745786,254.23736693604718,255.37734985351562,26619500
2021-03-01 00:00:00-05:00,258.54949015507526,264.3287249282592,255.65489632873502,262.6038818359375,22157300
2021-03-02 00:00:00-05:00,263.4663703912783,264.3882674335836,256.398432563095,256.7453918457031,15191700
2021-03-03 00:00:00-05:00,258.02413857858085,258.7180268052231,252.8793160145082,253.18661499023438,15513500
2021-03-04 00:00:00-05:00,254.23738852460107,264.17015191897923,251.29324164320164,255.397216796875,31626500
2021-03-05 00:00:00-05:00,258.4008407623917,263.13922891518143,253.38487613689907,261.9794006347656,26820100
2021-03-08 00:00:00-05:00,263.23835967806787,263.2680973162432,252.82977791576698,253.08750915527344,18391800
2021-03-09 00:00:00-05:00,258.90636446418875,266.19238717808435,257.548295450208,263.4266662597656,22039700
2021-03-10 00:00:00-05:00,266.30148832067624,266.6286023414046,260.58169713163056,262.5940246582031,14210300
2021-03-11 00:00:00-05:00,265.7760886012566,275.4808751463395,265.4886348319139,271.4958801269531,21834000
2021-03-12 00:00:00-05:00,266.79711637424987,267.3918690959222,261.72166121793634,266.06353759765625,20600200
2021-03-15 00:00:00-04:00,266.73758347140597,273.5576963311189,266.1626458154966,271.366943359375,16844800
2021-03-16 00:00:00-04:00,273.6766905634166,279.6839656622003,272.40783426494863,276.8488464355469,22437700
2021-03-17 00:00:00-04:00,273.3098933243491,283.7383344580266,273.0125169715293,281.53765869140625,21315000
2021-03-18 00:00:00-04:00,277.43372935708067,282.707426065965,275.8575739228392,276.1946105957031,18728300
2021-03-19 00:00:00-04:00,278.7719382280029,290.2511192513727,278.7521232217431,287.58453369140625,38930500
2021-03-22 00:00:00-04:00,287.9215829149258,297.10095206901144,284.2537801031509,290.98468017578125,28273100
2021-03-23 00:00:00-04:00,290.5980580528056,295.4058437753718,287.2871371252847,288.1000061035156,23000900
2021-03-24 00:00:00-04:00,288.4668498038542,289.18058342581696,278.7125104716454,279.6839904785156,18675000
2021-03-25 00:00:00-04:00,278.53408956285267,285.55244509320096,275.33219571212356,276.3135681152344,24505600
2021-03-26 00:00:00-04:00,275.87730121358805,282.0233404165776,275.35191623589384,280.55621337890625,17629200
2021-03-29 00:00:00-04:00,283.28230371151227,290.6278017995311,282.22164126844325,288.2883605957031,21718800
2021-03-30 00:00:00-04:00,287.30694549487737,289.92397816866935,284.2042183237241,285.4928894042969,17474500
2021-03-31 00:00:00-04:00,287.46554741672674,293.918885752478,286.097555856898,291.9660339355469,19498200
2021-04-01 00:00:00-04:00,295.8023427996799,299.7675217386888,294.0180243778917,296.0600891113281,17616000
2021-04-05 00:00:00-04:00,298.2707126711446,308.0646800732676,298.0625189777315,306.22088623046875,28237000
2021-04-06 00:00:00-04:00,306.1515217424256,308.6396816907689,302.59277658335463,303.593994140625,17335200
2021-04-07 00:00:00-04:00,303.6732616941335,311.51440761304855,302.8405776476892,310.364501953125,22855200
2021-04-08 00:00:00-04:00,312.1091915082921,313.1302240000469,307.3509580476352,310.29510498046875,20894100
2021-04-09 00:00:00-04:00,308.68922008003193,312.00014135434753,307.62852729625877,309.739990234375,15988600
2021-04-12 00:00:00-04:00,308.3422174171977,309.4326476838473,305.2493826622748,308.8279724121094,10881900
2021-04-13 00:00:00-04:00,309.4921921072625,311.6928681364762,306.62736539352943,307.06353759765625,14036900
2021-04-14 00:00:00-04:00,304.62491124248805,305.3485674115409,299.32150771904355,300.1839294433594,17421400
2021-04-15 00:00:00-04:00,303.6733143666534,307.4402536132836,301.4528231909882,305.14044189453125,14558300
2021-04-16 00:00:00-04:00,305.48740718257227,306.2606161072259,301.95836899228794,303.51470947265625,13059200
2021-04-19 00:00:00-04:00,302.3548538676935,305.02143945188504,297.9435796554135,299.60894775390625,14553500
2021-04-20 00:00:00-04:00,299.3611226269296,302.4440653471533,294.6227344452051,300.015380859375,16796400
2021-04-21 00:00:00-04:00,299.3215050467602,299.3512426834739,294.80120275476366,298.8456726074219,14863500
2021-04-22 00:00:00-04:00,298.7068772430014,300.2830627469146,293.46294903258087,293.9387512207031,16375400
2021-04-23 00:00:00-04:00,296.1592724145303,299.9559185503014,294.56327190310105,298.5086364746094,17536800
2021-04-26 00:00:00-04:00,300.6993844190325,303.1379613464025,298.9348807476967,300.4020080566406,16172600
2021-04-27 00:00:00-04:00,301.6311789979419,302.6819490604378,298.48876118710064,300.9273681640625,15309300
2021-04-28 00:00:00-04:00,304.6843823594291,308.2134199936871,302.71171521224556,304.4266662597656,33907200
2021-04-29 00:00:00-04:00,327.24621579980425,328.92150633604183,318.81028785417476,326.64154052734375,56526800
2021-04-30 00:00:00-04:00,323.30092246115237,326.94888031144205,321.67518435826673,322.2501220703125,26332400
2021-05-03 00:00:00-04:00,323.33065625563813,325.6899125995795,319.03833259122655,319.7718811035156,18719500
2021-05-04 00:00:00-04:00,317.2341761756683,319.3852993731885,310.3942475633502,315.588623046875,24032600
2021-05-05 00:00:00-04:00,315.42015894408314,318.26517075805026,311.7523553378031,312.2777404785156,15577600
2021-05-06 00:00:00-04:00,311.7820697917917,317.45227798871764,310.54295113207814,317.23419189453125,19012200
2021-05-07 00:00:00-04:00,319.5736595346805,320.12878226692106,315.9752541529607,316.3023681640625,15916700
2021-05-10 00:00:00-04:00,311.61354376348527,311.84152221893976,302.1763973813296,303.3064880371094,24239200
2021-05-11 00:00:00-04:00,298.13188993839833,304.1688712116594,297.08111994513604,303.861572265625,18920100
2021-05-12 00:00:00-04:00,298.5086075749561,302.3052533431608,295.5941984466041,299.9162292480469,24645500
2021-05-13 00:00:00-04:00,303.4154998795162,306.17129822076333,300.1343165029494,302.6026611328125,18079200
2021-05-14 00:00:00-04:00,306.8454461766793,314.0918098146502,306.38942871995596,313.1897277832031,19245700
2021-05-17 00:00:00-04:00,310.82052071278764,312.93198380502577,308.8676684434134,312.7138977050781,15401300
2021-05-18 00:00:00-04:00,312.842775294839,313.74485734587444,307.11309159035295,307.26177978515625,14522400
2021-05-19 00:00:00-04:00,301.54200231563533,311.92086127549254,300.9274043092507,310.86016845703125,19106200
2021-05-20 00:00:00-04:00,310.8502441187937,316.47089956123494,310.43391719826906,315.8364562988281,17320200
2021-05-21 00:00:00-04:00,316.5105634034792,317.14497642113264,313.0608461919929,313.4772033691406,13600900
2021-05-24 00:00:00-04:00,315.43989057506457,323.1125324298364,315.26146478242015,321.80401611328125,16445400
2021-05-25 00:00:00-04:00,324.23265191294564,326.3143767996067,321.97250124363416,324.9364929199219,16437000
2021-05-26 00:00:00-04:00,325.4916435159768,326.9587404131613,322.98366895998686,324.8076477050781,9686900
2021-05-27 00:00:00-04:00,325.14474255728777,330.8744261398363,323.91554650384444,329.8533935546875,20477700
2021-05-28 00:00:00-04:00,328.1186369069308,329.97235367090116,325.4718660113677,325.868408203125,12037400
2021-06-01 00:00:00-04:00,327.27603308922255,328.5349970807944,323.79660826486094,326.2649230957031,11765900
2021-06-02 00:00:00-04:00,327.50400205992975,328.9810217269072,324.2723711221696,326.2846984863281,11654300
2021-06-03 00:00:00-04:00,322.94400539102026,324.53008305587247,320.66403954598695,323.2017517089844,12610800
2021-06-04 00:00:00-04:00,323.0629692041893,329.565860670719,322.34923573825716,327.4742431640625,13289400
2021-06-07 00:00:00-04:00,326.61188469345643,334.7504081032165,326.06665429697244,333.6500549316406,20136700
2021-06-08 00:00:00-04:00,333.7690600434032,335.3551079437591,329.34786227798384,330.77532958984375,14580500
2021-06-09 00:00:00-04:00,332.8173831303764,333.8681534402507,327.1273593483867,327.37518310546875,13727900
2021-06-10 00:00:00-04:00,327.91044194205926,331.03301476478316,325.6899208387667,329.5658874511719,13240200
2021-06-11 00:00:00-04:00,329.6848596274726,329.93268336382044,326.0666391271776,328.3763732910156,13587900
2021-06-14 00:00:00-04:00,329.010717339574,333.8879007591196,326.93891496834243,333.83831787109375,12250800
2021-06-15 00:00:00-04:00,334.0564741044241,336.96099128707715,332.1135444811946,333.8185729980469,15795200
2021-06-16 00:00:00-04:00,333.76900931696525,334.61158579150225,325.8584650203184,328.1979064941406,17232200
2021-06-17 00:00:00-04:00,327.61304327329054,335.0378626785236,327.2760066360262,333.5806579589844,17794100
2021-06-18 00:00:00-04:00,331.6178845677562,333.2237774793998,326.136024933211,326.790283203125,23039500
2021-06-21 00:00:00-04:00,328.2078642960425,330.0219511223624,324.7978070096396,329.3974304199219,11337500
2021-06-22 00:00:00-04:00,329.7939288180885,336.9610024033521,329.7047159002539,336.0787353515625,15345300
2021-06-23 00:00:00-04:00,336.3959260905471,340.43050354273737,335.2559430204176,337.6251220703125,14817800
2021-06-24 00:00:00-04:00,338.8741266535993,341.89756363237024,338.81465138694205,340.1925354003906,12329100
2021-06-25 00:00:00-04:00,339.607726973849,341.1244070090632,336.72305509277095,338.3983459472656,14594400
2021-06-28 00:00:00-04:00,339.47886819190785,355.02239636957165,338.7948722399633,352.5441589355469,29156100
2021-06-29 00:00:00-04:00,353.1685976460445,353.63450742549907,346.0114477744604,348.8267517089844,21417300
2021-06-30 00:00:00-04:00,349.10430204570434,349.84777314361486,344.14782805963426,344.68310546875,15107500
2021-07-01 00:00:00-04:00,343.80085361493576,351.5825234790626,343.4836320334063,351.3049621582031,17137000
2021-07-02 00:00:00-04:00,352.00881658759465,353.33714809146704,349.5503944039377,351.6123046875,11521300
2021-07-06 00:00:00-04:00,353.3966948229201,355.66676901896955,346.1404076014377,349.7090759277344,13488500
2021-07-07 00:00:00-04:00,352.1673993527171,353.3866725921118,346.953179038553,347.43890380859375,14218900
2021-07-08 00:00:00-04:00,342.72040329828144,345.29774588660945,339.5779850936406,342.6410827636719,14406500
2021-07-09 00:00:00-04:00,342.31401804011097,347.657082692819,342.26443513586065,347.36962890625,13018700
2021-07-12 00:00:00-04:00,348.1725015565857,351.1067258462657,346.5963463730506,350.085693359375,10018600
2021-07-13 00:00:00-04:00,348.44019450850004,355.3693369178262,345.76368589230293,349.0250549316406,11456000
2021-07-14 00:00:00-04:00,351.47348659674924,352.1079297982053,343.711661519161,344.60382080078125,13894200
2021-07-15 00:00:00-04:00,346.1899217185131,346.1899217185131,337.25834517205516,341.46142578125,14781600
2021-07-16 00:00:00-04:00,341.9075415739222,342.9781267988666,337.17907559820964,338.190185546875,11026100
2021-07-19 00:00:00-04:00,334.63138258472316,336.8320581829855,331.6277606433571,334.01678466796875,14372300
2021-07-20 00:00:00-04:00,335.8507023683744,340.460247887152,331.5881463693273,338.6858215332031,11024300
2021-07-21 00:00:00-04:00,338.5271983069589,343.50348766663694,338.27937458931103,343.2160339355469,9279700
2021-07-22 00:00:00-04:00,343.66209353487886,348.47980226768016,342.20488888598493,348.1328430175781,12385400
2021-07-23 00:00:00-04:00,357.7682497249188,372.0627053911015,354.0806314483372,366.5709533691406,33694300
2021-07-26 00:00:00-04:00,366.3627780766852,371.1804873142144,365.01463145174716,369.21771240234375,14925200
2021-07-27 00:00:00-04:00,368.67246920927926,369.9016651357157,361.37652342353266,364.608154296875,15705400
2021-07-28 00:00:00-04:00,371.2994349422472,374.26339716924025,363.73584961530185,370.03057861328125,29676900
2021-07-29 00:00:00-04:00,357.8574688091655,362.3381109905446,353.6345427376173,355.2008056640625,33413200
2021-07-30 00:00:00-04:00,350.91833742489877,357.58976190561503,349.8675674222542,353.19830322265625,15976200
2021-08-02 00:00:00-04:00,354.9827187252499,356.2713900270993,347.6867723455861,348.8862609863281,13180400
2021-08-03 00:00:00-04:00,349.6594841522741,350.69040913524873,344.67327168473423,348.18243408203125,12406100
2021-08-04 00:00:00-04:00,349.3521461852516,357.3419802981205,348.450064236777,355.7955627441406,14180600
2021-08-05 00:00:00-04:00,356.5093041046294,360.73219970957473,353.79313557019657,359.810302734375,10247200
2021-08-06 00:00:00-04:00,358.25396364410295,361.9713194447513,358.25396364410295,360.3456115722656,8925000
2021-08-09 00:00:00-04:00,360.59340518391826,362.59580978398236,357.6095981631221,358.46209716796875,7798900
2021-08-10 00:00:00-04:00,358.6802469729181,360.93050592413266,355.91455577806516,357.9863586425781,7469900
2021-08-11 00:00:00-04:00,358.9478624990702,359.2055785824935,354.6951992255373,356.82647705078125,8400300
2021-08-12 00:00:00-04:00,355.32965227693023,359.8400317588148,354.00129055177996,359.4930725097656,7170700
2021-08-13 00:00:00-04:00,359.81026918295413,361.48555978911224,358.33324963448615,360.0184326171875,7195700
2021-08-16 00:00:00-04:00,359.36423946467784,363.75569914673264,354.2689990806307,363.36907958984375,11222100
2021-08-17 00:00:00-04:00,359.82024623999826,361.495537099571,351.979099677339,355.3296813964844,12328700
2021-08-18 00:00:00-04:00,353.1487977216519,356.72735768431033,352.05836731339076,352.35577392578125,10042400
2021-08-19 00:00:00-04:00,348.29145476053645,354.45730999360205,347.9444955095023,352.02862548828125,12004500
2021-08-20 00:00:00-04:00,351.5131724701607,356.85623617233426,350.23439359725023,356.24163818359375,8697700
2021-08-23 00:00:00-04:00,356.31107517830867,362.5066688928048,355.9740385104708,360.1870422363281,10942000
2021-08-24 00:00:00-04:00,360.49431489699504,364.75687096002576,358.69015087883326,362.3282165527344,9235100
2021-08-25 00:00:00-04:00,362.41747536878387,367.6316667466407,362.2192042585403,365.1831970214844,9684500
2021-08-26 00:00:00-04:00,365.17321790623237,366.2239880737597,360.96021460656846,361.2080383300781,7888700
2021-08-27 00:00:00-04:00,361.9218108404231,370.4865839162871,360.91067057838234,369.3862609863281,11219100
2021-08-30 00:00:00-04:00,369.31681888061235,378.1690749179181,367.2945688504509,377.3463134765625,13547300
2021-08-31 00:00:00-04:00,376.6424989511328,379.4280351230296,375.5024856460896,376.07745361328125,12345400
2021-09-01 00:00:00-04:00,376.28560528913044,380.984333157656,375.51239652276655,378.72418212890625,11567200
2021-09-02 00:00:00-04:00,378.1790086340969,378.42683236190425,370.80377207439494,372.0131530761719,14832900
2021-09-03 00:00:00-04:00,371.48772380448895,373.8767478866704,369.8619858224901,372.9845886230469,7509600
2021-09-07 00:00:00-04:00,372.60791241783016,379.62626663292235,369.9016665912914,378.8530578613281,10793800
2021-09-08 00:00:00-04:00,376.85065315181134,377.5544640235521,371.5274046568623,374.283203125,11067200
2021-09-09 00:00:00-04:00,374.35265150125184,376.5235596799351,373.2919586101133,374.7095031738281,9098900
2021-09-10 00:00:00-04:00,378.04026500716407,380.4491349654117,374.96727455971796,375.3935241699219,11549600
2021-09-13 00:00:00-04:00,378.35743008330803,378.4268279867525,371.0912517788471,373.2324523925781,13026300
2021-09-14 00:00:00-04:00,374.1146494141582,375.2942926398303,371.84457586409377,373.2522277832031,8711600
2021-09-15 00:00:00-04:00,373.7181835773616,374.27330631053246,364.4694153158542,370.6650085449219,17940300
2021-09-16 00:00:00-04:00,369.54486124813184,370.30814748622225,366.4916557919265,369.8125,11934200
2021-09-17 00:00:00-04:00,368.17683971497365,368.17683971497365,358.4423166085418,361.5450744628906,26299000
2021-09-20 00:00:00-04:00,356.1722137811243,357.88716469623876,346.7549130689674,352.60357666015625,19822800
2021-09-21 00:00:00-04:00,355.37918230513225,356.90578475265596,352.0979989695533,354.3680725097656,11751900
2021-09-22 00:00:00-04:00,344.20731461578043,346.7945796004399,337.7242379588481,340.2222900390625,43692900
2021-09-23 00:00:00-04:00,342.3535812862905,346.6260900015658,340.0141399174007,342.9483642578125,21806300
2021-09-24 00:00:00-04:00,340.2520928877083,351.26539628778556,339.3896710608605,349.8874816894531,18801900
2021-09-27 00:00:00-04:00,346.76487371815995,352.05838496337213,344.05862769451767,350.5020446777344,15205800
2021-09-28 00:00:00-04:00,344.9408867412506,346.55670226470806,335.96968001839247,337.6846008300781,21710300
2021-09-29 00:00:00-04:00,340.1628793575019,342.2247899359048,335.93006052156835,336.6536865234375,14452200
2021-09-30 00:00:00-04:00,337.4863781379668,339.81589707106764,335.2063815997219,336.43560791015625,16547100
2021-10-01 00:00:00-04:00,338.6362412870357,342.0165605763661,335.69212443224353,340.0240783691406,14905300
2021-10-04 00:00:00-04:00,332.6091669200423,333.0156014474601,319.8908670335288,323.39013671875,42885000
2021-10-05 00:00:00-04:00,325.7196471719252,332.26219920558924,323.3207305857964,330.0615234375,35377900
2021-10-06 00:00:00-04:00,326.8695521281811,331.4691747245333,322.96384802328623,330.7356262207031,26443000
2021-10-07 00:00:00-04:00,334.0663682700986,335.89034718472595,326.1161943728777,326.3540954589844,28307500
2021-10-08 00:00:00-04:00,328.6242229160633,330.4977547794494,325.8485786991518,327.1769104003906,15946100
2021-10-11 00:00:00-04:00,324.77792829946685,327.5832793428931,322.4781170454003,322.6169128417969,14708200
2021-10-12 00:00:00-04:00,320.21798954237187,321.5562437044352,314.60725679206337,320.9515380859375,31658700
2021-10-13 00:00:00-04:00,324.12371375601333,324.15345139468826,319.85123490549086,321.7148742675781,14761500
2021-10-14 00:00:00-04:00,325.50154103861985,327.64274140416654,324.252530180988,325.6700744628906,14302200
2021-10-15 00:00:00-04:00,325.81875031443235,326.20536978683685,319.7024786640568,321.9328918457031,21596400
2021-10-18 00:00:00-04:00,326.0864785457651,332.96606776369435,324.64908879992856,332.42083740234375,21585000
2021-10-19 00:00:00-04:00,336.6933283328445,339.4788647603777,334.3439641094444,337.0303649902344,18786300
2021-10-20 00:00:00-04:00,340.46021651337685,340.98560155556015,336.4950372510375,337.8134460449219,13639500
2021-10-21 00:00:00-04:00,337.317852654751,339.3301802425629,334.8594302277221,338.9039306640625,16354400
2021-10-22 00:00:00-04:00,323.5091145151321,326.7605607564553,318.31470838122334,321.78424072265625,35224500
2021-10-25 00:00:00-04:00,317.5117563069419,326.69115710668046,316.93681855417015,325.8287353515625,38409000
2021-10-26 00:00:00-04:00,325.4024226923241,327.33542929403217,306.9048591193704,313.060791015625,65654000
2021-10-27 00:00:00-04:00,311.4549272341347,316.47087668883006,309.3434643911741,309.5020751953125,29971800
2021-10-28 00:00:00-04:00,310.2653517497801,322.6862744629049,305.42782825462723,314.1611633300781,50806800
2021-10-29 00:00:00-04:00,317.4027143186417,323.1621352287927,316.81785396180146,320.7532958984375,37059400
2021-11-01 00:00:00-04:00,323.20177881185055,330.54727722256507,323.16211854762673,327.10748291015625,31518900
2021-11-02 00:00:00-04:00,328.4952901589308,331.875609206315,320.9812583023062,325.2239990234375,28353000
2021-11-03 00:00:00-04:00,324.6391323495334,329.25856986128804,320.38649933440297,328.7331848144531,20786500
2021-11-04 00:00:00-04:00,331.1024126520275,334.33401339052415,329.7542358838118,332.9263916015625,22495300
2021-11-05 00:00:00-04:00,337.34756183736033,343.77116361985196,336.6834112016594,338.1604309082031,26872800
2021-11-08 00:00:00-05:00,341.421862337965,341.7886366746504,335.39477135332146,335.6723327636719,18342500
2021-11-09 00:00:00-05:00,337.0401998142938,338.33879345813114,331.5583413038614,332.45050048828125,17556700
2021-11-10 00:00:00-05:00,329.59562832992003,330.2895468537602,322.67640935822544,324.7878723144531,21872600
2021-11-11 00:00:00-05:00,326.94887310974923,329.56587577012334,324.15341438577855,324.886962890625,12376600
2021-11-12 00:00:00-05:00,327.3057558051871,338.88407343601807,326.9092438798421,337.92254638671875,25414300
2021-11-15 00:00:00-05:00,341.3424835453799,350.57143667963453,340.2124230860424,344.5344543457031,25076600
2021-11-16 00:00:00-05:00,340.83690901944357,343.6323678721777,337.9026846129846,339.9744873046875,18181100
2021-11-17 00:00:00-05:00,341.24332209715345,344.27668185234273,337.13937723798097,337.80352783203125,13602800
2021-11-18 00:00:00-05:00,336.76273183814124,339.4788704029074,332.38119471540324,335.74169921875,17487200
2021-11-19 00:00:00-05:00,339.2211080822215,349.0349209979875,336.94111178741986,342.2940979003906,26488500
2021-11-22 00:00:00-05:00,346.01146236419726,350.74985063397304,337.5458259535409,338.0414733886719,27116800
2021-11-23 00:00:00-05:00,335.9795158364381,338.4280150314949,330.5967927088642,334.31414794921875,17225000
2021-11-24 00:00:00-05:00,333.07511425972456,338.8047980509013,329.91288084406926,338.091064453125,13566200
2021-11-26 00:00:00-05:00,332.8768168926907,334.8098540575957,329.0107728148004,330.22015380859375,14750700
2021-11-29 00:00:00-05:00,333.95737234216773,337.70446606683015,332.3911093701691,335.0874328613281,16650900
2021-11-30 00:00:00-05:00,332.08378507896754,332.8867315122885,320.61449604727216,321.6355285644531,25390000
2021-12-01 00:00:00-05:00,327.41480920775433,327.62297267144055,307.588910710239,307.8962097167969,30329600
2021-12-02 00:00:00-05:00,308.68917539543384,311.8613306581349,304.5257556465427,307.68798828125,24396200
2021-12-03 00:00:00-05:00,310.9989509816925,311.0187659884353,296.89281406704816,304.1689147949219,27471000
2021-12-06 00:00:00-05:00,305.4476730378926,317.31347306121404,303.6732468667955,315.1028747558594,21758300
2021-12-07 00:00:00-05:00,318.7706820353999,323.6974184932654,318.20563672841274,319.9998779296875,18794000
2021-12-08 00:00:00-05:00,322.17086695735424,329.85340301556806,320.2576749155764,327.6824645996094,19937700
2021-12-09 00:00:00-05:00,326.6713217016124,333.2039513001033,325.1447191229976,326.9488830566406,16879200
2021-12-10 00:00:00-05:00,329.6649914939151,332.1134908245347,323.5288743506199,326.87945556640625,14528000
2021-12-13 00:00:00-05:00,328.0690544396318,338.120768847072,326.72087766442525,331.5782165527344,22948700
2021-12-14 00:00:00-05:00,325.19427696326966,332.7777070826221,324.7977650571663,330.8347473144531,20461000
2021-12-15 00:00:00-05:00,329.59563392577627,339.1318860901714,321.1597348390758,338.6858215332031,24681300
2021-12-16 00:00:00-05:00,336.02921149324413,341.46148907962584,330.834804789546,331.9847106933594,22635000
2021-12-17 00:00:00-05:00,329.9028749869409,334.17535286530943,327.8707328853936,330.88427734375,40012600
2021-12-20 00:00:00-05:00,326.9092061224686,327.02815666114145,319.7223186424487,322.6169128417969,17901800
2021-12-21 00:00:00-05:00,323.56857565417766,333.0750902240933,320.9317275596732,331.290771484375,16116800
2021-12-22 00:00:00-05:00,330.8942699701148,331.59811122504783,325.4025172677589,327.5734558105469,16764600
2021-12-23 00:00:00-05:00,327.2264458403401,333.73926046044926,325.50157217835203,332.3216857910156,13987700
2021-12-27 00:00:00-05:00,335.90032469629205,344.84179491578436,335.0676405069491,343.16650390625,17795000
2021-12-28 00:00:00-05:00,343.61255025505903,349.6396098349676,342.19500583233264,343.20611572265625,16637600
2021-12-29 00:00:00-05:00,343.8900925578149,346.64589097074906,338.6659797027257,339.95465087890625,10747000
2021-12-30 00:00:00-05:00,341.00539206528754,344.2072849803108,340.232183374751,341.36224365234375,10593300
2021-12-31 00:00:00-05:00,340.03397839408666,340.4503355784657,333.3427375694343,333.42205810546875,12870500
2022-01-03 00:00:00-05:00,335.3550557110125,338.1108543487535,334.2547328826255,335.5929870605469,14537900
2022-01-04 00:00:00-05:00,336.99067483088044,340.1033247300431,328.9809960134747,333.6004333496094,15998000
2022-01-05 00:00:00-05:00,330.12098787578486,332.8371562358702,321.0209087490122,321.3480529785156,20564500
2022-01-06 00:00:00-05:00,320.0098205355799,336.2174978797131,319.9106849971609,329.5658874511719,27962800
2022-01-07 00:00:00-05:00,329.8434453738167,334.0663712007667,326.01706169641426,328.9017333984375,14722000
2022-01-10 00:00:00-05:00,322.4781278394008,325.4817500490974,312.68412980194535,325.214111328125,24942400
2022-01-11 00:00:00-05:00,323.93530481633513,331.7169748373019,322.448362656351,331.459228515625,16226800
2022-01-12 00:00:00-05:00,332.2621863257024,333.4418295668102,327.15702411733304,330.3589172363281,14104900
2022-01-13 00:00:00-05:00,332.06391399981203,332.7082495131672,322.9241755317914,323.6379089355469,14797100
2022-01-14 00:00:00-05:00,318.9887957429694,329.8335644167679,318.4138277573684,329.0107727050781,16868500
2022-01-18 00:00:00-05:00,320.4757328930127,321.38770724912837,314.8749228247817,315.3804626464844,22645600
2022-01-19 00:00:00-05:00,316.7979997340146,324.25255648211686,316.5501760176956,316.80792236328125,20814700
2022-01-20 00:00:00-05:00,321.08042246053043,324.96631190525255,313.2293835392829,313.8043212890625,16925000
2022-01-21 00:00:00-05:00,312.06954052686575,315.5390726265912,300.4020106136228,300.5308837890625,28710700
2022-01-24 00:00:00-05:00,295.24724373871493,306.83548253324034,286.4941238429113,306.0226135253906,38878100
2022-01-25 00:00:00-05:00,297.33892957316243,303.56426059087903,294.9895351520155,297.53717041015625,25108500
2022-01-26 00:00:00-05:00,304.3373879500418,304.83303528770085,288.31806236667074,292.0651550292969,28348800
2022-01-27 00:00:00-05:00,295.15804679430795,299.08356599902004,291.69843738739166,292.07513427734375,21629900
2022-01-28 00:00:00-05:00,293.046605096765,299.27193610509295,290.47915483437316,299.0835876464844,21871600
2022-01-31 00:00:00-05:00,298.0625437346582,311.0584356248489,296.7143971894849,310.5330505371094,21579500
2022-02-01 00:00:00-05:00,311.821701482423,316.8773112011151,309.40293966017686,316.2230529785156,18023800
2022-02-02 00:00:00-05:00,324.96634274369376,325.14476858794507,314.1116501062232,320.18829345703125,58458300
2022-02-03 00:00:00-05:00,242.52028286095725,245.84112671168018,233.6977646059621,235.6902618408203,188119900
2022-02-04 00:00:00-05:00,232.92458253075475,240.49807556869192,228.10688832560353,235.026123046875,89342200
2022-02-07 00:00:00-05:00,235.63080405625365,236.22558707024265,222.05997391651653,222.9521484375,88613800
2022-02-08 00:00:00-05:00,218.92748656351395,223.8046556975706,214.26838839341522,218.2633056640625,94729700
2022-02-09 00:00:00-05:00,222.2482900293233,231.33846148499288,220.2756230677488,229.9803924560547,86563300
2022-02-10 00:00:00-05:00,226.28289646247256,232.9543070635339,224.72655617184256,226.0846405029297,49310400
2022-02-11 00:00:00-05:00,226.471234956997,228.41416445140362,216.86558514893198,217.6387939453125,46156900
2022-02-14 00:00:00-05:00,217.4008711781249,219.0761618951234,212.9103067167767,215.8048858642578,38184000
2022-02-15 00:00:00-05:00,218.55078679053494,219.22486005892043,213.18787777639622,219.076171875,42685500
2022-02-16 00:00:00-05:00,210.56094601163443,215.56698810761435,210.51137824316746,214.6549835205078,45817500
2022-02-17 00:00:00-05:00,212.15692341599396,215.60662518366414,205.3566402879214,205.90185546875,38747500
2022-02-18 00:00:00-05:00,207.5672191801396,208.9153807236556,203.39386138428333,204.36534118652344,37128400
2022-02-22 00:00:00-05:00,200.57859302783234,205.673847868195,198.31844201699187,200.32086181640625,39852400
2022-02-23 00:00:00-05:00,202.38275807505894,205.13855651896256,196.32594600030123,196.7224578857422,44481400
2022-02-24 00:00:00-05:00,189.3967909321892,206.53628729690607,188.56410689144704,205.79281616210938,49957200
2022-02-25 00:00:00-05:00,203.15596878731102,209.48043476464565,201.4112801723448,208.64773559570312,37627600
2022-02-28 00:00:00-05:00,205.87211866348667,211.29450300532383,205.02952706959343,209.19296264648438,34239800
2022-03-01 00:00:00-05:00,208.0430483616429,209.9066875471143,200.45964869899032,201.71859741210938,27094900
2022-03-02 00:00:00-05:00,202.9973266900887,207.3292796724397,200.26135877375495,206.29833984375,29452100
2022-03-03 00:00:00-05:00,207.20046210869705,207.25993738193364,199.66661489556296,201.203125,27263500
2022-03-04 00:00:00-05:00,200.60833967639832,204.09770188319834,197.05950219705525,198.31845092773438,32130900
2022-03-07 00:00:00-05:00,199.04209884176245,199.14123438340457,185.64971001813566,185.8380584716797,38560600
2022-03-08 00:00:00-05:00,186.21476736768085,194.9877188332705,184.48990866339375,188.63351440429688,37508100
2022-03-09 00:00:00-05:00,194.03606526779308,197.36681666982452,192.23190132562794,196.77203369140625,31894700
2022-03-10 00:00:00-05:00,193.14387652938188,194.57134347134718,189.40670599838367,193.5106658935547,24853000
2022-03-11 00:00:00-05:00,190.96306497278132,191.8750545422777,185.04503271256127,185.9768524169922,34694500
2022-03-14 00:00:00-04:00,185.40188300136523,190.61608870370827,184.20242464895531,185.00537109375,31010500
2022-03-15 00:00:00-04:00,189.13907936744985,190.6061916572676,184.2916476700059,190.35836791992188,31721700
2022-03-16 00:00:00-04:00,193.0051051808488,201.95649650852528,192.8266793674669,201.8573760986328,40640300
2022-03-17 00:00:00-04:00,199.9441810370378,206.22898715868908,199.35932066827604,206.03073120117188,29499700
2022-03-18 00:00:00-04:00,204.9006526960362,214.91273723110518,204.2067492915965,214.60543823242188,52128000
2022-03-21 00:00:00-04:00,212.6327329191068,212.84091148088274,205.82254253724898,209.64894104003906,30142300
2022-03-22 00:00:00-04:00,209.53000212527914,217.54958951329053,208.3503587518727,214.7640380859375,31998800
2022-03-23 00:00:00-04:00,211.47291821952788,214.91271233225916,210.31310513662962,211.60179138183594,23717300
2022-03-24 00:00:00-04:00,213.12840537772053,218.74904569512475,212.9202267914641,217.65863037109375,31502300
2022-03-25 00:00:00-04:00,218.59041391544503,223.5369804809676,216.98452115761796,219.88902282714844,40039000
2022-03-28 00:00:00-04:00,220.19631852795726,222.08968009819674,217.6288535029848,221.6436004638672,26224100
2022-03-29 00:00:00-04:00,224.1020384066852,228.8800718121414,223.3288144925983,227.85903930664062,31417900
2022-03-30 00:00:00-04:00,226.9173167936126,229.1378076655561,224.73647106182824,225.86654663085938,25588000
2022-03-31 00:00:00-04:00,226.46131389627396,226.50097416228894,220.3251961259612,220.42433166503906,24192300
2022-04-01 00:00:00-04:00,222.59524769852732,225.3014782348387,220.76134629011395,222.89263916015625,19544800
2022-04-04 00:00:00-04:00,224.01284150965282,232.3099910062323,223.893890949087,231.85398864746094,28054800
2022-04-05 00:00:00-04:00,232.0422984945777,234.7980969460223,229.00893869737314,229.82179260253906,29727200
2022-04-06 00:00:00-04:00,224.9347151034795,226.99661017964237,219.4825934997473,221.35614013671875,28995100
2022-04-07 00:00:00-04:00,221.9806658434369,223.55683627381228,216.6574169233372,221.0092010498047,21037200
2022-04-08 00:00:00-04:00,220.44414479208226,223.17020552086805,218.11459593710012,220.3945770263672,18375700
2022-04-11 00:00:00-04:00,216.51859757528078,218.68953549889048,213.34645739907467,214.57566833496094,20516600
2022-04-12 00:00:00-04:00,218.32279924455113,220.09721050095476,211.27469173834876,212.27589416503906,20128800
2022-04-13 00:00:00-04:00,209.97611171634134,214.72440805564824,209.4903717266493,213.11851501464844,19231800
2022-04-14 00:00:00-04:00,213.01937834088108,213.11851388958831,208.17194647793335,208.35037231445312,18379500
2022-04-18 00:00:00-04:00,208.17190994324702,211.52249123883075,206.48671179270767,208.93521118164062,16580800
2022-04-19 00:00:00-04:00,208.6874183483184,216.52854995364393,207.18064578010325,215.41830444335938,20089900
2022-04-20 00:00:00-04:00,211.75048946947976,212.2957046517589,197.18836598093702,198.67530822753906,43036500
2022-04-21 00:00:00-04:00,199.8450653573932,201.20313458082896,183.96451623076376,186.43284606933594,49954100
2022-04-22 00:00:00-04:00,188.71280973536275,191.04235885583572,181.67462485450002,182.50730895996094,36426800
2022-04-25 00:00:00-04:00,181.139302675937,185.55056170817895,180.07862505796282,185.3622283935547,29281100
2022-04-26 00:00:00-04:00,185.00536429800306,185.56048699865713,177.93742711598594,179.3748016357422,31747400
2022-04-27 00:00:00-04:00,172.91157012244597,179.6325637703488,167.5288458276173,173.4270477294922,71062900
2022-04-28 00:00:00-04:00,201.15356583343285,206.71473100829363,191.22078637719784,203.93910217285156,100890600
2022-04-29 00:00:00-04:00,202.68017157699896,210.63034616352076,198.15985391157957,198.7248992919922,49193400
2022-05-02 00:00:00-04:00,199.41878050998523,210.03555486785692,199.24035469981607,209.29208374023438,49915300
2022-05-03 00:00:00-04:00,208.6180173147746,213.0292767771703,206.2785606489031,210.18426513671875,41556300
2022-05-04 00:00:00-04:00,208.81626224243902,222.34744654800306,205.15839680914934,221.46519470214844,41375900
2022-05-05 00:00:00-04:00,216.83585515286595,218.2533996208579,204.36536330702657,206.46690368652344,41129200
2022-05-06 00:00:00-04:00,205.5351005682688,207.55735082796951,199.27012406734383,201.99618530273438,34747200
2022-05-09 00:00:00-04:00,198.10035838901905,200.80660420921586,193.8774477905192,194.50196838378906,36303200
2022-05-10 00:00:00-04:00,197.77323719295447,201.19321664925386,192.49955626673494,195.92942810058594,34452500
2022-05-11 00:00:00-04:00,194.62094046425895,198.9231569416904,186.63110554161176,187.09701538085938,31153400
2022-05-12 00:00:00-04:00,185.43160563866368,196.32594109879756,183.17145467096796,189.57522583007812,38262200
2022-05-13 00:00:00-04:00,190.90357657872764,198.14993998847334,189.61489016381347,196.8909912109375,24549800
2022-05-16 00:00:00-04:00,195.33465259058252,203.58221785060556,194.2243920764948,198.29861450195312,27112600
2022-05-17 00:00:00-04:00,200.36050797611236,203.67144423340272,196.6332448276037,200.8561553955078,24872700
2022-05-18 00:00:00-04:00,198.25897094773953,199.25026580247822,189.96183785388354,190.5665283203125,23960000
2022-05-19 00:00:00-04:00,189.5355887217403,193.58998137940185,187.94952589985266,189.6248016357422,24446900
2022-05-20 00:00:00-04:00,193.2727689309171,196.1871783731729,186.23456905164684,191.85520935058594,31465600
2022-05-23 00:00:00-04:00,193.49083435582054,195.27516802030826,189.57522292255692,194.5217742919922,25059200
2022-05-24 00:00:00-04:00,178.97829378660447,182.08103647842762,174.57694209488812,179.70193481445312,50406300
2022-05-25 00:00:00-04:00,178.82958708537754,183.8356291645361,177.75900194507628,182.229736328125,28030200
2022-05-26 00:00:00-04:00,181.2880223555462,191.15140392285537,180.67340921086296,189.96185302734375,23056500
2022-05-27 00:00:00-04:00,189.69419516808324,193.62963718300583,188.1477775238642,193.43138122558594,22562700
2022-05-31 00:00:00-04:00,193.19346434021034,195.87988020083372,190.33853016005855,191.954345703125,26131100
2022-06-01 00:00:00-04:00,194.79936545558363,197.79308044410078,183.38956601023835,186.9978790283203,36623500
2022-06-02 00:00:00-04:00,186.80950815490593,199.19078605787604,186.09577466544653,197.12889099121094,31951600
2022-06-03 00:00:00-04:00,194.27396242446108,194.89848302655813,188.12793731775005,189.11923217773438,19465000
2022-06-06 00:00:00-04:00,192.3012745469135,195.20576091224694,186.75992538286386,192.5590057373047,30574200
2022-06-07 00:00:00-04:00,190.2592201932253,194.81918271881858,189.8230631492287,193.94683837890625,18828700
2022-06-08 00:00:00-04:00,192.97537055202793,200.27130140118285,192.7176393311409,194.92822265625,22267200
2022-06-09 00:00:00-04:00,192.5887643538881,197.713756969315,182.0810327786021,182.39825439453125,23501600
2022-06-10 00:00:00-04:00,181.44663154416335,181.50612195042973,173.49645647353194,174.0416717529297,27450800
2022-06-13 00:00:00-04:00,169.10500770703328,171.07769017073412,162.6021150315047,162.83010864257812,31749300
2022-06-14 00:00:00-04:00,164.58468395588787,165.29841746325724,159.9553387871744,162.30470275878906,27244300
2022-06-15 00:00:00-04:00,165.74448533100573,170.6613141290513,162.55251490737075,167.8757781982422,30008300
2022-06-16 00:00:00-04:00,162.29481651488845,163.64297830252244,158.22059351244727,159.46961975097656,26944100
2022-06-17 00:00:00-04:00,160.2725559821109,164.45582176964723,158.5080522282356,162.31463623046875,31374200
2022-06-21 00:00:00-04:00,164.48556555136005,166.29963714436744,154.61227621435427,155.68287658691406,50724900
2022-06-22 00:00:00-04:00,157.00127603788218,159.390285021925,154.086866891369,154.49330139160156,47267800
2022-06-23 00:00:00-04:00,154.90966528157492,158.35936745470903,152.90724525752032,157.36807250976562,40499200
2022-06-24 00:00:00-04:00,160.3220886937685,168.76792383088141,159.89583923030838,168.6787109375,68736000
2022-06-27 00:00:00-04:00,169.8286435619368,170.25489309350084,166.54744485240766,168.0145721435547,29174600
2022-06-28 00:00:00-04:00,168.42097363647179,169.8087953757403,159.21185197352423,159.28123474121094,27744500
2022-06-29 00:00:00-04:00,162.1461193919892,164.8820879607232,158.92441086091708,162.5128936767578,28595200
2022-06-30 00:00:00-04:00,160.7384575527912,163.79164757572488,157.11032981455412,159.84629821777344,35250600
2022-07-01 00:00:00-04:00,158.9144937537547,159.2217927733983,153.6507198986701,158.63693237304688,31423900
2022-07-05 00:00:00-04:00,156.76336002821185,166.78535112270356,155.65311468571062,166.7258758544922,28618600
2022-07-06 00:00:00-04:00,166.7358044722956,170.09629368542892,164.0196660402876,168.29214477539062,23085900
2022-07-07 00:00:00-04:00,167.9749321123274,171.21647094718156,166.3194713031898,170.6910858154297,24083400
2022-07-08 00:00:00-04:00,168.50028168128424,170.89921322255273,166.68621042725124,169.3924560546875,19249200
2022-07-11 00:00:00-04:00,165.61565598193803,166.03199804940502,160.5005703656967,161.46212768554688,21885600
2022-07-12 00:00:00-04:00,163.36538896731187,164.46572681989724,160.6888959849567,161.8487091064453,16639700
2022-07-13 00:00:00-04:00,158.76580420983865,163.54383804509905,158.22058895738138,162.0668182373047,16555100
2022-07-14 00:00:00-04:00,159.8165513084792,161.1746203649273,155.91084731663682,156.6741485595703,23765200
2022-07-15 00:00:00-04:00,159.1424606102135,163.54381194440333,158.42874226976485,163.26625061035156,23342800
2022-07-18 00:00:00-04:00,165.29841367168555,170.19541257482624,164.198075800227,165.77423095703125,23574300
2022-07-19 00:00:00-04:00,168.8869078373699,174.9536429313068,168.03439361548112,174.24981689453125,25933700
2022-07-20 00:00:00-04:00,175.9449279721321,182.00174009691054,175.16179657187416,181.4961700439453,24784300
2022-07-21 00:00:00-04:00,179.05761788317767,182.24958894321327,177.31292902991436,181.57550048828125,27195800
2022-07-22 00:00:00-04:00,171.5634172107559,174.0713921211751,166.94397930324826,167.79649353027344,42583900
2022-07-25 00:00:00-04:00,167.52882872010937,169.08516888643103,163.37530090151066,165.19927978515625,26166300
2022-07-26 00:00:00-04:00,164.49548867554608,164.55496395320677,156.57503647124767,157.76458740234375,28468400
2022-07-27 00:00:00-04:00,161.1746627742943,169.3825847933794,160.60963244648286,168.10382080078125,43846600
2022-07-28 00:00:00-04:00,159.65794420750422,160.1040238594666,153.50201173331402,159.32090759277344,73214300
2022-07-29 00:00:00-04:00,156.3172973966075,158.74596691052585,153.81922997825376,157.71502685546875,42065400
2022-08-01 00:00:00-04:00,155.88111777957656,163.7520014408737,153.87869791368956,158.53778076171875,40596700
2022-08-02 00:00:00-04:00,156.93192313631215,160.8277207020017,156.63453158438764,158.79556274414062,27374500
2022-08-03 00:00:00-04:00,161.27375453190913,168.0641148826389,160.1635091886448,167.33056640625,31721900
2022-08-04 00:00:00-04:00,166.83493095275554,170.65140715656858,165.34798863611059,169.08517456054688,23938200
2022-08-05 00:00:00-04:00,165.53633815049744,170.1161156749895,164.3566948181987,165.65528869628906,25832700
2022-08-08 00:00:00-04:00,166.5375309746696,175.96473933628346,165.67510931528614,168.7679443359375,27299100
2022-08-09 00:00:00-04:00,167.47925398956878,168.05420679058827,165.14972027742735,167.0629119873047,18655100
2022-08-10 00:00:00-04:00,174.4580025790822,178.90890719547573,172.4357524234894,176.78753662109375,30262100
2022-08-11 00:00:00-04:00,178.14559139095888,181.50608008675786,174.83465533334396,175.94491577148438,24079100
2022-08-12 00:00:00-04:00,179.23602518954743,179.8803759384062,177.35257096418084,178.92872619628906,21274000
2022-08-15 00:00:00-04:00,177.4021160006009,179.86052275759945,176.6487223062289,179.3153076171875,15878700
2022-08-16 00:00:00-04:00,177.8779619475911,179.41447209085894,175.49884507628477,177.90769958496094,21156700
2022-08-17 00:00:00-04:00,175.2212730535076,176.5892647931606,172.65382301032733,173.32791137695312,20118100
2022-08-18 00:00:00-04:00,172.82233528191773,174.22997211114853,170.36392836368074,173.13955688476562,18844500
2022-08-19 00:00:00-04:00,168.71838513218586,170.81994055822395,165.59581231831734,166.49789428710938,26240800
2022-08-22 00:00:00-04:00,164.04940786700593,164.04940786700593,160.84751426544375,161.63064575195312,19499700
2022-08-23 00:00:00-04:00,161.06557329488396,163.6132081664498,159.30106977820242,159.70750427246094,18111800
2022-08-24 00:00:00-04:00,159.20195810249263,164.0196516525699,158.37918156631125,161.8387908935547,20891500
2022-08-25 00:00:00-04:00,163.742077693332,167.40988077562878,162.5921871516085,167.3107452392578,15550500
2022-08-26 00:00:00-04:00,167.01334580369445,169.43210756676726,160.2626305495521,160.37167358398438,24023600
2022-08-29 00:00:00-04:00,159.26145882808834,161.63065328045607,157.62581299739847,157.784423828125,20052700
2022-08-30 00:00:00-04:00,158.9541335935069,160.25272741333785,154.55278208516222,155.79190063476562,19567900
2022-08-31 00:00:00-04:00,165.61566408238514,166.37895034709413,160.7285718323034,161.51168823242188,40953000
2022-09-01 00:00:00-04:00,162.15599825067065,165.90309122402968,158.95412041914062,163.92050170898438,30145700
2022-09-02 00:00:00-04:00,165.99231447657763,166.46813175460187,157.8339623485163,158.9243927001953,22634200
2022-09-06 00:00:00-04:00,158.70631429044778,160.2824694990789,156.31729003024532,157.15988159179688,19339800
2022-09-07 00:00:00-04:00,156.38667922477052,159.55883503081463,155.44495208745863,158.99378967285156,16831200
2022-09-08 00:00:00-04:00,157.3284174354753,160.8177645307071,156.36686018950508,160.6492462158203,22530800
2022-09-09 00:00:00-04:00,161.82888708531772,168.06412514515839,161.60089350110928,167.67752075195312,22086800
2022-09-12 00:00:00-04:00,165.93285648840623,169.89803617879264,165.8238134418822,167.48919677734375,23220400
2022-09-13 00:00:00-04:00,160.13377591386535,160.22300395305948,151.3409947482943,151.7969970703125,44444100
2022-09-14 00:00:00-04:00,151.99523720059614,152.20340064312884,147.75249656335097,150.15142822265625,43064200
2022-09-15 00:00:00-04:00,148.49599269308936,152.8576846035777,147.40556215248668,148.2481689453125,34606300
2022-09-16 00:00:00-04:00,146.7611985428687,147.28658357814408,143.0339204046636,145.01651000976562,40122800
2022-09-19 00:00:00-04:00,143.9756772088242,147.28659855580412,143.83689652739272,146.73147583007812,22169500
2022-09-20 00:00:00-04:00,144.51096882445577,147.54432878807003,143.9558461024819,144.81826782226562,23217400
2022-09-21 00:00:00-04:00,145.11566125945427,148.29772457574842,140.76387720990476,140.88282775878906,38338600
2022-09-22 00:00:00-04:00,140.3178028899763,143.32142537181252,139.64371445995508,141.57675170898438,34418500
2022-09-23 00:00:00-04:00,140.1889313455003,141.3784822716074,137.68095630825457,139.18772888183594,31710700
2022-09-26 00:00:00-04:00,138.90024802794656,141.00180367529504,135.00446600941672,135.18289184570312,30497000
2022-09-27 00:00:00-04:00,136.71938846907756,138.2063307938041,132.95246488791165,133.2300262451172,30826500
2022-09-28 00:00:00-04:00,133.44811665633205,140.79361560887784,133.10117251155577,140.3772735595703,32658500
2022-09-29 00:00:00-04:00,138.14686655208894,138.6226838987271,134.02307587866284,135.22254943847656,38985400
2022-09-30 00:00:00-04:00,134.86566021029577,139.76265892956278,134.32044504653885,134.49887084960938,33166400
2022-10-03 00:00:00-04:00,135.94617669127948,138.40458371235383,134.9152366908158,137.40338134765625,27723100
2022-10-04 00:00:00-04:00,139.26701646086826,141.15047059220228,138.12701832793766,139.058837890625,34670700
2022-10-05 00:00:00-04:00,137.03660833682997,138.9894604417,133.60672142963895,137.77015686035156,27979300
2022-10-06 00:00:00-04:00,136.52112097055306,140.21864633669762,135.41087563563656,137.859375,36231100
2022-10-07 00:00:00-04:00,135.56948321426967,137.08616318033515,131.28709717066118,132.28829956054688,33214800
2022-10-10 00:00:00-04:00,132.3874193707211,134.92513155816465,130.72203629398763,132.6253204345703,24024000
2022-10-11 00:00:00-04:00,130.47423358950223,131.50518878521092,125.88454079530821,127.4210433959961,38481400
2022-10-12 00:00:00-04:00,127.20295996419793,128.54119891036558,125.150972403732,126.39009094238281,34605200
2022-10-13 00:00:00-04:00,122.4546448648166,129.99839886279543,121.46335006942364,129.15579223632812,34325700
2022-10-14 00:00:00-04:00,129.8596359353625,130.64275227527537,125.41863131764799,125.65654754638672,23559400
2022-10-17 00:00:00-04:00,129.16569099978707,133.61659412812372,129.04672536066886,132.8731231689453,29612200
2022-10-18 00:00:00-04:00,135.89659941870124,136.6400705127759,130.25612963150132,131.64395141601562,25445000
2022-10-19 00:00:00-04:00,131.73315385736456,135.8073757344359,131.06898821450804,132.0701904296875,30691000
2022-10-20 00:00:00-04:00,131.77280107717593,135.57938433260037,130.16690845636006,130.38499450683594,26356300
2022-10-21 00:00:00-04:00,125.21046185736593,128.98729317086242,124.348040097076,128.8782501220703,46348600
2022-10-24 00:00:00-04:00,126.14225997579203,132.31802218177478,123.48558967928369,128.59075927734375,63563400
2022-10-25 00:00:00-04:00,129.74065374333438,137.1456262806238,129.45316981297384,136.31292724609375,38433200
2022-10-26 00:00:00-04:00,130.53370487759855,134.37002641761245,127.411132000014,128.68991088867188,82791500
2022-10-27 00:00:00-04:00,97.12707030310553,101.60771958540467,95.54099253236453,97.08741760253906,232316600
2022-10-28 00:00:00-04:00,98.71313024536227,99.97207121476372,96.66115047306104,98.33643341064453,95928300
2022-10-31 00:00:00-04:00,97.36497893611102,98.45540173117791,91.79389929610683,92.34902954101562,121361400
2022-11-01 00:00:00-04:00,93.50884752374887,96.64133540102044,92.73563873008625,94.37126922607422,110189600
2022-11-02 00:00:00-04:00,93.38988905186778,94.37126885823125,89.69236341187202,89.75183868408203,71821100
2022-11-03 00:00:00-04:00,89.295853037895,89.6725424051938,87.64039224708178,88.13603973388672,60664000
2022-11-04 00:00:00-04:00,89.56349972567841,90.59444741007951,87.32317095836484,89.99967193603516,55638100
2022-11-07 00:00:00-05:00,93.95492959844655,96.0366473799833,92.28955386062118,95.87804412841797,81987300
2022-11-08 00:00:00-05:00,95.08500329540075,96.94864251443767,93.96484280107093,95.63021850585938,52088300
2022-11-09 00:00:00-05:00,100.83451653036997,103.98683455524989,99.86304421903829,100.5866928100586,107677300
2022-11-10 00:00:00-05:00,106.18751313338271,111.76850073569403,103.69936079981403,110.89616394042969,80671000
2022-11-11 00:00:00-05:00,108.27914699531694,113.89978735355452,107.86279738275933,112.03614807128906,59961700
2022-11-14 00:00:00-05:00,110.02381464557875,115.25785030828123,109.83547376457382,113.22570037841797,53395000
2022-11-15 00:00:00-05:00,115.05958876518682,117.70634410360653,113.41404330659984,116.06079864501953,50670500
2022-11-16 00:00:00-05:00,113.50326491314802,115.0695126545756,111.67928594564738,112.24432373046875,33287800
2022-11-17 00:00:00-05:00,109.44886503222872,111.35214927717924,108.84417458519039,110.47980499267578,35093800
2022-11-18 00:00:00-05:00,112.80935860317447,113.32482860499377,109.65704063160446,111.07459259033203,33357700
2022-11-21 00:00:00-05:00,110.54920931683293,111.39181607334933,108.23949783494731,108.9036636352539,24351100
2022-11-22 00:00:00-05:00,108.90365433870404,110.64833541657183,107.37705934094218,110.46990203857422,29029000
2022-11-23 00:00:00-05:00,110.74747701764295,111.68920422890963,109.76609709938876,111.26294708251953,21343100
2022-11-25 00:00:00-05:00,110.33111199849877,111.7486638358951,110.05354310729881,110.44015502929688,12007600
2022-11-28 00:00:00-05:00,109.81564330754605,111.06467694794803,107.4365341325355,107.83305358886719,23309400
2022-11-29 00:00:00-05:00,108.58643888708252,109.97425319109101,107.59514403607353,108.50713348388672,23899200
2022-11-30 00:00:00-05:00,108.55670302333583,117.1314051371035,108.42782985029449,117.0719223022461,43348600
2022-12-01 00:00:00-05:00,118.16235226083045,120.14494211462276,117.36932085710157,119.39156341552734,36551400
2022-12-02 00:00:00-05:00,116.80427590530408,122.96021611715648,116.58618982465244,122.41500091552734,39950500
2022-12-05 00:00:00-05:00,120.69014650269564,123.58472561396967,120.29362705497797,121.36422729492188,35474900
2022-12-06 00:00:00-05:00,118.86618581030002,119.50061399848354,112.7498899777794,113.1265869140625,43689200
2022-12-07 00:00:00-05:00,112.76971409777941,114.87125452292487,111.8973697133219,112.938232421875,29461100
2022-12-08 00:00:00-05:00,115.3768046454245,116.3185317086247,113.59247092643747,114.32603454589844,30619400
2022-12-09 00:00:00-05:00,114.29629973425023,116.5167980904086,112.8787477899795,114.89107513427734,26033400
2022-12-12 00:00:00-05:00,114.17733554806748,114.71263564847612,112.15509324529451,113.71142578125,24747100
2022-12-13 00:00:00-05:00,121.06685531871187,122.22667621362064,117.60723789516547,119.10409545898438,44701100
2022-12-14 00:00:00-05:00,118.35070171403657,123.05935265645726,118.35070171403657,120.53154754638672,36922000
2022-12-15 00:00:00-05:00,117.29992387771452,117.59730780116884,113.01753033834721,115.13890075683594,34531000
2022-12-16 00:00:00-05:00,119.1833892878749,122.2365718354215,117.78565984708287,118.39035034179688,67064000
2022-12-19 00:00:00-05:00,115.81298573134167,116.77454300063903,113.33474846530926,113.48344421386719,29769900
2022-12-20 00:00:00-05:00,112.2740557377687,116.30862543554926,111.48101684028215,116.07070922851562,28742500
2022-12-21 00:00:00-05:00,115.68410100799696,119.29241350219432,114.61350836378021,118.71746826171875,20392800
2022-12-22 00:00:00-05:00,116.17974644378964,117.5873907944349,113.38429543656028,116.10044860839844,23618100
2022-12-23 00:00:00-05:00,115.01993880119159,117.15122421471159,114.53420644838265,117.01244354248047,17796600
2022-12-27 00:00:00-05:00,116.90341153100645,117.56757731975019,115.0397797831497,115.862548828125,21392300
2022-12-28 00:00:00-05:00,115.23803081847723,117.12149261971926,114.50447471842836,114.61351776123047,19612500
2022-12-29 00:00:00-05:00,115.38672820613152,119.97642088372568,114.76220757701917,119.21312713623047,22366200
2022-12-30 00:00:00-05:00,117.13141888866514,119.37174010618361,116.71506924770124,119.29243469238281,19583800
2023-01-03 00:00:00-05:00,121.75084455355073,125.26994462514445,121.21554437696301,123.65412902832031,35528500
2023-01-04 00:00:00-05:00,126.27113034212354,127.92659842487713,124.75445049089438,126.26122283935547,32397100
2023-01-05 00:00:00-05:00,125.03202218975811,127.40122394307504,123.45586693938299,125.83497619628906,25447100
2023-01-06 00:00:00-05:00,127.84730565506447,129.1954673366725,124.94281126846515,128.88816833496094,27584500
2023-01-09 00:00:00-05:00,130.0182474045574,131.79265868414586,128.15460808502064,128.34295654296875,26649100
2023-01-10 00:00:00-05:00,126.16210526612231,132.27840087038675,126.04315471213991,131.8323211669922,28684400
2023-01-11 00:00:00-05:00,129.8199777912905,132.68481924934517,129.20536471009615,131.73316955566406,25423000
2023-01-12 00:00:00-05:00,132.27840442063882,136.4814854510704,130.61302099038483,135.5199432373047,30757700
2023-01-13 00:00:00-05:00,133.79506989412366,136.19400166584558,133.66619672063948,135.78756713867188,22423800
2023-01-17 00:00:00-05:00,134.99452505190794,135.55957037535876,133.08133325697926,134.18167114257812,21147600
2023-01-18 00:00:00-05:00,134.62773568755287,136.05520252766846,131.6439439772816,131.86203002929688,20215500
2023-01-19 00:00:00-05:00,131.33664034705495,136.25345359221458,130.9896811514115,134.9647674560547,28625200
2023-01-20 00:00:00-05:00,134.70708157433316,138.72182948749708,133.4382251408043,138.1567840576172,28688600
2023-01-23 00:00:00-05:00,138.07749215359826,142.50858259963144,137.45298650666888,142.02285766601562,27470100
2023-01-24 00:00:00-05:00,140.45657683585247,143.73776053550952,140.1294477036565,141.89395141601562,21970200
2023-01-25 00:00:00-05:00,139.9906728793258,141.92369499048152,139.088590852133,140.2682342529297,26622000
2023-01-26 00:00:00-05:00,143.1429666455006,146.2258941555542,142.05255141383566,146.01773071289062,25482100
2023-01-27 00:00:00-05:00,146.94955074370452,151.85645711696716,146.10694408954603,150.41908264160156,35771900
2023-01-30 00:00:00-05:00,148.1093800836338,149.80448595440728,145.67078788457044,145.7798309326172,28040100
2023-01-31 00:00:00-05:00,146.66207748102659,148.5752845041938,146.23582793433843,147.67320251464844,29842100
2023-02-01 00:00:00-05:00,146.7413764088904,152.24306588807985,145.77981918793483,151.7870635986328,55661000
2023-02-02 00:00:00-05:00,181.7836755049325,195.44371891127255,178.59170450785547,187.1267547607422,150475700
2023-02-03 00:00:00-05:00,181.87288980447352,195.05711596317784,181.29793690534038,184.90625,76809700
2023-02-06 00:00:00-05:00,184.90623267945966,189.03993051222616,183.90503029642124,184.44032287597656,42483800
2023-02-07 00:00:00-05:00,183.96451992977168,192.0931355517408,182.7947840150465,189.95193481445312,47080700
2023-02-08 00:00:00-05:00,188.34603637486495,189.16881298045985,181.3276664674653,181.83322143554688,36139100
2023-02-09 00:00:00-05:00,184.50970705549832,185.02516946385683,175.726834470518,176.3711700439453,37118800
2023-02-10 00:00:00-05:00,174.81486359032888,177.33274600863183,171.84097885758246,172.63400268554688,33433600
2023-02-13 00:00:00-05:00,176.66856844178548,179.42436690011945,174.28946686476417,177.86802673339844,31463200
2023-02-14 00:00:00-05:00,175.61780626083268,179.92992995474845,174.34895001230046,177.9176025390625,24034600
2023-02-15 00:00:00-05:00,174.88424941813702,176.63884567632195,173.80374157662817,175.61781311035156,25308900
2023-02-16 00:00:00-05:00,171.24620282331836,174.31922322248573,170.29455301472416,170.93890380859375,25827500
2023-02-17 00:00:00-05:00,168.73821306504692,171.67243739377372,168.22273550017792,171.37506103515625,24171300
2023-02-21 00:00:00-05:00,172.7926146811642,176.61901366845885,170.3837752916554,170.58203125,34592600
2023-02-22 00:00:00-05:00,169.58083370599772,171.25610945926005,168.2128418399416,169.63038635253906,22433200
2023-02-23 00:00:00-05:00,170.50271326007802,172.17800396749618,167.9055256077023,170.5423583984375,20017800
2023-02-24 00:00:00-05:00,167.17195709518748,169.23385212671894,166.20049241118272,168.90672302246094,19791300
2023-02-27 00:00:00-05:00,170.38378974915403,171.61298587076692,167.58833058362544,168.06414794921875,19277000
2023-02-28 00:00:00-05:00,170.4035696035187,176.00439428377393,170.3738319696767,173.4171142578125,46051100
2023-03-01 00:00:00-05:00,173.07013707407324,176.30176745859768,171.54354990003873,171.9103240966797,30998400
2023-03-02 00:00:00-05:00,170.87943351305253,173.48652902510946,169.9376911811716,173.01071166992188,17352000
2023-03-03 00:00:00-05:00,177.36247652852418,184.99544401107892,175.50875995980698,183.6373748779297,45877700
2023-03-06 00:00:00-05:00,186.36344076544492,188.00899392583824,183.03268930417306,183.29042053222656,33209400
2023-03-07 00:00:00-05:00,187.35472794639318,188.7028895567601,182.4081611653204,182.90380859375,36701500
2023-03-08 00:00:00-05:00,181.2780921799188,183.64728636833115,179.76141220423,183.3598175048828,19432400
2023-03-09 00:00:00-05:00,184.7278056589579,187.28533312080012,178.7304686513036,180.10836791992188,26582800
2023-03-10 00:00:00-05:00,179.43426888152695,183.16154706370955,177.24351581257753,177.94732666015625,25665000
2023-03-13 00:00:00-04:00,176.4108467930736,182.18017523686387,173.29818141681156,179.3252410888672,24728000
2023-03-14 00:00:00-04:00,185.9471126481711,192.62844620426867,184.935987541542,192.3310546875,41642600
2023-03-15 00:00:00-04:00,191.27033106859906,196.05828682863768,189.17869840894608,196.02854919433594,42123600
2023-03-16 00:00:00-04:00,196.53412194369412,203.9688337131776,194.38301382017207,203.14605712890625,50447100
2023-03-17 00:00:00-04:00,198.81408713109815,200.14241856268836,193.72873985262865,193.9071807861328,50141100
2023-03-20 00:00:00-04:00,196.7521783647907,197.62452258784626,191.95431538990016,196.0880126953125,25186300
2023-03-21 00:00:00-04:00,201.4311170239478,201.77807628307767,196.22681889275694,200.40017700195312,31827000
2023-03-22 00:00:00-04:00,200.73720319016448,205.56480417472733,197.93183700453997,198.07061767578125,28477800
2023-03-23 00:00:00-04:00,201.0742419926531,206.07037646367976,200.39024613195645,202.501708984375,27389700
2023-03-24 00:00:00-04:00,203.39389815045016,205.77301519457242,201.7780976074665,204.2166748046875,27716400
2023-03-27 00:00:00-04:00,203.02710138580258,204.06796403208844,199.6071370845429,201.07424926757812,18527200
2023-03-28 00:00:00-04:00,198.40767458850203,199.28001896896532,196.17726099151233,198.9330596923828,19127300
2023-03-29 00:00:00-04:00,201.7879972778657,203.92919799665844,200.7768721952202,203.5624237060547,18851100
2023-03-30 00:00:00-04:00,201.60956435729426,206.27855492955837,201.0544416258621,206.03073120117188,22608300
2023-03-31 00:00:00-04:00,205.43596391529096,210.3230405925682,204.97005409451702,210.0950469970703,25440300
2023-04-03 00:00:00-04:00,207.02202167585494,211.63155200058463,206.387593549827,211.2152099609375,17924600
2023-04-04 00:00:00-04:00,211.53240612071065,214.35760247602127,210.6897994530681,212.850830078125,21026400
2023-04-05 00:00:00-04:00,212.28580906573094,213.31676429191103,208.11246576583304,209.63905334472656,19396600
2023-04-06 00:00:00-04:00,207.4284504209406,215.0515103499927,206.8336674517872,214.2188262939453,26104400
2023-04-10 00:00:00-04:00,212.84093957529885,213.7826667269681,208.8261921119088,212.88058471679688,16106100
2023-04-11 00:00:00-04:00,213.60421896645255,214.1395266783531,211.5522464067262,211.98841857910156,16710100
2023-04-12 00:00:00-04:00,212.96981490996805,214.95240491685877,210.72949364752768,212.1371307373047,18972200
2023-04-13 00:00:00-04:00,213.85203129059846,219.224847500562,213.81238615247736,218.43182373046875,23310400
2023-04-14 00:00:00-04:00,215.98334485267608,220.17651818419773,215.6562157096552,219.56192016601562,21591200
2023-04-17 00:00:00-04:00,217.87665449690556,219.0562976048573,215.23982210225915,216.9547576904297,15481900
2023-04-18 00:00:00-04:00,217.99566024521894,218.52104532046772,214.32787222191163,215.9932403564453,12281000
2023-04-19 00:00:00-04:00,211.61174306418604,215.43814233675087,211.07643529819072,213.82232666015625,15898100
2023-04-20 00:00:00-04:00,211.62162937104753,214.8631679041083,210.91781846805821,211.2152099609375,16475400
2023-04-21 00:00:00-04:00,208.3800955053103,211.55223597623976,207.7555749142046,211.03675842285156,17717200
2023-04-24 00:00:00-04:00,211.81985854910266,212.05777473852407,208.87572700703544,210.93760681152344,15750900
2023-04-25 00:00:00-04:00,208.9847941119795,209.42095115389515,205.32691358025164,205.74325561523438,19198200
2023-04-26 00:00:00-04:00,210.65016871382687,212.24615412653236,207.06168597416203,207.5771484375,41992700
2023-04-27 00:00:00-04:00,237.80173090551267,239.58606473531918,234.7088956844878,236.48330688476562,71196500
2023-04-28 00:00:00-04:00,236.92940298135062,238.33704000965574,233.6977868565905,238.22801208496094,39554000
2023-05-01 00:00:00-04:00,236.54279260820323,241.8759642001365,234.4016070438007,241.06309509277344,29143900
2023-05-02 00:00:00-04:00,241.06309907149617,242.78795773263934,236.90958593006684,237.15740966796875,24350100
2023-05-03 00:00:00-04:00,237.38537558955068,239.6455266055783,230.7238730814823,234.96661376953125,34463900
2023-05-04 00:00:00-04:00,234.00504951049967,236.1264197905397,230.90229192706437,231.48716735839844,17889400
2023-05-05 00:00:00-04:00,230.2183085405626,232.6370551335535,227.84911458653457,230.75360107421875,27000500
2023-05-08 00:00:00-04:00,229.40546301604877,233.56889855403585,228.26547993603842,231.23936462402344,16400500
2023-05-09 00:00:00-04:00,229.4451239565892,233.8266455946459,229.0684270546972,231.33848571777344,16865600
2023-05-10 00:00:00-04:00,234.1141231112111,234.68907598893915,228.71156873771375,231.051025390625,19119000
2023-05-11 00:00:00-04:00,231.02127322703902,236.13635840303854,230.2778020721307,233.73741149902344,20449000
2023-05-12 00:00:00-04:00,234.67917557631003,234.8972616787955,229.43521673831066,231.77467346191406,16161400
2023-05-15 00:00:00-04:00,234.8575861552915,238.16850749476043,233.2814308927608,236.78070068359375,20653200
2023-05-16 00:00:00-04:00,233.73742084776137,237.55391231265511,233.46978211198044,236.74105834960938,18163800
2023-05-17 00:00:00-04:00,236.37426476658152,241.71734364737938,236.06696576918233,240.3791046142578,21193100
2023-05-18 00:00:00-04:00,239.19946679482555,244.93905771597244,239.09042374878152,244.70115661621094,22943300
2023-05-19 00:00:00-04:00,245.315734575223,246.52511548669978,241.29107995629087,243.5016632080078,21733600
2023-05-22 00:00:00-04:00,243.2736839367334,251.36265391430516,242.98619994649877,246.15835571289062,27738500
2023-05-23 00:00:00-04:00,244.66146956317317,249.41968767494956,244.50285876339035,244.5920867919922,17748100
2023-05-24 00:00:00-04:00,243.14482191294246,247.41730068840283,242.81769276730455,247.04061889648438,17724300
2023-05-25 00:00:00-04:00,251.19409097399296,253.39476659367543,247.0009182936609,250.4902801513672,22371400
2023-05-26 00:00:00-04:00,250.7282287690767,260.02658040081684,250.51015779219784,259.7589416503906,25727200
2023-05-30 00:00:00-04:00,262.94098733413506,266.31138413742116,259.015467775104,260.2347412109375,23816500
2023-05-31 00:00:00-04:00,257.7366452452606,262.6931191922848,256.20015042244955,262.4155578613281,25473700
2023-06-01 00:00:00-04:00,263.58535692981263,271.6148531650025,263.5754645502763,270.2369384765625,25609500
2023-06-02 00:00:00-04:00,270.2865213819448,272.95310757952166,268.7599184812083,270.2369384765625,19416900
2023-06-05 00:00:00-04:00,267.9469584402539,273.17110112649306,267.2134100069179,269.0274963378906,20742900
2023-06-06 00:00:00-04:00,267.7884075776989,274.1624262569552,267.3423127906372,268.7598571777344,19419000
2023-06-07 00:00:00-04:00,269.30508506477685,271.8626124655505,260.5122743384185,261.3053283691406,26163600
2023-06-08 00:00:00-04:00,258.3513351753346,265.32013881642,256.6264913081528,262.27685546875,20899400
2023-06-09 00:00:00-04:00,260.1950554582151,265.6174389213562,259.4218467674891,262.6435546875,16949800
2023-06-12 00:00:00-04:00,264.8442615526915,269.38437870914413,263.0202523851898,268.6904602050781,15442500
2023-06-13 00:00:00-04:00,272.4871371800981,273.3198212360052,266.7475314444002,268.9581298828125,16164000
2023-06-14 00:00:00-04:00,269.5231465889594,272.5961361408235,265.9842170382982,270.9704284667969,19175100
2023-06-15 00:00:00-04:00,269.9296080997618,281.5178487136144,269.0572939381977,279.37664794921875,25973500
2023-06-16 00:00:00-04:00,282.2712193553558,285.3442395585109,277.6914418131458,278.5538635253906,43127700
2023-06-20 00:00:00-04:00,276.30360138540755,282.32073763157575,273.8154418388248,281.8548278808594,20701600
2023-06-21 00:00:00-04:00,281.0618556973367,281.52776553347246,275.93684749984334,279.1883239746094,20556200
2023-06-22 00:00:00-04:00,276.6505271956497,282.7767517792298,275.37177874177934,282.4000549316406,17563100
2023-06-23 00:00:00-04:00,279.05943296679476,287.1484028647073,276.5217204794401,286.2165832519531,51092000
2023-06-26 00:00:00-04:00,286.18685639120184,287.26736422711815,275.183476694736,276.0458984375,24232700
2023-06-27 00:00:00-04:00,279.555073656432,286.8311743118034,278.2068969133884,284.5511779785156,26108300
2023-06-28 00:00:00-04:00,282.340639228578,287.02944505240964,281.5872453744649,282.8065490722656,16722100
2023-06-29 00:00:00-04:00,282.0234320758143,284.0754200195691,278.2466004846892,279.07928466796875,15395700
2023-06-30 00:00:00-04:00,282.2811659924353,286.5337996422137,281.9441293320843,284.4818420410156,19694900
2023-07-03 00:00:00-04:00,284.2043160589329,286.8807946663651,282.37041408136747,283.53021240234375,8629300
2023-07-05 00:00:00-04:00,285.14599171696096,295.52485125008354,283.8672127367066,291.8074951171875,33865500
2023-07-06 00:00:00-04:00,293.31416259456415,295.5247301075328,288.77401655762384,289.4480895996094,47600500
2023-07-07 00:00:00-04:00,289.63657680646963,293.6216022185909,286.1472291650395,288.0009460449219,25586000
2023-07-10 00:00:00-04:00,292.9771848405433,295.5347425297434,284.5511784998187,291.5398254394531,37058300
2023-07-11 00:00:00-04:00,291.3415603139649,297.56689097448395,289.35897054625923,295.693359375,27585900
2023-07-12 00:00:00-04:00,299.1232312229929,306.75621392994793,297.48760071490796,306.64715576171875,36677100
2023-07-13 00:00:00-04:00,310.88986509411,313.48705258601495,307.58886677660786,310.68170166015625,30281000
2023-07-14 00:00:00-04:00,309.0758382489042,312.13893578938223,304.68437895121997,306.1812438964844,23054100
2023-07-17 00:00:00-04:00,304.86281044247795,308.9964928062854,302.05742922495097,307.9159851074219,25323100
2023-07-18 00:00:00-04:00,308.17375905316084,311.4648653357093,304.9421280436291,309.33355712890625,20731900
2023-07-19 00:00:00-04:00,310.3050549337283,315.9058653137581,307.81689494508896,313.2591247558594,21763700
2023-07-20 00:00:00-04:00,310.7709333978952,312.7931833489161,299.5891287747079,299.8865051269531,23836900
2023-07-21 00:00:00-04:00,301.9187041196789,302.80094087646535,288.665095744608,291.6984558105469,42139300
2023-07-24 00:00:00-04:00,293.2051849386824,294.9300282701008,285.79028868592326,289.07147216796875,24915700
2023-07-25 00:00:00-04:00,292.6203191709946,295.7032315280009,289.3192904924628,291.9065856933594,19585600
2023-07-26 00:00:00-04:00,298.56810446847095,299.1430421825214,289.358966650914,295.9709167480469,47256900
2023-07-27 00:00:00-04:00,322.28978907131307,322.51779778619095,307.14280439627186,308.99652099609375,64229200
2023-07-28 00:00:00-04:00,314.12152548725567,323.3604010020382,311.51441512024616,322.64666748046875,39220300
2023-07-31 00:00:00-04:00,320.87222512758746,322.82507714780235,314.8253206295678,315.8265380859375,25799600
2023-08-01 00:00:00-04:00,314.7757793342165,321.31833148178566,311.92084528786495,319.9007568359375,22817900
2023-08-02 00:00:00-04:00,315.2317634870685,315.6183830009451,307.94574026174797,311.5738830566406,20461100
2023-08-03 00:00:00-04:00,307.23199229520856,313.1996063950057,307.23199229520856,310.463623046875,15180200
2023-08-04 00:00:00-04:00,312.2181817889227,315.6381607311768,307.49963941370754,308.0250244140625,17612800
2023-08-07 00:00:00-04:00,310.50332247597623,314.30989138505396,307.75741615279827,313.8043212890625,16236500
2023-08-08 00:00:00-04:00,311.6630848225731,315.12272430973746,307.41042158153704,309.9184265136719,15183500
2023-08-09 00:00:00-04:00,310.156314310015,310.8997853919067,300.21362891825964,302.5530700683594,19955800
2023-08-10 00:00:00-04:00,305.2592906041585,309.62098120899964,301.22471393761725,303.07843017578125,14358900
2023-08-11 00:00:00-04:00,299.93614883979996,302.0674271348413,297.74536501032554,299.0142517089844,14046300
2023-08-14 00:00:00-04:00,298.35989905436605,303.54435113674515,295.65365354779925,303.5245361328125,15641900
2023-08-15 00:00:00-04:00,303.4749997336149,304.5555074180836,297.4181728716015,299.32147216796875,11623600
2023-08-16 00:00:00-04:00,297.5867363272898,298.4590504137435,291.7182573021849,291.7281799316406,18547700
2023-08-17 00:00:00-04:00,290.49894440443103,293.47282896172703,282.4694803012663,282.6082458496094,23950100
2023-08-18 00:00:00-04:00,276.60097562608496,283.2030023568016,271.99146104324524,280.78424072265625,35347900
2023-08-21 00:00:00-04:00,280.9825396079064,287.97115625621416,279.396461784683,287.3763732910156,20181500
2023-08-22 00:00:00-04:00,290.0032653448662,290.35022455575495,284.2537679286789,285.09637451171875,12980200
2023-08-23 00:00:00-04:00,285.98859599429807,294.81111508897186,285.1658344882448,291.6786193847656,18287000
2023-08-24 00:00:00-04:00,295.90152985922856,296.8531644997961,284.144786778373,284.2538146972656,18360900
2023-08-25 00:00:00-04:00,283.6391995492964,285.8795355852113,273.6271155393811,283.0146789550781,23701400
2023-08-28 00:00:00-04:00,285.4929098624364,288.9128891125971,283.3120491446648,287.7332458496094,14239300
2023-08-29 00:00:00-04:00,286.0678471302465,296.5458406851911,285.67133525084813,295.39593505859375,20844500
2023-08-30 00:00:00-04:00,294.5831156113279,295.69336104721475,290.87565215344677,292.5311279296875,17717000
2023-08-31 00:00:00-04:00,293.22499634625575,298.47887705578745,293.0862308021256,293.3142395019531,17229900
2023-09-01 00:00:00-04:00,296.7639190428538,299.1132828754372,291.906580579667,293.7999572753906,12842300
2023-09-05 00:00:00-04:00,294.4344124053595,298.76639670796936,292.9375776161612,297.53717041015625,14956000
2023-09-06 00:00:00-04:00,299.0835407980036,300.6596958742699,293.0862194558126,296.565673828125,15418100
2023-09-07 00:00:00-04:00,295.40588744923144,304.3770944136162,289.6762039967024,296.070068359375,33748700
2023-09-08 00:00:00-04:00,296.61525335375495,302.59276023279784,294.19649144148667,295.2968444824219,17548000
2023-09-11 00:00:00-04:00,298.78620226973936,306.34978726869906,298.65732909121135,304.8826599121094,19489300
2023-09-12 00:00:00-04:00,303.66332641243866,305.9730602651931,297.6164522615025,299.03399658203125,13480400
2023-09-13 00:00:00-04:00,299.7279106218778,304.5059592872475,298.69698571008445,302.4044189453125,13210900
2023-09-14 00:00:00-04:00,304.0698098777926,310.146452893405,302.3747039470629,309.0064697265625,19343100
2023-09-15 00:00:00-04:00,308.89739058049656,309.2840101140606,296.14935263325515,297.6957702636719,28131100
2023-09-18 00:00:00-04:00,295.5941984466041,300.9571069378391,295.2075789541885,299.9162292480469,14234200
2023-09-19 00:00:00-04:00,299.84688704196486,303.50476757967397,297.2001163940275,302.4143371582031,15924400
2023-09-20 00:00:00-04:00,302.39448120124234,305.3782883735429,296.8234089972703,297.06134033203125,19379500
2023-09-21 00:00:00-04:00,293.1259020127335,297.64620415124955,290.7170325130372,293.1556396484375,21319600
2023-09-22 00:00:00-04:00,296.69452649941013,302.72161592524503,295.67349404841707,296.4764404296875,25369600
2023-09-25 00:00:00-04:00,293.06644978298425,298.3302234798701,291.1433351844772,298.21124267578125,18987000
2023-09-26 00:00:00-04:00,295.0688421646148,297.6858449572033,293.4332116377571,296.3575134277344,19417200
2023-09-27 00:00:00-04:00,297.8345632707552,298.677139729877,284.2934713763144,295.14813232421875,36429800
2023-09-28 00:00:00-04:00,296.3377357680385,303.66339023654626,294.1172446033363,301.31402587890625,22167100
2023-09-29 00:00:00-04:00,304.704216042569,307.93584693640213,296.75401197888146,297.59661865234375,25373700
2023-10-02 00:00:00-04:00,300.10463885997774,304.5059910836601,299.0043159300185,304.1491394042969,16265600
2023-10-03 00:00:00-04:00,301.61135737230416,304.0994866817158,297.03158036045915,298.32025146484375,17362300
2023-10-04 00:00:00-04:00,296.1295154558936,304.2283772759008,295.9015067543039,302.91986083984375,16880500
2023-10-05 00:00:00-04:00,301.97816897158543,303.54440159622794,296.89282131542484,302.13677978515625,19130000
2023-10-06 00:00:00-04:00,298.8159662591981,313.5565180214866,298.29058112096453,312.6841735839844,21803900
2023-10-09 00:00:00-04:00,309.7796495788927,317.5414751678971,309.10557632186953,315.588623046875,22503700
2023-10-10 00:00:00-04:00,316.34200688294163,321.83378880843856,315.3903722999116,319.038330078125,19038000
2023-10-11 00:00:00-04:00,320.1981824390359,325.9774185235088,320.13870716386896,324.96630859375,22036300
2023-10-12 00:00:00-04:00,325.1446723921644,327.66256948427394,319.880899780603,321.3381042480469,20530500
2023-10-13 00:00:00-04:00,320.713603882826,322.2203610808488,309.65075033810035,311.9505615234375,21341000
2023-10-16 00:00:00-04:00,315.8662100616769,319.0185204694929,312.7733446736432,318.3543395996094,16536100
2023-10-17 00:00:00-04:00,315.4102515003437,321.5761079165688,314.5379070167223,321.1795959472656,16387800
2023-10-18 00:00:00-04:00,318.5922912851323,323.1026711047013,312.81302491646005,314.21075439453125,16851000
2023-10-19 00:00:00-04:00,317.09540654240755,319.08791890346794,309.0361744423842,310.0869445800781,18709200
2023-10-20 00:00:00-04:00,311.4053948634876,312.5552703274842,303.80214965849547,305.9631652832031,22312300
2023-10-23 00:00:00-04:00,306.8057400373974,314.5973026301898,304.5852493700825,311.2764892578125,17796800
2023-10-24 00:00:00-04:00,314.0223812193745,315.5787213935738,307.9259239452391,309.8291931152344,19525500
2023-10-25 00:00:00-04:00,307.3014363017255,308.17378070314754,296.2385809646329,296.9225769042969,42192500
2023-10-26 00:00:00-04:00,292.4320101500182,292.4320101500182,276.9678028849212,285.83990478515625,66684100
2023-10-27 00:00:00-04:00,291.9165589334296,296.70450041423834,290.419693821055,294.14697265625,29596300
2023-10-30 00:00:00-04:00,296.4863994004334,306.7066477918955,296.4467391323724,300.02532958984375,28435100
2023-10-31 00:00:00-04:00,300.66961921940054,301.03639345003336,294.2757557468523,298.6473693847656,19434200
2023-11-01 00:00:00-04:00,299.22239566233213,310.017582259887,299.22239566233213,309.1353454589844,20434600
2023-11-02 00:00:00-04:00,314.53783684335446,316.0446243432361,305.64592102556026,308.163818359375,21631800
2023-11-03 00:00:00-04:00,309.82918609596044,312.8030705771321,308.31250622063965,311.8613586425781,16764300
2023-11-06 00:00:00-05:00,313.2294204557408,315.5589396192179,311.7127402409348,313.05096435546875,12887700
2023-11-07 00:00:00-05:00,314.2998978143044,318.20560138541873,312.3767836599217,316.0445861816406,14055600
2023-11-08 00:00:00-05:00,315.3705082542599,318.5327104941957,312.1388778734192,316.9962158203125,13609700
2023-11-09 00:00:00-05:00,316.63938382329235,321.35792628385803,316.0247556638353,317.759521484375,16103100
2023-11-10 00:00:00-05:00,317.1549288830637,326.2351948324801,316.6790963861259,325.9080505371094,19096200
2023-11-13 00:00:00-05:00,323.36043950075,329.4370524090673,322.86479200320247,326.32440185546875,16908900
2023-11-14 00:00:00-05:00,331.6278345293252,335.1568422746801,330.4283458096643,333.3824157714844,17179400
2023-11-15 00:00:00-05:00,334.98831233456497,335.4542221949826,327.14716524859887,329.8137512207031,14531200
2023-11-16 00:00:00-05:00,326.50274431961327,331.66738145469753,323.5387827217606,331.2807922363281,18932600
2023-11-17 00:00:00-05:00,327.3850853902392,332.57946133524786,326.48300334029153,332.12347412109375,14494400
2023-11-20 00:00:00-05:00,331.97470365714753,338.8939214489306,331.280785251639,337.0104675292969,16960500
2023-11-21 00:00:00-05:00,335.38476311199616,336.94110323972745,332.97592396005564,334.0465393066406,12027900
2023-11-22 00:00:00-05:00,336.25712187256374,339.9348475941971,335.6326012688178,338.51727294921875,10702700
2023-11-24 00:00:00-05:00,337.16912925300625,338.88405001830046,333.83836275604654,335.2856750488281,5467500
2023-11-27 00:00:00-05:00,333.25353518012435,336.94115367224947,331.290790504135,331.78643798828125,15684500
2023-11-28 00:00:00-05:00,330.4976973935413,336.42565149537353,330.4976973935413,336.0390319824219,12637200
2023-11-29 00:00:00-05:00,336.7329553677821,336.9411188190531,327.90051448369286,329.30816650390625,16024500
2023-11-30 00:00:00-05:00,329.00085151227404,330.59682164758357,319.593443122573,324.3020935058594,23146400
2023-12-01 00:00:00-05:00,322.64668993525703,324.01465154921027,317.96777657976315,321.992431640625,15276400
2023-12-04 00:00:00-05:00,314.52797610294596,318.0668760036283,310.92957067483053,317.23419189453125,19037100
2023-12-05 00:00:00-05:00,316.2032830645465,319.0780324511932,312.6445377227283,315.519287109375,16952100
2023-12-06 00:00:00-05:00,319.1275044567712,319.4447260301232,314.2800889688766,314.6865234375,11294300
2023-12-07 00:00:00-05:00,315.0037509944529,325.38260919838507,315.0037509944529,323.7469787597656,15905100
2023-12-08 00:00:00-05:00,320.27748073816616,330.26975074319756,320.18826782318274,329.8533935546875,14087400
2023-12-11 00:00:00-05:00,326.5325248079935,327.0182798666103,317.2143590609615,322.4483947753906,25802500
2023-12-12 00:00:00-05:00,321.77432544730783,331.55840111361704,321.73466518140424,331.3105773925781,18485500
2023-12-13 00:00:00-05:00,331.02304245710206,335.4243934854844,329.7442940347382,331.82598876953125,16353300
2023-12-14 00:00:00-05:00,330.9437875845794,331.7863942469266,325.77914995119795,330.26971435546875,19607300
2023-12-15 00:00:00-05:00,329.0999994185291,335.7119500187242,328.3367132008549,332.0045166015625,31776900
2023-12-18 00:00:00-05:00,334.5421662666255,344.5344041297469,334.08614889595844,341.6199951171875,18993900
2023-12-19 00:00:00-05:00,342.5716401904211,350.52184376682237,342.1156530575935,347.3100280761719,17729400
2023-12-20 00:00:00-05:00,345.6149203637917,351.8699880301821,344.7624213705391,346.23944091796875,16369900
2023-12-21 00:00:00-05:00,349.9073065078524,353.30744096637494,346.17010514062605,351.00762939453125,15289600
2023-12-22 00:00:00-05:00,352.4846594181729,354.0905827144297,348.16262778042943,350.3137512207031,11772800
2023-12-26 00:00:00-05:00,351.89973018245973,353.872427399098,350.3731579769973,351.7411193847656,9898600
2023-12-27 00:00:00-05:00,352.9703684711443,355.87485515386163,352.21697469605425,354.71502685546875,13207900
2023-12-28 00:00:00-05:00,356.5687975042497,358.7496281934857,354.69523557044886,355.2008056640625,11798800
2023-12-29 00:00:00-05:00,355.8649660737051,356.8661836584728,348.7573981902497,350.8787536621094,14987100
2024-01-02 00:00:00-05:00,348.26178665668635,350.08576593118346,337.0502419831044,343.27557373046875,19042200
2024-01-03 00:00:00-05:00,341.97691405684844,344.92106102147176,340.192565145366,341.4713439941406,15451100
2024-01-04 00:00:00-05:00,341.5010789113967,345.11929909621364,340.41064851615806,344.0982666015625,12099900
2024-01-05 00:00:00-05:00,343.96941637649724,350.4227560194501,343.2457904424102,348.8862609863281,13920700
2024-01-08 00:00:00-05:00,351.61229217973874,355.8550328888557,348.98533664973183,355.5378112792969,13890200
2024-01-09 00:00:00-05:00,353.2975099042569,357.500621013295,352.266554698049,354.31854248046875,13463900
2024-01-10 00:00:00-05:00,357.03470018708344,369.6935252666552,355.95416211609205,367.2450256347656,22117200
2024-01-11 00:00:00-05:00,368.8905728121484,369.5349084412359,359.7706477096314,366.4519958496094,17205400
2024-01-12 00:00:00-05:00,366.9377174545656,373.7776460956339,366.32311946752475,371.2300109863281,19310000
2024-01-16 00:00:00-05:00,370.3973485723364,372.3402781857288,364.0332519935997,364.26123046875,15306900
2024-01-17 00:00:00-05:00,363.1112814992652,365.3318024736922,355.48822189160364,365.16326904296875,12724800
2024-01-18 00:00:00-05:00,368.25612070140227,373.5694769229854,367.7208432542545,372.8557434082031,16354300
2024-01-19 00:00:00-05:00,375.70075575671575,381.0140817393726,374.6797232506199,380.1120300292969,21670800
2024-01-22 00:00:00-05:00,384.57287645581624,386.95197821430475,377.8419754760099,378.4565734863281,17680500
2024-01-23 00:00:00-05:00,381.2718033118794,384.9990814617669,378.75390603497135,381.8467712402344,15506100
2024-01-24 00:00:00-05:00,386.6049402388198,392.7013967075876,384.4340023850179,387.2988586425781,15698500
2024-01-25 00:00:00-05:00,386.7734865525037,392.0471516396951,382.3027375420606,389.75726318359375,15091100
2024-01-26 00:00:00-05:00,390.9170867647052,393.3358483504294,388.18110360172517,390.70892333984375,13163700
2024-01-29 00:00:00-05:00,391.55154595567524,399.422429541813,389.6780144066085,397.529052734375,18742400
2024-01-30 00:00:00-05:00,400.0766927751704,402.8225686731587,396.09169829023307,396.5774230957031,18614700
2024-01-31 00:00:00-05:00,385.61368380179516,394.5353371545359,383.7302296999333,386.7437744140625,20180800
2024-02-01 00:00:00-05:00,390.51069973653455,397.01359160077834,389.6284327898342,391.3433837890625,29727100
2024-02-02 00:00:00-05:00,455.59912098341835,481.72963881592403,449.0664915252919,470.8551330566406,84707600
2024-02-05 00:00:00-05:00,465.7896247984481,467.7920294868746,455.2224181615912,455.4107666015625,40832400
2024-02-06 00:00:00-05:00,459.960873984456,463.05370950369905,449.0566291270659,450.76165771484375,21655200
2024-02-07 00:00:00-05:00,454.01303276517825,467.415327994543,452.2088689116338,465.50213623046875,23066000
2024-02-08 00:00:00-05:00,464.24323169322327,466.49346021033546,460.98186302371124,465.9085998535156,18815100
2024-02-09 00:00:00-05:00,468.8329280456372,469.4673410411531,463.4006211841716,464.0350341796875,18413100
2024-02-12 00:00:00-05:00,464.1143653554513,474.9789490756288,462.5183648227148,464.81817626953125,19382000
2024-02-13 00:00:00-05:00,452.892885158852,463.8169740536251,451.1283814896447,456.1145935058594,20916600
2024-02-14 00:00:00-05:00,463.8566307551382,469.98282618084056,462.0326517085822,469.1600646972656,16858400
2024-02-15 00:00:00-05:00,471.142666911339,484.3665380343901,468.1093067569019,479.8164978027344,24212300
2024-02-16 00:00:00-05:00,473.94801862403494,474.79062539009806,465.1254995337819,469.1997375488281,23324600
2024-02-20 00:00:00-05:00,465.63101374806274,472.03476994795795,462.49851842146023,467.6433410644531,18015500
2024-02-21 00:00:00-05:00,462.92970889465835,465.41057550181085,458.25576468630754,464.447998046875,12921800
2024-02-22 00:00:00-05:00,476.56451837363556,486.2398976603028,472.416516880951,482.4094543457031,21625800
2024-02-23 00:00:00-05:00,484.3148150393008,490.57652055497664,478.6584567835847,480.3255920410156,18374300
2024-02-26 00:00:00-05:00,479.7698406915825,482.41941959747976,476.92181062419036,478.0530700683594,12101400
2024-02-27 00:00:00-05:00,476.306520419306,483.54070515337867,476.2469820474711,483.3223876953125,10809600
2024-02-28 00:00:00-05:00,481.2881234084936,487.29180850441577,479.0553434545367,480.31561279296875,12715500
2024-02-29 00:00:00-05:00,484.70177703360076,487.9368366492081,478.9163793809535,486.37884521484375,17732000
2024-03-01 00:00:00-05:00,488.34364423218267,500.3907458373548,488.085654723343,498.4556579589844,16273600
2024-03-04 00:00:00-05:00,499.1503515840117,500.5594971142455,492.62072412682585,494.3771667480469,12324100
2024-03-05 00:00:00-05:00,491.2115858850194,491.7871336101802,484.15601582408954,486.4681701660156,15325300
2024-03-06 00:00:00-05:00,493.8214963331061,499.12062411100493,490.5070619679342,492.29327392578125,11757900
2024-03-07 00:00:00-05:00,499.4282074814689,515.8713680175964,497.542754953555,508.27001953125,18586400
2024-03-08 00:00:00-05:00,510.2547468573878,519.5629636532714,495.52832561465306,502.07781982421875,18597100
2024-03-11 00:00:00-04:00,493.2062214717345,493.51384651254926,472.3570085263561,479.888916015625,20428300
2024-03-12 00:00:00-04:00,489.48494207040557,498.4656675759742,481.02022594568126,495.9252624511719,15448200
2024-03-13 00:00:00-04:00,491.59863706276775,497.14585137802413,487.27198978393096,491.7772521972656,12090700
2024-03-14 00:00:00-04:00,496.4313625069967,497.5130167599525,484.4239615573876,488.06585693359375,12620000
2024-03-15 00:00:00-04:00,485.2674143918524,488.0658087524492,477.61640039856326,480.3949890136719,29153600
2024-03-18 00:00:00-04:00,488.14521760990164,493.61305704404583,483.08424391414707,493.1764221191406,11755300
2024-03-19 00:00:00-04:00,484.43389344040116,492.82913789689565,477.59661025996246,492.4421081542969,10903100
2024-03-20 00:00:00-04:00,495.6771461475813,504.3105740199144,491.3802985259637,501.65106201171875,11711100
2024-03-21 00:00:00-04:00,510.7707839758228,511.09821477284595,502.1373557038148,503.87396240234375,9712500
2024-03-22 00:00:00-04:00,503.11975164327384,506.06702240568086,500.4801059197025,505.67999267578125,8120600
2024-03-25 00:00:00-04:00,501.9189854253503,503.33803376728696,496.41144373322453,499.170166015625,8380600
2024-03-26 00:00:00-04:00,501.26402973226214,506.09675270183544,491.41993839395826,492.0947570800781,11205400
2024-03-27 00:00:00-04:00,495.47862897974267,496.0641401044297,484.3345964098226,490.08026123046875,9989700
2024-03-28 00:00:00-04:00,489.06812442310434,489.1177599265289,481.4369761827551,481.8636779785156,15212800
2024-04-01 00:00:00-04:00,483.4713059825083,493.62299295598973,478.0927737479156,487.58953857421875,9247000
2024-04-02 00:00:00-04:00,481.3873636113719,493.7222251422253,480.94079550745505,493.5634460449219,11081000
2024-04-03 00:00:00-04:00,495.1115300929547,503.35792871942033,494.9329149557214,502.86175537109375,12099200
2024-04-04 00:00:00-04:00,512.4676419362434,525.9437264523161,506.672341112813,507.009765625,26476300
2024-04-05 00:00:00-04:00,512.9043035265651,526.638408576823,510.47304198515513,523.3041381835938,19263300
2024-04-08 00:00:00-04:00,525.2292670059732,527.4223143515474,514.9187707168354,515.2760009765625,13260600
2024-04-09 00:00:00-04:00,518.2331333714253,521.845289446962,502.86169458913326,512.9439697265625,10863800
2024-04-10 00:00:00-04:00,505.39216080616353,518.5605880459885,501.92885090513613,515.8515014648438,11418500
2024-04-11 00:00:00-04:00,517.1217682967572,519.8507216900733,513.3309966786047,519.1560668945312,10369500
2024-04-12 00:00:00-04:00,513.787472668167,516.2088008915841,505.43190063751956,507.98223876953125,11984500
2024-04-15 00:00:00-04:00,512.7653057412805,514.5615112314049,493.4741157112928,496.40155029296875,13512900
2024-04-16 00:00:00-04:00,494.2977844340761,500.90681687935023,493.3054377657289,495.9351806640625,9847900
2024-04-17 00:00:00-04:00,499.2495563769016,499.3090947473016,483.4117138862231,490.3879089355469,12193700
2024-04-18 00:00:00-04:00,495.99467632150186,508.28986501966875,495.2206471982187,497.9595031738281,14808700
2024-04-19 00:00:00-04:00,498.9518557154104,498.9518557154104,472.0890564119866,477.38818359375,25215400
2024-04-22 00:00:00-04:00,485.9719917197624,488.2444739766785,469.7768874878293,478.04315185546875,17271100
2024-04-23 00:00:00-04:00,487.49033492134237,494.9428686127563,485.22778557062543,492.30322265625,15079200
2024-04-24 00:00:00-04:00,504.17164864318624,506.09680361298444,480.87133784126775,489.72308349609375,37772700
2024-04-25 00:00:00-04:00,418.17488602057387,442.35836983181287,411.32769996695043,438.0019836425781,82890700
2024-04-26 00:00:00-04:00,438.08138838825266,443.0232861124123,428.654094250066,439.89739990234375,32691400
2024-04-29 00:00:00-04:00,436.1959404676039,436.3944219336963,425.2801260809591,429.3090515136719,21502600
2024-04-30 00:00:00-04:00,427.751047303974,436.2554660770885,426.4312394735651,426.8778076171875,18429500
2024-05-01 00:00:00-04:00,425.31978777610783,446.51629805901524,423.84117064830116,435.8287353515625,20344900
2024-05-02 00:00:00-04:00,435.48139130558843,440.562201203768,428.9715998380439,438.2996520996094,15221300
2024-05-03 00:00:00-04:00,442.5171576767287,450.69411509659585,440.4530898609674,448.5010070800781,16489100
2024-05-06 00:00:00-04:00,452.093259876696,462.592304076786,449.8704131384758,462.115966796875,15094600
2024-05-07 00:00:00-04:00,462.72134472049225,467.92123166453916,457.779447321688,464.6564025878906,13406800
2024-05-08 00:00:00-04:00,459.9526118067898,471.9401444378675,459.4564385470198,468.98297119140625,11683900
2024-05-09 00:00:00-04:00,466.4029313871889,472.4363857703792,464.05107464244514,471.7814636230469,9437700
2024-05-10 00:00:00-04:00,473.4386537168411,473.8455194723548,466.0059870918143,472.55548095703125,10750000
2024-05-13 00:00:00-04:00,469.1318441867083,469.72725818959685,459.3076191330967,464.4281311035156,14668800
2024-05-14 00:00:00-04:00,459.82365909681533,468.9234911376046,456.55883016199584,468.23876953125,10478600
2024-05-15 00:00:00-04:00,471.34482265738814,478.8072585621629,467.59375353224107,477.8546142578125,13100500
2024-05-16 00:00:00-04:00,471.36465799748123,474.0340729044409,469.1318780385458,469.60821533203125,16608200
2024-05-17 00:00:00-04:00,467.2265884372279,469.1815126685142,464.83505951456476,468.29833984375,10807300
2024-05-20 00:00:00-04:00,466.35335165798784,469.5784784874787,463.46561907811537,465.2518310546875,11745100
2024-05-21 00:00:00-04:00,463.54493846751484,467.0975562508918,458.73205140568564,461.0740051269531,11742200
2024-05-22 00:00:00-04:00,464.28925874330497,470.0944931584009,462.0862477959769,464.199951171875,10078600
2024-05-23 00:00:00-04:00,469.2608460752158,470.7294996020498,458.00763972040886,462.2151794433594,11747900
2024-05-24 00:00:00-04:00,464.04117710669794,476.17758862327844,462.73127214344584,474.56005859375,12024300
2024-05-28 00:00:00-04:00,472.93254487428226,477.17978725076165,471.2058714243165,476.24700927734375,10175800
2024-05-29 00:00:00-04:00,471.0272753949379,476.17755705003367,470.07463106847433,470.72955322265625,9226200
2024-05-30 00:00:00-04:00,468.06019220156327,468.11973058222674,461.1534372044116,463.47552490234375,10719600
2024-05-31 00:00:00-04:00,462.2350557963907,465.52965393072293,450.9818484598858,463.2571716308594,16919800
2024-06-03 00:00:00-04:00,467.2563385385533,475.92946902820285,464.65639510838076,473.8356018066406,11279400
2024-06-04 00:00:00-04:00,473.34931914302285,475.2248687174636,469.6081834348504,473.3393859863281,7088700
2024-06-05 00:00:00-04:00,480.7423648637953,492.84897628065335,480.2064891730306,491.2711486816406,15690500
2024-06-06 00:00:00-04:00,489.20704994565904,498.97173709860135,487.133049134123,489.9810791015625,10667300
2024-06-07 00:00:00-04:00,492.11466024786785,495.091700375797,486.41859982731586,489.1872253417969,9380700
2024-06-10 00:00:00-04:00,490.0802879046476,498.8129563433123,489.6337500954303,498.75341796875,11220900
2024-06-11 00:00:00-04:00,496.332099600009,503.71516103182034,494.4565499121785,503.5861511230469,9673700
2024-06-12 00:00:00-04:00,510.0562580327931,510.07612434807345,500.60912858458613,504.9456787109375,11983200
2024-06-13 00:00:00-04:00,501.83960690092306,505.4616660517263,497.52289299395886,500.241943359375,9954600
2024-06-14 00:00:00-04:00,499.2982464674773,503.7682397757163,497.41092202237064,500.7981872558594,10243300
2024-06-17 00:00:00-04:00,498.3248218231231,507.3442620321648,492.70255969673593,503.2517395019531,11266600
2024-06-18 00:00:00-04:00,501.195563022246,502.62596344611273,491.7191677926502,496.15936279296875,13060400
2024-06-20 00:00:00-04:00,498.652632230771,500.31150990328194,493.45749528868265,498.3546447753906,11801200
2024-06-21 00:00:00-04:00,500.09294409403304,500.09294409403304,489.1066959926516,491.4807434082031,22359200
2024-06-24 00:00:00-04:00,495.87132670955725,504.41395731690596,490.9940631467727,495.583251953125,13525300
2024-06-25 00:00:00-04:00,493.73555692708146,507.30447289403395,492.19590476937867,507.1952209472656,12063200
2024-06-26 00:00:00-04:00,503.27162738652333,510.383887800089,501.3147622286422,509.698486328125,8882300
2024-06-27 00:00:00-04:00,510.8208696393797,519.3933277808096,510.47322776643625,516.095458984375,10121200
2024-06-28 00:00:00-04:00,513.7016858832206,518.4001270053003,500.48040861531496,500.8578796386719,15855100
2024-07-01 00:00:00-04:00,501.58300786062364,503.20211356432793,489.88155805871406,501.3147888183594,10328200
2024-07-02 00:00:00-04:00,497.4209190368857,507.0959625693369,496.11965660213826,506.1026306152344,7739500
2024-07-03 00:00:00-04:00,502.99345152045885,507.8707146142386,502.6457793049679,506.55950927734375,6005600
2024-07-05 00:00:00-04:00,508.18862031678924,537.2634349299381,508.18862031678924,536.309814453125,21354100
2024-07-08 00:00:00-04:00,538.733549875278,539.190504390823,523.1382870220716,525.7904663085938,14917500
2024-07-09 00:00:00-04:00,530.190814324145,533.8959223000509,524.6678922946722,526.4658203125,8753200
2024-07-10 00:00:00-04:00,527.2506757341519,535.2867583710278,524.8368862253591,531.1246948242188,10983300
2024-07-11 00:00:00-04:00,527.3500535200477,531.8895881515471,504.9801969068251,509.2813415527344,16458300
2024-07-12 00:00:00-04:00,494.4409036740209,504.70200901700827,490.93444322689584,495.5434875488281,19750500
2024-07-15 00:00:00-04:00,495.3051241917836,503.3014344107721,490.0801883381436,492.8515930175781,12539200
2024-07-16 00:00:00-04:00,498.1559561053816,500.58963142634576,482.55072018571695,486.5240478515625,14075800
2024-07-17 00:00:00-04:00,475.9748583365877,475.9748583365877,456.0585356169319,458.9093933105469,28076600
2024-07-18 00:00:00-04:00,471.83266375516723,476.04438141112735,461.4424203212603,472.677001953125,19267200
2024-07-19 00:00:00-04:00,472.88560505542085,483.46458424586564,472.5379328105717,473.6107482910156,15149400
2024-07-22 00:00:00-04:00,483.3353934769665,488.77886287445193,480.67327142055154,484.1499328613281,12023100
2024-07-23 00:00:00-04:00,486.5736915826986,491.9178220255653,484.4678328165319,485.4313659667969,9455500
2024-07-24 00:00:00-04:00,469.16057574428834,473.1239602274661,457.5087819303117,458.1941833496094,17649700
2024-07-25 00:00:00-04:00,460.17098380293606,460.4590282516497,439.6983958852032,450.38665771484375,18240500
2024-07-26 00:00:00-04:00,461.1046981366571,466.63753399730916,456.3565726815499,462.5946960449219,14222400
2024-07-29 00:00:00-04:00,466.74685262113263,470.7996339090199,461.91924325908735,462.6046447753906,11339600
2024-07-30 00:00:00-04:00,463.88603283345884,469.57783596951856,453.6547256053789,460.1014404296875,11390400
2024-07-31 00:00:00-04:00,467.87925615215346,473.32272675593373,463.6377391675385,471.6638488769531,24285800
2024-08-01 00:00:00-04:00,517.5259945711647,523.6548363025768,488.8187045819542,494.42108154296875,43083100
2024-08-02 00:00:00-04:00,485.7393217238086,497.8082988081169,472.97500015148046,484.88507080078125,24044700
2024-08-05 00:00:00-04:00,448.34036348534045,480.2561225927905,447.79401274658,472.55780029296875,21396200
2024-08-06 00:00:00-04:00,475.8060337333228,499.20893351019396,475.4583614663161,490.79541015625,20955000
2024-08-07 00:00:00-04:00,499.7750576315179,506.74823629276204,483.6135290604077,485.6598205566406,20105300
2024-08-08 00:00:00-04:00,494.1826890487388,506.5595977578741,491.42122719485906,506.2318115234375,16156800
2024-08-09 00:00:00-04:00,504.3245575432351,514.8837113715979,502.3279809305961,514.3175048828125,13696600
2024-08-12 00:00:00-04:00,513.4135489736507,514.5658480140165,505.7053134773553,512.5096435546875,9767400
2024-08-13 00:00:00-04:00,516.5425953987603,527.9559706517589,514.6950123852472,525.0156860351562,13743800
2024-08-14 00:00:00-04:00,524.5388780300436,530.4392723612109,519.6417586898049,523.24755859375,11444200
2024-08-15 00:00:00-04:00,528.2439121362164,536.1707413680679,523.1878870724586,533.7470092773438,13482100
2024-08-16 00:00:00-04:00,528.3533057155574,530.1015190770014,521.1615312349661,523.9031372070312,14776700
2024-08-19 00:00:00-04:00,523.3567078553176,528.1147452351695,519.2741288076174,525.7506713867188,9879700
2024-08-20 00:00:00-04:00,524.8268440690854,527.5486241898866,522.3733435694845,523.2176513671875,7944400
2024-08-21 00:00:00-04:00,523.6349538269176,535.8032700316064,523.4163892745524,531.5914916992188,13423300
2024-08-22 00:00:00-04:00,533.4191952832433,540.6009650477762,525.0653012290355,528.3829956054688,15708300
2024-08-23 00:00:00-04:00,533.3397517008707,536.2700929585844,521.55884980876,524.479248046875,11323900
2024-08-26 00:00:00-04:00,524.0818514507407,524.4792084356696,511.51624012553435,517.6450805664062,9584000
2024-08-27 00:00:00-04:00,515.5193548304624,520.5158432413665,511.87384384105246,515.6385498046875,6282700
2024-08-28 00:00:00-04:00,514.2181257900095,517.615364659823,509.0329621910887,513.3341064453125,9106100
2024-08-29 00:00:00-04:00,515.5888867116108,523.684565573268,512.2413632137636,514.764404296875,8317400
2024-08-30 00:00:00-04:00,517.8735127156259,520.0489117955093,511.76455848669906,517.8338012695312,9157500
2024-09-03 00:00:00-04:00,516.1750252560046,521.9859928695383,505.22848784642304,508.3475646972656,12459100
2024-09-04 00:00:00-04:00,502.6954771522908,513.1453480424364,500.70881337108693,509.32098388671875,8335200
2024-09-05 00:00:00-04:00,508.3078633902029,518.1517873635855,507.74165686241577,513.41357421875,8640900
2024-09-06 00:00:00-04:00,518.4000932131843,521.0821016570909,494.92765391819984,496.9341735839844,14744500
2024-09-09 00:00:00-04:00,502.78493226486376,507.92044176479783,498.73212070070474,501.424072265625,11047800
2024-09-10 00:00:00-04:00,504.77159627872174,510.75144404736284,496.69580221213516,501.424072265625,9899000
2024-09-11 00:00:00-04:00,503.6292467318183,509.6984904565573,492.29532543071457,508.4170837402344,10782500
2024-09-12 00:00:00-04:00,513.6022993894097,523.1979204782829,511.7844848502824,522.0952758789062,11970500
2024-09-13 00:00:00-04:00,516.8703967615143,524.0621107021185,513.6618931917054,521.121826171875,10321400
2024-09-16 00:00:00-04:00,521.5394368849483,531.0447481141917,514.4403261539426,530.2294921875,9527600
2024-09-17 00:00:00-04:00,534.5247827857856,538.9990417734547,527.5350275240028,533.2521362304688,11690800
2024-09-18 00:00:00-04:00,533.9977098303668,541.0869276726933,530.845860739671,534.8726806640625,10323500
2024-09-19 00:00:00-04:00,546.8537527288971,558.8547141847413,543.3936793129712,555.9016723632812,15647000
2024-09-20 00:00:00-04:00,556.7965408444652,561.2707987619654,553.1176944195414,558.1387939453125,22066800
2024-09-23 00:00:00-04:00,566.2421838477487,570.6965366558616,559.1927153838685,561.1812744140625,12830700
2024-09-24 00:00:00-04:00,563.438417728342,564.5023042983775,551.0198738833946,560.1076049804688,12993000
2024-09-25 00:00:00-04:00,560.8233197330189,573.5799422527921,560.4951905177006,565.0589599609375,16543400
2024-09-26 00:00:00-04:00,572.436555499505,574.0970460697704,559.1330900425771,564.5917358398438,14400800
2024-09-27 00:00:00-04:00,566.8388185533927,567.5746364892888,561.2808291532298,564.114501953125,9398400
2024-09-30 00:00:00-04:00,564.4525297734127,571.392581823153,561.5690947166503,569.1654052734375,12792300
2024-10-01 00:00:00-04:00,574.6736740742251,579.7047261626475,566.8387463764593,573.1723022460938,15259300
2024-10-02 00:00:00-04:00,571.5715250916941,572.705018338464,566.0831432657689,569.5332641601562,6524700
2024-10-03 00:00:00-04:00,566.8885366691163,580.0229313102662,565.4766159470373,579.4363403320312,11581000
2024-10-04 00:00:00-04:00,580.3907101459058,593.4356513652355,578.1038796024136,592.5308837890625,14169500
2024-10-07 00:00:00-04:00,594.7977482426063,599.5007307129353,580.698874706609,581.4346923828125,12014200
2024-10-08 00:00:00-04:00,586.3167064096679,590.1645633879729,582.6179549512773,589.4984130859375,7857400
2024-10-09 00:00:00-04:00,590.5920310170018,590.9897670648169,578.2828467749312,587.1319580078125,9529700
2024-10-10 00:00:00-04:00,584.2088301034865,586.8535869486327,579.1877306195246,580.490234375,7740400
2024-10-11 00:00:00-04:00,581.4844891955055,587.8279971754954,579.3766215385939,586.5751953125,8587100
2024-10-14 00:00:00-04:00,590.8207303998246,596.6670986656153,586.585150741633,587.04248046875,8252000
2024-10-15 00:00:00-04:00,586.7840223253323,587.2314602827565,576.821381994876,582.9163208007812,9564200
2024-10-16 00:00:00-04:00,578.0742763982156,578.7503793522952,570.7464394262097,573.4906005859375,11268400
2024-10-17 00:00:00-04:00,579.9931131702996,581.6236855285798,571.9096154864388,573.6296997070312,8701200
2024-10-18 00:00:00-04:00,577.7758214109436,580.6293988605148,571.9593103260983,573.1723022460938,7694300
2024-10-21 00:00:00-04:00,572.7348299431258,573.9378692579733,565.8543723443174,571.8697509765625,8171900
2024-10-22 00:00:00-04:00,571.0047339757137,580.1919272386083,568.8471645216868,578.6806030273438,8544500
2024-10-23 00:00:00-04:00,576.6522311713827,581.6534860008076,559.2821980776996,560.4653930664062,14248400
2024-10-24 00:00:00-04:00,563.885737507838,565.6257266322763,558.3078440792799,564.5320434570312,7184700
2024-10-25 00:00:00-04:00,570.6468669862153,577.9647500652169,568.4494872870167,569.9707641601562,11337900
2024-10-28 00:00:00-04:00,578.67066002025,580.410649118249,570.8357328269512,574.8526000976562,10925100
2024-10-29 00:00:00-04:00,576.8312747759295,590.2738923162734,572.1084471625843,589.8861694335938,13019100
2024-10-30 00:00:00-04:00,597.5420905900066,597.7608636426235,586.0084723536592,588.4146118164062,26864900
2024-10-31 00:00:00-04:00,581.6535232859577,586.5255172425846,559.7893261973286,564.3331909179688,26838400
2024-11-01 00:00:00-04:00,564.3630874174274,570.3884199876283,559.341987056596,563.9156494140625,15303200
2024-11-04 00:00:00-05:00,560.87307535209,565.4368452329544,554.6986381254013,557.47265625,12064600
2024-11-05 00:00:00-05:00,564.0547974082218,570.1994379718212,563.4283964137084,569.1554565429688,9775400
2024-11-06 00:00:00-05:00,559.5308004818795,569.7221655728422,551.9941447200907,568.777587890625,18305400
2024-11-07 00:00:00-05:00,573.5899087480227,591.39742768716,571.9195264894807,588.315185546875,14653700
2024-11-08 00:00:00-05:00,588.1561165108458,589.707190216614,581.1763151778936,585.96875,9415700
2024-11-11 00:00:00-05:00,583.0057999151439,583.6421534545929,573.2121696554306,579.8340454101562,10209100
2024-11-12 00:00:00-05:00,585.1733003985561,596.2296848177605,577.0600054748132,581.474609375,16287700
2024-11-13 00:00:00-05:00,579.2771839216865,582.2898800347385,571.8797417717248,576.68212890625,10757600
2024-11-14 00:00:00-05:00,573.6993404002395,577.4378414789874,569.7321744285508,573.8583984375,11053700
2024-11-15 00:00:00-05:00,567.9523677618081,569.2946816423462,548.3452030486293,550.9104614257812,17712900
2024-11-18 00:00:00-05:00,553.8534284072965,556.6971138862053,546.9432344613651,551.2285766601562,14327300
2024-11-19 00:00:00-05:00,548.7031290595829,558.2183921757821,547.4503270456743,557.88037109375,9522400
2024-11-20 00:00:00-05:00,559.709823243458,563.110242576314,551.0297815177419,562.2850341796875,9797300
2024-11-21 00:00:00-05:00,566.2621684175319,566.7394032323083,545.9092323271811,559.8689575195312,11154700
2024-11-22 00:00:00-05:00,560.32621328156,560.6046406773982,551.4175075908335,555.9414672851562,9164000
2024-11-25 00:00:00-05:00,558.8844673779386,569.3145100236936,553.2071704273792,561.8772583007812,13599800
2024-11-26 00:00:00-05:00,562.7621877433986,574.1964018053228,561.9667762936829,570.259033203125,10356600
2024-11-27 00:00:00-05:00,571.601423170664,571.6908743519631,560.8731072719025,565.9439697265625,7200200
2024-11-29 00:00:00-05:00,565.7450932068846,575.1510000832634,563.6571303183109,571.03466796875,7130500
2024-12-02 00:00:00-05:00,574.1963992934365,591.0991504414684,572.2774471807156,589.438720703125,12522400
2024-12-03 00:00:00-05:00,591.5963112149323,610.6864900333547,587.8677630350062,610.1396484375,14907200
2024-12-04 00:00:00-05:00,609.4536653526643,614.2461004633882,601.6385813202486,610.2689819335938,14697000
2024-12-05 00:00:00-05:00,613.5500580968196,616.353933785045,603.5774048146206,605.4466552734375,8081200
2024-12-06 00:00:00-05:00,606.6099369109293,626.1873039273537,605.0489714012239,620.2017822265625,16935500
2024-12-09 00:00:00-05:00,620.3510129757906,622.8168680554663,602.7025471758005,610.0602416992188,11426000
2024-12-10 00:00:00-05:00,614.0272190903004,622.0113122599781,609.2347848248279,615.7771606445312,10938900
2024-12-11 00:00:00-05:00,619.8041107841092,634.7481632992731,617.9746701821156,629.0608520507812,10837200
2024-12-12 00:00:00-05:00,627.8875399219128,633.0179957315453,623.6221024715439,627.1815795898438,7474700
2024-12-13 00:00:00-05:00,623.6320266186848,627.4699920270454,613.3611619616729,616.8013305664062,8453300
2024-12-16 00:00:00-05:00,626.8814975325155,628.0457867533739,615.5376035416824,621.1697387695312,10885600
2024-12-17 00:00:00-05:00,623.0901898648054,629.2597075495864,613.507549791668,616.393310546875,12897800
2024-12-18 00:00:00-05:00,617.945699059959,624.2744037203172,593.387091448316,594.2528076171875,17075500
2024-12-19 00:00:00-05:00,607.3878008993366,608.5122478337648,592.0734823017316,592.6406860351562,14958100
2024-12-20 00:00:00-05:00,587.6752614717944,600.143601343373,577.1472819775203,582.3714599609375,48989400
2024-12-23 00:00:00-05:00,586.7000720639313,598.1336103729398,583.3665730831542,596.899658203125,10205800
2024-12-24 00:00:00-05:00,599.7555139461255,604.9996130735921,596.3324917694366,604.7608032226562,4726100
2024-12-26 00:00:00-05:00,602.5019749107529,603.3179490935831,595.994163249834,600.3824462890625,6081400
2024-12-27 00:00:00-05:00,596.4618063664631,598.8898077827639,586.8990872280444,596.85986328125,8084200
2024-12-30 00:00:00-05:00,585.8541662451341,594.0038852291777,582.6997752560201,588.3319091796875,7025900
2024-12-31 00:00:00-05:00,589.3569487521584,591.048538740922,580.9783186606066,582.6301879882812,6019500
2025-01-02 00:00:00-05:00,586.8194676993116,601.9347590067932,584.9288491785778,596.2926635742188,12682300
2025-01-03 00:00:00-05:00,601.7854933825649,606.5021699414652,593.4765264756181,601.6561279296875,11436800
2025-01-06 00:00:00-05:00,608.8207004232554,627.8864342776167,602.6412227555535,627.100341796875,14560800
2025-01-07 00:00:00-05:00,628.5930258941997,628.9910220723464,605.2384303850833,614.8509521484375,12071500
2025-01-08 00:00:00-05:00,610.3830585744919,613.4080846789525,599.8251969713253,607.7161865234375,10085800
2025-01-10 00:00:00-05:00,607.0296506844576,626.811816790901,594.4020628949343,612.8309326171875,19256600
2025-01-13 00:00:00-05:00,604.1140210154849,605.9748187670136,595.5066015316934,605.3380126953125,10785000
2025-01-14 00:00:00-05:00,602.0939991024484,602.5119163465189,585.6552325061541,591.3272094726562,13598000
2025-01-15 00:00:00-05:00,607.2087300599234,619.3984789584875,603.5169556717734,614.084716796875,15524300
2025-01-16 00:00:00-05:00,608.4924244716136,613.2190622741323,606.7112501958828,608.2933959960938,8355300
2025-01-17 00:00:00-05:00,620.9806532892833,621.8961113451103,600.7008856525179,609.7561645507812,17280600
2025-01-21 00:00:00-05:00,614.7912965163201,618.443229069153,606.0146693079478,613.4280395507812,11674000
2025-01-22 00:00:00-05:00,620.2342601357851,630.583131584813,616.3832997551551,620.4332885742188,12274000
2025-01-23 00:00:00-05:00,624.2743234364817,633.468866899262,618.0949061109532,633.3196411132812,9910200
2025-01-24 00:00:00-05:00,633.2699982280365,648.7932479651176,631.0808064099955,644.305419921875,19065300
2025-01-27 00:00:00-05:00,623.5280177511174,660.6047649681485,622.0254349357211,656.6343994140625,28399200
2025-01-28 00:00:00-05:00,662.7243805632816,679.2228513674787,656.2264682196907,671.013427734375,20950100
2025-01-29 00:00:00-05:00,671.6800579089199,677.7002892439266,662.3959298804792,673.1627197265625,21377800
2025-01-30 00:00:00-05:00,693.3927409364592,707.294001197109,672.774619401076,683.6210327148438,29322900
2025-01-31 00:00:00-05:00,687.6014000766061,701.8310551092019,682.2080746968453,685.7903442382812,19303900
2025-02-03 00:00:00-05:00,672.5856051378313,700.5374751524545,671.9288779782597,694.0296630859375,21415700
2025-02-04 00:00:00-05:00,699.0448111623289,704.2292080677055,688.2083581609453,700.7265014648438,13826300
2025-02-05 00:00:00-05:00,700.0896222542642,714.6078889974233,695.5719738179728,701.4031372070312,17778200
2025-02-06 00:00:00-05:00,702.4081644926629,715.3641456188349,700.0398655613205,708.4880981445312,13080700
2025-02-07 00:00:00-05:00,713.2743693522815,721.4440099000519,708.249220189881,711.005615234375,16427100
2025-02-10 00:00:00-05:00,715.0257888589608,717.652818700605,707.8313687608933,713.8715209960938,12904300
2025-02-11 00:00:00-05:00,709.8115954275665,720.1007048878689,706.5476987131067,716.2597045898438,12998000
2025-02-12 00:00:00-05:00,711.7818770685368,723.5238281436095,709.0951445232752,721.8123168945312,12016500
2025-02-13 00:00:00-05:00,717.9712107274046,725.4144007817218,714.5082858683488,724.9765625,12569100
2025-02-14 00:00:00-05:00,722.5685149916063,737.2658278537506,722.0510531620941,733.0466918945312,16901200
2025-02-18 00:00:00-05:00,732.3800758046814,733.375157429416,702.9654654069245,712.8466186523438,21938700
2025-02-19 00:00:00-05:00,700.6368658835008,703.5226265523086,691.9697448143099,700.3085327148438,17535500
2025-02-20 00:00:00-05:00,693.8505479928752,702.1594553078776,690.2284362839436,691.4225463867188,12587400
2025-02-21 00:00:00-05:00,693.1538679639241,700.4079900217689,679.0037778663954,680.1879272460938,15660400
2025-02-24 00:00:00-05:00,682.9046273446285,683.8897484077801,659.1918158891808,664.8438720703125,15677000
2025-02-25 00:00:00-05:00,662.6943629602742,664.7144074530656,638.7029638185587,654.2660522460938,20579700
2025-02-26 00:00:00-05:00,656.4055905153153,679.6506817176414,654.763681609393,670.386474609375,14488700
2025-02-27 00:00:00-05:00,679.0934498337167,685.2629678985895,654.3358147754243,655.0025024414062,12500000
2025-02-28 00:00:00-05:00,654.8034504822056,666.3364725318584,639.4393887052988,664.9135131835938,17534200
2025-03-03 00:00:00-05:00,670.3664982200642,677.8992724698688,647.638870751695,651.828125,10843800
2025-03-04 00:00:00-05:00,642.3350817447994,646.554217672348,620.5826142922276,636.8521728515625,21495200
2025-03-05 00:00:00-05:00,637.847267619745,656.256276123591,634.523668550264,653.2411499023438,13770000
2025-03-06 00:00:00-05:00,644.8129097915485,647.3603163884869,621.0403945748483,624.8416137695312,13446500
2025-03-07 00:00:00-05:00,622.2942118555259,631.6678640718745,597.6559802759192,622.582763671875,21375700
2025-03-10 00:00:00-04:00,605.0792675215534,607.109212093194,583.9835257431913,595.048828125,21999900
2025-03-11 00:00:00-04:00,592.1233521212574,611.9055811320635,590.4118407538476,602.73095703125,17401500
2025-03-12 00:00:00-04:00,626.801926859784,630.2150494744315,606.352951302888,616.5127563476562,15747000
2025-03-13 00:00:00-04:00,617.1992715803975,617.4480419437915,583.625233054342,587.7349243164062,16480300
2025-03-14 00:00:00-04:00,600.3688460487675,606.4044031406513,592.381232702444,605.1494750976562,12364500
2025-03-17 00:00:00-04:00,605.0101222504932,610.6273298059427,595.5882527559658,602.46044921875,15473900
2025-03-18 00:00:00-04:00,597.6298861819188,597.8290917063831,572.34227369431,580.01123046875,20297700
2025-03-19 00:00:00-04:00,581.9235510596104,589.9311027976759,572.4518964146898,581.7044067382812,20537500
2025-03-20 00:00:00-04:00,580.4096129893901,607.7389439842362,577.172720940167,583.6365356445312,24336500
2025-03-21 00:00:00-04:00,581.0670032780688,595.1300513212973,578.6069941650959,593.8452758789062,25015900
2025-03-24 00:00:00-04:00,612.4897086743648,620.0291850741187,609.7309218178737,616.3540649414062,15741300
2025-03-25 00:00:00-04:00,624.2321938231848,631.3234729455945,618.674681768664,623.7839965820312,15312500
2025-03-26 00:00:00-04:00,622.3697410659778,624.2222248223229,604.163437823038,608.5158081054688,12609800
2025-03-27 00:00:00-04:00,599.5720414465346,611.7726353131792,597.67968012305,600.1497192382812,10436500
2025-03-28 00:00:00-04:00,597.8888240380612,599.3230186538527,571.605245739065,574.4138793945312,17602800
2025-03-31 00:00:00-04:00,561.2273418254761,576.3660506926756,551.0684674021583,574.0354614257812,21124700
2025-04-01 00:00:00-04:00,568.537705940541,587.5307390242879,567.70106709451,583.6365356445312,12836600
2025-04-02 00:00:00-04:00,572.5912500878843,590.2696609066593,571.0475136953103,581.5748901367188,13470800
2025-04-03 00:00:00-04:00,544.0170454965238,550.3315027907909,528.1612684622463,529.4759521484375,34777500
2025-04-04 00:00:00-04:00,504.5767280238223,515.9108358048159,492.2068365877987,502.6943664550781,38589800
2025-04-07 00:00:00-04:00,483.14348777248983,537.1945936136326,479.9563819403582,514.1678466796875,36606100
2025-04-08 00:00:00-04:00,541.0589972717423,545.2221314563009,500.8318811641039,508.39129638671875,28034200
2025-04-09 00:00:00-04:00,507.2159828753818,585.5189153793327,500.08485719899596,583.407470703125,39216600
2025-04-10 00:00:00-04:00,573.1689763297147,578.9555415344041,533.141064552052,544.0867309570312,28173500
2025-04-11 00:00:00-04:00,533.3503157598807,545.1923783758704,526.458240909963,541.3778076171875,17642300
2025-04-14 00:00:00-04:00,553.926912857093,555.5204964254532,526.1494412576809,529.3364868164062,14130900
2025-04-15 00:00:00-04:00,529.9638803667925,535.7703838427552,515.4128199804695,519.4166259765625,15558700
2025-04-16 00:00:00-04:00,506.459094542153,511.29947867102186,493.6310371089192,500.2840881347656,18735100
2025-04-17 00:00:00-04:00,503.21224251554713,505.25396236597624,496.0014523688267,499.45745849609375,14593500
2025-04-21 00:00:00-04:00,489.34840447960073,491.50966603004946,477.8649073178194,482.705322265625,16166000
2025-04-22 00:00:00-04:00,489.886213659528,504.8356859267328,484.3984265448332,498.2622985839844,17399400
2025-04-23 00:00:00-04:00,526.398387792126,533.1809196011152,514.4368162114096,518.1716918945312,18173900
2025-04-24 00:00:00-04:00,516.6379887351463,531.7468532465975,515.4129686678962,530.9998779296875,13910000
2025-04-25 00:00:00-04:00,544.5946691393716,547.6423253119987,534.0872308807745,545.0628051757812,17098900
2025-04-28 00:00:00-04:00,553.3990561017924,556.2375374162976,538.409766598872,547.5228271484375,15179000
2025-04-29 00:00:00-04:00,543.7979549633997,554.3253329246786,541.9255322333729,552.2039184570312,11835000
2025-04-30 00:00:00-04:00,536.2286028212618,546.8854000110363,527.3644731031741,546.7858276367188,29244000
2025-05-01 00:00:00-04:00,589.6920784232152,590.5585647326062,568.1990964565776,569.9022216796875,31159000
2025-05-02 00:00:00-04:00,581.1069334308099,601.9027294588711,575.9976178073379,594.6122436523438,24739300
2025-05-05 00:00:00-04:00,588.8355666226496,600.7772617327329,585.6783683283057,596.8531494140625,13887700
2025-05-06 00:00:00-04:00,590.1403242884969,593.6262086030198,584.2143087960085,584.9413452148438,10600700
2025-05-07 00:00:00-04:00,587.9790163444538,600.6477471780503,584.3038959778277,594.4030151367188,13139100
2025-05-08 00:00:00-04:00,603.8447803031055,608.8345844494372,594.2137969163823,595.5982055664062,14622800
2025-05-09 00:00:00-04:00,601.2850913628599,604.5219836999701,589.3235802814015,590.1004028320312,10427300
2025-05-12 00:00:00-04:00,628.3753263945498,637.8071631499196,618.5252614130806,636.8510131835938,21965100
2025-05-13 00:00:00-04:00,642.9363519991007,658.2543254316694,640.2373210195778,653.3840942382812,18570800
2025-05-14 00:00:00-04:00,658.5432587283299,659.9973314154452,651.671063189936,656.70068359375,12348200
2025-05-15 00:00:00-04:00,651.6412216753015,654.6589696292252,636.0045299274248,641.2831420898438,14341800
2025-05-16 00:00:00-04:00,635.3870402976211,637.8570186595293,623.6246741050281,637.7574462890625,18519000
2025-05-19 00:00:00-04:00,625.7161768945482,640.4066880114517,625.2679796518272,637.8470458984375,9592400
2025-05-20 00:00:00-04:00,633.4448867170665,636.7713819580241,629.7100110253076,634.5304565429688,6743500
2025-05-21 00:00:00-04:00,629.2418310050065,644.0020660016361,627.6283696820823,632.9368896484375,11464600
2025-05-22 00:00:00-04:00,631.492768599171,640.6556757699244,628.1662733645643,634.0026245117188,8228400
2025-05-23 00:00:00-04:00,621.4833495575277,629.8992820739184,620.1388185495641,624.531005859375,8454100
2025-05-27 00:00:00-04:00,632.8472662118028,640.4863756807556,630.1980211513535,639.7294311523438,9508400
2025-05-28 00:00:00-04:00,640.0082861312126,648.2549209907568,639.958499945528,640.984375,9042900
2025-05-29 00:00:00-04:00,649.021781530125,650.6850290446924,636.9207607437914,642.4483642578125,8858800
2025-05-30 00:00:00-04:00,639.9087359485001,646.790840509364,630.227966818394,644.8786010742188,16241000
2025-06-02 00:00:00-04:00,641.791121766507,670.5446811489596,641.6616412070963,668.1942138671875,15766300
2025-06-03 00:00:00-04:00,668.7420068089284,672.8553550898889,662.3479161440031,664.1605224609375,11585000
2025-06-04 00:00:00-04:00,666.6204881500277,686.2211069583093,665.8735130698844,685.1753540039062,14031900
2025-06-05 00:00:00-04:00,688.8704104821669,691.5794719470881,679.4983890924821,681.8588256835938,13083100
2025-06-06 00:00:00-04:00,693.3622292653906,699.9754637799698,689.0795839414949,694.8960571289062,11728000
2025-06-09 00:00:00-04:00,695.6430205968694,702.3458579741853,691.1412310298801,691.2607421875,12773200
2025-06-10 00:00:00-04:00,698.5213248498013,700.3937473880201,688.7708312874433,699.567138671875,10850100
2025-06-11 00:00:00-04:00,700.871864292101,706.0110265671628,689.1991010267074,691.3404541015625,9582500
2025-06-12 00:00:00-04:00,690.5037820202001,692.575410020333,684.2292032313352,690.5635375976562,7322700
2025-06-13 00:00:00-04:00,685.175373097979,691.7686684593297,678.2633610655403,680.1158447265625,9274400
2025-06-16 00:00:00-04:00,697.0454302800655,704.839891030923,691.2444358848513,699.8262939453125,13720300
2025-06-17 00:00:00-04:00,699.7067073456836,703.6637089538638,693.7861096962511,694.9522705078125,10066100
2025-06-18 00:00:00-04:00,695.8991705300261,699.2980647722242,692.6299173050131,693.4970703125,10068300
2025-06-20 00:00:00-04:00,698.4607641474819,699.5272759324512,676.4528788689065,680.120849609375,22538600
2025-06-23 00:00:00-04:00,681.4564999402276,696.7663067524254,676.5326356722177,696.248046875,11080100
2025-06-24 00:00:00-04:00,702.5872352556954,710.8601081222891,699.8162879347926,709.8733520507812,13823200
2025-06-25 00:00:00-04:00,710.9897247556078,714.2390846812559,703.0756608117819,706.3648681640625,9320400
2025-06-26 00:00:00-04:00,712.026356119824,725.8410644855094,708.7271714667934,723.7180786132812,13964800
2025-06-27 00:00:00-04:00,724.1465793868571,733.0274448848292,723.488701447296,731.2333374023438,18775700
2025-06-30 00:00:00-04:00,742.1177521024767,745.4568450948445,731.8514114766995,735.6788940429688,15402100
2025-07-01 00:00:00-04:00,734.4727647300622,735.3399177465482,713.0330238804761,716.8704223632812,13431200
2025-07-02 00:00:00-04:00,712.9932128907722,717.9469479430355,710.4714485666279,711.2389526367188,9336700
2025-07-03 00:00:00-04:00,724.2363423193813,726.6484806198991,712.0861613983789,716.6611938476562,8601700
2025-07-07 00:00:00-04:00,715.2556849998467,724.6250009558648,711.1790804792781,716.0032348632812,9457100
2025-07-08 00:00:00-04:00,719.2128191233631,720.5484076114845,712.4748926138262,718.3157348632812,7770700
2025-07-09 00:00:00-04:00,720.3589752323313,735.1206520424314,720.3589752323313,730.3861694335938,11418000
2025-07-10 00:00:00-04:00,729.1601755610233,733.3962917497249,717.2492014044612,724.8642578125,9913600
2025-07-11 00:00:00-04:00,720.1397657932962,722.791049443565,707.3815924903404,715.1660766601562,10873900
2025-07-14 00:00:00-04:00,715.2557188520466,725.6217684499236,714.2091611608587,718.5648803710938,8939400
2025-07-15 00:00:00-04:00,721.5351494521201,722.1032338104419,707.5011297082585,708.0692749023438,11529500
2025-07-16 00:00:00-04:00,711.0394977501286,711.6375132851348,696.985585155631,700.6136474609375,13067600
2025-07-17 00:00:00-04:00,702.0888975460598,703.5939743779064,694.8326508122145,699.1185913085938,11803300
2025-07-18 00:00:00-04:00,699.8960490076172,702.407835998619,689.3905035678976,701.979248046875,12779800
2025-07-21 00:00:00-04:00,704.4909815749821,714.6576719200774,703.4544009949688,710.6408081054688,9404400
2025-07-22 00:00:00-04:00,713.8503357336546,714.258969568067,699.1185901916039,702.5075073242188,8921100
2025-07-23 00:00:00-04:00,704.062433018762,712.2954590710364,702.6271347622425,711.2489013671875,8771600
2025-07-24 00:00:00-04:00,714.7075545657141,721.256099225235,711.6675303636672,712.4649047851562,10920800
2025-07-25 00:00:00-04:00,714.5779456568456,718.2958018452817,709.5743863825453,710.351806640625,8271700
2025-07-28 00:00:00-04:00,712.8635901780652,722.3724029167645,710.3518030699777,715.28564453125,8715700
2025-07-29 00:00:00-04:00,717.6479213169642,722.1032896273051,697.6235240780348,697.7132568359375,13267000
2025-07-30 00:00:00-04:00,705.7768321791035,706.1854660197899,688.9419939778502,692.9389038085938,27077300
2025-07-31 00:00:00-04:00,772.667590247117,782.1863801577031,763.0092430876867,770.913330078125,38831100
2025-08-01 00:00:00-04:00,758.2448261685668,763.497629588928,742.8752172910131,747.5598754882812,19028700
2025-08-04 00:00:00-04:00,757.5172228150747,774.3121526971289,755.9323902785536,773.833740234375,15801700
2025-08-05 00:00:00-04:00,773.9135588479829,780.571729784316,760.5074842133715,760.9660034179688,11640300
2025-08-06 00:00:00-04:00,767.4845283360178,771.1126516160077,757.9757159507556,769.468017578125,9733900
2025-08-07 00:00:00-04:00,770.9631295472946,772.4682063669705,757.0686667309535,759.3412475585938,9019700
2025-08-08 00:00:00-04:00,760.2582747146965,767.3849416766147,756.101914160301,766.786865234375,7320800
2025-08-11 00:00:00-04:00,767.5643106154529,770.9332736584846,762.171949999175,763.3680419921875,7612000
2025-08-12 00:00:00-04:00,770.4747258826147,791.077183084039,769.9065806861354,787.419189453125,14563100
2025-08-13 00:00:00-04:00,788.5653976304532,792.8613147557745,775.6875624832143,777.5315551757812,8811800
2025-08-14 00:00:00-04:00,775.3387743217048,785.2363270315518,769.986322264654,779.5748901367188,8116200
2025-08-15 00:00:00-04:00,781.5883668624648,793.6488143059948,778.269228256533,782.664794921875,13375400
2025-08-18 00:00:00-04:00,772.5579712024165,773.2755899130946,754.0884756033142,764.8631591796875,16513700
2025-08-19 00:00:00-04:00,764.6138835148547,764.6637080022275,746.9118940939144,749.0249633789062,12286700
2025-08-20 00:00:00-04:00,745.1278092436016,747.7492222984731,728.6119336256934,745.2772827148438,11898200
2025-08-21 00:00:00-04:00,742.2772053426181,743.0646026719377,730.7150636889187,736.6854858398438,8876300
2025-08-22 00:00:00-04:00,736.81505282597,754.4273720053774,731.9908982789533,752.32421875,10612700
2025-08-25 00:00:00-04:00,752.354165267511,756.40089964729,747.6794841015795,750.839111328125,6861200
2025-08-26 00:00:00-04:00,748.3472672479323,752.4039786334924,745.4966249237331,751.636474609375,7601800
2025-08-27 00:00:00-04:00,749.8424483929042,751.686441496835,740.4133903227499,744.9385375976562,8315400
2025-08-28 00:00:00-04:00,741.5694916361576,750.5899148175357,738.3799332684189,748.65625,7468000
2025-08-29 00:00:00-04:00,742.8452639072395,744.6991728475456,732.9476508228346,736.2867431640625,9070500
2025-09-02 00:00:00-04:00,723.6681190637612,733.5956032036421,719.3722015925617,732.70849609375,9350900
2025-09-03 00:00:00-04:00,733.5955932459119,737.8317091036498,731.5921498947655,734.6421508789062,7699300
2025-09-04 00:00:00-04:00,746.1245289832817,758.673365064992,743.3835128663812,746.2042846679688,11439100
2025-09-05 00:00:00-04:00,750.1613709772337,755.4739762141257,742.5961997057085,749.991943359375,9663400
2025-09-08 00:00:00-04:00,753.5302710608411,764.0059463353695,749.5632925404257,749.8423461914062,13087800
2025-09-09 00:00:00-04:00,755.0154070864886,763.7966239723705,750.9686728075005,763.1986083984375,10999000
2025-09-10 00:00:00-04:00,762.6305038555339,763.1986490989516,748.5466583985636,749.5234375,12478300
2025-09-11 00:00:00-04:00,752.184771170502,754.6267189634892,745.9252571616319,748.447021484375,7923300
2025-09-12 00:00:00-04:00,746.2840072815898,755.095155276553,741.330272625368,753.1216430664062,8248600
2025-09-15 00:00:00-04:00,754.9954213012545,771.5412279036273,749.5333431691193,762.2018432617188,10533800
2025-09-16 00:00:00-04:00,764.494341124313,778.8074148399552,762.6005237676653,776.4551391601562,11782500
2025-09-17 00:00:00-04:00,777.4419223006557,780.7311297077449,763.8066193659058,773.1858520507812,9400900
2025-09-18 00:00:00-04:00,778.1994774600552,786.203274581819,770.8336042127465,777.7011108398438,10955000
2025-09-19 00:00:00-04:00,783.8508708699721,788.2165669565625,766.6771780735046,775.837158203125,23696800
2025-09-22 00:00:00-04:00,779.8218176027002,783.6917575585782,762.4868973227559,763.1751098632812,11706900
2025-09-23 00:00:00-04:00,767.254476840496,768.6009504341728,749.1216451610411,753.4404296875,10872600
2025-09-24 00:00:00-04:00,755.5349916265823,759.1356124217834,750.5779133776451,758.686767578125,8828200
2025-09-25 00:00:00-04:00,751.4954858581857,754.8068807440363,742.6185490172081,746.9672241210938,10591100
2025-09-26 00:00:00-04:00,748.0544659269957,749.9794521140951,735.4372562509625,741.8206787109375,9696300
2025-09-29 00:00:00-04:00,746.777703342028,748.8324179023273,737.2325826153279,741.4715576171875,9246800
2025-09-30 00:00:00-04:00,740.3245554260684,741.0426584785586,724.4159185837501,732.4749755859375,16226800
2025-10-01 00:00:00-04:00,719.6183236513255,719.9773751402398,708.357633728991,715.4791259765625,20419600
2025-10-02 00:00:00-04:00,720.7055653205383,725.8821043267139,716.2770807321521,725.1639404296875,11415300
2025-10-03 00:00:00-04:00,727.7372737109582,729.1037149276121,708.3377167266436,708.7167358398438,16154300
2025-10-06 00:00:00-04:00,703.3607165744016,715.0203947681905,688.718804278428,713.8035278320312,21654700
2025-10-07 00:00:00-04:00,715.8581417735932,716.636147605649,703.9192222306009,711.230224609375,12062900
2025-10-08 00:00:00-04:00,711.599278595462,717.7832075860277,705.9738944950672,715.9779052734375,10790600
2025-10-09 00:00:00-04:00,716.4167658258609,731.6072387695312,710.5918883665408,731.6072387695312,12717200
2025-10-10 00:00:00-04:00,729.0239332852144,733.3626856542741,702.6824691715568,703.4703979492188,16980100
2025-10-13 00:00:00-04:00,711.1603595995662,718.072374881022,705.8042950194317,713.8433837890625,9251800
2025-10-14 00:00:00-04:00,705.9439682909708,713.6937706407739,697.5158763660478,706.8117065429688,8829800
2025-10-15 00:00:00-04:00,715.1998794771447,722.0221626881838,707.6694770310874,715.6885986328125,10246800
2025-10-16 00:00:00-04:00,715.6886043056783,723.6080097298942,702.0540824517458,710.2228393554688,9017000
2025-10-17 00:00:00-04:00,705.2458014471516,716.6760344343375,704.2882698394852,715.0602416992188,12232400
2025-10-20 00:00:00-04:00,719.3191931642514,731.8665769499745,718.3118034233538,730.2706909179688,8900200
2025-10-21 00:00:00-04:00,734.110725168398,736.5842723709278,726.8595646449745,731.3678588867188,7647300
2025-10-22 00:00:00-04:00,731.9264006052239,738.6787972623451,722.1518348008319,731.5074462890625,8734500
2025-10-23 00:00:00-04:00,732.7941435868839,740.4841042897723,731.1982575844598,732.095947265625,9856000
2025-10-24 00:00:00-04:00,734.8786455644157,739.2872233202683,729.2533227506186,736.444580078125,9151300
2025-10-27 00:00:00-04:00,747.7851152228061,753.7895182960361,746.069606274355,748.872314453125,11321100
2025-10-28 00:00:00-04:00,750.6776381609803,756.4326899204912,743.5860965317024,749.49072265625,12193800
2025-10-29 00:00:00-04:00,752.7921200604676,757.1906533932021,740.5838813084906,749.7200927734375,26818600
2025-10-30 00:00:00-04:00,667.414190282622,679.1935516668058,648.4833846789722,664.7410888671875,88440100
2025-10-31 00:00:00-04:00,672.7602632515434,673.1392823636344,643.8953340746643,646.6680908203125,56953200
2025-11-03 00:00:00-05:00,654.298256711345,657.619635334369,634.5296648817072,636.0557250976562,33003600
2025-11-04 00:00:00-05:00,626.410791028598,640.0752642850032,624.3860886703497,625.6926879882812,27356600
2025-11-05 00:00:00-05:00,630.6697208898194,640.5639703518489,624.9146693781357,634.30029296875,20219900
2025-11-06 00:00:00-05:00,634.2005186436334,634.3501538797125,616.3968476378337,617.3344116210938,23628800
2025-11-07 00:00:00-05:00,614.8907386759073,620.5161224262619,599.640424749484,620.0972290039062,29946800
2025-11-10 00:00:00-05:00,629.4529708548182,633.3528014765299,616.5065997528014,630.1212158203125,19245000
2025-11-11 00:00:00-05:00,626.3709044869131,627.9268552540688,617.7832543081277,625.4533081054688,13302200
2025-11-12 00:00:00-05:00,626.5005716840028,627.3583261459861,606.1934022078184,607.43017578125,24493300
2025-11-13 00:00:00-05:00,611.4796659420805,616.0478021853295,601.4357808374693,608.3079223632812,20973800
2025-11-14 00:00:00-05:00,600.2288811530552,612.088052043071,593.6560102918138,607.8790283203125,20724100
2025-11-17 00:00:00-05:00,607.4600964135232,610.1032465254069,593.855525554584,600.4483642578125,16501300
2025-11-18 00:00:00-05:00,590.065358149623,602.0940719298206,582.2656968950795,596.1395874023438,25500600
2025-11-19 00:00:00-05:00,592.1797786556917,593.7856483585136,579.7421567881397,588.7886352539062,24744700
2025-11-20 00:00:00-05:00,601.9344542639864,605.1460720070379,581.8367012414765,587.6217041015625,20603000
2025-11-21 00:00:00-05:00,586.9734117815261,596.5684523172222,580.3506215479276,592.70849609375,21052600
2025-11-24 00:00:00-05:00,597.1668126146857,615.1002115339802,596.0796743085915,611.4596557617188,23554900
2025-11-25 00:00:00-05:00,622.3813086708644,635.3974440566444,616.696082618217,634.569580078125,25213000
2025-11-26 00:00:00-05:00,636.0358029520913,636.7040478933542,629.9915253276793,631.9663696289062,15209500
2025-11-28 00:00:00-05:00,634.4299618769652,646.3688812783262,633.8514494094911,646.2691650390625,11033200
2025-12-01 00:00:00-05:00,637.8909364271796,643.6459879981971,636.1056017671217,639.20751953125,13029900
2025-12-02 00:00:00-05:00,640.6737853801045,646.1894088056151,636.414842355605,645.42138671875,11640900
2025-12-03 00:00:00-05:00,642.7383773862279,647.1668624868771,635.8961867971512,637.9408569335938,11134300
2025-12-04 00:00:00-05:00,674.2463992276428,674.3461154685141,658.3377626918029,659.81396484375,29874600
2025-12-05 00:00:00-05:00,662.2775487290173,672.9398207362489,660.6717397649775,671.673095703125,21207900
2025-12-08 00:00:00-05:00,667.603701448277,674.9545781663558,663.344758713728,665.0702514648438,13161000
2025-12-09 00:00:00-05:00,662.0481300460407,662.7562492699393,651.6451938720459,655.2557983398438,12997100
2025-12-10 00:00:00-05:00,648.2639556943986,652.8121240146866,641.730959438269,648.4434814453125,16910900
2025-12-11 00:00:00-05:00,641.6212380225077,653.5801862453618,639.1377070000864,651.016845703125,13056700
2025-12-12 00:00:00-05:00,648.1143349664432,709.1555875928369,636.9533606253732,642.5587768554688,14016900
2025-12-15 00:00:00-05:00,644.5502809809109,651.8372704406642,637.5627451568915,646.3570556640625,15549100
2025-12-16 00:00:00-05:00,642.3541401459643,661.3602142938313,642.054686531657,655.9798583984375,14309100
2025-12-17 00:00:00-05:00,654.4426118233187,660.0526000253047,648.0440522221027,648.343505859375,15598500
2025-12-18 00:00:00-05:00,655.8601356908653,669.366012780715,655.2911433094866,663.2669067382812,20260300
2025-12-19 00:00:00-05:00,665.2333263832898,669.8051880946751,657.0080086354003,657.5969848632812,49977100
2025-12-22 00:00:00-05:00,660.4718397886508,672.380589007267,655.4807431709672,660.3220825195312,15659400
2025-12-23 00:00:00-05:00,658.8746741689592,664.8140915262984,657.0778915122911,663.7559814453125,8486800
2025-12-24 00:00:00-05:00,661.3503688947783,666.9902722948509,661.0209394131572,666.3613891601562,5627500
2025-12-26 00:00:00-05:00,666.8704124858896,667.7588423243637,660.1424238558649,662.10888671875,7133800
2025-12-29 00:00:00-05:00,656.8383689858442,659.0743707339258,653.2248195668056,657.5171508789062,8506500
2025-12-30 00:00:00-05:00,657.5171386037911,671.0230153954109,656.6686764849229,664.7642211914062,9187500
2025-12-31 00:00:00-05:00,663.5663484641349,663.8159033150052,658.2658058687088,658.9146728515625,7940400
2026-01-02 00:00:00-05:00,661.5499631466852,663.2070415689074,642.3542224297569,649.2518920898438,13726500
2026-01-05 00:00:00-05:00,649.8508280292294,663.3567049684374,646.5966230035071,657.616943359375,12213700
2026-01-06 00:00:00-05:00,658.3956073528642,664.3350252422523,650.7392812609531,659.4437255859375,11074400
2026-01-07 00:00:00-05:00,654.4726104611178,657.9763704555172,643.6618768302103,647.5349731445312,12846300
2026-01-08 00:00:00-05:00,644.7299347572825,645.9477331499952,634.5879917891143,644.9096069335938,11921700
2026-01-09 00:00:00-05:00,644.2906685217797,653.7837438291153,641.7052537227476,651.8970947265625,11634900
2026-01-12 00:00:00-05:00,651.3681600668523,652.8055375702352,640.0882316599212,640.826904296875,14797200
2026-01-13 00:00:00-05:00,641.1263941859123,641.1263941859123,622.9887038024194,629.96630859375,18030400
2026-01-14 00:00:00-05:00,625.3844405077801,627.3309804807691,613.7252454803604,614.4240112304688,15527900
2026-01-15 00:00:00-05:00,617.378703801015,623.0585745209008,613.1362714280776,619.694580078125,13076100
2026-01-16 00:00:00-05:00,623.0685636897582,627.9598630097294,618.9758886129073,619.1455688476562,17012500
2026-01-20 00:00:00-05:00,606.7976262932837,610.3113781504126,598.9316523845154,603.0443115234375,15169600
2026-01-21 00:00:00-05:00,605.659634898437,617.169133937088,599.0115204374271,611.8685913085938,14494700
2026-01-22 00:00:00-05:00,628.2293275614567,659.3937675491238,625.4343255489129,646.476806640625,21394700
2026-01-23 00:00:00-05:00,643.6219561683764,665.3032527677875,643.3025186421843,657.5870361328125,22797700
2026-01-26 00:00:00-05:00,663.9456740004919,674.0776252750454,660.1124846991261,671.1627807617188,16327400
2026-01-27 00:00:00-05:00,673.3888389297905,675.6148486525956,663.4764668627315,671.7716674804688,13297400
2026-01-28 00:00:00-05:00,673.2989910894674,676.4733214975852,664.9139236867763,667.5392456054688,25709600
2026-01-29 00:00:00-05:00,736.1169233837337,742.6752321400184,711.2812198864386,736.995361328125,59852900
2026-01-30 00:00:00-05:00,726.2045952530067,730.8662626744616,712.3193905555435,715.2241821289062,23744600
2026-02-02 00:00:00-05:00,713.3275184694113,720.0156002559207,702.2672920108814,705.152099609375,14365200
2026-02-03 00:00:00-05:00,706.1104025957663,715.7232596178901,685.1877035052055,690.4683227539062,13760700
2026-02-04 00:00:00-05:00,686.5053883494637,687.603466213174,666.2715231343633,667.7987670898438,16882800
2026-02-05 00:00:00-05:00,662.3984025060512,680.2864759062725,652.3363345630947,669.0166015625,17131800
2026-02-06 00:00:00-05:00,664.3050190645899,670.7934451675868,645.3488423980709,660.2822265625,18159300
2026-02-09 00:00:00-05:00,661.9991209626965,682.0932819515241,657.6069922476072,676.0140991210938,14837500
2026-02-10 00:00:00-05:00,676.3934502400131,679.4380681924739,668.597359057372,669.5256958007812,10455800
2026-02-11 00:00:00-05:00,672.7998711552045,678.0605068549233,655.9299390360635,667.4993286132812,14323800
2026-02-12 00:00:00-05:00,668.7770306530766,674.7963229561075,644.1310518439949,648.6529541015625,14960100
2026-02-13 00:00:00-05:00,643.9513250294082,650.2700710327099,633.4401061931457,638.630859375,12336400
2026-02-17 00:00:00-05:00,638.3612593202278,641.4557148619026,627.6803003409905,638.151611328125,12674700
2026-02-18 00:00:00-05:00,632.67143641335,643.8515057528024,627.0315334227189,642.0746459960938,14649200
2026-02-19 00:00:00-05:00,637.432932921519,646.0375787806976,635.5861905818066,643.6318969726562,10035700
2026-02-20 00:00:00-05:00,638.5509584025834,662.1688021543367,637.6426055733327,654.4924926757812,14183500
2026-02-23 00:00:00-05:00,651.3780476889771,656.5288937722072,634.8675211939732,636.1152954101562,8605900
2026-02-24 00:00:00-05:00,631.9527259539814,639.9683956881865,627.8599900449855,638.16162109375,10135600
2026-02-25 00:00:00-05:00,641.3859599741169,652.7157261405878,640.9966397738364,652.5260620117188,11330700
2026-02-26 00:00:00-05:00,649.3916295582877,659.823034651462,646.3470725216666,655.8401489257812,10637700
2026-02-27 00:00:00-05:00,642.3043203814821,648.2836451675449,636.983793627941,647.02587890625,15703000
2026-03-02 00:00:00-05:00,636.0254184162494,658.764884603327,633.3701817354564,652.396240234375,9816100
2026-03-03 00:00:00-05:00,647.1356255764312,657.866484005116,637.7025010942567,653.91357421875,12263800
2026-03-04 00:00:00-05:00,656.788453587829,671.5720803574089,656.4989309709863,666.541015625,10810100
2026-03-05 00:00:00-05:00,660.751362594833,669.5057662619517,649.1520579976961,659.393798828125,13341400
2026-03-06 00:00:00-05:00,646.7463568472266,648.3135076492586,634.9773114336934,643.7117309570312,13159400
2026-03-09 00:00:00-04:00,633.6497720389343,646.596649067328,625.6640164348609,646.2373046875,13489700
2026-03-10 00:00:00-04:00,652.3962328583322,659.1242214972237,647.8443550809549,652.9053344726562,9859300
2026-03-11 00:00:00-04:00,653.5941111270305,657.9463328691638,647.2054829186618,653.6939086914062,8977200
2026-03-12 00:00:00-04:00,647.5948263527883,652.336368433984,635.7659510050273,637.0436401367188,11617500
2026-03-13 00:00:00-04:00,622.7790526456299,628.0496188589474,608.4645611002024,612.6171875,18957600
2026-03-16 00:00:00-04:00,631.4147932406764,634.1622468505053,622.5230098937741,626.8690185546875,15134900
2026-03-17 00:00:00-04:00,627.4085169382369,635.9605885584036,621.1243629754691,622.0834350585938,10348800
2026-03-18 00:00:00-04:00,615.769347359454,622.0735023862151,614.04090772979,615.1099243164062,11726300
2026-03-19 00:00:00-04:00,611.5832104537112,612.4323990135786,601.7023533616688,606.1382446289062,13247700
2026-03-20 00:00:00-04:00,602.9712077810872,603.400802317344,586.7062525156723,593.1102905273438,21214900
2026-03-23 00:00:00-04:00,605.2290499891692,608.0764476338709,598.4553596033379,603.5006713867188,13638000
2026-03-24 00:00:00-04:00,598.5452420228083,600.443507118967,590.4527665679026,592.3709716796875,10739700
2026-03-25 00:00:00-04:00,598.1855830392399,603.1110107561809,592.850561795072,594.3391723632812,12585000
2026-03-26 00:00:00-04:00,581.9506076701073,582.460145169462,542.8468364624507,547.032958984375,35780100
2026-03-27 00:00:00-04:00,539.599843303006,543.0966023049141,519.7782492802263,525.233154296875,30133000
2026-03-30 00:00:00-04:00,535.8833618164062,539.0504095872608,528.0505941707193,535.8833618164062,22795200
2026-03-31 00:00:00-04:00,549.4707059552647,573.1587727471259,546.2637174010383,571.6002197265625,32898300
2026-04-01 00:00:00-04:00,579.5928556215499,592.0013387220274,573.2887005646345,578.6936645507812,23608100
2026-04-02 00:00:00-04:00,565.5158531822124,577.9643377947169,559.1817578546791,573.9281005859375,13518500
2026-04-06 00:00:00-04:00,577.1550997330287,582.2503530791108,571.4703658572956,572.4894409179688,9515700
2026-04-07 00:00:00-04:00,571.9498894780604,574.6973431004155,564.2370671243236,574.5175170898438,9580800
2026-04-08 00:00:00-04:00,605.4388670235439,629.3667024291958,591.2820049792073,611.8529052734375,32036600
2026-04-09 00:00:00-04:00,626.3894374266143,636.9097166035551,622.4231426572783,627.8081665039062,19012900
2026-04-10 00:00:00-04:00,633.882449891805,637.9886903650855,623.7518859014353,629.2767333984375,13294800
2026-04-13 00:00:00-04:00,628.9171329935918,634.4120404303904,623.8218795800174,633.9425048828125,9538900
2026-04-14 00:00:00-04:00,642.624350345733,665.6430543798978,638.7779398291946,661.8765258789062,17818000
2026-04-15 00:00:00-04:00,666.3824145357423,677.8717665104965,663.6049593103575,670.9581909179688,14952600
2026-04-16 00:00:00-04:00,675.3640350842893,676.9525896021297,667.131674939706,676.2432250976562,9544800
2026-04-17 00:00:00-04:00,677.9716157075654,690.8796961433965,674.5048580761284,687.9124145507812,16283500
2026-04-20 00:00:00-04:00,680.7290935491282,682.7472426832454,667.381478611767,670.2887573242188,12534000
2026-04-21 00:00:00-04:00,670.3786762058809,675.5738733736962,666.7120915784461,668.220703125,8660100
2026-04-22 00:00:00-04:00,673.7355628200382,677.7518600207422,669.1298460769134,674.09521484375,9215600
2026-04-23 00:00:00-04:00,663.0854475032797,668.9400066983026,652.4452846667049,658.5396728515625,11667000
2026-04-24 00:00:00-04:00,659.7085674039201,680.0396994180859,653.2345872360809,674.4049682617188,13348300
2026-04-27 00:00:00-04:00,670.3786986745525,681.8680504402118,670.2188736545023,677.9916381835938,12805200
2026-04-28 00:00:00-04:00,673.6156618787633,677.5520159823654,665.0136491453696,670.7183837890625,10606800
2026-04-29 00:00:00-04:00,668.290599742094,673.6256820299297,663.1953464496755,668.5004272460938,18947500
2026-04-30 00:00:00-04:00,618.7465567527638,620.2751083620838,599.4444385151393,611.3433837890625,52765000
2026-05-01 00:00:00-04:00,614.120842749119,618.3069655430758,605.548770151405,608.1863403320312,21404000
2026-05-04 00:00:00-04:00,607.3771038685389,613.4314904063681,602.1919069095087,609.8447875976562,16203900
2026-05-05 00:00:00-04:00,612.7420849871345,613.7811000159977,599.8040642277598,604.3998413085938,17171300
2026-05-06 00:00:00-04:00,600.4934370812971,619.3759607512419,597.5461564796674,612.3125,19915500
2026-05-07 00:00:00-04:00,614.150739078972,624.4012480600104,612.9718390781961,616.2388305664062,12307400
2026-05-08 00:00:00-04:00,614.6303402495529,616.1988937552933,605.4987892063378,609.0654907226562,13557000
2026-05-11 00:00:00-04:00,604.010215830275,604.3498668649182,597.5262348938886,598.3054809570312,15940600
2026-05-12 00:00:00-04:00,594.2692320029287,603.1909559259367,592.0512559095129,602.441650390625,11351600
2026-05-13 00:00:00-04:00,598.275515544453,619.3260125714435,596.1074810052941,616.0590209960938,14634400
2026-05-14 00:00:00-04:00,615.429618202359,623.152441138389,614.4305441468357,617.8573608398438,10651200
2026-05-15 00:00:00-04:00,613.421486859321,620.6248329546977,608.7458274653094,613.6612548828125,13272600
2026-05-18 00:00:00-04:00,608.5459509764945,615.0199919776213,603.1309869574205,610.64404296875,13772400
2026-05-19 00:00:00-04:00,608.3561568042173,613.361527578881,599.9939118379299,602.052001953125,11749900
2026-05-20 00:00:00-04:00,600.2037495434126,607.4370360716302,597.2564688338498,604.499755859375,11329700
2026-05-21 00:00:00-04:00,599.4443949814065,609.0354809096541,594.2591985256718,606.8175659179688,13476100
2026-05-22 00:00:00-04:00,607.3171451453314,614.2407210713809,606.3880135859368,609.6949462890625,11688600
2026-05-26 00:00:00-04:00,608.3261927003538,613.9009818092591,604.7394901495815,611.7730102539062,12234200
2026-05-27 00:00:00-04:00,608.8357727220844,637.908804248614,608.4361186960156,634.6718139648438,23143600
2026-05-28 00:00:00-04:00,638.9078448274123,642.4046039468743,628.7272779804616,634.7017211914062,16772400
2026-05-29 00:00:00-04:00,632.9133899267435,633.9124639439917,622.7727642602187,631.92431640625,19806500
2026-06-01 00:00:00-04:00,629.8162791560948,635.1613007084701,598.974869401479,599.9139404296875,29138800
2026-06-02 00:00:00-04:00,602.68138962268,608.3161816139932,596.1274666259658,597.0765991210938,18252000
2026-06-03 00:00:00-04:00,602.4416570391962,623.5720977596394,599.7142043737263,622.4031372070312,23020100
2026-06-04 00:00:00-04:00,623.0924785224576,641.8051764288737,621.8536364911718,626.9888916015625,21469200
2026-06-05 00:00:00-04:00,622.8827460758752,628.567480013855,582.3702434655938,592.450927734375,30091600
2026-06-08 00:00:00-04:00,591.4518261333767,591.4518261333767,578.6836307521693,584.8479614257812,19512400
2026-06-09 00:00:00-04:00,590.4527436689563,597.0766092757164,580.4720040020986,584.0487060546875,16977400
2026-06-10 00:00:00-04:00,580.192266144374,590.7724873942649,570.0716409197756,570.4512939453125,17064000
2026-06-11 00:00:00-04:00,565.3060574843756,571.6401524850257,556.4942175026772,567.9036254882812,17628000
2026-06-12 00:00:00-04:00,572.4194595335534,575.5365655300229,560.3806300495169,566.4549560546875,14326400
2026-06-15 00:00:00-04:00,579.9000244140625,601.27001953125,579.2999877929688,593.47998046875,17653300
2026-06-16 00:00:00-04:00,593.6500244140625,605.8099975585938,592.0,600.2100219726562,11344400
2026-06-17 00:00:00-04:00,592.0,593.8099975585938,566.1900024414062,567.5800170898438,20478300
2026-06-18 00:00:00-04:00,572.8200073242188,580.219970703125,563.0999755859375,577.219970703125,28824600
2026-06-22 00:00:00-04:00,572.02001953125,575.8099975585938,559.8099975585938,563.8499755859375,15405500
2026-06-23 00:00:00-04:00,562.25,572.2000122070312,561.02001953125,562.2000122070312,13103300
2026-06-24 00:00:00-04:00,561.8900146484375,569.0399780273438,555.5499877929688,557.6699829101562,13963600
2026-06-25 00:00:00-04:00,555.5499877929688,556.3400268554688,540.1799926757812,542.8699951171875,16968600
2026-06-26 00:00:00-04:00,543.3400268554688,556.8499755859375,540.4000244140625,550.25,18867700
2026-06-29 00:00:00-04:00,560.0,570.9000244140625,558.0,562.5999755859375,15011400
2026-06-30 00:00:00-04:00,560.9400024414062,565.5399780273438,551.4299926757812,563.2899780273438,18111100
2026-07-01 00:00:00-04:00,607.9099731445312,628.280029296875,595.0999755859375,612.9099731445312,45536300
2026-07-02 00:00:00-04:00,607.9000244140625,610.0,580.4199829101562,582.9000244140625,21705900
2026-07-06 00:00:00-04:00,594.8400268554688,603.5800170898438,581.760009765625,600.2899780273438,17674100
2026-07-07 00:00:00-04:00,607.5900268554688,625.3699951171875,603.6599731445312,615.5800170898438,18560800
2026-07-08 00:00:00-04:00,614.3900146484375,616.0,598.010009765625,603.1199951171875,13606500
2026-07-09 00:00:00-04:00,583.989990234375,633.27001953125,577.0700073242188,631.47998046875,26579700
2026-07-10 00:00:00-04:00,660.3400268554688,677.8599853515625,658.010009765625,669.2100219726562,40608900
2026-07-13 00:00:00-04:00,661.3800048828125,676.6199951171875,654.2000122070312,656.72998046875,19840700
2026-07-14 00:00:00-04:00,652.0,666.5,649.0499877929688,661.0399780273438,16748200
2026-07-15 00:00:00-04:00,663.5999755859375,686.0800170898438,656.6599731445312,681.3099975585938,19003400
2026-07-16 00:00:00-04:00,677.280029296875,681.9000244140625,660.1599731445312,664.5399780273438,15816000
2026-07-17 00:00:00-04:00,647.7000122070312,652.2000122070312,626.0,646.010009765625,22267900
2026-07-20 00:00:00-04:00,646.7000122070312,653.2999877929688,636.010009765625,645.8499755859375,10225200
2026-07-21 00:00:00-04:00,654.1799926757812,655.8800048828125,643.2000122070312,643.8099975585938,9140500
2026-07-22 00:00:00-04:00,647.7000122070312,649.0,624.0,627.1699829101562,11019600
2026-07-23 00:00:00-04:00,608.4099731445312,614.6500244140625,597.219970703125,606.0999755859375,15494800
2026-07-24 00:00:00-04:00,605.2999877929688,609.97998046875,594.4500122070312,595.1900024414062,11503500
2026-07-27 00:00:00-04:00,607.219970703125,611.260009765625,593.1300048828125,593.8699951171875,11195300
2026-07-28 00:00:00-04:00,596.8200073242188,601.0,587.0,593.4099731445312,12009300
2026-07-29 00:00:00-04:00,593.25,599.969970703125,582.219970703125,585.6099853515625,22371100
2026-07-30 00:00:00-04:00,526.0,539.8800048828125,524.489990234375,539.030029296875,42271500
2026-07-31 00:00:00-04:00,543.5999755859375,558.3300170898438,540.219970703125,556.7100219726562,24261500
2026-08-03 00:00:00-04:00,562.239990234375,597.52001953125,559.3599853515625,590.239990234375,25938100
2026-08-04 00:00:00-04:00,581.5,592.7899780273438,578.25,587.9400024414062,17959200
2026-08-05 00:00:00-04:00,600.4600219726562,601.0,580.1199951171875,588.77001953125,14897200
2026-08-06 00:00:00-04:00,586.9500122070312,595.3099975585938,586.0,589.9000244140625,11811500
2026-08-07 00:00:00-04:00,585.6400146484375,598.739990234375,585.6199951171875,592.0999755859375,11250300
2026-08-10 00:00:00-04:00,599.1300048828125,608.2100219726562,592.030029296875,594.9199829101562,14967300
2026-08-11 00:00:00-04:00,598.0,612.4299926757812,593.4000244140625,599.1199951171875,13146900
2026-08-12 00:00:00-04:00,601.0700073242188,604.5,578.2100219726562,578.8499755859375,16186900
2026-08-13 00:00:00-04:00,580.7100219726562,595.8499755859375,579.3900146484375,594.969970703125,11164200
2026-08-14 00:00:00-04:00,596.97998046875,601.8599853515625,589.2899780273438,589.8499755859375,8758000
2026-08-17 00:00:00-04:00,589.75,590.239990234375,564.75,568.969970703125,17225600
2026-08-18 00:00:00-04:00,557.47998046875,560.6599731445312,543.2100219726562,543.6699829101562,27094900
2026-08-19 00:00:00-04:00,541.3400268554688,554.0700073242188,537.27001953125,546.030029296875,16971700
2026-08-20 00:00:00-04:00,546.9500122070312,549.989990234375,539.3099975585938,545.8300170898438,13872200
2026-08-21 00:00:00-04:00,546.8900146484375,553.8699951171875,543.22998046875,549.9000244140625,13848000
2026-08-24 00:00:00-04:00,550.2000122070312,561.4199829101562,546.2999877929688,559.02001953125,12990600
2026-08-25 00:00:00-04:00,563.8800048828125,570.7999877929688,561.4000244140625,570.0499877929688,9769100
2026-08-26 00:00:00-04:00,590.3099975585938,593.3400268554688,561.8800048828125,576.1400146484375,31416300
2026-08-27 00:00:00-04:00,576.47998046875,588.3900146484375,567.6199951171875,571.0999755859375,15221400
2026-08-28 00:00:00-04:00,571.5499877929688,589.1900024414062,571.0,578.02001953125,16042400
2026-08-31 00:00:00-04:00,577.6300048828125,578.6799926757812,569.1400146484375,572.3400268554688,13383800
2026-09-01 00:00:00-04:00,557.7999877929688,583.4382934570312,556.2899780273438,581.4600219726562,9699307
