Date,Open,High,Low,Close,Volume
2015-01-02 00:00:00-05:00,39.52247209978069,40.16621433203323,39.420829269670776,39.607173919677734,27913900
2015-01-05 00:00:00-05:00,39.27684068003301,39.58177246660181,39.17519782823274,39.24296188354492,39673900
2015-01-06 00:00:00-05:00,39.2853209657557,39.59872170877708,38.57381439297156,38.666988372802734,36447900
2015-01-07 00:00:00-05:00,38.94650250026539,39.35307717529689,38.53145893314019,39.158260345458984,29114100
2015-01-08 00:00:00-05:00,39.5987124054131,40.445743686812314,39.57330250094486,40.310218811035156,29645200
2015-01-09 00:00:00-05:00,40.327155999250174,40.50503177599165,39.72576462198083,39.97140121459961,23944200
2015-01-12 00:00:00-05:00,40.166226080054855,40.267872171062045,39.26837489433581,39.47166061401367,23651900
2015-01-13 00:00:00-05:00,39.78505732708854,40.581265508461065,39.01425904827192,39.268367767333984,35270600
2015-01-14 00:00:00-05:00,38.92955017089844,39.166721085781234,38.641559455886544,38.92955017089844,29719600
2015-01-15 00:00:00-05:00,39.149780387956085,39.28530524132811,38.46368400022856,38.52297592163086,32750800
2015-01-16 00:00:00-05:00,38.378982125126164,39.20060013391444,38.260395051319286,39.16672134399414,35695300
2015-01-20 00:00:00-05:00,39.217536912787914,39.51399971856497,38.599204634910556,39.29376983642578,36161900
2015-01-21 00:00:00-05:00,38.91261667288245,39.08202357874209,38.52298305122286,38.89567565917969,39081100
2015-01-22 00:00:00-05:00,39.285312164348454,39.92905452351666,39.03120342339174,39.92058563232422,35898000
2015-01-23 00:00:00-05:00,40.11540229160537,40.14081219625576,39.64106360740125,39.96293640136719,26211600
2015-01-26 00:00:00-05:00,39.81047031786467,39.92058528942834,39.16672796422585,39.818939208984375,42525500
2015-01-27 00:00:00-05:00,36.37999348003948,36.591751296301446,35.66848708815256,36.13435363769531,169164000
2015-01-28 00:00:00-05:00,36.20211053354292,36.24446144218995,34.863799848359676,34.88920974731445,84507100
2015-01-29 00:00:00-05:00,34.66898638892191,35.676952327954474,34.55040254093779,35.583778381347656,63585300
2015-01-30 00:00:00-05:00,35.194154057486166,35.219567196705,34.177715730278635,34.220069885253906,78004900
2015-02-02 00:00:00-05:00,34.380999865507704,35.04168323149169,34.07606808700189,34.965450286865234,50352500
2015-02-03 00:00:00-05:00,35.261909104400644,35.51601781343743,34.77062946658433,35.23649597167969,52082400
2015-02-04 00:00:00-05:00,35.524502125177676,35.75320103194198,35.03322550525985,35.43980026245117,41614800
2015-02-05 00:00:00-05:00,35.76166510823399,36.117416729020974,35.456733301177586,35.95648193359375,36548200
2015-02-06 00:00:00-05:00,36.151290969098376,36.244464915751685,35.70236547831517,35.92259216308594,34616600
2015-02-09 00:00:00-05:00,35.77860236079938,36.20211799691545,35.75318922543826,35.880245208740234,31381100
2015-02-10 00:00:00-05:00,36.202117516746014,36.227527420602236,35.727778847367006,36.08353042602539,29670700
2015-02-11 00:00:00-05:00,36.12587743290426,36.12587743290426,35.75318168378979,35.897178649902344,38262500
2015-02-12 00:00:00-05:00,36.1343383111539,36.49856185913086,36.00728238282092,36.49856185913086,33268800
2015-02-13 00:00:00-05:00,36.744212523649836,37.15925598144531,36.54939574513008,37.15925598144531,40264900
2015-02-17 00:00:00-05:00,37.50901166838834,37.53460240142098,36.84362332207818,37.17631912231445,33695700
2015-02-18 00:00:00-05:00,37.21898633749704,37.27870024126762,37.01425062873815,37.1336784362793,27111700
2015-02-19 00:00:00-05:00,36.835106871913766,37.1336763741866,36.72420823357092,37.10808563232422,27603400
2015-02-20 00:00:00-05:00,37.11658858719559,37.43222270006157,36.92891785577824,37.4151611328125,29721100
2015-02-23 00:00:00-05:00,37.27869360166977,37.69669085361555,37.236041285739425,37.66257095336914,32518800
2015-02-24 00:00:00-05:00,37.662562436103485,37.79051935495749,37.46635596970172,37.61137771606445,25271700
2015-02-25 00:00:00-05:00,37.49196174248297,37.61138953928738,37.36400152924201,37.526084899902344,29759800
2015-02-26 00:00:00-05:00,37.5260786530421,37.730811055150326,37.440770773694624,37.585792541503906,28957300
2015-02-27 00:00:00-05:00,37.64550553082068,37.70521941785624,37.244566642870915,37.406646728515625,33807700
2015-03-02 00:00:00-05:00,37.25309841931948,37.69668964999044,37.15073221352249,37.43224334716797,31924000
2015-03-03 00:00:00-05:00,37.15926516406956,37.389591571052,36.758326242193114,36.920406341552734,31748600
2015-03-04 00:00:00-05:00,36.690075301519066,36.86068779486892,36.57917994687991,36.732730865478516,25748700
2015-03-05 00:00:00-05:00,36.74125984626968,36.88628160386546,36.52799504416495,36.77538299560547,23193500
2015-03-06 00:00:00-05:00,36.68154698759593,36.77538402381163,35.9564479418318,36.135589599609375,36248800
2015-03-09 00:00:00-04:00,35.99055484846824,36.79243232005717,35.99055484846824,36.55357360839844,32108000
2015-03-10 00:00:00-04:00,36.12705506346116,36.43415688971029,35.85407638549805,35.85407638549805,39159700
2015-03-11 00:00:00-04:00,36.09293919357172,36.144120667544776,35.69200029191404,35.81142807006836,32215300
2015-03-12 00:00:00-04:00,35.25694222876303,35.52992094286418,34.85600331873068,34.99249267578125,59992500
2015-03-13 00:00:00-04:00,34.719510540605484,35.376366523614216,34.64273508144439,35.299591064453125,58007700
2015-03-16 00:00:00-04:00,35.37635338405227,35.5213718340698,35.214270111489824,35.453128814697266,35273500
2015-03-17 00:00:00-04:00,35.29104455279852,35.68345410629527,35.10337381416407,35.57255554199219,31673400
2015-03-18 00:00:00-04:00,35.34224323500701,36.536527427440674,35.256938615902875,36.2550163269043,44194800
2015-03-19 00:00:00-04:00,36.05027271581531,36.331783754119776,36.016152828213905,36.07586669921875,33879100
2015-03-20 00:00:00-04:00,36.30620297058025,36.66448629475725,36.24648908321741,36.57918167114258,71904500
2015-03-23 00:00:00-04:00,36.579176288621106,36.792441070439295,36.493868423396435,36.56211471557617,26246100
2015-03-24 00:00:00-04:00,36.49387155027361,36.82656411774986,36.468280815594696,36.59624099731445,25513300
2015-03-25 00:00:00-04:00,36.613301732203716,36.621834147101104,35.350774422903186,35.367835998535156,43469900
2015-03-26 00:00:00-04:00,35.16310776380831,35.495800392627054,34.90718735318171,35.15457534790039,37495600
2015-03-27 00:00:00-04:00,35.07780514542241,35.34225475752305,34.83042036770134,34.94984817504883,34401400
2015-03-30 00:00:00-04:00,35.06073101778088,35.43607913987449,34.89865094498025,34.94130325317383,35049700
2015-03-31 00:00:00-04:00,34.787745197799815,35.00100994914319,34.58301285884081,34.68537902832031,34887200
2015-04-01 00:00:00-04:00,34.63419901340359,34.770688342606825,34.3868143414593,34.736568450927734,36865300
2015-04-02 00:00:00-04:00,34.6853896231914,34.75363592646523,34.224736838581556,34.36975860595703,37487500
2015-04-06 00:00:00-04:00,34.412402294197,35.64080615780536,34.27591297601829,35.444602966308594,39223700
2015-04-07 00:00:00-04:00,35.49578228654097,35.75169931246335,35.23986526061859,35.42753601074219,28809400
2015-04-08 00:00:00-04:00,35.36783286503759,35.56403608617795,35.009549570997606,35.333709716796875,24753400
2015-04-09 00:00:00-04:00,35.18868830511104,35.50431926480358,35.18868830511104,35.384891510009766,25723900
2015-04-10 00:00:00-04:00,35.51286228331556,35.78584101983785,35.32518818164528,35.589637756347656,28022000
2015-04-13 00:00:00-04:00,35.31665399968202,35.87967297049838,35.30812158491174,35.62375259399414,30276700
2015-04-14 00:00:00-04:00,35.657875604239436,35.85407883906686,35.30812144577965,35.5299186706543,24244400
2015-04-15 00:00:00-04:00,35.62375568044412,36.22089785375262,35.55551262718309,36.05028533935547,27343600
2015-04-16 00:00:00-04:00,35.78583181012314,36.11852435625391,35.67493321002543,35.96497344970703,22509700
2015-04-17 00:00:00-04:00,35.54697436003919,35.606691496286324,35.1119156113994,35.50432205200195,42387600
2015-04-20 00:00:00-04:00,35.5981568200118,36.826560785899815,35.55550451468501,36.604766845703125,46057700
2015-04-21 00:00:00-04:00,36.68154872774834,36.80950892032425,36.28060982822921,36.374446868896484,26013800
2015-04-22 00:00:00-04:00,36.40003744924724,36.79244718618352,36.29767124812437,36.67301940917969,25064300
2015-04-23 00:00:00-04:00,36.58770704520597,37.20191068498579,36.51093159023349,36.97158432006836,46309500
2015-04-24 00:00:00-04:00,38.950681341170316,41.0662676797316,38.94215218135236,40.835941314697266,130933700
2015-04-27 00:00:00-04:00,40.289976990561115,41.057731407681196,40.28144783222063,40.9724235534668,59248200
2015-04-28 00:00:00-04:00,40.75916361445799,41.97903841346363,40.69092057718614,41.93638610839844,60730800
2015-04-29 00:00:00-04:00,41.5610454037096,42.06435046355186,41.37337133775271,41.8510856628418,47804600
2015-04-30 00:00:00-04:00,41.54398639308764,42.26055629786389,41.45867851504118,41.492801666259766,64725500
2015-05-01 00:00:00-04:00,41.4416179478554,41.69753505980091,41.28806702985557,41.50986099243164,38937300
2015-05-04 00:00:00-04:00,41.26246852321793,41.688998081150366,41.10038846270203,41.151573181152344,34039500
2015-05-05 00:00:00-04:00,40.79329542503585,41.08333571691348,40.35823661430089,40.605621337890625,50369200
2015-05-06 00:00:00-04:00,40.580034949785215,40.750647478734834,39.25779354521146,39.47958755493164,52433000
2015-05-07 00:00:00-04:00,39.471051997961474,40.1705603245772,39.37721495953401,39.837867736816406,32971700
2015-05-08 00:00:00-04:00,40.562961434831486,40.92977712517153,40.537370701976904,40.73357391357422,35364900
2015-05-11 00:00:00-04:00,40.56296712572554,40.8700689797157,40.40941619873047,40.40941619873047,24609400
2015-05-12 00:00:00-04:00,39.9658121215263,40.67385264064772,39.59899649786418,40.39234161376953,29928300
2015-05-13 00:00:00-04:00,41.108932971834925,41.21983160947162,40.58003703367788,40.631221771240234,34184600
2015-05-14 00:00:00-04:00,40.97243365077051,41.646351221416886,40.97243365077051,41.5610466003418,32980900
2015-05-15 00:00:00-04:00,41.688990694526126,41.72311383411359,40.98948260379159,41.2027473449707,28642700
2015-05-18 00:00:00-04:00,40.929777309022654,41.13451293526605,40.61414633713637,40.95536804199219,24136500
2015-05-19 00:00:00-04:00,40.83517205477354,41.04982286888025,40.50890190024411,40.85234451293945,28574800
2015-05-20 00:00:00-04:00,40.68920779801899,41.152854342564254,40.586176324334986,40.85234451293945,25047900
2015-05-21 00:00:00-04:00,40.59475808215582,40.86951084300913,40.36293482606498,40.714962005615234,22410700
2015-05-22 00:00:00-04:00,40.61194068091447,40.65487019639748,40.19981143671579,40.26850128173828,25720600
2015-05-26 00:00:00-04:00,40.208385525071364,40.25131502584189,39.658876779151385,40.0023193359375,29581900
2015-05-27 00:00:00-04:00,40.19980024237086,41.0154739106577,40.028078952945556,40.87809753417969,27335600
2015-05-28 00:00:00-04:00,40.783652161357594,41.23012622016139,40.68920528493411,40.74072265625,19283700
2015-05-29 00:00:00-04:00,40.72354967578588,40.84375359866685,40.002322863188795,40.23414611816406,36519600
2015-06-01 00:00:00-04:00,40.40587311528958,41.01548068184302,40.02808556112327,40.55183410644531,28837300
2015-06-02 00:00:00-04:00,40.294243840536254,40.6548555712418,40.02807569979342,40.2856559753418,21498300
2015-06-03 00:00:00-04:00,40.67202944155309,40.98971495858422,40.19979837406406,40.225555419921875,28002200
2015-06-04 00:00:00-04:00,40.17404738166321,40.49172967125194,39.6674713264918,39.804847717285156,27745500
2015-06-05 00:00:00-04:00,39.76191578677368,39.94222167458385,39.35837123045551,39.61595153808594,25438100
2015-06-08 00:00:00-04:00,39.75334265226254,39.86496202788033,39.21242151306672,39.263938903808594,22121600
2015-06-09 00:00:00-04:00,39.289687451718194,39.44423631515734,39.03210710442355,39.19524383544922,24406100
2015-06-10 00:00:00-04:00,39.31543503873276,40.20838301027938,39.229572767250914,40.01948928833008,28417400
2015-06-11 00:00:00-04:00,40.06243275877604,40.28566819186394,39.60737402480152,39.873538970947266,27347800
2015-06-12 00:00:00-04:00,39.68464441001215,39.899295228715694,39.409891624096524,39.469993591308594,23931000
2015-06-15 00:00:00-04:00,39.02350977145898,39.195231038694494,38.654310193261395,39.04926681518555,33254500
2015-06-16 00:00:00-04:00,38.93765999671077,39.70181971739018,38.89473048495192,39.34979248046875,27070300
2015-06-17 00:00:00-04:00,39.2639273642161,39.55585260866539,38.94624506962208,39.469993591308594,28704100
2015-06-18 00:00:00-04:00,39.684635833303936,40.18262392190816,39.641703058592675,40.11393737792969,32658300
2015-06-19 00:00:00-04:00,40.17404227508759,40.20838718724818,39.48716040843127,39.58160400390625,63837000
2015-06-22 00:00:00-04:00,39.779088146469554,40.113942873099326,39.63312389813966,39.6932258605957,20318100
2015-06-23 00:00:00-04:00,39.60736220680871,39.73615070755448,39.16947278846468,39.4184684753418,25896500
2015-06-24 00:00:00-04:00,39.21240637027775,39.710397795867216,39.10937490389455,39.186649322509766,34890900
2015-06-25 00:00:00-04:00,39.52151074687691,39.547271074324655,39.06645202414599,39.19524383544922,20616000
2015-06-26 00:00:00-04:00,39.195236254944106,39.736153897053825,38.66289992813762,38.86037826538086,49835300
2015-06-29 00:00:00-04:00,38.67148388142854,38.83461728908655,38.08763351938501,38.09621810913086,34081700
2015-06-30 00:00:00-04:00,38.38815294284997,38.39674081006609,37.72702800561055,37.9073371887207,35945400
2015-07-01 00:00:00-04:00,38.17350921508276,38.834634275256796,37.86441144405986,38.16492462158203,28343900
2015-07-02 00:00:00-04:00,38.190665304260975,38.422488533140694,37.830053576210894,38.121978759765625,21752000
2015-07-06 00:00:00-04:00,37.74418849578612,38.190662465405914,37.735603906603906,38.11338806152344,23034000
2015-07-07 00:00:00-04:00,38.070477737146106,38.19926956691288,37.19470181054399,38.0361328125,36435800
2015-07-08 00:00:00-04:00,38.15632571939171,38.55128568777575,37.80429853203363,37.9846076965332,39785900
2015-07-09 00:00:00-04:00,38.42249973887489,38.826044359651135,38.207848902344864,38.22502136230469,32424700
2015-07-10 00:00:00-04:00,38.64572351038639,38.75734282879975,38.26793933116303,38.302284240722656,25465800
2015-07-13 00:00:00-04:00,38.61995787146153,39.16946320088633,38.59420083267915,39.10077667236328,28178300
2015-07-14 00:00:00-04:00,39.02351458920176,39.461400763167404,38.903310669890054,39.16947555541992,22880300
2015-07-15 00:00:00-04:00,39.22099392901032,39.40129981259558,39.00634313179608,39.28968048095703,26629600
2015-07-16 00:00:00-04:00,39.50431905180807,40.08816930155734,39.46997742411887,40.06241226196289,26271700
2015-07-17 00:00:00-04:00,39.9679780250181,40.16545636659769,39.71898231268726,40.028079986572266,29467100
2015-07-20 00:00:00-04:00,40.053836020065894,40.46596511600547,39.87352687940221,40.2856559753418,30631900
2015-07-21 00:00:00-04:00,40.16546304113961,40.6376974965554,39.90788269520215,40.594764709472656,42781900
2015-07-22 00:00:00-04:00,39.01491441757184,40.29423417382841,38.808851556692595,39.10077667236328,59152400
2015-07-23 00:00:00-04:00,38.86896412652641,39.693222346065845,38.722999891120516,39.59019088745117,33934000
2015-07-24 00:00:00-04:00,39.41847207853517,39.77049925324946,39.32402520416844,39.44422912597656,32333200
2015-07-27 00:00:00-04:00,39.44422086235275,39.50432281066536,38.85178596813824,38.937644958496094,39701400
2015-07-28 00:00:00-04:00,39.135139564658004,39.18665366590373,38.45684217888857,38.929073333740234,34328900
2015-07-29 00:00:00-04:00,38.98059449759807,40.16546479573279,38.86038727395176,39.7447509765625,40945900
2015-07-30 00:00:00-04:00,39.71897976619039,40.69779009584235,39.435642433502196,40.25131607055664,39777900
2015-07-31 00:00:00-04:00,40.60335113660627,40.67203769794076,39.925053738627895,40.09677505493164,31201500
2015-08-03 00:00:00-04:00,40.33718031025065,40.35435276829581,39.88212163564401,40.191219329833984,24125900
2015-08-04 00:00:00-04:00,40.139692160997875,40.963950294165194,40.07959021016134,40.817989349365234,33403900
2015-08-05 00:00:00-04:00,41.195783850323295,41.56498351261177,40.81799959660762,40.85234451293945,26959700
2015-08-06 00:00:00-04:00,40.96395759903021,41.01547496978146,39.77908754955268,40.028079986572266,27368000
2015-08-07 00:00:00-04:00,39.830609447163575,40.16546423436121,39.718990092993735,40.13112258911133,19163000
2015-08-10 00:00:00-04:00,40.311428929084826,40.77507553556378,40.21698203421186,40.637699127197266,23079900
2015-08-11 00:00:00-04:00,40.19980553610122,40.30283701319969,39.40989208616032,39.8477783203125,29237400
2015-08-12 00:00:00-04:00,39.658888119666564,40.26849899604656,39.24675889886087,40.13112258911133,30181400
2015-08-13 00:00:00-04:00,40.40586486927529,40.4402065055724,39.91646134244779,40.12252426147461,22627200
2015-08-14 00:00:00-04:00,39.950798932064146,40.44020240931918,39.94221434268717,40.35434341430664,21473400
2015-08-17 00:00:00-04:00,40.191210860574984,40.74071630098022,39.98514468276763,40.62909698486328,21099700
2015-08-18 00:00:00-04:00,40.48218268099638,40.99209928819262,40.361186078765094,40.853816986083984,23574100
2015-08-19 00:00:00-04:00,40.430317333482776,40.68959948183866,40.015470511786624,40.28339385986328,31485500
2015-08-20 00:00:00-04:00,39.81669368950089,40.16240105517822,39.462345123291016,39.462345123291016,36238200
2015-08-21 00:00:00-04:00,39.15120672286776,39.30677469807318,37.22389602661133,37.22389602661133,70053100
2015-08-24 00:00:00-04:00,34.95952582933644,36.895477910896275,34.32861266812838,36.0225715637207,88753700
2015-08-25 00:00:00-04:00,36.791765888242395,37.370825232934685,34.9076676632176,34.976810455322266,70616600
2015-08-26 00:00:00-04:00,36.30778296224347,37.02512472716212,35.48673358376989,36.91276931762695,63408000
2015-08-27 00:00:00-04:00,37.362179084219946,37.984450998021025,37.10290021910604,37.94123840332031,50943200
2015-08-28 00:00:00-04:00,37.50911121174238,38.15731011542288,37.50046671342364,37.96717071533203,28246700
2015-08-31 00:00:00-04:00,37.647383432434445,37.9671605494939,37.24981903897462,37.61281204223633,34441700
2015-09-01 00:00:00-04:00,36.446061443725775,36.80905453755988,36.00528764790227,36.14356994628906,49688900
2015-09-02 00:00:00-04:00,36.61028293826769,37.491834043504575,36.19543594114048,37.47454833984375,37671500
2015-09-03 00:00:00-04:00,37.517751280350836,38.01038216852085,37.40539588397048,37.59553527832031,28285200
2015-09-04 00:00:00-04:00,36.99918958386952,37.19797015837131,36.4719873529732,36.82633590698242,37138800
2015-09-08 00:00:00-04:00,37.42266647372852,38.02765251401504,37.33624130950559,37.93258285522461,32469800
2015-09-09 00:00:00-04:00,38.20915767163923,38.373370143750265,37.08561374830758,37.22389602661133,33469500
2015-09-10 00:00:00-04:00,37.267112820049825,37.84617219232643,36.94733563360719,37.414039611816406,31366600
2015-09-11 00:00:00-04:00,37.28439301239058,37.67331293679225,37.11153934633323,37.578243255615234,27132500
2015-09-14 00:00:00-04:00,37.53503806063046,37.543679262027055,37.04240715827182,37.197975158691406,23656000
2015-09-15 00:00:00-04:00,37.32760580526713,38.278299325236624,37.23253942048871,38.0103759765625,28882200
2015-09-16 00:00:00-04:00,38.00174713153489,38.356095780449344,37.889391716929666,38.28695297241211,23372200
2015-09-17 00:00:00-04:00,38.278300031111975,38.89192742816473,38.09680516103882,38.24372863769531,32768200
2015-09-18 00:00:00-04:00,37.595528951911916,38.01902026890695,37.44860547875432,37.578243255615234,63143700
2015-09-21 00:00:00-04:00,37.699246492712675,38.43387387900795,37.68196079336231,38.122737884521484,26177200
2015-09-22 00:00:00-04:00,37.491820165231715,38.07087618742244,37.43132187326879,37.94123840332031,28085900
2015-09-23 00:00:00-04:00,37.96715554036957,38.17457726037399,37.60416258499864,37.91529846191406,17145200
2015-09-24 00:00:00-04:00,37.55232510533658,38.14002572865785,37.39675709934505,37.949886322021484,27905600
2015-09-25 00:00:00-04:00,38.44250727218174,38.65857352481108,37.82023540959827,37.97580337524414,29384600
2015-09-28 00:00:00-04:00,37.880743590025624,38.10545108125046,37.34489681641803,37.414039611816406,27613800
2015-09-29 00:00:00-04:00,37.483160942010315,37.656014549813214,37.20659648828901,37.54365921020508,32763600
2015-09-30 00:00:00-04:00,37.92395437003619,38.28694413774052,37.73381498871881,38.25237274169922,34958900
2015-10-01 00:00:00-04:00,38.675855724405956,38.675855724405956,37.81159079201699,38.55485916137695,28657900
2015-10-02 00:00:00-04:00,38.26100826929153,39.384552001953125,37.95851357021136,39.384552001953125,41839000
2015-10-05 00:00:00-04:00,39.54012786557344,40.525389540619884,39.49691527045748,40.300682067871094,34369300
2015-10-06 00:00:00-04:00,40.04141005442508,40.776034187876,39.94634035075043,40.40439987182617,27017200
2015-10-07 00:00:00-04:00,40.70687631968443,40.92294254918787,39.71297364211402,40.44759750366211,27711500
2015-10-08 00:00:00-04:00,40.24018117306445,41.06987481451086,40.188324084133,41.009376525878906,33772700
2015-10-09 00:00:00-04:00,41.00937682642337,41.08716081193587,40.551314113112234,40.71552658081055,28600600
2015-10-12 00:00:00-04:00,40.60316337305809,40.68094734357177,40.188316629288046,40.62044906616211,19769100
2015-10-13 00:00:00-04:00,40.240181064224835,40.73281186855804,40.240181064224835,40.525386810302734,19987800
2015-10-14 00:00:00-04:00,40.31797568511006,40.70689241445974,40.21426148016718,40.343902587890625,24697800
2015-10-15 00:00:00-04:00,40.62910079956055,40.64638649714683,40.21425394821893,40.62910079956055,27189400
2015-10-16 00:00:00-04:00,40.63775301776198,41.087171349663215,40.534042109449494,41.061241149902344,26450300
2015-10-19 00:00:00-04:00,40.98346112128622,41.3810256860642,40.63775696106227,41.156314849853516,29387600
2015-10-20 00:00:00-04:00,41.00075575700679,41.32053637844826,40.63776581514744,41.28596496582031,30802200
2015-10-21 00:00:00-04:00,41.415584555811115,41.47608614968783,40.71553189179244,40.79331588745117,25144300
2015-10-22 00:00:00-04:00,41.07851809583395,42.305776220792914,40.698242648461544,41.510650634765625,56637100
2015-10-23 00:00:00-04:00,45.20106422344653,46.7308138512479,45.15785162768236,45.693695068359375,135227100
2015-10-26 00:00:00-04:00,45.39983490456866,46.9468698928123,45.37390801214403,46.88637161254883,64633300
2015-10-27 00:00:00-04:00,46.66167167989363,46.99009002638393,46.307323139904966,46.40238952636719,50999900
2015-10-28 00:00:00-04:00,46.27275871634858,46.65303421020508,45.68505812780943,46.65303421020508,47000800
2015-10-29 00:00:00-04:00,46.27275548592387,46.523393162902295,45.99619091026139,46.1171875,30202100
2015-10-30 00:00:00-04:00,46.082615548979206,46.66167488892612,45.47762931066041,45.49491500854492,46619800
2015-11-02 00:00:00-05:00,45.676411152744954,46.11718821870169,45.477630566946566,46.01347732543945,30285000
2015-11-03 00:00:00-05:00,45.745545323040105,47.007371393421025,45.7196184288393,46.799949645996094,36596900
2015-11-04 00:00:00-05:00,46.82588615494108,47.43087242015237,46.722175259933685,47.01602554321289,37087800
2015-11-05 00:00:00-05:00,47.09379937943765,47.27529423077529,46.67030809607397,46.99872970581055,31468500
2015-11-06 00:00:00-05:00,46.74810426408553,47.51729975576399,46.63574886623844,47.4654426574707,32851200
2015-11-09 00:00:00-05:00,47.14566042533174,47.42222499287334,46.29003982478419,46.808597564697266,32513100
2015-11-10 00:00:00-05:00,46.73081198234547,46.78266907333438,46.03940058704127,46.246822357177734,55283700
2015-11-11 00:00:00-05:00,46.41105242364939,46.8431851216407,46.203627277972785,46.36783981323242,36516300
2015-11-12 00:00:00-05:00,46.22089718289658,46.65302973318197,45.970259512472715,46.08261489868164,35361100
2015-11-13 00:00:00-05:00,45.86655097342847,46.05669036030659,45.39984700395117,45.66777038574219,36848200
2015-11-16 00:00:00-05:00,45.87519299809284,46.575245617660244,45.67640912421278,46.471534729003906,32165200
2015-11-17 00:00:00-05:00,46.262718631581805,46.57595179910934,45.984289886920095,46.08870315551758,31551300
2015-11-18 00:00:00-05:00,46.11479455109619,46.96748280676405,46.09739234353582,46.8543701171875,29710000
2015-11-19 00:00:00-05:00,46.976193037433454,47.55915214728017,46.793471488570056,46.93268585205078,28149200
2015-11-20 00:00:00-05:00,47.20241033050174,47.2459141923256,46.34972202605302,47.150203704833984,37147600
2015-11-23 00:00:00-05:00,47.20241033050174,47.385128541641066,46.76736507399942,47.150203704833984,28235900
2015-11-24 00:00:00-05:00,46.915280181100194,47.367727658821615,46.61945258476557,47.20241165161133,24600000
2015-11-25 00:00:00-05:00,47.06319407392599,47.18500620974904,46.71515655517578,46.71515655517578,21005100
2015-11-27 00:00:00-05:00,46.81086040805486,47.054487964323,46.802160964927666,46.923973083496094,9009100
2015-11-30 00:00:00-05:00,47.454732757775574,47.82016914449153,46.98488312988515,47.28941345214844,56241400
2015-12-01 00:00:00-05:00,47.34163494371378,48.05510905353168,47.24592443547166,48.046409606933594,39952800
2015-12-02 00:00:00-05:00,48.13341114898905,48.69026859524699,47.907189056121325,48.03770065307617,47274900
2015-12-03 00:00:00-05:00,48.28134208085586,48.524966453473255,46.9239991781308,47.1589241027832,38627800
2015-12-04 00:00:00-05:00,47.08930364880504,48.92519539679013,47.07190143802647,48.646766662597656,43963700
2015-12-07 00:00:00-05:00,48.54236646248555,48.69898307180291,48.10732106307801,48.55976867675781,30709800
2015-12-08 00:00:00-05:00,48.26391827615009,48.81207286933614,47.846275258856686,48.5423469543457,32878000
2015-12-09 00:00:00-05:00,48.176904918182814,48.61195012179072,47.42862663691617,47.83757019042969,36373200
2015-12-10 00:00:00-05:00,48.194318544102174,48.42924340801087,47.86368318166043,48.089908599853516,31775800
2015-12-11 00:00:00-05:00,47.60265481620311,47.94198961120649,46.99359074661985,47.0370979309082,39549500
2015-12-14 00:00:00-05:00,47.27202393413744,48.03770127305797,46.70646371597065,47.9767951965332,46768900
2015-12-15 00:00:00-05:00,48.42922864810244,48.63805179208844,47.93327741515837,48.028987884521484,39843000
2015-12-16 00:00:00-05:00,48.3248383396278,48.94260194086737,47.64616533570426,48.838191986083984,37503300
2015-12-17 00:00:00-05:00,49.038309994229195,49.412449242534144,48.316133155225366,48.46405029296875,41280900
2015-12-18 00:00:00-05:00,48.524959248826804,48.72507971364048,47.0109999544489,47.0980110168457,84684200
2015-12-21 00:00:00-05:00,47.75058089968561,48.15952129183812,47.185020589147776,47.70707702636719,37246300
2015-12-22 00:00:00-05:00,47.84628932981856,48.27263191656721,47.419943423937276,48.15951919555664,28322200
2015-12-23 00:00:00-05:00,48.46404480469877,48.62066137086411,48.237819400623465,48.56845474243164,27279800
2015-12-24 00:00:00-05:00,48.60327715534674,48.690284915814225,48.22913781089658,48.437957763671875,9558500
2015-12-28 00:00:00-05:00,48.15951181130297,48.68156814575195,47.837579229161975,48.68156814575195,22458300
2015-12-29 00:00:00-05:00,48.977387432118206,49.46463591217145,48.77726704650615,49.203609466552734,27731400
2015-12-30 00:00:00-05:00,49.13400344767958,49.40372933369804,48.977386918125696,48.994789123535156,21704500
2015-12-31 00:00:00-05:00,48.75986918265904,48.89038075752392,48.22041071866296,48.27261734008789,27334100
2016-01-04 00:00:00-05:00,47.263322323304,47.680965423583984,46.45413777928269,47.680965423583984,53778000
2016-01-05 00:00:00-05:00,47.79407334154933,48.19431419096109,47.45473856404232,47.89848327636719,34079700
2016-01-06 00:00:00-05:00,47.26332146844097,47.33293031012809,46.67165959062945,47.02839660644531,39518900
2016-01-07 00:00:00-05:00,45.85377416512637,46.541146518948196,45.305616171142816,45.39262390136719,56564900
2016-01-08 00:00:00-05:00,45.56665001368147,46.35843243501517,45.37523231255787,45.5318489074707,48754000
2016-01-11 00:00:00-05:00,45.68845936245787,45.984290321347295,44.77486482795986,45.505741119384766,36943800
2016-01-12 00:00:00-05:00,45.90596815499011,46.20179902447332,45.29690752881718,45.923370361328125,36095500
2016-01-13 00:00:00-05:00,46.81086812092808,47.04579295364553,44.63564187628336,44.93147277832031,66883600
2016-01-14 00:00:00-05:00,45.24471293451707,46.480240040699194,44.87057369664336,46.210514068603516,52381900
2016-01-15 00:00:00-05:00,44.64434974613685,45.21860940763826,43.800360804561954,44.36592102050781,71820700
2016-01-19 00:00:00-05:00,44.79226492294561,44.96628371156322,43.55673783011198,43.991783142089844,43564500
2016-01-20 00:00:00-05:00,43.48712382924489,44.70525188596042,42.72144324161992,44.191898345947266,63273000
2016-01-21 00:00:00-05:00,44.37462005108581,44.87927418602671,43.765555974793486,43.92217254638672,40191200
2016-01-22 00:00:00-05:00,44.73135911191153,45.5318442166797,44.600844189885876,45.497039794921875,37555800
2016-01-25 00:00:00-05:00,45.19250041709644,45.810267208880234,44.94017668881893,45.061988830566406,34707700
2016-01-26 00:00:00-05:00,45.06199187120886,45.627548755931564,44.85316867188536,45.39262390136719,28900800
2016-01-27 00:00:00-05:00,45.25340906653738,45.41872839901345,44.39202126130816,44.5660400390625,36775200
2016-01-28 00:00:00-05:00,45.122898181182784,45.42742855768615,44.59214239430647,45.29691696166992,62513800
2016-01-29 00:00:00-05:00,47.62005544488347,47.93328857421875,46.98488974112338,47.93328857421875,83611700
2016-02-01 00:00:00-05:00,47.75057827692995,47.93329652631098,47.41994288343147,47.6026611328125,44208500
2016-02-02 00:00:00-05:00,47.13279216081884,47.21110042424423,45.810257763838514,46.11478805541992,56313800
2016-02-03 00:00:00-05:00,46.3323175068496,46.45412964153423,44.60083601190336,45.38391876220703,57559800
2016-02-04 00:00:00-05:00,45.33171674303762,45.94948356174287,44.69655103400901,45.24470901489258,46987100
2016-02-05 00:00:00-05:00,45.19250566582565,45.24471229798018,43.1216923773472,43.64374542236328,62009000
2016-02-08 00:00:00-05:00,43.11297345668379,43.13037566088083,41.92965012433334,42.99116134643555,59290500
2016-02-09 00:00:00-05:00,42.651844903552565,43.71335657963688,42.34731117855941,42.87806701660156,46740500
2016-02-10 00:00:00-05:00,43.408813818646976,43.84385906167872,43.08688126816038,43.252197265625,38237000
2016-02-11 00:00:00-05:00,42.35600843231475,43.600238190008454,42.20809131219284,43.234798431396484,48878600
2016-02-12 00:00:00-05:00,43.722052545830756,44.096191768469936,43.28700724686726,43.9395751953125,34243300
2016-02-16 00:00:00-05:00,44.605603162983776,44.7721061706543,43.93082253774431,44.7721061706543,37291200
2016-02-17 00:00:00-05:00,45.12262731225474,46.244338440543714,45.087573003755004,45.937618255615234,40789000
2016-02-18 00:00:00-05:00,45.85875882606968,46.40208732778686,45.657198189613815,45.73606872558594,27176000
2016-02-19 00:00:00-05:00,45.54327145051562,45.814933998685966,45.157680722073,45.41181945800781,33559100
2016-02-22 00:00:00-05:00,45.81493567583475,46.44589991422909,45.81493567583475,46.139183044433594,25008300
2016-02-23 00:00:00-05:00,45.867522989479305,45.89381205510874,44.675702984145936,44.85097122192383,28895300
2016-02-24 00:00:00-05:00,44.421549607617166,45.13138423300076,43.992146076294205,45.008697509765625,33014500
2016-02-25 00:00:00-05:00,45.33294064632087,45.65718460083008,44.351443535314324,45.65718460083008,26939500
2016-02-26 00:00:00-05:00,46.09536951645979,46.165478148996606,44.78086274306687,44.95613098144531,35975900
2016-02-29 00:00:00-05:00,44.9999348746002,45.26283883160979,44.39526312799604,44.58805847167969,31654000
2016-03-01 00:00:00-05:00,44.66694203016403,46.08660843484195,44.62312246256139,46.07784652709961,33024500
2016-03-02 00:00:00-05:00,45.92886116511563,46.41084625714804,45.70977672846788,46.40208435058594,29289900
2016-03-03 00:00:00-05:00,46.41961357227865,46.41961357227865,45.37676946793387,45.87628173828125,24427800
2016-03-04 00:00:00-05:00,45.92009542963179,45.9639116447152,45.31542029540674,45.595848083496094,33034200
2016-03-07 00:00:00-05:00,45.18397806022198,45.39429725964466,44.32516741949202,44.71951675415039,38407800
2016-03-08 00:00:00-05:00,44.51795877788997,45.68348963573722,44.34269055242139,45.262847900390625,33835100
2016-03-09 00:00:00-05:00,45.47316167155433,46.31444504188094,45.44687261090754,46.30568313598633,28251600
2016-03-10 00:00:00-05:00,46.3845624878621,46.393324395424095,44.83344409822824,45.61338424682617,38387800
2016-03-11 00:00:00-05:00,46.4458931157329,46.50723648071289,45.90256473606897,46.50723648071289,32275700
2016-03-14 00:00:00-04:00,46.191757001926995,46.96293507450999,46.12165172785374,46.594871520996094,24083600
2016-03-15 00:00:00-04:00,46.226816371407864,46.96294021606445,46.21805446480052,46.96294021606445,21104800
2016-03-16 00:00:00-04:00,46.84025011260133,47.84803644846264,46.796433896774836,47.62895202636719,31691700
2016-03-17 00:00:00-04:00,47.50627064864373,48.19857830294266,47.32224051561643,47.9006233215332,28223900
2016-03-18 00:00:00-04:00,48.12845326474383,48.17227281353947,46.84023942983783,46.87529373168945,67625500
2016-03-21 00:00:00-04:00,46.66498407898647,47.26089400226786,46.38455627308502,47.19955062866211,23925700
2016-03-22 00:00:00-04:00,46.980464713758906,47.54132030786237,46.849012721344586,47.38357925415039,23124100
2016-03-23 00:00:00-04:00,47.41864242422153,47.532567282735464,47.09439835010428,47.295955657958984,20129000
2016-03-24 00:00:00-04:00,47.18202352349193,47.611430482155534,47.085625838304395,47.50626754760742,19950000
2016-03-28 00:00:00-04:00,47.50628088678581,47.57638952950353,46.73510587467539,46.91913604736328,17025100
2016-03-29 00:00:00-04:00,47.02428493789472,48.07589093794352,46.8402548072011,47.94443893432617,23924300
2016-03-30 00:00:00-04:00,48.13723389744829,48.75943291085361,48.110944834138095,48.242393493652344,23008300
2016-03-31 00:00:00-04:00,48.15475394166569,48.715609495868385,48.075883420420766,48.40012741088867,26360500
2016-04-01 00:00:00-04:00,48.24238977916375,48.73314009526884,47.82174808377212,48.69808578491211,24399200
2016-04-04 00:00:00-04:00,48.57540512084961,48.776962416181185,48.19857959476257,48.57540512084961,18928800
2016-04-05 00:00:00-04:00,48.36506321534432,48.46146087082107,47.725337270681116,47.81297302246094,19272300
2016-04-06 00:00:00-04:00,47.63772239651565,48.37384626761054,47.506270391941676,48.30373764038086,21188700
2016-04-07 00:00:00-04:00,48.08465158609043,48.119705898532544,47.52379595886947,47.7253532409668,19225100
2016-04-08 00:00:00-04:00,47.90938059875593,48.443947132240964,47.60266374001683,47.6902961730957,22167200
2016-04-11 00:00:00-04:00,47.75163981696165,48.330022529791094,47.58513352467133,47.59389877319336,21414200
2016-04-12 00:00:00-04:00,47.64648031541437,48.00577864248474,47.111913777903155,47.8918571472168,24944300
2016-04-13 00:00:00-04:00,48.30374131034795,48.584169154646005,48.10218400619395,48.50529861450195,20818000
2016-04-14 00:00:00-04:00,48.391366607321366,48.70684869948493,48.259914621265594,48.51405334472656,20877100
2016-04-15 00:00:00-04:00,48.461472103380935,49.004800518501845,48.29496915084984,48.768192291259766,28793800
2016-04-18 00:00:00-04:00,48.62798576956646,49.59195600795379,48.38260891347829,49.478031158447266,23786000
2016-04-19 00:00:00-04:00,49.6270133813191,49.74970014544441,48.79449175522992,49.416690826416016,29596800
2016-04-20 00:00:00-04:00,49.329039807401685,49.51306988430673,48.627970459933174,48.71560287475586,36195700
2016-04-21 00:00:00-04:00,48.899637748979636,49.27646318701801,48.56662852265121,48.882110595703125,38909100
2016-04-22 00:00:00-04:00,45.49069104479752,45.94638706168857,44.49166657594386,45.376766204833984,126834100
2016-04-25 00:00:00-04:00,45.376772937954534,45.68349319214321,45.245324265842484,45.66596603393555,33226900
2016-04-26 00:00:00-04:00,45.79741606796802,45.876286610766144,44.772102354556154,45.078819274902344,33532600
2016-04-27 00:00:00-04:00,45.11385955362077,45.131386706895476,44.298865312641766,44.6406364440918,43369300
2016-04-28 00:00:00-04:00,44.36022433139262,44.49167635585816,43.43130828077752,43.72926330566406,43134800
2016-04-29 00:00:00-04:00,43.24726117954673,44.03596639241693,43.24726117954673,43.70295715332031,48411700
2016-05-02 00:00:00-04:00,43.81688533778424,44.474138617851004,43.62408997254981,44.3514518737793,33114500
2016-05-03 00:00:00-04:00,44.11485016047814,44.17619354623677,43.4663586415049,43.62409973144531,26460200
2016-05-04 00:00:00-04:00,43.6766680938789,43.86946344435002,43.34365885478229,43.70295715332031,24257600
2016-05-05 00:00:00-04:00,43.7029541222676,44.079779548619136,43.580267396099664,43.76429748535156,25390700
2016-05-06 00:00:00-04:00,43.746777276777344,44.15865707397461,43.51893094100715,44.15865707397461,24787300
2016-05-09 00:00:00-04:00,44.24629079668433,44.33392322722698,43.81688386391428,43.87822723388672,17951600
2016-05-10 00:00:00-04:00,44.10607876050007,44.78085585862949,43.98338867242254,44.710750579833984,22891000
2016-05-11 00:00:00-04:00,44.807157739368805,45.376775368289735,44.6932328763991,44.7370491027832,24039100
2016-05-12 00:00:00-04:00,44.8684932306733,45.40305979021283,44.62311638875945,45.14015579223633,24102800
2016-05-13 00:00:00-04:00,45.0787996134822,45.48191740249658,44.72826662068296,44.76332092285156,22592300
2016-05-16 00:00:00-04:00,44.517948029729496,45.534499480460866,44.47413181968192,45.42057800292969,20032000
2016-05-17 00:00:00-04:00,45.64118993058012,45.65001311854055,44.441034387313934,44.573402404785156,27803500
2016-05-18 00:00:00-04:00,44.54694566480956,45.1293739058568,44.38810129303802,44.83816146850586,24907500
2016-05-19 00:00:00-04:00,44.53811405215898,44.670482092709584,43.964509110738916,44.40574264526367,23842400
2016-05-20 00:00:00-04:00,44.546930174651116,45.19995718334203,44.47633457082583,44.670475006103516,23905800
2016-05-23 00:00:00-04:00,44.652839722327435,44.72343871535714,44.10571099172829,44.14983367919922,26118700
2016-05-24 00:00:00-04:00,44.74108638239566,45.63237674669134,44.47634690353967,45.52648162841797,34757900
2016-05-25 00:00:00-04:00,45.81769230007078,46.320701666986295,45.70297399562135,45.99418640136719,24040200
2016-05-26 00:00:00-04:00,45.826528749195255,45.87065144245787,45.32352264004083,45.791229248046875,24335200
2016-05-27 00:00:00-04:00,45.817692793362625,46.17068099975586,45.68532474072393,46.17068099975586,17721400
2016-05-31 00:00:00-04:00,46.11772864006096,46.770755767822266,45.95888766090557,46.770755767822266,37653100
2016-06-01 00:00:00-04:00,46.27658952991348,46.72664979184674,46.27658952991348,46.63840103149414,25324800
2016-06-02 00:00:00-04:00,46.453065168891634,46.54131389406983,45.74709219918934,46.31187057495117,22840800
2016-06-03 00:00:00-04:00,46.22362814140441,46.25892426736477,45.535301506831985,45.702972412109375,23368300
2016-06-06 00:00:00-04:00,45.8794649436298,46.197150264514896,45.79121621587442,46.00300979614258,18243300
2016-06-07 00:00:00-04:00,46.10009167206014,46.53249874926359,45.97654342651367,45.97654342651367,20866800
2016-06-08 00:00:00-04:00,45.90593805345403,46.2765726124026,45.77356664448968,45.923587799072266,21149400
2016-06-09 00:00:00-04:00,45.88829026107473,45.88829026107473,45.438233510859796,45.55295181274414,20305700
2016-06-10 00:00:00-04:00,45.04993653020384,45.93240346856765,45.041113342011656,45.42939758300781,25833200
2016-06-13 00:00:00-04:00,43.75271924303375,44.75873117103809,43.29383595956174,44.24689865112305,83217800
2016-06-14 00:00:00-04:00,44.035119151244714,44.21160991630337,43.74390332947594,43.97334671020508,42577100
2016-06-15 00:00:00-04:00,43.92922230366296,44.229261328423334,43.84980010986328,43.84980010986328,33757600
2016-06-16 00:00:00-04:00,43.69977239725467,44.53811683856947,43.69094584085892,44.4675178527832,31188600
2016-06-17 00:00:00-04:00,44.4851687952502,44.5028185421713,43.964513043285486,44.23807907104492,45710500
2016-06-20 00:00:00-04:00,44.688133234064836,44.85580413688273,44.14982776651335,44.18512725830078,35607900
2016-06-21 00:00:00-04:00,44.29984435190401,45.38527836476978,44.26454486375931,45.173484802246094,34097800
2016-06-22 00:00:00-04:00,45.0764238264353,45.411758921069854,44.961702153878726,44.99700164794922,28816800
2016-06-23 00:00:00-04:00,45.25291317585579,45.941239823734136,45.138194873163506,45.808868408203125,29028800
2016-06-24 00:00:00-04:00,43.9556969604301,44.95288257512459,43.69978063821128,43.97334671020508,133503000
2016-06-27 00:00:00-04:00,43.32913203112564,43.3732580779465,42.393719086190686,42.73788070678711,50216300
2016-06-28 00:00:00-04:00,43.17028619705294,43.655645764558194,42.94966943594859,43.62916946411133,38140700
2016-06-29 00:00:00-04:00,44.043932634742404,44.75873219451696,43.94686071554952,44.59988784790039,31304000
2016-06-30 00:00:00-04:00,44.758734308440864,45.27056349788828,44.56459046088582,45.15584182739258,28527800
2016-07-01 00:00:00-04:00,45.12052262106976,45.64117810073251,45.06757340799883,45.146995544433594,21400400
2016-07-05 00:00:00-04:00,44.855806232218384,45.2529137511701,44.77638405515905,45.15584182739258,24806400
2016-07-06 00:00:00-04:00,44.81167754915795,45.48235441966067,44.46751592423843,45.34115982055664,28167500
2016-07-07 00:00:00-04:00,45.376455945574065,45.54412684637214,45.067593812016746,45.34115982055664,19585200
2016-07-08 00:00:00-04:00,45.65003571823165,46.205991092607846,45.491191325552734,46.15304183959961,28391000
2016-07-11 00:00:00-04:00,46.329524813775095,46.62074058559299,46.303051876826196,46.4089469909668,22269200
2016-07-12 00:00:00-04:00,46.717811034462756,47.123748493401095,46.5854429780146,46.956077575683594,27317600
2016-07-13 00:00:00-04:00,47.26494361822331,47.52968310032959,46.9296051455046,47.22081756591797,25356800
2016-07-14 00:00:00-04:00,47.51202771007303,47.64439911857811,47.282587750521614,47.42378234863281,24545500
2016-07-15 00:00:00-04:00,47.609101734543316,47.6532244172162,46.956074585411926,47.388484954833984,32024400
2016-07-18 00:00:00-04:00,47.388487568907074,47.95326601750244,47.256116147241556,47.61792755126953,31433900
2016-07-19 00:00:00-04:00,47.39731027528523,47.564981189861676,46.70898696888313,46.850181579589844,53336500
2016-07-20 00:00:00-04:00,49.55052341968895,50.15942443808944,49.00339145566531,49.33872985839844,89893300
2016-07-21 00:00:00-04:00,49.40050541123023,49.621122175320934,49.20636158160011,49.241661071777344,32776700
2016-07-22 00:00:00-04:00,49.488758456102886,49.974114706195905,49.224015623011276,49.921165466308594,32157200
2016-07-25 00:00:00-04:00,49.832915091075215,50.07118159710383,49.64759445326766,50.062355041503906,25610600
2016-07-26 00:00:00-04:00,49.87704642758634,50.55654657390784,49.868219870454325,50.088836669921875,28079000
2016-07-27 00:00:00-04:00,49.95646097604872,50.12412850613799,49.51522744453985,49.58582305908203,32327500
2016-07-28 00:00:00-04:00,49.418156384809784,49.74466826120432,49.171066680116056,49.60347366333008,37550400
2016-07-29 00:00:00-04:00,49.64760390251157,50.088837508836704,49.46228659577788,50.01824188232422,30558700
2016-08-01 00:00:00-04:00,49.94764287234164,50.0800143007319,49.54170876258456,49.929996490478516,26003400
2016-08-02 00:00:00-04:00,50.168259675428565,50.21238572912216,49.691729939183205,49.929996490478516,35122000
2016-08-03 00:00:00-04:00,50.018234586127925,50.397695701522885,49.85056705206645,50.27415084838867,22075600
2016-08-04 00:00:00-04:00,50.12414243231856,50.75951997145098,50.00942073967618,50.644798278808594,26587700
2016-08-05 00:00:00-04:00,50.87423396119978,51.368413424504915,50.697739853014326,51.147796630859375,29335200
2016-08-08 00:00:00-04:00,51.23604202270508,51.26251495898357,50.98894894084115,51.23604202270508,19473500
2016-08-09 00:00:00-04:00,51.33310850679441,51.62432425948829,51.20074046439745,51.35958480834961,16920700
2016-08-10 00:00:00-04:00,51.32428184392619,51.465476432734796,51.02424292191482,51.20073699951172,15756900
2016-08-11 00:00:00-04:00,51.20955988709645,51.580197784502666,51.20955988709645,51.44782638549805,18162300
2016-08-12 00:00:00-04:00,51.20957966751493,51.35077431003083,50.847768185671335,51.130157470703125,21655200
2016-08-15 00:00:00-04:00,51.19191048029335,51.62432080239388,51.1477878024491,51.28898239135742,19283900
2016-08-16 00:00:00-04:00,51.155797054300166,51.1646752369389,50.85388803468644,51.00484085083008,20523500
2016-08-17 00:00:00-04:00,51.09362559772696,51.21794044452561,50.81835458886888,51.111385345458984,18856400
2016-08-18 00:00:00-04:00,50.987069641504945,51.235702734765866,50.85387660789351,51.14690399169922,14214300
2016-08-19 00:00:00-04:00,50.99596409279911,51.26235361464677,50.79173201313835,51.164676666259766,17271000
2016-08-22 00:00:00-04:00,51.14691086350492,51.280107302337555,50.84500187116694,51.209068298339844,15221900
2016-08-23 00:00:00-04:00,51.41330814463051,51.661937905264914,51.368907069665994,51.40442657470703,18732400
2016-08-24 00:00:00-04:00,51.32450238992658,51.53761600381323,51.25346677684835,51.457698822021484,18151500
2016-08-25 00:00:00-04:00,51.3955529470329,51.75961943765279,51.30675417656052,51.65306091308594,18552600
2016-08-26 00:00:00-04:00,51.75072025474835,52.12366818915441,51.22681954290274,51.52872848510742,20971200
2016-08-29 00:00:00-04:00,51.66192797347591,52.034872542730476,51.59088897705078,51.59088897705078,16417200
2016-08-30 00:00:00-04:00,51.48434376738615,51.67081608786195,51.15579681407263,51.40442657470703,16930200
2016-08-31 00:00:00-04:00,51.19131421494839,51.32450727238787,50.88052363960367,51.02259826660156,20860300
2016-09-01 00:00:00-04:00,50.623012182010456,51.342266884603006,50.623012182010456,51.13803482055664,26075400
2016-09-02 00:00:00-04:00,51.209068298339844,51.67081166234652,50.98707649183622,51.209068298339844,18900500
2016-09-06 00:00:00-04:00,51.30674886420852,51.32450861646413,50.80060778056591,51.15579605102539,16278400
2016-09-07 00:00:00-04:00,51.03149034612754,51.360037353600944,50.97821107978307,51.20020294189453,17493400
2016-09-08 00:00:00-04:00,51.1735620218009,51.31563666978407,50.77397601580861,50.995967864990234,20146100
2016-09-09 00:00:00-04:00,50.42765840827784,51.07587406174912,49.912635803222656,49.912635803222656,35113900
2016-09-12 00:00:00-04:00,49.7261699937447,50.80060963957975,49.37986328040336,50.65853500366211,29303000
2016-09-13 00:00:00-04:00,50.17015085363385,50.30334729932624,49.770564903883006,50.1967887878418,30130200
2016-09-14 00:00:00-04:00,50.072471753499926,50.285585379956665,49.75280300747791,49.957035064697266,24062500
2016-09-15 00:00:00-04:00,49.85936494614895,50.92492298979561,49.70840874465895,50.7828483581543,26847000
2016-09-16 00:00:00-04:00,51.17355675937142,51.17355675937142,50.39214458215705,50.83612823486328,44607000
2016-09-19 00:00:00-04:00,50.853884247373365,51.2801081161453,50.48093624511905,50.55197525024414,20937100
2016-09-20 00:00:00-04:00,50.924915188077044,50.924915188077044,50.392136247875676,50.44541549682617,17384000
2016-09-21 00:00:00-04:00,51.06700199279914,51.36891103429631,50.68517913978158,51.28899383544922,33707300
2016-09-22 00:00:00-04:00,51.43105763146713,51.5020966320485,51.173549722674636,51.342262268066406,19822200
2016-09-23 00:00:00-04:00,51.38667230011225,51.42219180893975,50.95157017261927,50.995967864990234,19955300
2016-09-26 00:00:00-04:00,50.685183073428924,50.73845895191056,50.46319121355019,50.52534866333008,21688700
2016-09-27 00:00:00-04:00,50.55197189082369,51.555375753914284,50.3299800955495,51.457698822021484,28065100
2016-09-28 00:00:00-04:00,51.39553545571822,51.55536980084573,51.209059794852394,51.52872848510742,20536400
2016-09-29 00:00:00-04:00,51.33338480464927,51.65305014975858,50.80060245481502,50.96931838989258,25463500
2016-09-30 00:00:00-04:00,51.12026606244207,51.29786016124967,50.91603403437732,51.14690399169922,29910800
2016-10-03 00:00:00-04:00,50.978205252012955,51.102520138611524,50.66741803551655,50.987083435058594,19189500
2016-10-04 00:00:00-04:00,50.853881736875415,51.146909150235054,50.58749225545955,50.82724380493164,20085900
2016-10-05 00:00:00-04:00,50.8716393022216,51.466575672252226,50.8449979840961,51.18242645263672,16726400
2016-10-06 00:00:00-04:00,51.271236419677734,51.37779155351776,50.86276886319212,51.271236419677734,16212600
2016-10-07 00:00:00-04:00,51.368906354011735,51.48434305012367,50.98708014845613,51.32450866699219,20089000
2016-10-10 00:00:00-04:00,51.422180046116516,51.848403892567326,51.38666054541411,51.53761672973633,18196500
2016-10-11 00:00:00-04:00,51.40442614183245,51.51986283858052,50.51645884724263,50.7828483581543,26497400
2016-10-12 00:00:00-04:00,50.7118034362793,50.853878041866444,50.08134758569418,50.7118034362793,22177500
2016-10-13 00:00:00-04:00,50.34774414188067,50.88052314107096,50.010315635819474,50.543094635009766,25313700
2016-10-14 00:00:00-04:00,50.720693908443586,51.271236102418094,50.720693908443586,50.987083435058594,27402500
2016-10-17 00:00:00-04:00,50.93379361231667,51.02258896776008,50.498688241062325,50.809478759765625,23830000
2016-10-18 00:00:00-04:00,51.08476622514501,51.45771431490231,50.97821107978307,51.20020294189453,19149500
2016-10-19 00:00:00-04:00,51.03147145515746,51.36001834100847,50.96931402776201,51.084747314453125,22878400
2016-10-20 00:00:00-04:00,51.05812006121639,51.075879813803816,50.31222738917687,50.83612823486328,49455600
2016-10-21 00:00:00-04:00,53.52666638794775,53.67762258648787,52.82517481329794,52.97612762451172,80032200
2016-10-24 00:00:00-04:00,53.22477263655321,54.166019439697266,53.21589445165925,54.166019439697266,54067000
2016-10-25 00:00:00-04:00,54.0328053064727,54.49454867866967,53.988407621849696,54.15712356567383,35137200
2016-10-26 00:00:00-04:00,53.997301604852375,54.34360836678257,53.69539253775198,53.837467193603516,29911600
2016-10-27 00:00:00-04:00,53.81970564174663,54.01505955726936,53.35796217881001,53.36684036254883,28479900
2016-10-28 00:00:00-04:00,53.286920174986335,53.739785428819104,52.905097323719374,53.16260528564453,33574700
2016-10-31 00:00:00-04:00,53.42010672187115,53.65097670390305,53.206993103027344,53.206993103027344,26434700
2016-11-01 00:00:00-04:00,53.25138952213253,53.29578720087731,52.61205210876531,53.100433349609375,24533000
2016-11-02 00:00:00-04:00,53.11819922400782,53.2158761609056,52.656455859698575,52.77189254760742,22147000
2016-11-03 00:00:00-04:00,52.86069115959883,52.95836810249142,52.487746527455876,52.576541900634766,21600400
2016-11-04 00:00:00-04:00,52.07928104768071,52.638697981464496,51.96384435566486,52.1325569152832,28697000
2016-11-07 00:00:00-05:00,53.08267205798501,53.73976920121907,53.08267205798501,53.650970458984375,31664800
2016-11-08 00:00:00-05:00,53.76643206274251,53.97066418360012,53.41124709107472,53.695396423339844,22935400
2016-11-09 00:00:00-05:00,53.278028991446504,53.80192974535543,52.56765594902572,53.42898178100586,49632500
2016-11-10 00:00:00-05:00,53.70426472264571,53.713146293015726,51.173559139447946,52.12368392944336,57822400
2016-11-11 00:00:00-05:00,51.70633432034114,52.49662465775876,51.51098043474978,52.40782928466797,38767800
2016-11-14 00:00:00-05:00,52.407822003612544,52.46110125246071,50.86275766027468,51.60865020751953,41328400
2016-11-15 00:00:00-05:00,52.145038054721624,53.182038471110644,52.136096485066325,52.627777099609375,35904100
2016-11-16 00:00:00-05:00,52.690362329272055,53.33401903236493,52.574149188043734,53.32508087158203,27332500
2016-11-17 00:00:00-05:00,54.004494094113554,54.487236625599614,53.61115022227871,54.210105895996094,32132700
2016-11-18 00:00:00-05:00,54.335253284889234,54.657081595830725,53.906150007037155,53.95084762573242,27686300
2016-11-21 00:00:00-05:00,54.08494430015537,54.50510942152287,54.013425381535484,54.40677261352539,19652600
2016-11-22 00:00:00-05:00,54.51403219707515,54.764341521186566,54.36205965321001,54.63918685913086,23206700
2016-11-23 00:00:00-05:00,54.54086079538207,54.621317866827795,53.86144817778106,53.99554443359375,21848900
2016-11-25 00:00:00-05:00,53.90615122168927,54.11176300048828,53.754178632659055,54.11176300048828,8409600
2016-11-28 00:00:00-05:00,53.941902115116555,54.54979919511794,53.82568559417855,54.18327331542969,20732600
2016-11-29 00:00:00-05:00,54.21903718420969,54.89844981765477,54.10282065380912,54.61238098144531,22366700
2016-11-30 00:00:00-05:00,54.406773513596626,54.692842372389244,53.83463579601139,53.870391845703125,34655400
2016-12-01 00:00:00-05:00,53.73628787159192,53.772047324096974,52.6903460521782,52.92277908325195,34542100
2016-12-02 00:00:00-05:00,52.81551094308794,53.16415712442485,52.56519815350003,52.96748352050781,25515700
2016-12-05 00:00:00-05:00,53.36977393243763,54.165403172278964,53.24461923091785,53.83463668823242,23552700
2016-12-06 00:00:00-05:00,54.02236113897382,54.04917902546596,53.4591616511733,53.593257904052734,19907000
2016-12-07 00:00:00-05:00,53.64689572154167,54.87163154123489,53.45916368852341,54.86268997192383,30809000
2016-12-08 00:00:00-05:00,54.80011782305435,55.0504306343531,54.38889426120546,54.54086685180664,21220800
2016-12-09 00:00:00-05:00,54.692833058209274,55.416946651954675,54.64813544604926,55.39906692504883,27349400
2016-12-12 00:00:00-05:00,55.26498265216332,55.694085960246284,55.17558740847476,55.5778694152832,20198100
2016-12-13 00:00:00-05:00,55.87286821686645,56.69531520011829,55.64043858557635,56.301971435546875,35718900
2016-12-14 00:00:00-05:00,56.31985560871869,56.72214097368001,55.89969051529136,56.03378677368164,30352700
2016-12-15 00:00:00-05:00,56.05167194365704,56.45395734767233,55.69408416004127,55.94439697265625,27669900
2016-12-16 00:00:00-05:00,56.27515960888368,56.27515960888368,55.53316620217721,55.6940803527832,42453100
2016-12-19 00:00:00-05:00,55.92650572673364,57.00820360463672,55.80134764109229,56.874107360839844,34338200
2016-12-20 00:00:00-05:00,56.936689891716696,57.03502669144242,56.34667250357179,56.80259704589844,26028400
2016-12-21 00:00:00-05:00,56.70426024617271,56.94563146089691,56.42712957514652,56.80259704589844,17096300
2016-12-22 00:00:00-05:00,57.0707934872019,57.30322316263696,56.686387808043605,56.81154251098633,22176600
2016-12-23 00:00:00-05:00,56.72213677431891,56.80259384135463,56.141057577926624,56.53440475463867,12403800
2016-12-27 00:00:00-05:00,56.507582573196714,57.27639377721994,56.507582573196714,56.570159912109375,11763200
2016-12-28 00:00:00-05:00,56.67743896556394,56.67743896556394,56.16787867950302,56.3109130859375,14653300
2016-12-29 00:00:00-05:00,56.194705475471636,56.49865406361635,56.07848893612548,56.230464935302734,10250600
2016-12-30 00:00:00-05:00,56.28408468675602,56.3109059790963,55.452696238592395,55.55103302001953,25579900
2017-01-03 00:00:00-05:00,56.1321290244601,56.17682664485961,55.54211156864097,55.94439697265625,20694100
2017-01-04 00:00:00-05:00,55.85499450338919,56.09636572929818,55.53316620217721,55.6940803527832,21340000
2017-01-05 00:00:00-05:00,55.59574354850069,56.01590865399518,55.45270912687422,55.6940803527832,24876000
2017-01-06 00:00:00-05:00,55.694080211757914,56.45395334551979,55.46165055603203,56.176822662353516,19922900
2017-01-09 00:00:00-05:00,56.1052989410238,56.39137116925902,55.9086287600118,55.998023986816406,20382700
2017-01-10 00:00:00-05:00,56.078500403758504,56.38244905405843,55.67621492391881,55.98016357421875,18593000
2017-01-11 00:00:00-05:00,55.97119812274822,56.525455952394005,55.81028400926899,56.48969650268555,21517300
2017-01-12 00:00:00-05:00,56.37349969436343,56.67744828428711,55.38119684460643,55.971214294433594,20968200
2017-01-13 00:00:00-05:00,55.98014734621087,56.20363883575523,55.738776128277834,56.051666259765625,19422300
2017-01-17 00:00:00-05:00,56.03378115094017,56.05166087761202,55.45270196983704,55.89968490600586,20664000
2017-01-18 00:00:00-05:00,56.02484779730346,56.051669096348576,55.53316717746551,55.87287521362305,19670100
2017-01-19 00:00:00-05:00,55.64044457605428,56.301977497248146,55.604685118095254,55.6940803527832,18451700
2017-01-20 00:00:00-05:00,56.02485590933196,56.158952193344774,55.756666751516484,56.08743667602539,30213500
2017-01-23 00:00:00-05:00,56.05166991506603,56.42713400508514,55.93545337806547,56.28409957885742,23097600
2017-01-24 00:00:00-05:00,56.498663910516676,56.98140647174211,56.266230791314634,56.784732818603516,24672900
2017-01-25 00:00:00-05:00,57.169124670485196,57.303217520344866,56.72214168386719,56.92775344848633,23672700
2017-01-26 00:00:00-05:00,57.32110312051029,57.69656720849059,56.81153935649321,57.45519256591797,43554600
2017-01-27 00:00:00-05:00,58.45641527075827,58.9212812438012,58.00943243074916,58.80506134033203,44818000
2017-01-30 00:00:00-05:00,58.72463228105343,58.814027522386624,57.92900303847446,58.22400665283203,31651400
2017-01-31 00:00:00-05:00,57.98263866864915,58.24188964213613,57.446260401622865,57.79490661621094,25270500
2017-02-01 00:00:00-05:00,57.5356406359766,57.76807365855082,56.74001160298347,56.838348388671875,39671500
2017-02-02 00:00:00-05:00,56.54335501396287,56.68638945150283,56.09637197037423,56.47183609008789,45827000
2017-02-03 00:00:00-05:00,56.76683930048708,56.94563317717619,56.38243365917883,56.92775344848633,30301800
2017-02-06 00:00:00-05:00,56.766847397242344,56.900943676437954,56.4450190553409,56.89200210571289,19796400
2017-02-07 00:00:00-05:00,56.98138862496573,57.01714466961988,56.5254641009799,56.70425796508789,20277200
2017-02-08 00:00:00-05:00,56.82941776843676,57.04397110674402,56.51653103570704,56.62380599975586,18096400
2017-02-09 00:00:00-05:00,56.784720820369266,57.60717131499839,56.605926938040355,57.267459869384766,22644400
2017-02-10 00:00:00-05:00,57.43731290102005,57.4820139271651,57.19594168271669,57.21382141113281,18170700
2017-02-13 00:00:00-05:00,57.428376212121776,57.98263760949556,57.33003940258095,57.85748291015625,22920100
2017-02-14 00:00:00-05:00,57.92943559792561,58.20824296611452,57.57866886592992,58.073333740234375,23108400
2017-02-15 00:00:00-05:00,58.01038067049764,58.07333739830495,57.70459281022461,58.03736114501953,17005200
2017-02-16 00:00:00-05:00,58.22622822581195,58.67592107526443,57.956416633201464,58.02836227416992,20546300
2017-02-17 00:00:00-05:00,57.983388370041396,58.18125429187135,57.83049447108818,58.1182975769043,21248800
2017-02-21 00:00:00-05:00,58.10930202928531,58.41508982839844,57.96539704492573,58.001373291015625,20655900
2017-02-22 00:00:00-05:00,57.85746853909279,57.91142947116111,57.60564170708526,57.88444900512695,19292700
2017-02-23 00:00:00-05:00,57.93841634716466,58.217230537819276,57.7315615101732,58.1182975769043,20273100
2017-02-24 00:00:00-05:00,58.037349308079634,58.28018725278632,57.686589487296466,58.1182975769043,21796800
2017-02-27 00:00:00-05:00,58.046347317638386,58.046347317638386,57.60565029591857,57.767539978027344,15871500
2017-02-28 00:00:00-05:00,57.63262707497141,57.74054894828717,57.34482054563395,57.542686462402344,23239800
2017-03-01 00:00:00-05:00,57.67759801478347,58.451070205969046,57.57866504648524,58.406105041503906,26937500
2017-03-02 00:00:00-05:00,58.18126950716685,58.23523045931671,57.45276577518283,57.56968688964844,24539600
2017-03-03 00:00:00-05:00,57.55167992473132,57.812499113484186,57.21890481793324,57.785518646240234,18135900
2017-03-06 00:00:00-05:00,57.53369719903288,58.0643314026438,57.38979564209621,57.80350875854492,18750300
2017-03-07 00:00:00-05:00,57.731581906292405,58.26221628251691,57.731581906292405,57.92045211791992,18521000
2017-03-08 00:00:00-05:00,57.79452876909904,58.53202479116112,57.785532990529056,58.45107650756836,21510900
2017-03-09 00:00:00-05:00,58.63095982027465,58.6399487373904,57.9923967548481,58.21724319458008,19846800
2017-03-10 00:00:00-05:00,58.55900732586015,58.693916562083324,58.235227903632044,58.397117614746094,19538200
2017-03-13 00:00:00-04:00,58.46906006421467,58.630949747479804,58.07332820250711,58.199241638183594,20100000
2017-03-14 00:00:00-04:00,58.03735762151599,58.05534917795077,57.69559352870637,57.92943572998047,14280200
2017-03-15 00:00:00-04:00,58.055351277247865,58.38811960387309,57.78553281511579,58.235225677490234,24833800
2017-03-16 00:00:00-04:00,58.23521683815887,58.24421261533611,57.830496068160514,58.13628387451172,20674300
2017-03-17 00:00:00-04:00,58.37913497696965,58.67592707300186,58.172273225898444,58.34315872192383,49219700
2017-03-20 00:00:00-04:00,58.379132918741774,58.62196405452846,58.20824742874117,58.397117614746094,14598100
2017-03-21 00:00:00-04:00,58.63095079294207,58.90975813951609,57.67759736926235,57.749549865722656,26640500
2017-03-22 00:00:00-04:00,57.668604187442476,58.585974433261,57.668604187442476,58.48704147338867,20680000
2017-03-23 00:00:00-04:00,58.406115452811754,58.67592707300186,58.25321465342476,58.34315872192383,19269200
2017-03-24 00:00:00-04:00,58.78384168471372,58.86478309275173,58.24421171249157,58.44207763671875,22617100
2017-03-27 00:00:00-04:00,58.12728313410397,58.65792415397211,57.875456288783596,58.54999542236328,18614700
2017-03-28 00:00:00-04:00,58.4240987240007,58.88278738743238,58.14529133140931,58.72089767456055,20080400
2017-03-29 00:00:00-04:00,58.56800974746968,58.90977390446464,58.41510893613154,58.88279342651367,13618400
2017-03-30 00:00:00-04:00,58.83781393708776,59.34147462154036,58.78385298801983,59.098636627197266,15122800
2017-03-31 00:00:00-04:00,59.0446732203515,59.530342327052644,58.86479196133158,59.233543395996094,21040300
2017-04-03 00:00:00-04:00,59.18855865199936,59.30548316068883,58.630944023235195,58.9547233581543,20400900
2017-04-04 00:00:00-04:00,58.810832024799176,59.18857238257743,58.711899046080795,59.11662673950195,12997400
2017-04-05 00:00:00-04:00,59.629268706387855,59.674233869841345,58.855796532604124,58.96371841430664,21448600
2017-04-06 00:00:00-04:00,58.99970220368831,59.41341881388857,58.89178030819082,59.11662673950195,18103500
2017-04-07 00:00:00-04:00,59.22455685050829,59.32348984295046,58.85581222012617,59.07166290283203,14108500
2017-04-10 00:00:00-04:00,59.00868955511525,59.19755970703154,58.78384315591477,58.936737060546875,17952700
2017-04-11 00:00:00-04:00,58.99968364132848,59.00867941704588,58.32514455961718,58.891761779785156,18791500
2017-04-12 00:00:00-04:00,58.83780211458529,58.918750383690636,58.55899478473118,58.66692352294922,17108500
2017-04-13 00:00:00-04:00,58.7208948122948,59.233544401105775,58.41510009765625,58.41510009765625,17896500
2017-04-17 00:00:00-04:00,58.49602998941595,58.900750693736185,58.46904952403012,58.891761779785156,16689300
2017-04-18 00:00:00-04:00,58.75686821747508,59.09863230619838,58.60397429844899,58.810829162597656,15155600
2017-04-19 00:00:00-04:00,59.04468536246156,59.13462257958224,58.36115016115867,58.49605941772461,26992800
2017-04-20 00:00:00-04:00,58.87377946004263,59.13460210261454,58.58597634785421,58.90975570678711,22299500
2017-04-21 00:00:00-04:00,59.06265700120326,59.989023170070276,58.86479105022811,59.71921157836914,32522600
2017-04-24 00:00:00-04:00,60.69054280252233,60.852432483646886,60.34877188583298,60.73550796508789,29770000
2017-04-25 00:00:00-04:00,61.06830375339461,61.194217229980936,60.79848523969827,61.08628845214844,30242700
2017-04-26 00:00:00-04:00,61.23016405405479,61.43701886824671,60.816447563904404,61.00531768798828,26190800
2017-04-27 00:00:00-04:00,61.293140113464474,61.49999499296432,60.78049051145051,61.40106201171875,34971000
2017-04-28 00:00:00-04:00,61.97666135969366,62.183516192988385,60.87940989407654,61.57193374633789,39548800
2017-05-01 00:00:00-04:00,61.76981409131341,62.55228217047057,61.6079243805143,62.426368713378906,31954400
2017-05-02 00:00:00-04:00,62.69618296241861,62.69618296241861,62.17453755435775,62.32743835449219,23906100
2017-05-03 00:00:00-04:00,62.39936629346842,62.39936629346842,61.79677962850697,62.129554748535156,28928000
2017-05-04 00:00:00-04:00,62.084580845986416,62.12955286632976,61.733821044962404,61.886714935302734,21749400
2017-05-05 00:00:00-04:00,61.96769141172611,62.0846091113745,61.598939889975725,62.0576286315918,19128800
2017-05-08 00:00:00-04:00,62.03064258673715,62.10259510088251,61.53597762919961,62.003662109375,18566100
2017-05-09 00:00:00-04:00,61.931688667386176,62.309428946349854,61.7697989961493,62.09357833862305,22858400
2017-05-10 00:00:00-04:00,62.04860362270283,62.56125308239766,61.98564691227598,62.33640670776367,17977800
2017-05-11 00:00:00-04:00,61.481996563959,61.81477168670479,61.26614595389623,61.57193374633789,28789400
2017-05-12 00:00:00-04:00,61.70684262046824,61.70684262046824,61.19419313570892,61.49998092651367,18714100
2017-05-15 00:00:00-04:00,61.28411836860118,61.589912961550105,60.7714689837968,61.54494094848633,31530300
2017-05-16 00:00:00-04:00,61.71682127685776,62.8113148070852,61.65350369745943,62.7841796875,34956000
2017-05-17 00:00:00-04:00,62.31383626095977,62.50378906515078,60.99320707389302,61.03843688964844,30548800
2017-05-18 00:00:00-04:00,60.96604311484484,61.62635394557547,60.730860606113104,61.2464485168457,25201300
2017-05-19 00:00:00-04:00,61.056509505352864,61.59923265406948,60.993191919687575,61.22837448120117,26961100
2017-05-22 00:00:00-04:00,61.409295520038626,61.961066150253046,61.05652503857052,61.915836334228516,16237600
2017-05-23 00:00:00-04:00,62.16006476540791,62.187199893912755,61.85251720645103,62.12388229370117,15425800
2017-05-24 00:00:00-04:00,62.295739923047165,62.30478036407636,61.91582746572046,62.20528030395508,14593900
2017-05-25 00:00:00-04:00,62.38617586267229,63.2093043464549,62.33190562669269,62.97412872314453,21854100
2017-05-26 00:00:00-04:00,63.13694668624266,63.516852142426615,62.88366948102181,63.28166961669922,19827900
2017-05-30 00:00:00-04:00,63.12789158238089,63.6887092590332,63.10979690511291,63.6887092590332,17072800
2017-05-31 00:00:00-04:00,63.79726543404519,63.98721818556773,63.14599491391132,63.17313003540039,30436400
2017-06-01 00:00:00-04:00,63.53493363195827,63.86961615847721,62.820345686859454,63.40829849243164,21603600
2017-06-02 00:00:00-04:00,63.71587993688948,65.00032669593642,63.534967568720134,64.90987396240234,34770300
2017-06-05 00:00:00-04:00,65.09979023078932,65.93196595394079,64.95506041749482,65.38019561767578,33316800
2017-06-06 00:00:00-04:00,65.39833490865097,65.68778783160312,65.37119287431935,65.59732818603516,31511100
2017-06-07 00:00:00-04:00,65.70582569163848,65.82341347998158,65.08169049721687,65.47969055175781,22301800
2017-06-08 00:00:00-04:00,65.5882660684261,65.59730650911379,64.67467777868498,65.08171844482422,24588300
2017-06-09 00:00:00-04:00,65.16311868133823,65.19930114070448,62.04244884670965,63.60730743408203,49187400
2017-06-12 00:00:00-04:00,62.63945279921594,63.26358818347313,61.62636458001713,63.118858337402344,47761700
2017-06-13 00:00:00-04:00,63.33594994830492,64.05958541922494,63.28167970337068,63.90581512451172,25258600
2017-06-14 00:00:00-04:00,64.14099670653782,64.31285477990039,62.802273176144496,63.56208419799805,25510700
2017-06-15 00:00:00-04:00,62.65755930871064,63.50783015578798,62.23243078627292,63.22742462158203,26068700
2017-06-16 00:00:00-04:00,63.07364805601537,63.345006220042706,62.612330205738544,63.31787109375,48345100
2017-06-19 00:00:00-04:00,63.77012243309962,64.1681225686931,63.634439941320196,64.10480499267578,23798300
2017-06-20 00:00:00-04:00,64.0595941863538,64.10482399738865,63.200282985493736,63.23646545410156,21512200
2017-06-21 00:00:00-04:00,63.507813953893994,63.878679024869555,63.263590954326546,63.56208419799805,19891100
2017-06-22 00:00:00-04:00,63.80631370453192,63.851536607306215,63.05554312726709,63.553043365478516,22965700
2017-06-23 00:00:00-04:00,63.399280291494414,64.44855124535056,63.245509965839844,64.41236877441406,27617300
2017-06-26 00:00:00-04:00,64.58421711133279,64.8646225623179,63.715858736357255,63.797264099121094,19607000
2017-06-27 00:00:00-04:00,63.41736735929382,63.48068495055127,62.576143989102036,62.60327911376953,25215100
2017-06-28 00:00:00-04:00,62.60326121390512,63.17311937228525,62.22335577498504,63.13694381713867,25806200
2017-06-29 00:00:00-04:00,62.7570404528668,62.85654049649549,61.59018195121132,61.95199966430664,28918700
2017-06-30 00:00:00-04:00,62.21432739123059,62.75705059805979,62.17814492396197,62.35000991821289,24161100
2017-07-03 00:00:00-04:00,62.711807124492516,62.95603007209176,61.52685413860629,61.66253662109375,16165500
2017-07-05 00:00:00-04:00,61.743960221786025,62.81131869855639,61.707777759731215,62.48568344116211,21176300
2017-07-06 00:00:00-04:00,61.75301085586793,62.21432869684888,61.61733522713836,62.024375915527344,21117600
2017-07-07 00:00:00-04:00,62.141968850435106,63.17314511983756,62.141968850435106,62.82942199707031,16878300
2017-07-10 00:00:00-04:00,62.82939389969309,63.54398185473211,62.59421139397322,63.29975891113281,15014500
2017-07-11 00:00:00-04:00,63.31786615889787,63.9329542776283,63.091730922616094,63.30881881713867,17460000
2017-07-12 00:00:00-04:00,63.941990071448764,64.47566582016393,63.81535491408929,64.35807800292969,17750900
2017-07-13 00:00:00-04:00,64.67466132003095,65.16311413575455,64.50279637530468,64.91888427734375,20269800
2017-07-14 00:00:00-04:00,65.34400578304673,66.27568142232109,65.09073553948825,65.83245849609375,25868100
2017-07-17 00:00:00-04:00,65.8505824956234,66.43852857952213,65.77821756492523,66.34807586669922,21803900
2017-07-18 00:00:00-04:00,66.11290437450783,66.38426945956316,65.72395833428308,66.30286407470703,26435300
2017-07-19 00:00:00-04:00,66.48375954371552,66.97221248278092,66.43852973596697,66.80939483642578,22416200
2017-07-20 00:00:00-04:00,67.09884256118636,67.20738995086946,66.28475439131125,67.13502502441406,42361000
2017-07-21 00:00:00-04:00,66.4385081924826,67.19832592945976,66.18523791385604,66.74605560302734,46717100
2017-07-24 00:00:00-04:00,66.51090115363756,66.70990128537679,66.14908335966628,66.57421875,21394800
2017-07-25 00:00:00-04:00,66.75514724897216,67.21645831932705,66.4837821125617,67.10791778564453,22018700
2017-07-26 00:00:00-04:00,67.24356535851123,67.2797478216558,66.7641597987693,66.98125457763672,16252200
2017-07-27 00:00:00-04:00,66.71895467386372,67.3159482220784,65.41641325797559,66.17623138427734,36844200
2017-07-28 00:00:00-04:00,65.7329900889694,66.31189575288457,65.61540224823972,66.06767272949219,18306700
2017-07-31 00:00:00-04:00,66.30285429661383,66.4294894773371,65.49781340440175,65.76012420654297,23600100
2017-08-01 00:00:00-04:00,66.12194673064815,66.41139957902928,65.5701761601247,65.6515884399414,22132300
2017-08-02 00:00:00-04:00,65.62443924794916,65.63347968735755,64.62039838571465,65.36212158203125,26499200
2017-08-03 00:00:00-04:00,65.29878621083809,65.52492135421836,64.99123882727054,65.26260375976562,18214400
2017-08-04 00:00:00-04:00,65.48877215648997,66.06767786540765,65.34404227871036,65.7420425415039,22579000
2017-08-07 00:00:00-04:00,65.85057963854847,65.94103234744688,65.36212672917782,65.48876190185547,18705700
2017-08-08 00:00:00-04:00,65.20834710527586,66.1490704252168,64.90080652625045,65.8415298461914,22044600
2017-08-09 00:00:00-04:00,65.35310096930262,65.58828361098156,65.17219549176595,65.5521011352539,22213400
2017-08-10 00:00:00-04:00,65.03646941411566,65.29878701178596,64.53896933213802,64.59324645996094,24734500
2017-08-11 00:00:00-04:00,64.77416007378267,65.76010612417494,64.47565998654363,65.5792007446289,21443700
2017-08-14 00:00:00-04:00,66.0857722265499,66.68277268015474,65.9862721509491,66.56517791748047,20096600
2017-08-15 00:00:00-04:00,66.91979461382665,66.91979461382665,66.41965080984951,66.58333587646484,19181400
2017-08-16 00:00:00-04:00,66.69246651455195,67.38358213430215,66.53787696238336,66.97437286376953,18150400
2017-08-17 00:00:00-04:00,66.91070676128086,67.17442197922699,65.83766174316406,65.83766174316406,22977500
2017-08-18 00:00:00-04:00,65.71945716739616,66.23779219257182,65.41027803631869,65.91951751708984,18761500
2017-08-21 00:00:00-04:00,65.90133127461155,65.91042681872739,65.2011200729065,65.61033630371094,17734800
2017-08-22 00:00:00-04:00,65.79219179002152,66.60152160027295,65.79219179002152,66.52877807617188,14343700
2017-08-23 00:00:00-04:00,66.34689891813692,66.51967952302131,65.95587387509607,66.12865447998047,13766500
2017-08-24 00:00:00-04:00,66.14686613489442,66.25599186828869,65.53759640031386,66.10140228271484,17098300
2017-08-25 00:00:00-04:00,66.2559644628173,66.7015488819335,65.91041019013655,66.21958923339844,12794300
2017-08-28 00:00:00-04:00,66.4378629783416,66.46514267797265,65.9740942088765,66.22871398925781,14569700
2017-08-29 00:00:00-04:00,65.70128851120805,66.52880980048839,65.51941920743198,66.42877960205078,11478400
2017-08-30 00:00:00-04:00,66.39238245897903,67.48361179751055,66.22869736441261,67.30174255371094,16897800
2017-08-31 00:00:00-04:00,67.31992672955931,68.16563189550901,67.11077779289377,67.99285125732422,27652800
2017-09-01 00:00:00-04:00,67.93827934782928,67.96555903559451,66.96526450296405,67.23807525634766,21736200
2017-09-05 00:00:00-04:00,66.69247240573726,67.19262328089457,66.36510912311418,66.93800354003906,21556000
2017-09-06 00:00:00-04:00,67.05624192568642,67.32905285326851,66.70159188255177,66.74706268310547,16535800
2017-09-07 00:00:00-04:00,67.00168569028416,67.83829573230368,66.92893518109888,67.60186004638672,17471200
2017-09-08 00:00:00-04:00,67.59272680466353,67.69275695427578,67.14713543353047,67.27445220947266,14703800
2017-09-11 00:00:00-04:00,67.57455601437756,68.14745739564023,67.57455601437756,67.98377227783203,17910400
2017-09-12 00:00:00-04:00,67.98378412604657,68.42027322436117,67.62913413196505,67.9110336303711,14394900
2017-09-13 00:00:00-04:00,68.13836272701602,68.41117357282718,67.79280833514082,68.39298248291016,13380800
2017-09-14 00:00:00-04:00,68.2020071318567,68.64759163584876,67.76551123355136,67.99285125732422,15733900
2017-09-15 00:00:00-04:00,68.04741304618771,68.55665244538643,67.35629747737055,68.48390197753906,38578400
2017-09-18 00:00:00-04:00,68.4111585871391,69.08408307143416,68.23837796011566,68.34750366210938,23307000
2017-09-19 00:00:00-04:00,68.39297120285377,68.84765124563664,68.21110196088738,68.60212707519531,16093300
2017-09-20 00:00:00-04:00,68.52029504096578,68.70217125790981,67.57455952646164,68.1474609375,21587900
2017-09-21 00:00:00-04:00,68.30202209272493,68.42023638113919,67.39266220006489,67.48359680175781,19186100
2017-09-22 00:00:00-04:00,67.28356784999949,67.75643909960858,67.15625796076671,67.6655044555664,14111400
2017-09-25 00:00:00-04:00,67.3744917577371,67.51999271531352,66.3105420224628,66.6197280883789,24149200
2017-09-26 00:00:00-04:00,66.9925621509003,67.1198720198459,66.37419695693559,66.6197280883789,18019600
2017-09-27 00:00:00-04:00,66.88342330500531,67.44722200180084,66.53786210336631,67.1562271118164,19565100
2017-09-28 00:00:00-04:00,66.8743251684524,67.26535018712067,66.66516934726768,67.1744155883789,10883800
2017-09-29 00:00:00-04:00,67.23809912807742,67.78371389069011,67.18353279530848,67.73824310302734,17079100
2017-10-02 00:00:00-04:00,67.93830096711763,68.21111180731495,67.56546688590701,67.84736633300781,15304800
2017-10-03 00:00:00-04:00,67.90192495834378,68.09288976917613,67.46543594440354,67.52909088134766,12190400
2017-10-04 00:00:00-04:00,67.37446825893699,67.94736940724381,67.02891401201634,67.92008972167969,13317700
2017-10-05 00:00:00-04:00,68.40206352507279,69.22048895111344,68.16562797135738,69.0840835571289,21195300
2017-10-06 00:00:00-04:00,68.81128337591777,69.13865359679575,68.69306904977144,69.11137390136719,13959800
2017-10-09 00:00:00-04:00,69.0840965617937,69.61152715095736,68.98406638323274,69.37509155273438,11386500
2017-10-10 00:00:00-04:00,69.41146679383543,69.68427069529164,69.23868613307235,69.37509155273438,13944500
2017-10-11 00:00:00-04:00,69.43874200241004,69.52967663035172,69.06590100862151,69.49330139160156,15388900
2017-10-12 00:00:00-04:00,69.55696613493097,70.28445713680112,69.44784734115831,70.12986755371094,16876500
2017-10-13 00:00:00-04:00,70.55725848999465,70.8118851878857,70.28445457762787,70.46632385253906,15335700
2017-10-16 00:00:00-04:00,70.40267573454271,70.75732571149274,70.33902078836883,70.61183166503906,12380100
2017-10-17 00:00:00-04:00,70.44813219838277,70.58453760897481,70.24807185456342,70.5572509765625,16824000
2017-10-18 00:00:00-04:00,70.62999884019584,70.7936839392755,70.3571949669745,70.575439453125,13300700
2017-10-19 00:00:00-04:00,70.5390652896418,70.86643549278483,70.33900495018025,70.84825134277344,15092800
2017-10-20 00:00:00-04:00,71.22107963664423,71.81216506334172,71.13014501819848,71.66666412353516,22866400
2017-10-23 00:00:00-04:00,71.83034659674051,72.14862121864654,71.62119767571646,71.68485260009766,20627200
2017-10-24 00:00:00-04:00,71.74853344989604,72.02133739387554,71.34841267328342,71.712158203125,17517200
2017-10-25 00:00:00-04:00,71.45754212402248,71.93040648086173,70.93920697189114,71.50300598144531,20410800
2017-10-26 00:00:00-04:00,72.02133728786177,72.2213976758736,71.61212790356042,71.62122344970703,32120700
2017-10-27 00:00:00-04:00,76.72272453113514,78.38684846685749,76.03160881888105,76.2134780883789,71066700
2017-10-30 00:00:00-04:00,76.1134665485744,76.68636806974219,75.57694721565747,76.28624725341797,31756700
2017-10-31 00:00:00-04:00,76.71363997707766,76.71363997707766,75.57693953519097,75.64059448242188,27086600
2017-11-01 00:00:00-04:00,76.09527465917655,76.16802515254584,75.3677836012215,75.64059448242188,22307400
2017-11-02 00:00:00-04:00,75.7951758367647,76.8045662744458,75.5860268634034,76.43173217773438,23992900
2017-11-03 00:00:00-04:00,76.45902854460468,76.87733352039258,75.84066315912044,76.51358795166016,17633500
2017-11-06 00:00:00-05:00,76.56813612589458,77.0228162856395,76.45901732779174,76.81366729736328,19860900
2017-11-07 00:00:00-05:00,77.08645496615652,77.20467622298284,76.3225957891273,76.63177490234375,17939700
2017-11-08 00:00:00-05:00,76.51356295336619,76.94096333664753,76.23166352518803,76.89549255371094,18034200
2017-11-09 00:00:00-05:00,76.48629259200621,76.63178662699593,75.38596750177378,76.46810150146484,21178400
2017-11-10 00:00:00-05:00,76.19527016962894,76.4771695307805,75.68603082358334,76.26802062988281,19397800
2017-11-13 00:00:00-05:00,76.07707711877491,76.33169686289737,75.89520091735336,76.32260131835938,14196900
2017-11-14 00:00:00-05:00,75.9315812625345,76.47719602774555,75.45871698278309,76.43173217773438,18801300
2017-11-15 00:00:00-05:00,76.2854916729021,76.48655673872858,75.57262969239734,75.8376693725586,19383100
2017-11-16 00:00:00-05:00,75.9473354973416,76.23979187072446,75.80111079700515,76.03872680664062,20962800
2017-11-17 00:00:00-05:00,75.96562292576849,75.96562292576849,75.16136261667799,75.3075942993164,22079000
2017-11-20 00:00:00-05:00,75.30759122319911,75.48123262335143,75.17050076950298,75.42639923095703,16315000
2017-11-21 00:00:00-05:00,75.618310354879,76.62362855833045,75.618310354879,76.51396179199219,21237500
2017-11-22 00:00:00-05:00,76.61450286655875,76.67847747830427,75.8924996924537,75.95647430419922,20553100
2017-11-24 00:00:00-05:00,75.86508513575701,76.24893281704735,75.65487884969234,76.09356689453125,7425600
2017-11-27 00:00:00-05:00,76.13926571529758,76.75160218157473,76.13013146449966,76.65106964111328,18265200
2017-11-28 00:00:00-05:00,76.8338333886005,77.73861905763889,76.78813425500198,77.57411193847656,21926000
2017-11-29 00:00:00-05:00,77.41876974497256,77.6106936139745,76.02046229030768,76.16668701171875,27381100
2017-11-30 00:00:00-05:00,76.32206646366375,77.24512796416423,76.16669353218022,76.92525482177734,33054600
2017-12-01 00:00:00-05:00,76.40428932033316,77.51014005974442,76.05699959998627,77.00748443603516,29532100
2017-12-04 00:00:00-05:00,77.15370090889486,77.16284212950507,73.75389200356332,74.10118865966797,39094900
2017-12-05 00:00:00-05:00,74.33883235638515,75.56349838497826,74.00982499142694,74.56731414794922,26152300
2017-12-06 00:00:00-05:00,74.53075039234062,75.98389099012638,74.42107664105671,75.65487670898438,26162100
2017-12-07 00:00:00-05:00,75.43553067918259,75.67315363661797,74.94200929345183,75.38983154296875,23184500
2017-12-08 00:00:00-05:00,76.43169721931513,77.29993187936022,76.15752335775478,76.91608428955078,24489100
2017-12-11 00:00:00-05:00,77.03492626192556,78.02196933363487,76.87956030787262,77.8940200805664,22857900
2017-12-12 00:00:00-05:00,77.96708780468032,78.64339861129874,77.75688855961032,78.21385192871094,23924100
2017-12-13 00:00:00-05:00,78.3601007186445,78.59772369613108,77.8391625963111,78.00366973876953,22062700
2017-12-14 00:00:00-05:00,78.07678622561633,78.4789163489185,77.25425050645727,77.40048217773438,19306000
2017-12-15 00:00:00-05:00,77.92142442115016,79.59390567030567,77.57412766987363,79.37456512451172,53936700
2017-12-18 00:00:00-05:00,79.62131828665615,79.96860801701183,78.80792386007128,78.94500732421875,22283800
2017-12-19 00:00:00-05:00,78.91759124397701,78.91759124397701,77.93054845819789,78.44235229492188,23524800
2017-12-20 00:00:00-05:00,78.78050537393145,78.87190365298439,77.41875608310116,78.1590347290039,23674900
2017-12-21 00:00:00-05:00,78.64341731434443,78.68910947849645,78.04936339869369,78.14075469970703,17990700
2017-12-22 00:00:00-05:00,78.04936981256105,78.25956912489438,77.61068176985384,78.14990234375,14145800
2017-12-26 00:00:00-05:00,77.96713561750562,78.16820073884494,77.71123708951443,78.04939270019531,9891200
2017-12-27 00:00:00-05:00,78.27786923377329,78.57946689539621,77.88488024300413,78.33270263671875,14678000
2017-12-28 00:00:00-05:00,78.50633453954357,78.53375123525281,78.18646146841908,78.34182739257812,10594300
2017-12-29 00:00:00-05:00,78.25956483965533,78.64341947077172,78.14075684235115,78.17731475830078,18717400
2018-01-02 00:00:00-05:00,78.71653198436441,78.88103912742021,78.14076047002398,78.5520248413086,22483800
2018-01-03 00:00:00-05:00,78.65254003588903,79.06381128923537,78.57028996884475,78.9175796508789,26061400
2018-01-04 00:00:00-05:00,79.1369518336686,80.11486061828093,79.11867635790803,79.61219787597656,21912000
2018-01-05 00:00:00-05:00,80.1148552731523,80.80030061817499,79.90464896601935,80.59923553466797,23407100
2018-01-08 00:00:00-05:00,80.60835694637981,80.95565366174243,80.06000215224509,80.68147277832031,22113000
2018-01-09 00:00:00-05:00,81.01962153856455,81.09273736442893,80.29761844674891,80.62663269042969,19484300
2018-01-10 00:00:00-05:00,80.29763580169293,80.59923341903689,79.88637139455875,80.26107788085938,18652200
2018-01-11 00:00:00-05:00,80.54438754191877,80.54438754191877,79.73099303396495,80.49869537353516,17808900
2018-01-12 00:00:00-05:00,81.03792581511347,82.05238559828628,80.83686070886857,81.88787841796875,24271500
2018-01-16 00:00:00-05:00,82.34482520663133,82.97543709777433,80.43472103303876,80.74545288085938,36599700
2018-01-17 00:00:00-05:00,81.41263287677727,82.5093426768711,81.11103524130267,82.38139343261719,25621200
2018-01-18 00:00:00-05:00,82.07065181347411,82.86576388380405,81.9427025843932,82.3448257446289,24159700
2018-01-19 00:00:00-05:00,82.38139009600532,82.81093695833633,81.9427089828196,82.2534408569336,36875000
2018-01-22 00:00:00-05:00,82.25341548861188,83.73397947758193,82.0157925581753,83.72483825683594,23601600
2018-01-23 00:00:00-05:00,83.98991394042969,84.35548622744591,83.66089957938624,83.98991394042969,23412800
2018-01-24 00:00:00-05:00,84.58395604603881,85.38820938530789,83.69744564181252,83.91678619384766,33277500
2018-01-25 00:00:00-05:00,84.51083038609883,85.21455110461312,84.01730897182365,84.38288116455078,26383200
2018-01-26 00:00:00-05:00,85.1049099938289,85.96399688720703,84.61138843071633,85.96399688720703,29172200
2018-01-29 00:00:00-05:00,86.95100574082048,87.2343208519183,85.65323120085813,85.83601379394531,31569900
2018-01-30 00:00:00-05:00,85.26938745298025,85.5984017136802,84.17267092641067,84.75758361816406,38635100
2018-01-31 00:00:00-05:00,85.68067180346564,87.18865302174882,85.46133123600784,86.83222198486328,48756300
2018-02-01 00:00:00-05:00,86.63116223354396,87.80098796238664,85.52531113135012,86.14678192138672,47227900
2018-02-02 00:00:00-05:00,85.58012327478943,85.88172085666305,83.6243200628307,83.88021850585938,47867800
2018-02-05 00:00:00-05:00,82.76522612344706,85.21455073970785,80.42557525634766,80.42557525634766,51031500
2018-02-06 00:00:00-05:00,79.41111781382837,83.60604644051041,77.91227806632236,83.46895599365234,67998600
2018-02-07 00:00:00-05:00,82.70123335141527,83.87105852806654,81.52226695449727,81.89698028564453,41107600
2018-02-08 00:00:00-05:00,81.98839406471059,82.14375998833124,77.46445799790217,77.69293975830078,55628700
2018-02-09 00:00:00-05:00,78.8719075394939,81.27553318103992,76.61450660076049,80.590087890625,63499100
2018-02-12 00:00:00-05:00,81.10189719941961,82.05238231739185,80.3616184039468,81.45832824707031,35720300
2018-02-13 00:00:00-05:00,81.27552494818946,82.25342651788257,80.24278999208475,82.09806060791016,26407700
2018-02-14 00:00:00-05:00,81.27168058548008,83.54886300280381,81.17985995671887,83.38358306884766,34960900
2018-02-15 00:00:00-05:00,83.75087461051261,85.13738925630184,83.20912798392207,85.0822982788086,27823900
2018-02-16 00:00:00-05:00,84.88946127348312,85.85359536046568,84.29262370155219,84.47626495361328,30596900
2018-02-20 00:00:00-05:00,83.99876877935598,85.44955105687889,83.56720425798385,85.13735961914062,30911700
2018-02-21 00:00:00-05:00,85.37611824531966,85.72503940330421,84.00796508789062,84.00796508789062,26922500
2018-02-22 00:00:00-05:00,84.52218563816994,85.14657575357019,83.88861135778087,84.22835540771484,24392800
2018-02-23 00:00:00-05:00,85.94540976861359,86.376974385746,84.80681867618591,86.36779022216797,26329200
2018-02-26 00:00:00-05:00,86.679995548319,87.64412263587263,86.54226110567855,87.6165771484375,30199800
2018-02-27 00:00:00-05:00,87.91039005005656,88.00221065858535,86.49633026123047,86.49633026123047,25869100
2018-02-28 00:00:00-05:00,87.08400447392167,87.88285860721105,85.97295882066958,86.10150909423828,31167300
2018-03-01 00:00:00-05:00,86.30349168577725,86.83606094146246,84.3293173796767,85.25672149658203,37135600
2018-03-02 00:00:00-05:00,84.0906067394235,85.53221215849776,83.42948708129394,85.44039154052734,32830400
2018-03-05 00:00:00-05:00,84.78844299313572,86.56060811488138,84.71499070727657,85.98213195800781,23901600
2018-03-06 00:00:00-05:00,86.6248825238887,86.76261694260889,85.33937996373636,85.68830108642578,22175800
2018-03-07 00:00:00-05:00,85.54141448684312,86.25762526675106,84.87111052293676,86.18416595458984,26716100
2018-03-08 00:00:00-05:00,86.56061619368148,87.32274064999186,86.10150608826042,86.70753479003906,25887800
2018-03-09 00:00:00-05:00,87.49720610274092,88.64498138427734,87.23092139676874,88.64498138427734,36937300
2018-03-12 00:00:00-04:00,88.6082618769068,89.26019747078574,88.18588136561053,88.8561782836914,26073700
2018-03-13 00:00:00-04:00,89.06734990999239,89.2877207729822,86.28514412130697,86.68916320800781,35387800
2018-03-14 00:00:00-04:00,87.34113941964722,87.60742421425957,85.85361963764724,86.17499542236328,32132000
2018-03-15 00:00:00-04:00,85.88113701661212,86.84527106058512,85.23838565760639,86.47798156738281,27611000
2018-03-16 00:00:00-04:00,86.93709913757561,87.57985055169875,86.23924974119548,86.86363983154297,49081300
2018-03-19 00:00:00-04:00,86.07395034576047,86.22086892461041,84.57725410240958,85.29346466064453,33344100
2018-03-20 00:00:00-04:00,85.44038743411205,86.10150005500329,85.3944736246015,85.51383972167969,23075200
2018-03-21 00:00:00-04:00,85.33018840237034,86.35859736678626,84.66906885420745,84.9169921875,24457100
2018-03-22 00:00:00-04:00,83.80595291283925,84.24670168251981,82.32762486512657,82.44699096679688,38604700
2018-03-23 00:00:00-04:00,82.18068503001307,83.06217533604824,79.958594445708,80.0504150390625,44068900
2018-03-26 00:00:00-04:00,83.19991622707103,86.31268152150533,83.00709086432747,86.11067199707031,56396800
2018-03-27 00:00:00-04:00,87.17581747243106,87.35945868800576,81.2716620212278,82.15315246582031,56569000
2018-03-28 00:00:00-04:00,82.4745315904059,83.76922533309502,81.6022252712699,82.07969665527344,52501100
2018-03-29 00:00:00-04:00,82.80511240774645,84.74255792925136,81.17068128658278,83.80596923828125,45867500
2018-04-02 00:00:00-04:00,83.07138695838356,83.4478536172263,80.35345586492824,81.28085327148438,48515400
2018-04-03 00:00:00-04:00,82.2541766678681,82.68574133243172,80.7023821094495,82.37354278564453,37213800
2018-04-04 00:00:00-04:00,80.66564434826935,85.17410895880761,80.55546240615551,84.7792739868164,35560000
2018-04-05 00:00:00-04:00,84.88027802975114,85.45875423719166,83.92532817547013,84.82518005371094,29771900
2018-04-06 00:00:00-04:00,84.0079733479135,84.89864816044994,82.1623555874764,82.85102081298828,38026000
2018-04-09 00:00:00-04:00,83.59476326826066,85.55056966512937,83.20911248670298,83.34683990478516,31533900
2018-04-10 00:00:00-04:00,84.83437575748775,85.65159129103206,84.1457105097505,85.2843017578125,26812000
2018-04-11 00:00:00-04:00,84.48544408934205,85.66076484569415,83.99878849542729,84.34770965576172,24872100
2018-04-12 00:00:00-04:00,84.87110063732773,86.45962480182462,84.87110063732773,85.92705535888672,26758900
2018-04-13 00:00:00-04:00,86.35861603434904,86.4779821431121,84.8802808933294,85.46794128417969,23346100
2018-04-16 00:00:00-04:00,86.37699039874647,86.91874406285557,85.78014575388461,86.46881103515625,20288100
2018-04-17 00:00:00-04:00,87.23093677799399,88.6449970148405,87.12074780956995,88.21343231201172,26771000
2018-04-18 00:00:00-04:00,88.35112921274066,88.81023921113947,87.70837101170476,88.55313873291016,21043300
2018-04-19 00:00:00-04:00,88.55315930915889,89.1316355195898,87.54311147361628,88.2501449584961,23552500
2018-04-20 00:00:00-04:00,88.06651033026803,88.25015158390038,86.35862005072107,87.23092651367188,31154400
2018-04-23 00:00:00-04:00,87.91041249743286,88.41543648149097,86.89118736994479,87.55230712890625,22331800
2018-04-24 00:00:00-04:00,88.36948812996673,88.58068180589726,84.85271096190671,85.50464630126953,34524800
2018-04-25 00:00:00-04:00,85.66995313632209,85.66995313632209,82.89692402559747,84.76091003417969,33729300
2018-04-26 00:00:00-04:00,85.8995245971548,87.3686758937842,85.48632119764072,86.55146026611328,42529000
2018-04-27 00:00:00-04:00,89.61831029239914,89.89377921659413,86.23008175540903,87.98387908935547,48272800
2018-04-30 00:00:00-04:00,88.45215171443708,88.51642684688662,85.53221125872449,85.8719482421875,41523600
2018-05-01 00:00:00-04:00,85.5873113734427,87.49721123526412,85.20166053753591,87.23092651367188,31408900
2018-05-02 00:00:00-04:00,87.22173975960612,87.38701968515375,85.56894750959458,85.86277770996094,27471000
2018-05-03 00:00:00-04:00,85.35777362431928,87.16666906206136,84.88947922542711,86.37699890136719,31142500
2018-05-04 00:00:00-04:00,85.68831679535346,87.570671183533,85.32102727992029,87.37784576416016,22531300
2018-05-07 00:00:00-04:00,87.38700138915934,88.80106112157203,87.32272626520708,88.35113525390625,24242000
2018-05-08 00:00:00-04:00,88.01139242426565,88.29604541005533,87.28599772735515,87.97466278076172,23484600
2018-05-09 00:00:00-04:00,88.15830789127057,89.03979828790854,87.2768174946326,89.01225280761719,27327400
2018-05-10 00:00:00-04:00,89.4897583522538,89.93968438174052,89.1132916352653,89.90296173095703,22388100
2018-05-11 00:00:00-04:00,89.80193351541132,89.86620864572372,89.10408423954556,89.7101058959961,16778300
2018-05-14 00:00:00-04:00,89.91210253732467,90.61913587468479,89.35198776555832,90.01310729980469,19454100
2018-05-15 00:00:00-04:00,89.28770100509945,89.8478157038503,88.46130169501936,89.36116027832031,24594000
2018-05-16 00:00:00-04:00,89.7854046510123,89.82229350027809,89.10297852916644,89.59174346923828,17384700
2018-05-17 00:00:00-04:00,89.23207465314258,89.95138953291682,88.37442836514381,88.69719696044922,17246700
2018-05-18 00:00:00-04:00,88.54044391988879,89.38886642245599,88.54044391988879,88.86321258544922,17865800
2018-05-21 00:00:00-04:00,89.45343321586724,90.38485753175564,89.268995961713,90.00675201416016,19422500
2018-05-22 00:00:00-04:00,90.0805165825149,90.53239271432066,89.63785738699043,89.91452026367188,15441200
2018-05-23 00:00:00-04:00,89.1859737137664,91.04882191613312,88.82631622599008,90.98426818847656,21251200
2018-05-24 00:00:00-04:00,91.0488207910246,91.24248197160114,89.27819121635746,90.66149139404297,26649300
2018-05-25 00:00:00-04:00,90.65225844992943,91.27935470117136,90.24648821800018,90.70758819580078,18363900
2018-05-29 00:00:00-04:00,90.22807015674331,91.18715927245844,89.6655344705109,90.38484954833984,28671000
2018-05-30 00:00:00-04:00,90.66148624615256,91.52835655974513,90.29261184837782,91.25169372558594,22158500
2018-05-31 00:00:00-04:00,91.56526288514259,92.21080024030006,90.93816643906268,91.1502685546875,34140900
2018-06-01 00:00:00-04:00,91.55601575052748,93.01309345307145,91.45457318669038,92.94853973388672,28655600
2018-06-04 00:00:00-04:00,93.3819876627596,93.93530633672795,93.00388223012023,93.76008605957031,27281600
2018-06-05 00:00:00-04:00,94.06442661058688,94.36875438527906,93.63099136223673,94.2396469116211,23514400
2018-06-06 00:00:00-04:00,94.50708707918005,94.6177466090165,93.97220923220485,94.51630401611328,21122900
2018-06-07 00:00:00-04:00,94.66386125999459,94.70075011592704,92.57046265976503,93.03156280517578,28232200
2018-06-08 00:00:00-04:00,93.22520142697147,94.01829404772263,92.71799561144894,93.72319030761719,22165100
2018-06-11 00:00:00-04:00,93.15144275226665,93.68631351288427,92.83789103041448,93.1883316040039,23490900
2018-06-12 00:00:00-04:00,93.23443938704428,93.55720805186631,92.91167072222225,93.4281005859375,18325200
2018-06-13 00:00:00-04:00,93.80621541254402,94.0736543431902,92.73645968995929,93.00389862060547,29492900
2018-06-14 00:00:00-04:00,93.74162721371705,94.09206066514277,93.14219583336656,93.5295181274414,25691800
2018-06-15 00:00:00-04:00,93.61253011280647,93.63097101825238,92.28455977420134,92.33988952636719,65738600
2018-06-18 00:00:00-04:00,92.22920832238356,93.24362674311135,91.6851067560657,93.01307678222656,23586000
2018-06-19 00:00:00-04:00,91.89721581584334,93.14218419745593,91.75888443214718,93.01307678222656,28653100
2018-06-20 00:00:00-04:00,93.4834266225966,94.54395110839727,93.25287659771325,93.94452667236328,26180800
2018-06-21 00:00:00-04:00,94.1381868642793,94.48862036553822,93.03154253491773,93.27131652832031,23198200
2018-06-22 00:00:00-04:00,92.59813690185547,92.9301225419172,91.87881474686995,92.59813690185547,38923100
2018-06-25 00:00:00-04:00,92.220002614729,92.32144518047141,89.73006535846244,90.73526000976562,35433300
2018-06-26 00:00:00-04:00,91.13180044044869,92.29377436868286,91.06724672420387,91.37157440185547,26897200
2018-06-27 00:00:00-04:00,91.83268206132053,92.23844529627863,89.82228568416001,89.9513931274414,31298400
2018-06-28 00:00:00-04:00,89.80387634173765,91.39928619919071,89.69321679183568,90.95662689208984,26650700
2018-06-29 00:00:00-04:00,91.23323692805849,92.13699593116786,90.6799183919511,90.9381332397461,28053200
2018-07-02 00:00:00-04:00,90.46782724248035,92.27533857099753,90.37560864082884,92.22923278808594,19564500
2018-07-03 00:00:00-04:00,92.66267194030688,92.80099633081876,91.24248289914642,91.34392547607422,14670300
2018-07-05 00:00:00-04:00,91.75890612869954,92.14622846597067,91.32547097401739,91.9986801147461,18977400
2018-07-06 00:00:00-04:00,92.11856635090348,93.5387553326261,91.91568120553906,93.28976440429688,19234600
2018-07-09 00:00:00-04:00,93.74165681950791,94.29497556234107,93.37277531234263,93.92609405517578,18212000
2018-07-10 00:00:00-04:00,94.06439755689043,94.53472151470656,93.93529012310991,94.17506408691406,19293100
2018-07-11 00:00:00-04:00,93.28053178099015,94.37794500102527,93.2344189664743,94.04595947265625,19644600
2018-07-12 00:00:00-04:00,94.77452324545287,96.28693823451651,94.73764142439549,96.08405303955078,24335900
2018-07-13 00:00:00-04:00,96.25003204460914,97.38433428735048,95.99181009289873,97.2275619506836,24635200
2018-07-16 00:00:00-04:00,97.19990010370368,97.58722248960706,96.388359444673,96.7480239868164,21786900
2018-07-17 00:00:00-04:00,96.47137019656469,98.2143281329593,96.20393127565896,97.70711517333984,25901700
2018-07-18 00:00:00-04:00,97.69790011672296,97.79934271059915,96.57281464706331,96.94169616699219,29493900
2018-07-19 00:00:00-04:00,96.76645197578351,97.11688546350729,95.80736307504533,96.2776870727539,40171600
2018-07-20 00:00:00-04:00,99.67138415833585,99.78204366258915,97.82698403861458,98.002197265625,56004000
2018-07-23 00:00:00-04:00,98.02989633916171,99.72674154226138,97.87311693831639,99.5699691772461,29707000
2018-07-24 00:00:00-04:00,100.12326367137263,100.35381369429057,98.91518380274765,99.28406524658203,26316600
2018-07-25 00:00:00-04:00,99.56071886993736,102.5025393493425,99.22872628134745,102.20743560791016,30702100
2018-07-26 00:00:00-04:00,102.12445833453233,102.3642323804107,100.98093194283759,101.09159851074219,31372100
2018-07-27 00:00:00-04:00,101.60800570703225,101.60800570703225,97.88231651712185,99.30250549316406,37005300
2018-07-30 00:00:00-04:00,98.850629833409,99.16417448660474,96.60968333475296,97.17222595214844,34668300
2018-07-31 00:00:00-04:00,98.20508660228886,98.41719572088773,97.18144392922186,97.82698822021484,27655200
2018-08-01 00:00:00-04:00,97.78090924596532,98.16823173312856,97.21836642782453,98.01145935058594,23628700
2018-08-02 00:00:00-04:00,97.19988504772797,99.6805983562788,96.68344824402236,99.20105743408203,26104300
2018-08-03 00:00:00-04:00,99.41317254456048,99.64372256712595,98.5094133603394,99.6344985961914,18659600
2018-08-06 00:00:00-04:00,99.7082894723668,99.98494531451928,99.19185256918954,99.7175064086914,20265900
2018-08-07 00:00:00-04:00,100.1140454052042,100.61203432738317,99.75438791182417,100.40914916992188,16080200
2018-08-08 00:00:00-04:00,100.8241465772773,101.21146896124074,100.29849276023295,100.97169494628906,15487500
2018-08-09 00:00:00-04:00,101.1745612686569,101.5895554906168,101.07311870567743,101.1376724243164,13677200
2018-08-10 00:00:00-04:00,100.90715887753824,101.15615690783214,99.94806968568987,100.51983642578125,18183700
2018-08-13 00:00:00-04:00,100.74114003069124,101.05469173289815,99.68983244744965,99.79127502441406,18472500
2018-08-14 00:00:00-04:00,100.11405465340142,101.211475177866,99.63451362987259,101.0362548828125,16788300
2018-08-15 00:00:00-04:00,100.43451935053326,100.89739390730415,98.88852002601575,99.66615295410156,29982800
2018-08-16 00:00:00-04:00,100.25862655722872,100.77704377346073,99.33287749229736,99.64762878417969,21384300
2018-08-17 00:00:00-04:00,99.38841325243581,99.88831856022277,98.76816311723704,99.59207916259766,18061500
2018-08-20 00:00:00-04:00,99.52725497017079,99.8882964353413,98.57373484098181,98.93477630615234,17914200
2018-08-21 00:00:00-04:00,98.98107721125476,99.37914954698577,97.99052610553863,98.11087799072266,22881900
2018-08-22 00:00:00-04:00,97.99053933876257,99.36990349926445,97.92573718525995,99.1106948852539,18000600
2018-08-23 00:00:00-04:00,99.19401679578431,100.1475372321656,98.93480817963076,99.57357025146484,18167700
2018-08-24 00:00:00-04:00,99.67538881130407,100.4993048205329,99.57355586068891,100.35118865966797,17234000
2018-08-27 00:00:00-04:00,101.15659067181767,101.4991203463239,100.45302651328696,101.46208953857422,19662300
2018-08-28 00:00:00-04:00,101.77685780101362,102.29527503427035,101.6379940241327,102.0730972290039,19151500
2018-08-29 00:00:00-04:00,102.24896703287192,103.71165204508694,102.08233194207648,103.702392578125,20818000
2018-08-30 00:00:00-04:00,103.37837993411111,104.24858617679116,103.16546163828751,103.63758850097656,22798700
2018-08-31 00:00:00-04:00,103.3969238854047,104.40598705955381,103.2395411635246,103.9894027709961,23222700
2018-09-04 00:00:00-04:00,102.61928339331338,103.64686543001508,102.0360640196063,103.4154281616211,22634600
2018-09-05 00:00:00-04:00,102.767385151496,103.14693851960499,100.0734525203691,100.43449401855469,32872400
2018-09-06 00:00:00-04:00,100.2123243209793,100.89737656967127,99.52727207228735,100.66593933105469,23477600
2018-09-07 00:00:00-04:00,100.19381190296455,100.64742691056524,99.26806295354861,100.17529296875,22498600
2018-09-10 00:00:00-04:00,100.75850236167113,101.49910427357898,100.31414686484906,101.25840759277344,20727900
2018-09-11 00:00:00-04:00,100.81408931206906,103.30434985777443,100.80482984245361,102.98033905029297,24301800
2018-09-12 00:00:00-04:00,103.15621955108462,103.54503246688934,102.30453209849192,103.4154281616211,18891100
2018-09-13 00:00:00-04:00,103.7949864405763,105.28544298202384,103.7949864405763,104.52632904052734,26055600
2018-09-14 00:00:00-04:00,104.94290422893843,105.28543389187014,104.09121686818862,104.95216369628906,19122300
2018-09-17 00:00:00-04:00,105.24839785505532,105.25765025904198,103.55427562219154,103.81348419189453,20736500
2018-09-18 00:00:00-04:00,103.85978572981045,105.25766167704629,103.4246825565088,104.80404663085938,22170900
2018-09-19 00:00:00-04:00,104.65591750148049,104.90586660046014,102.79516020764099,103.4061508178711,21728400
2018-09-20 00:00:00-04:00,103.94310432574167,105.35024686569254,103.61909356420853,105.13732147216797,23714500
2018-09-21 00:00:00-04:00,105.53537295325604,106.72958986317025,105.08175797694713,105.77606964111328,71229700
2018-09-24 00:00:00-04:00,104.63741932349926,106.36857267786026,103.88756481491805,106.15564727783203,27334500
2018-09-25 00:00:00-04:00,106.27599842284461,106.55371891227321,105.30395905258183,105.95198059082031,22668000
2018-09-26 00:00:00-04:00,105.97049892428093,106.51668749441315,105.2946989843342,105.51688385009766,19352000
2018-09-27 00:00:00-04:00,106.25745481470133,106.37780668879137,105.72051877173935,105.91493225097656,19091300
2018-09-28 00:00:00-04:00,105.71126409337838,106.0630461159021,105.2391301993546,105.87789916992188,21647800
2018-10-01 00:00:00-04:00,106.22969606685939,107.09064290573443,106.21118419483062,107.02584075927734,18883100
2018-10-02 00:00:00-04:00,106.73886987565925,107.23876815472856,105.94272511580095,106.60000610351562,20787200
2018-10-03 00:00:00-04:00,106.84996756606695,107.55353891327407,106.39635245012681,106.6185302734375,16648000
2018-10-04 00:00:00-04:00,106.10006942506918,106.23893315619965,103.34133492220036,104.41520690917969,34821700
2018-10-05 00:00:00-04:00,104.26709655913007,104.76700181505068,102.42485821700116,103.8042221069336,29068900
2018-10-08 00:00:00-04:00,103.36912409643953,103.71164666431771,101.22137989854824,102.6192626953125,29640600
2018-10-09 00:00:00-04:00,102.88772691865469,104.68368195292763,102.57297569894673,103.92456817626953,26198600
2018-10-10 00:00:00-04:00,102.98033486273057,103.22103162260312,97.93500475207948,98.27753448486328,61376300
2018-10-11 00:00:00-04:00,97.52764970287686,100.84183261290819,96.4630370061691,98.04607391357422,63904300
2018-10-12 00:00:00-04:00,100.91590135803565,102.98031769102441,99.16623629763,101.43431854248047,47742100
2018-10-15 00:00:00-04:00,100.82333175331259,101.35100842577738,99.00885741205698,99.610595703125,32068100
2018-10-16 00:00:00-04:00,101.40654032189832,103.13769339236036,100.86034477142793,102.75813293457031,31610200
2018-10-17 00:00:00-04:00,103.38766284233901,103.50800768626881,101.41581974339805,102.48968505859375,26548200
2018-10-18 00:00:00-04:00,101.92497616332756,102.32304856535004,99.82352877965879,100.44377899169922,32506200
2018-10-19 00:00:00-04:00,100.84182989846819,102.6285255923383,100.17528954758761,100.59188079833984,32785500
2018-10-22 00:00:00-04:00,101.20287299639004,102.3322878238592,100.2030624544104,101.48985290527344,26545600
2018-10-23 00:00:00-04:00,99.76796458109479,100.8788675961086,97.30547596418695,100.0734634399414,43770400
2018-10-24 00:00:00-04:00,100.36046437130689,100.43451893227386,94.04684866285604,94.72264862060547,63897800
2018-10-25 00:00:00-04:00,98.63856043850126,101.1565918281231,98.26825941967601,100.25862121582031,61646800
2018-10-26 00:00:00-04:00,97.84239898279905,100.67518822585262,96.98145226304115,99.01809692382812,55523100
2018-10-29 00:00:00-04:00,100.08271515874553,100.62890362508948,94.08385911824708,96.13902282714844,55162000
2018-10-30 00:00:00-04:00,95.96313670071177,96.62966999210155,92.67672520053253,96.02793884277344,65350900
2018-10-31 00:00:00-04:00,97.61097794835354,100.11049745208217,97.56468767265675,98.8792495727539,51062400
2018-11-01 00:00:00-04:00,99.10142921655735,99.35137832864301,97.69428683895909,98.05532836914062,33384200
2018-11-02 00:00:00-04:00,98.57377393435812,99.35139984069245,97.18515019055627,98.27753448486328,37680200
2018-11-05 00:00:00-05:00,98.47194445592449,99.74021633334446,98.03684120402782,99.52729797363281,27922100
2018-11-06 00:00:00-05:00,99.40693657716623,100.75852942597564,98.38861397194327,99.72169494628906,24340200
2018-11-07 00:00:00-05:00,101.31395890464285,103.90605151087594,101.2769281021805,103.64684295654297,37901700
2018-11-08 00:00:00-05:00,103.49874388972418,103.87829731751893,102.67482782195279,103.45245361328125,25644100
2018-11-09 00:00:00-05:00,102.61927614287114,103.17472413519121,100.6844641059936,101.43431854248047,32039200
2018-11-12 00:00:00-05:00,101.2954314966594,101.79533669371925,98.22194577847519,98.93477630615234,33621800
2018-11-13 00:00:00-05:00,99.56431074335167,100.66594728341845,98.72187573804308,98.99960327148438,35374600
2018-11-14 00:00:00-05:00,100.50578200681532,100.65454512810349,97.1307984935204,97.59567260742188,39495100
2018-11-15 00:00:00-05:00,97.61428349486621,100.22688134821838,96.61016060393656,99.743408203125,38505200
2018-11-16 00:00:00-05:00,99.55746223638481,101.23100513163368,99.29713381446281,100.68245697021484,33502100
2018-11-19 00:00:00-05:00,100.66387066412342,100.93349859021787,96.27546354172044,97.27029418945312,44773900
2018-11-20 00:00:00-05:00,94.64836302760368,95.73616664367691,92.37047583966762,94.56468200683594,64052500
2018-11-21 00:00:00-05:00,96.32191528410425,97.09360801802328,95.0574571228492,95.86634063720703,28130600
2018-11-23 00:00:00-05:00,94.99236497174537,96.51715134119718,94.83430949167891,95.82913970947266,13823100
2018-11-26 00:00:00-05:00,97.42834062346478,99.13907436129962,97.23309430078261,98.99031829833984,32336200
2018-11-27 00:00:00-05:00,98.80434430574573,99.78988228323944,97.95827707912099,99.61322784423828,29124500
2018-11-28 00:00:00-05:00,100.31053915106988,103.50887543367779,100.28264783823118,103.31362915039062,46788500
2018-11-29 00:00:00-05:00,102.57913117391392,103.3136331787764,101.37045555205583,102.44896697998047,28123200
2018-11-30 00:00:00-05:00,102.92314564293937,103.17418168471728,101.67728618451315,103.09980010986328,33665600
2018-12-03 00:00:00-05:00,105.06156667705791,105.45205929326048,102.95104098084359,104.21549224853516,34732800
2018-12-04 00:00:00-05:00,104.0760307016921,104.72685169764911,100.6080662973065,100.89628601074219,45197000
2018-12-06 00:00:00-05:00,98.38596414186266,101.5657016034528,97.62357082487175,101.51921844482422,49107400
2018-12-07 00:00:00-05:00,100.76614019349157,101.76097080788568,96.97277169255119,97.45623779296875,45044900
2018-12-10 00:00:00-05:00,97.43763212720842,100.39423223099945,96.59155770467967,100.03162384033203,40801500
2018-12-11 00:00:00-05:00,102.08637414853797,103.15557910229101,99.89216742173524,100.96137237548828,42381900
2018-12-12 00:00:00-05:00,103.09977305465799,103.45307480237577,101.37974037467627,101.41693115234375,36183000
2018-12-13 00:00:00-05:00,101.88183527635775,103.08121160950233,100.99857000647945,101.7609634399414,31333400
2018-12-14 00:00:00-05:00,100.64525734510019,101.58430515036594,98.08844942178357,98.58121490478516,47043100
2018-12-17 00:00:00-05:00,98.00476612466221,98.36736737353206,94.5646933545878,95.66179656982422,56957300
2018-12-18 00:00:00-05:00,96.46139355435413,97.1680043029332,95.31779993617246,96.66593933105469,49319200
2018-12-19 00:00:00-05:00,96.36840309257333,99.37148582944195,94.22997937870001,96.40559387207031,68198200
2018-12-20 00:00:00-05:00,95.81056692176158,96.98204469413606,91.84053763513121,94.37875366210938,70334200
2018-12-21 00:00:00-05:00,94.49031637493374,95.7640740887736,90.61326769919656,91.32917785644531,111242100
2018-12-24 00:00:00-05:00,90.81779772861478,91.08742553784074,87.37773248094764,87.5171890258789,43935200
2018-12-26 00:00:00-05:00,88.4562494970154,93.61635521285486,87.35914625893676,93.4954833984375,51634800
2018-12-27 00:00:00-05:00,92.32402071871324,94.08124466076396,89.62774888859063,94.07194519042969,49498500
2018-12-28 00:00:00-05:00,94.91800216091694,95.21552843167096,92.52854927290323,93.33743286132812,38196300
2018-12-31 00:00:00-05:00,94.17418856631471,95.2062095540048,93.38390407762449,94.43451690673828,33173800
2019-01-02 00:00:00-05:00,92.55644686887081,94.60189030844347,91.98929983370067,94.01615142822266,35329300
2019-01-03 00:00:00-05:00,93.06781294702756,93.15149399117813,90.37154118208474,90.5574951171875,42579100
2019-01-04 00:00:00-05:00,92.71449104596486,95.30848935858411,91.97998912145268,94.76923370361328,44060600
2019-01-07 00:00:00-05:00,94.49962122804631,96.01510847692208,93.88599100886,94.8901138305664,35656100
2019-01-08 00:00:00-05:00,95.80127789307129,96.66594420600957,94.56471079405098,95.57814025878906,31514400
2019-01-09 00:00:00-05:00,96.56366921101207,97.51200945613614,95.9872226504591,96.94486236572266,32280800
2019-01-10 00:00:00-05:00,95.9686052996386,96.46137068481697,95.18761316407223,96.32190704345703,30067600
2019-01-11 00:00:00-05:00,95.94074157452923,96.17317867915331,94.49962868849293,95.57814025878906,28314200
2019-01-14 00:00:00-05:00,94.7413499397321,95.6432068947515,94.14631161561098,94.88081359863281,28437100
2019-01-15 00:00:00-05:00,95.30850272406684,97.6700643193437,94.72275673988557,97.63287353515625,31587600
2019-01-16 00:00:00-05:00,97.86531004667955,98.79505836570408,97.58638271360549,97.97687530517578,29853900
2019-01-17 00:00:00-05:00,97.6235583360012,99.13904530701616,97.40042076024672,98.66487884521484,28393000
2019-01-18 00:00:00-05:00,99.91077423677292,100.31986585189952,98.46966829939026,100.1432113647461,37427600
2019-01-22 00:00:00-05:00,99.25064412722521,99.57605465649982,97.4934201757248,98.25581359863281,32371300
2019-01-23 00:00:00-05:00,98.6649070253307,99.52027388787432,97.93969728352094,99.21345520019531,25874300
2019-01-24 00:00:00-05:00,99.35291039420565,99.48307459723334,97.93968891359495,98.73927307128906,23164800
2019-01-25 00:00:00-05:00,99.70620300614567,100.30124133456077,98.73926394911703,99.64112091064453,31225600
2019-01-28 00:00:00-05:00,98.7950478242376,98.99959356754458,97.30745209120867,97.69794464111328,29476700
2019-01-29 00:00:00-05:00,97.51200471082214,97.59568575117054,94.99238752535535,95.70829772949219,31490500
2019-01-30 00:00:00-05:00,97.27027940570382,98.90663146972656,97.00065152058912,98.90663146972656,49471900
2019-01-31 00:00:00-05:00,96.50789656120945,97.8281377209072,95.93144994102035,97.09363555908203,55636400
2019-02-01 00:00:00-05:00,96.48928049497349,96.78679967665957,95.15974010012883,95.55953216552734,35535700
2019-02-04 00:00:00-05:00,95.64321878073363,98.36738182859409,95.55023826763384,98.31159210205078,31315100
2019-02-05 00:00:00-05:00,98.60909545495056,99.73408996718642,98.51612205020851,99.68760681152344,27325400
2019-02-06 00:00:00-05:00,99.48307192541081,99.48307192541081,98.11634073690941,98.58121490478516,20609800
2019-02-07 00:00:00-05:00,97.8002135491201,98.17210714724324,96.96343876651164,97.87458801269531,29760700
2019-02-08 00:00:00-05:00,97.0564214558101,98.34877098520779,96.93555673419306,98.24649810791016,21461100
2019-02-11 00:00:00-05:00,98.73927619970999,99.0925851277653,97.59568965210272,97.85601806640625,18914100
2019-02-12 00:00:00-05:00,98.683471941225,99.61322012766458,98.06984182675104,99.38078308105469,25056600
2019-02-13 00:00:00-05:00,99.94793264903785,100.20826101308414,99.21343071138385,99.30640411376953,18394900
2019-02-14 00:00:00-05:00,98.84152819019654,99.75268454101342,98.2371975390985,99.39008331298828,21784700
2019-02-15 00:00:00-05:00,100.32915087817263,100.69175217813137,99.81778643288865,100.61737060546875,26606900
2019-02-19 00:00:00-05:00,100.21757525667516,101.0264588728598,100.20827578704078,100.57087707519531,18038500
2019-02-20 00:00:00-05:00,100.71093618428742,100.78563541714837,99.24499757701822,100.0479965209961,21607700
2019-02-21 00:00:00-05:00,99.81458125926522,102.22357844110829,99.78657082380155,102.15821838378906,29063200
2019-02-22 00:00:00-05:00,102.75579485378032,103.82956617257503,102.54103631579433,103.61481475830078,27763200
2019-02-25 00:00:00-05:00,104.35244034620297,104.74460062745418,103.885580833177,104.1937026977539,23750600
2019-02-26 00:00:00-05:00,103.88556930150195,105.7343287785877,103.8015308941562,104.91265869140625,21536700
2019-02-27 00:00:00-05:00,104.28708646941689,104.91267654419379,103.53076916944435,104.73526763916016,21487100
2019-02-28 00:00:00-05:00,104.61387714846452,105.39819768558682,104.32442653934233,104.60453796386719,29083900
2019-03-01 00:00:00-05:00,105.40754293114438,105.52892384304685,104.26840455092834,105.07140350341797,23501200
2019-03-04 00:00:00-05:00,105.52891910725002,105.74367761343628,103.45606889424135,104.81929779052734,26608000
2019-03-05 00:00:00-05:00,104.8099502402269,104.94067032096378,103.85756006289961,104.29640197753906,19538300
2019-03-06 00:00:00-05:00,104.45515034949226,105.1927892373233,104.04431169710259,104.34310150146484,17687000
2019-03-07 00:00:00-05:00,104.01630039361625,104.15635967154809,102.58771143087516,103.0732421875,25339000
2019-03-08 00:00:00-05:00,101.92475319271139,103.37201313750973,101.58861383646067,103.18527221679688,22818400
2019-03-11 00:00:00-04:00,103.63347005532513,105.46355844471744,103.62413799437518,105.35151672363281,26491600
2019-03-12 00:00:00-04:00,105.34218661829166,106.43463623528764,105.18345608393388,106.08916473388672,26132700
2019-03-13 00:00:00-04:00,106.56535664001859,107.37769480876005,106.23855638490811,106.91083526611328,35513800
2019-03-14 00:00:00-04:00,106.94817611187712,107.56442695329264,106.75209597489443,106.99485778808594,30763400
2019-03-15 00:00:00-04:00,107.69516733002997,109.4785743919588,106.99487794159528,108.2273941040039,54681100
2019-03-18 00:00:00-04:00,108.47013571090957,109.81469336525524,108.35809398885458,109.77734375,31207600
2019-03-19 00:00:00-04:00,110.26285169910021,110.58965898407376,109.23576242496553,109.85202026367188,37588700
2019-03-20 00:00:00-04:00,109.60928619400558,110.87914475861164,108.97435691170254,109.73066711425781,28113300
2019-03-21 00:00:00-04:00,109.37584507314901,112.81193134039562,109.32915627281827,112.25170135498047,29854400
2019-03-22 00:00:00-04:00,111.57941772566744,111.66344901419697,109.28246989762448,109.29180908203125,33624500
2019-03-25 00:00:00-04:00,108.83428492645136,110.18818175771925,108.61019435992486,109.86138153076172,27067100
2019-03-26 00:00:00-04:00,110.7577501196485,110.84178141009679,109.10506350372624,110.09481048583984,26097700
2019-03-27 00:00:00-04:00,110.06678595291488,110.3749149124421,107.8632086872157,109.03035736083984,22733400
2019-03-28 00:00:00-04:00,109.65595481957276,109.78667490154581,108.43277816152457,109.17975616455078,18334800
2019-03-29 00:00:00-04:00,110.24421417076793,110.47764394644278,109.20778539687471,110.12283325195312,25399800
2019-04-01 00:00:00-04:00,111.06586554480268,111.21526399523096,110.27220586710551,111.1312255859375,22789100
2019-04-02 00:00:00-04:00,111.16857474714706,111.5607421160738,110.66436566456426,111.28996276855469,18142300
2019-04-03 00:00:00-04:00,111.91555511501143,112.44777463726071,111.25261550825955,112.01826477050781,22860700
2019-04-04 00:00:00-04:00,112.13966536707812,112.2610534123729,110.53366733401256,111.44871520996094,20112800
2019-04-05 00:00:00-04:00,111.47672108453817,112.26104882094548,111.458049837255,111.9435806274414,15826200
2019-04-08 00:00:00-04:00,111.86887766257335,112.06495780921249,110.77642807827912,111.98092651367188,15116200
2019-04-09 00:00:00-04:00,110.76708177801224,111.6167694825802,110.72040010250305,111.3740005493164,17612000
2019-04-10 00:00:00-04:00,111.82217156867229,112.37306227127469,111.61675228169868,112.22367095947266,16477200
2019-04-11 00:00:00-04:00,112.55048839806614,112.83993900663536,111.9715800572171,112.35440826416016,14209100
2019-04-12 00:00:00-04:00,112.64387606843596,112.96134427920695,112.39177503598953,112.9333267211914,19745100
2019-04-15 00:00:00-04:00,112.92396271741158,113.52154222590251,112.57848417005823,113.02667236328125,15792600
2019-04-16 00:00:00-04:00,113.57757396231553,113.58691314657396,112.1396459060595,112.7652359008789,14071800
2019-04-17 00:00:00-04:00,113.20408942101066,113.77365858018123,112.55048897132835,113.69895935058594,19300900
2019-04-18 00:00:00-04:00,114.09115082223256,115.3329919387107,113.2601413078104,115.19293975830078,27991000
2019-04-22 00:00:00-04:00,114.49261364031283,115.78114315280038,114.4459248460092,115.55705261230469,15648700
2019-04-23 00:00:00-04:00,115.87454505690502,117.25645253294044,115.62244402091076,117.125732421875,24025500
2019-04-24 00:00:00-04:00,117.45251999409145,117.50854085742748,116.26669281293124,116.7242202758789,31257000
2019-04-25 00:00:00-04:00,121.43950869598945,122.66267848604654,120.29103814659383,120.5898208618164,38033900
2019-04-26 00:00:00-04:00,121.1033604453802,121.869016921011,120.46843831698403,121.28076934814453,23654900
2019-04-29 00:00:00-04:00,121.29009784726212,121.55153803920774,120.77656377214015,121.1687240600586,16324200
2019-04-30 00:00:00-04:00,121.20607948555262,122.03708895163885,120.8139191557907,121.9437255859375,24166500
2019-05-01 00:00:00-04:00,121.87834086351423,121.9903825851974,119.23591436358876,119.40398406982422,26821700
2019-05-02 00:00:00-04:00,119.49736749868595,119.51603874530704,117.20041236018386,117.84468078613281,27350200
2019-05-03 00:00:00-04:00,118.91844807977836,120.85123893074154,118.81573842362141,120.35636901855469,24911100
2019-05-06 00:00:00-04:00,118.01273434521478,120.03890270250588,117.75129418604304,119.65607452392578,24239800
2019-05-07 00:00:00-04:00,118.07807635290342,118.75035501594199,115.98654827522375,117.20037841796875,36017700
2019-05-08 00:00:00-04:00,117.12569526305471,117.99405408176126,116.48142697455032,117.19105529785156,28419000
2019-05-09 00:00:00-04:00,116.0519330649696,117.45251153721344,115.37965425849887,117.18173217773438,27235800
2019-05-10 00:00:00-04:00,116.63085444706323,119.45068295223957,115.61309693903331,118.70370483398438,30915100
2019-05-13 00:00:00-04:00,115.8838225063205,117.22837964521291,114.88474383331237,115.1741943359375,33944900
2019-05-14 00:00:00-04:00,115.65978483594736,117.53655505494612,115.50104717855764,116.46278381347656,25266300
2019-05-15 00:00:00-04:00,116.4534131109468,118.74948990017307,115.92859004334717,118.10283660888672,24722700
2019-05-16 00:00:00-04:00,118.78697408775089,121.25174980266455,118.51519238172982,120.83000946044922,30112200
2019-05-17 00:00:00-04:00,120.24896841574427,122.26390402423397,119.88347059655385,120.02405548095703,25770500
2019-05-20 00:00:00-04:00,118.57141624532015,119.57419353399882,117.85916816276269,118.29026794433594,23706900
2019-05-21 00:00:00-04:00,119.42426071360885,119.51797682296929,118.62766305892389,118.92755889892578,15293300
2019-05-22 00:00:00-04:00,118.66514013798412,120.18336671180455,118.57141688706866,119.649169921875,15396500
2019-05-23 00:00:00-04:00,118.27152508977515,118.35587458844678,116.90324995090113,118.2527847290039,23603800
2019-05-24 00:00:00-04:00,118.93691094115987,119.4148651566646,118.05596394382408,118.30899810791016,14123400
2019-05-28 00:00:00-04:00,119.00253812477665,119.95845390832294,118.13096469709575,118.23405456542969,23128400
2019-05-29 00:00:00-04:00,117.50305056133807,117.51242431747906,116.24723894152343,117.0906982421875,22763100
2019-05-30 00:00:00-04:00,117.39056594672913,117.8591535403133,116.94071871085346,117.83103942871094,16829600
2019-05-31 00:00:00-04:00,116.42530039231634,116.79079821784713,115.57246736602409,115.90985107421875,26646800
2019-06-03 00:00:00-04:00,116.06914788291841,116.55648299429211,111.53322331596902,112.31107330322266,37983600
2019-06-04 00:00:00-04:00,113.66062920402771,115.53497996834237,113.07021128729767,115.42252349853516,29382600
2019-06-05 00:00:00-04:00,117.10006287475238,117.96226967316758,116.40655508370786,117.9247817993164,24926100
2019-06-06 00:00:00-04:00,118.49644223059795,119.9303192352101,117.70921129370355,119.78974151611328,21459000
2019-06-07 00:00:00-04:00,121.07367938985425,123.94143352207473,120.20209892408829,123.14482879638672,33885600
2019-06-10 00:00:00-04:00,124.08200844920516,125.65647044574472,123.70714403582754,124.26945495605469,26477100
2019-06-11 00:00:00-04:00,125.4690128980389,125.80639652200156,123.03235180273548,123.80084228515625,23913700
2019-06-12 00:00:00-04:00,123.14481511711242,123.67901184326765,122.49817624357101,123.22917175292969,17092500
2019-06-13 00:00:00-04:00,123.68836863327692,124.6442912620374,123.29475679794201,124.00701904296875,17200800
2019-06-14 00:00:00-04:00,123.95081774134687,125.38469501122161,123.3697735483724,124.1288833618164,17821700
2019-06-17 00:00:00-04:00,124.29755108635382,125.328435224055,124.20382784649068,124.50373077392578,14517800
2019-06-18 00:00:00-04:00,125.75957121087691,126.74360825653412,125.17852702970266,126.66863250732422,25934500
2019-06-19 00:00:00-04:00,126.51865291062886,127.39021898882586,125.40341212657643,127.1653060913086,23744400
2019-06-20 00:00:00-04:00,128.8147638765865,129.0115770148908,127.19345433785757,128.34617614746094,33042600
2019-06-21 00:00:00-04:00,127.99940089605285,129.0771467432538,127.8869444389981,128.36489868164062,36727900
2019-06-24 00:00:00-04:00,128.39301260860177,129.70505227285932,128.39301260860177,129.12400817871094,20628800
2019-06-25 00:00:00-04:00,128.6273190090009,128.94595520146538,124.39128234979594,125.04730224609375,33327400
2019-06-26 00:00:00-04:00,125.90948000672894,127.21215281960146,125.20659868395262,125.51585388183594,23657700
2019-06-27 00:00:00-04:00,125.71269455225575,126.24689133895703,125.12226953540915,125.72206115722656,16557500
2019-06-28 00:00:00-04:00,126.11566851012736,126.14378262099605,124.79424809866657,125.54399108886719,30043000
2019-07-01 00:00:00-04:00,128.04628053106447,128.11187537351978,126.49056592223192,127.15595245361328,22613500
2019-07-02 00:00:00-04:00,127.56832838953423,128.00880203203266,126.83733262116739,127.99943542480469,15237800
2019-07-03 00:00:00-04:00,128.20563360379418,129.0865810153524,127.727664863389,128.8241729736328,13629300
2019-07-05 00:00:00-04:00,127.39958719907978,128.70226003465305,127.19340753012654,128.44921875,18141100
2019-07-08 00:00:00-04:00,127.83073002069405,128.4867642982037,126.8654404182776,128.35556030273438,16779700
2019-07-09 00:00:00-04:00,127.4558407020966,128.36490188641113,127.2684085022726,127.88694763183594,19953100
2019-07-10 00:00:00-04:00,128.51488396908354,129.87378561659764,128.41179408960792,129.1896514892578,24204400
2019-07-11 00:00:00-04:00,129.51761541929264,130.4735381689589,129.2083458738077,129.70504760742188,22327900
2019-07-12 00:00:00-04:00,130.1267671874992,130.38917506913216,129.33952924244326,130.17361450195312,18936800
2019-07-15 00:00:00-04:00,130.6796970595003,130.7734059885652,129.76126947378492,130.17361450195312,16651500
2019-07-16 00:00:00-04:00,130.22985019893315,130.31419252072135,127.94314080718947,128.46795654296875,22726100
2019-07-17 00:00:00-04:00,129.04905445879447,129.2646008046643,127.662038819907,127.70890045166016,20211000
2019-07-18 00:00:00-04:00,127.03413398763821,128.03690427421358,126.20941502285669,127.84947204589844,30381800
2019-07-19 00:00:00-04:00,131.41073283770953,131.83245889838872,127.8775776534815,128.03689575195312,48992400
2019-07-22 00:00:00-04:00,128.77726104842654,130.4454319337942,128.70228530861493,129.73316955566406,25074900
2019-07-23 00:00:00-04:00,130.97961232068786,131.19517293175588,129.3583030861742,130.5391387939453,18034600
2019-07-24 00:00:00-04:00,130.1736220895351,131.8980352266951,130.12677477235053,131.87928771972656,20738300
2019-07-25 00:00:00-04:00,131.60751178192618,131.77621076081525,130.56726099610725,131.38259887695312,18356900
2019-07-26 00:00:00-04:00,131.55129645220575,132.77899384607088,131.48570161521116,132.46035766601562,19037600
2019-07-29 00:00:00-04:00,132.6103344729188,132.6197010799464,130.61414606345792,132.16986083984375,16605900
2019-07-30 00:00:00-04:00,131.335718674115,132.347869503776,131.0170825703765,131.53253173828125,16846500
2019-07-31 00:00:00-04:00,131.5138304273556,131.6637819289008,126.59365939668136,127.70890045166016,38598800
2019-08-01 00:00:00-04:00,128.39304037400944,132.08551404213475,128.32743122652846,129.38644409179688,40557500
2019-08-02 00:00:00-04:00,129.41455750603876,129.630118160732,126.76234920406252,128.29931640625,30791600
2019-08-05 00:00:00-04:00,124.92547120419214,125.51588192312003,122.56378542799958,123.9039535522461,42749600
2019-08-06 00:00:00-04:00,125.39406392962694,127.1559438528332,124.8411339085186,126.2281494140625,32696700
2019-08-07 00:00:00-04:00,125.38470834837975,127.1278554128838,123.54785231061389,126.7811050415039,33414500
2019-08-08 00:00:00-04:00,128.0181359828158,130.25798410281516,127.3902160247668,130.1642608642578,27496500
2019-08-09 00:00:00-04:00,129.90184729536685,130.62347616036615,127.88692645562026,129.0583953857422,23466700
2019-08-12 00:00:00-04:00,128.45864619781986,129.19900851356664,126.7436134029301,127.25904846191406,20484300
2019-08-13 00:00:00-04:00,127.50267200854474,130.07990346873152,126.51863531826024,129.89247131347656,25154600
2019-08-14 00:00:00-04:00,128.21879804736187,128.74536165509843,125.68939882297235,125.98088836669922,32527300
2019-08-15 00:00:00-04:00,126.36638512179515,126.54504366628409,124.35415215609167,125.69876861572266,28074400
2019-08-16 00:00:00-04:00,126.82714752913726,128.31281714708828,126.67669670377454,128.0025177001953,24449100
2019-08-19 00:00:00-04:00,129.6198140798624,130.2780184343801,128.7171235738247,130.14637756347656,24355700
2019-08-20 00:00:00-04:00,129.95834106503386,130.42848915399998,129.04625262461713,129.06504821777344,21170800
2019-08-21 00:00:00-04:00,130.27803073996265,131.16191139142256,129.76086500264245,130.50369262695312,14970300
2019-08-22 00:00:00-04:00,130.38143533542126,130.889188817738,128.1529242549466,129.55397033691406,18697000
2019-08-23 00:00:00-04:00,128.99922989022528,130.08997685734383,124.87133040480121,125.42610168457031,38508600
2019-08-26 00:00:00-04:00,126.9305395788106,127.46650074242648,125.90560621720168,127.36306762695312,20312600
2019-08-27 00:00:00-04:00,128.24698230868236,128.55728173810164,126.62027410092034,127.63579559326172,23102100
2019-08-28 00:00:00-04:00,126.82713542111259,127.6545861860511,125.57653995676593,127.4665298461914,17393300
2019-08-29 00:00:00-04:00,129.0556499225792,130.17460466564032,128.73595266678487,129.8737030029297,20168700
2019-08-30 00:00:00-04:00,130.84215618977962,130.87036391625057,128.13411401414186,129.62918090820312,23940100
2019-09-03 00:00:00-04:00,128.45382988577265,129.00860105100233,127.59815713058806,127.91785430908203,18869300
2019-09-04 00:00:00-04:00,129.10264919338846,129.4693640751677,128.33159955346446,129.41294860839844,17995900
2019-09-05 00:00:00-04:00,130.80461105642132,131.9987913034947,130.47550163195965,131.68849182128906,26101800
2019-09-06 00:00:00-04:00,131.66966504122553,131.81070372065489,129.9489214132864,130.79519653320312,20824500
2019-09-09 00:00:00-04:00,131.255914526564,131.40636532926285,128.3127978180758,129.30950927734375,25773900
2019-09-10 00:00:00-04:00,128.63251209597647,128.7171353033161,126.47922594624515,127.95549774169922,28903400
2019-09-11 00:00:00-04:00,127.7956107891408,128.13411786474003,127.02456131502971,127.9930648803711,24726100
2019-09-12 00:00:00-04:00,129.6198086774933,130.15576993391286,128.69830827179652,129.30950927734375,27010000
2019-09-13 00:00:00-04:00,129.55398810746613,129.81726985259985,128.41623792623386,129.1214599609375,23363100
2019-09-16 00:00:00-04:00,127.72041897400321,128.53847197683487,127.56057036125333,128.19056701660156,16731400
2019-09-17 00:00:00-04:00,128.78299634488965,129.30956001315957,128.2846260719372,129.18731689453125,17814200
2019-09-18 00:00:00-04:00,129.15903973729058,130.39082501666115,128.37859245276184,130.24978637695312,23982100
2019-09-19 00:00:00-04:00,131.9235509645385,133.86995650837275,131.7072868702859,132.6475830078125,35772100
2019-09-20 00:00:00-04:00,132.59109446777626,133.1928831553723,129.99588344272593,131.11483764648438,39167300
2019-09-23 00:00:00-04:00,130.91737158604118,131.2934984899106,130.17454426603237,130.83274841308594,17139300
2019-09-24 00:00:00-04:00,131.9799342340566,132.29023360546103,128.70770849126524,129.1778564453125,29773200
2019-09-25 00:00:00-04:00,129.29070637265758,131.603840959693,127.90847003670576,131.03965759277344,21382000
2019-09-26 00:00:00-04:00,131.1148718343039,131.81068166677636,130.17457586801976,131.20889282226562,17456600
2019-09-27 00:00:00-04:00,131.78251908037774,131.97998761396647,128.49148207097198,129.5070037841797,22477700
2019-09-30 00:00:00-04:00,129.80788392497303,130.9080286779575,129.55399995189035,130.7293701171875,17280900
2019-10-01 00:00:00-04:00,131.32176186546792,131.8765331425289,128.82057069894088,128.8863983154297,21466600
2019-10-02 00:00:00-04:00,128.11535765458632,128.2281886076526,125.6047685143917,126.61087799072266,30521700
2019-10-03 00:00:00-04:00,126.8929440104205,128.5854797023842,125.26623592626193,128.14353942871094,24132900
2019-10-04 00:00:00-04:00,128.58550183542954,129.9959460968785,128.27520237617705,129.8737030029297,22897700
2019-10-07 00:00:00-04:00,128.95220532493747,129.93010694639597,128.83937438532524,128.9333953857422,15303700
2019-10-08 00:00:00-04:00,128.89572844195683,129.53512259215563,127.52289049039338,127.56990814208984,25550500
2019-10-09 00:00:00-04:00,129.25309674419262,130.41905462210212,128.79234653089637,129.9865264892578,19749900
2019-10-10 00:00:00-04:00,130.22161532389006,131.33115786281488,129.9959390890229,130.79519653320312,17654600
2019-10-11 00:00:00-04:00,131.75429351967023,132.60996646985308,131.17131449100006,131.34056091308594,25446000
2019-10-14 00:00:00-04:00,131.3499636331216,131.91413268071037,131.1901150189158,131.21832275390625,13304300
2019-10-15 00:00:00-04:00,131.69789550097582,133.324604058123,131.4628214295125,133.1177520751953,19695700
2019-10-16 00:00:00-04:00,132.3842649969557,132.57233567158409,131.19949722479822,132.02696228027344,20751600
2019-10-17 00:00:00-04:00,132.53472821026696,132.97666851103372,130.71996368191864,131.34996032714844,21460600
2019-10-18 00:00:00-04:00,131.41574130060494,131.64141746717655,128.40679748519608,129.2060546875,32273500
2019-10-21 00:00:00-04:00,130.18400159112943,130.231019269086,128.82997281355318,130.16519165039062,20078200
2019-10-22 00:00:00-04:00,130.67297118276886,131.65087297103523,128.1247620288819,128.2281951904297,27431000
2019-10-23 00:00:00-04:00,128.7076965438783,129.2436577008972,127.51351683407137,129.04620361328125,29844600
2019-10-24 00:00:00-04:00,131.06784111435604,132.03634471536037,130.3908269382281,131.5850067138672,37029300
2019-10-25 00:00:00-04:00,131.02086970885873,132.71340574673843,130.8892288141226,132.327880859375,25959700
2019-10-28 00:00:00-04:00,135.77870713406304,136.97288681175124,134.9418444499607,135.5812530517578,35280100
2019-10-29 00:00:00-04:00,135.47786032917864,135.87278295929912,134.13322947987797,134.302490234375,20589500
2019-10-30 00:00:00-04:00,134.95130744674947,136.34294173117877,134.26488092694217,135.97622680664062,18496600
2019-10-31 00:00:00-04:00,136.24889352499255,136.27710125900543,134.45293895246255,134.81024169921875,24605100
2019-11-01 00:00:00-04:00,135.6470967924306,135.7975475970039,134.4341212565321,135.13934326171875,33128400
2019-11-04 00:00:00-05:00,136.18305097980556,136.34289955410134,135.55305447601285,135.91976928710938,16912000
2019-11-05 00:00:00-05:00,136.31475100921435,136.3617686921327,135.318039261588,135.835205078125,18250200
2019-11-06 00:00:00-05:00,135.75051959568236,135.8915725946518,134.65037507305217,135.4590301513672,16575800
2019-11-07 00:00:00-05:00,135.2521569170413,136.2300726740913,135.18634366580756,135.64707946777344,17786700
2019-11-08 00:00:00-05:00,135.3838241780317,137.2738284618244,135.1769578947531,137.24562072753906,16732700
2019-11-11 00:00:00-05:00,136.66265608899357,137.67817777973158,136.08907479184847,137.38668823242188,14362600
2019-11-12 00:00:00-05:00,137.5464649429526,138.75945452854808,137.33959872444444,138.289306640625,18641600
2019-11-13 00:00:00-05:00,137.9790381385209,138.6560523962027,137.54649567197717,138.51499938964844,16919200
2019-11-14 00:00:00-05:00,138.24231337732473,139.54932416248266,138.22350344111155,139.22021484375,19729800
2019-11-15 00:00:00-05:00,140.03834948397602,141.03507581633613,139.41776470438265,141.01626586914062,23485700
2019-11-18 00:00:00-05:00,141.11026608336545,141.56160426905356,140.08533225958595,141.3641357421875,21534000
2019-11-19 00:00:00-05:00,141.87188307617376,142.29501346031734,141.232474254182,141.4111328125,23935700
2019-11-20 00:00:00-05:00,141.81683157521755,142.31688312760556,140.0713732271126,141.1658172607422,25696800
2019-11-21 00:00:00-05:00,140.95824054627357,141.33564743404634,140.10910024283606,141.03372192382812,18576100
2019-11-22 00:00:00-05:00,141.59040048900815,141.8074004595796,140.41103091498735,141.13751220703125,15901800
2019-11-25 00:00:00-05:00,141.52436447187162,142.7980895107596,141.44888308322763,142.6848602294922,22420900
2019-11-26 00:00:00-05:00,142.8075110918125,143.80761423990813,142.76977759795693,143.4396514892578,24620100
2019-11-27 00:00:00-05:00,143.72268660917013,143.88307913372716,142.9584574759159,143.7132568359375,15184400
2019-11-29 00:00:00-05:00,143.5057342251832,143.69443052859265,142.7320606656177,142.826416015625,11977300
2019-12-02 00:00:00-05:00,143.23204122740458,143.25091516735534,139.9392513375931,141.09974670410156,27418400
2019-12-03 00:00:00-05:00,139.1561369330339,140.98650585281214,138.36358988293352,140.873291015625,24066000
2019-12-04 00:00:00-05:00,141.65640458391803,141.69413806696122,140.76951656812594,141.38279724121094,17574700
2019-12-05 00:00:00-05:00,141.5715117276472,141.82625956002167,141.03371234781216,141.45828247070312,17869100
2019-12-06 00:00:00-05:00,142.45840932459984,143.28867568329738,141.7790913241923,143.1754608154297,16403500
2019-12-09 00:00:00-05:00,142.53388772668518,143.60947213877773,142.38292497494575,142.8074951171875,16687400
2019-12-10 00:00:00-05:00,142.74143296312153,143.30753604199774,142.24138148197392,142.59048461914062,16476100
2019-12-11 00:00:00-05:00,142.9773483728008,143.28870371695263,141.8357265075143,143.12831115722656,18856600
2019-12-12 00:00:00-05:00,143.08108429181198,144.76994926910868,142.48669192698674,144.5812530517578,24612100
2019-12-13 00:00:00-05:00,144.3548081725415,146.13801405057367,144.19441566883052,145.79835510253906,23845400
2019-12-16 00:00:00-05:00,146.34560064764008,147.0909558246872,146.07199326271393,146.7418670654297,24144200
2019-12-17 00:00:00-05:00,146.66636164642796,146.91167967193718,145.7228662168638,145.94931030273438,25425600
2019-12-18 00:00:00-05:00,145.58137795355316,146.69469588173047,145.46814868875833,145.6474151611328,24129200
2019-12-19 00:00:00-05:00,145.29828349164902,146.96827428750265,145.06240965481192,146.9116668701172,24958900
2019-12-20 00:00:00-05:00,148.45901757540358,149.5346018325305,147.458900286673,148.515625,53477500
2019-12-23 00:00:00-05:00,149.1854987198554,149.1854987198554,148.38353621040892,148.515625,17718200
2019-12-24 00:00:00-05:00,148.5817371966498,148.798751629277,148.242078081022,148.48739624023438,8989200
2019-12-26 00:00:00-05:00,148.65720207517253,149.76109047910452,148.506239285762,149.70448303222656,14520600
2019-12-27 00:00:00-05:00,150.44034615778617,150.5347014611335,149.27985078892365,149.97804260253906,18412800
2019-12-30 00:00:00-05:00,150.00637308062258,150.03467679735755,147.87406377591745,148.6854705810547,16348400
2019-12-31 00:00:00-05:00,147.91184715927704,148.855343001136,147.60992157951225,148.78929138183594,18369400
2020-01-02 00:00:00-05:00,149.8081919651541,151.64800503606727,149.3836219328813,151.54421997070312,22622100
2020-01-03 00:00:00-05:00,149.3742503968611,150.91213864205648,149.1289322940356,149.65728759765625,21116200
2020-01-06 00:00:00-05:00,148.20431457930582,150.11018003103487,147.6665150898337,150.04412841796875,20813700
2020-01-07 00:00:00-05:00,150.31775905585243,150.6479739507231,148.4307674396651,148.6760711669922,21634100
2020-01-08 00:00:00-05:00,149.94974637838766,151.71409291161044,149.02512473635332,151.04420471191406,27746500
2020-01-09 00:00:00-05:00,152.69532422046993,153.05385715484587,151.93109508906883,152.9311981201172,21385000
2020-01-10 00:00:00-05:00,153.61992478868552,153.9973171823089,152.07257854367748,152.22354125976562,20725900
2020-01-13 00:00:00-05:00,152.61985290151284,154.08227405500872,152.1481050711336,154.05397033691406,21626500
2020-01-14 00:00:00-05:00,154.15776303140277,154.35590346442973,152.5821269278907,152.96896362304688,23477400
2020-01-15 00:00:00-05:00,153.43125473603405,154.6766758779403,153.38409147181704,153.95960998535156,21417900
2020-01-16 00:00:00-05:00,155.06351557217135,156.8467217717717,154.7615900543168,156.78067016601562,23865400
2020-01-17 00:00:00-05:00,157.96005323691986,158.0072309026949,156.08249155325078,157.65814208984375,34371700
2020-01-21 00:00:00-05:00,157.26187861407058,158.68656653645183,157.0260046557006,157.09205627441406,29517200
2020-01-22 00:00:00-05:00,157.94114347591156,158.0260690136895,156.31833003814165,156.3372039794922,24138800
2020-01-23 00:00:00-05:00,156.79949390627078,157.3750266433821,155.93147991525962,157.29954528808594,19680800
2020-01-24 00:00:00-05:00,158.04494334885658,158.06381729197344,155.15784910579725,155.71450805664062,24918100
2020-01-27 00:00:00-05:00,152.04434924158312,154.14835533565494,151.14803107063887,153.11050415039062,32078100
2020-01-28 00:00:00-05:00,154.52568370698174,156.39380066763195,153.85580999932648,156.1107635498047,24899900
2020-01-29 00:00:00-05:00,158.35630192364818,159.214886395841,156.32779209265254,158.5449981689453,34754500
2020-01-30 00:00:00-05:00,164.21544030441976,164.21544030441976,161.1396349055562,163.01719665527344,51597500
2020-01-31 00:00:00-05:00,162.47938348314258,162.65863555385778,159.99798545017555,160.6112518310547,36142700
2020-02-03 00:00:00-05:00,160.79998959563173,164.6400245866179,160.77168587207294,164.5268096923828,30107000
2020-02-04 00:00:00-05:00,167.13078562453822,170.43301974275775,166.34768266319725,169.94239807128906,36433300
2020-02-05 00:00:00-05:00,173.63152056859474,173.79191311743807,168.3290790956933,169.73487854003906,39186300
2020-02-06 00:00:00-05:00,170.7444178576712,173.433386359374,169.88583331610553,173.25411987304688,27751400
2020-02-07 00:00:00-05:00,172.51817581999805,175.1410924302092,172.1690726591165,173.49940490722656,33529100
2020-02-10 00:00:00-05:00,173.20692015646554,178.16970172026257,172.89556488773874,178.03761291503906,35844300
2020-02-11 00:00:00-05:00,179.87740947996318,179.9245871338013,173.13142248247357,174.018310546875,53159900
2020-02-12 00:00:00-05:00,175.09390781966596,175.34865565201176,171.57467341056173,174.2730712890625,47062900
2020-02-13 00:00:00-05:00,172.73513736602007,175.70714207963954,172.53699700003347,173.3295440673828,35295800
2020-02-14 00:00:00-05:00,172.89556091915946,174.93351477862925,172.32945782599572,174.8769073486328,23149500
2020-02-18 00:00:00-05:00,175.12222224761544,177.09412463421762,175.01843715376268,176.6506805419922,27792200
2020-02-19 00:00:00-05:00,177.91844709809394,178.03197121372997,176.4141948222158,177.18051147460938,29997500
2020-02-20 00:00:00-05:00,176.86829430160537,177.15211900829618,171.33377748279395,174.4747314453125,36862400
2020-02-21 00:00:00-05:00,173.29210514517501,173.60431081519135,167.69135744955133,168.95909118652344,48572600
2020-02-24 00:00:00-05:00,158.7226499557371,165.137022880226,154.42747102791503,161.6743927001953,68311100
2020-02-25 00:00:00-05:00,164.80582317915167,165.41130898909978,158.60904554607492,159.00640869140625,68073300
2020-02-26 00:00:00-05:00,160.55794833863544,163.91649370495114,159.13883978298023,160.99313354492188,56206100
2020-02-27 00:00:00-05:00,154.5126553180342,158.0225782008648,149.4606143296077,149.6498260498047,93174900
2020-02-28 00:00:00-05:00,144.1909064457123,154.88152808288865,143.80301327423336,153.273193359375,97012700
2020-03-02 00:00:00-05:00,156.39525905232836,163.59487210913974,153.55704125494026,163.4718780517578,71030800
2020-03-03 00:00:00-05:00,164.42741969774957,165.56270392318126,153.50973388064168,155.63839721679688,71677000
2020-03-04 00:00:00-05:00,159.40378432160293,161.49459677203134,156.6885460281868,161.35269165039062,49814400
2020-03-05 00:00:00-05:00,157.0954059006378,161.6554697129854,156.75481908360516,157.3035430908203,47817300
2020-03-06 00:00:00-05:00,153.84085795286106,154.3138942279223,147.58731781911428,152.85694885253906,72821100
2020-03-09 00:00:00-04:00,142.8569792905139,149.24297008661304,141.9109065799807,142.49746704101562,70419300
2020-03-10 00:00:00-04:00,149.63083416118593,152.3460576910282,144.3517477343456,152.2419891357422,65354400
2020-03-11 00:00:00-04:00,148.6564082651572,149.19566219854573,142.99888311407793,145.34515380859375,56371600
2020-03-12 00:00:00-04:00,137.46435020909462,145.19376153679778,131.10674124965627,131.56085205078125,93226400
2020-03-13 00:00:00-04:00,139.54567707837472,153.17858363926226,133.14076297651675,150.26467895507812,92727400
2020-03-16 00:00:00-04:00,132.45018724186286,141.29597337845718,127.71982341179633,128.11717224121094,87905900
2020-03-17 00:00:00-04:00,132.45018849397624,139.54573430615352,127.71982461919136,138.6658935546875,81059800
2020-03-18 00:00:00-04:00,130.55799937704143,138.12657905107284,127.73870749052237,132.8285675048828,81593200
2020-03-19 00:00:00-04:00,135.0707696064013,142.05277456804424,131.50407237825715,135.01400756835938,85922700
2020-03-20 00:00:00-04:00,138.12660739420775,139.16729308730046,128.53343126632095,129.94308471679688,84866200
2020-03-23 00:00:00-04:00,129.62139571659822,132.98942614254727,125.37353917862465,128.64694213867188,78975200
2020-03-24 00:00:00-04:00,135.99793848446913,141.5324690597713,133.65168243997798,140.3404083251953,82516700
2020-03-25 00:00:00-04:00,140.87969928171756,146.00741194957217,136.6507528558583,138.99700927734375,75638200
2020-03-26 00:00:00-04:00,140.39719406044296,148.211764422316,140.36881303206195,147.69142150878906,64568100
2020-03-27 00:00:00-04:00,143.56655798304286,146.53722621658937,141.15406927802064,141.62710571289062,57042300
2020-03-30 00:00:00-04:00,144.21930395943565,151.93925954595042,141.92034012233952,151.58920288085938,63420300
2020-03-31 00:00:00-04:00,150.80394370821577,155.89381814086136,148.11710139786456,149.20509338378906,77927200
2020-04-01 00:00:00-04:00,144.74912388108316,149.24296923033248,142.68669231319745,143.90711975097656,57969900
2020-04-02 00:00:00-04:00,143.67059624516327,147.0953746911042,142.2514872401482,146.88723754882812,49630700
2020-04-03 00:00:00-04:00,146.73592529866758,148.89297054298996,143.98284945612286,145.53440856933594,41243300
2020-04-06 00:00:00-04:00,151.67440982053907,157.52113324226872,149.0821649534325,156.3574676513672,67111700
2020-04-07 00:00:00-04:00,160.4444662227108,160.8323594955276,154.4558242809488,154.67343139648438,62769000
2020-04-08 00:00:00-04:00,156.7358484464,157.68192106171185,154.68287260348404,156.2249755859375,48318200
2020-04-09 00:00:00-04:00,157.38866118857393,158.34418945652004,154.52206194881128,156.2344512939453,51385100
2020-04-13 00:00:00-04:00,155.48703939874497,156.6412491390872,153.54758765892907,156.58447265625,41905300
2020-04-14 00:00:00-04:00,159.8862710690104,164.38011596592045,158.9401984591346,164.3328094482422,52874300
2020-04-15 00:00:00-04:00,161.9676554409461,164.20985772371654,160.11336089467187,162.61099243164062,40940800
2020-04-16 00:00:00-04:00,164.9004763113015,167.71976894625868,163.57596585517592,167.49270629882812,50479600
2020-04-17 00:00:00-04:00,169.82004176943852,170.2930780974871,166.38579340831046,168.9685821533203,52765600
2020-04-20 00:00:00-04:00,167.10484810402983,169.110517878392,165.55328924470845,165.6195068359375,36669600
2020-04-21 00:00:00-04:00,164.1436140033889,164.30444463062025,157.152137304255,158.76992797851562,56203700
2020-04-22 00:00:00-04:00,162.14741225062102,164.61666276960204,161.60815827581536,164.1625518798828,34620200
2020-04-23 00:00:00-04:00,164.72068813801647,165.61945415085265,161.69325894092148,162.17575073242188,32790800
2020-04-24 00:00:00-04:00,162.78126717777104,165.14644893831272,161.50407768863286,165.13699340820312,34277600
2020-04-27 00:00:00-04:00,167.06695850395437,167.36023870290072,163.95438597316996,164.6639404296875,33194400
2020-04-28 00:00:00-04:00,166.12090220980403,166.19658975824308,160.25525434705176,160.65260314941406,34392700
2020-04-29 00:00:00-04:00,163.87867624163795,168.09815142092725,162.61094258227627,167.86163330078125,51286600
2020-04-30 00:00:00-04:00,170.29310650321034,170.67152985440285,166.72640795272287,169.54571533203125,53875900
2020-05-01 00:00:00-04:00,166.31959502467402,169.0064382134677,164.62611669069204,165.1559295654297,39370500
2020-05-04 00:00:00-04:00,165.08024036692368,169.34702329891886,164.4274478556324,169.19564819335938,30372900
2020-05-05 00:00:00-04:00,170.87960487502477,173.74620330363246,170.19843154189817,171.01205444335938,36839200
2020-05-06 00:00:00-04:00,172.26092059498853,174.26659011866553,171.83519076310364,172.69610595703125,32139300
2020-05-07 00:00:00-04:00,174.23818268876548,174.5976948832184,172.7339307739573,173.6989288330078,28316000
2020-05-08 00:00:00-04:00,175.00449726123495,175.02342275440157,173.47186434093456,174.72067260742188,30877800
2020-05-11 00:00:00-04:00,173.27320482134522,177.39808226581636,172.98939456730636,176.66961669921875,30892700
2020-05-12 00:00:00-04:00,176.7263689902823,176.9534171809746,172.46904218373015,172.66770935058594,32038200
2020-05-13 00:00:00-04:00,172.7055862202919,174.12469536846862,167.01967966093866,170.05657958984375,44711500
2020-05-14 00:00:00-04:00,167.96573220384843,170.9458697177753,166.2060364945341,170.79449462890625,41873900
2020-05-15 00:00:00-04:00,169.403750532531,176.9723310236414,167.45484336581754,173.28265380859375,46610400
2020-05-18 00:00:00-04:00,175.73300632962054,176.15873616301894,174.03954252621836,174.9383087158203,35264500
2020-05-19 00:00:00-04:00,175.0518213758498,176.53716236645175,173.59487584581345,173.72732543945312,26799100
2020-05-20 00:00:00-04:00,175.33064720227907,176.31731120144525,174.50527623223215,176.13705444335938,31261300
2020-05-21 00:00:00-04:00,175.89040926393275,177.09527214744946,173.88863535282303,174.02145385742188,29119500
2020-05-22 00:00:00-04:00,173.79374166252967,174.99860432695908,173.17707305777867,174.09732055664062,20826900
2020-05-26 00:00:00-04:00,176.78216050547536,176.93395718698432,171.81094223314764,172.2568359375,36073600
2020-05-27 00:00:00-04:00,170.95709263901247,172.65528721071786,167.54175424409405,172.48451232910156,39517100
2020-05-28 00:00:00-04:00,171.46942973465383,174.7045118921634,171.12789439391577,172.09556579589844,33810200
2020-05-29 00:00:00-04:00,173.35731502615758,174.81833266260008,171.15632118415826,173.85064697265625,42130400
2020-06-01 00:00:00-04:00,173.17709140100695,173.61350329791978,172.15249985824332,173.4522247314453,22622400
2020-06-02 00:00:00-04:00,174.79935617005145,175.51088679218194,172.048110221598,175.42550659179688,30794600
2020-06-03 00:00:00-04:00,175.3400908998681,176.40263844814606,174.16368863132845,175.85238647460938,27311000
2020-06-04 00:00:00-04:00,174.84681881585217,176.30782219414553,172.94940355898157,173.53759765625,28761800
2020-06-05 00:00:00-04:00,173.252940829939,178.10083622506306,172.67422873664577,177.5980224609375,39893600
2020-06-08 00:00:00-04:00,176.4026467981423,178.87877355820228,174.9795857745705,178.69851684570312,33211600
2020-06-09 00:00:00-04:00,178.3570358813876,180.91854360786243,177.65498701810736,180.06471252441406,29783900
2020-06-10 00:00:00-04:00,181.32643483766216,188.33738135858673,181.2125801154133,186.74354553222656,43872300
2020-06-11 00:00:00-04:00,183.22392528666057,185.7190167286618,176.52605114750392,176.71578979492188,52854700
2020-06-12 00:00:00-04:00,180.76675195881117,181.88623453010308,175.68167829988911,178.11038208007812,43373600
2020-06-15 00:00:00-04:00,175.11239952812366,181.03233843882307,174.5716294051289,179.24876403808594,32770200
2020-06-16 00:00:00-04:00,182.99619824445867,185.54822386322215,181.63955340017736,183.64132690429688,42556700
2020-06-17 00:00:00-04:00,185.02643488567597,186.25027574878882,183.7551702253078,184.27696228027344,25687800
2020-06-18 00:00:00-04:00,184.04925109754151,186.4115379338591,184.04925109754151,186.25025939941406,23061600
2020-06-19 00:00:00-04:00,188.4038458894573,189.06793833918633,184.400298508924,185.14028930664062,44441100
2020-06-22 00:00:00-04:00,185.747437120417,190.4625146059237,185.2161632306914,190.2822723388672,32818900
2020-06-23 00:00:00-04:00,191.72431877206205,193.48891551805355,191.09816827081005,191.55355834960938,30917400
2020-06-24 00:00:00-04:00,191.25942523146253,192.82478671322252,186.4779316388063,187.69227600097656,36740600
2020-06-25 00:00:00-04:00,187.65433065926044,190.32019619453087,185.44384063248827,190.0640411376953,27803900
2020-06-26 00:00:00-04:00,189.48539673412776,189.63719344990534,184.88417278665642,186.25979614257812,54675800
2020-06-29 00:00:00-04:00,185.73800010050581,188.34694638440172,183.6223858945179,188.26156616210938,26701600
2020-06-30 00:00:00-04:00,187.73025839792913,193.91582132538687,187.5974399173059,193.07147216796875,34310300
2020-07-01 00:00:00-04:00,192.72045793900065,195.7658156516249,191.4207331819274,194.200439453125,32061200
2020-07-02 00:00:00-04:00,195.13015257335095,197.35013913569628,194.48503841884437,195.68040466308594,29315800
2020-07-06 00:00:00-04:00,198.11860638784356,200.3006367249916,197.41655756468825,199.89268493652344,31897600
2020-07-07 00:00:00-04:00,199.65551321746923,203.65906048150194,197.3217006083153,197.568359375,33600700
2020-07-08 00:00:00-04:00,199.29500916856912,202.32137420232715,197.985788069965,201.91343688964844,33600000
2020-07-09 00:00:00-04:00,205.23386188598084,205.28130014850328,200.62314360563047,203.32696533203125,33121700
2020-07-10 00:00:00-04:00,202.66287362361143,203.09928540457483,200.2531631558719,202.71031188964844,26177600
2020-07-13 00:00:00-04:00,203.47876352409864,204.73106426787515,195.9080823607609,196.4488525390625,38135600
2020-07-14 00:00:00-04:00,195.55707625734152,198.1375617448352,191.66736982330443,197.6632080078125,37591800
2020-07-15 00:00:00-04:00,198.81111887993174,200.49033501817314,194.51347554948208,197.36907958984375,32179400
2020-07-16 00:00:00-04:00,194.86454776238327,195.1491629558851,191.9330445644137,193.46046447753906,29940700
2020-07-17 00:00:00-04:00,193.9822576326965,194.52301347474997,191.06023628416662,192.47381591796875,31635300
2020-07-20 00:00:00-04:00,194.48506023255374,201.4106286872803,192.59712687547508,200.7465362548828,36884800
2020-07-21 00:00:00-04:00,202.7008358549193,202.96647278101233,197.35960831558944,198.0426788330078,37990400
2020-07-22 00:00:00-04:00,198.46963238116317,201.41063181098787,197.70118152060454,200.8888397216797,49605700
2020-07-23 00:00:00-04:00,196.56271325026265,200.10138824412152,191.78121924610807,192.15121459960938,67457000
2020-07-24 00:00:00-04:00,190.14000134039446,192.4548505157171,187.37925837427778,190.97486877441406,39827000
2020-07-27 00:00:00-04:00,191.13611433106948,193.50788324422007,190.5574021372156,193.39404296875,30160900
2020-07-28 00:00:00-04:00,193.1663855739503,194.20047354727194,191.39230671365252,191.65794372558594,23251400
2020-07-29 00:00:00-04:00,192.11326510422728,194.15298040006812,191.6483932266433,193.59324645996094,19632600
2020-07-30 00:00:00-04:00,190.69022112897082,193.97275568307558,189.33357625555024,193.44146728515625,25079600
2020-07-31 00:00:00-04:00,193.9158251459421,194.57993203827127,188.80229182700702,194.49453735351562,51044000
2020-08-03 00:00:00-04:00,200.6706193833469,206.47670479362864,199.64601352103927,205.43312072753906,78983000
2020-08-04 00:00:00-04:00,203.1846749362755,203.75390520262886,199.52266356225743,202.3498077392578,49280100
2020-08-05 00:00:00-04:00,203.87723507455476,203.97211161459398,200.71805185226052,202.0177764892578,28806400
2020-08-06 00:00:00-04:00,201.44858732881562,205.27187815968836,200.69911462355353,205.25291442871094,32656800
2020-08-07 00:00:00-04:00,203.82983727662753,204.63623006529596,200.11089067947304,201.58139038085938,27820400
2020-08-10 00:00:00-04:00,200.8129376573723,201.01217262455825,195.7658207101696,197.568359375,36716500
2020-08-11 00:00:00-04:00,196.53421747184163,196.999074807135,192.72040988372137,192.94810485839844,36446500
2020-08-12 00:00:00-04:00,194.7601457894926,199.49420117028475,194.24785013665,198.46011352539062,28013100
2020-08-13 00:00:00-04:00,198.69728797277943,200.50932265218785,197.47344727210242,197.9952392578125,22588900
2020-08-14 00:00:00-04:00,198.05219433177936,198.83962338076026,196.8663098259881,198.1850128173828,17958900
2020-08-17 00:00:00-04:00,198.84907233250013,200.35751359010905,198.2039437875073,199.4941864013672,20184800
2020-08-18 00:00:00-04:00,199.73141570438264,201.46755240023344,198.4791291633885,200.64218139648438,21336200
2020-08-19 00:00:00-04:00,201.12721145538274,201.70732265950323,198.99696394115972,199.42491149902344,27627600
2020-08-20 00:00:00-04:00,199.27268314056542,204.46515342165435,198.6735625585654,204.06573486328125,26981500
2020-08-21 00:00:00-04:00,203.3810516231777,205.65394317773766,202.42054594494113,202.58221435546875,36249300
2020-08-24 00:00:00-04:00,204.2654985218534,204.95973970025923,202.02113558012567,203.2194061279297,25460100
2020-08-25 00:00:00-04:00,202.65830591741502,205.99631398949958,202.65830591741502,205.86317443847656,23043700
2020-08-26 00:00:00-04:00,207.2041103515407,211.2078165865678,206.70958574974338,210.31387329101562,39600800
2020-08-27 00:00:00-04:00,211.968557579832,219.8238185876198,208.649559722784,215.47775268554688,57602200
2020-08-28 00:00:00-04:00,216.9993776717254,219.3388462628036,215.4777849434819,217.69361877441406,26292900
2020-08-31 00:00:00-04:00,215.87720527831104,217.49390391341316,213.3190105239383,214.47923278808594,28774200
2020-09-01 00:00:00-04:00,214.46021648733137,216.30516063040494,213.43313373208045,216.1339874267578,25725500
2020-09-02 00:00:00-04:00,216.7996556522302,221.45004902915983,216.21003979403585,220.29933166503906,34080800
2020-09-03 00:00:00-04:00,218.03597815421034,218.07401180492377,204.42715773754352,206.65249633789062,58400300
2020-09-04 00:00:00-04:00,204.56032505463872,207.6605831535333,195.13590147076314,203.75196838378906,59664100
2020-09-08 00:00:00-04:00,196.3816830611181,199.73871502955402,192.2923763469673,192.72984313964844,52924300
2020-09-09 00:00:00-04:00,197.42778494753424,204.3130219079884,196.57187546422944,200.9369659423828,45679000
2020-09-10 00:00:00-04:00,202.94357291773917,204.21792506843929,194.10878152227107,195.30703735351562,35461500
2020-09-11 00:00:00-04:00,197.04735500062918,198.40729363618516,191.37939858486314,194.03268432617188,33620100
2020-09-14 00:00:00-04:00,194.23243866542157,198.9493952369475,194.03272208163065,195.34510803222656,30375800
2020-09-15 00:00:00-04:00,198.20761161974576,199.50097346192692,196.79061501339825,198.5499725341797,21823900
2020-09-16 00:00:00-04:00,200.29979862410642,200.32832748932069,194.61281748381796,195.0027313232422,26328100
2020-09-17 00:00:00-04:00,190.24772725890895,194.3180098283197,190.16214066313728,192.96759033203125,34011300
2020-09-18 00:00:00-04:00,192.8629911592998,193.6713332416722,186.6339321767802,190.57107543945312,55225300
2020-09-21 00:00:00-04:00,187.52786151375366,192.7773903131104,186.75755314054098,192.61570739746094,39839700
2020-09-22 00:00:00-04:00,195.0122292419331,197.90327991158088,192.17825081182622,197.256591796875,33517100
2020-09-23 00:00:00-04:00,197.71307502263417,197.90328680548734,190.22870282103128,190.76126098632812,30803800
2020-09-24 00:00:00-04:00,190.05754700595773,195.49727363931507,189.4393876774126,193.23388671875,31202500
2020-09-25 00:00:00-04:00,193.576230870522,198.79721638343335,192.6157107003386,197.6370086669922,29437300
2020-09-28 00:00:00-04:00,200.54707115888118,202.15426497540128,197.86524169936015,199.17762756347656,32004900
2020-09-29 00:00:00-04:00,199.09203395936672,199.7767557329698,196.67648367162218,197.10443115234375,24221900
2020-09-30 00:00:00-04:00,197.55137909499368,201.5931322284937,196.41968589583453,200.02398681640625,33829100
2020-10-01 00:00:00-04:00,203.02916650629612,203.5046669074444,200.96549650664707,202.0496368408203,27158400
2020-10-02 00:00:00-04:00,197.80817750902324,200.65167528471918,195.46870902474427,196.0868682861328,33154800
2020-10-05 00:00:00-04:00,197.06636748902648,200.10006206341993,196.83812209554787,200.071533203125,21331600
2020-10-06 00:00:00-04:00,198.58798762088978,199.8813347365297,194.78398454349198,195.82057189941406,28554300
2020-10-07 00:00:00-04:00,196.9142463619381,199.81480204347935,196.59090953478196,199.54852294921875,25681100
2020-10-08 00:00:00-04:00,200.19521800770082,200.84190624227702,198.1125379787301,200.2617950439453,19925800
2020-10-09 00:00:00-04:00,200.8798883695281,205.28302657348576,200.8798883695281,205.2354736328125,26458000
2020-10-12 00:00:00-04:00,208.0695072353325,212.89108938260242,206.18652927473477,210.55162048339844,40461400
2020-10-13 00:00:00-04:00,211.80693917875223,214.17493684018692,209.6291388108704,211.94007873535156,28950800
2020-10-14 00:00:00-04:00,212.0731659140789,213.23338798265985,208.39279767832116,210.03802490234375,23421700
2020-10-15 00:00:00-04:00,206.46232088906044,209.56257889479267,205.4257187807253,208.89688110351562,22733100
2020-10-16 00:00:00-04:00,209.36286230184777,211.39800384153673,208.57354424934155,208.89688110351562,26057900
2020-10-19 00:00:00-04:00,209.61960631820077,211.40749256575168,203.24790350407042,203.72340393066406,27625800
2020-10-20 00:00:00-04:00,205.22601457098673,206.7190785651468,202.64879552797223,204.13235473632812,22753500
2020-10-21 00:00:00-04:00,202.67728971744506,206.29109572858354,202.67728971744506,204.2749786376953,22724900
2020-10-22 00:00:00-04:00,203.44759801543634,205.47323440119598,201.32687025455576,204.36056518554688,22351500
2020-10-23 00:00:00-04:00,204.49372004805122,205.682471159576,202.71535302876916,205.63491821289062,18879600
2020-10-26 00:00:00-04:00,203.37148545519452,205.73946767769044,197.90323196914449,199.7862091064453,37111600
2020-10-27 00:00:00-04:00,201.22226892417387,204.15135332070517,200.02401306196077,202.80093383789062,36700300
2020-10-28 00:00:00-04:00,197.49435530937347,198.607024621871,192.19728783819525,192.7488555908203,51195600
2020-10-29 00:00:00-04:00,194.07077424346542,197.19956103907322,193.40506195786438,194.6889190673828,31432600
2020-10-30 00:00:00-04:00,193.52864762831226,194.27993181652224,189.83876017002257,192.5491180419922,36953700
2020-11-02 00:00:00-05:00,194.2799538734767,195.22144992256125,190.31428213947027,192.41600036621094,30842200
2020-11-03 00:00:00-05:00,193.89957334651695,197.92230309923994,193.16729858879407,196.3151092529297,27512000
2020-11-04 00:00:00-05:00,203.53322651784097,207.62253348770093,202.0116191998531,205.78709411621094,42311800
2020-11-05 00:00:00-05:00,211.16020229745342,213.13828561895033,210.31381220177101,212.3489532470703,36080100
2020-11-06 00:00:00-05:00,211.3694213150768,213.36652869305155,207.3466922086578,212.7578887939453,25231900
2020-11-09 00:00:00-05:00,213.44264528742468,216.94232164998468,207.20408167686315,207.6890869140625,44395000
2020-11-10 00:00:00-05:00,203.9896985273652,205.8917003784362,199.4439152641953,200.6707000732422,44045100
2020-11-11 00:00:00-05:00,201.98307243463896,207.35622149875866,201.80237994913776,205.93923950195312,29440800
2020-11-12 00:00:00-05:00,206.56694290113697,208.3738390780917,203.95169003331475,204.8836669921875,21593900
2020-11-13 00:00:00-05:00,205.75853976225488,206.76659831833058,203.66634084251578,205.90118408203125,18621100
2020-11-16 00:00:00-05:00,204.34152934207066,207.07091139997414,204.00868778162783,206.5858917236328,24953300
2020-11-17 00:00:00-05:00,205.511285682122,207.01385422749843,203.59025993759715,203.95164489746094,24154100
2020-11-18 00:00:00-05:00,203.71326545564156,205.16257527401476,201.11976980133684,201.26280212402344,28372800
2020-11-19 00:00:00-05:00,201.5488728798159,203.12212674684727,200.1662996976876,202.54049682617188,24792700
2020-11-20 00:00:00-05:00,202.33076615301985,203.37006774265743,200.23308908198428,200.60494995117188,22843100
2020-11-23 00:00:00-05:00,201.13884979714734,202.4165237769286,198.4786172840736,200.33792114257812,25683500
2020-11-24 00:00:00-05:00,199.84211894469007,204.28538924574306,199.14607478437247,203.9135284423828,33979700
2020-11-25 00:00:00-05:00,205.1053529296505,205.27697424519195,202.57860879010497,203.9230194091797,21012900
2020-11-27 00:00:00-05:00,204.85748627754103,206.2114413491955,204.08514657585314,205.2198028564453,14512200
2020-11-30 00:00:00-05:00,204.1423273067158,204.77161999615228,201.03393888249715,204.1137237548828,33064800
2020-12-01 00:00:00-05:00,204.53327483092292,207.2125957883334,203.4272367302626,206.1542205810547,30904500
2020-12-02 00:00:00-05:00,204.88608561309852,205.44864163250293,202.90282321758022,205.35328674316406,23724500
2020-12-03 00:00:00-05:00,204.62863528432734,206.31631786058674,203.71327783050998,204.27584838867188,25120900
2020-12-04 00:00:00-05:00,204.2567706784118,205.36282333758197,203.26513224291,204.3902587890625,24666000
2020-12-07 00:00:00-05:00,204.39979784802395,205.51538022737813,203.08399056805192,204.32351684570312,24620000
2020-12-08 00:00:00-05:00,204.01838653803915,206.8597844758541,202.9886149356049,205.9635009765625,23284100
2020-12-09 00:00:00-05:00,205.15305477478972,205.21979155573646,201.38676956150456,201.94932556152344,32440600
2020-12-10 00:00:00-05:00,201.92068390599115,203.1697541123935,200.57625883152795,200.72882080078125,26733300
2020-12-11 00:00:00-05:00,200.2807335257904,203.39865232991232,199.38444989929366,203.3414306640625,30979400
2020-12-14 00:00:00-05:00,203.18887039404368,206.15422700053367,202.97910127982664,204.23770141601562,28798400
2020-12-15 00:00:00-05:00,205.1625680235338,205.40094067047508,202.36884758495555,204.1709442138672,27000600
2020-12-16 00:00:00-05:00,204.76210957630974,209.8728198548005,204.733506021788,209.0814208984375,35023300
2020-12-17 00:00:00-05:00,209.64398793352765,210.6165524859304,207.7846840459289,209.2149200439453,32515800
2020-12-18 00:00:00-05:00,208.4235382080078,209.47238384589662,205.97307456183356,208.4235382080078,63354900
2020-12-21 00:00:00-05:00,207.4318862354392,213.5818977933264,207.1744396955976,212.2374725341797,37181900
2020-12-22 00:00:00-05:00,212.3328254627275,215.13609017334406,211.5318968451548,213.52468872070312,22612200
2020-12-23 00:00:00-05:00,212.7332702079101,213.16233803150052,210.53070943758334,210.740478515625,18699600
2020-12-24 00:00:00-05:00,211.12190083843498,213.2100477180936,210.91213172866298,212.39004516601562,10550600
2020-12-28 00:00:00-05:00,214.01094867262256,215.51746547086722,212.64746418476392,214.4972381591797,17933500
2020-12-29 00:00:00-05:00,215.78448857316525,216.61402086713673,213.18146290824112,213.72494506835938,17403200
2020-12-30 00:00:00-05:00,214.75470691645884,215.13611192704442,211.16958711163565,211.36981201171875,20272300
2020-12-31 00:00:00-05:00,211.38887922848244,212.62842001281925,209.46282399587028,212.0753936767578,20942100
2021-01-04 00:00:00-05:00,212.18029080751847,212.628432614177,204.81934121407613,207.56539916992188,37130100
2021-01-05 00:00:00-05:00,207.15537629858184,208.35678384593277,205.66793319149298,207.76560974121094,23823000
2021-01-06 00:00:00-05:00,202.30213696048875,206.42122411190832,202.08283815493434,202.37841796875,35930700
2021-01-07 00:00:00-05:00,204.0851461523831,209.1386498496108,203.77050701978357,208.13748168945312,27694500
2021-01-08 00:00:00-05:00,208.509325603842,210.32096654437632,206.9360718717711,209.40560913085938,22956200
2021-01-11 00:00:00-05:00,208.30911162404655,208.72864985432813,206.65003259041848,207.37469482421875,23031300
2021-01-12 00:00:00-05:00,206.43073369979606,207.00283393154243,203.39864029923487,204.93374633789062,23249300
2021-01-13 00:00:00-05:00,204.06609203445853,206.6786473478846,203.98026681062188,206.27818298339844,20087100
2021-01-14 00:00:00-05:00,205.86816670165965,207.34608009721836,202.84560313156365,203.11257934570312,29480800
2021-01-15 00:00:00-05:00,203.58934296382472,204.53328946684098,202.16863655086178,202.75979614257812,31746500
2021-01-19 00:00:00-05:00,203.80859756685624,206.88836785633777,202.74069284584706,206.3734893798828,30480900
2021-01-20 00:00:00-05:00,207.57490501983722,215.28864064220252,207.1839703739338,213.9060821533203,37777300
2021-01-21 00:00:00-05:00,214.24935885539745,215.77494980554735,212.07540120835768,214.50680541992188,30709400
2021-01-22 00:00:00-05:00,216.51864163299658,219.3695836914555,215.29817486027105,215.44119262695312,30172700
2021-01-25 00:00:00-05:00,218.46375592415686,219.09306319554696,213.7916579255343,218.8546905517578,33152100
2021-01-26 00:00:00-05:00,221.07630289132658,223.28839323555263,219.37909100379906,221.52444458007812,49169600
2021-01-27 00:00:00-05:00,226.93075510239115,229.2572744153323,219.43631865864182,222.0679473876953,69870600
2021-01-28 00:00:00-05:00,224.65189352379872,231.35493046258668,224.15607439835333,227.81747436523438,49111200
2021-01-29 00:00:00-05:00,225.0143200469625,226.94990538696487,220.5901229056547,221.1717529296875,42503100
2021-02-01 00:00:00-05:00,224.12750973113813,231.22148249088136,221.61982466737663,228.5040283203125,33314200
2021-02-02 00:00:00-05:00,230.0772547566796,231.04027489971,227.58864403248438,228.37049865722656,25916300
2021-02-03 00:00:00-05:00,228.42774595379248,233.691003496613,228.13215165180748,231.69821166992188,27158100
2021-02-04 00:00:00-05:00,231.374034827884,231.92706112737068,229.19053318429755,230.75425720214844,25296100
2021-02-05 00:00:00-05:00,230.96402835930283,231.96519641817662,229.2382126683199,230.9354248046875,18054800
2021-02-08 00:00:00-05:00,231.84122242822716,232.3465712580115,229.61005802324223,231.19285583496094,22211900
2021-02-09 00:00:00-05:00,230.62074758686083,233.37633460972975,230.15354654314694,232.43238830566406,23565000
2021-02-10 00:00:00-05:00,233.6051986080707,234.48240822021572,229.68635163313002,231.52659606933594,22186700
2021-02-11 00:00:00-05:00,233.39546343401466,233.74825035400383,230.88777811855226,233.11895751953125,15751100
2021-02-12 00:00:00-05:00,232.5849299418051,233.89122181604614,231.44074425526568,233.59564208984375,16561100
2021-02-16 00:00:00-05:00,233.6338212360362,234.68266680852793,231.6219553099753,232.3656768798828,26728500
2021-02-17 00:00:00-05:00,230.62635496466373,233.48384928011598,230.2631892994395,233.37872314453125,21653500
2021-02-18 00:00:00-05:00,231.0850549171446,233.12065774190984,230.1867070550558,232.9868621826172,16925600
2021-02-19 00:00:00-05:00,232.94861675471643,233.05374286763362,229.53680847582015,230.29180908203125,25262600
2021-02-22 00:00:00-05:00,226.89917052371112,227.38656556821104,222.10161844624733,224.1181182861328,36446900
2021-02-23 00:00:00-05:00,220.1233231539587,224.4239133780641,218.5942185745613,222.93304443359375,30228700
2021-02-24 00:00:00-05:00,219.81748539347333,224.7775015366936,218.85224710793744,224.15631103515625,26339700
2021-02-25 00:00:00-05:00,221.79579640136254,224.19456504241066,217.7819147197483,218.8427276611328,39542200
2021-02-26 00:00:00-05:00,221.27017985864828,224.94001393985326,219.36835773748183,222.08251953125,37819200
2021-03-01 00:00:00-05:00,225.4464768789382,226.9469119322539,222.8183385683915,226.44039916992188,25324000
2021-03-02 00:00:00-05:00,226.50729480119938,226.78445210469692,223.10505255325617,223.50643920898438,22812500
2021-03-03 00:00:00-05:00,221.87222352894128,223.22929686707522,217.18935003891934,217.47605895996094,34029500
2021-03-04 00:00:00-05:00,216.69239700995695,222.18759526620298,214.32228361038455,216.68283081054688,44727800
2021-03-05 00:00:00-05:00,219.34922125325087,222.93304647278703,216.4248222073289,221.33705139160156,41872800
2021-03-08 00:00:00-05:00,221.11724315034732,223.02861668898058,217.06514058132345,217.31361389160156,35267400
2021-03-09 00:00:00-05:00,222.5603436572341,224.9495606251016,221.40395622843207,223.4204559326172,33080500
2021-03-10 00:00:00-05:00,226.49772821826227,226.49772821826227,221.75751618181397,222.1206817626953,29746800
2021-03-11 00:00:00-05:00,224.54814049035522,228.57157309890684,223.92693542163005,226.62197875976562,29907600
2021-03-12 00:00:00-05:00,223.64023105792842,225.37003616967326,222.89479662640136,225.30313110351562,22653700
2021-03-15 00:00:00-04:00,224.5481927122581,224.76799660855832,221.53777033129052,224.4048309326172,26034900
2021-03-16 00:00:00-04:00,225.80964526868732,229.42213971544066,225.4847153006478,227.17628479003906,28092200
2021-03-17 00:00:00-04:00,225.68543480408619,227.9790919022909,222.89483106316706,226.53599548339844,29562100
2021-03-18 00:00:00-04:00,222.2545388535398,223.81231313700073,220.1233611906888,220.49607849121094,34833000
2021-03-19 00:00:00-04:00,220.78276444867765,222.16850736597712,219.18676927273987,220.1424560546875,46430700
2021-03-22 00:00:00-04:00,220.0660021106585,226.4021956379215,219.94175816101423,225.53253173828125,30127000
2021-03-23 00:00:00-04:00,226.96602417339062,230.36826626043398,226.5646375366449,227.05203247070312,31638400
2021-03-24 00:00:00-04:00,227.31010706233886,227.453454246672,224.89222066909963,225.02601623535156,25620100
2021-03-25 00:00:00-04:00,224.87305870810607,226.4403841405182,221.30835179207864,222.04421997070312,34061900
2021-03-26 00:00:00-04:00,221.28926488550835,226.22061190405913,221.28926488550835,226.00079345703125,25479900
2021-03-29 00:00:00-04:00,226.10587241036197,226.30657299781691,221.6045970247584,224.81570434570312,25227500
2021-03-30 00:00:00-04:00,223.18155095131783,223.48737774576927,220.85923888427695,221.5760040283203,24792000
2021-03-31 00:00:00-04:00,222.5890009792201,228.50470420290134,222.09203979381766,225.322265625,43623500
2021-04-01 00:00:00-04:00,227.90260302398238,232.0789491359086,227.50121636956897,231.6106719970703,30338000
2021-04-05 00:00:00-04:00,232.0024876345528,238.8834432319684,231.94514876834452,238.0328826904297,36910600
2021-04-06 00:00:00-04:00,236.63755845370582,238.34823104299898,235.9399113222464,236.87648010253906,22931900
2021-04-07 00:00:00-04:00,236.82869878782242,239.81043637350302,236.23617775031423,238.82608032226562,22719800
2021-04-08 00:00:00-04:00,241.56893863766072,242.87822479030498,240.8330557729979,242.0276641845703,23625200
2021-04-09 00:00:00-04:00,241.66449426976965,244.6462467282904,241.25355598314442,244.512451171875,24326800
2021-04-12 00:00:00-04:00,243.42297254578972,246.25181167284637,243.3369496576039,244.56979370117188,27148700
2021-04-13 00:00:00-04:00,245.85995500358172,247.7044232241074,245.44898758168762,247.03543090820312,23837500
2021-04-14 00:00:00-04:00,246.07020829480427,247.3603619356715,243.8530082747752,244.26394653320312,23070900
2021-04-15 00:00:00-04:00,246.50022126653505,248.41159433881197,246.30910145845047,248.0006561279297,25627500
2021-04-16 00:00:00-04:00,247.97206397718136,249.43426366654776,246.18493426409438,249.18577575683594,24878600
2021-04-19 00:00:00-04:00,248.66011032775415,249.89295426523887,246.39513764707326,247.27435302734375,23209300
2021-04-20 00:00:00-04:00,246.39513885175572,248.6696777428783,245.45855543622233,246.81564331054688,19722900
2021-04-21 00:00:00-04:00,247.46551066969045,249.12839615609698,245.85039785107426,249.03282165527344,24030400
2021-04-22 00:00:00-04:00,248.67922280670476,250.1796578937831,244.31174226259176,245.77395629882812,25606200
2021-04-23 00:00:00-04:00,246.45247560871377,249.9216227814362,245.86949159186986,249.5775604248047,21462600
2021-04-26 00:00:00-04:00,250.06496430244533,250.8103986988795,248.64100057258497,249.95982360839844,19763300
2021-04-27 00:00:00-04:00,249.98858095429404,251.52725211837856,248.59328616571685,250.36131286621094,31014200
2021-04-28 00:00:00-04:00,244.73228137324247,245.17191833338507,241.74099137977137,243.27964782714844,46903100
2021-04-29 00:00:00-04:00,244.1396910245299,244.75132982958038,237.96594953196652,241.32040405273438,40589000
2021-04-30 00:00:00-04:00,238.67323283285344,241.86522332728813,238.53943726071017,241.00509643554688,30945100
2021-05-03 00:00:00-04:00,242.17098499525994,243.0788989553063,239.99202065638994,240.69923400878906,19626600
2021-05-04 00:00:00-04:00,239.84869211716045,240.07806217476235,234.86955799688863,236.80960083007812,32756100
2021-05-05 00:00:00-04:00,238.02332068891104,238.44382515868284,234.9269051980848,235.548095703125,21901300
2021-05-06 00:00:00-04:00,235.52896898947418,238.7878639244805,233.8469657565455,238.6636199951172,26491100
2021-05-07 00:00:00-04:00,240.97635370924667,243.0310885068687,240.03978498908262,241.2726287841797,27032900
2021-05-10 00:00:00-04:00,239.75310967237866,240.5750007899498,236.16928466831055,236.22662353515625,29299900
2021-05-11 00:00:00-04:00,233.71317897375303,235.67233957139493,231.82092344292948,235.3187255859375,33641600
2021-05-12 00:00:00-04:00,231.4386591674871,233.55073330745444,227.52035223071903,228.4091339111328,36684400
2021-05-13 00:00:00-04:00,231.0850835966739,234.7166965487015,230.72191792668391,232.2605743408203,29624300
2021-05-14 00:00:00-04:00,234.69753359414418,238.13799684815163,234.61152529388377,237.1536407470703,23901100
2021-05-17 00:00:00-04:00,235.6245472128188,235.66276826258542,232.728817820849,234.31524658203125,24970200
2021-05-18 00:00:00-04:00,235.35697738232508,235.4907729425289,232.1363031545397,232.30833435058594,20168000
2021-05-19 00:00:00-04:00,229.23343978556846,232.98837971030122,228.55334373807227,232.8830108642578,25739800
2021-05-20 00:00:00-04:00,233.68772695017472,237.50971302479425,233.5919317445322,236.1016082763672,21800700
2021-05-21 00:00:00-04:00,237.14569382470793,237.8736876013957,234.43485354561165,234.84674072265625,21863100
2021-05-24 00:00:00-04:00,237.35645855131378,240.58457005620133,237.08824950150014,240.22056579589844,21411500
2021-05-25 00:00:00-04:00,241.16885401983907,242.1075855706364,240.25885810514714,241.12095642089844,17704300
2021-05-26 00:00:00-04:00,240.84314887956268,242.28957737809495,240.19178833380082,240.900634765625,17771600
2021-05-27 00:00:00-04:00,240.5941215551288,240.89106621746035,238.7549676903661,238.81243896484375,24426200
2021-05-28 00:00:00-04:00,240.43126602240122,241.465792745696,239.0518970580082,239.16683959960938,18270200
2021-06-01 00:00:00-04:00,240.65158302753886,240.70905429967564,236.56138825332587,236.98284912109375,23213300
2021-06-02 00:00:00-04:00,237.6821383852985,238.77413648048068,235.48855390471664,236.8870849609375,19406700
2021-06-03 00:00:00-04:00,234.89461014755204,235.96744603006286,232.7680857259376,235.36398315429688,25307700
2021-06-04 00:00:00-04:00,237.32764120295283,241.05384559387485,237.0881678754738,240.2300567626953,25281100
2021-06-07 00:00:00-04:00,239.45425139323032,243.3911948935019,239.29141122610196,243.12298583984375,23079200
2021-06-08 00:00:00-04:00,244.41612144782889,245.2303368109208,241.8776947734396,241.9351806640625,22455000
2021-06-09 00:00:00-04:00,243.1229539319254,244.77053196890688,242.54822658507075,242.91221618652344,17937600
2021-06-10 00:00:00-04:00,243.58271038731033,246.61923076287093,242.9888211464486,246.4084930419922,24563600
2021-06-11 00:00:00-04:00,247.12697020131432,247.60591702009748,245.80507230425772,247.0312042236328,18999700
2021-06-14 00:00:00-04:00,247.04071732809936,249.00441645938554,245.98702867626147,248.9469451904297,19150500
2021-06-15 00:00:00-04:00,248.83200246183026,249.04274021679365,246.83000840597398,247.4813690185547,18038900
2021-06-16 00:00:00-04:00,248.47753664071396,249.60784381199792,243.70723170634307,246.5426025390625,27220000
2021-06-17 00:00:00-04:00,245.2877556852528,250.7285828649351,245.23028442320287,249.91436767578125,27565500
2021-06-18 00:00:00-04:00,248.69784645986448,251.25540524487553,247.85489566406406,248.50625610351562,37202200
2021-06-21 00:00:00-04:00,248.8799005360509,252.42408900844677,247.05990870075678,251.5715789794922,26696100
2021-06-22 00:00:00-04:00,251.6577609163999,254.59850073681733,251.35122800563727,254.33029174804688,24694100
2021-06-23 00:00:00-04:00,254.79001083282554,255.59463763792488,253.2956997329866,254.10032653808594,19518700
2021-06-24 00:00:00-04:00,254.95294991373922,256.5717923463721,254.29200102786703,255.46063232421875,21446900
2021-06-25 00:00:00-04:00,255.0200036088558,255.9970444803335,253.61189895821977,253.86093139648438,25611100
2021-06-28 00:00:00-04:00,254.98168189790582,257.57756518731253,254.7134728779589,257.4051513671875,19590000
2021-06-29 00:00:00-04:00,257.5488206535005,260.2117634140492,256.6963106394944,259.9722900390625,19937800
2021-06-30 00:00:00-04:00,259.2921672211762,259.93393943000825,258.2480669213287,259.4933166503906,21656500
2021-07-01 00:00:00-04:00,258.2576211651032,260.39373393462904,258.24806210942415,260.1638488769531,16725300
2021-07-02 00:00:00-04:00,261.33246402879064,266.29434443811215,261.02593114886895,265.9590759277344,26458000
2021-07-06 00:00:00-04:00,266.32313540922155,267.6067092239565,262.75018203961656,265.9687194824219,31565600
2021-07-07 00:00:00-04:00,267.63541458265394,268.8711052744127,265.48015439666386,268.1430969238281,23260000
2021-07-08 00:00:00-04:00,265.24061585092875,266.99357674160086,263.29609386369236,265.7387390136719,24618600
2021-07-09 00:00:00-04:00,264.1103227820157,266.3422011475836,263.72717133618806,266.2368469238281,23916700
2021-07-12 00:00:00-04:00,267.40546428349097,267.98976509306584,264.9340835028686,265.6429443359375,18931700
2021-07-13 00:00:00-04:00,265.83459322837217,270.94018194655666,265.7100916289199,269.14892578125,26120100
2021-07-14 00:00:00-04:00,270.4612354852631,271.71607363125577,268.7370096462592,270.614501953125,23113700
2021-07-15 00:00:00-04:00,270.1260269670579,270.61456211493976,268.04738474826695,269.1968688964844,22604200
2021-07-16 00:00:00-04:00,270.1929845890148,272.1375069226489,267.6928677414366,268.9285583496094,26186800
2021-07-19 00:00:00-04:00,267.1851468995876,268.56451546498283,262.8938040139855,265.34600830078125,32935600
2021-07-20 00:00:00-04:00,266.3231470052684,269.13935642812294,264.6276859170567,267.558837890625,26259700
2021-07-21 00:00:00-04:00,267.1564446467367,269.66612050122745,265.6142504127117,269.5511779785156,24364300
2021-07-22 00:00:00-04:00,271.8884718248349,274.35985328231106,271.4861729483263,274.0916442871094,23384100
2021-07-23 00:00:00-04:00,275.26994070151574,277.7796178174316,274.4365777604016,277.4731140136719,22768100
2021-07-26 00:00:00-04:00,276.8312063761206,277.4921551936187,274.57059187126583,276.87908935546875,23176100
2021-07-27 00:00:00-04:00,277.2430893009287,277.386767469363,271.0359585638651,274.47479248046875,33604100
2021-07-28 00:00:00-04:00,276.8215975375424,277.9327573622619,271.87886420658435,274.1682434082031,33566900
2021-07-29 00:00:00-04:00,274.187400760919,276.467191757566,274.0341343071643,274.43646240234375,18168300
2021-07-30 00:00:00-04:00,273.1625138234118,274.5897658444149,271.95555860787897,272.9134521484375,20944800
2021-08-02 00:00:00-04:00,274.3023136016928,274.69505336581767,271.79263781236295,272.8271789550781,16267400
2021-08-03 00:00:00-04:00,273.401963651149,275.13574847156286,272.041742078418,275.0303649902344,17879000
2021-08-04 00:00:00-04:00,274.1682476532474,275.4805569222393,272.66434801294275,274.446044921875,16191300
2021-08-05 00:00:00-04:00,274.8004613109347,277.4346681421628,274.0533056335625,277.32928466796875,13900200
2021-08-06 00:00:00-04:00,276.3618388625209,277.3101439901318,275.50929969046035,277.2718200683594,16589300
2021-08-09 00:00:00-04:00,277.5496749205149,279.27387173431777,275.6913589689798,276.189453125,16117600
2021-08-10 00:00:00-04:00,276.6396430462335,277.0707068328733,273.1912496834788,274.3790283203125,18616600
2021-08-11 00:00:00-04:00,275.11664723521795,276.50560482275705,273.8234848662326,274.86761474609375,13955900
2021-08-12 00:00:00-04:00,274.5610525260316,277.7604137036559,274.28325519156255,277.6071472167969,14561300
2021-08-13 00:00:00-04:00,277.29103790576875,280.5670175063844,277.1185948484272,280.5191345214844,18249000
2021-08-16 00:00:00-04:00,280.84477083854165,282.40614177195425,277.80823587058995,282.1954040527344,22507600
2021-08-17 00:00:00-04:00,280.0785212338577,281.07470952149254,278.8236537350814,280.73944091796875,20075300
2021-08-18 00:00:00-04:00,280.2787552513025,282.9467958439038,278.58001926830815,279.0215148925781,21813000
2021-08-19 00:00:00-04:00,277.06371360649507,285.4901192550461,277.0157389505049,284.81829833984375,29850500
2021-08-20 00:00:00-04:00,287.6494504032282,293.5229764433976,286.0562996654451,292.1025695800781,40817600
2021-08-23 00:00:00-04:00,291.0372472733272,293.1006547103833,289.6936351716544,292.380859375,22830200
2021-08-24 00:00:00-04:00,292.73598718389235,293.3406200208981,289.8376215126441,290.4326477050781,18175800
2021-08-25 00:00:00-04:00,292.0449832645035,292.32331236094075,288.3212662286274,289.84722900390625,20006100
2021-08-26 00:00:00-04:00,288.8683063071112,290.2503159413958,286.9104837323351,287.0448303222656,17666100
2021-08-27 00:00:00-04:00,286.9489244928355,288.7532169333331,284.8759095157889,287.6495361328125,22605700
2021-08-30 00:00:00-04:00,288.99305899463644,291.96821926723266,288.935477703884,291.36358642578125,16348100
2021-08-31 00:00:00-04:00,292.16018861273085,292.2369539074186,289.3577720955228,289.72247314453125,26285300
2021-09-01 00:00:00-04:00,290.67262417838776,292.89919870843596,289.3481957201944,289.67449951171875,18983800
2021-09-02 00:00:00-04:00,290.0296430024722,291.14290105479273,288.0909748362211,289.02191162109375,16285600
2021-09-03 00:00:00-04:00,288.8682550507009,290.413430936319,288.16767300122905,289.0122375488281,14747900
2021-09-07 00:00:00-04:00,288.8875018649386,288.96426715610795,286.1906707011484,288.0909118652344,17180400
2021-09-08 00:00:00-04:00,287.70704475507114,288.50360551584674,285.49007706649724,288.1197204589844,15046800
2021-09-09 00:00:00-04:00,288.705194927188,289.97204208683576,285.0390293387629,285.2789611816406,19927000
2021-09-10 00:00:00-04:00,286.40178494786,287.84137565254247,283.48420625224344,283.8009033203125,19633400
2021-09-13 00:00:00-04:00,285.56683334808685,286.51698324787736,282.2365785977501,285.0293884277344,23652900
2021-09-14 00:00:00-04:00,287.4958964728086,289.25221376514764,286.0947028700539,287.7166442871094,21853400
2021-09-15 00:00:00-04:00,291.0468344930602,293.0238698725536,289.6648251982723,292.54400634765625,28356300
2021-09-16 00:00:00-04:00,291.5267848065768,293.01435046119434,288.6476028000496,292.927978515625,19550800
2021-09-17 00:00:00-04:00,291.92024060405146,292.2369376988319,287.4670922568032,287.79339599609375,41372500
2021-09-20 00:00:00-04:00,284.3959685720782,286.68973080217256,277.860228217035,282.4477233886719,38278700
2021-09-21 00:00:00-04:00,283.78175309872546,285.5572543702067,282.22699963878074,282.9275817871094,22364100
2021-09-22 00:00:00-04:00,284.7798868463927,288.12932568723215,282.6492911094491,286.55535888671875,26626300
2021-09-23 00:00:00-04:00,286.81448200996863,288.781911071233,285.5476350659735,287.4958801269531,18604600
2021-09-24 00:00:00-04:00,286.21945226743645,287.72620170617705,284.971789339243,287.2943420410156,14999000
2021-09-27 00:00:00-04:00,284.21366203503686,284.53035916304015,281.142522901756,282.322998046875,23571700
2021-09-28 00:00:00-04:00,278.12892262453175,279.0694657966121,271.36285777992146,272.1018371582031,43186200
2021-09-29 00:00:00-04:00,273.6182056816531,275.22093355823574,271.6123795307858,272.5625,26353700
2021-09-30 00:00:00-04:00,274.20365982638276,276.23827687630234,270.278378953934,270.5663146972656,32343600
2021-10-01 00:00:00-04:00,270.7582763645691,278.301748595393,269.96171554788884,277.4571838378906,30086300
2021-10-04 00:00:00-04:00,275.82561222271863,276.16152262576014,268.96356808295144,271.7083740234375,31350700
2021-10-05 00:00:00-04:00,272.6105528079684,278.7048275786298,272.6105528079684,277.1308898925781,24993000
2021-10-06 00:00:00-04:00,274.2708756099428,281.8047410195279,274.0117597743309,281.3056640625,28002600
2021-10-07 00:00:00-04:00,283.29231359523686,284.6935366211754,282.0830770442581,282.9756164550781,20430500
2021-10-08 00:00:00-04:00,284.2904382451461,284.6935366211754,281.9295171528448,282.9756164550781,17685700
2021-10-11 00:00:00-04:00,281.12340501267863,285.9700173933724,280.96023844326857,282.3806457519531,19298600
2021-10-12 00:00:00-04:00,283.4459128754628,283.541891482003,280.57633705782945,281.0849914550781,17974100
2021-10-13 00:00:00-04:00,283.0331881435553,285.30773721131357,281.6703624588803,284.3768005371094,23416300
2021-10-14 00:00:00-04:00,287.15996114857046,291.05645115386534,285.83553295482557,290.5574035644531,27262900
2021-10-15 00:00:00-04:00,290.16399355489904,292.18903370330804,288.41728256762934,291.95867919921875,25384800
2021-10-18 00:00:00-04:00,291.3444853657865,295.79760575348956,290.49992047624994,294.9146728515625,22729300
2021-10-19 00:00:00-04:00,295.9318739981731,296.8435972219743,294.8473776272357,295.81671142578125,17682100
2021-10-20 00:00:00-04:00,296.75725195686545,297.2275382211196,293.7820916523756,295.0297546386719,16537100
2021-10-21 00:00:00-04:00,294.79942529790196,298.49435169218145,294.0220192983192,298.2448425292969,16918100
2021-10-22 00:00:00-04:00,297.89937264623074,298.5615868809637,295.40407560259746,296.7093200683594,17449300
2021-10-25 00:00:00-04:00,296.9011486618996,296.93954594501974,294.1179460508695,295.720703125,17554500
2021-10-26 00:00:00-04:00,298.4751735047065,299.81878579139044,296.1718339720267,297.6210021972656,28107300
2021-10-27 00:00:00-04:00,303.27383257307736,312.9670843453073,303.27383257307736,310.15509033203125,52588700
2021-10-28 00:00:00-04:00,311.2682928158976,311.7865536762648,308.4179020167002,311.2875061035156,26297900
2021-10-29 00:00:00-04:00,311.0764222231841,318.62947157711153,310.8556743947785,318.2647705078125,34766000
2021-11-01 00:00:00-04:00,318.01528656238753,318.14005582207426,313.22625576663637,316.1054382324219,27073200
2021-11-02 00:00:00-04:00,317.0074904775489,320.02104795725353,316.7099773873297,319.71392822265625,26487100
2021-11-03 00:00:00-04:00,320.4529410895813,321.41266839400566,317.33382735020217,320.5489196777344,21500100
2021-11-04 00:00:00-04:00,319.48363531417436,322.98663410539643,316.2397523503642,322.8906555175781,23992200
2021-11-05 00:00:00-04:00,324.8772834386426,325.1460058993081,320.95200246852335,322.52593994140625,22570100
2021-11-08 00:00:00-05:00,323.7160617546137,324.0519722245829,320.9712552672445,323.4185485839844,20897000
2021-11-09 00:00:00-05:00,323.5336374688277,325.078813563159,321.0575540639552,322.4203796386719,21307400
2021-11-10 00:00:00-05:00,321.0959739152807,321.1535552109362,316.63324777065986,317.477783203125,25500900
2021-11-11 00:00:00-05:00,317.90964316198944,320.328145224204,317.1994543880921,319.0421142578125,16849800
2021-11-12 00:00:00-05:00,320.47207766412674,323.64877193823406,320.34730845825095,323.1593017578125,23831000
2021-11-15 00:00:00-05:00,323.94638389817203,324.2726876885674,320.57773146516666,322.53558349609375,16723000
2021-11-16 00:00:00-05:00,322.161233873272,326.95029273164477,321.9980966435647,325.8370056152344,20886800
2021-11-17 00:00:00-05:00,325.8851370775491,329.0099576589885,324.9813404697,326.0581970214844,19053400
2021-11-18 00:00:00-05:00,325.1543261152059,329.2598774584323,324.1351564442823,328.12530517578125,22463500
2021-11-19 00:00:00-05:00,329.44260130183307,331.8078416400719,329.01954636756113,329.89447021484375,21963400
2021-11-22 00:00:00-05:00,331.3462339864415,336.2017402613844,326.47150861656763,326.74072265625,31031100
2021-11-23 00:00:00-05:00,324.06790589930085,326.3754890891575,320.7123388682241,324.67364501953125,30427600
2021-11-24 00:00:00-05:00,323.3275227878649,325.13511563845185,321.04881262656716,324.8947448730469,21661300
2021-11-26 00:00:00-05:00,321.4718896050423,324.9139862915625,315.4818391564863,316.98175048828125,24217200
2021-11-29 00:00:00-05:00,322.03915370433015,325.9716160847785,321.84684534637535,323.6640625,28563500
2021-11-30 00:00:00-05:00,322.4045150069706,324.7697551795586,316.31831064916247,317.856689453125,42885600
2021-12-01 00:00:00-05:00,322.2218403334276,326.2119893836903,316.7029366546509,317.3663330078125,33337600
2021-12-02 00:00:00-05:00,317.57784067361735,320.6449739601022,315.1741330410827,316.7990417480469,30766000
2021-12-03 00:00:00-05:00,319.2027012508651,319.88537524190724,305.78040807041685,310.568603515625,41779300
2021-12-06 00:00:00-05:00,311.47244701692887,314.83763770524575,306.9342458292847,313.62615966796875,30032600
2021-12-07 00:00:00-05:00,318.8662948497607,322.8660390443126,317.38560254163633,322.01995849609375,31021900
2021-12-08 00:00:00-05:00,322.3949855406202,322.57766972777796,318.05868616462965,322.0680847167969,24761000
2021-12-09 00:00:00-05:00,321.52962129274965,323.52949356795324,319.3278164061056,320.27008056640625,22214200
2021-12-10 00:00:00-05:00,322.0775658320641,329.78864844836016,321.894881726078,329.34637451171875,38095700
2021-12-13 00:00:00-05:00,327.55808990182186,330.5483179150928,326.0197109116661,326.327392578125,28899400
2021-12-14 00:00:00-05:00,320.3854016251195,321.75072054562577,311.6262752750999,315.693359375,44438700
2021-12-15 00:00:00-05:00,315.9529188096588,322.2794934666321,312.00123771055326,321.7602844238281,35381100
2021-12-16 00:00:00-05:00,322.7794945853097,323.78906948093504,310.5782712717892,312.3858642578125,35034800
2021-12-17 00:00:00-05:00,308.52067208536005,312.4050716507524,305.0304840740271,311.32818603515625,47750300
2021-12-20 00:00:00-05:00,307.72269664260455,310.3667755304143,305.3382370063855,307.5881042480469,28326500
2021-12-21 00:00:00-05:00,310.83796546359196,315.1069539539936,307.4823685651741,314.68389892578125,24740600
2021-12-22 00:00:00-05:00,315.65497996606166,320.76045433493294,313.2032090990739,320.36627197265625,24831500
2021-12-23 00:00:00-05:00,319.93351795028815,323.43333069819255,319.91429885047023,321.7987976074219,19617800
2021-12-27 00:00:00-05:00,322.53916090050194,329.2887920541107,322.51031757686,329.25994873046875,19947000
2021-12-28 00:00:00-05:00,329.9329216504245,330.567504020854,327.21193737349995,328.1061096191406,15661500
2021-12-29 00:00:00-05:00,328.15415682405353,331.0386060056612,326.59655896072684,328.7791442871094,15042000
2021-12-30 00:00:00-05:00,328.7406955115323,329.9137060860202,325.76971620596595,326.2504577636719,15994500
2021-12-31 00:00:00-05:00,325.47164761227714,326.288884758608,322.9140990920403,323.3659973144531,18000800
2022-01-03 00:00:00-05:00,322.433341000755,324.98126516990294,317.0778734645708,321.8564453125,28865100
2022-01-04 00:00:00-05:00,321.93330199624364,322.2890753116592,313.5587942701049,316.3374938964844,32674300
2022-01-05 00:00:00-05:00,313.3089347213249,313.51086734109714,303.8095043444839,304.194091796875,40054300
2022-01-06 00:00:00-05:00,301.08842050942394,306.42466920650463,299.49235507622586,301.7903137207031,39646100
2022-01-07 00:00:00-05:00,302.0499018859666,304.30939297872214,298.1462829521569,301.94415283203125,32720000
2022-01-10 00:00:00-05:00,297.56939515988586,302.597962334878,292.95428801782003,302.165283203125,44289500
2022-01-11 00:00:00-05:00,301.3095218517947,304.4150929012101,297.9539558539571,302.847900390625,29386800
2022-01-12 00:00:00-05:00,307.3572996957186,310.95323691547827,304.8670327735876,306.0111999511719,34372200
2022-01-13 00:00:00-05:00,308.126544870594,308.5207565325556,292.290914231785,293.0600891113281,45366000
2022-01-14 00:00:00-05:00,292.5312389014695,298.8481900342401,292.05049734205875,298.2520751953125,39846400
2022-01-18 00:00:00-05:00,292.3581164990314,297.8673948134617,290.1178448793746,290.9927978515625,42333200
2022-01-19 00:00:00-05:00,294.4926786966677,301.8191755170397,291.04095775062984,291.64666748046875,45933900
2022-01-20 00:00:00-05:00,297.1655554938759,299.64616870365205,289.5410024064944,289.9832763671875,35380700
2022-01-21 00:00:00-05:00,291.0313814474847,292.3966712973026,284.22406327473504,284.6278991699219,57984400
2022-01-24 00:00:00-05:00,280.94540441346044,285.666261131879,265.4174271692936,284.95477294921875,85731500
2022-01-25 00:00:00-05:00,280.2916198365642,283.6279682848352,274.1862239461247,277.3783264160156,72848600
2022-01-26 00:00:00-05:00,296.1272067657119,296.6175725961171,281.74342604783857,285.28167724609375,90428900
2022-01-27 00:00:00-05:00,291.00240431729713,295.4636695050872,286.4545798515134,288.291015625,53481300
2022-01-28 00:00:00-05:00,288.6661016492175,296.59833777305556,283.10873012038377,296.3868103027344,49743700
2022-01-31 00:00:00-05:00,297.05023502997614,300.34811523788875,294.5695920371354,299.0020446777344,46444500
2022-02-01 00:00:00-05:00,298.45399507702996,298.6655225486515,293.37736510025144,296.8675537109375,40950400
2022-02-02 00:00:00-05:00,297.7040073654435,302.9825400250582,296.98289506365415,301.386474609375,36636000
2022-02-03 00:00:00-05:00,297.5694324128608,299.2424331685659,288.4064984985747,289.6468200683594,43730000
2022-02-04 00:00:00-05:00,288.6468494123292,296.9059861831538,288.41610284488047,294.1561584472656,35096500
2022-02-07 00:00:00-05:00,294.37731117460294,295.98297161566165,288.3487929994967,289.3583679199219,28533300
2022-02-08 00:00:00-05:00,289.64680820459523,293.79079836630905,288.3968918064597,292.8293151855469,32421200
2022-02-09 00:00:00-05:00,297.9348214827328,299.91547470681274,295.55036170966486,299.22320556640625,31284700
2022-02-10 00:00:00-05:00,292.3293418995418,297.2136633368289,289.1179917352157,290.7332763671875,45386200
2022-02-11 00:00:00-05:00,291.51204526354115,292.5696824760353,282.8875412205064,283.67596435546875,39175600
2022-02-14 00:00:00-05:00,282.4549382210914,285.3297932381347,280.12816506880574,283.6375732421875,36359500
2022-02-15 00:00:00-05:00,288.45448512893597,289.2140354696684,285.579631395878,288.8967590332031,27058300
2022-02-16 00:00:00-05:00,287.4708129536852,289.8794902474658,282.95213199832875,288.5595397949219,29982100
2022-02-17 00:00:00-05:00,285.53430336959343,285.958233038907,279.40664080865434,280.1099853515625,32461600
2022-02-18 00:00:00-05:00,282.34519885606585,283.1256081080043,275.8514129414356,277.4122314453125,34264000
2022-02-22 00:00:00-05:00,274.5892573925205,280.89036647915503,274.10752185323537,277.20989990234375,41736100
2022-02-23 00:00:00-05:00,279.58007749575995,281.04457259903455,269.86830032930663,270.0320739746094,37811200
2022-02-24 00:00:00-05:00,262.55557639782796,284.3781957137695,261.6017198059236,283.8290100097656,56989700
2022-02-25 00:00:00-05:00,284.35892976880194,286.75796386461934,280.9963949831395,286.44964599609375,32546700
2022-02-28 00:00:00-05:00,283.5591579767434,288.2127395416602,282.29701327303695,287.8755187988281,34627500
2022-03-01 00:00:00-05:00,285.5728578838848,289.01245712557574,281.47810528267394,284.17584228515625,31217800
2022-03-02 00:00:00-05:00,284.57084383733564,290.4576682481348,282.9715074955346,289.22442626953125,31873000
2022-03-03 00:00:00-05:00,291.82580808856017,292.05703176941057,283.30869674167064,285.11041259765625,27314500
2022-03-04 00:00:00-05:00,283.53986601323993,284.85981647260746,276.6799577495379,279.27166748046875,32356500
2022-03-07 00:00:00-05:00,277.9903600081898,279.1079901922431,268.35564745891236,268.7217712402344,43157200
2022-03-08 00:00:00-05:00,267.6522494658014,273.5872347405663,260.13718693761393,265.77349853515625,48159500
2022-03-09 00:00:00-05:00,273.0862641319039,279.0212499230222,270.52342735372963,277.96142578125,35204500
2022-03-10 00:00:00-05:00,272.6816172407287,276.1308607136372,270.33074508462164,275.1577453613281,30628000
2022-03-11 00:00:00-05:00,277.441127086034,278.9345249185214,269.22271985726513,269.83935546875,27209300
2022-03-14 00:00:00-04:00,270.09954271533127,274.97470517723553,265.7446629920697,266.3420104980469,30660700
2022-03-15 00:00:00-04:00,270.10914399569396,277.3062746946172,268.5483254301358,276.6607360839844,34245100
2022-03-16 00:00:00-04:00,278.54913550581284,283.80970925762125,272.8550467725236,283.63629150390625,37826300
2022-03-17 00:00:00-04:00,282.5765423633839,284.81177372239335,278.7997214415844,284.43603515625,30816600
2022-03-18 00:00:00-04:00,284.5804958303675,290.0048436231841,282.0369470428673,289.4556579589844,43390600
2022-03-21 00:00:00-04:00,287.9719595079404,289.1762986686458,284.12768891305694,288.2320861816406,28351200
2022-03-22 00:00:00-04:00,288.84863696836237,293.8586986740922,287.85626286698505,292.9530334472656,27599700
2022-03-23 00:00:00-04:00,289.5327166388402,292.15335927003025,286.84462397235353,288.5499572753906,25715400
2022-03-24 00:00:00-04:00,288.2127385462436,293.08789961459325,287.42268524354915,292.9915466308594,24484500
2022-03-25 00:00:00-04:00,294.0803426717011,294.3404693263562,288.3573210468133,292.5869445800781,22566500
2022-03-28 00:00:00-04:00,293.21315853638436,299.4468179763362,293.21315853638436,299.3504943847656,29578200
2022-03-29 00:00:00-04:00,302.44319069026733,304.28342386238455,297.7607062548544,303.8883972167969,30393400
2022-03-30 00:00:00-04:00,302.29881797677035,304.4088228492775,300.19842782505293,302.3951416015625,28163600
2022-03-31 00:00:00-04:00,302.43355970417105,303.6282838118876,296.6431186303352,297.0477600097656,33422100
2022-04-01 00:00:00-04:00,298.0690573372068,298.8013048013512,294.37897586444814,298.11724853515625,27110500
2022-04-04 00:00:00-04:00,298.7627341145734,303.59934819649135,298.39661041143324,303.4644775390625,24289600
2022-04-05 00:00:00-04:00,301.82660661689823,303.3681663887453,298.5508104784777,299.52392578125,23156700
2022-04-06 00:00:00-04:00,294.04169166779053,295.7855716762638,285.87144770227894,288.5595397949219,40110400
2022-04-07 00:00:00-04:00,285.82338673563873,292.55804141565983,285.52471299808303,290.361328125,31411200
2022-04-08 00:00:00-04:00,289.46525511827485,290.1204083993762,285.4572118764955,286.12200927734375,24361900
2022-04-11 00:00:00-04:00,281.1312167731274,281.9212406623146,274.58924032351246,274.8397521972656,34569300
2022-04-12 00:00:00-04:00,278.6743681898196,280.11957482236716,270.24399616662504,271.75665283203125,30966700
2022-04-13 00:00:00-04:00,272.4022274692682,278.0385105603026,271.02444128433206,277.11358642578125,21907200
2022-04-14 00:00:00-04:00,277.56643644763085,277.7784013045191,269.1168039398963,269.608154296875,28221600
2022-04-18 00:00:00-04:00,268.7217442498862,272.14205510022083,268.17255863306326,270.2729187011719,20778000
2022-04-19 00:00:00-04:00,269.1745633932946,275.7165404624221,268.2399952405621,274.8782958984375,22297700
2022-04-20 00:00:00-04:00,278.82852699073885,279.11758595882566,274.94573968215394,275.8995666503906,22906700
2022-04-21 00:00:00-04:00,278.03852943515125,282.5861150592423,269.82976470304897,270.5523681640625,29454600
2022-04-22 00:00:00-04:00,271.39056854763874,272.8550636325426,263.393769113378,264.02001953125,29405800
2022-04-25 00:00:00-04:00,263.30702351755633,270.8413451266627,260.8790575428307,270.4656066894531,35678900
2022-04-26 00:00:00-04:00,267.3633137874921,268.19188507903243,260.137278279722,260.3492431640625,46518400
2022-04-27 00:00:00-04:00,271.7951847238902,280.3411680957989,268.96257753012264,272.874267578125,63477700
2022-04-28 00:00:00-04:00,274.7723263295594,280.3508322510041,271.17856852888485,279.0501403808594,33646600
2022-04-29 00:00:00-04:00,278.06746249784794,279.29108997541846,266.3998381310292,267.382568359375,37073900
2022-05-02 00:00:00-04:00,267.56550972229473,274.5314152870126,266.12994741338053,274.0785827636719,35151100
2022-05-03 00:00:00-04:00,273.58726807497914,273.7510711128351,269.9164452309345,271.4869079589844,25978600
2022-05-04 00:00:00-04:00,272.2673535703565,280.2545389514792,266.6214258152803,279.3874206542969,33599300
2022-05-05 00:00:00-04:00,275.10958168100854,275.88999102064156,264.318692205309,267.21875,43260400
2022-05-06 00:00:00-04:00,264.7714311885404,269.0492442642496,261.3607360275728,264.6943664550781,37780300
2022-05-09 00:00:00-04:00,260.19497757281874,262.4109491258786,253.7011924001601,254.91514587402344,47726000
2022-05-10 00:00:00-04:00,261.76549132988686,263.7502396394238,255.3873167232384,259.6554870605469,39336400
2022-05-11 00:00:00-04:00,255.97503719293763,261.4475468907718,249.82808585226212,251.0324249267578,48975900
2022-05-12 00:00:00-04:00,248.27690379509,250.38690814257984,240.88708121967693,246.0223846435547,51033800
2022-05-13 00:00:00-04:00,247.94931299700548,253.43146634006962,246.0223706452165,251.5815887451172,34925100
2022-05-16 00:00:00-04:00,250.46395431193443,256.1099105942852,246.43665192316664,251.9477081298828,32550900
2022-05-17 00:00:00-04:00,256.3893090476885,258.5282163055622,252.87264501904795,257.0733947753906,28828800
2022-05-18 00:00:00-04:00,253.98308927658698,254.56252427185584,244.10382723032592,245.36891174316406,31356000
2022-05-19 00:00:00-04:00,245.19508938818183,248.83585464293373,243.24435524609143,244.46115112304688,32692300
2022-05-20 00:00:00-04:00,248.420587153045,249.67603468949343,237.99087400334946,243.9010467529297,39199300
2022-05-23 00:00:00-04:00,246.7305445650261,252.5344867374103,244.74115917492952,251.713623046875,33175400
2022-05-24 00:00:00-04:00,249.0483104249833,252.3703436440929,244.80880649372511,250.71897888183594,29043900
2022-05-25 00:00:00-04:00,249.28973864171456,255.508917485171,248.31435684807386,253.51954650878906,28547900
2022-05-26 00:00:00-04:00,253.27814016507855,257.95219866287647,252.4669428526963,256.78369140625,25002100
2022-05-27 00:00:00-04:00,259.2751950241192,263.96855616192437,258.38672418405815,263.8719787597656,26910800
2022-05-31 00:00:00-04:00,263.18632567522593,265.34951799157335,259.70974554446406,262.5489501953125,37827700
2022-06-01 00:00:00-04:00,265.76485697863757,268.1694785962378,260.7817625947678,263.0801696777344,25292200
2022-06-02 00:00:00-04:00,255.38340607068776,265.2336837998182,252.63111175251524,265.16607666015625,44008200
2022-06-03 00:00:00-04:00,261.0424863281772,264.074846353105,259.20763325124227,260.7624206542969,28059000
2022-06-06 00:00:00-04:00,262.732495427998,264.77980709613064,258.0584370323219,259.5359802246094,22400300
2022-06-07 00:00:00-04:00,257.49833236224606,263.76581500022235,256.82231988834405,263.15740966796875,22860700
2022-06-08 00:00:00-04:00,262.3943946678697,263.6401751761552,260.36638742610467,261.13897705078125,17372300
2022-06-09 00:00:00-04:00,258.5992253476871,263.3601943996646,255.55722824112877,255.7117462158203,26439700
2022-06-10 00:00:00-04:00,251.6460439882833,251.6460439882833,243.87204872141055,244.3162841796875,31422800
2022-06-13 00:00:00-04:00,236.70644141538565,240.48239119497188,233.24917940412797,233.9541473388672,46135800
2022-06-14 00:00:00-04:00,235.49932172717016,237.31487111467933,233.22988499278367,236.10772705078125,28651500
2022-06-15 00:00:00-04:00,239.79673406143797,246.54708847653447,237.97153296010552,243.12844848632812,33111700
2022-06-16 00:00:00-04:00,237.5466256119709,238.9372578860195,234.6881168136664,236.57125854492188,33169200
2022-06-17 00:00:00-04:00,236.31050590715876,241.91165700040483,235.6634784930398,239.15936279296875,43084800
2022-06-21 00:00:00-04:00,241.67987371090587,246.0159401392919,240.95558733169304,245.0405731201172,29928300
2022-06-22 00:00:00-04:00,243.254000161548,248.35298995386094,241.7861089374633,244.4514923095703,25939900
2022-06-23 00:00:00-04:00,246.8078492299289,250.47755532769025,244.93435931975776,249.9850311279297,25861400
2022-06-24 00:00:00-04:00,252.8338959418169,258.79237173531016,252.74698510975713,258.52197265625,33923200
2022-06-27 00:00:00-04:00,259.01437852782175,259.1012893300706,254.25341126431073,255.8082275390625,24615100
2022-06-28 00:00:00-04:00,254.92950951957212,257.7590479870569,247.53212753900692,247.6866455078125,27295500
2022-06-29 00:00:00-04:00,248.7585787991081,252.98841615797966,246.9913181866432,251.33705139160156,20069800
2022-06-30 00:00:00-04:00,248.23710148525814,250.6320859946273,244.2293889586405,248.02464294433594,31730900
2022-07-01 00:00:00-04:00,247.599724121051,250.86381660731956,245.88073757874744,250.68032836914062,22837700
2022-07-05 00:00:00-04:00,247.37766413117046,253.96385033160524,246.00635001076787,253.8383026123047,22941000
2022-07-06 00:00:00-04:00,254.70735692498906,258.8019795069243,253.40363564931488,257.0830078125,23824400
2022-07-07 00:00:00-04:00,256.0304226841945,259.8353431316474,255.9338452648158,259.1979675292969,20859900
2022-07-08 00:00:00-04:00,255.71173945693104,258.9082544536916,254.26316663768768,258.48333740234375,19658800
2022-07-11 00:00:00-04:00,256.54227590235445,257.39211012267776,253.19124247116224,255.44137573242188,19455200
2022-07-12 00:00:00-04:00,256.7643979233419,256.8223384857245,243.3988864910708,244.97300720214844,35868500
2022-07-13 00:00:00-04:00,241.61229886642806,244.85710267048802,239.60360939385333,244.05555725097656,29497400
2022-07-14 00:00:00-04:00,241.97925680708025,246.39256746391416,237.5079908622042,245.36891174316406,25102800
2022-07-15 00:00:00-04:00,246.952711238918,251.44328137226535,246.0352846750309,247.91842651367188,29774100
2022-07-18 00:00:00-04:00,250.84451446983314,251.89714046464383,244.6156545937457,245.5330810546875,20975000
2022-07-19 00:00:00-04:00,248.74886295733143,250.815507255263,244.9825802573405,250.63201904296875,25012600
2022-07-20 00:00:00-04:00,250.98938157590604,255.7889874324287,250.03333293209215,253.2781219482422,22788300
2022-07-21 00:00:00-04:00,250.88309992787572,255.80825216166474,248.21771718390667,255.75994873046875,22404700
2022-07-22 00:00:00-04:00,256.1462886118709,256.23319944277154,250.1878423691355,251.43359375,21881300
2022-07-25 00:00:00-04:00,252.05165427259675,252.5345118478316,248.00530543442562,249.95603942871094,21056000
2022-07-26 00:00:00-04:00,250.95078869386373,250.97012186341527,241.0135984869494,243.26370239257812,39348000
2022-07-27 00:00:00-04:00,252.20613823088766,260.7913294360416,249.97533889176114,259.5262451171875,45994000
2022-07-28 00:00:00-04:00,260.5016826567174,268.31431531179504,258.68613331334205,266.933349609375,33459300
2022-07-29 00:00:00-04:00,268.1791756325024,272.33174002161905,267.1458530919337,271.11492919921875,32152800
2022-08-01 00:00:00-04:00,268.29499686655436,271.63636311853617,266.38287021128184,268.4784851074219,21539600
2022-08-02 00:00:00-04:00,266.5374558232472,268.3626721126067,263.0415707195236,265.3979187011719,22754200
2022-08-03 00:00:00-04:00,267.2713577584934,273.7802690088794,267.12647689627147,272.78558349609375,23518900
2022-08-04 00:00:00-04:00,272.13850053519735,274.0699307149256,270.5644096945988,273.9250793457031,18098700
2022-08-05 00:00:00-04:00,269.57938130013923,273.92509952465934,269.1254939956156,273.2104797363281,16774600
2022-08-08 00:00:00-04:00,274.31141927705306,276.11733164460054,269.74360476800535,270.7093200683594,18739200
2022-08-09 00:00:00-04:00,270.05262233660574,273.3746556298809,268.09219211802474,272.62139892578125,23405200
2022-08-10 00:00:00-04:00,278.2901063596378,279.87386364505505,277.1022662921124,279.24615478515625,24687800
2022-08-11 00:00:00-04:00,280.8783020655473,281.2259454287706,276.6871011826993,277.1795959472656,20065900
2022-08-12 00:00:00-04:00,278.58952057102715,281.90191650390625,277.10231096943915,281.90191650390625,22619700
2022-08-15 00:00:00-04:00,281.02312948938925,284.09409682100915,280.1636287959346,283.408447265625,18085700
2022-08-16 00:00:00-04:00,281.97912247538005,283.95885597173196,280.4629722748616,282.6744384765625,18102900
2022-08-17 00:00:00-04:00,280.4002359720042,283.8938831580585,280.1389500408416,281.9293212890625,18253400
2022-08-18 00:00:00-04:00,280.8356898800539,282.50024663716766,279.76145551717,280.81634521484375,17186200
2022-08-19 00:00:00-04:00,279.58728744368415,279.9260110820991,276.35495606289055,276.9259338378906,20570000
2022-08-22 00:00:00-04:00,272.98716276174565,273.3549182202422,268.28383861490187,268.7967529296875,25061100
2022-08-23 00:00:00-04:00,267.5289611816406,269.87093596211275,266.52247730381634,267.5289611816406,17527400
2022-08-24 00:00:00-04:00,266.5322078904403,268.2935475805408,266.2418606203545,266.89996337890625,18137000
2022-08-25 00:00:00-04:00,268.3902454376077,270.02577059536407,265.67082824168347,269.86126708984375,16583400
2022-08-26 00:00:00-04:00,270.0838482135881,271.3032415870308,259.34168014145877,259.4481201171875,27549300
2022-08-29 00:00:00-04:00,257.2803379595906,258.7803619357156,255.34480790841272,256.6803283691406,20338500
2022-08-30 00:00:00-04:00,258.07390638773194,258.44163228050394,252.25762926790654,254.4931640625,22767100
2022-08-31 00:00:00-04:00,256.83514003630484,258.4996673056546,252.905987385719,253.04148864746094,24791800
2022-09-01 00:00:00-04:00,250.52536296277327,252.48026749324697,247.17690376904113,252.00604248046875,23263400
2022-09-02 00:00:00-04:00,253.26411708214042,256.20610147316614,246.26716536821394,247.805908203125,22855400
2022-09-06 00:00:00-04:00,247.9414362596074,249.51886860124202,243.81874738590238,245.08651733398438,21328200
2022-09-07 00:00:00-04:00,246.4897092030272,250.48656807085013,245.0574213315163,249.7704315185547,24126700
2022-09-08 00:00:00-04:00,249.20917715444372,252.03503444444726,246.57684037919475,250.1865997314453,20319900
2022-09-09 00:00:00-04:00,252.10276352799647,256.68030226569743,251.8995411627663,255.9351043701172,22084700
2022-09-12 00:00:00-04:00,257.2125536578714,258.82873403398463,256.6125441459456,258.05450439453125,18747700
2022-09-13 00:00:00-04:00,250.49629269213037,252.00600375133774,243.47999634028216,243.8671112060547,33353300
2022-09-14 00:00:00-04:00,245.3574762961727,246.03490888980133,241.80578027171973,244.08970642089844,23913000
2022-09-15 00:00:00-04:00,241.71865662350373,243.29610345654862,236.15400813965698,237.4701690673828,31530900
2022-09-16 00:00:00-04:00,236.38627698047728,237.3927608644155,234.25719690326952,236.85081481933594,39791800
2022-09-19 00:00:00-04:00,234.65400280433187,237.23793382536144,233.0862280822725,236.63792419433594,26826900
2022-09-20 00:00:00-04:00,234.2669028613096,235.66047218929285,231.91522600942378,234.6346435546875,26660300
2022-09-21 00:00:00-04:00,236.3959688481416,239.6766917207571,231.19906057717108,231.24745178222656,28625600
2022-09-22 00:00:00-04:00,230.20224081204793,235.99915810009645,229.91192314451845,233.2119903564453,31061200
2022-09-23 00:00:00-04:00,231.8184307644762,233.35718839815166,227.61833404254136,230.2506561279297,34176000
2022-09-26 00:00:00-04:00,229.4087220067833,233.66688257896323,229.26354838030127,229.7958221435547,27694200
2022-09-27 00:00:00-04:00,232.24426616908045,234.00560575138226,226.94091751914982,228.7893524169922,27018700
2022-09-28 00:00:00-04:00,229.1764596269769,234.51852731554808,227.16350637089323,233.2991485595703,29029700
2022-09-29 00:00:00-04:00,231.18936994540456,232.21519843693235,226.85378707356358,229.84417724609375,27484200
2022-09-30 00:00:00-04:00,230.60870866268925,232.7861798495217,225.22793778149074,225.3924560546875,35694800
2022-10-03 00:00:00-04:00,227.82159220301807,233.82173303998002,227.0957683574116,232.9797821044922,28880400
2022-10-04 00:00:00-04:00,237.18950814956145,242.28963357290925,237.08305341434055,240.8573455810547,34888400
2022-10-05 00:00:00-04:00,238.06055067024138,242.50258909201375,236.23147515733956,241.1670684814453,20347100
2022-10-06 00:00:00-04:00,239.9379683013216,242.27028548507374,238.1476119193884,238.834716796875,20239900
2022-10-07 00:00:00-04:00,233.1346048289845,233.5410791626443,225.65378480022213,226.68930053710938,37769600
2022-10-10 00:00:00-04:00,225.53766359831536,226.99898360972267,219.4213809672786,221.8601531982422,29743600
2022-10-11 00:00:00-04:00,220.28268877269275,221.67627288848584,216.88583856563983,218.14393615722656,30474000
2022-10-12 00:00:00-04:00,218.13423774935973,220.5149462849339,216.74066847271945,218.47296142578125,21903900
2022-10-13 00:00:00-04:00,212.76316144954848,228.4893441994696,212.06636940173655,226.68930053710938,42551800
2022-10-14 00:00:00-04:00,227.94737889006004,229.5925913283704,220.9794733149992,221.1923828125,30198600
2022-10-17 00:00:00-04:00,228.21836002283007,231.25714167375685,227.5602721133645,229.87322998046875,28142300
2022-10-18 00:00:00-04:00,235.39917762563184,236.06692311030656,227.78285659055385,230.8119659423828,26329600
2022-10-19 00:00:00-04:00,229.39900168382854,231.88616474151667,226.73764801989628,228.8570556640625,19985700
2022-10-20 00:00:00-04:00,228.16996380022994,233.53137553473397,227.29896641864062,228.53770446777344,21811000
2022-10-21 00:00:00-04:00,227.17318083073934,235.166915097807,226.9409118947973,234.31527709960938,26299700
2022-10-24 00:00:00-04:00,235.90240190553322,239.85088505869388,233.52170816579923,239.2799072265625,24911200
2022-10-25 00:00:00-04:00,239.28959165367502,242.94774252500142,237.9056946583769,242.5800018310547,34775500
2022-10-26 00:00:00-04:00,223.71826021026072,230.61843021635175,222.64404034026404,223.86343383789062,82543200
2022-10-27 00:00:00-04:00,223.59244061528798,226.15702697219044,218.50200154160817,219.44073486328125,40424600
2022-10-28 00:00:00-04:00,218.94718608542487,228.97323332024203,218.7633083498998,228.26675415039062,40647700
2022-10-31 00:00:00-04:00,226.22477072356645,227.34738181471067,223.69890315195386,224.64732360839844,28357300
2022-11-01 00:00:00-04:00,227.03767812320683,228.1409296481597,220.0020223387947,220.81494140625,30592300
2022-11-02 00:00:00-04:00,222.0633621151271,223.84404616078317,212.94700287287873,213.0050811767578,38407000
2022-11-03 00:00:00-04:00,212.9954183740974,213.3051102957607,207.08237299301675,207.3436737060547,36633900
2022-11-04 00:00:00-04:00,210.53729517480699,214.4470595832424,206.55009302136054,214.25350952148438,36789100
2022-11-07 00:00:00-05:00,214.83414923285227,221.04719851693054,214.14702961237924,220.52459716796875,33498000
2022-11-08 00:00:00-05:00,221.32788282257266,224.18278700971726,218.56007395328075,221.49240112304688,28192500
2022-11-09 00:00:00-05:00,220.04072724111327,221.26012061364744,217.098728086194,217.27291870117188,27852900
2022-11-10 00:00:00-05:00,227.84092326094827,235.48627617138314,227.42479136911933,235.14755249023438,46268000
2022-11-11 00:00:00-05:00,235.15720711007216,239.99603178997629,234.13136387371884,239.14439392089844,34620200
2022-11-14 00:00:00-05:00,234.1894756115481,236.0475827819004,231.49908988674315,233.76365661621094,31123300
2022-11-15 00:00:00-05:00,237.74117578758222,239.03797746539766,232.2926536001012,234.1701202392578,31390100
2022-11-16 00:00:00-05:00,235.62584176038104,236.60604855552322,233.3257795259496,234.5971221923828,24093300
2022-11-17 00:00:00-05:00,230.76366974368625,236.07226408161256,230.61810181463593,234.548583984375,23123500
2022-11-18 00:00:00-05:00,236.3245938837583,236.5478177930803,231.9767921721455,234.1021728515625,27613500
2022-11-21 00:00:00-05:00,234.30593853934627,237.45033878363537,234.07302987509001,234.90765380859375,26394700
2022-11-22 00:00:00-05:00,236.40223227361014,238.07148033059326,233.6072243246812,237.79974365234375,19665700
2022-11-23 00:00:00-05:00,237.8774335676582,240.9538932264447,237.0622233658464,240.27455139160156,19508500
2022-11-25 00:00:00-05:00,240.01243748252853,241.36142112614246,239.44955019697596,240.1871337890625,9200800
2022-11-28 00:00:00-05:00,238.81875468278062,239.37192761122702,233.69455635778226,234.626220703125,24778200
2022-11-29 00:00:00-05:00,234.27685297681788,235.6258367832805,231.18099474535325,233.23843383789062,17956300
2022-11-30 00:00:00-05:00,233.47133933183883,247.79580032500542,232.78228328422537,247.6114044189453,47594200
2022-12-01 00:00:00-05:00,246.37890225412923,248.56251016658027,243.51595261951238,247.17471313476562,26041500
2022-12-02 00:00:00-05:00,242.44840731366295,248.50427013338341,242.3222385687394,247.49496459960938,21528500
2022-12-05 00:00:00-05:00,244.57377324279298,246.33037684588194,240.7403313992676,242.8171844482422,23435300
2022-12-06 00:00:00-05:00,243.41893454319344,244.42824022156898,236.5866590901244,237.88711547851562,22463700
2022-12-07 00:00:00-05:00,237.60565848816955,238.89641517033584,235.06297311301404,237.1592254638672,20481500
2022-12-08 00:00:00-05:00,237.61534962771674,241.40027877672188,235.88787438426903,240.0998077392578,22611800
2022-12-09 00:00:00-05:00,237.4794517893177,240.98292942150877,236.95539248747858,238.17820739746094,20609700
2022-12-12 00:00:00-05:00,240.14831706074776,245.08811932166867,239.8765804009923,245.0590057373047,30665100
2022-12-13 00:00:00-05:00,253.96815091092603,256.13235956018696,245.60251141247596,249.3389129638672,42196900
2022-12-14 00:00:00-05:00,249.54266413885614,254.84154325837602,246.80586902660406,249.6300048828125,35410900
2022-12-15 00:00:00-05:00,246.23328682712472,246.6991189455477,240.0415417352528,241.66226196289062,35560400
2022-12-16 00:00:00-05:00,241.21587335248572,242.4678019516118,236.3245836806278,237.4697723388672,86102000
2022-12-19 00:00:00-05:00,237.6347483108368,237.9744265437408,231.6662265103739,233.35487365722656,29696400
2022-12-20 00:00:00-05:00,232.33586378495446,235.74230142731602,231.38478542376703,234.66505432128906,25150800
2022-12-21 00:00:00-05:00,234.55828309775762,238.37231067567322,233.02490350803566,237.21742248535156,23690600
2022-12-22 00:00:00-05:00,234.14099458820857,234.84946471293264,226.96905623748663,231.16159057617188,28651700
2022-12-23 00:00:00-05:00,229.14295316711923,231.8215067666557,227.0369865095698,231.68563842773438,21207000
2022-12-27 00:00:00-05:00,231.65651213728756,231.87972122287346,228.87120393787913,229.96786499023438,16688600
2022-12-28 00:00:00-05:00,229.8998897028657,232.6463843227091,227.2601498141305,227.60952758789062,17457100
2022-12-29 00:00:00-05:00,228.69647674233894,234.78146686926897,228.69647674233894,233.8983154296875,19770700
2022-12-30 00:00:00-05:00,231.18100636407286,232.87936810259998,229.67674014824095,232.74349975585938,21938500
2023-01-03 00:00:00-05:00,235.90729779007853,238.49851075863083,230.39489317769917,232.5105743408203,25740000
2023-01-04 00:00:00-05:00,225.4259564644858,225.99854338319813,219.2924526600918,222.3397979736328,50623400
2023-01-05 00:00:00-05:00,220.4958596008794,220.83553784778456,215.21637883212745,215.75015258789062,39585600
2023-01-06 00:00:00-05:00,216.4198034707522,219.09835714227594,212.87751216247153,218.2928466796875,43613600
2023-01-09 00:00:00-05:00,219.76796959383623,224.41663581790868,219.72915641914315,220.41819763183594,27369800
2023-01-10 00:00:00-05:00,221.0393201111181,224.48457072526574,220.62201553173728,222.09716796875,27033900
2023-01-11 00:00:00-05:00,224.46520177606115,228.98770033914653,224.29052023574275,228.81301879882812,28669300
2023-01-12 00:00:00-05:00,228.31800704319014,232.82109060207105,226.6681731391479,231.47210693359375,27269500
2023-01-13 00:00:00-05:00,230.00665912880052,232.3067209813569,227.98803350794535,232.1708526611328,21333300
2023-01-17 00:00:00-05:00,230.9480815858975,233.80133166035085,230.0940435204723,233.2578582763672,29831300
2023-01-18 00:00:00-05:00,234.4418366169308,235.22793302598163,228.57035512507287,228.85179138183594,30028700
2023-01-19 00:00:00-05:00,226.88167450054485,228.57033632786354,223.8731426355433,225.0862579345703,28623000
2023-01-20 00:00:00-05:00,227.92982862321074,233.63632824749806,227.59015038517927,233.1316680908203,35389800
2023-01-23 00:00:00-05:00,233.98573343923675,237.9356299735096,232.578507553011,235.42205810546875,31934000
2023-01-24 00:00:00-05:00,235.34438219144687,236.7515930613996,233.34517042755766,234.89794921875,40234400
2023-01-25 00:00:00-05:00,227.56106931490226,236.12081997438574,224.08670450908426,233.51019287109375,66526600
2023-01-26 00:00:00-05:00,236.46043582898827,240.98293336442927,234.85912950577273,240.6820831298828,33454500
2023-01-27 00:00:00-05:00,241.64289751902396,242.458107545592,239.5466304719591,240.83738708496094,26498900
2023-01-30 00:00:00-05:00,237.2950768809861,238.35292478678218,235.05324194345323,235.54820251464844,25867400
2023-01-31 00:00:00-05:00,236.26634887736424,240.6335642533175,235.78110272448055,240.49769592285156,26541100
2023-02-01 00:00:00-05:00,240.68209268360533,247.65022035562143,238.22674832599188,245.29193115234375,31259900
2023-02-02 00:00:00-05:00,251.18282257259764,256.8796075980904,249.65914256333582,256.7922668457031,39940400
2023-02-03 00:00:00-05:00,251.88160340231477,256.4041014975154,249.51359959938435,250.72671508789062,29077300
2023-02-06 00:00:00-05:00,249.84352591670253,250.6781350311893,247.26201299101024,249.1932830810547,22518000
2023-02-07 00:00:00-05:00,252.84238703481986,260.8392350360664,252.40565360237943,259.6649475097656,50841400
2023-02-08 00:00:00-05:00,265.13855400297484,268.5935048183664,258.3547915146365,258.8594665527344,54686000
2023-02-09 00:00:00-05:00,265.72080730740066,265.8955184484022,255.0453909060254,255.84120178222656,42375100
2023-02-10 00:00:00-05:00,253.81283739078765,256.29729518565995,252.96851387057905,255.33651733398438,25818500
2023-02-13 00:00:00-05:00,259.7426206728503,266.49724001770915,259.26705921966635,263.31402587890625,44630900
2023-02-14 00:00:00-05:00,264.624192764422,266.85631358119707,261.3342091005598,264.1389465332031,37047900
2023-02-15 00:00:00-05:00,261.05478666212923,263.39953537520864,258.9727165508735,262.0277099609375,28922400
2023-02-16 00:00:00-05:00,256.8711498021807,259.5175018592182,254.80855755164183,255.05178833007812,29603600
2023-02-17 00:00:00-05:00,252.36656000925092,253.047588426155,249.06833614983722,251.0725555419922,30000100
2023-02-21 00:00:00-05:00,247.58951047821205,248.5721724856299,244.77776281168238,245.82852172851562,28397400
2023-02-22 00:00:00-05:00,247.21003358389876,247.45326436545926,243.56157186049097,244.69989013671875,22491100
2023-02-23 00:00:00-05:00,248.6401999292757,249.88554018375208,243.6977492993608,247.87159729003906,29219100
2023-02-24 00:00:00-05:00,243.19189234867713,244.20372595601927,241.38225458242883,242.471923828125,24990900
2023-02-27 00:00:00-05:00,245.62417017099744,245.97442307770388,242.63728915469153,243.38644409179688,21190000
2023-02-28 00:00:00-05:00,242.3259744546454,244.68044668021838,241.99516930320846,242.66648864746094,22491000
2023-03-01 00:00:00-05:00,243.9701913432016,244.13558648881542,239.1347623459425,239.60177612304688,27565300
2023-03-02 00:00:00-05:00,239.87423280619296,244.59290171146822,238.95968256617152,244.31076049804688,24808200
2023-03-03 00:00:00-05:00,245.3614953141732,248.69861464364337,244.58315381318207,248.37754821777344,30760100
2023-03-06 00:00:00-05:00,249.48666061100502,253.07674918507004,249.04884819003743,249.9147491455078,24109800
2023-03-07 00:00:00-05:00,249.36015006899643,250.71252727477477,246.52895545521775,247.26837158203125,21473200
2023-03-08 00:00:00-05:00,247.16138722750551,247.64784879607657,244.0188496513126,246.83059692382812,17340200
2023-03-09 00:00:00-05:00,248.8932070956166,252.53193017156482,244.76800759955387,245.48797607421875,26653400
2023-03-10 00:00:00-05:00,244.2815470078051,245.9452372856859,240.89577859254197,241.8589630126953,28333900
2023-03-13 00:00:00-04:00,240.7011840514009,250.92661597294014,239.0764041542882,247.04464721679688,33339700
2023-03-14 00:00:00-04:00,249.79797477159795,254.0010091653207,248.9320739144134,253.7285919189453,33620300
2023-03-15 00:00:00-04:00,252.9405641280701,259.26456442561187,252.19139432118732,258.2527160644531,46028000
2023-03-16 00:00:00-04:00,258.0289293565625,269.0716125790634,256.15119488258745,268.72137451171875,54768800
2023-03-17 00:00:00-04:00,270.7255274350693,275.6582238229457,268.8380546910792,271.86383056640625,69527400
2023-03-20 00:00:00-04:00,269.4802718017387,269.96673338942173,262.5433248107774,264.85888671875,43466600
2023-03-21 00:00:00-04:00,267.4371343013886,267.5538803349331,262.2222505034053,266.3669128417969,34558700
2023-03-22 00:00:00-04:00,265.9971667055635,273.43031336043435,264.81019934883693,264.917236328125,34873300
2023-03-23 00:00:00-04:00,270.4142935461412,273.4498093699548,267.7484933121212,270.1418762207031,36610900
2023-03-24 00:00:00-04:00,269.7332022897182,273.03142599171395,267.8262812456373,272.9730529785156,28172000
2023-03-27 00:00:00-04:00,272.90495366822654,273.83895161321755,268.05978551317787,268.8965148925781,26840200
2023-03-28 00:00:00-04:00,268.32245293412296,268.66298193563654,264.68370058234905,267.7776184082031,21878600
2023-03-29 00:00:00-04:00,271.4066849044529,273.5276803376628,270.8715889473267,272.91473388671875,25087000
2023-03-30 00:00:00-04:00,276.53391335276035,276.7576666390423,273.85837511849326,276.3587646484375,25053400
2023-03-31 00:00:00-04:00,276.0474774481902,281.43744995850153,275.33723290766795,280.49371337890625,32766000
2023-04-03 00:00:00-04:00,278.7619618964318,280.4645776022263,276.2615716824238,279.4527587890625,24883300
2023-04-04 00:00:00-04:00,279.4527167048261,282.58553031935185,277.9349590223858,279.404052734375,25824300
2023-04-05 00:00:00-04:00,278.11008412867955,279.3748723279069,275.25942646851195,276.6409606933594,22064800
2023-04-06 00:00:00-04:00,275.5415076837403,284.1713297291427,274.3934656981096,283.704345703125,29770300
2023-04-10 00:00:00-04:00,281.37908101323706,281.7585352734682,277.00092706983764,281.5542297363281,23103000
2023-04-11 00:00:00-04:00,278.0127931758795,278.2365761916983,274.0140932371224,275.1718444824219,27276600
2023-04-12 00:00:00-04:00,277.07884402522524,279.23873500984865,274.325454368643,275.81402587890625,27403400
2023-04-13 00:00:00-04:00,275.9113251014926,282.05046897208393,275.50271392776443,281.9920959472656,24222700
2023-04-14 00:00:00-04:00,279.22891147364464,280.6688482565068,276.00853859815146,278.3922119140625,20987900
2023-04-17 00:00:00-04:00,282.07960200286976,283.7043967289592,278.4116924129814,280.9801940917969,23836200
2023-04-18 00:00:00-04:00,283.67525611133146,283.86011391519935,279.23872820102855,280.5618896484375,20161800
2023-04-19 00:00:00-04:00,278.2462667608946,281.22340905975057,276.8355460862607,280.6396789550781,17150300
2023-04-20 00:00:00-04:00,277.5262765736857,281.20392420443534,277.3608666050033,278.36297607421875,23244400
2023-04-21 00:00:00-04:00,277.2928600656761,278.5187231488767,275.3956478853203,278.0225524902344,21676400
2023-04-24 00:00:00-04:00,274.45187596772155,277.234451496004,271.173129844423,274.1405334472656,26611000
2023-04-25 00:00:00-04:00,271.9417767926592,273.9751827450711,267.9138604386518,267.9625244140625,45772200
2023-04-26 00:00:00-04:00,288.6662575975103,291.45854177585926,284.80375221197545,287.37225341796875,64599200
2023-04-27 00:00:00-04:00,287.9560271426598,296.9361172975543,287.25552138127716,296.57611083984375,46462600
2023-04-28 00:00:00-04:00,295.7783383038111,300.5651029592613,295.097280309873,298.9403381347656,36469600
2023-05-01 00:00:00-04:00,298.6582327311371,300.24410228095644,296.8875053999733,297.2864074707031,21294100
2023-05-02 00:00:00-04:00,299.42687857918656,300.8084130116415,295.6811180076152,297.1405029296875,26404400
2023-05-03 00:00:00-04:00,298.31772775720617,300.2538355598004,295.856233076209,296.1578369140625,22360800
2023-05-04 00:00:00-04:00,297.9480161890788,299.42687857918656,295.1849176329067,297.1405029296875,22519900
2023-05-05 00:00:00-04:00,297.4420521379096,303.5228215296377,296.03130176252597,302.2385559082031,28197100
2023-05-08 00:00:00-04:00,301.7326615616671,301.8007733081372,297.8020437181864,300.292724609375,21318600
2023-05-09 00:00:00-04:00,299.66030098483304,301.6450723308815,298.0160586463366,298.6873779296875,21340800
2023-05-10 00:00:00-04:00,300.2635487654328,304.52495706862396,299.33928955394174,303.8536376953125,30078000
2023-05-11 00:00:00-04:00,301.7034562423544,302.6958271056149,297.9674351385275,301.7131652832031,31680200
2023-05-12 00:00:00-04:00,302.1412397708911,302.2385380136494,298.2982115576061,300.6040344238281,19774700
2023-05-15 00:00:00-04:00,300.7305724404115,301.50889913783726,299.26144888091557,301.080810546875,16336500
2023-05-16 00:00:00-04:00,301.44072470865035,305.2156707578937,301.44072470865035,303.29901123046875,26730300
2023-05-17 00:00:00-04:00,304.49841357542465,306.5850053814175,302.9870680194989,306.1657409667969,24315000
2023-05-18 00:00:00-04:00,306.68243649097326,311.07992095632784,305.892648471435,310.5728759765625,27276000
2023-05-19 00:00:00-04:00,308.83731401909836,310.7971739556616,308.47655029580653,310.39739990234375,27546700
2023-05-22 00:00:00-04:00,310.65088838415517,314.5413277664758,310.07561254298156,313.16650390625,24115700
2023-05-23 00:00:00-04:00,312.04526511786804,314.66815212283035,307.3845270869392,307.394287109375,30797200
2023-05-24 00:00:00-04:00,306.8774884337067,308.6033161721185,304.8103574976606,306.0194396972656,23384900
2023-05-25 00:00:00-04:00,315.175173290878,318.7438600972789,312.0160206042334,317.788330078125,43301700
2023-05-26 00:00:00-04:00,315.9356336414489,325.0816057625892,315.79914213912696,324.5843505859375,36630600
2023-05-30 00:00:00-04:00,326.86600894737563,327.36326419300417,322.2735022093098,322.9462890625,29503100
2023-05-31 00:00:00-04:00,323.9993748636306,327.5583014347169,319.16310540886235,320.1966857910156,45950600
2023-06-01 00:00:00-04:00,317.7980580790412,325.2084444667975,316.6182558412687,324.2821350097656,26773900
2023-06-02 00:00:00-04:00,325.9104976467162,329.07941048845686,324.2529005654924,327.03179931640625,25873800
2023-06-05 00:00:00-04:00,326.8562514071327,330.1129147289543,326.31022580563945,327.55828857421875,21307100
2023-06-06 00:00:00-04:00,326.96353250247705,327.0025428376745,323.88240041372416,325.3547058105469,20396200
2023-06-07 00:00:00-04:00,323.37529757305805,326.14443575419256,314.4535968237107,315.3116455078125,40717100
2023-06-08 00:00:00-04:00,315.85773263123184,318.4903798108397,315.28245664141156,317.1448059082031,23277700
2023-06-09 00:00:00-04:00,316.8814584828526,321.7567079982965,316.3159426317722,318.6365661621094,22529000
2023-06-12 00:00:00-04:00,320.3819407440362,323.8141360540533,317.0472861489783,323.57037353515625,24260300
2023-06-13 00:00:00-04:00,326.1249342097831,328.57231892797256,322.1467437962909,325.9494323730469,22951300
2023-06-14 00:00:00-04:00,325.9982202996805,330.58096729872784,324.50639495848685,328.9233703613281,26003800
2023-06-15 00:00:00-04:00,329.0598609823398,341.11146383028944,328.7868481922745,339.4148864746094,38899100
2023-06-16 00:00:00-04:00,342.55463113018976,342.70088270371474,333.4184158445692,333.7889099121094,46552000
2023-06-20 00:00:00-04:00,330.84420359010136,333.54508130008793,327.48026928452794,329.6156311035156,26375400
2023-06-21 00:00:00-04:00,327.9775897528391,329.3036733312241,323.784886322757,325.2377014160156,25117800
2023-06-22 00:00:00-04:00,325.7836365303023,331.63393536828784,325.02309887161056,331.2341613769531,23556800
2023-06-23 00:00:00-04:00,326.01771828331994,329.5279043913859,325.13044892910204,326.6612548828125,23146900
2023-06-26 00:00:00-04:00,325.39371033432894,327.72406452687306,320.29418775939905,320.4014587402344,21520600
2023-06-27 00:00:00-04:00,323.5800965917035,327.7630696544983,321.08397083431,326.2225036621094,24354100
2023-06-28 00:00:00-04:00,326.31026905867196,329.5474425224492,325.48147052492266,327.4705810546875,20259500
2023-06-29 00:00:00-04:00,326.35897729326905,327.72404134255896,324.3211263632283,326.69049072265625,16997000
2023-06-30 00:00:00-04:00,329.3232111787856,334.17897197737386,328.7869454612738,332.0436096191406,26832800
2023-07-03 00:00:00-04:00,330.7272007694062,332.3945278816647,328.17257461621756,329.55712890625,12508700
2023-07-05 00:00:00-04:00,326.7295447808277,333.1258712588089,326.37854101667716,329.71319580078125,18172400
2023-07-06 00:00:00-04:00,328.8843301211992,334.43236661409844,327.1292521462773,332.7552795410156,28161200
2023-07-07 00:00:00-04:00,330.8539769415479,333.26235165945616,328.5918537740865,328.8063659667969,21214800
2023-07-10 00:00:00-04:00,326.25174994494995,326.8660362322845,319.41663962980306,323.55084228515625,32791400
2023-07-11 00:00:00-04:00,322.800041689948,324.55511973893175,318.84134117994995,324.17486572265625,26698200
2023-07-12 00:00:00-04:00,328.20182929500714,333.1258197926784,327.29503995487715,328.786865234375,29995300
2023-07-13 00:00:00-04:00,331.08793512161674,335.1636364816071,330.5613998542952,334.110595703125,20567200
2023-07-14 00:00:00-04:00,338.91765538868515,342.661844143398,335.7194923009407,336.62628173828125,28352700
2023-07-17 00:00:00-04:00,337.05526407197954,338.33257714303016,333.6621092446477,337.1040344238281,20363900
2023-07-18 00:00:00-04:00,337.20150526147,357.62881326178683,333.63284869185065,350.52069091796875,64738600
2023-07-19 00:00:00-04:00,352.72433009882633,353.4166072525743,343.64661716979606,346.2207336425781,39732900
2023-07-20 00:00:00-04:00,344.74842283159865,349.03863672095343,336.7530012262202,338.215576171875,33778400
2023-07-21 00:00:00-04:00,340.43870595783125,341.56000752112044,331.35123269865875,335.19293212890625,69405400
2023-07-24 00:00:00-04:00,337.221130162938,338.26444105722106,333.7694439948374,336.49957275390625,26678100
2023-07-25 00:00:00-04:00,338.4496147386664,343.11038262849917,336.4605340248674,342.22308349609375,41637700
2023-07-26 00:00:00-04:00,332.92106736693563,336.07048951280683,324.7988843745913,329.3426208496094,58383700
2023-07-27 00:00:00-04:00,331.9850652931189,332.81383406452954,320.84022015182325,322.46856689453125,39635300
2023-07-28 00:00:00-04:00,325.3448958728124,331.5267083383541,324.8573709488155,329.9276123046875,28484900
2023-07-31 00:00:00-04:00,328.51386838696095,329.2744062182313,325.0426629130829,327.538818359375,25446000
2023-08-01 00:00:00-04:00,326.827001708787,330.0934250583603,325.37418677597503,327.94830322265625,18311900
2023-08-02 00:00:00-04:00,325.3059805314277,325.3059805314277,318.2173470228,319.32891845703125,27761300
2023-08-03 00:00:00-04:00,317.86632056535905,321.6495195711113,317.81757996467144,318.5098571777344,18253700
2023-08-04 00:00:00-04:00,323.5996092744747,326.7782818997198,319.0753628445266,319.6018981933594,23741500
2023-08-07 00:00:00-04:00,320.17717126140934,322.8487988022052,319.3483727907042,321.8737487792969,17741500
2023-08-08 00:00:00-04:00,318.802307526203,320.54765518196075,314.94111824721926,317.9150085449219,22327600
2023-08-09 00:00:00-04:00,318.3245092452558,318.9485256437574,313.0397262390528,314.1903076171875,22373300
2023-08-10 00:00:00-04:00,317.8857952635295,320.0699275319088,313.16655676040074,314.8728942871094,20113700
2023-08-11 00:00:00-04:00,312.2695059957332,314.36585743355505,311.2456856962181,313.00079345703125,24355500
2023-08-14 00:00:00-04:00,313.3713539974467,315.97472100192863,312.09401103937836,315.9552307128906,18836100
2023-08-15 00:00:00-04:00,314.9411305404492,316.97898134379494,312.8935197157339,313.8295593261719,16966300
2023-08-16 00:00:00-04:00,313.45831419457073,316.9954936708588,312.48119971164607,313.0674743652344,20698900
2023-08-17 00:00:00-04:00,313.2042018447522,314.50375064279973,308.9732805542869,309.6279602050781,21257200
2023-08-18 00:00:00-04:00,307.29267431715726,311.0936633520083,304.4199558180871,309.2371520996094,24755000
2023-08-21 00:00:00-04:00,310.65396660689254,315.3831966115051,309.78435031765304,314.5135803222656,24040000
2023-08-22 00:00:00-04:00,318.0507585907704,318.61747186045255,314.1032077999083,315.080322265625,16084600
2023-08-23 00:00:00-04:00,316.40917150691627,321.66605140677217,316.0573948399172,319.5163879394531,21166400
2023-08-24 00:00:00-04:00,325.2325153533981,325.35954498918005,312.63749714645934,312.64727783203125,23281400
2023-08-25 00:00:00-04:00,314.11295718549064,317.91391657239774,311.5040487015702,315.5884094238281,21684100
2023-08-28 00:00:00-04:00,318.207066953983,318.68584344960186,314.3572339791844,316.29193115234375,14808500
2023-08-29 00:00:00-04:00,314.51363868595456,321.45115801127633,314.51363868595456,320.8941955566406,19284600
2023-08-30 00:00:00-04:00,321.14822344769897,322.262118428765,318.97902814860515,321.2654724121094,15222100
2023-08-31 00:00:00-04:00,321.6660497077852,323.33690686450706,319.30141990622377,320.2590026855469,26411000
2023-09-01 00:00:00-04:00,323.7277749745022,324.3922056211829,319.3014478601216,321.138427734375,14942000
2023-09-05 00:00:00-04:00,321.47064520868975,327.18677054781415,321.13842988312655,325.91650390625,18553900
2023-09-06 00:00:00-04:00,325.7503980121673,326.80566842614127,322.62362005663084,325.2618408203125,17535800
2023-09-07 00:00:00-04:00,323.7081941893977,325.45720725929107,321.49990640162497,322.3597717285156,18381000
2023-09-08 00:00:00-04:00,322.5357246617766,328.46681688735,321.9201377501079,326.62005615234375,19530100
2023-09-11 00:00:00-04:00,329.52203220068384,330.6750497904705,327.75345762157895,330.2060241699219,16583300
2023-09-12 00:00:00-04:00,328.13460834601074,329.0824106320826,323.89393486766744,324.1772766113281,17565500
2023-09-13 00:00:00-04:00,323.7277859536388,329.141008354495,323.59100543664357,328.36907958984375,16544400
2023-09-14 00:00:00-04:00,331.38838359380287,333.059241074138,328.86744125187914,330.9486999511719,20267000
2023-09-15 00:00:00-04:00,329.20946043547144,329.67845635390665,322.1058182894061,322.66278076171875,37679800
2023-09-18 00:00:00-04:00,320.29809265490445,322.8385960925468,318.89104551464607,321.5292663574219,16834200
2023-09-19 00:00:00-04:00,318.705497901436,321.8518082611858,317.08348400723725,321.12872314453125,16505900
2023-09-20 00:00:00-04:00,321.9690173569062,322.0471733986375,313.17498661327795,313.42901611328125,21436500
2023-09-21 00:00:00-04:00,311.95356654433346,317.9041899225686,307.79104947595397,312.2173767089844,35560400
2023-09-22 00:00:00-04:00,313.96642687422224,314.09345652566765,308.9147319725734,309.75506591796875,21447900
2023-09-25 00:00:00-04:00,309.34461765593346,310.3999178157117,307.7910094721355,310.27288818359375,17836000
2023-09-26 00:00:00-04:00,307.918083681108,308.650919524038,302.92501329864484,304.99652099609375,26297600
2023-09-27 00:00:00-04:00,305.1528159801847,307.1070447852302,302.6025617027996,305.6316223144531,19410100
2023-09-28 00:00:00-04:00,303.87284184688065,308.2601064170978,302.3681069221391,306.46221923828125,19683600
2023-09-29 00:00:00-04:00,310.4780935014134,312.1587314237549,307.77149741019485,308.52386474609375,24147300
2023-10-02 00:00:00-04:00,309.0417636602757,314.5233913479347,307.96693177846345,314.4354248046875,20570000
2023-10-03 00:00:00-04:00,313.48763043750324,314.03484198855955,304.0877937628594,306.2179260253906,21033500
2023-10-04 00:00:00-04:00,306.84326360549875,312.7157312613082,306.81395136342184,311.6604309082031,20720100
2023-10-05 00:00:00-04:00,311.78745935358154,312.6571055637684,307.6933472507753,312.05126953125,16965600
2023-10-06 00:00:00-04:00,309.30558981860264,321.6563316821838,309.06131118825493,319.7705078125,25673600
2023-10-09 00:00:00-04:00,317.31787385142707,322.7408463729551,315.78379722001137,322.2718505859375,19891200
2023-10-10 00:00:00-04:00,323.38579530400693,323.5226056424412,320.17111018080624,320.8746337890625,20557100
2023-10-11 00:00:00-04:00,323.6300784570828,325.203248275294,321.60747414676473,324.8124084472656,20063200
2023-10-12 00:00:00-04:00,323.0046828962765,325.9946502834495,321.1970154685532,323.5811767578125,19313100
2023-10-13 00:00:00-04:00,324.7733126546174,326.19011074612195,318.8910644547027,320.229736328125,21072400
2023-10-16 00:00:00-04:00,323.4737360067268,328.44727494049874,323.03405238313746,325.0273742675781,22158000
2023-10-17 00:00:00-04:00,322.0471280716989,325.8285559881701,319.91702585909127,324.4606018066406,18338500
2023-10-18 00:00:00-04:00,324.8807125035586,327.9097726895979,320.78660134672003,322.55517578125,23153600
2023-10-19 00:00:00-04:00,324.5485712503718,329.1703335138683,323.33695882729216,323.7375793457031,25052100
2023-10-20 00:00:00-04:00,324.12841643957864,324.3238512632102,318.0019193859901,319.1940002441406,25027700
2023-10-23 00:00:00-04:00,318.0214287466955,325.1152889172781,316.96615830256553,321.7833251953125,24374700
2023-10-24 00:00:00-04:00,323.7179740081932,324.24562410946174,320.1026687848026,322.9656066894531,31153600
2023-10-25 00:00:00-04:00,337.12395842234577,338.2769759362375,329.8933187083518,332.87353515625,55053800
2023-10-26 00:00:00-04:00,332.74660165744723,333.81165295289384,319.45783763585234,320.3861083984375,37828500
2023-10-27 00:00:00-04:00,322.867891093588,329.0139487725961,320.8843501338627,322.2620849609375,29856500
2023-10-30 00:00:00-04:00,325.77971392594014,331.6814932194884,324.23585648353105,329.5904541015625,22828100
2023-10-31 00:00:00-04:00,331.0952162716641,331.241777466002,327.0304168400943,330.37213134765625,20265300
2023-11-01 00:00:00-04:00,332.01371654234873,339.46910432501784,331.8769062105877,338.1499938964844,28158800
2023-11-02 00:00:00-04:00,339.29324086548826,340.84684939451466,336.87976677643417,340.3485412597656,24348100
2023-11-03 00:00:00-04:00,341.6284859220493,346.2795596471139,339.3811050850171,344.7259216308594,23637700
2023-11-06 00:00:00-05:00,345.36110615399525,349.3575005821622,345.2633887474612,348.37060546875,23828300
2023-11-07 00:00:00-05:00,351.1749086935178,354.16487636600215,349.4454269438777,352.279052734375,25833900
2023-11-08 00:00:00-05:00,353.40276735497133,355.54265050853274,352.2986231921823,354.88800048828125,26767800
2023-11-09 00:00:00-05:00,354.0085341532929,356.44156927918397,352.1129298373234,352.4353942871094,24847300
2023-11-10 00:00:00-05:00,353.2171111454846,361.63008249841977,352.8067397541227,361.2099304199219,28042100
2023-11-13 00:00:00-05:00,359.7930334339709,360.0373120121586,357.52612107178936,358.28826904296875,19986500
2023-11-14 00:00:00-05:00,362.5192580985715,363.43774810881337,358.94301547087497,361.7961730957031,27683900
2023-11-15 00:00:00-05:00,363.51938712911283,365.3307238214912,359.4365366374243,361.94305419921875,26860100
2023-11-16 00:00:00-05:00,363.2060393855787,368.48338982170065,362.4423444484434,368.3071594238281,27182300
2023-11-17 00:00:00-05:00,365.8005569647942,366.544680533394,359.32873764000976,362.1191711425781,40157000
2023-11-20 00:00:00-05:00,363.46060991672704,370.95070053235196,363.24520725093254,369.55059814453125,52465100
2023-11-21 00:00:00-05:00,367.81760182816333,368.35609354646346,363.36268990163154,365.2719421386719,28423100
2023-11-22 00:00:00-05:00,370.0988544984735,371.8514473874102,367.13219027268104,369.9519958496094,23345300
2023-11-24 00:00:00-05:00,369.44288626548433,370.0695230751344,367.2986899991627,369.5408020019531,10176600
2023-11-27 00:00:00-05:00,368.9043706026068,372.68370265137486,368.33650717542696,370.69610595703125,22179200
2023-11-28 00:00:00-05:00,370.4415726583984,374.994370396148,370.25554172918464,374.7006530761719,20453100
2023-11-29 00:00:00-05:00,375.73846358620636,376.26715471920994,369.5505602574937,370.93109130859375,28963400
2023-11-30 00:00:00-05:00,370.5787254840511,372.1452879768672,367.62186081513516,370.9899597167969,30554400
2023-12-01 00:00:00-05:00,368.884854564053,370.2555853515813,363.5487602115402,366.681884765625,33040500
2023-12-04 00:00:00-05:00,361.3849305128498,361.79613477265366,355.3145134346435,361.4241027832031,32063300
2023-12-05 00:00:00-05:00,358.7903292029664,365.28172122334854,357.9776614584204,364.7334289550781,23065000
2023-12-06 00:00:00-05:00,365.73212951183393,366.35873644463544,360.3372921206186,361.0911865234375,21182100
2023-12-07 00:00:00-05:00,360.53308164351836,363.68577677525514,358.66300184093467,363.19622802734375,23118900
2023-12-08 00:00:00-05:00,361.4828549867559,366.6328881744278,360.53312909562084,366.40771484375,20154400
2023-12-11 00:00:00-05:00,360.77793808950827,363.8327181906465,358.44768073859893,363.5389709472656,27708800
2023-12-12 00:00:00-05:00,363.0983520859286,366.59373770012405,362.7164896784692,366.5545654296875,24838300
2023-12-13 00:00:00-05:00,368.16030502773964,369.74646839477913,363.02004212186165,366.5447998046875,30955500
2023-12-14 00:00:00-05:00,365.50693426286074,365.9475401487158,356.5188251808004,358.28118896484375,43277500
2023-12-15 00:00:00-05:00,359.1820223907122,364.6160030546236,358.62392949147795,362.9809265136719,78502300
2023-12-18 00:00:00-05:00,361.7276838655909,365.20346900477807,360.97375945804686,364.86077880859375,21802900
2023-12-19 00:00:00-05:00,363.7249858043668,365.4580078125,362.1094806161989,365.4580078125,20603700
2023-12-20 00:00:00-05:00,367.161590586535,368.1700598934919,362.785023231556,362.8731384277344,26316700
2023-12-21 00:00:00-05:00,364.77262075610525,366.58395739776404,362.30530541678434,365.7321472167969,17708000
2023-12-22 00:00:00-05:00,365.8691539017797,367.3378001809741,364.9194281127133,366.7503356933594,17107500
2023-12-26 00:00:00-05:00,367.1616249726416,369.0610768362086,365.69297847275107,366.8287353515625,12673100
2023-12-27 00:00:00-05:00,365.87894525127507,367.22030403850823,365.0173346750331,366.2510070800781,14905400
2023-12-28 00:00:00-05:00,367.5238451750327,368.59105792655595,366.3391454974242,367.43572998046875,14327000
2023-12-29 00:00:00-05:00,368.14072884940924,369.2764857473798,365.6734134446601,368.1799011230469,18730800
2024-01-02 00:00:00-05:00,366.04544293017665,368.04281055620135,359.10364399056556,363.1179504394531,25258600
2024-01-03 00:00:00-05:00,361.2968150611858,365.45797986261033,360.8072662610182,362.85357666015625,23083500
2024-01-04 00:00:00-05:00,362.9221232500447,365.30132326469203,359.49528162444665,360.2491760253906,20901500
2024-01-05 00:00:00-05:00,361.25764113124956,364.2830491168241,358.8392688743441,360.0631408691406,21004600
2024-01-08 00:00:00-05:00,361.58077277397365,367.3574731734819,361.296855951119,366.8581237792969,23134000
2024-01-09 00:00:00-05:00,364.23413165308716,368.13092123395006,363.4312643972459,367.93511962890625,20830000
2024-01-10 00:00:00-05:00,368.5029465849431,376.1399255368866,368.4540036584579,374.7691650390625,25514200
2024-01-11 00:00:00-05:00,377.93172165061986,382.5138918300766,372.4291972197734,376.5903625488281,27850800
2024-01-12 00:00:00-05:00,377.43228480386114,380.55560821170843,376.6098464914054,380.3500061035156,21661200
2024-01-16 00:00:00-05:00,385.43155133047776,385.79381264906647,379.5177936668549,382.1123962402344,27202300
2024-01-17 00:00:00-05:00,379.87028626114164,381.9557389879291,376.7665338147622,381.3291320800781,22234100
2024-01-18 00:00:00-05:00,383.5320922463087,385.7546329209657,381.96553019541545,385.63714599609375,23392100
2024-01-19 00:00:00-05:00,387.48767542805655,390.33685302734375,385.2749052923237,390.33685302734375,29331100
2024-01-22 00:00:00-05:00,391.6586277842315,392.2460923450514,385.36303712070327,388.2220153808594,27016900
2024-01-23 00:00:00-05:00,387.47789064929606,391.03201985975426,385.6959257751216,390.5620422363281,20525900
2024-01-24 00:00:00-05:00,393.14689994749176,397.15140596636934,392.07968703700567,394.14556884765625,24867000
2024-01-25 00:00:00-05:00,395.8687958055948,398.5025710526844,394.1162025271926,396.40728759765625,21021200
2024-01-26 00:00:00-05:00,395.917652215205,397.6800456471152,394.0182006704119,395.4868469238281,17803300
2024-01-29 00:00:00-05:00,397.57238286313674,401.41045873539736,395.8785331996652,401.1558837890625,24510200
2024-01-30 00:00:00-05:00,403.64277019124665,404.41623575131524,397.9542157503529,400.0494689941406,33477600
2024-01-31 00:00:00-05:00,398.4535945955144,406.6388669659615,388.9073919493629,389.2696533203125,47871100
2024-02-01 00:00:00-05:00,393.4307745878308,399.4718199134869,393.40140285508346,395.34002685546875,30657700
2024-02-02 00:00:00-05:00,395.36942496681314,404.02464472350925,395.12465055102524,402.6245422363281,28256700
2024-02-05 00:00:00-05:00,401.33212452419457,402.5657971362689,395.5456537728456,397.17095947265625,25352300
2024-02-06 00:00:00-05:00,397.39611409161796,399.44242436350055,394.4881932042721,397.0142517089844,18382600
2024-02-07 00:00:00-05:00,398.92347427594905,405.6400685561608,398.88430201096446,405.3952941894531,22340500
2024-02-08 00:00:00-05:00,405.3953580956046,406.8738050650789,403.90714046810643,405.4541015625,21225300
2024-02-09 00:00:00-05:00,406.5703156804263,412.0238969836169,406.4136564644989,411.759521484375,22032800
2024-02-12 00:00:00-05:00,411.76925253567924,411.94548291897434,406.0806983084005,406.5800476074219,21202900
2024-02-13 00:00:00-05:00,396.4757753769111,401.49855072964925,394.9581860838381,397.8269348144531,27824900
2024-02-14 00:00:00-05:00,400.2792461565028,402.01544302317166,396.8460672009255,401.672119140625,20401200
2024-02-15 00:00:00-05:00,400.3478557485238,401.31894521125486,396.5713534874336,398.7980041503906,21825500
2024-02-16 00:00:00-05:00,400.1712693339194,400.49498577796,395.73757539612643,396.3457336425781,22296500
2024-02-20 00:00:00-05:00,395.5414273661721,396.76756266074034,390.4112964520626,395.10003662109375,24307900
2024-02-21 00:00:00-05:00,392.53007321174096,394.60959394201785,389.63638185870155,394.5016784667969,18518900
2024-02-22 00:00:00-05:00,402.3587758261095,404.9483581581281,400.7697091781749,403.7908935546875,27009900
2024-02-23 00:00:00-05:00,407.73411674298126,407.92046175721333,401.162019956702,402.505859375,16295900
2024-02-26 00:00:00-05:00,403.6045125913183,404.2911603614398,399.58278265548927,399.7593688964844,16193500
2024-02-27 00:00:00-05:00,400.20071277924296,400.52442923735737,396.13976854109416,399.7004699707031,14835800
2024-02-28 00:00:00-05:00,400.38712249937714,401.48573495033145,397.58173927175767,399.9359130859375,13183100
2024-02-29 00:00:00-05:00,400.83834831741547,406.29219561123216,398.17027676875426,405.7428894042969,31947300
2024-03-01 00:00:00-05:00,403.4180998812608,407.93028353505224,403.03556125394095,407.5673522949219,17823400
2024-03-04 00:00:00-05:00,405.54671909934444,409.3820740419509,404.4481066223211,406.99847412109375,17596000
2024-03-05 00:00:00-05:00,406.056714869292,406.3411866044012,392.9910415291509,394.962646484375,26919200
2024-03-06 00:00:00-05:00,395.27656457076307,397.4247558475786,390.7840183450358,394.4133605957031,22344100
2024-03-07 00:00:00-05:00,398.3664041641416,401.95653150490796,394.5604758378121,401.3287658691406,18718500
2024-03-08 00:00:00-05:00,400.1712786506048,402.58433424165736,396.61057729290076,398.4645080566406,18002200
2024-03-11 00:00:00-04:00,396.0515271512708,397.93485423983793,393.5992565104688,396.7969970703125,16120800
2024-03-12 00:00:00-04:00,399.8378019777306,407.63603426425436,399.02366133031137,407.3515625,22457000
2024-03-13 00:00:00-04:00,410.1177430442753,410.19620253246603,403.5947092048327,407.1750183105469,17115900
2024-03-14 00:00:00-04:00,412.2169029464952,419.65220477798977,410.0098592258052,417.1018371582031,34157300
2024-03-15 00:00:00-04:00,411.28501994441507,414.53182378938754,404.9091164524236,408.4698181152344,45079900
2024-03-18 00:00:00-04:00,406.34117457206867,412.697469745091,405.88014657431177,409.3525695800781,20106000
2024-03-19 00:00:00-04:00,409.8528945727863,413.6196087209555,407.6164248857175,413.36456298828125,19837900
2024-03-20 00:00:00-04:00,413.94328882066856,417.82767717758037,412.6288753346162,417.11163330078125,17860100
2024-03-21 00:00:00-04:00,421.6237557740876,422.5948752417206,419.004747660182,421.17254638671875,21296200
2024-03-22 00:00:00-04:00,421.49625883993525,421.6531778067011,417.9355573407252,420.5545654296875,17648500
2024-03-25 00:00:00-04:00,417.12140106535213,419.2499850699005,413.5606994442316,414.7868347167969,18060500
2024-03-26 00:00:00-04:00,417.48427163026514,417.8570214885324,413.30562358453886,413.5998840332031,16725600
2024-03-27 00:00:00-04:00,416.3367294110972,416.3465480734724,411.0104044220357,413.3841857910156,16705000
2024-03-28 00:00:00-04:00,412.92309148516256,413.815721504757,411.11822405931304,412.68768310546875,21871200
2024-04-01 00:00:00-04:00,415.856044584665,419.720825298805,414.15906261710444,416.4642028808594,16316000
2024-04-02 00:00:00-04:00,412.08932675524255,414.31600751259526,409.8626759328322,413.3939514160156,17912000
2024-04-03 00:00:00-04:00,411.71659648353796,415.17920112214335,411.0888008867087,412.4228515625,16502300
2024-04-04 00:00:00-04:00,416.8761593197056,420.48592418548293,409.5978373618215,409.90191650390625,19370900
2024-04-05 00:00:00-04:00,411.9912731648726,418.36717662742586,410.33353586981326,417.39605712890625,16554800
2024-04-08 00:00:00-04:00,417.0527386666228,419.12244053087517,415.21841524840187,416.4837951660156,14272400
2024-04-09 00:00:00-04:00,418.2985199584035,419.5736887198931,413.5705349702072,418.1415710449219,12496900
2024-04-10 00:00:00-04:00,414.12962029851764,415.9344877287147,411.68716854848634,415.17919921875,16216600
2024-04-11 00:00:00-04:00,417.6903687099733,421.1725811111206,414.2964045264092,419.76007080078125,17966400
2024-04-12 00:00:00-04:00,415.9541310748391,417.06256218596104,411.75584496590756,413.8451843261719,19253800
2024-04-15 00:00:00-04:00,418.4554515197094,418.6712525249299,405.5368771254888,405.7428894042969,20273500
2024-04-16 00:00:00-04:00,406.6550977488978,410.4119627811132,405.8311384974836,406.6648864746094,16765600
2024-04-17 00:00:00-04:00,409.28398181705415,410.88286711080787,402.49608331512337,403.9772644042969,15855500
2024-04-18 00:00:00-04:00,402.7903496970384,404.02630364117994,396.23788993068626,396.5517578125,21029900
2024-04-19 00:00:00-04:00,396.31635459832717,397.738683518828,390.1758594431205,391.5000915527344,30565800
2024-04-22 00:00:00-04:00,392.44175811164087,395.1588931129713,388.1944385754191,393.3049621582031,20286900
2024-04-23 00:00:00-04:00,396.52234656320184,400.40676483693346,395.3648819975192,399.7887878417969,15734500
2024-04-24 00:00:00-04:00,401.74078982977966,404.595236495939,399.0138660286807,401.2503356933594,15065300
2024-04-25 00:00:00-04:00,386.507271018032,392.25540884693,380.6218216022703,391.421630859375,40586500
2024-04-26 00:00:00-04:00,404.3009099992489,405.1150505614492,398.0132854043954,398.5625915527344,29694700
2024-04-29 00:00:00-04:00,397.5130370183344,398.562615947593,391.56873588609426,394.5703125,19582100
2024-04-30 00:00:00-04:00,393.8248513162942,394.4820730278576,381.74008419354954,381.8970031738281,28781400
2024-05-01 00:00:00-04:00,385.11439972061993,394.050490048908,382.8583225669511,387.3999328613281,23562500
2024-05-02 00:00:00-04:00,390.0679505478797,392.29460134045365,387.11540734616494,390.2445068359375,17709400
2024-05-03 00:00:00-04:00,394.59976579857647,399.37678414031285,394.1877711661832,398.8961486816406,17446700
2024-05-06 00:00:00-04:00,400.95609583749865,406.02737510572115,398.61171057588416,405.64483642578125,16996600
2024-05-07 00:00:00-04:00,406.74340224425765,406.75322090554647,401.27973632622934,401.52496337890625,20018200
2024-05-08 00:00:00-04:00,400.37733960441915,404.3598247646084,398.9451919846881,402.70208740234375,11792300
2024-05-09 00:00:00-04:00,402.73146980472023,404.84041635842834,401.2895336143813,404.44805908203125,14689700
2024-05-10 00:00:00-04:00,405.0562460600837,407.44966453116945,403.93799631140473,406.8218688964844,13402300
2024-05-13 00:00:00-04:00,410.029454744504,410.3629599472109,402.9767222457907,405.82135009765625,15440200
2024-05-14 00:00:00-04:00,404.1538152820149,409.5193847249845,403.69278719697195,408.6071472167969,15109300
2024-05-15 00:00:00-04:00,410.6608977071615,416.46852499785643,410.0418061194269,415.75115966796875,22239500
2024-05-16 00:00:00-04:00,414.493323488297,418.0506409370668,413.06845922359344,413.6973571777344,17530100
2024-05-17 00:00:00-04:00,415.2205635959117,415.5939858480529,410.7886784280323,412.930908203125,15352200
2024-05-20 00:00:00-04:00,412.9309055053418,419.37726753163014,412.7147152549324,417.9720458984375,16272100
2024-05-21 00:00:00-04:00,419.4362019217813,425.4698558470045,417.4905197677202,421.6079406738281,21453300
2024-05-22 00:00:00-04:00,422.63977275649836,424.91959180983645,419.7310556819618,423.06231689453125,18073700
2024-05-23 00:00:00-04:00,425.4698880093599,426.0889796466093,418.0506847119264,419.6033020019531,17211700
2024-05-24 00:00:00-04:00,419.7900340603218,423.59299146281916,417.0581916118114,422.7085876464844,11855300
2024-05-28 00:00:00-04:00,422.1877033571548,423.3570918822038,419.2101919839553,422.8657531738281,15718000
2024-05-29 00:00:00-04:00,418.3160195321069,423.4750768037088,418.3160195321069,421.7357482910156,15517100
2024-05-30 00:00:00-04:00,416.95003623481153,416.95003623481153,407.0643033400361,407.48687744140625,28394500
2024-05-31 00:00:00-04:00,409.5308058785648,409.5308058785648,397.5028441158069,407.9388732910156,47995300
2024-06-03 00:00:00-04:00,408.3319416725267,409.2163453409128,401.83645840787784,406.35675048828125,17484700
2024-06-04 00:00:00-04:00,405.2856798357907,409.22622626275023,402.58331667273,408.8626403808594,14348900
2024-06-05 00:00:00-04:00,410.57245747625547,416.7338342090642,409.08860495020656,416.6650695800781,16988000
2024-06-06 00:00:00-04:00,416.66508413024746,417.9425528471417,413.29447761268017,417.1662292480469,14861300
2024-06-07 00:00:00-04:00,418.8172023955245,418.89580340788024,415.67262210037114,416.5079040527344,13621700
2024-06-10 00:00:00-04:00,417.34318081391007,420.6646058483147,416.54721437209554,420.458251953125,13982900
2024-06-11 00:00:00-04:00,418.10961578141064,425.3224647271418,417.8835891699695,425.18487548828125,14551100
2024-06-12 00:00:00-04:00,427.7791794767063,435.71920053687387,425.7450298401941,433.41973876953125,22366200
2024-06-13 00:00:00-04:00,433.2134201697404,435.7094296372952,431.7590465451533,433.9307556152344,15960600
2024-06-14 00:00:00-04:00,430.68786981308114,435.4636977946633,429.15489539650804,434.903564453125,13582000
2024-06-17 00:00:00-04:00,434.9233042265467,443.12866872845996,433.0857017909196,440.6031799316406,20790000
2024-06-18 00:00:00-04:00,441.919864030814,442.3424381224516,437.1833815521162,438.6082458496094,17112500
2024-06-20 00:00:00-04:00,438.5689526211533,438.79497924029823,433.6260860366594,437.9793701171875,19877400
2024-06-21 00:00:00-04:00,439.63025801243765,442.774807970896,438.77533339876635,441.9886779785156,34187100
2024-06-24 00:00:00-04:00,442.00833058442447,444.9072412251996,438.677069430459,439.9152526855469,15913700
2024-06-25 00:00:00-04:00,440.48515617122325,443.6002568065394,439.01114003233465,443.1383972167969,16413400
2024-06-26 00:00:00-04:00,441.2221891732116,445.7425115856911,440.42622281234816,444.32745361328125,16507000
2024-06-27 00:00:00-04:00,444.3470860716105,448.267989524247,443.9441847148766,445.0054931640625,14806300
2024-06-28 00:00:00-04:00,445.22168389223947,447.49166642517747,438.6770484115445,439.20770263671875,28362300
2024-07-01 00:00:00-04:00,440.88811382009334,449.4472268960843,437.9400811658245,448.8183288574219,17662800
2024-07-02 00:00:00-04:00,445.349461110364,451.6287548273333,445.26099374388446,451.3241271972656,13979800
2024-07-03 00:00:00-04:00,450.2529744663604,453.0339384006955,449.94834686189404,452.78826904296875,9932800
2024-07-05 00:00:00-04:00,451.6483651745115,460.2369864186551,451.0194672052492,459.4606628417969,16000300
2024-07-08 00:00:00-04:00,458.4682018620652,459.59830504287737,456.41440936822374,458.16357421875,12962300
2024-07-09 00:00:00-04:00,458.91035499777627,459.2346253511444,450.0662582205172,451.57958984375,17207200
2024-07-10 00:00:00-04:00,453.2305038870679,458.37972423311413,450.91136946375343,458.1733703613281,18196100
2024-07-11 00:00:00-04:00,454.9600551032178,456.72886266734906,443.7280281074878,446.823486328125,23111200
2024-07-12 00:00:00-04:00,446.459846610387,448.45468069664645,442.8436006787632,445.693359375,16324300
2024-07-15 00:00:00-04:00,445.447620771121,449.33904458189494,443.61001896605495,446.09619140625,14429400
2024-07-16 00:00:00-04:00,446.35175028412175,446.430351284593,438.92271119875926,441.733154296875,17175700
2024-07-17 00:00:00-04:00,434.92318387202874,437.14404437719276,431.5722503624344,435.8370666503906,21778000
2024-07-18 00:00:00-04:00,436.6429302135875,436.9475578488645,426.8751131633182,432.74169921875,20794800
2024-07-19 00:00:00-04:00,425.59766083378145,433.49839687991425,424.5167095108502,429.5381774902344,20940400
2024-07-22 00:00:00-04:00,434.1370473740231,436.89836840804566,431.3069317261726,435.2671203613281,15808800
2024-07-23 00:00:00-04:00,436.21051790501895,440.6227600869156,435.4243879336588,437.1440734863281,13107100
2024-07-24 00:00:00-04:00,432.82031037979385,433.8324669900576,420.18306232506063,421.4703674316406,26805800
2024-07-25 00:00:00-04:00,421.3721232816147,422.35480083589914,410.2777152857788,411.15228271484375,29943800
2024-07-26 00:00:00-04:00,410.95572197330205,421.49002544679837,410.04180915234855,417.9032287597656,23583800
2024-07-29 00:00:00-04:00,424.10397494654256,424.6641083620649,417.3431784161,419.3380126953125,15125800
2024-07-30 00:00:00-04:00,420.3108034246303,421.6177512482942,410.13024936818454,415.5939636230469,32687600
2024-07-31 00:00:00-04:00,413.2159000993034,414.4737261342931,405.06949500365346,411.1031494140625,42891400
2024-08-01 00:00:00-04:00,413.50082759098166,420.0552689925362,405.9341996877239,409.8845520019531,30296400
2024-08-02 00:00:00-04:00,405.3446197900361,407.81114983489476,397.3358044115477,401.4139099121094,29437900
2024-08-05 00:00:00-04:00,382.4286307082766,394.09300828762184,378.90079195613237,388.3050231933594,40709200
2024-08-06 00:00:00-04:00,393.07100276300895,398.6427974223072,391.59698650264767,392.687744140625,24946500
2024-08-07 00:00:00-04:00,401.5613573427881,402.97638538590667,390.58483621712907,391.5281982421875,20650900
2024-08-08 00:00:00-04:00,395.46871662305415,398.8294567188382,393.0120229903142,395.7143859863281,20203000
2024-08-09 00:00:00-04:00,397.0312061411671,400.9815590644515,395.2918776876415,398.9867248535156,19276700
2024-08-12 00:00:00-04:00,400.0086698442997,401.67923346079886,397.2375123110676,399.76300048828125,16762900
2024-08-13 00:00:00-04:00,402.49490035510087,407.762067699129,402.4752575998139,406.8383483886719,19414300
2024-08-14 00:00:00-04:00,407.61463319199424,410.48406481515934,405.3053649551057,409.6389465332031,18267000
2024-08-15 00:00:00-04:00,413.27150876832536,414.5611340262228,411.16480439429694,414.4823913574219,20752100
2024-08-16 00:00:00-04:00,414.0591609720714,414.787643452163,410.81046198721873,411.9622802734375,22775600
2024-08-19 00:00:00-04:00,412.44459964164133,415.19121979816396,409.98347800679744,414.9746398925781,15234000
2024-08-20 00:00:00-04:00,415.14205004692775,419.2373304106215,415.08298552534507,418.1938171386719,16387600
2024-08-21 00:00:00-04:00,417.48497282390196,419.7689009161739,415.1616884163413,417.5440673828125,16067300
2024-08-22 00:00:00-04:00,417.7606371537281,420.1528703345148,408.16226230018384,409.087646484375,19361900
2024-08-23 00:00:00-04:00,410.4954583139899,412.74000030450156,405.68148941527863,410.30841064453125,18493800
2024-08-26 00:00:00-04:00,409.89487877847426,410.7907306533513,404.94310328054127,407.0596618652344,13152800
2024-08-27 00:00:00-04:00,406.4394348780717,407.9161077791715,403.8700384507919,407.4042053222656,13492900
2024-08-28 00:00:00-04:00,408.42810007077503,408.54622911327857,400.975815861933,404.21466064453125,14882700
2024-08-29 00:00:00-04:00,408.4871383812944,415.48655408743093,404.2146347079457,406.6954345703125,17045200
2024-08-30 00:00:00-04:00,409.1368642535232,410.99745657650817,405.7208262421071,410.6529235839844,24308300
2024-09-03 00:00:00-04:00,411.41094371784055,413.3503087826454,400.7001374742272,403.0726623535156,20313600
2024-09-04 00:00:00-04:00,399.59758459335677,404.8446830658677,398.0815251485243,402.54107666015625,15135800
2024-09-05 00:00:00-04:00,401.28095677141835,406.67574622741506,399.8141378862011,402.03900146484375,14195500
2024-09-06 00:00:00-04:00,402.6985299905477,404.26379961304895,394.56697518152896,395.4530029296875,19609500
2024-09-09 00:00:00-04:00,400.9068736495872,402.2949499033103,395.89603343829765,399.4105224609375,15295100
2024-09-10 00:00:00-04:00,401.8519446669211,409.8554868302287,401.3597203496137,407.7586364746094,19594300
2024-09-11 00:00:00-04:00,409.03843011648604,417.39638986900843,403.21048066101315,416.461181640625,19266900
2024-09-12 00:00:00-04:00,416.72694031699655,420.7237992857079,413.2223056552003,420.35955810546875,17395700
2024-09-13 00:00:00-04:00,419.20778281644255,425.11447510259467,418.84354159900835,423.8937683105469,15874600
2024-09-16 00:00:00-04:00,423.90362815097126,426.7880557127787,421.5606353721957,424.6321105957031,13834700
2024-09-17 00:00:00-04:00,433.38382833136643,434.9786302945307,425.5475956574911,428.3828125,18874200
2024-09-18 00:00:00-04:00,428.2352249259073,429.2492059809087,423.71660857150346,424.1103820800781,18898000
2024-09-19 00:00:00-04:00,434.36830593406904,434.63409626466625,430.1056262859268,431.8677978515625,21706600
2024-09-20 00:00:00-04:00,430.42066355244185,432.4092391189892,427.4673174405253,428.5009765625,55167100
2024-09-23 00:00:00-04:00,427.52641684805,429.6725079875257,423.6969266994437,426.7684020996094,15128900
2024-09-24 00:00:00-04:00,426.2662748026867,426.61083784634445,419.4735849772464,422.495849609375,17015800
2024-09-25 00:00:00-04:00,423.14556440453987,426.384408985251,421.9051794925785,425.3901062011719,13396400
2024-09-26 00:00:00-04:00,428.32381527731917,428.53054110869147,422.45650897162153,424.60260009765625,14492000
2024-09-27 00:00:00-04:00,424.8093096047705,425.1341945131492,420.82230422369577,421.3637390136719,14896100
2024-09-30 00:00:00-04:00,421.5507517579481,423.7264049247719,418.7549211722127,423.6082458496094,16807300
2024-10-01 00:00:00-04:00,421.78703621784,421.81656847562806,412.2969368087723,414.147705078125,19092900
2024-10-02 00:00:00-04:00,416.0082934736332,416.2445815766932,410.22958475813624,410.64306640625,16582300
2024-10-03 00:00:00-04:00,411.1353318978847,413.0254566537122,407.84727671300476,410.0622863769531,13686400
2024-10-04 00:00:00-04:00,411.7357819472086,413.2223089798081,408.5166457695598,409.5896911621094,19169700
2024-10-07 00:00:00-04:00,409.5306419831522,410.6233655735784,402.6395013728588,403.1711120605469,20919800
2024-10-08 00:00:00-04:00,404.5099645290717,409.19594995144206,401.82243880752753,408.2607116699219,19229300
2024-10-09 00:00:00-04:00,409.3928325735408,413.8425600403991,407.857094965171,410.96795654296875,14974300
2024-10-10 00:00:00-04:00,408.77263914925425,410.859665558973,406.7249690560659,409.3731384277344,13848400
2024-10-11 00:00:00-04:00,409.66850956364067,410.64310419410805,406.82343830885475,409.845703125,14144900
2024-10-14 00:00:00-04:00,411.2731366880873,417.4456494762865,411.0270245046469,412.6218566894531,16653100
2024-10-15 00:00:00-04:00,415.61453317923247,415.9098858066577,408.80216519233556,412.22802734375,18900200
2024-10-16 00:00:00-04:00,408.71356498849764,409.8850312589263,404.09649835161355,409.6487731933594,15508900
2024-10-17 00:00:00-04:00,415.7917465890575,415.9295838303706,409.127039576057,410.2394714355469,14820000
2024-10-18 00:00:00-04:00,410.6529471112624,413.12389293089865,409.78662744422246,411.6570739746094,17145300
2024-10-21 00:00:00-04:00,409.64875806524304,412.4445885621628,407.3156196249642,412.26739501953125,14206100
2024-10-22 00:00:00-04:00,411.9818876442807,423.8838676895073,411.5389037972299,420.86163330078125,25482200
2024-10-23 00:00:00-04:00,424.1595150969288,424.3760949935698,415.95907136722593,417.99688720703125,19654400
2024-10-24 00:00:00-04:00,418.7155536346828,419.35546932603506,415.83112614516494,418.1249084472656,13581600
2024-10-25 00:00:00-04:00,420.1233311665373,425.7937351729216,419.9362835126177,421.49169921875,16899100
2024-10-28 00:00:00-04:00,424.9471252042487,425.2227696357769,419.670464602579,419.9559631347656,14882400
2024-10-29 00:00:00-04:00,421.34405104712135,426.4336641349943,419.1782518516455,425.2326354980469,17644100
2024-10-30 00:00:00-04:00,430.6372355196224,431.68074872313076,425.3802831426112,425.8035888671875,29749100
2024-10-31 00:00:00-04:00,408.9005934690843,409.6881704469,399.9814907408766,400.0307312011719,53971000
2024-11-01 00:00:00-04:00,402.6493843637014,409.0384470027673,401.162857168779,403.98822021484375,24230400
2024-11-04 00:00:00-05:00,403.42706781751014,404.0374512515174,399.26286901744754,402.10791015625,19672300
2024-11-05 00:00:00-05:00,402.0192756499378,408.4477238969609,401.7337771398714,405.06121826171875,17626000
2024-11-06 00:00:00-05:00,406.0063586804049,413.91148078515863,404.13588205792996,413.6456604003906,26681800
2024-11-07 00:00:00-05:00,414.72850912180576,420.21189508853655,413.3502870767265,418.81396484375,19901800
2024-11-08 00:00:00-05:00,418.7057298172818,419.8673720771894,415.2207729945687,415.9689636230469,16891400
2024-11-11 00:00:00-05:00,415.9492425000552,418.2036383732599,409.530647967578,411.5093994140625,24503300
2024-11-12 00:00:00-05:00,411.7456609678349,417.8394007087299,410.71200186963034,416.4513244628906,19401200
2024-11-13 00:00:00-05:00,415.0829808583345,422.6533640239858,411.7062988498683,418.5876159667969,21502200
2024-11-14 00:00:00-05:00,418.39068982634956,421.51140536702854,413.4684464166278,420.2513122558594,30246900
2024-11-15 00:00:00-05:00,413.2912534776132,416.2248913266483,407.2073678244848,408.54620361328125,28247600
2024-11-18 00:00:00-05:00,408.41825976061074,411.8933627455597,405.6913474607701,409.29443359375,24727000
2024-11-19 00:00:00-05:00,406.68560375296545,411.4405079817959,405.1498661250552,411.2928466796875,18133500
2024-11-20 00:00:00-05:00,410.38713903081657,410.8006207181085,404.19494808048387,409.0285949707031,19191700
2024-11-21 00:00:00-05:00,413.80287334750346,414.07906953202513,404.717960528392,407.2629089355469,20780200
2024-11-22 00:00:00-05:00,405.7832171686565,411.7313230908911,405.47742965830406,411.3367614746094,24814600
2024-11-25 00:00:00-05:00,412.698073057269,415.36138685697927,409.21601445717323,413.1025085449219,27691100
2024-11-26 00:00:00-05:00,413.8916059444426,423.21327891734404,413.16166540924917,422.1775207519531,23458900
2024-11-27 00:00:00-05:00,419.33671813500956,421.4279524571333,416.2886859362159,417.2455139160156,18332400
2024-11-29 00:00:00-05:00,414.384847961252,419.10980447039015,412.1259395107062,417.7090759277344,16271900
2024-12-02 00:00:00-05:00,415.84474493949193,427.1195090506518,415.58826631722377,425.126953125,20207200
2024-12-03 00:00:00-05:00,424.00241788094525,426.5967051479557,421.93093157664276,425.3439636230469,18302000
2024-12-04 00:00:00-05:00,427.1490975254907,433.698935348809,426.754535872994,431.4794921875,26009400
2024-12-05 00:00:00-05:00,431.97270407918,438.6211597736825,430.2464705000807,436.6088562011719,21697800
2024-12-06 00:00:00-05:00,436.2931878578621,440.04159877439776,435.7703869006791,437.54595947265625,18821000
2024-12-09 00:00:00-05:00,436.5891705079944,442.2413336019405,434.51768404131514,439.96270751953125,19144400
2024-12-10 00:00:00-05:00,438.3548667232301,443.5138201555157,435.60274857576576,437.3092346191406,18469500
2024-12-11 00:00:00-05:00,438.0193906892449,444.2338491006331,438.0193906892449,442.8923034667969,19200200
2024-12-12 00:00:00-05:00,443.01071967285327,449.96499320791463,443.01071967285327,443.4546203613281,20834800
2024-12-13 00:00:00-05:00,442.34983294961415,445.2992167545738,439.5286583553318,441.1957092285156,20177800
2024-12-16 00:00:00-05:00,441.1956629672055,446.0389843929351,439.2326985780913,445.4570007324219,23598800
2024-12-17 00:00:00-05:00,444.8849575716068,449.1068307764244,443.4645114369834,448.2880859375,22733500
2024-12-18 00:00:00-05:00,445.1907332778121,446.50265760588917,431.08492025325205,431.4499206542969,24444500
2024-12-19 00:00:00-05:00,435.6224481744677,437.1612597390131,430.39443838506674,431.09478759765625,22963700
2024-12-20 00:00:00-05:00,427.2280306144627,437.71367214918683,422.80889160222836,430.670654296875,64263700
2024-12-23 00:00:00-05:00,430.80868309982753,431.7063281244541,426.95178067217284,429.33892822265625,19152500
2024-12-24 00:00:00-05:00,428.74709084992185,433.6298778354008,428.2933464556966,433.363525390625,7164500
2024-12-26 00:00:00-05:00,433.1169230295789,434.9516783695283,430.7002140852734,432.16009521484375,8194200
2024-12-27 00:00:00-05:00,428.6978084898888,429.3093836032803,420.5598497453618,424.6830749511719,18117700
2024-12-30 00:00:00-05:00,420.27376177490316,421.7435167493127,416.17025429217676,419.0604553222656,13158700
2024-12-31 00:00:00-05:00,420.313230174155,420.9346790911402,414.94710727917607,415.77569580078125,13246500
2025-01-02 00:00:00-05:00,419.7509500092328,420.2836247921959,409.21600045312425,412.89532470703125,16896500
2025-01-03 00:00:00-05:00,415.3613950253171,418.27134378737713,413.8423310893823,417.6005859375,16662900
2025-01-06 00:00:00-05:00,422.1874466156374,428.42162361284306,419.7016808979234,422.03948974609375,20573600
2025-01-07 00:00:00-05:00,423.1738448521772,424.801430542522,415.0851952170159,416.6338806152344,18139100
2025-01-08 00:00:00-05:00,417.70906128958796,421.171402275518,415.81515330470927,418.79412841796875,15054600
2025-01-10 00:00:00-05:00,418.8631994200863,418.9420997125399,409.383695034764,413.2603454589844,20201100
2025-01-13 00:00:00-05:00,409.6006710891581,412.816407095229,406.690752709142,411.5242004394531,17604800
2025-01-14 00:00:00-05:00,412.1357932076061,414.03957499111027,405.14208486737954,410.0248718261719,16935900
2025-01-15 00:00:00-05:00,413.43787278736687,422.3353628905166,412.58953664498,420.5203552246094,19637800
2025-01-16 00:00:00-05:00,422.87788427352234,423.6571336957602,418.6264203199314,418.8138122558594,15300000
2025-01-17 00:00:00-05:00,428.1947089431654,428.57942688248704,422.3551241092644,423.20343017578125,26197500
2025-01-21 00:00:00-05:00,424.3575582513444,425.0480336398343,419.82002384260585,422.6806335449219,26085700
2025-01-22 00:00:00-05:00,431.61761238386987,441.1957350447454,430.0788007344463,440.1402893066406,27803800
2025-01-23 00:00:00-05:00,435.9973147591307,440.6828062638951,435.50410512705025,440.6433410644531,18389300
2025-01-24 00:00:00-05:00,439.1143639891968,440.5841189283991,435.40541825453283,438.029296875,15549500
2025-01-27 00:00:00-05:00,418.2515848986201,429.2896173703644,417.7485015093757,428.6582946777344,35647800
2025-01-28 00:00:00-05:00,428.6977608632086,442.2906153004339,425.5214900534852,441.12664794921875,23491700
2025-01-29 00:00:00-05:00,440.62361853818396,440.81104060450724,434.41903300783486,436.32281494140625,23581400
2025-01-30 00:00:00-05:00,413.08272804700266,417.11717867451154,407.548931179693,409.35406494140625,54586300
2025-01-31 00:00:00-05:00,413.2899024984714,414.97667080056476,409.2751693701902,409.4231262207031,34161900
2025-02-03 00:00:00-05:00,406.01011324135266,409.76836765650177,403.1100386386691,405.33935546875,25679100
2025-02-04 00:00:00-05:00,407.0853452090854,408.29865167160733,404.1753965052981,406.7696838378906,20532100
2025-02-05 00:00:00-05:00,406.7499181872424,408.2097991758985,404.8263889185779,407.6771545410156,16316700
2025-02-06 00:00:00-05:00,408.3775613386283,412.5205341470821,408.3775613386283,410.1728515625,16309800
2025-02-07 00:00:00-05:00,410.8238533335017,412.96436600470287,402.5576561425311,404.18524169921875,22886800
2025-02-10 00:00:00-05:00,408.0914590052598,409.8176925215145,405.33937124502273,406.6217041015625,20817900
2025-02-11 00:00:00-05:00,404.0767525043344,406.88802298158646,403.74134350470337,405.852294921875,18140600
2025-02-12 00:00:00-05:00,401.67976029438313,405.17169274595005,398.8783333348811,403.48492431640625,19121700
2025-02-13 00:00:00-05:00,401.4726062482461,405.4182829681306,400.8412835235649,404.96453857421875,23891700
2025-02-14 00:00:00-05:00,402.25191655873215,403.35670130819824,400.3678521686821,402.8832092285156,22758500
2025-02-18 00:00:00-05:00,402.4590098668831,405.0237056562673,400.9793811541372,404.0767517089844,21423100
2025-02-19 00:00:00-05:00,402.34070226719325,409.84733856693146,402.1138149948078,409.1371154785156,24114200
2025-02-20 00:00:00-05:00,410.47144681938056,414.4447923675228,407.75335474991726,411.30169677734375,23508700
2025-02-21 00:00:00-05:00,412.4976421272199,413.1993956224997,403.15730762956775,403.47357177734375,27524800
2025-02-24 00:00:00-05:00,403.7700887978409,404.62009578289485,394.6867174896375,399.3124084472656,26443700
2025-02-25 00:00:00-05:00,396.44608593506547,397.25657880262406,392.09714469383994,393.283203125,29387400
2025-02-26 00:00:00-05:00,393.3919357776839,398.9170718958632,389.6755530638089,395.09197998046875,19619000
2025-02-27 00:00:00-05:00,396.6141373782218,401.03227411101483,387.61974690299365,387.9755554199219,21127400
2025-02-28 00:00:00-05:00,388.1040123360274,393.0163471729864,382.0846775634414,392.3837585449219,32845700
2025-03-03 00:00:00-05:00,394.1925506012372,394.1925506012372,381.6794393165997,383.9823913574219,23007700
2025-03-04 00:00:00-05:00,378.9514121108331,388.02488953137174,376.5792652913011,384.1009521484375,29342900
2025-03-05 00:00:00-05:00,384.822503579622,397.0094560898268,384.2986543499986,396.3669738769531,23433100
2025-03-06 00:00:00-05:00,389.70521049036057,397.4838909032578,388.12376908504734,392.2849426269531,23304600
2025-03-07 00:00:00-05:00,387.76792604607476,390.21913135054257,381.0665954583891,388.7464294433594,22034100
2025-03-10 00:00:00-04:00,381.3631423753148,381.91664235119805,372.8431639999478,375.7490539550781,32840100
2025-03-11 00:00:00-04:00,374.6024872406928,381.5212666884101,372.5367409966354,376.0356750488281,30380200
2025-03-12 00:00:00-04:00,378.5067033632867,380.75035405096787,374.55311473502826,378.8229675292969,24253600
2025-03-13 00:00:00-04:00,378.7141993931464,380.84914053983084,373.07046095024094,374.3751220703125,20473000
2025-03-14 00:00:00-04:00,375.3734493768336,385.7022111357248,375.10659301872727,384.05157470703125,19952800
2025-03-17 00:00:00-04:00,382.2131776873556,388.15342385678485,381.0962841175908,384.1899719238281,22474300
2025-03-18 00:00:00-04:00,382.57889637930924,382.8754034622388,376.6781641211092,379.070068359375,19486900
2025-03-19 00:00:00-04:00,381.0567221702146,385.158563988563,379.54447585576617,383.3201599121094,19185500
2025-03-20 00:00:00-04:00,381.26431956643484,387.244140619299,378.8328709429988,382.3515625,18470500
2025-03-21 00:00:00-04:00,378.7735544022507,387.19468720298374,378.35841433019584,386.72027587890625,39675900
2025-03-24 00:00:00-04:00,390.81219242783766,390.81219242783766,385.2870564688155,388.51910400390625,21004500
2025-03-25 00:00:00-04:00,389.34940942223693,391.7610706609813,388.0842623065983,390.57501220703125,15775000
2025-03-26 00:00:00-04:00,390.4168571879551,390.72325787798576,384.0614710304359,385.4452209472656,16108400
2025-03-27 00:00:00-04:00,385.60336562359333,387.6888690270636,382.9050306805178,386.0481262207031,13766800
2025-03-28 00:00:00-04:00,383.5771397086297,384.6149747790714,372.5565178920864,374.4048156738281,21632000
2025-03-31 00:00:00-04:00,368.21742532177814,372.6948625069506,362.97890314508544,371.03436279296875,35184700
2025-04-01 00:00:00-04:00,370.302940607575,378.4078083047587,368.8994337189865,377.7554626464844,19689500
2025-04-02 00:00:00-04:00,373.5843956250186,380.6118834465064,372.2500537125834,377.7060241699219,16092600
2025-04-03 00:00:00-04:00,370.4413527847735,373.10014336261634,365.0644702169303,368.78082275390625,30198000
2025-04-04 00:00:00-04:00,359.90502676066706,370.2436515761853,355.30898645827625,355.664794921875,49209900
2025-04-07 00:00:00-04:00,346.808801297969,366.6953473866903,340.78946619633433,353.7077941894531,50425000
2025-04-08 00:00:00-04:00,363.98712785508354,369.3145725706382,346.18608632628985,350.4460754394531,35868900
2025-04-09 00:00:00-04:00,349.43788571366844,388.6673652686905,349.0029886182402,385.9591369628906,50199700
2025-04-10 00:00:00-04:00,377.6269854135807,379.44563241847453,363.5324334212975,376.92523193359375,38024400
2025-04-11 00:00:00-04:00,376.2234920445777,385.52428234575257,374.4937970946495,383.94287109375,23839200
2025-04-14 00:00:00-04:00,388.6575040815548,390.0709046779098,379.75203666792555,383.3102722167969,19251200
2025-04-15 00:00:00-04:00,384.0021677861047,387.3429548173336,379.702634359307,381.2544250488281,17199900
2025-04-16 00:00:00-04:00,376.25312290658945,377.1821883945702,363.7301188576812,367.2982177734375,21967800
2025-04-17 00:00:00-04:00,369.41339637295704,369.9767899290697,362.6330071079686,363.5126647949219,21120200
2025-04-21 00:00:00-04:00,358.6102367890087,360.25097956592975,351.54320368031085,354.9531555175781,20807300
2025-04-22 00:00:00-04:00,359.1637844616611,363.50283254625396,355.68460696363,362.5638732910156,19485000
2025-04-23 00:00:00-04:00,371.6965961898571,375.9763723537339,368.69186067990836,370.0459899902344,20545500
2025-04-24 00:00:00-04:00,371.3408006891215,383.9428636514652,370.8367085183124,382.8061828613281,22232300
2025-04-25 00:00:00-04:00,382.5097039822226,387.6098369882708,380.13755681192964,387.3034362792969,18973200
2025-04-28 00:00:00-04:00,387.4121350910717,388.1830836548117,382.15388522315925,386.6214294433594,16579400
2025-04-29 00:00:00-04:00,386.75978890275064,390.5157161336794,385.8504804253008,389.468017578125,14974000
2025-04-30 00:00:00-04:00,385.77135703314644,392.05757796403765,379.979364791359,390.673828125,36461100
2025-05-01 00:00:00-04:00,426.10788113002934,431.9196612018972,419.96994327038766,420.4641418457031,58938100
2025-05-02 00:00:00-04:00,426.7305579775838,434.3412277785372,425.0008630376841,430.2294921875,30757400
2025-05-05 00:00:00-04:00,427.84743296236513,434.40051033348516,427.0962415401901,431.1091613769531,20136100
2025-05-06 00:00:00-04:00,427.18524232094876,432.65107712392626,426.1671945058241,428.2823486328125,15104200
2025-05-07 00:00:00-04:00,428.8061738000786,433.0365119798482,426.10783898687293,428.3218688964844,23295300
2025-05-08 00:00:00-04:00,432.8487322038109,438.5221520354275,430.60508165893515,433.0859680175781,23491300
2025-05-09 00:00:00-04:00,434.89471877509555,435.6261229679929,430.8225275981773,433.63946533203125,15324200
2025-05-12 00:00:00-04:00,440.7657862582039,444.15598092637396,434.6772567640601,444.0472717285156,22821900
2025-05-13 00:00:00-04:00,442.5844447017788,445.4409267506546,440.192510488539,443.9286804199219,23618800
2025-05-14 00:00:00-04:00,442.940306646518,448.6334536340928,442.940306646518,447.6846008300781,19902800
2025-05-15 00:00:00-04:00,446.3576953837484,451.7246558325709,446.0210270484144,448.6946105957031,21992300
2025-05-16 00:00:00-04:00,447.6251542704443,449.91254071320964,444.3376746324017,449.82342529296875,23849800
2025-05-19 00:00:00-04:00,446.46663650360125,455.0913715701619,446.3874026485213,454.37841796875,21336500
2025-05-20 00:00:00-04:00,451.13050930908776,453.8535912700005,449.87295142774695,453.6852722167969,15441800
2025-05-21 00:00:00-04:00,450.12052955644793,453.2991005803846,447.38753565613104,448.1401062011719,19216900
2025-05-22 00:00:00-04:00,450.49682997275477,455.7449399531106,449.45708954496587,450.4076843261719,18025600
2025-05-23 00:00:00-04:00,445.5754438212613,449.2491205375805,444.51591011589574,445.7734680175781,16883500
2025-05-27 00:00:00-04:00,452.0118507212909,456.43809825868186,451.6553587930952,456.1806335449219,20974300
2025-05-28 00:00:00-04:00,456.7054113344306,457.9926743719098,452.45739496057166,452.8831787109375,17086300
2025-05-29 00:00:00-04:00,457.0321797296883,457.2005290082406,450.8532686393741,454.1902770996094,13974800
2025-05-30 00:00:00-04:00,455.22010105843367,457.16090743162863,451.081023612945,455.85382080078125,34770500
2025-06-02 00:00:00-04:00,452.66535029783114,457.58667299374565,452.41779739511384,457.44805908203125,16626500
2025-06-03 00:00:00-04:00,456.95294554827,459.59682380087423,456.3489007620485,458.4382629394531,15743800
2025-06-04 00:00:00-04:00,459.4581695952893,461.13162957016016,458.48775137554446,459.3294372558594,14162700
2025-06-05 00:00:00-04:00,460.4088263203011,465.0529216385449,459.4879366863286,463.1022033691406,20131700
2025-06-06 00:00:00-04:00,465.4885564998141,468.70674412433226,464.1913817517478,465.7757263183594,15285600
2025-06-09 00:00:00-04:00,465.10242514198006,468.7958952647425,464.0329796350046,468.12255859375,16469900
2025-06-10 00:00:00-04:00,466.5778015728124,468.1720277278758,462.38919566775553,466.3104553222656,15375900
2025-06-11 00:00:00-04:00,465.4192790589967,470.81594475736864,465.0628173622344,467.99383544921875,16399200
2025-06-12 00:00:00-04:00,470.37032681118086,475.7174938929388,468.88500933710617,474.1826477050781,18950600
2025-06-13 00:00:00-04:00,471.74673205457395,474.48960742449077,468.13246560456287,470.3109130859375,16814500
2025-06-16 00:00:00-04:00,470.55842728964666,475.98479752096426,470.3504913231842,474.4499816894531,15626100
2025-06-17 00:00:00-04:00,470.7466055851971,474.0539088222925,469.4395189734987,473.36077880859375,15414100
2025-06-18 00:00:00-04:00,473.3211811212961,476.291816149254,469.8158233270243,475.53924560546875,17526500
2025-06-20 00:00:00-04:00,477.5097592999014,478.7277002496467,472.2022093150259,472.7270202636719,37576200
2025-06-23 00:00:00-04:00,473.52910172023695,482.97572926336846,467.8849134818946,481.24285888671875,24864000
2025-06-24 00:00:00-04:00,484.16397269221426,487.0355802812341,482.03499358247046,485.3125915527344,22305600
2025-06-25 00:00:00-04:00,487.2237477118272,489.71907018583636,484.59969288856837,487.45147705078125,17495100
2025-06-26 00:00:00-04:00,488.15456314430565,493.1650318097281,487.98621386300664,492.580810546875,21578900
2025-06-27 00:00:00-04:00,492.6797669341534,494.41263722515527,488.20402140418383,491.0855407714844,34539200
2025-06-30 00:00:00-04:00,492.17479474651304,495.8583832017286,490.4815111095117,492.5411682128906,28369000
2025-07-01 00:00:00-04:00,491.61039147776194,493.1749126279045,486.17413905224953,487.233642578125,19945400
2025-07-02 00:00:00-04:00,485.1938116448169,488.66946431331223,483.9164603345879,486.2830505371094,16319600
2025-07-03 00:00:00-04:00,488.9764203666982,495.2345653483035,488.6100468852986,493.9571838378906,13984800
2025-07-07 00:00:00-04:00,492.5114152024465,493.86800016236145,490.3824664585507,492.84808349609375,13981600
2025-07-08 00:00:00-04:00,492.37280697303856,493.3234318678901,489.2734398258723,491.7588806152344,11846600
2025-07-09 00:00:00-04:00,495.40288075164045,501.8194631786975,494.8483646402868,498.58148193359375,18659500
2025-07-10 00:00:00-04:00,498.12595942487985,499.502368126141,492.8778497571002,496.57135009765625,16492100
2025-07-11 00:00:00-04:00,493.59080845907414,500.08659454551145,492.9273533491097,498.3933410644531,16459500
2025-07-14 00:00:00-04:00,496.6109653955542,499.0369961700355,496.1257713282032,498.0962829589844,12058800
2025-07-15 00:00:00-04:00,498.0962552049,503.3245715280963,497.8685258646023,500.8688659667969,14927200
2025-07-16 00:00:00-04:00,500.2351113436526,501.7600457375481,496.9773367906475,500.6708068847656,15154400
2025-07-17 00:00:00-04:00,500.7302212088446,508.34495123446135,500.67081092720053,506.6913146972656,17503100
2025-07-18 00:00:00-04:00,509.4440643876484,509.6025320949179,502.4630844244223,505.05743408203125,21209700
2025-07-21 00:00:00-04:00,501.7501069031347,507.0774803175347,500.60145783110823,505.06732177734375,14066800
2025-07-22 00:00:00-04:00,505.9684679829346,506.1962275502158,500.3242492675781,500.3242492675781,13868600
2025-07-23 00:00:00-04:00,501.78975657062705,501.82937349813983,495.7989881406536,500.9183654785156,16396600
2025-07-24 00:00:00-04:00,503.7899408054956,508.6419715627398,502.33432855643633,505.8793029785156,16107000
2025-07-25 00:00:00-04:00,507.4537274302719,513.2167663968169,505.3643953860848,508.681640625,19125700
2025-07-28 00:00:00-04:00,509.0480107678364,509.9589885432546,505.12675096242896,507.48345947265625,14308000
2025-07-29 00:00:00-04:00,510.4838436674275,512.5533521818816,506.5526719682665,507.55279541015625,16469200
2025-07-30 00:00:00-04:00,510.127348903314,510.89974304598894,504.45345515414937,508.21624755859375,26380400
2025-07-31 00:00:00-04:00,549.795171976257,550.0130499577134,526.6935786680993,528.2778930664062,51617300
2025-08-01 00:00:00-04:00,529.7632164041114,530.5553736121248,515.7616096000787,518.9797973632812,28977600
2025-08-04 00:00:00-04:00,523.0991177691142,532.981410508703,522.960473635689,530.39697265625,25349000
2025-08-05 00:00:00-04:00,531.9219176627233,532.0407382325785,522.0792108748774,522.584228515625,19171600
2025-08-06 00:00:00-04:00,525.70337986457,526.4955370830186,518.9006307843745,519.8016967773438,21355700
2025-08-07 00:00:00-04:00,521.6435053063135,522.9209170643583,512.4840471895837,515.7418823242188,16079100
2025-08-08 00:00:00-04:00,517.4845698020915,519.524403327164,514.3257923084495,516.9300537109375,15531000
2025-08-11 00:00:00-04:00,517.1875615378566,522.4258201385037,514.6327984158801,516.6627807617188,20194400
2025-08-12 00:00:00-04:00,518.623257971221,525.782467566966,517.5835480141434,524.0595092773438,18667000
2025-08-13 00:00:00-04:00,526.9014833945702,527.4857348349631,514.2861971986356,515.484375,19619200
2025-08-14 00:00:00-04:00,517.4449565045493,520.8017882377586,515.0486614235291,517.36572265625,20269100
2025-08-15 00:00:00-04:00,517.6529556536844,520.9503168823401,513.9990723038397,515.078369140625,25213300
2025-08-18 00:00:00-04:00,516.4845535034275,517.7024945692299,508.98864359035275,512.0384521484375,23760600
2025-08-19 00:00:00-04:00,509.9589996924715,510.11740696385556,503.5721224631474,504.7801818847656,21481000
2025-08-20 00:00:00-04:00,504.87923949406314,505.9981835608303,499.50239716393804,500.7698669433594,27723000
2025-08-21 00:00:00-04:00,499.5796529563519,503.4875031078027,498.61756740599895,500.1251525878906,18443300
2025-08-22 00:00:00-04:00,500.13506667774504,506.5621975190336,498.3100856343386,503.09075927734375,24324200
2025-08-25 00:00:00-04:00,502.4956130920682,504.0428801746979,500.0060864475961,500.14495849609375,21638600
2025-08-26 00:00:00-04:00,500.2440985723917,500.85906441774694,494.44186237473224,497.94305419921875,30835700
2025-08-27 00:00:00-04:00,497.9034268047853,503.1502662118434,495.8205578102606,502.604736328125,17277900
2025-08-28 00:00:00-04:00,502.95187030654046,506.91922816363694,501.3748491905692,505.4810791015625,18015600
2025-08-29 00:00:00-04:00,504.5090702372647,505.44140176386463,500.3730863144936,502.5551452636719,20961600
2025-09-02 00:00:00-04:00,496.3859077753076,501.87077891116434,492.75577163159113,500.9979553222656,18128000
2025-09-03 00:00:00-04:00,499.6788070917271,503.64616490840893,498.220801883355,501.22607421875,16345100
2025-09-04 00:00:00-04:00,500.1846427841772,504.00323087503085,499.0440334241921,503.82470703125,15509500
2025-09-05 00:00:00-04:00,504.9157608525771,507.7920894589463,488.3520284612672,490.9605712890625,31994800
2025-09-08 00:00:00-04:00,494.0451377441344,497.1099483047291,490.990285532587,494.1344299316406,16771000
2025-09-09 00:00:00-04:00,497.33802599365555,498.15134157087306,493.6384843818268,494.3426818847656,14410500
2025-09-10 00:00:00-04:00,498.8754600894228,499.1234199731124,492.6665349159027,496.2867431640625,21611800
2025-09-11 00:00:00-04:00,498.1513494682616,499.06385505423435,493.8170160390995,496.9214782714844,18881600
2025-09-12 00:00:00-04:00,502.51544395369297,508.3672905695674,499.73830564164535,505.7389221191406,23624900
2025-09-15 00:00:00-04:00,504.63802593930427,511.2634762434591,502.86262476523797,511.1543884277344,17143800
2025-09-16 00:00:00-04:00,512.6620043570016,513.0091239663263,504.4495745277025,504.885986328125,19711900
2025-09-17 00:00:00-04:00,506.4530503919847,507.1175961354426,501.80132099339164,505.8579406738281,15816600
2025-09-18 00:00:00-04:00,507.31595138937655,508.883074673213,503.5172196080818,504.30078125,18913700
2025-09-19 00:00:00-04:00,506.39357782967863,515.0622454615835,506.1456179521661,513.7034301757812,52474100
2025-09-22 00:00:00-04:00,511.38257317258103,513.5149918534414,508.3574141571104,510.2518615722656,20009300
2025-09-23 00:00:00-04:00,509.6070850287104,510.3906769190661,503.1700568391782,505.07440185546875,19799600
2025-09-24 00:00:00-04:00,506.215041937542,508.29788064425674,502.7832857896144,505.9869079589844,13533700
2025-09-25 00:00:00-04:00,504.15198973027213,505.84805701475193,500.9186136455738,502.8923645019531,15786500
2025-09-26 00:00:00-04:00,505.8975942449135,509.745935901324,502.4856643393456,507.2861633300781,16213100
2025-09-29 00:00:00-04:00,507.3258348805616,512.6321512651683,504.7272205888506,510.4005126953125,17617800
2025-09-30 00:00:00-04:00,509.05168089535164,513.9315141469417,505.5009089039439,513.7232666015625,19728200
2025-10-01 00:00:00-04:00,510.5989067561486,516.2623314762835,507.51430077675985,515.4688720703125,22632300
2025-10-02 00:00:00-04:00,513.4157691025699,517.3434144406598,506.51254498360566,511.53125,21222900
2025-10-03 00:00:00-04:00,512.8801529316524,516.2425031799986,510.7973143114264,513.1281127929688,15112300
2025-10-06 00:00:00-04:00,514.377848960065,526.6965386672223,513.9712214168786,524.256591796875,21388600
2025-10-07 00:00:00-04:00,523.9788048028778,525.4764919541412,517.1847292577561,519.7039794921875,14615200
2025-10-08 00:00:00-04:00,519.0097599169904,522.6497936321297,518.8213080060119,520.56689453125,13363400
2025-10-09 00:00:00-04:00,518.07745494396,520.0512058016051,513.1777655449532,518.136962890625,18343600
2025-10-10 00:00:00-04:00,515.3994727403434,519.3073226434543,505.47115003636685,506.790283203125,24133800
2025-10-13 00:00:00-04:00,512.1957986627914,512.1957986627914,507.50441729945595,509.8550720214844,14284200
2025-10-14 00:00:00-04:00,506.0662879637401,511.07509568876407,501.87079590760095,509.3790283203125,14684300
2025-10-15 00:00:00-04:00,510.75768630195654,512.9694689959882,505.83814063109804,509.2401428222656,14694700
2025-10-16 00:00:00-04:00,508.3970827878481,512.6321960787722,503.9833851231019,507.4349670410156,15559600
2025-10-17 00:00:00-04:00,504.8859867353243,511.2734052578957,503.1700935064365,509.3889465332031,19867800
2025-10-20 00:00:00-04:00,510.41049011219013,514.4671401409408,509.2401268135401,512.5726928710938,14665600
2025-10-21 00:00:00-04:00,513.2769402267872,514.4572316509175,508.8533142722573,513.4356079101562,15586200
2025-10-22 00:00:00-04:00,516.8971823641815,520.943843958813,513.4852520447155,516.2921142578125,18962700
2025-10-23 00:00:00-04:00,518.1964086283891,519.6742395740552,514.3777908083965,516.3118896484375,14023500
2025-10-24 00:00:00-04:00,518.5237205252405,521.0628270774097,516.4607380708425,519.3370361328125,15532400
2025-10-27 00:00:00-04:00,527.440383046071,530.2175212473691,524.6929685473742,527.1824951171875,18734700
2025-10-28 00:00:00-04:00,545.511702993095,549.2013167264516,536.3570441492753,537.6464233398438,29986700
2025-10-29 00:00:00-04:00,540.4929653309738,541.8121286840217,532.3499420595073,537.130615234375,36023000
2025-10-30 00:00:00-04:00,526.150935240438,530.6042843733296,517.8591725476514,521.469482421875,41023100
2025-10-31 00:00:00-04:00,524.5640822050067,525.0004940086545,510.89650476941233,513.5844116210938,34006400
2025-11-03 00:00:00-05:00,515.5680732671589,520.6760707602963,510.3907002836433,512.810791015625,22374700
2025-11-04 00:00:00-05:00,507.5837474278435,511.34279700787874,503.6957236126803,510.1327819824219,20958700
2025-11-05 00:00:00-05:00,509.11117977922714,510.6287232020861,502.4460174356622,503.02130126953125,23024300
2025-11-06 00:00:00-05:00,501.5335702984596,501.5732523540539,491.7639450704796,493.0434265136719,27406500
2025-11-07 00:00:00-05:00,492.89463000746537,495.30479262227396,489.2248119110569,492.76568603515625,24019800
2025-11-10 00:00:00-05:00,495.9594336108676,502.7138582055711,494.729532044403,501.87078857421875,26101500
2025-11-11 00:00:00-05:00,500.68055811559174,505.4414057875519,498.2505695472254,504.5289001464844,17980000
2025-11-12 00:00:00-05:00,505.203338237195,507.494515261433,495.0469117437556,506.9688415527344,26574900
2025-11-13 00:00:00-05:00,506.1455939798088,509.3095642884979,497.1992129195551,499.1828918457031,25273100
2025-11-14 00:00:00-05:00,494.16416907736203,507.42505738590404,493.38060745410195,506.0166320800781,28505700
2025-11-17 00:00:00-05:00,504.3007594029326,507.9407930820625,500.78963942134817,503.34857177734375,19092800
2025-11-18 00:00:00-05:00,491.3275301094218,498.87544447228873,482.8076324047851,489.76043701171875,33815100
2025-11-19 00:00:00-05:00,486.1005289347495,491.14898819063853,478.88983663624714,483.14483642578125,23245300
2025-11-20 00:00:00-05:00,489.60385435710714,490.45844852333465,472.50235794747454,475.41387939453125,26802500
2025-11-21 00:00:00-05:00,475.4834301610789,475.9007957312625,465.3179114267742,469.1436462402344,31769200
2025-11-24 00:00:00-05:00,472.0055061050608,473.89352206444323,465.0694984877541,471.0118103027344,34421000
2025-11-25 00:00:00-05:00,471.08136597664605,476.12932719889915,461.9592459889855,473.9829406738281,28019800
2025-11-26 00:00:00-05:00,483.244222260298,485.23161394332453,478.1664510662567,482.4393310546875,25709100
2025-11-28 00:00:00-05:00,484.5260924315005,489.5243812398697,483.5820692635899,488.9082946777344,14386700
2025-12-01 00:00:00-05:00,485.3608038657598,486.77183499200703,481.59468809959253,483.6715087890625,23964000
2025-12-02 00:00:00-05:00,483.6516286444489,490.38888506208144,483.2541563831954,486.91094970703125,19562700
2025-12-03 00:00:00-05:00,473.31720798581483,481.18726202656165,472.20427350128017,474.71832275390625,34615100
2025-12-04 00:00:00-05:00,476.7355376297969,478.28570075231454,473.48613274494215,477.8087158203125,22318200
2025-12-05 00:00:00-05:00,479.4780948278929,480.35255199911325,475.86105782216015,480.11407470703125,22608700
2025-12-08 00:00:00-05:00,481.8331697469475,489.19642891935564,481.3263751862239,487.92449951171875,21965900
2025-12-09 00:00:00-05:00,486.01663804004494,489.0175885389743,485.4204144751398,488.918212890625,14696100
2025-12-10 00:00:00-05:00,480.97857754952304,481.19719183884354,472.084987996716,475.5430603027344,35756200
2025-12-11 00:00:00-05:00,473.6252433732215,482.96597801292137,472.86007818396723,480.422119140625,24669200
2025-12-12 00:00:00-05:00,476.79512068758515,479.40854546431024,473.3370484252935,475.51324462890625,21248100
2025-12-15 00:00:00-05:00,477.0733420562278,477.6894285774835,469.5411111878212,471.8266296386719,23727700
2025-12-16 00:00:00-05:00,468.9350114671635,474.87732355778707,467.911505956298,473.38677978515625,20705600
2025-12-17 00:00:00-05:00,473.903466892556,476.9739832708393,472.0055042784347,473.1184387207031,24527200
2025-12-18 00:00:00-05:00,475.1754171439269,486.51349034093164,474.87732052138307,480.9289245605469,28573500
2025-12-19 00:00:00-05:00,484.2875529363844,484.77448448182145,479.4482594182398,482.8566589355469,70836100
2025-12-22 00:00:00-05:00,483.0554234208069,485.64898536737695,479.6470539215635,481.8630065917969,16963000
2025-12-23 00:00:00-05:00,481.922585996358,484.75459468390824,481.6840783901604,483.7807922363281,14683600
2025-12-24 00:00:00-05:00,482.6181454723109,486.0762176057581,481.77349801821515,484.9433898925781,5855900
2025-12-26 00:00:00-05:00,483.6416497095635,485.04276435526947,482.8963778974979,484.6353454589844,8842200
2025-12-29 00:00:00-05:00,481.80333660098637,485.27135560420123,481.1276307272214,484.02923583984375,10893400
2025-12-30 00:00:00-05:00,482.8666136001516,486.5929730105466,482.43933166580535,484.4068603515625,13944500
2025-12-31 00:00:00-05:00,484.7645645601486,485.06269150087525,480.25317705215497,480.5711669921875,15601600
2026-01-02 00:00:00-05:00,481.3363251826272,481.6046121327098,467.1960229709088,469.95849609375,25571600
2026-01-05 00:00:00-05:00,471.071443053882,473.0687813775576,466.5401924921144,469.86907958984375,25250300
2026-01-06 00:00:00-05:00,470.8130789419108,475.7219388392127,466.7886229022075,475.493408203125,23037700
2026-01-07 00:00:00-05:00,476.73551614076564,486.6128550141313,474.936929133209,480.422119140625,25564200
2026-01-08 00:00:00-05:00,478.20615894860083,479.61722033317443,472.8600706717694,475.09588623046875,18162600
2026-01-09 00:00:00-05:00,471.0714211959582,476.7951186190047,469.2231615927928,476.2585144042969,18491000
2026-01-12 00:00:00-05:00,473.6649886945649,477.95773148860775,472.68120923483104,474.1717529296875,23519900
2026-01-13 00:00:00-05:00,471.68751939768345,472.7805908527595,463.01257439213845,467.70281982421875,28545800
2026-01-14 00:00:00-05:00,463.51933114332076,465.2483824443871,454.2879190598576,456.4839782714844,28184300
2026-01-15 00:00:00-05:00,461.1940901109254,461.32327541703046,453.02590941718984,453.7811279296875,23225800
2026-01-16 00:00:00-05:00,454.94370584966504,460.26993076816973,453.60224086509476,456.9609069824219,34246700
2026-01-20 00:00:00-05:00,448.3754483517362,453.92025792216236,446.4476759522066,451.6546325683594,26130000
2026-01-21 00:00:00-05:00,449.74673993987386,449.836168925793,435.9144806057656,441.31024169921875,37980500
2026-01-22 00:00:00-05:00,444.79810039972057,449.9851935867555,441.89652570286836,448.2959289550781,25349400
2026-01-23 00:00:00-05:00,449.02131930234236,468.1301005814363,447.6897705604439,463.0125732421875,38000200
2026-01-26 00:00:00-05:00,462.3766075757791,471.2602507862521,459.0874767807031,467.3152770996094,29291200
2026-01-27 00:00:00-05:00,470.7136916421546,479.8258647405344,470.1770874429818,477.55029296875,29213900
2026-01-28 00:00:00-05:00,480.16374552458444,480.69040309270366,474.9865988275796,478.5937194824219,36875400
2026-01-29 00:00:00-05:00,437.21619626544543,439.71038237575016,418.365786117595,430.7671203613281,128855300
2026-01-30 00:00:00-05:00,436.4014165119217,436.8286984461687,423.7616041817895,427.577392578125,58566800
2026-02-02 00:00:00-05:00,427.5276741085398,428.02452201181774,419.58805431821895,420.70098876953125,42219900
2026-02-03 00:00:00-05:00,419.34957819955315,419.3893041977899,405.9843574339844,408.6176452636719,61424100
2026-02-04 00:00:00-05:00,408.40896545860215,417.15347618992746,406.66005118226167,411.578857421875,45012400
2026-02-05 00:00:00-05:00,404.87141244319446,405.72597626088844,389.84673704915224,391.188232421875,66289200
2026-02-06 00:00:00-05:00,396.6535630940219,399.25704122003975,390.4429643868461,398.61114501953125,53515300
2026-02-09 00:00:00-05:00,402.2977759502542,412.2744908996196,398.3428555009064,410.99261474609375,45480500
2026-02-10 00:00:00-05:00,416.97464756162884,421.0090502850332,410.0982892644293,410.6646728515625,44857900
2026-02-11 00:00:00-05:00,413.5563153661985,413.8345489802859,398.4819668946231,401.8207702636719,42491000
2026-02-12 00:00:00-05:00,402.4467839094351,403.6392309547976,395.5008602319473,399.30670166015625,40802400
2026-02-13 00:00:00-05:00,401.90028127287496,402.98340606348665,395.54060384789733,398.7900085449219,34091600
2026-02-17 00:00:00-05:00,396.70323107498865,397.99502346077054,392.0427954340728,394.35809326171875,32078800
2026-02-18 00:00:00-05:00,395.62013745533494,400.02220283554806,393.82155037537984,397.08087158203125,23223400
2026-02-19 00:00:00-05:00,399.07278661262325,402.7976819572589,395.0690225854118,396.8517761230469,28234000
2026-02-20 00:00:00-05:00,394.51123443489973,398.5050592846536,393.56508699389525,395.6267395019531,34015200
2026-02-23 00:00:00-05:00,393.4057107487328,393.7642431363039,381.55374731391754,382.918212890625,43238300
2026-02-24 00:00:00-05:00,382.58959213032324,387.7884945775691,380.16937672197673,387.4299621582031,33884700
2026-02-25 00:00:00-05:00,388.95376053046306,399.84960746436826,388.5852587696308,398.9831237792969,43625500
2026-02-26 00:00:00-05:00,403.0765245044552,405.8453028142193,397.1306190557743,400.0986022949219,34405900
2026-02-27 00:00:00-05:00,389.30236795593413,395.2183958601928,388.30640407164015,391.15484619140625,51367200
2026-03-02 00:00:00-05:00,391.2743390590049,399.57073485574693,389.0533591512552,396.9413757324219,35474900
2026-03-03 00:00:00-05:00,391.5532542396072,405.05852201627056,391.0851500003899,402.2996826171875,38199200
2026-03-04 00:00:00-05:00,399.6504140582061,409.3710312257941,398.69429724653685,403.5645751953125,35808000
2026-03-05 00:00:00-05:00,402.78771732924594,409.9486695143622,402.7677785996419,409.0224304199219,39001300
2026-03-06 00:00:00-05:00,407.54843921074234,411.38287590243635,406.8612216895844,407.30938720703125,31123900
2026-03-09 00:00:00-04:00,403.2857003455267,408.55432729115563,401.8714182880504,407.757568359375,30131900
2026-03-10 00:00:00-04:00,408.37506928692744,408.5443965203919,401.30371964643086,404.122314453125,31706400
2026-03-11 00:00:00-04:00,403.9330670994013,407.35918518479474,399.96912002302975,403.245849609375,25512100
2026-03-12 00:00:00-04:00,402.99687655683135,404.4808530373378,400.08864860368743,400.238037109375,27263900
2026-03-13 00:00:00-04:00,399.3815063856616,403.16615688192843,392.65875035547907,393.9534912109375,26848000
2026-03-16 00:00:00-04:00,396.4633374914087,399.01300251860397,393.1965772756644,398.33575439453125,27733700
2026-03-17 00:00:00-04:00,398.6544268926901,402.7677623283013,396.1446090107731,397.79791259765625,26228300
2026-03-18 00:00:00-04:00,395.5271533612366,396.39363710184665,389.42188971563326,390.2087097167969,25908500
2026-03-19 00:00:00-04:00,388.52551763585893,390.90585551603124,385.4977789148814,387.4498596191406,25138800
2026-03-20 00:00:00-04:00,385.22889118681917,385.43803509853177,378.58579850034175,380.3287353515625,50853200
2026-03-23 00:00:00-04:00,382.3505545919761,385.64719283721575,380.1395134056624,381.4541931152344,29680100
2026-03-24 00:00:00-04:00,380.8167328036651,380.9263046350485,370.34917314154325,371.2355651855469,42733600
2026-03-25 00:00:00-04:00,375.39872248264555,375.5381416220395,368.13813722010167,369.5424499511719,31181200
2026-03-26 00:00:00-04:00,369.3233510512375,373.2076042912997,363.71606927386256,364.492919921875,36836600
2026-03-27 00:00:00-04:00,360.43931657918756,360.9871149414508,355.07108715320055,355.33001708984375,37883400
2026-03-30 00:00:00-04:00,360.4393055378546,363.8853318939423,354.8419936524484,357.51116943359375,44797000
2026-03-31 00:00:00-04:00,363.07862179545566,371.3949263066763,361.6046146993887,368.67596435546875,45244400
2026-04-01 00:00:00-04:00,371.98254731341393,372.48052926345224,366.7139201659809,367.8791809082031,29417200
2026-04-02 00:00:00-04:00,365.7278929006101,372.1319638369453,362.680245817395,371.9526672363281,24099100
2026-04-06 00:00:00-04:00,371.98252335059567,372.22157533941066,368.0086373714944,371.375,16146600
2026-04-07 00:00:00-04:00,368.8452727581139,370.9467724245638,365.080530373921,370.78741455078125,21443300
2026-04-08 00:00:00-04:00,383.426192668859,383.4461010048471,369.9109552686541,372.81915283203125,33064800
2026-04-09 00:00:00-04:00,370.9965632857518,371.99252721403565,365.5685477188417,371.56427001953125,30435300
2026-04-10 00:00:00-04:00,371.47463812837884,374.12390583360843,368.5365323725683,369.3731384277344,28111100
2026-04-13 00:00:00-04:00,372.10205289266787,382.98796126737693,369.5225100750242,382.8186340332031,35745800
2026-04-14 00:00:00-04:00,386.3543213772784,393.09698589720546,384.95994763093,391.5233459472656,37504500
2026-04-15 00:00:00-04:00,396.3936283702306,412.69755239260473,395.1287651714373,409.5602722167969,45063400
2026-04-16 00:00:00-04:00,418.16537187855886,419.12151906860663,410.4765600541581,418.56378173828125,41642400
2026-04-17 00:00:00-04:00,423.10539315661504,429.83808848207923,418.99205736838906,421.0835876464844,48568200
2026-04-20 00:00:00-04:00,419.4501847919345,421.6213787702164,414.6197538627068,416.38262939453125,27582200
2026-04-21 00:00:00-04:00,418.54386715015573,425.4558591722327,415.51615872358184,422.44805908203125,32048500
2026-04-22 00:00:00-04:00,424.4698510786937,431.9495495900464,421.9600330275293,431.1726989746094,29378200
2026-04-23 00:00:00-04:00,418.19526527607866,421.9500379562064,409.7494810939023,414.07196044921875,38308000
2026-04-24 00:00:00-04:00,415.28707116170386,423.23487407473965,414.12178001797366,422.90618896484375,27457400
2026-04-27 00:00:00-04:00,420.6752229306716,425.38611256831246,415.3866572294081,423.1053771972656,30867300
2026-04-28 00:00:00-04:00,422.8563830057505,428.1847957314844,420.197146128082,427.5174865722656,30438100
2026-04-29 00:00:00-04:00,422.866306449911,425.0972860808559,418.59364353468584,422.7467956542969,38288300
2026-04-30 00:00:00-04:00,409.15192465494977,412.74737011555624,396.4035989759817,406.1341552734375,70909400
2026-05-01 00:00:00-04:00,411.1338775963461,415.4264794885345,408.7834174283456,412.76727294921875,31372400
2026-05-04 00:00:00-04:00,409.87897009526375,419.0816663151199,409.14193618030583,411.9505615234375,28066500
2026-05-05 00:00:00-04:00,413.6437352165572,415.09783400354706,407.1500311208482,409.7196350097656,25700900
2026-05-06 00:00:00-04:00,406.3532485673598,416.73120520087787,403.4748984673602,412.2891845703125,30285900
2026-05-07 00:00:00-04:00,418.41437649189606,426.25263786097554,417.06984955189336,419.07171630859375,34942400
2026-05-08 00:00:00-04:00,415.70537649227293,416.9403619714099,412.32904436576047,413.44451904296875,33383800
2026-05-11 00:00:00-04:00,406.22377045102496,411.02432350049145,403.86334099070683,410.99444580078125,35657900
2026-05-12 00:00:00-04:00,412.8071154720842,413.8229876767416,404.9987623844293,406.1241760253906,38594200
2026-05-13 00:00:00-04:00,401.57265715241186,404.6700902960666,399.41140211310335,403.57452392578125,29667100
2026-05-14 00:00:00-04:00,402.847493220503,410.1777730080913,399.2620170659624,407.7774963378906,27077500
2026-05-15 00:00:00-04:00,412.5979239362014,426.4418454559798,411.2434277199191,420.2170715332031,50771200
2026-05-18 00:00:00-04:00,414.93848271907115,423.40417602339767,413.9325494355234,421.83056640625,32564100
2026-05-19 00:00:00-04:00,428.16486989475214,430.9535870211983,414.808990493047,415.7352600097656,33018700
2026-05-20 00:00:00-04:00,412.49835957243755,420.3963455784958,409.63991780241736,419.36053466796875,27864000
2026-05-21 00:00:00-04:00,423.9518891931334,425.5388979071037,414.92886694253497,418.3025207519531,31393500
2026-05-22 00:00:00-04:00,418.7517174636334,423.60257118762803,415.54772693408205,417.7835388183594,22390300
2026-05-26 00:00:00-04:00,415.6475333356961,418.9812539216563,412.24393696715845,415.248291015625,30398000
2026-05-27 00:00:00-04:00,410.23773822181624,415.15846763645,408.8104019854481,411.8946228027344,28901500
2026-05-28 00:00:00-04:00,412.2040283766931,428.68298564682067,411.89461329838434,426.18768310546875,47250500
2026-05-29 00:00:00-04:00,431.7372486144539,449.48383969057267,431.54760317786213,449.3940124511719,79654400
2026-06-01 00:00:00-04:00,463.96658383705716,465.4438139523178,457.40892124774234,459.6546936035156,53628900
2026-06-02 00:00:00-04:00,446.0403151791343,452.64787129328397,439.6024225764256,440.48077392578125,37036800
2026-06-03 00:00:00-04:00,437.62618910935214,439.56254639446627,423.45285793258154,426.53704833984375,39037000
2026-06-04 00:00:00-04:00,434.9911260035114,435.33048350032107,425.60879436274143,427.2456970214844,26899500
2026-06-05 00:00:00-04:00,427.5351398188391,428.66302140752947,413.6213308264138,415.8870849609375,34782200
2026-06-08 00:00:00-04:00,413.3618539280056,416.37616844333525,407.79232157753756,410.9663391113281,32086700
2026-06-09 00:00:00-04:00,408.26144336727174,411.20591258759293,397.7312786929967,402.6520080566406,35317300
2026-06-10 00:00:00-04:00,397.80110870103243,404.2789346443135,396.41373636313654,396.61334228515625,32576000
2026-06-11 00:00:00-04:00,394.46741202742857,396.1043451719433,383.278483574852,389.6065673828125,47224100
2026-06-12 00:00:00-04:00,390.6945042817559,391.003919361718,381.55171206615995,390.00579833984375,34865800
2026-06-15 00:00:00-04:00,396.05442037645633,400.99513175706005,392.11186050588947,399.0088806152344,32266400
2026-06-16 00:00:00-04:00,395.0463355104342,396.094350419825,389.9559121071713,393.0899963378906,31506800
2026-06-17 00:00:00-04:00,389.51671695343225,389.6364865987809,376.6110198431126,378.1980285644531,41987800
2026-06-18 00:00:00-04:00,377.11008548581106,380.6534028700893,372.5786075934489,378.6871032714844,59714200
2026-06-22 00:00:00-04:00,375.0339909424311,380.9129385065033,366.3802985575179,366.6497802734375,45171100
2026-06-23 00:00:00-04:00,371.6802994138851,376.51120135394876,369.9735210485466,373.23736572265625,40647600
2026-06-24 00:00:00-04:00,370.87185096853153,378.16811350773463,364.09460041679364,364.7733154296875,44509900
2026-06-25 00:00:00-04:00,362.0883479855026,363.5456265920902,348.54386902384044,352.1670227050781,66179000
2026-06-26 00:00:00-04:00,356.4789138154501,375.90234020580533,354.762144454129,372.2691955566406,186201600
2026-06-29 00:00:00-04:00,376.790685328561,379.7850483907747,359.2237492715265,367.8774719238281,51229900
2026-06-30 00:00:00-04:00,370.3328407149792,373.44697342275583,366.7595808670141,372.319091796875,44945700
2026-07-01 00:00:00-04:00,380.1144231011508,388.09939143880604,374.18561213385976,383.5579528808594,48065800
2026-07-02 00:00:00-04:00,383.7575696594082,391.4630649298244,382.97903650468743,389.7562561035156,42128900
2026-07-06 00:00:00-04:00,386.31276024010407,388.418780928489,380.5036887115837,386.0133056640625,34224500
2026-07-07 00:00:00-04:00,391.75251064257776,394.8267404517197,387.4905448392632,388.109375,29297500
2026-07-08 00:00:00-04:00,383.3084264217563,384.58602015004215,380.6134873969759,382.6197204589844,25908300
2026-07-09 00:00:00-04:00,373.74643420118315,383.92725049460796,372.64849496928053,383.6377868652344,31083200
2026-07-10 00:00:00-04:00,387.07131223677504,391.1736053926777,380.783162110783,384.37640380859375,24644600
2026-07-13 00:00:00-04:00,387.02143811329415,392.91034623109437,383.4281962321871,390.2553405761719,28914900
2026-07-14 00:00:00-04:00,382.1007052927433,387.46061042423804,377.93852713765,384.20672607421875,27863900
2026-07-15 00:00:00-04:00,387.07132248997675,398.2103568181361,385.6739591427675,394.8866271972656,36253700
2026-07-16 00:00:00-04:00,397.56157784187184,405.2271399033625,391.31333055964967,400.3463439941406,37047400
2026-07-17 00:00:00-04:00,394.1180409920291,397.64143734197864,388.6583483977542,393.08001708984375,33049800
2026-07-20 00:00:00-04:00,390.67455694621333,402.4224305318551,388.91785418191677,401.53411865234375,27915800
2026-07-21 00:00:00-04:00,398.0606303262699,400.7156358198418,395.57531880381754,397.00262451171875,24126600
2026-07-22 00:00:00-04:00,398.8291961465565,400.246541441447,386.2329133568751,389.6065673828125,28142500
2026-07-23 00:00:00-04:00,389.23725659651495,391.04385321150613,376.68090752842744,380.8630065917969,30351800
2026-07-24 00:00:00-04:00,386.32274187573427,388.29903252889795,379.9347732203772,380.9828186035156,27659400
2026-07-27 00:00:00-04:00,389.3470355932277,393.45931979821836,387.2609663085435,388.368896484375,27856200
2026-07-28 00:00:00-04:00,392.4212554523594,399.56780545733704,390.5647345556998,392.61090087890625,32367500
2026-07-29 00:00:00-04:00,392.6607942930367,400.4960502148319,388.00954678983055,389.8061828613281,47209000
2026-07-30 00:00:00-04:00,437.07720086969465,457.8281459885008,431.6274684759506,450.2524108886719,110160700
2026-07-31 00:00:00-04:00,449.1544591210436,465.962813447145,448.4857046349594,463.8468017578125,60846000
2026-08-03 00:00:00-04:00,475.2353605631651,490.7261876465455,474.10747895013026,486.73370361328125,66762100
2026-08-04 00:00:00-04:00,479.99640781848416,498.50158065157444,478.2696778930625,491.884033203125,50455500
2026-08-05 00:00:00-04:00,495.42733843271316,497.3038108374591,484.7674131728324,486.5440673828125,33388900
2026-08-06 00:00:00-04:00,487.6319998350186,500.61756372489685,487.60205742358346,498.9207458496094,36441500
2026-08-07 00:00:00-04:00,498.2719734340298,504.23075699317457,497.79289485093346,499.0505065917969,28846200
2026-08-10 00:00:00-04:00,502.4940586092805,512.7647021753171,501.32624359045303,505.109130859375,31206100
2026-08-11 00:00:00-04:00,503.3823542433026,504.38047525067043,498.61133704649393,502.86334228515625,23049800
2026-08-12 00:00:00-04:00,499.0505227551261,500.557695253814,490.59643643442394,491.5047302246094,29001500
2026-08-13 00:00:00-04:00,492.34314786956145,500.3979918654044,492.0836571155829,495.9463806152344,23039000
2026-08-14 00:00:00-04:00,495.42733437790497,499.07050046550256,492.991947114923,494.4691467285156,16217600
2026-08-17 00:00:00-04:00,489.21906226283284,491.73431632358415,477.51109147171053,479.44744873046875,29635800
2026-08-18 00:00:00-04:00,480.6352093836093,483.36006030134655,476.2534434403709,480.72503662109375,24087600
2026-08-19 00:00:00-04:00,479.16797047398614,488.3806080919379,478.4592826108848,483.3999938964844,19961900
2026-08-20 00:00:00-04:00,483.29998779296875,484.1600036621094,479.5,481.1499938964844,20020800
2026-08-21 00:00:00-04:00,479.8800048828125,486.3599853515625,478.5299987792969,483.239990234375,22510800
2026-08-24 00:00:00-04:00,483.2099914550781,490.6099853515625,481.8599853515625,487.30999755859375,17230800
2026-08-25 00:00:00-04:00,485.44000244140625,492.44000244140625,484.29998779296875,491.7099914550781,19519000
2026-08-26 00:00:00-04:00,487.8500061035156,497.3999938964844,487.30999755859375,496.3699951171875,20758900
2026-08-27 00:00:00-04:00,494.8800048828125,506.4800109863281,490.0799865722656,505.05999755859375,28688800
2026-08-28 00:00:00-04:00,505.3299865722656,517.780029296875,504.8699951171875,513.530029296875,29207300
2026-08-31 00:00:00-04:00,510.3800048828125,512.1900024414062,506.3900146484375,507.2900085449219,27208900
2026-09-01 00:00:00-04:00,497.5199890136719,505.9700012207031,496.7799987792969,501.0199890136719,21046900
2026-09-02 00:00:00-04:00,499.8500061035156,500.2699890136719,493.80999755859375,496.82000732421875,15336100
2026-09-03 00:00:00-04:00,501.6600036621094,515.6500244140625,500.79998779296875,510.1199951171875,24125900
2026-09-04 00:00:00-04:00,510.0,511.0,499.3599853515625,499.70001220703125,18074400
