Date,Open,High,Low,Close,Volume
2009-11-02,1880.64,1902.5,1863.42,1885.23,2034296
2009-11-03,1846.25,1866.0,1835.54,1855.24,776880
2009-11-04,1877.95,1918.05,1842.07,1882.09,2748027
2009-11-05,1903.9,1951.98,1867.62,1915.48,1563004
2009-11-06,1850.23,1880.0,1826.2,1855.9,4994814
2009-11-09,1824.62,1851.32,1791.46,1818.07,1378198
2009-11-10,1827.01,1848.82,1803.01,1824.8,3725589
2009-11-11,1818.76,1839.3,1797.2,1817.73,5754074
2009-11-12,1814.42,1832.25,1802.1,1819.89,1189964
2009-11-13,1788.02,1807.88,1776.48,1796.29,1765725
2009-11-16,1819.71,1841.46,1804.26,1825.95,2503437
2009-11-17,1852.61,1885.37,1820.1,1852.85,1185402
2009-11-18,1862.32,1875.71,1844.14,1857.49,2331860
2009-11-19,1901.12,1917.09,1880.06,1895.99,1732451
2009-11-20,1917.28,1942.64,1888.34,1913.66,1711634
2009-11-23,1884.19,1903.91,1868.69,1888.37,2041842
2009-11-24,1902.82,1916.99,1888.51,1902.68,2069378
2009-11-25,1872.46,1899.48,1847.28,1874.27,2187628
2009-11-26,1903.67,1924.86,1883.64,1904.82,1384298
2009-11-27,1917.15,1944.74,1878.08,1905.5,1421036
2009-11-30,1891.73,1937.31,1856.38,1901.78,1846582
2009-12-01,1880.75,1895.75,1867.09,1882.07,1930221
2009-12-02,1930.78,1966.89,1887.81,1923.79,1523758
2009-12-03,1912.43,1956.49,1876.98,1920.88,2408136
2009-12-04,1905.33,1942.31,1872.11,1909.02,667398
2009-12-07,1896.64,1927.14,1869.19,1899.65,1279167
2009-12-08,1917.63,1946.36,1890.21,1918.92,1676205
2009-12-09,1923.59,1961.04,1895.53,1932.85,1186277
2009-12-10,1951.87,1981.85,1918.47,1948.39,5269883
2009-12-11,1968.55,1978.88,1954.32,1964.63,2005325
2009-12-14,2042.52,2082.08,1999.9,2039.41,2204611
2009-12-15,2021.95,2055.19,1994.08,2027.24,1483717
2009-12-16,2012.0,2045.65,1977.84,2011.48,1964076
2009-12-17,1980.23,2006.76,1959.13,1985.59,956320
2009-12-18,2006.21,2018.63,1995.81,2008.21,1790686
2009-12-21,2062.08,2088.15,2022.93,2048.84,1130075
2009-12-22,2047.12,2072.93,2020.73,2046.54,1678746
2009-12-23,2011.91,2042.44,1988.67,2019.11,426791
2009-12-24,1993.61,2013.74,1972.42,1992.53,1007717
2009-12-25,2008.02,2033.83,1990.45,2016.2,4772380
2009-12-28,2035.96,2069.7,2009.67,2043.31,3263264
2009-12-29,2057.27,2085.65,2035.4,2063.71,4375028
2009-12-30,2039.16,2081.8,1999.3,2041.89,4559086
2009-12-31,2057.08,2072.7,2035.73,2051.31,2969168
2010-01-01,2060.27,2080.45,2036.55,2056.7,1510994
2010-01-04,2068.87,2088.34,2046.19,2065.63,1064110
2010-01-05,2090.79,2125.29,2063.3,2097.71,3945344
2010-01-06,2103.49,2133.22,2077.22,2106.91,2061080
2010-01-07,2134.29,2165.57,2101.3,2132.55,8854299
2010-01-08,2132.12,2177.26,2091.07,2136.14,1592699
2010-01-11,2145.98,2167.7,2126.07,2147.77,6476802
2010-01-12,2174.9,2208.37,2138.59,2172.02,1804736
2010-01-13,2117.67,2131.28,2106.28,2119.89,4419906
2010-01-14,2110.79,2129.65,2090.51,2109.36,5487673
2010-01-15,2103.48,2128.62,2068.44,2093.47,1073280
2010-01-18,2070.66,2083.05,2059.34,2071.72,1482145
2010-01-19,2070.18,2099.71,2033.45,2062.88,1066840
2010-01-20,2120.34,2152.51,2084.66,2116.78,947927
2010-01-21,2077.43,2120.42,2043.77,2086.61,2958639
2010-01-22,2114.96,2149.03,2088.0,2121.98,1762110
2010-01-25,2057.64,2091.8,2028.72,2062.8,2046046
2010-01-26,2046.47,2074.18,2024.08,2051.73,2768298
2010-01-27,2057.46,2069.58,2045.9,2058.02,650546
2010-01-28,2083.04,2096.57,2065.69,2079.2,4291125
2010-01-29,2112.97,2144.29,2073.83,2105.04,1608067
2010-02-01,2136.11,2178.69,2091.6,2134.14,2728986
2010-02-02,2119.17,2133.12,2108.07,2122.01,2877486
2010-02-03,2092.68,2133.98,2064.72,2105.84,4513023
2010-02-04,2137.65,2172.42,2102.44,2137.2,1861858
2010-02-05,2130.81,2167.89,2093.57,2130.64,554497
2010-02-08,2086.42,2113.92,2057.8,2085.28,2051899
2010-02-09,2058.73,2088.16,2016.55,2045.8,2236503
2010-02-10,2021.84,2053.08,1983.22,2014.35,1066020
2010-02-11,2036.48,2072.9,1995.36,2031.69,2166220
2010-02-12,2030.96,2050.76,2017.08,2036.84,1596603
2010-02-15,2057.92,2100.03,2019.04,2061.09,885889
2010-02-16,2045.76,2057.37,2034.73,2046.34,2966492
2010-02-17,2047.23,2088.01,2011.32,2052.01,1413762
2010-02-18,2077.18,2089.96,2061.31,2074.07,1553735
2010-02-19,2065.49,2081.85,2046.94,2063.28,1502217
2010-02-22,2072.65,2089.96,2062.16,2079.44,4161088
2010-02-23,2063.6,2087.7,2032.2,2056.22,1934675
2010-02-24,2044.21,2064.69,2023.12,2043.59,2079129
2010-02-25,2019.84,2045.58,2004.71,2030.37,1522125
2010-02-26,1989.18,2012.9,1965.78,1989.49,2617473
2010-03-01,2007.68,2029.83,1983.85,2005.99,4455237
2010-03-02,1995.79,2028.75,1957.12,1989.98,2924741
2010-03-03,1988.31,2026.94,1951.73,1990.33,2993998
2010-03-04,2011.54,2041.29,1976.89,2006.56,2852590
2010-03-05,2022.87,2036.76,2007.85,2021.73,866185
2010-03-08,2036.53,2063.88,2017.32,2044.6,1172124
2010-03-09,2032.36,2079.19,1994.35,2041.02,1753295
2010-03-10,2033.05,2045.92,2013.39,2026.22,1282704
2010-03-11,2030.56,2053.1,2000.83,2023.3,1046830
2010-03-12,1967.8,2005.45,1928.27,1965.89,644799
2010-03-15,1926.53,1963.63,1880.98,1917.92,883885
2010-03-16,1881.01,1902.02,1854.13,1875.07,1699907
2010-03-17,1847.11,1874.84,1815.66,1843.33,1901862
2010-03-18,1850.6,1877.67,1828.67,1855.67,1232022
2010-03-19,1836.58,1866.52,1797.31,1827.09,2078911
2010-03-22,1818.06,1828.02,1805.21,1815.14,1528350
2010-03-23,1853.28,1868.71,1840.0,1855.42,3814591
2010-03-24,1840.26,1870.17,1814.11,1843.96,1799509
2010-03-25,1868.39,1884.25,1851.1,1866.95,3011047
2010-03-26,1828.06,1864.82,1800.66,1837.27,2239869
2010-03-29,1834.43,1853.26,1811.79,1830.59,854915
2010-03-30,1795.82,1833.93,1762.96,1800.97,1877788
2010-03-31,1792.33,1823.32,1759.38,1790.34,944702
2010-04-01,1812.96,1838.3,1790.49,1815.8,1858216
2010-04-02,1761.57,1792.22,1732.34,1762.96,1267962
2010-04-05,1771.7,1791.84,1755.64,1775.74,2493449
2010-04-06,1781.76,1804.76,1759.65,1782.63,886102
2010-04-07,1774.41,1788.54,1750.36,1764.41,2000326
2010-04-08,1728.43,1759.39,1690.44,1721.27,2795298
2010-04-09,1724.92,1754.84,1693.2,1723.09,3417969
2010-04-12,1707.23,1739.0,1675.59,1707.36,1253561
2010-04-13,1718.17,1749.38,1682.7,1713.83,2003989
2010-04-14,1719.98,1753.34,1680.93,1714.17,2214391
2010-04-15,1756.81,1776.03,1742.01,1761.19,5016664
2010-04-16,1753.34,1787.02,1720.06,1753.74,815210
2010-04-19,1713.78,1746.58,1690.53,1723.2,1147778
2010-04-20,1734.0,1753.66,1708.58,1728.18,10667128
2010-04-21,1745.11,1768.5,1711.12,1734.37,1683089
2010-04-22,1775.05,1793.04,1756.63,1774.62,637560
2010-04-23,1788.23,1816.49,1771.55,1799.71,1397883
2010-04-26,1813.68,1829.31,1794.77,1810.37,376501
2010-04-27,1850.65,1867.26,1839.11,1855.69,2291122
2010-04-28,1814.67,1840.92,1792.08,1818.29,3223153
2010-04-29,1801.74,1834.74,1765.42,1798.36,1147392
2010-04-30,1771.35,1796.95,1744.42,1770.0,1494893
2010-05-03,1755.49,1780.59,1732.99,1758.06,3451061
2010-05-04,1713.82,1736.79,1694.23,1717.17,693752
2010-05-05,1736.24,1757.01,1714.82,1735.58,897220
2010-05-06,1726.7,1742.9,1712.65,1728.82,1729133
2010-05-07,1680.32,1715.17,1651.18,1685.93,1262493
2010-05-10,1655.23,1670.1,1642.03,1656.89,1662245
2010-05-11,1667.26,1693.52,1639.33,1665.56,928893
2010-05-12,1688.39,1717.0,1660.7,1689.29,2254836
2010-05-13,1740.04,1771.26,1716.34,1747.45,1812939
2010-05-14,1841.48,1874.52,1803.09,1836.03,2756615
2010-05-17,1833.67,1866.18,1816.5,1848.86,2236090
2010-05-18,1815.45,1851.01,1782.36,1817.88,2244546
2010-05-19,1749.79,1781.0,1721.9,1753.06,832522
2010-05-20,1761.73,1791.65,1731.04,1760.95,2664574
2010-05-21,1739.62,1765.66,1710.69,1736.69,1625750
2010-05-24,1730.22,1760.84,1693.88,1724.39,1794148
2010-05-25,1702.84,1740.44,1668.95,1706.48,3718974
2010-05-26,1705.35,1724.63,1683.12,1702.36,1287661
2010-05-27,1734.47,1764.32,1703.62,1733.45,4460228
2010-05-28,1729.15,1766.17,1701.19,1738.07,4717007
2010-05-31,1743.27,1763.83,1712.95,1733.39,3114784
2010-06-01,1695.8,1735.35,1663.74,1703.15,1100887
2010-06-02,1657.46,1675.55,1637.31,1655.38,534038
2010-06-03,1643.71,1665.87,1619.66,1641.79,3787818
2010-06-04,1641.71,1652.53,1629.54,1640.35,2119797
2010-06-07,1687.97,1704.66,1673.82,1690.48,1267911
2010-06-08,1698.53,1728.44,1664.49,1694.33,4009340
2010-06-09,1714.92,1741.85,1696.15,1722.99,1182409
2010-06-10,1708.22,1727.2,1689.58,1708.56,1537251
2010-06-11,1671.8,1689.18,1657.27,1674.63,2716715
2010-06-14,1644.19,1667.93,1623.85,1647.54,1016461
2010-06-15,1629.63,1657.47,1599.72,1627.53,1856700
2010-06-16,1693.16,1724.36,1656.61,1687.71,3811305
2010-06-17,1662.81,1674.6,1652.75,1664.52,2250507
2010-06-18,1692.62,1715.67,1665.66,1688.66,4191024
2010-06-21,1663.44,1683.42,1643.22,1663.19,3914356
2010-06-22,1685.5,1714.05,1661.54,1690.02,1991986
2010-06-23,1700.11,1721.34,1680.2,1701.42,487943
2010-06-24,1695.69,1715.85,1677.08,1697.22,1021248
2010-06-25,1692.84,1716.87,1672.39,1696.38,3134563
2010-06-28,1680.12,1703.19,1654.92,1677.96,782187
2010-06-29,1692.3,1713.48,1669.95,1691.11,1629827
2010-06-30,1670.47,1698.76,1650.29,1678.48,2429238
2010-07-01,1636.13,1672.67,1607.88,1644.28,4788570
2010-07-02,1611.41,1637.49,1583.31,1609.36,1404213
2010-07-05,1610.58,1630.87,1594.28,1614.53,1347696
2010-07-06,1660.44,1688.68,1630.72,1658.93,1921338
2010-07-07,1667.84,1697.54,1634.32,1663.94,2447426
2010-07-08,1654.77,1673.24,1642.69,1661.11,1807493
2010-07-09,1662.66,1692.68,1639.82,1669.74,3721215
2010-07-12,1716.37,1732.3,1691.94,1707.79,1227528
2010-07-13,1716.58,1744.19,1687.18,1714.77,2130988
2010-07-14,1701.3,1718.06,1686.7,1703.44,2589894
2010-07-15,1731.56,1762.6,1705.47,1736.43,1559475
2010-07-16,1747.12,1765.25,1731.7,1749.8,3281548
2010-07-19,1790.38,1819.56,1767.7,1796.8,2168128
2010-07-20,1807.92,1842.69,1768.47,1803.14,3182913
2010-07-21,1762.62,1785.68,1743.73,1766.74,2227660
2010-07-22,1732.54,1763.96,1695.55,1726.87,2485147
2010-07-23,1774.68,1812.0,1739.53,1776.82,1356698
2010-07-26,1824.76,1863.66,1791.69,1830.49,1358018
2010-07-27,1823.44,1839.44,1809.78,1825.77,4133511
2010-07-28,1800.51,1846.18,1769.37,1814.79,2903148
2010-07-29,1860.69,1871.57,1850.49,1861.37,1073270
2010-07-30,1826.66,1847.51,1806.75,1827.59,2210033
2010-08-02,1805.39,1838.0,1768.41,1800.94,477220
2010-08-03,1811.4,1849.64,1783.63,1821.71,1405123
2010-08-04,1816.82,1840.43,1786.99,1810.51,3529322
2010-08-05,1815.82,1835.46,1791.77,1811.36,1839331
2010-08-06,1814.15,1845.32,1776.3,1807.36,2128115
2010-08-09,1818.53,1847.27,1790.08,1818.81,324542
2010-08-10,1869.63,1892.11,1841.54,1863.96,1566959
2010-08-11,1859.71,1902.3,1825.51,1867.95,2428934
2010-08-12,1893.71,1909.71,1873.71,1889.67,2621281
2010-08-13,1821.86,1839.88,1808.09,1826.09,3532136
2010-08-16,1816.69,1852.47,1790.09,1825.73,1747759
2010-08-17,1794.84,1836.17,1759.7,1800.91,1795163
2010-08-18,1765.17,1780.54,1749.77,1765.14,891561
2010-08-19,1735.84,1755.37,1720.66,1740.15,1753785
2010-08-20,1733.42,1745.71,1719.19,1731.47,930107
2010-08-23,1750.3,1791.37,1718.96,1759.85,654271
2010-08-24,1710.83,1736.27,1696.46,1721.81,1033945
2010-08-25,1731.03,1752.75,1702.3,1723.93,4902279
2010-08-26,1715.67,1749.75,1677.05,1711.03,1685652
2010-08-27,1697.41,1711.59,1688.61,1702.77,2262376
2010-08-30,1733.31,1756.46,1710.18,1733.33,1457017
2010-08-31,1755.92,1778.19,1728.36,1750.57,677164
2010-09-01,1794.43,1825.14,1761.51,1792.18,3476956
2010-09-02,1789.64,1808.13,1770.37,1788.85,538574
2010-09-03,1774.99,1794.79,1749.45,1769.18,1421359
2010-09-06,1759.98,1777.11,1746.74,1763.84,1918839
2010-09-07,1772.7,1801.26,1743.98,1772.54,2276827
2010-09-08,1779.19,1809.13,1749.36,1779.29,1282238
2010-09-09,1746.77,1760.53,1734.46,1748.2,658173
2010-09-10,1750.28,1771.43,1731.2,1752.33,1226093
2010-09-13,1760.97,1793.36,1728.21,1760.59,1265205
2010-09-14,1839.29,1848.56,1829.83,1839.1,1246866
2010-09-15,1894.34,1918.34,1876.38,1900.32,3548498
2010-09-16,1879.05,1904.09,1849.56,1874.54,957267
2010-09-17,1861.53,1885.69,1842.89,1867.0,2375188
2010-09-20,1821.49,1839.24,1804.95,1822.69,2180311
2010-09-21,1804.44,1827.53,1782.96,1806.04,3528110
2010-09-22,1819.29,1833.34,1803.3,1817.34,1830538
2010-09-23,1844.8,1880.63,1820.92,1856.6,3187280
2010-09-24,1840.26,1868.97,1806.72,1835.35,1788106
2010-09-27,1812.98,1841.43,1788.27,1816.67,2573134
2010-09-28,1759.53,1770.78,1741.9,1753.11,804708
2010-09-29,1747.33,1780.75,1716.46,1749.84,407189
2010-09-30,1719.82,1733.18,1706.7,1720.07,2486851
2010-10-01,1716.0,1744.26,1678.1,1706.2,2568184
2010-10-04,1681.08,1700.0,1663.59,1682.48,2637392
2010-10-05,1687.57,1715.83,1653.18,1681.32,1447054
2010-10-06,1633.51,1646.74,1620.1,1633.32,4846819
2010-10-07,1596.54,1609.0,1582.12,1594.56,1504653
2010-10-08,1655.2,1675.82,1634.24,1654.86,2552355
2010-10-11,1624.65,1633.57,1611.62,1620.53,2832815
2010-10-12,1588.79,1605.41,1575.48,1592.06,5560753
2010-10-13,1639.24,1670.17,1613.24,1644.09,1639303
2010-10-14,1725.62,1759.29,1695.31,1728.93,1339871
2010-10-15,1696.92,1707.46,1685.87,1696.41,807027
2010-10-18,1686.28,1718.16,1655.53,1687.4,5032463
2010-10-19,1702.42,1731.3,1669.99,1698.8,2553170
2010-10-20,1757.95,1789.67,1719.5,1751.1,2602118
2010-10-21,1718.52,1750.24,1691.93,1723.57,12865019
2010-10-22,1714.21,1743.96,1688.31,1718.0,2409733
2010-10-25,1734.96,1764.91,1712.62,1742.47,907643
2010-10-26,1767.73,1793.88,1731.04,1757.03,1762877
2010-10-27,1749.05,1781.9,1714.62,1747.45,1104751
2010-10-28,1747.6,1758.98,1733.74,1745.09,1563564
2010-10-29,1699.49,1722.97,1682.94,1706.35,1557272
2010-11-01,1701.02,1711.38,1690.66,1701.02,1394135
2010-11-02,1697.48,1730.03,1662.4,1694.89,859435
2010-11-03,1701.86,1723.05,1681.99,1703.15,5155120
2010-11-04,1694.14,1719.77,1663.14,1688.69,2372153
2010-11-05,1715.65,1745.87,1673.81,1703.83,1731877
2010-11-08,1730.06,1769.45,1695.69,1734.98,3123868
2010-11-09,1735.8,1754.07,1722.91,1741.14,2630383
2010-11-10,1748.54,1782.94,1718.82,1753.15,2339421
2010-11-11,1764.76,1797.08,1724.14,1756.3,2990642
2010-11-12,1763.35,1773.46,1747.78,1757.86,2148672
2010-11-15,1737.25,1766.3,1708.91,1737.95,2964244
2010-11-16,1749.05,1767.1,1730.8,1748.85,3115397
2010-11-17,1743.2,1773.22,1717.52,1747.48,2186103
2010-11-18,1817.18,1840.27,1789.3,1812.34,1737161
2010-11-19,1860.93,1879.63,1844.37,1863.05,4966563
2010-11-22,1875.43,1890.09,1862.25,1876.9,1488469
2010-11-23,1857.65,1870.2,1841.74,1854.26,2507478
2010-11-24,1820.01,1832.96,1808.09,1821.03,2541703
2010-11-25,1858.5,1886.9,1831.43,1859.81,1375413
2010-11-26,1869.71,1888.92,1850.45,1869.66,1221153
2010-11-29,1890.99,1906.59,1870.93,1886.49,1603483
2010-11-30,1841.87,1870.2,1804.63,1832.82,1475739
2010-12-01,1866.68,1895.24,1834.89,1863.4,826637
2010-12-02,1883.84,1908.49,1854.71,1879.31,1341237
2010-12-03,1844.47,1880.69,1809.38,1845.57,2326170
2010-12-06,1828.33,1851.97,1808.62,1832.22,4237847
2010-12-07,1845.43,1877.79,1809.51,1841.82,2765231
2010-12-08,1845.75,1857.06,1833.5,1844.81,416765
2010-12-09,1829.15,1866.56,1799.7,1836.99,2913256
2010-12-10,1833.25,1871.44,1796.9,1835.05,1418497
2010-12-13,1828.02,1860.84,1795.67,1828.48,2602148
2010-12-14,1831.67,1859.6,1806.58,1834.48,1966014
2010-12-15,1890.57,1917.8,1855.1,1882.2,1766282
2010-12-16,1805.62,1824.22,1784.45,1803.02,1864789
2010-12-17,1804.33,1831.75,1769.63,1796.93,1956260
2010-12-20,1804.89,1834.77,1773.61,1803.46,4442123
2010-12-21,1814.12,1850.35,1777.45,1813.67,1959507
2010-12-22,1798.26,1825.66,1775.98,1803.32,3803079
2010-12-23,1751.35,1761.72,1740.92,1751.29,3484877
2010-12-24,1762.15,1786.71,1737.52,1762.08,2958601
2010-12-27,1808.15,1827.92,1795.89,1815.6,678763
2010-12-28,1766.96,1785.17,1751.64,1769.82,3874703
2010-12-29,1795.2,1814.79,1777.37,1796.94,1506439
2010-12-30,1790.06,1818.64,1759.3,1787.84,3046294
2010-12-31,1789.33,1803.21,1772.99,1786.85,1106243
2011-01-03,1752.92,1769.13,1739.8,1755.99,973794
2011-01-04,1749.28,1759.21,1736.91,1746.83,6490390
2011-01-05,1785.67,1818.98,1753.35,1786.65,1116612
2011-01-06,1789.65,1833.0,1762.09,1805.19,3943834
2011-01-07,1857.19,1870.31,1846.79,1859.89,2128764
2011-01-10,1904.37,1914.7,1887.93,1898.23,1540978
2011-01-11,1903.5,1938.75,1878.03,1913.15,1930139
2011-01-12,1972.07,1990.29,1953.2,1971.41,908312
2011-01-13,1996.28,2024.13,1959.11,1986.83,1966463
2011-01-14,2011.02,2038.84,1987.86,2015.62,1035459
2011-01-17,2006.08,2043.9,1968.26,2006.07,1563963
2011-01-18,2001.03,2027.6,1982.38,2008.89,3454470
2011-01-19,1995.4,2025.71,1955.55,1985.71,2309437
2011-01-20,2019.36,2031.6,2007.63,2019.87,814799
2011-01-21,1980.51,2018.81,1941.94,1980.23,3304821
2011-01-24,2015.28,2055.01,1967.56,2007.13,1974330
2011-01-25,2004.95,2037.2,1968.79,2000.98,1432152
2011-01-26,2036.16,2065.98,2011.77,2041.52,3103390
2011-01-27,2064.0,2085.18,2046.87,2068.02,1793493
2011-01-28,2136.43,2173.15,2096.59,2133.26,985203
2011-01-31,2156.07,2194.77,2121.47,2160.11,6008500
2011-02-01,2089.93,2120.81,2072.52,2103.29,1962299
2011-02-02,2100.65,2125.71,2075.93,2100.99,1888264
2011-02-03,2050.44,2084.18,2025.95,2059.59,1554923
2011-02-04,2051.42,2087.11,2006.01,2041.52,4024774
2011-02-07,2095.71,2127.69,2062.64,2094.6,1447101
2011-02-08,2111.58,2148.35,2080.65,2117.33,784664
2011-02-09,2087.8,2123.04,2057.01,2092.18,1319539
2011-02-10,2044.6,2074.88,2026.08,2056.25,4395380
2011-02-11,2050.38,2078.93,2028.7,2057.17,3266662
2011-02-14,2020.93,2032.42,2003.34,2014.79,1701448
2011-02-15,2004.95,2038.64,1958.15,1991.62,4519686
2011-02-16,2006.21,2029.27,1978.84,2001.85,3105748
2011-02-17,2040.57,2064.76,2016.96,2041.14,1689674
2011-02-18,2059.23,2079.8,2041.35,2061.9,1794889
2011-02-21,1976.94,1998.77,1960.85,1982.63,2415919
2011-02-22,2004.68,2032.38,1964.84,1992.37,1203648
2011-02-23,1993.09,2011.14,1976.17,1994.22,1988125
2011-02-24,2020.39,2032.44,1995.68,2007.65,2385950
2011-02-25,2071.49,2105.7,2028.8,2062.87,720586
2011-02-28,1980.63,2012.23,1959.54,1991.03,1769854
2011-03-01,1966.41,1991.44,1945.37,1970.35,1653105
2011-03-02,1985.42,2012.23,1962.65,1989.41,3674181
2011-03-03,1935.32,1969.13,1901.98,1935.78,655597
2011-03-04,1983.69,2003.51,1964.22,1984.05,1577097
2011-03-07,2013.47,2046.43,1962.87,1995.53,1485032
2011-03-08,2016.88,2062.06,1978.38,2023.42,3527297
2011-03-09,2004.18,2034.07,1972.94,2002.8,1931624
2011-03-10,2033.32,2056.65,2006.28,2029.57,5824925
2011-03-11,2065.55,2099.06,2032.05,2065.56,2950036
2011-03-14,2073.18,2097.78,2047.89,2072.49,1550156
2011-03-15,2072.93,2102.77,2049.68,2079.45,2289388
2011-03-16,2088.32,2115.22,2060.77,2087.66,1603274
2011-03-17,2058.99,2079.1,2035.76,2055.84,3320538
2011-03-18,2051.26,2064.72,2035.79,2049.25,891518
2011-03-21,2045.94,2068.91,2019.53,2042.45,1209578
2011-03-22,2062.96,2077.11,2040.17,2054.26,2606226
2011-03-23,2093.72,2117.08,2064.56,2087.85,4136885
2011-03-24,2049.42,2076.78,2021.61,2048.98,529039
2011-03-25,2035.76,2081.68,1997.16,2042.94,4522984
2011-03-28,2089.5,2104.88,2077.92,2093.27,1822863
2011-03-29,2063.82,2094.76,2034.26,2065.18,640289
2011-03-30,2036.23,2060.39,2010.55,2034.69,327408
2011-03-31,2036.9,2050.65,2026.1,2039.83,792040
2011-04-01,2061.57,2085.45,2043.54,2067.37,1959455
2011-04-04,2058.42,2079.78,2044.47,2065.78,1905892
2011-04-05,2100.44,2128.32,2083.11,2110.9,2899127
2011-04-06,2138.2,2159.22,2118.7,2139.7,1425891
2011-04-07,2158.74,2192.2,2134.96,2168.3,1019859
2011-04-08,2179.95,2214.8,2151.75,2186.52,1547495
2011-04-11,2269.63,2283.71,2258.25,2272.32,2023149
2011-04-12,2252.85,2278.72,2236.12,2261.92,2277214
2011-04-13,2186.21,2200.21,2169.74,2183.72,1234900
2011-04-14,2246.5,2276.26,2211.84,2241.52,3405383
2011-04-15,2217.89,2243.63,2195.86,2221.56,1365678
2011-04-18,2220.07,2252.39,2190.71,2222.99,1176635
2011-04-19,2273.94,2292.88,2251.38,2270.28,1431974
2011-04-20,2201.83,2218.39,2190.02,2206.56,3778751
2011-04-21,2152.33,2198.65,2111.18,2157.4,1830907
2011-04-22,2104.32,2118.26,2082.9,2096.79,1307061
2011-04-25,2071.47,2085.77,2051.73,2065.99,3456145
2011-04-26,2082.51,2097.5,2063.79,2078.76,7171670
2011-04-27,2100.38,2141.8,2053.26,2094.56,2248580
2011-04-28,2089.11,2131.55,2059.31,2101.57,4157005
2011-04-29,2057.2,2086.32,2019.88,2048.88,3691881
2011-05-02,1969.54,2008.54,1928.28,1967.23,1378651
2011-05-03,1972.22,1984.7,1953.82,1966.26,2014699
2011-05-04,1950.02,1988.28,1909.55,1947.76,918477
2011-05-05,1960.47,1976.27,1944.38,1960.18,1753342
2011-05-06,1979.16,2009.21,1950.76,1980.79,1361756
2011-05-09,1984.68,2007.11,1960.09,1982.5,1556995
2011-05-10,2003.38,2026.83,1981.82,2005.25,1264342
2011-05-11,2015.25,2053.47,1971.89,2010.01,1669011
2011-05-12,2015.44,2039.74,2000.85,2025.08,2728710
2011-05-13,1994.6,2037.71,1954.79,1997.84,1845581
2011-05-16,2000.81,2022.19,1967.36,1988.61,647825
2011-05-17,1988.35,2021.44,1959.06,1992.09,1267209
2011-05-18,2015.38,2056.19,1976.04,2016.82,796801
2011-05-19,1994.82,2011.84,1983.12,2000.11,2295442
2011-05-20,2016.63,2054.63,1976.64,2014.6,2681777
2011-05-23,1997.77,2029.26,1970.77,2002.19,2312706
2011-05-24,1993.74,2025.91,1962.71,1994.85,1236205
2011-05-25,2024.92,2039.57,2005.15,2019.77,2299293
2011-05-26,1945.08,1974.5,1919.79,1949.16,1495440
2011-05-27,1907.91,1936.72,1874.66,1903.4,1001555
2011-05-30,1857.4,1879.4,1830.89,1852.83,3094565
2011-05-31,1783.29,1796.35,1764.64,1777.67,3239134
2011-06-01,1754.94,1770.14,1739.01,1754.2,3503725
2011-06-02,1790.8,1822.7,1741.96,1773.55,1376412
2011-06-03,1767.42,1777.17,1752.12,1761.84,4023317
2011-06-06,1766.33,1793.94,1737.02,1764.61,1474531
2011-06-07,1789.63,1830.22,1753.86,1794.35,2934655
2011-06-08,1831.44,1841.34,1822.08,1831.98,1459278
2011-06-09,1834.3,1847.9,1812.94,1826.48,1733426
2011-06-10,1875.14,1903.48,1837.38,1865.57,463839
2011-06-13,1873.32,1884.37,1854.04,1865.05,1654239
2011-06-14,1839.6,1865.07,1809.86,1835.27,2094140
2011-06-15,1806.6,1841.11,1779.03,1813.43,1550317
2011-06-16,1767.63,1792.06,1740.65,1765.05,5687110
2011-06-17,1728.87,1753.51,1710.75,1735.33,987093
2011-06-20,1713.86,1748.16,1687.36,1721.54,1413884
2011-06-21,1743.16,1767.42,1717.67,1741.91,1152076
2011-06-22,1793.02,1807.57,1775.68,1790.21,1413718
2011-06-23,1750.02,1773.55,1721.82,1745.29,3681562
2011-06-24,1756.23,1788.25,1721.65,1753.62,4812941
2011-06-27,1722.3,1748.14,1693.76,1719.56,1302146
2011-06-28,1725.04,1751.04,1704.2,1730.15,1284905
2011-06-29,1722.42,1739.89,1705.5,1722.96,990259
2011-06-30,1659.39,1677.41,1648.95,1666.92,4341676
2011-07-01,1679.99,1704.8,1665.43,1690.15,3884879
2011-07-04,1673.31,1681.96,1660.97,1669.6,1860602
2011-07-05,1647.56,1683.99,1614.94,1651.29,857983
2011-07-06,1622.61,1636.14,1604.88,1618.37,905282
2011-07-07,1602.66,1630.26,1569.83,1597.35,2196504
2011-07-08,1602.88,1617.95,1590.81,1605.86,2756859
2011-07-11,1600.4,1615.21,1582.79,1597.57,573958
2011-07-12,1600.2,1621.45,1582.16,1603.38,1635099
2011-07-13,1601.2,1626.0,1585.4,1610.12,5235524
2011-07-14,1644.06,1671.97,1615.55,1643.45,1740171
2011-07-15,1628.4,1662.28,1596.86,1630.7,4846575
2011-07-18,1585.06,1615.93,1556.33,1587.16,2926821
2011-07-19,1622.62,1634.47,1601.28,1613.06,1034503
2011-07-20,1593.53,1627.51,1567.0,1600.86,1663438
2011-07-21,1630.17,1641.94,1616.54,1628.3,1835419
2011-07-22,1630.87,1666.34,1600.37,1635.75,1119612
2011-07-25,1633.37,1654.23,1608.14,1628.94,1108013
2011-07-26,1636.91,1653.35,1619.01,1635.44,4896646
2011-07-27,1689.24,1701.67,1674.91,1687.32,1103043
2011-07-28,1739.64,1753.62,1730.63,1744.58,3786912
2011-07-29,1739.27,1758.48,1724.11,1743.28,1525921
2011-08-01,1749.52,1782.26,1712.03,1744.67,1952490
2011-08-02,1782.9,1813.14,1743.4,1773.48,2777624
2011-08-03,1747.34,1781.5,1710.72,1744.83,1384521
2011-08-04,1746.68,1762.8,1735.31,1751.4,2787742
2011-08-05,1749.09,1773.37,1723.05,1747.31,580788
2011-08-08,1766.11,1781.76,1737.82,1753.35,2581353
2011-08-09,1725.96,1748.65,1702.75,1725.43,450846
2011-08-10,1683.64,1700.15,1659.85,1676.29,1730449
2011-08-11,1611.65,1630.18,1596.74,1615.23,3310288
2011-08-12,1581.71,1603.43,1560.19,1581.91,2880219
2011-08-15,1569.64,1581.81,1554.59,1566.73,909776
2011-08-16,1557.95,1576.7,1537.36,1556.09,982839
2011-08-17,1601.57,1628.96,1577.93,1605.26,1311650
2011-08-18,1628.81,1644.08,1617.54,1632.78,2217141
2011-08-19,1608.16,1638.65,1573.01,1603.4,585862
2011-08-22,1615.79,1636.13,1589.77,1610.04,1967090
2011-08-23,1603.34,1631.07,1568.5,1596.1,2390128
2011-08-24,1594.2,1617.8,1562.13,1585.61,1673081
2011-08-25,1588.49,1613.35,1563.0,1587.85,2717417
2011-08-26,1600.38,1627.09,1575.19,1601.87,2267604
2011-08-29,1596.38,1625.31,1561.11,1589.93,1432608
2011-08-30,1619.66,1642.66,1593.24,1616.2,620503
2011-08-31,1577.8,1596.98,1563.32,1582.46,2148000
2011-09-01,1575.09,1590.25,1564.87,1579.99,1119233
2011-09-02,1651.04,1674.31,1625.37,1648.6,1401416
2011-09-05,1651.29,1662.07,1641.39,1652.17,2643130
2011-09-06,1690.05,1704.75,1675.48,1690.18,4640812
2011-09-07,1695.54,1705.57,1680.12,1690.11,1937993
2011-09-08,1708.06,1730.66,1681.63,1704.18,2764689
2011-09-09,1706.66,1719.3,1687.29,1699.88,833436
2011-09-12,1682.54,1716.3,1658.72,1692.34,2297458
2011-09-13,1668.79,1696.93,1639.4,1667.52,1912757
2011-09-14,1680.74,1709.86,1648.18,1677.24,4145510
2011-09-15,1643.13,1666.6,1627.28,1650.68,1433636
2011-09-16,1663.75,1689.09,1641.73,1667.03,1715160
2011-09-19,1691.35,1718.42,1668.61,1695.62,3742590
2011-09-20,1703.91,1724.52,1683.19,1703.8,1876238
2011-09-21,1701.43,1726.65,1668.05,1693.16,1019369
2011-09-22,1714.27,1728.24,1690.04,1703.93,9165710
2011-09-23,1688.58,1726.04,1655.34,1692.72,1038039
2011-09-26,1720.28,1731.41,1706.45,1717.57,1907263
2011-09-27,1665.53,1694.57,1633.74,1662.74,2441230
2011-09-28,1653.08,1676.08,1628.19,1651.16,2328117
2011-09-29,1596.11,1609.95,1580.38,1594.2,1769404
2011-09-30,1553.69,1578.84,1527.15,1552.28,1774703
2011-10-03,1594.8,1604.8,1576.82,1586.77,1722075
2011-10-04,1614.51,1641.34,1582.45,1609.19,1015041
2011-10-05,1582.74,1609.78,1560.82,1587.79,7203888
2011-10-06,1549.68,1560.0,1535.69,1545.99,1737582
2011-10-07,1472.31,1481.43,1459.29,1468.38,2836718
2011-10-10,1454.68,1478.33,1429.67,1453.3,1622061
2011-10-11,1517.89,1532.15,1498.54,1512.75,1602606
2011-10-12,1523.27,1551.21,1494.49,1522.41,1508662
2011-10-13,1507.4,1532.17,1481.74,1506.49,782377
2011-10-14,1517.53,1541.01,1493.5,1516.98,1800594
2011-10-17,1466.92,1489.4,1453.46,1475.86,1553149
2011-10-18,1466.72,1490.01,1443.79,1467.07,4004441
2011-10-19,1465.31,1496.47,1437.14,1468.25,967025
2011-10-20,1459.63,1474.18,1450.33,1464.85,1402422
2011-10-21,1489.82,1504.56,1468.77,1483.44,1156531
2011-10-24,1493.22,1505.94,1478.26,1490.97,4711506
2011-10-25,1506.71,1523.26,1490.28,1506.84,1176853
2011-10-26,1485.69,1512.22,1461.71,1488.21,2778383
2011-10-27,1511.37,1529.67,1491.73,1510.02,3548717
2011-10-28,1555.98,1577.08,1530.33,1551.37,1816325
2011-10-31,1521.22,1539.81,1506.45,1525.0,867970
2011-11-01,1501.21,1511.92,1490.53,1501.23,874587
2011-11-02,1538.81,1552.67,1520.99,1534.81,3321272
2011-11-03,1520.1,1556.34,1492.9,1528.98,930654
2011-11-04,1564.82,1587.06,1542.85,1565.09,2508551
2011-11-07,1550.59,1569.16,1534.05,1552.59,2123570
2011-11-08,1590.11,1617.55,1563.31,1590.74,2486233
2011-11-09,1591.22,1603.13,1581.73,1593.62,2631200
2011-11-10,1600.66,1614.76,1585.91,1600.0,1132340
2011-11-11,1652.01,1665.97,1628.65,1642.53,1104256
2011-11-14,1630.34,1664.2,1598.09,1631.92,3044831
2011-11-15,1606.95,1632.0,1580.51,1605.54,1359181
2011-11-16,1602.45,1625.32,1570.2,1592.92,380754
2011-11-17,1602.2,1612.99,1594.07,1604.85,2926311
2011-11-18,1570.89,1583.08,1550.25,1562.38,1064742
2011-11-21,1579.17,1602.12,1556.19,1579.14,2624186
2011-11-22,1572.9,1589.73,1547.8,1564.54,4573059
2011-11-23,1598.8,1628.96,1565.12,1595.21,2002801
2011-11-24,1532.9,1558.14,1506.26,1531.49,3603656
2011-11-25,1510.8,1528.79,1493.11,1511.1,2174433
2011-11-28,1465.64,1492.24,1441.84,1468.39,5139454
2011-11-29,1448.29,1476.73,1419.54,1447.96,1048358
2011-11-30,1458.09,1475.46,1436.85,1454.18,1973010
2011-12-01,1449.85,1471.13,1428.62,1449.9,2969478
2011-12-02,1442.5,1470.99,1415.41,1443.87,1768695
2011-12-05,1439.14,1452.79,1426.57,1440.22,3958324
2011-12-06,1449.81,1476.34,1419.06,1445.51,1529996
2011-12-07,1426.5,1435.72,1412.09,1421.28,6862776
2011-12-08,1435.98,1460.05,1414.83,1438.86,7083781
2011-12-09,1452.69,1479.98,1428.37,1455.61,2348396
2011-12-12,1467.34,1488.21,1444.84,1465.68,2762262
2011-12-13,1486.95,1505.44,1461.77,1480.17,4053141
2011-12-14,1493.38,1514.68,1467.04,1488.26,972554
2011-12-15,1535.55,1552.56,1524.38,1541.34,902388
2011-12-16,1538.58,1552.48,1525.92,1539.8,4213698
2011-12-19,1528.3,1546.45,1514.47,1532.58,2337033
2011-12-20,1512.69,1535.05,1491.56,1513.9,1730804
2011-12-21,1495.6,1513.0,1471.13,1488.44,1996036
2011-12-22,1451.96,1470.82,1439.38,1458.18,473721
2011-12-23,1430.28,1463.48,1404.19,1437.26,1768535
2011-12-26,1432.95,1451.76,1417.75,1436.52,1261954
2011-12-27,1446.99,1463.91,1428.85,1445.75,3439521
2011-12-28,1450.8,1466.97,1431.96,1448.1,3602067
2011-12-29,1432.38,1443.45,1419.45,1430.5,2802459
2011-12-30,1458.89,1482.19,1430.54,1453.76,2513722
2012-01-02,1465.62,1490.69,1448.43,1473.41,807414
2012-01-03,1475.97,1483.71,1463.01,1470.73,2826036
2012-01-04,1454.47,1484.17,1426.17,1455.84,2892520
2012-01-05,1474.11,1499.52,1445.53,1470.88,4185411
2012-01-06,1471.19,1500.47,1447.86,1477.05,7066853
2012-01-09,1442.63,1468.65,1416.59,1442.61,718171
2012-01-10,1443.49,1470.34,1415.63,1442.47,1570514
2012-01-11,1455.51,1470.16,1435.89,1450.48,1270142
2012-01-12,1423.27,1450.33,1403.11,1430.07,2198980
2012-01-13,1436.48,1456.79,1416.05,1436.35,1998767
2012-01-16,1398.36,1415.57,1385.76,1402.93,1722953
2012-01-17,1439.09,1451.08,1424.94,1436.91,3673159
2012-01-18,1472.98,1482.87,1459.7,1469.56,1023922
2012-01-19,1470.8,1492.7,1443.32,1465.14,1061641
2012-01-20,1473.79,1500.83,1449.16,1476.16,1072459
2012-01-23,1422.76,1446.11,1395.52,1418.81,1597265
2012-01-24,1398.8,1412.43,1379.54,1393.11,948698
2012-01-25,1381.28,1399.34,1370.12,1388.12,1925809
2012-01-26,1367.52,1383.66,1348.9,1365.01,1795341
2012-01-27,1387.7,1406.02,1365.45,1383.72,1236865
2012-01-30,1432.55,1460.59,1405.63,1433.66,3349292
2012-01-31,1402.3,1432.92,1376.89,1407.42,1913222
2012-02-01,1393.62,1419.73,1363.64,1389.68,3751207
2012-02-02,1392.45,1422.29,1367.72,1397.48,1763780
2012-02-03,1437.83,1466.61,1409.84,1438.6,1954183
2012-02-06,1411.17,1428.25,1394.26,1411.34,1414562
2012-02-07,1422.75,1430.88,1411.59,1419.7,1974394
2012-02-08,1464.08,1476.01,1454.93,1466.84,3039910
2012-02-09,1425.76,1444.2,1410.29,1428.7,1549122
2012-02-10,1400.79,1413.21,1387.96,1400.38,2706176
2012-02-13,1397.02,1407.57,1382.3,1392.82,1217550
2012-02-14,1392.54,1419.41,1356.36,1383.05,3126517
2012-02-15,1398.52,1416.01,1387.42,1404.87,1400103
2012-02-16,1414.62,1442.06,1385.88,1413.29,3305201
2012-02-17,1369.4,1396.43,1346.92,1373.88,2056643
2012-02-20,1392.87,1413.23,1368.34,1388.63,4938500
2012-02-21,1373.86,1398.6,1353.06,1377.74,992080
2012-02-22,1407.83,1424.76,1393.79,1410.69,817735
2012-02-23,1396.03,1419.06,1375.51,1398.5,1369929
2012-02-24,1385.93,1397.06,1375.12,1386.25,863918
2012-02-27,1403.28,1430.03,1375.19,1401.92,864891
2012-02-28,1425.22,1438.8,1409.6,1423.16,2878933
2012-02-29,1437.01,1449.72,1424.33,1437.04,1977794
2012-03-01,1393.81,1421.32,1371.98,1399.4,1486881
2012-03-02,1418.36,1439.42,1394.26,1415.27,1571942
2012-03-05,1393.39,1410.01,1376.99,1393.61,1385618
2012-03-06,1407.14,1427.52,1381.94,1402.25,5337252
2012-03-07,1368.82,1381.87,1358.7,1371.73,1275305
2012-03-08,1378.6,1406.17,1357.78,1385.26,896917
2012-03-09,1369.32,1381.86,1356.91,1369.46,3196702
2012-03-12,1348.18,1360.44,1330.75,1342.96,1742003
2012-03-13,1363.12,1373.25,1352.33,1362.46,6737936
2012-03-14,1370.4,1384.91,1356.72,1371.22,1445949
2012-03-15,1356.59,1373.7,1343.06,1360.14,3293925
2012-03-16,1404.75,1421.34,1380.87,1397.38,3795468
2012-03-19,1385.93,1401.14,1375.04,1390.22,1450180
2012-03-20,1391.26,1405.3,1380.27,1394.29,1269644
2012-03-21,1406.44,1424.9,1385.61,1404.04,3093519
2012-03-22,1384.92,1402.33,1375.32,1392.68,2799454
2012-03-23,1412.67,1434.33,1385.71,1407.29,850546
2012-03-26,1400.61,1427.45,1371.21,1397.99,1007455
2012-03-27,1395.42,1411.33,1375.8,1391.66,432848
2012-03-28,1430.2,1456.68,1401.37,1427.81,2834091
2012-03-29,1405.59,1415.37,1396.49,1406.27,1694509
2012-03-30,1348.82,1360.77,1341.21,1353.14,1798942
2012-04-02,1393.62,1416.27,1371.58,1394.21,718652
2012-04-03,1455.38,1483.61,1431.49,1459.65,1025959
2012-04-04,1455.44,1481.12,1427.68,1453.32,1488418
2012-04-05,1413.26,1421.53,1401.6,1409.85,1324578
2012-04-06,1412.26,1435.78,1382.62,1406.03,2128018
2012-04-09,1404.39,1419.34,1387.88,1402.82,2813896
2012-04-10,1405.82,1419.24,1388.54,1401.93,7738880
2012-04-11,1378.0,1389.7,1367.53,1379.23,1959088
2012-04-12,1394.52,1424.37,1366.71,1396.52,3871844
2012-04-13,1414.74,1423.16,1404.32,1412.73,1205031
2012-04-16,1379.32,1404.96,1355.31,1380.92,725801
2012-04-17,1402.26,1422.72,1380.68,1401.13,1604975
2012-04-18,1450.1,1478.05,1426.86,1454.73,760222
2012-04-19,1459.0,1485.8,1436.13,1462.87,2000292
2012-04-20,1461.17,1487.29,1432.32,1458.39,1241371
2012-04-23,1462.64,1473.99,1447.45,1458.76,613807
2012-04-24,1473.68,1485.46,1466.29,1478.05,5618723
2012-04-25,1441.95,1462.11,1418.94,1439.06,1436130
2012-04-26,1444.66,1461.88,1429.76,1446.97,742240
2012-04-27,1441.34,1451.23,1431.39,1441.27,3398698
2012-04-30,1497.62,1509.29,1479.67,1491.29,1280589
2012-05-01,1494.51,1509.42,1476.03,1490.9,3813658
2012-05-02,1541.61,1550.94,1528.63,1537.94,1276922
2012-05-03,1522.11,1531.02,1504.58,1513.44,1433258
2012-05-04,1529.54,1561.51,1500.88,1532.78,2438513
2012-05-07,1540.75,1560.28,1525.83,1545.32,2830408
2012-05-08,1523.49,1556.93,1493.43,1526.8,3144263
2012-05-09,1534.4,1565.47,1504.54,1535.58,1878821
2012-05-10,1560.72,1583.05,1549.58,1571.83,2722796
2012-05-11,1566.48,1592.1,1541.85,1567.46,3101440
2012-05-14,1524.66,1548.56,1503.3,1527.16,2236318
2012-05-15,1534.46,1558.03,1507.35,1530.86,1820105
2012-05-16,1513.26,1523.01,1501.92,1511.66,833028
2012-05-17,1504.26,1518.77,1492.48,1506.98,2840539
2012-05-18,1511.65,1520.95,1499.7,1508.98,2033571
2012-05-21,1473.02,1493.74,1449.17,1469.83,1547003
2012-05-22,1430.59,1462.28,1402.26,1433.89,4268016
2012-05-23,1447.47,1471.47,1425.64,1449.61,841801
2012-05-24,1431.06,1463.24,1408.65,1440.68,5317010
2012-05-25,1378.42,1410.28,1351.17,1382.94,1956438
2012-05-28,1402.17,1426.62,1380.9,1405.3,2398876
2012-05-29,1415.94,1423.87,1407.69,1415.62,1564338
2012-05-30,1398.33,1427.55,1373.15,1402.31,729238
2012-05-31,1372.82,1389.34,1358.45,1374.94,1823437
2012-06-01,1393.21,1405.43,1386.15,1398.35,2423799
2012-06-04,1411.16,1428.95,1392.65,1410.43,2974942
2012-06-05,1474.53,1502.62,1444.58,1472.64,1760626
2012-06-06,1488.93,1502.13,1473.96,1487.14,532041
2012-06-07,1500.99,1519.56,1482.37,1500.94,786228
2012-06-08,1493.69,1512.05,1482.33,1500.63,6791699
2012-06-11,1522.78,1534.56,1513.85,1525.61,1029391
2012-06-12,1544.07,1555.55,1534.48,1545.95,4667945
2012-06-13,1581.41,1608.51,1556.26,1583.33,1132058
2012-06-14,1573.79,1602.06,1545.18,1573.44,1777158
2012-06-15,1572.58,1583.82,1554.69,1565.88,2885258
2012-06-18,1560.98,1575.54,1542.67,1557.19,1212122
2012-06-19,1577.63,1594.86,1565.13,1582.32,5154234
2012-06-20,1630.6,1639.41,1618.5,1627.29,2074928
2012-06-21,1621.87,1643.44,1597.22,1618.76,2614309
2012-06-22,1607.28,1636.15,1582.37,1611.18,1688642
2012-06-25,1628.02,1651.99,1599.99,1623.89,2943859
2012-06-26,1620.39,1638.72,1602.86,1621.17,5112891
2012-06-27,1644.75,1673.74,1622.83,1651.73,1832567
2012-06-28,1595.82,1606.05,1583.43,1593.64,5597483
2012-06-29,1576.3,1587.83,1563.76,1575.28,1373733
2012-07-02,1557.21,1587.85,1527.66,1558.28,3135996
2012-07-03,1501.49,1526.32,1476.83,1501.66,2659021
2012-07-04,1477.64,1508.73,1449.8,1480.83,1044293
2012-07-05,1464.16,1491.61,1434.08,1461.48,2254155
2012-07-06,1459.79,1481.5,1438.27,1459.98,1991541
2012-07-09,1492.14,1520.38,1463.17,1491.4,1188359
2012-07-10,1490.29,1507.06,1471.95,1488.7,2457859
2012-07-11,1461.19,1473.68,1453.8,1466.26,2164659
2012-07-12,1464.31,1476.97,1455.62,1468.25,1898259
2012-07-13,1488.19,1508.07,1478.3,1498.12,1902831
2012-07-16,1479.35,1488.86,1467.35,1476.85,1878518
2012-07-17,1452.16,1472.44,1437.24,1457.46,1590215
2012-07-18,1475.27,1498.17,1451.8,1474.69,2156291
2012-07-19,1474.06,1498.92,1447.6,1472.43,1347351
2012-07-20,1494.72,1515.43,1471.35,1492.02,9762759
2012-07-23,1489.55,1505.71,1478.84,1494.95,851198
2012-07-24,1515.89,1540.78,1491.31,1516.19,1396051
2012-07-25,1500.44,1515.93,1477.55,1492.96,1463812
2012-07-26,1503.54,1511.35,1488.08,1495.85,6744892
2012-07-27,1498.08,1511.88,1479.9,1493.66,897994
2012-07-30,1467.66,1482.27,1451.57,1466.17,2560091
2012-07-31,1426.37,1443.72,1413.37,1430.68,2301418
2012-08-01,1453.57,1478.53,1425.52,1450.44,2422138
2012-08-02,1444.06,1468.44,1420.38,1444.75,4163247
2012-08-03,1425.11,1447.11,1400.76,1422.72,4112318
2012-08-06,1420.53,1433.31,1410.46,1423.23,1512729
2012-08-07,1452.89,1478.53,1428.02,1453.65,2227544
2012-08-08,1401.78,1423.03,1379.86,1401.09,647930
2012-08-09,1369.54,1380.39,1357.69,1368.53,2104220
2012-08-10,1351.8,1371.7,1329.93,1349.8,1231331
2012-08-13,1383.95,1403.35,1366.99,1386.36,1772976
2012-08-14,1390.01,1411.81,1373.9,1395.63,721275
2012-08-15,1423.46,1432.98,1407.09,1416.56,2527960
2012-08-16,1402.29,1420.2,1374.11,1391.89,716446
2012-08-17,1369.94,1378.85,1359.22,1368.11,2167252
2012-08-20,1375.52,1391.31,1365.25,1381.01,949885
2012-08-21,1381.58,1394.47,1371.93,1384.79,1190894
2012-08-22,1402.33,1429.41,1373.15,1400.19,3964297
2012-08-23,1403.73,1416.75,1385.14,1398.11,2821419
2012-08-24,1401.97,1421.63,1387.49,1407.09,3951168
2012-08-27,1412.69,1427.11,1398.8,1413.22,5054736
2012-08-28,1435.21,1461.72,1407.87,1434.37,1247056
2012-08-29,1460.3,1479.93,1436.94,1456.52,4873792
2012-08-30,1417.75,1445.87,1391.11,1419.21,822987
2012-08-31,1361.73,1381.14,1348.79,1368.15,3102318
2012-09-03,1396.38,1405.77,1384.42,1393.79,1474747
2012-09-04,1429.18,1448.25,1405.36,1424.37,1134633
2012-09-05,1401.61,1416.23,1387.34,1401.96,2866728
2012-09-06,1361.97,1385.16,1337.15,1360.32,3495443
2012-09-07,1362.63,1389.4,1337.84,1364.57,3433741
2012-09-10,1384.78,1405.09,1368.04,1388.31,2255576
2012-09-11,1437.8,1465.94,1405.33,1433.38,2146124
2012-09-12,1449.69,1468.96,1428.75,1448.0,2719938
2012-09-13,1442.94,1456.02,1427.76,1440.82,2379160
2012-09-14,1427.39,1445.0,1403.46,1420.99,2743687
2012-09-17,1418.6,1431.02,1410.72,1423.11,2240925
2012-09-18,1415.34,1441.88,1391.2,1417.69,3287606
2012-09-19,1395.84,1404.94,1386.08,1395.18,746891
2012-09-20,1443.95,1460.33,1430.04,1446.4,1832581
2012-09-21,1496.27,1516.44,1472.64,1492.76,864314
2012-09-24,1522.81,1532.26,1514.21,1523.66,2340841
2012-09-25,1497.26,1511.03,1487.99,1501.73,5310295
2012-09-26,1525.74,1549.3,1501.89,1525.44,1491882
2012-09-27,1544.61,1554.0,1534.44,1543.83,2140074
2012-09-28,1561.54,1580.52,1538.24,1557.17,3121711
2012-10-01,1594.17,1610.24,1576.24,1592.29,573415
2012-10-02,1613.48,1627.07,1597.68,1611.25,1449506
2012-10-03,1634.87,1647.67,1620.51,1633.3,2467483
2012-10-04,1651.78,1679.9,1624.61,1652.71,348642
2012-10-05,1660.35,1695.99,1628.35,1663.92,1103408
2012-10-08,1617.15,1628.63,1604.27,1615.75,3838202
2012-10-09,1617.92,1650.95,1586.54,1619.53,3619325
2012-10-10,1613.87,1636.34,1583.38,1605.73,2482038
2012-10-11,1578.88,1601.97,1549.55,1572.54,3366279
2012-10-12,1622.61,1648.0,1594.19,1619.53,2255906
2012-10-15,1671.12,1697.12,1643.25,1669.22,2766896
2012-10-16,1709.17,1739.19,1679.6,1709.62,1640657
2012-10-17,1711.9,1739.45,1690.92,1718.4,2125436
2012-10-18,1758.51,1782.52,1735.64,1759.65,1356716
2012-10-19,1761.84,1779.21,1743.95,1761.31,4231596
2012-10-22,1769.88,1781.52,1757.02,1768.66,4940295
2012-10-23,1739.74,1765.78,1711.29,1737.29,4537776
2012-10-24,1755.07,1764.73,1740.6,1750.24,1552123
2012-10-25,1749.54,1769.19,1733.56,1753.18,1118764
2012-10-26,1712.35,1726.87,1701.37,1715.86,4265987
2012-10-29,1722.88,1736.43,1701.93,1715.42,2747891
2012-10-30,1718.07,1743.12,1689.11,1714.11,2414856
2012-10-31,1766.23,1793.81,1740.75,1768.3,1355689
2012-11-01,1795.79,1816.7,1775.47,1796.37,2559694
2012-11-02,1797.12,1809.09,1785.7,1797.67,1033884
2012-11-05,1806.38,1827.16,1785.44,1806.21,2900626
2012-11-06,1811.02,1829.65,1789.84,1808.45,4534983
2012-11-07,1816.78,1845.5,1774.57,1803.07,5275728
2012-11-08,1772.0,1796.25,1746.76,1770.99,3033156
2012-11-09,1770.72,1792.63,1745.35,1767.21,865261
2012-11-12,1736.83,1767.14,1715.46,1745.66,2231976
2012-11-13,1707.13,1742.95,1673.85,1709.62,7158485
2012-11-14,1731.55,1759.85,1696.99,1725.19,1177416
2012-11-15,1739.42,1761.08,1715.69,1737.32,1913588
2012-11-16,1663.72,1706.47,1643.44,1685.92,4630218
2012-11-19,1686.35,1695.45,1673.87,1682.95,2871314
2012-11-20,1722.05,1755.01,1679.43,1712.2,8780938
2012-11-21,1733.37,1760.88,1716.4,1743.81,1277324
2012-11-22,1783.06,1798.82,1759.28,1774.97,1094870
2012-11-23,1761.82,1812.11,1726.6,1776.6,4132839
2012-11-26,1756.6,1784.32,1724.03,1751.67,967502
2012-11-27,1720.04,1729.9,1710.21,1720.08,1761963
2012-11-28,1718.34,1740.8,1708.16,1730.54,1906180
2012-11-29,1744.4,1753.79,1732.7,1742.07,3691685
2012-11-30,1787.08,1812.09,1756.01,1780.93,2866380
2012-12-03,1816.82,1827.85,1803.82,1814.84,2608377
2012-12-04,1814.21,1848.68,1776.62,1811.03,1557420
2012-12-05,1771.17,1807.15,1737.42,1773.36,4110282
2012-12-06,1754.13,1787.25,1730.99,1763.98,22197593
2012-12-07,1774.37,1799.65,1745.46,1770.69,3001939
2012-12-10,1774.04,1790.68,1748.23,1764.78,2104952
2012-12-11,1753.59,1764.04,1737.25,1747.67,910074
2012-12-12,1744.84,1783.5,1716.82,1755.31,1352562
2012-12-13,1732.52,1751.79,1721.21,1740.43,1744142
2012-12-14,1717.65,1732.84,1706.86,1722.02,1438684
2012-12-17,1722.94,1747.95,1706.28,1731.21,1963724
2012-12-18,1719.68,1728.6,1710.54,1719.46,5762083
2012-12-19,1728.66,1748.56,1706.75,1726.62,4190372
2012-12-20,1727.21,1761.74,1700.24,1734.65,1802527
2012-12-21,1705.32,1734.34,1672.4,1701.35,960329
2012-12-24,1690.49,1714.27,1663.72,1687.45,4423406
2012-12-25,1726.3,1759.76,1695.74,1729.15,1925252
2012-12-26,1694.37,1714.06,1675.57,1695.25,703694
2012-12-27,1625.68,1664.25,1596.86,1635.25,3040273
2012-12-28,1582.63,1604.16,1562.69,1584.21,3668935
2012-12-31,1584.92,1598.14,1571.65,1584.88,462524
2013-01-01,1586.4,1616.79,1555.21,1585.59,1208955
2013-01-02,1584.09,1598.54,1567.85,1582.29,1855616
2013-01-03,1616.33,1625.04,1606.43,1615.14,3080820
2013-01-04,1542.02,1556.58,1528.7,1543.24,1455051
2013-01-07,1554.83,1571.16,1537.19,1553.5,1203464
2013-01-08,1599.9,1616.34,1578.73,1595.11,3067279
2013-01-09,1564.19,1584.77,1544.05,1564.63,1497049
2013-01-10,1555.85,1584.24,1526.01,1554.37,2744838
2013-01-11,1533.55,1548.8,1519.15,1534.4,1017735
2013-01-14,1508.12,1530.41,1488.79,1511.05,880812
2013-01-15,1504.84,1520.04,1487.3,1502.48,3119432
2013-01-16,1536.6,1565.83,1509.98,1539.17,2307123
2013-01-17,1589.6,1601.31,1576.07,1587.77,3448581
2013-01-18,1578.62,1588.96,1568.14,1578.48,1440418
2013-01-21,1628.7,1650.64,1608.27,1630.19,1230506
2013-01-22,1629.31,1655.51,1604.74,1630.92,4485817
2013-01-23,1677.44,1708.45,1649.03,1680.0,795101
2013-01-24,1668.78,1700.28,1645.68,1677.06,4201181
2013-01-25,1682.46,1710.4,1652.62,1680.52,4378876
2013-01-28,1691.89,1710.32,1672.3,1690.72,3321920
2013-01-29,1788.84,1798.67,1774.49,1784.3,1312330
2013-01-30,1807.11,1822.2,1794.93,1810.0,1214794
2013-01-31,1798.23,1808.26,1778.08,1788.06,1747971
2013-02-01,1815.38,1835.5,1797.34,1817.45,911617
2013-02-04,1801.25,1828.44,1778.86,1805.99,1113460
2013-02-05,1785.37,1809.24,1766.9,1790.71,2919259
2013-02-06,1808.82,1842.66,1784.56,1818.28,2927353
2013-02-07,1827.29,1849.6,1796.72,1818.93,1056270
2013-02-08,1834.77,1862.6,1799.53,1827.25,2974757
2013-02-11,1830.67,1858.14,1799.96,1827.38,2604059
2013-02-12,1832.62,1855.52,1814.72,1837.56,4905814
2013-02-13,1860.64,1879.6,1831.72,1850.58,2789803
2013-02-14,1788.46,1815.01,1763.82,1790.35,3742066
2013-02-15,1809.0,1835.71,1783.77,1810.46,2639886
2013-02-18,1787.89,1805.27,1762.91,1780.21,3569576
2013-02-19,1740.26,1757.59,1719.54,1736.83,915961
2013-02-20,1746.3,1773.21,1708.11,1734.85,1843088
2013-02-21,1738.37,1763.94,1711.52,1737.07,1936921
2013-02-22,1714.42,1728.53,1702.38,1716.47,1712988
2013-02-25,1737.46,1760.87,1717.27,1740.65,2587834
2013-02-26,1691.73,1732.44,1660.62,1701.16,2901179
2013-02-27,1687.8,1698.58,1678.44,1689.21,2508898
2013-02-28,1678.04,1707.95,1642.48,1672.3,1783045
2013-03-01,1673.78,1686.24,1658.33,1670.78,1275134
2013-03-04,1678.63,1699.8,1657.37,1678.53,3829755
2013-03-05,1644.92,1668.59,1626.22,1649.84,2445694
2013-03-06,1671.25,1679.86,1661.51,1670.11,1076076
2013-03-07,1676.83,1708.24,1640.43,1671.75,1765222
2013-03-08,1620.79,1639.95,1599.56,1618.69,696637
2013-03-11,1566.34,1596.6,1535.32,1565.56,2025287
2013-03-12,1561.38,1579.68,1546.86,1565.12,1760259
2013-03-13,1563.21,1591.34,1531.1,1559.15,1404679
2013-03-14,1541.7,1585.64,1512.66,1556.32,5130738
2013-03-15,1557.29,1578.09,1534.74,1555.51,990839
2013-03-18,1573.46,1586.11,1548.86,1561.42,3029280
2013-03-19,1579.54,1610.97,1555.41,1586.72,7363345
2013-03-20,1555.87,1577.6,1535.27,1556.99,3784259
2013-03-21,1526.22,1555.51,1496.96,1526.26,1945591
2013-03-22,1496.06,1515.5,1478.72,1498.14,1004056
2013-03-25,1510.2,1523.83,1491.93,1505.52,875685
2013-03-26,1539.92,1550.81,1526.86,1537.74,1548920
2013-03-27,1527.23,1550.87,1502.9,1526.53,1312966
2013-03-28,1466.52,1495.28,1434.33,1463.02,1287575
2013-03-29,1421.37,1429.08,1413.59,1421.3,1630197
2013-04-01,1414.75,1437.54,1378.81,1401.39,1864776
2013-04-02,1388.88,1415.13,1362.0,1388.24,2652802
2013-04-03,1379.55,1387.99,1370.3,1378.74,943472
2013-04-04,1372.67,1388.93,1363.54,1379.75,1316719
2013-04-05,1370.35,1393.7,1349.27,1372.59,1801619
2013-04-08,1402.24,1422.88,1376.86,1397.43,1763319
2013-04-09,1376.09,1389.96,1367.79,1381.62,5967593
2013-04-10,1352.87,1385.54,1329.17,1361.68,2279229
2013-04-11,1373.13,1390.78,1355.36,1373.0,753019
2013-04-12,1343.32,1368.31,1312.92,1337.82,2548228
2013-04-15,1347.09,1371.57,1322.45,1346.92,2750788
2013-04-16,1348.14,1372.7,1324.97,1349.5,1839350
2013-04-17,1338.86,1363.52,1321.8,1346.37,957386
2013-04-18,1385.36,1397.51,1371.34,1383.48,5693483
2013-04-19,1371.92,1389.19,1351.97,1369.2,1043477
2013-04-22,1410.73,1427.55,1401.55,1418.32,2947486
2013-04-23,1418.02,1439.13,1392.18,1413.21,2235622
2013-04-24,1386.37,1396.09,1373.5,1383.2,2843329
2013-04-25,1389.9,1407.5,1367.64,1385.19,5521249
2013-04-26,1362.82,1370.74,1352.52,1360.44,2777282
2013-04-29,1346.17,1358.95,1330.78,1343.53,1418061
2013-04-30,1355.14,1366.63,1341.55,1353.02,3850044
2013-05-01,1369.83,1389.42,1346.73,1366.27,1357751
2013-05-02,1344.94,1375.04,1322.35,1352.32,2187204
2013-05-03,1369.47,1383.72,1361.44,1375.66,912688
2013-05-06,1400.37,1428.39,1375.51,1403.47,1066647
2013-05-07,1438.11,1464.44,1412.35,1438.67,2044843
2013-05-08,1453.89,1468.63,1437.48,1452.2,2472776
2013-05-09,1488.26,1510.41,1464.68,1486.81,713948
2013-05-10,1445.41,1461.37,1424.68,1440.58,2672092
2013-05-13,1438.33,1448.85,1422.91,1433.39,1212679
2013-05-14,1409.31,1431.27,1391.08,1413.0,4272940
2013-05-15,1417.49,1426.41,1407.55,1416.47,1605300
2013-05-16,1399.82,1428.9,1374.38,1403.39,1010369
2013-05-17,1399.27,1426.47,1372.88,1400.06,2075022
2013-05-20,1447.65,1472.73,1421.2,1446.25,1144248
2013-05-21,1428.02,1462.16,1408.83,1442.77,4245486
2013-05-22,1464.18,1483.75,1434.24,1453.66,1983390
2013-05-23,1451.12,1479.81,1420.02,1448.66,1810283
2013-05-24,1448.67,1463.92,1436.04,1451.26,2828000
2013-05-27,1460.57,1469.53,1443.26,1452.17,1084935
2013-05-28,1462.54,1483.73,1442.9,1464.06,914843
2013-05-29,1494.77,1509.61,1479.33,1494.17,2533243
2013-05-30,1535.22,1552.59,1520.12,1537.47,1024994
2013-05-31,1554.13,1562.07,1538.57,1546.47,1024785
2013-06-03,1562.46,1584.74,1540.67,1562.95,3275737
2013-06-04,1534.27,1548.02,1519.84,1533.58,2716998
2013-06-05,1537.75,1549.77,1520.24,1532.22,934439
2013-06-06,1560.6,1569.35,1549.13,1557.87,1367532
2013-06-07,1581.71,1598.52,1565.15,1581.96,1152865
2013-06-10,1593.97,1622.96,1559.79,1588.68,5756220
2013-06-11,1626.14,1642.48,1597.63,1613.85,3414720
2013-06-12,1629.99,1654.75,1603.71,1628.44,1540308
2013-06-13,1663.71,1690.91,1635.94,1663.13,2801643
2013-06-14,1673.33,1689.93,1655.88,1672.47,878778
2013-06-17,1670.08,1699.01,1634.72,1663.54,1324323
2013-06-18,1671.23,1699.99,1645.53,1674.24,2111518
2013-06-19,1592.68,1615.35,1571.35,1594.01,2600822
2013-06-20,1598.17,1613.63,1590.16,1605.58,1870141
2013-06-21,1504.76,1518.47,1496.45,1510.13,2300893
2013-06-24,1465.33,1496.76,1436.22,1467.61,2078177
2013-06-25,1479.79,1504.8,1455.02,1480.04,1797403
2013-06-26,1501.16,1529.78,1464.77,1493.24,1659974
2013-06-27,1467.5,1494.7,1437.99,1465.14,1535307
2013-06-28,1444.68,1456.33,1437.01,1448.64,2278806
2013-07-01,1480.72,1509.0,1455.72,1483.96,2536991
2013-07-02,1479.04,1496.45,1455.63,1472.97,2233355
2013-07-03,1536.62,1562.5,1505.65,1531.45,977586
2013-07-04,1532.77,1540.59,1524.82,1532.64,1088861
2013-07-05,1542.52,1558.97,1528.14,1544.57,2518890
2013-07-08,1594.29,1620.23,1563.08,1588.93,4794615
2013-07-09,1589.05,1620.73,1562.2,1593.8,2172630
2013-07-10,1570.04,1592.48,1545.77,1568.19,1548812
2013-07-11,1577.28,1592.29,1551.69,1566.6,2268443
2013-07-12,1567.95,1583.09,1551.86,1566.99,1002399
2013-07-15,1528.81,1562.25,1498.99,1532.37,4348606
2013-07-16,1528.92,1546.64,1509.35,1527.04,2217645
2013-07-17,1507.09,1526.88,1489.44,1509.22,1326859
2013-07-18,1528.05,1554.85,1507.75,1534.47,1793936
2013-07-19,1539.96,1557.12,1519.6,1536.73,1445228
2013-07-22,1535.85,1556.26,1510.37,1530.72,4355726
2013-07-23,1527.9,1546.89,1510.35,1529.32,1756187
2013-07-24,1534.78,1563.25,1508.07,1536.51,2176479
2013-07-25,1549.63,1583.08,1520.75,1554.11,2797497
2013-07-26,1528.62,1558.34,1499.61,1529.31,1271286
2013-07-29,1501.3,1524.09,1481.09,1503.84,2227133
2013-07-30,1529.09,1551.59,1511.31,1533.75,2337660
2013-07-31,1533.08,1556.97,1500.68,1524.43,780392
2013-08-01,1491.6,1517.82,1463.34,1489.52,2307367
2013-08-02,1504.76,1525.0,1481.99,1502.18,1929058
2013-08-05,1519.48,1543.03,1491.98,1515.46,2143562
2013-08-06,1481.32,1505.39,1453.9,1477.91,2025602
2013-08-07,1483.22,1507.55,1460.76,1485.06,2316346
2013-08-08,1506.38,1530.77,1480.77,1505.15,4423341
2013-08-09,1514.94,1528.49,1502.63,1516.17,977052
2013-08-12,1535.99,1555.15,1514.83,1533.97,1614778
2013-08-13,1500.72,1521.46,1478.46,1499.18,2957843
2013-08-14,1507.31,1516.65,1499.72,1509.05,2645989
2013-08-15,1496.71,1529.51,1470.01,1502.7,2612043
2013-08-16,1492.46,1513.58,1470.7,1491.81,10346370
2013-08-19,1514.53,1525.97,1504.02,1515.46,2866153
2013-08-20,1546.67,1582.32,1520.0,1555.49,3908103
2013-08-21,1607.61,1632.93,1579.87,1605.16,1649127
2013-08-22,1647.72,1674.7,1616.06,1642.96,1092798
2013-08-23,1653.86,1671.86,1623.55,1641.41,1641973
2013-08-26,1650.87,1682.25,1621.46,1652.81,3039416
2013-08-27,1673.32,1694.82,1654.56,1676.03,2530928
2013-08-28,1675.43,1703.81,1652.71,1681.02,2525503
2013-08-29,1687.36,1695.81,1677.85,1686.3,1743479
2013-08-30,1712.67,1737.8,1686.52,1711.63,1584403
2013-09-02,1707.29,1738.45,1680.36,1711.45,1779931
2013-09-03,1691.0,1714.74,1668.16,1691.89,3062325
2013-09-04,1671.53,1702.44,1650.72,1681.51,3283552
2013-09-05,1705.97,1735.22,1672.06,1701.24,1084093
2013-09-06,1698.89,1728.75,1673.03,1702.83,3132699
2013-09-09,1714.03,1729.93,1698.31,1714.21,1341859
2013-09-10,1727.93,1769.0,1694.43,1735.36,2626999
2013-09-11,1722.81,1752.76,1695.92,1725.82,1767047
2013-09-12,1748.19,1784.33,1713.54,1749.66,5073153
2013-09-13,1762.4,1796.95,1727.91,1762.46,1542870
2013-09-16,1729.79,1762.28,1694.86,1727.3,2207049
2013-09-17,1779.3,1808.36,1742.72,1771.66,2853211
2013-09-18,1761.96,1786.87,1733.23,1758.09,1173644
2013-09-19,1715.65,1728.66,1697.74,1710.71,1897951
2013-09-20,1689.25,1711.46,1659.83,1681.95,1689678
2013-09-23,1657.16,1684.47,1627.07,1654.33,1456740
2013-09-24,1656.93,1678.34,1635.7,1657.11,1522959
2013-09-25,1655.7,1685.54,1620.95,1650.7,3863981
2013-09-26,1647.83,1658.78,1631.63,1642.54,1384527
2013-09-27,1664.43,1682.26,1643.4,1661.2,2785240
2013-09-30,1664.78,1693.13,1643.82,1672.08,2394672
2013-10-01,1678.08,1701.65,1658.81,1682.33,857530
2013-10-02,1693.92,1706.56,1682.69,1695.32,2707406
2013-10-03,1718.41,1730.96,1701.88,1714.4,849065
2013-10-04,1655.11,1684.28,1626.03,1655.21,2890254
2013-10-07,1651.74,1672.0,1625.93,1646.12,1462539
2013-10-08,1593.57,1602.7,1578.21,1587.31,1992738
2013-10-09,1595.05,1603.42,1581.0,1589.33,912033
2013-10-10,1596.0,1615.31,1571.0,1590.25,2133830
2013-10-11,1614.76,1631.89,1602.7,1619.8,3457893
2013-10-14,1656.26,1682.06,1628.1,1653.86,1221781
2013-10-15,1657.56,1688.7,1629.5,1660.59,1377388
2013-10-16,1639.35,1661.38,1625.54,1647.5,2604555
2013-10-17,1660.67,1685.18,1637.62,1662.11,2643914
2013-10-18,1654.74,1666.85,1636.13,1648.19,460234
2013-10-21,1651.34,1667.11,1633.3,1649.06,6644126
2013-10-22,1687.99,1718.93,1647.07,1677.83,2722693
2013-10-23,1663.74,1685.64,1640.97,1662.86,3012109
2013-10-24,1699.02,1730.09,1655.79,1686.63,1819142
2013-10-25,1707.91,1722.22,1692.69,1707.0,651340
2013-10-28,1680.41,1697.13,1663.58,1680.3,2972260
2013-10-29,1702.56,1729.74,1682.02,1709.12,1412521
2013-10-30,1736.05,1757.24,1709.18,1730.29,2747931
2013-10-31,1731.4,1768.63,1696.83,1734.01,1738823
2013-11-01,1709.04,1723.87,1697.56,1712.37,2287165
2013-11-04,1694.67,1724.8,1658.16,1688.18,1245443
2013-11-05,1679.24,1709.39,1643.38,1673.42,3330501
2013-11-06,1695.25,1717.79,1667.04,1689.51,971865
2013-11-07,1661.02,1679.72,1644.14,1662.82,7628041
2013-11-08,1675.49,1697.18,1654.06,1675.75,7593241
2013-11-11,1640.92,1656.62,1625.51,1641.21,5280966
2013-11-12,1639.8,1667.66,1608.17,1635.96,4262163
2013-11-13,1647.06,1667.61,1618.97,1639.42,1884684
2013-11-14,1711.28,1743.6,1677.1,1709.39,3992499
2013-11-15,1680.07,1704.16,1646.22,1670.17,1871581
2013-11-18,1717.42,1739.26,1691.04,1712.81,780655
2013-11-19,1716.26,1744.37,1689.37,1717.47,4886177
2013-11-20,1734.06,1755.84,1708.04,1729.76,3903150
2013-11-21,1742.33,1774.68,1701.27,1733.46,1945824
2013-11-22,1757.27,1770.91,1733.23,1746.79,950638
2013-11-25,1748.58,1782.85,1708.23,1742.38,1394825
2013-11-26,1786.23,1816.92,1755.4,1786.09,664847
2013-11-27,1771.2,1804.09,1739.47,1772.35,3495715
2013-11-28,1809.94,1832.1,1784.7,1806.82,757678
2013-11-29,1796.1,1827.64,1755.75,1787.12,2355111
2013-12-02,1787.57,1804.73,1768.1,1785.24,1195152
2013-12-03,1755.31,1784.14,1724.12,1752.92,842372
2013-12-04,1766.67,1779.23,1753.84,1766.4,2287598
2013-12-05,1808.38,1827.54,1791.0,1810.16,1622892
2013-12-06,1806.68,1828.69,1785.57,1807.56,3278555
2013-12-09,1802.0,1819.72,1783.55,1801.27,926747
2013-12-10,1776.27,1795.47,1748.07,1767.17,1258726
2013-12-11,1758.69,1790.41,1728.27,1759.96,473266
2013-12-12,1712.85,1728.01,1697.43,1712.58,534663
2013-12-13,1681.44,1713.09,1654.23,1685.81,5832261
2013-12-16,1695.53,1705.88,1681.56,1691.89,6921609
2013-12-17,1736.86,1765.5,1701.25,1729.77,2096197
2013-12-18,1822.67,1853.44,1783.21,1813.83,1209482
2013-12-19,1796.34,1816.14,1775.45,1795.24,1657681
2013-12-20,1842.1,1871.28,1809.81,1838.94,3348906
2013-12-23,1845.03,1880.44,1810.47,1845.88,1456237
2013-12-24,1843.32,1874.67,1809.09,1840.4,2286608
2013-12-25,1854.94,1875.08,1833.08,1853.2,1967641
2013-12-26,1854.64,1877.39,1831.58,1854.32,1409453
2013-12-27,1857.69,1888.7,1825.93,1856.93,1445960
2013-12-30,1845.67,1863.0,1825.86,1843.17,2364299
2013-12-31,1797.35,1829.63,1766.69,1798.94,1103356
2014-01-01,1750.12,1768.77,1732.76,1751.39,2600040
2014-01-02,1779.01,1809.42,1739.7,1769.95,1494126
2014-01-03,1774.92,1786.1,1749.5,1760.6,2140222
2014-01-06,1735.48,1751.64,1725.65,1741.77,4548816
2014-01-07,1734.33,1775.67,1699.71,1740.91,1792433
2014-01-08,1758.36,1795.24,1726.64,1763.43,3443099
2014-01-09,1767.08,1799.87,1734.84,1767.63,676562
2014-01-10,1751.47,1785.22,1713.12,1746.78,1495217
2014-01-13,1785.42,1806.09,1761.63,1782.26,2015974
2014-01-14,1830.31,1847.34,1812.35,1829.37,6287024
2014-01-15,1846.29,1859.12,1830.55,1843.37,611719
2014-01-16,1868.73,1896.06,1845.34,1872.62,1871543
2014-01-17,1909.59,1926.85,1893.74,1910.99,4751701
2014-01-20,1946.28,1983.44,1909.23,1946.39,1237975
2014-01-21,1955.75,1975.04,1945.86,1965.09,1745055
2014-01-22,1976.48,1997.57,1962.36,1983.39,2419432
2014-01-23,1992.42,2016.53,1975.09,1999.14,2214871
2014-01-24,1964.83,1980.52,1944.68,1960.34,5073098
2014-01-27,1983.36,1999.99,1965.28,1981.9,2594966
2014-01-28,1938.37,1967.13,1906.1,1934.82,4398014
2014-01-29,1896.39,1925.82,1877.6,1906.92,1597571
2014-01-30,1938.95,1975.33,1911.37,1947.62,1271470
2014-01-31,1977.47,2013.76,1937.32,1973.54,1731616
2014-02-03,2005.03,2050.27,1976.88,2021.88,989087
2014-02-04,2017.73,2048.84,1979.34,2010.34,2650097
2014-02-05,1958.35,1989.76,1937.82,1969.12,1572965
2014-02-06,1963.78,1978.31,1944.34,1958.83,1325004
2014-02-07,1954.7,1979.15,1935.53,1959.93,2674291
2014-02-10,1966.38,2004.66,1922.06,1960.22,998261
2014-02-11,2015.14,2044.01,1967.33,1995.93,3148073
2014-02-12,1967.74,1999.41,1949.71,1981.25,1488080
2014-02-13,1994.79,2018.26,1967.22,1990.64,3974692
2014-02-14,1944.35,1989.23,1910.26,1954.96,1566504
2014-02-17,1969.94,1999.54,1937.85,1967.42,2896882
2014-02-18,1963.7,1991.27,1937.37,1964.92,2208308
2014-02-19,1938.19,1973.61,1902.02,1937.43,3098228
2014-02-20,1921.78,1956.13,1892.79,1927.06,2117968
2014-02-21,1922.87,1951.02,1890.29,1918.38,730848
2014-02-24,1898.63,1921.88,1883.73,1906.91,3631935
2014-02-25,1969.73,1982.72,1949.48,1962.42,1881143
2014-02-26,1953.92,1994.42,1915.86,1956.32,3184193
2014-02-27,1937.2,1972.59,1910.11,1945.38,3000075
2014-02-28,1883.44,1904.6,1853.41,1874.47,1246714
2014-03-03,1843.06,1868.93,1817.56,1843.43,1145237
2014-03-04,1842.91,1853.84,1821.57,1832.43,2937921
2014-03-05,1815.04,1846.5,1777.07,1808.41,1652914
2014-03-06,1844.1,1863.78,1828.89,1848.53,3477616
2014-03-07,1840.0,1871.88,1808.59,1840.47,1781701
2014-03-10,1878.93,1903.39,1853.8,1878.25,3663926
2014-03-11,1885.81,1903.06,1860.04,1877.22,2556073
2014-03-12,1877.83,1888.07,1865.14,1875.37,2356728
2014-03-13,1870.48,1902.72,1837.26,1869.49,1584205
2014-03-14,1865.41,1880.81,1851.15,1866.53,2279476
2014-03-17,1918.39,1929.77,1907.31,1918.68,4056015
2014-03-18,1848.61,1878.81,1811.32,1841.4,1919299
2014-03-19,1776.81,1795.02,1758.58,1776.79,2726978
2014-03-20,1755.37,1776.51,1736.35,1757.46,2038686
2014-03-21,1751.9,1770.15,1736.65,1754.87,2136677
2014-03-24,1769.56,1804.21,1737.9,1772.5,5576358
2014-03-25,1776.19,1800.57,1759.39,1783.69,4077676
2014-03-26,1764.98,1783.39,1750.59,1768.96,2079508
2014-03-27,1804.76,1822.16,1779.37,1796.69,2255026
2014-03-28,1824.04,1839.86,1809.36,1825.17,1301304
2014-03-31,1831.46,1849.35,1809.76,1827.6,1787300
2014-04-01,1840.61,1865.98,1829.12,1854.4,2387216
2014-04-02,1862.8,1876.54,1845.91,1859.63,3303087
2014-04-03,1837.71,1859.29,1817.02,1838.6,3108132
2014-04-04,1854.43,1890.9,1820.7,1857.12,1019114
2014-04-07,1858.18,1869.07,1846.29,1857.17,3563271
2014-04-08,1851.01,1868.95,1835.85,1853.76,1879912
2014-04-09,1885.13,1932.56,1850.02,1897.22,1096687
2014-04-10,1821.41,1854.83,1783.05,1816.38,4420798
2014-04-11,1771.08,1797.99,1742.9,1769.79,4770527
2014-04-14,1729.52,1746.05,1714.64,1731.15,2322717
2014-04-15,1712.25,1736.63,1692.91,1717.23,3033647
2014-04-16,1699.03,1720.49,1685.15,1706.55,3142312
2014-04-17,1661.31,1672.83,1648.7,1660.2,4581162
2014-04-18,1637.38,1654.9,1612.06,1629.49,3068934
2014-04-21,1603.71,1625.58,1580.87,1602.73,893933
2014-04-22,1660.96,1685.23,1643.69,1667.88,6621845
2014-04-23,1717.59,1741.92,1692.12,1716.43,3757987
2014-04-24,1700.88,1717.22,1684.82,1701.16,1460494
2014-04-25,1691.76,1709.0,1670.2,1687.39,1068990
2014-04-28,1654.53,1682.42,1623.68,1651.52,2684185
2014-04-29,1581.4,1624.7,1552.66,1595.69,1677883
2014-04-30,1592.02,1607.67,1573.79,1589.42,2416902
2014-05-01,1554.94,1580.8,1533.83,1559.63,3097308
2014-05-02,1547.71,1568.59,1533.51,1554.34,1411459
2014-05-05,1508.81,1518.42,1500.06,1509.66,1014935
2014-05-06,1489.15,1513.08,1463.42,1487.32,2499224
2014-05-07,1480.84,1499.42,1469.63,1488.16,1439731
2014-05-08,1497.68,1514.73,1477.51,1494.52,2164408
2014-05-09,1505.66,1524.19,1483.74,1502.22,885585
2014-05-12,1466.21,1477.6,1454.62,1466.0,1704343
2014-05-13,1480.69,1494.08,1471.18,1484.55,3044877
2014-05-14,1457.34,1476.57,1442.44,1461.63,2852081
2014-05-15,1479.1,1507.62,1446.13,1474.56,1235498
2014-05-16,1464.75,1492.36,1443.91,1471.42,983665
2014-05-19,1439.18,1454.61,1419.22,1434.6,2001601
2014-05-20,1423.43,1432.09,1415.49,1424.14,2776272
2014-05-21,1429.83,1450.27,1409.81,1430.24,2528419
2014-05-22,1435.04,1451.64,1425.88,1442.43,1458186
2014-05-23,1435.57,1455.08,1416.71,1436.21,2370697
2014-05-26,1473.97,1497.97,1447.32,1471.27,4883698
2014-05-27,1487.83,1510.78,1470.94,1493.82,2242466
2014-05-28,1486.7,1500.81,1470.39,1484.48,744234
2014-05-29,1501.07,1509.65,1492.1,1500.67,2239851
2014-05-30,1544.9,1556.21,1536.6,1547.89,6758923
2014-06-02,1601.43,1619.76,1579.04,1597.33,915811
2014-06-03,1551.08,1589.89,1522.77,1561.4,2018438
2014-06-04,1535.72,1549.02,1520.84,1534.13,1730980
2014-06-05,1578.05,1599.53,1549.05,1570.42,2100171
2014-06-06,1546.22,1569.83,1516.07,1539.57,2227858
2014-06-09,1504.34,1513.23,1493.69,1502.58,3929344
2014-06-10,1486.14,1498.34,1475.3,1487.49,2086231
2014-06-11,1492.58,1510.34,1477.7,1495.43,4266719
2014-06-12,1488.78,1512.57,1466.38,1490.14,1847615
2014-06-13,1473.51,1490.58,1454.07,1471.11,1607061
2014-06-16,1448.24,1475.0,1425.05,1451.76,1327078
2014-06-17,1435.0,1460.85,1405.96,1431.75,666468
2014-06-18,1417.04,1440.25,1384.97,1408.03,2339549
2014-06-19,1460.9,1490.23,1431.85,1461.17,6799775
2014-06-20,1460.14,1489.97,1436.31,1466.05,2610210
2014-06-23,1479.78,1512.2,1453.47,1485.77,2993783
2014-06-24,1474.4,1500.18,1445.26,1470.98,1547546
2014-06-25,1463.61,1487.23,1440.26,1463.87,1712388
2014-06-26,1447.62,1472.27,1419.24,1443.82,3579683
2014-06-27,1375.7,1404.12,1349.54,1377.91,6617420
2014-06-30,1347.16,1363.5,1327.52,1343.81,4841662
2014-07-01,1300.36,1319.94,1281.41,1300.98,3214385
2014-07-02,1247.42,1266.08,1231.55,1250.17,2025020
2014-07-03,1221.62,1244.82,1199.92,1223.09,2248629
2014-07-04,1244.52,1263.33,1230.25,1249.01,1261605
2014-07-07,1253.58,1275.27,1224.59,1246.15,831593
2014-07-08,1271.49,1293.47,1249.89,1271.86,1008445
2014-07-09,1281.33,1306.22,1254.01,1278.86,2042898
2014-07-10,1291.99,1305.37,1280.7,1294.07,1664116
2014-07-11,1268.53,1292.45,1248.69,1272.55,821046
2014-07-14,1281.19,1303.06,1260.24,1282.09,1938850
2014-07-15,1300.52,1325.29,1271.55,1296.24,1637926
2014-07-16,1279.8,1305.65,1255.99,1281.81,980963
2014-07-17,1288.91,1309.86,1271.38,1292.29,1587851
2014-07-18,1303.64,1321.48,1285.19,1303.03,1635449
2014-07-21,1291.13,1300.83,1279.52,1289.2,1369584
2014-07-22,1269.41,1294.32,1238.4,1263.19,3457312
2014-07-23,1237.74,1248.67,1225.52,1236.43,633021
2014-07-24,1239.09,1258.76,1217.07,1236.7,602305
2014-07-25,1244.75,1265.83,1221.03,1242.07,1986672
2014-07-28,1219.74,1238.2,1205.57,1223.98,2100479
2014-07-29,1219.55,1233.08,1209.59,1223.09,2526963
2014-07-30,1229.58,1243.25,1219.94,1233.59,1434914
2014-07-31,1240.24,1267.44,1218.1,1245.22,1143090
2014-08-01,1280.15,1296.35,1260.93,1277.1,1974074
2014-08-04,1304.86,1313.15,1295.44,1303.73,1521265
2014-08-05,1280.69,1300.86,1260.21,1280.38,5028553
2014-08-06,1305.98,1327.73,1294.55,1316.21,1632239
2014-08-07,1311.13,1334.92,1279.45,1303.09,1920486
2014-08-08,1321.61,1337.95,1308.87,1325.17,8756010
2014-08-11,1333.62,1344.29,1314.85,1325.46,1764087
2014-08-12,1309.3,1323.26,1301.08,1315.01,2768161
2014-08-13,1270.99,1290.24,1254.88,1274.1,2922019
2014-08-14,1260.92,1284.24,1246.09,1269.31,3075078
2014-08-15,1236.43,1256.55,1214.99,1235.09,2358867
2014-08-18,1250.43,1269.59,1235.46,1254.57,2227308
2014-08-19,1282.22,1299.43,1269.2,1286.36,2105788
2014-08-20,1262.91,1279.44,1251.63,1268.13,1403393
2014-08-21,1276.73,1288.44,1262.08,1273.76,2410419
2014-08-22,1259.99,1283.83,1233.52,1257.31,6697115
2014-08-25,1249.91,1259.25,1233.85,1243.15,4099637
2014-08-26,1256.27,1283.81,1231.37,1258.86,2379380
2014-08-27,1258.13,1270.59,1244.86,1257.31,3313441
2014-08-28,1289.33,1302.53,1281.18,1294.34,1177017
2014-08-29,1281.82,1294.31,1270.63,1283.11,1695846
2014-09-01,1302.44,1312.13,1294.78,1304.47,3501527
2014-09-02,1307.86,1329.9,1284.03,1306.04,4839395
2014-09-03,1327.31,1344.15,1306.48,1323.27,1248533
2014-09-04,1316.65,1329.89,1299.55,1312.75,1483399
2014-09-05,1307.86,1330.75,1288.33,1311.18,7339824
2014-09-08,1312.1,1331.08,1289.27,1308.18,2100648
2014-09-09,1289.18,1313.97,1264.56,1289.35,5921007
2014-09-10,1302.34,1328.93,1277.05,1303.61,2244771
2014-09-11,1315.01,1337.85,1295.01,1317.81,2298364
2014-09-12,1328.69,1353.9,1305.74,1330.92,1650692
2014-09-15,1373.08,1396.27,1342.88,1365.94,3490421
2014-09-16,1401.14,1418.47,1382.53,1399.85,4477907
2014-09-17,1391.56,1413.22,1369.18,1390.83,1065546
2014-09-18,1398.5,1408.24,1389.86,1399.6,1604832
2014-09-19,1394.97,1417.81,1362.14,1384.81,3433350
2014-09-22,1390.8,1417.82,1358.47,1385.38,1834478
2014-09-23,1368.42,1380.0,1359.84,1371.39,1474705
2014-09-24,1408.64,1434.53,1383.93,1409.8,3633566
2014-09-25,1417.79,1445.65,1390.86,1418.71,3844184
2014-09-26,1414.29,1426.16,1401.8,1413.67,1513922
2014-09-29,1439.88,1461.49,1421.34,1442.91,2252204
2014-09-30,1392.77,1419.12,1364.63,1390.94,960217
2014-10-01,1350.32,1376.52,1318.37,1344.46,1158586
2014-10-02,1357.79,1372.59,1348.4,1363.16,2136114
2014-10-03,1360.38,1378.97,1346.46,1365.0,2020476
2014-10-06,1369.33,1392.53,1348.14,1371.31,1110004
2014-10-07,1339.5,1352.43,1328.35,1341.26,1290339
2014-10-08,1349.34,1362.66,1328.06,1341.3,1046512
2014-10-09,1392.58,1400.03,1380.98,1388.41,2605241
2014-10-10,1412.68,1423.0,1398.4,1408.69,608904
2014-10-13,1412.38,1432.5,1393.41,1413.51,1080628
2014-10-14,1402.58,1424.55,1381.82,1403.78,648381
2014-10-15,1389.15,1415.78,1368.68,1395.23,2549511
2014-10-16,1349.63,1372.14,1324.02,1346.48,672232
2014-10-17,1355.28,1370.5,1338.09,1353.28,2020867
2014-10-20,1379.13,1391.69,1361.33,1373.83,5302634
2014-10-21,1337.66,1345.51,1330.66,1338.5,5411627
2014-10-22,1323.99,1335.28,1313.26,1324.55,670953
2014-10-23,1300.44,1313.04,1287.19,1299.78,2371529
2014-10-24,1283.12,1292.96,1269.87,1279.69,1095385
2014-10-27,1276.31,1288.76,1269.54,1281.97,969095
2014-10-28,1241.18,1250.32,1229.33,1238.45,1852261
2014-10-29,1252.54,1271.4,1233.77,1252.62,4143182
2014-10-30,1265.97,1288.35,1247.68,1270.0,2841365
2014-10-31,1257.94,1289.96,1234.0,1265.86,1290984
2014-11-03,1214.34,1235.46,1193.73,1214.84,3026811
2014-11-04,1200.9,1217.13,1179.55,1195.71,515955
2014-11-05,1228.52,1237.2,1213.74,1222.38,1262030
2014-11-06,1168.56,1184.29,1151.6,1167.31,1209436
2014-11-07,1168.63,1175.55,1154.91,1161.79,2078157
2014-11-10,1139.93,1153.15,1126.86,1140.08,1755568
2014-11-11,1160.51,1173.11,1144.64,1157.2,1821402
2014-11-12,1143.89,1158.51,1130.83,1145.44,1785427
2014-11-13,1153.04,1165.44,1142.43,1154.82,2009596
2014-11-14,1165.15,1185.37,1147.33,1167.52,2741672
2014-11-17,1198.72,1227.42,1177.6,1206.17,2168613
2014-11-18,1208.33,1228.3,1183.79,1203.69,1671762
2014-11-19,1210.79,1230.61,1193.33,1213.12,2523226
2014-11-20,1181.74,1200.08,1166.29,1184.59,3254906
2014-11-21,1206.31,1217.21,1199.72,1210.6,1420308
2014-11-24,1196.11,1215.81,1177.16,1196.85,1913335
2014-11-25,1193.6,1209.32,1171.67,1187.32,3981399
2014-11-26,1196.2,1207.04,1177.96,1188.73,1023095
2014-11-27,1153.63,1170.91,1142.19,1159.41,5855086
2014-11-28,1164.58,1188.01,1142.42,1165.82,887804
2014-12-01,1183.43,1204.17,1166.43,1187.12,1611669
2014-12-02,1198.6,1213.15,1180.55,1195.05,1121172
2014-12-03,1166.2,1182.89,1148.52,1165.2,7368731
2014-12-04,1162.55,1177.83,1149.52,1164.77,1465914
2014-12-05,1181.9,1196.15,1167.4,1181.64,1468123
2014-12-08,1144.93,1157.3,1134.22,1146.57,1587309
2014-12-09,1133.33,1146.47,1114.78,1127.86,2099818
2014-12-10,1148.8,1166.35,1129.38,1146.91,1628117
2014-12-11,1156.67,1163.15,1147.89,1154.35,1830807
2014-12-12,1155.36,1184.39,1135.8,1164.68,238583
2014-12-15,1204.16,1215.53,1193.03,1204.4,2051939
2014-12-16,1224.01,1242.66,1197.87,1216.4,2004056
2014-12-17,1237.42,1255.54,1214.47,1232.52,3697403
2014-12-18,1286.06,1312.36,1267.04,1293.23,4348913
2014-12-19,1289.94,1309.39,1271.72,1291.15,1771567
2014-12-22,1271.77,1301.11,1247.11,1276.37,3235640
2014-12-23,1294.97,1311.32,1272.09,1288.36,1023827
2014-12-24,1301.68,1322.49,1279.94,1300.73,3142110
2014-12-25,1288.89,1312.0,1268.81,1291.87,1406358
2014-12-26,1272.25,1283.12,1261.25,1272.12,974014
2014-12-29,1315.56,1338.19,1303.39,1325.93,1773821
2014-12-30,1331.89,1351.42,1316.76,1336.24,4594100
2014-12-31,1322.77,1334.89,1310.5,1322.62,2210221
2015-01-01,1349.79,1363.96,1332.23,1346.37,4866535
2015-01-02,1339.06,1361.54,1324.51,1346.9,1265224
2015-01-05,1342.63,1363.07,1323.76,1344.17,3718052
2015-01-06,1364.31,1375.63,1348.9,1360.19,1340702
2015-01-07,1327.91,1356.48,1305.25,1333.72,2269788
2015-01-08,1345.79,1361.35,1329.31,1344.87,2258044
2015-01-09,1392.86,1414.58,1370.87,1392.58,2948759
2015-01-12,1414.22,1423.02,1398.23,1406.98,2304661
2015-01-13,1400.38,1418.23,1383.51,1401.35,1272493
2015-01-14,1391.94,1400.21,1384.39,1392.66,3362462
2015-01-15,1389.88,1410.92,1365.33,1386.32,5604015
2015-01-16,1378.2,1397.76,1364.21,1383.71,1396832
2015-01-19,1377.31,1404.74,1350.81,1378.22,659251
2015-01-20,1401.39,1417.15,1387.57,1403.31,2675352
2015-01-21,1365.38,1384.33,1347.0,1365.95,1625444
2015-01-22,1393.11,1405.45,1377.26,1389.57,1832768
2015-01-23,1386.4,1406.23,1364.3,1384.1,2768196
2015-01-26,1393.38,1413.28,1376.65,1396.51,1507803
2015-01-27,1374.05,1388.56,1358.99,1373.49,1687382
2015-01-28,1414.75,1426.14,1397.1,1408.45,1867158
2015-01-29,1438.68,1451.9,1429.08,1442.28,4789096
2015-01-30,1470.41,1480.41,1459.78,1469.77,2018856
2015-02-02,1435.28,1464.82,1406.6,1436.11,944674
2015-02-03,1460.01,1476.62,1443.68,1460.28,967502
2015-02-04,1466.99,1481.62,1459.62,1474.2,2155510
2015-02-05,1444.36,1472.23,1410.52,1438.27,1006856
2015-02-06,1438.11,1449.1,1430.49,1441.46,776551
2015-02-09,1458.72,1475.17,1437.84,1454.24,2903192
2015-02-10,1469.2,1495.14,1446.04,1471.94,2989746
2015-02-11,1477.53,1508.01,1449.87,1480.3,1589798
2015-02-12,1497.04,1520.53,1468.2,1491.61,2364780
2015-02-13,1538.1,1556.49,1515.2,1533.53,2219678
2015-02-16,1571.0,1601.82,1539.22,1570.02,2846075
2015-02-17,1502.77,1511.17,1490.96,1499.35,2850058
2015-02-18,1493.99,1524.9,1464.41,1495.29,415204
2015-02-19,1495.09,1521.65,1468.56,1495.12,1716333
2015-02-20,1452.28,1482.72,1424.78,1455.16,2705351
2015-02-23,1465.4,1478.33,1448.54,1461.44,1549938
2015-02-24,1493.72,1507.52,1483.06,1496.84,2026299
2015-02-25,1479.99,1502.11,1451.4,1473.42,3110891
2015-02-26,1484.49,1504.82,1465.58,1485.9,2081407
2015-02-27,1467.01,1485.85,1448.07,1466.92,4900028
2015-03-02,1457.51,1485.01,1426.76,1454.2,3898848
2015-03-03,1495.35,1516.74,1473.86,1495.24,1846608
2015-03-04,1484.22,1499.91,1469.88,1485.55,1760612
2015-03-05,1501.21,1517.86,1484.7,1501.35,358543
2015-03-06,1462.21,1472.45,1448.09,1458.3,1630013
2015-03-09,1506.3,1521.21,1494.43,1509.31,880318
2015-03-10,1528.42,1539.93,1517.49,1529.0,2264212
2015-03-11,1528.46,1554.68,1502.19,1528.41,2173224
2015-03-12,1551.65,1575.82,1523.54,1547.64,3010189
2015-03-13,1514.64,1534.72,1495.02,1515.09,4583632
2015-03-16,1558.47,1575.01,1533.6,1550.06,1951752
2015-03-17,1545.0,1568.96,1521.78,1545.73,7789208
2015-03-18,1543.45,1571.1,1516.91,1544.55,2279509
2015-03-19,1535.05,1563.82,1507.08,1535.84,903354
2015-03-20,1518.84,1545.0,1498.78,1524.86,1415165
2015-03-23,1542.32,1573.9,1515.64,1547.14,1585407
2015-03-24,1555.58,1577.8,1535.87,1558.06,2828554
2015-03-25,1585.04,1604.25,1560.51,1579.66,1123152
2015-03-26,1583.5,1612.13,1555.02,1583.65,1658152
2015-03-27,1599.47,1619.09,1582.21,1601.8,1800141
2015-03-30,1600.55,1618.05,1577.24,1594.68,1515305
2015-03-31,1668.42,1684.39,1644.79,1660.69,3226308
2015-04-01,1627.41,1648.21,1600.58,1621.3,2913287
2015-04-02,1656.56,1682.69,1634.74,1660.81,3992548
2015-04-03,1701.83,1729.77,1676.46,1704.36,1625595
2015-04-06,1693.43,1712.83,1664.97,1684.27,4079628
2015-04-07,1755.17,1769.68,1739.4,1753.9,874669
2015-04-08,1787.05,1820.68,1754.88,1788.49,861964
2015-04-09,1826.91,1845.53,1804.41,1822.98,957153
2015-04-10,1834.1,1868.66,1794.11,1828.57,1993748
2015-04-13,1823.39,1841.34,1808.6,1826.52,4079262
2015-04-14,1825.9,1850.37,1800.25,1824.7,1381547
2015-04-15,1846.67,1870.76,1817.52,1841.55,1489549
2015-04-16,1884.15,1923.69,1851.31,1890.73,1741729
2015-04-17,1901.44,1914.91,1887.9,1901.37,2795990
2015-04-20,1870.57,1911.85,1835.69,1876.85,1488716
2015-04-21,1902.47,1932.85,1877.79,1908.1,1439706
2015-04-22,1939.76,1969.84,1913.01,1943.04,884486
2015-04-23,1972.47,1997.43,1944.73,1969.65,1406995
2015-04-24,1997.75,2010.76,1986.68,1999.68,4018732
2015-04-27,1991.49,2020.22,1966.68,1995.37,2093934
2015-04-28,1969.19,1986.82,1951.25,1968.88,1271982
2015-04-29,1938.03,1964.44,1918.38,1944.72,4162749
2015-04-30,1898.38,1926.36,1868.0,1895.94,1395651
2015-05-01,1914.61,1938.48,1884.35,1908.14,4648119
2015-05-04,1909.49,1922.17,1897.28,1909.95,4602748
2015-05-05,1899.02,1911.76,1887.45,1900.18,2050526
2015-05-06,1813.31,1827.43,1797.18,1811.28,806831
2015-05-07,1766.58,1791.37,1752.69,1777.39,7831779
2015-05-08,1818.68,1844.37,1790.11,1815.76,2501411
2015-05-11,1816.2,1830.13,1785.66,1799.46,1632572
2015-05-12,1813.96,1847.7,1780.9,1814.63,3518962
2015-05-13,1775.58,1790.68,1761.11,1776.21,3021855
2015-05-14,1828.32,1839.96,1812.63,1824.25,4353814
2015-05-15,1832.81,1866.05,1790.73,1823.81,1332531
2015-05-18,1842.22,1859.59,1819.52,1836.84,2400251
2015-05-19,1902.69,1936.87,1881.04,1915.08,973329
2015-05-20,1972.65,2010.89,1931.14,1969.32,2957339
2015-05-21,1978.41,2016.33,1925.63,1963.26,1955649
2015-05-22,1951.31,1981.99,1917.04,1947.67,2346899
2015-05-25,1934.25,1952.69,1922.58,1940.97,1816078
2015-05-26,1963.59,1990.88,1934.66,1961.93,1705564
2015-05-27,1954.9,2001.37,1916.12,1962.44,1177685
2015-05-28,1960.48,1998.13,1915.75,1953.26,3185940
2015-05-29,2000.86,2019.84,1987.68,2006.62,4846766
2015-06-01,2007.15,2029.11,1984.75,2006.71,1419760
2015-06-02,2085.43,2111.16,2065.14,2090.81,2763819
2015-06-03,2094.68,2112.69,2080.13,2098.11,2569726
2015-06-04,2176.59,2210.16,2133.51,2166.93,1992416
2015-06-05,2184.96,2204.86,2164.39,2184.28,793368
2015-06-08,2220.77,2247.13,2198.18,2224.5,908038
2015-06-09,2193.79,2215.34,2179.84,2201.35,1240978
2015-06-10,2161.41,2200.71,2134.45,2173.61,549408
2015-06-11,2186.4,2210.81,2170.28,2194.63,4614981
2015-06-12,2236.57,2262.25,2210.15,2235.82,2472207
2015-06-15,2247.89,2263.97,2225.28,2241.3,1947434
2015-06-16,2192.95,2239.06,2150.61,2196.64,532777
2015-06-17,2160.25,2175.75,2134.7,2150.12,663761
2015-06-18,2097.62,2129.11,2070.71,2102.15,1979975
2015-06-19,2041.87,2059.59,2025.63,2043.33,6467459
2015-06-22,2043.87,2063.12,2031.31,2050.52,1303825
2015-06-23,2099.73,2116.6,2076.69,2093.51,3329320
2015-06-24,2109.58,2121.86,2084.18,2096.39,1486683
2015-06-25,2009.86,2034.87,1995.61,2020.54,2049576
2015-06-26,2015.04,2042.15,1990.05,2017.13,4109493
2015-06-29,2022.29,2052.17,1984.87,2014.64,1611102
2015-06-30,2081.79,2104.06,2068.66,2090.87,1310523
2015-07-01,2046.21,2069.98,2019.01,2042.74,4642865
2015-07-02,2039.63,2067.61,2004.3,2032.18,2037704
2015-07-03,2095.47,2113.31,2077.14,2094.98,3816037
2015-07-06,2117.53,2139.94,2091.68,2114.04,1314347
2015-07-07,2148.64,2161.7,2124.36,2137.35,4611226
2015-07-08,2156.97,2174.88,2126.63,2144.44,2336527
2015-07-09,2158.99,2185.3,2133.08,2159.39,2573744
2015-07-10,2187.5,2234.51,2144.07,2191.0,2145702
2015-07-13,2157.88,2207.0,2114.84,2163.85,1464046
2015-07-14,2205.62,2249.06,2155.86,2199.17,1980758
2015-07-15,2142.26,2175.52,2117.95,2151.11,1520341
2015-07-16,2164.15,2179.24,2150.71,2165.79,3526186
2015-07-17,2175.65,2197.08,2153.54,2174.98,1755326
2015-07-20,2151.58,2173.29,2133.15,2154.83,807820
2015-07-21,2158.28,2169.53,2145.23,2156.47,723854
2015-07-22,2152.6,2166.44,2122.43,2136.16,703602
2015-07-23,2099.14,2124.68,2074.37,2099.91,2872756
2015-07-24,2086.84,2110.66,2065.77,2089.57,993607
2015-07-27,2059.13,2074.99,2037.06,2052.87,2373915
2015-07-28,2067.78,2100.33,2033.77,2066.29,2152078
2015-07-29,2037.08,2058.18,2007.32,2028.33,1907253
2015-07-30,2056.06,2092.61,2018.51,2055.04,2579337
2015-07-31,2014.61,2033.48,1997.25,2016.11,2180319
2015-08-03,1987.97,2024.79,1961.97,1998.66,390101
2015-08-04,1969.74,1994.72,1954.45,1979.36,1632829
2015-08-05,2015.09,2051.44,1990.05,2026.25,2558833
2015-08-06,2041.75,2056.63,2024.57,2039.43,5305049
2015-08-07,2025.5,2048.91,2010.47,2033.82,5454080
2015-08-10,2060.55,2089.77,2023.7,2052.82,875114
2015-08-11,1982.34,2000.1,1964.41,1982.16,1607458
2015-08-12,1980.8,1997.29,1965.77,1982.25,774777
2015-08-13,2047.07,2091.15,2008.29,2052.27,4935334
2015-08-14,2062.24,2073.88,2046.78,2058.4,3640799
2015-08-17,2057.26,2090.03,2029.54,2062.24,2446949
2015-08-18,2076.82,2110.53,2049.36,2082.98,2190536
2015-08-19,2123.89,2142.5,2097.81,2116.35,4539732
2015-08-20,2049.19,2073.35,2022.88,2047.01,4101220
2015-08-21,1989.14,2003.12,1976.58,1990.54,3972184
2015-08-24,2002.73,2034.41,1967.26,1998.88,2607774
2015-08-25,1975.94,1992.39,1959.44,1975.89,1607937
2015-08-26,2023.91,2039.9,2005.62,2021.59,3141700
2015-08-27,2006.95,2031.44,1987.44,2011.88,3235277
2015-08-28,1959.91,1996.23,1911.71,1947.81,1768456
2015-08-31,1903.91,1939.55,1871.65,1907.23,1605989
2015-09-01,1829.51,1864.64,1786.04,1821.01,3913677
2015-09-02,1813.59,1841.43,1786.78,1814.62,5381456
2015-09-03,1814.0,1841.11,1782.58,1809.62,1264721
2015-09-04,1801.33,1823.31,1775.44,1797.37,1692934
2015-09-07,1837.69,1871.83,1797.36,1831.39,2447456
2015-09-08,1865.09,1893.49,1841.48,1869.81,2655011
2015-09-09,1871.11,1890.43,1845.83,1865.09,1449283
2015-09-10,1809.22,1835.64,1772.97,1799.25,6138631
2015-09-11,1817.43,1842.84,1793.45,1818.84,2554219
2015-09-14,1836.87,1849.47,1824.08,1836.68,2727320
2015-09-15,1844.01,1867.03,1823.93,1846.92,5696317
2015-09-16,1876.57,1896.74,1858.37,1878.52,1514450
2015-09-17,1851.64,1884.41,1809.57,1842.18,1880298
2015-09-18,1900.9,1927.02,1880.6,1906.65,934724
2015-09-21,1870.94,1908.74,1838.53,1876.24,1787966
2015-09-22,1909.89,1932.11,1878.59,1900.7,811503
2015-09-23,1850.79,1880.96,1817.21,1847.33,3105575
2015-09-24,1830.25,1843.12,1805.9,1818.68,2551005
2015-09-25,1863.97,1901.72,1828.8,1866.5,1679083
2015-09-28,1859.23,1881.93,1835.84,1858.53,1866817
2015-09-29,1881.79,1902.3,1865.05,1885.53,3131052
2015-09-30,1894.19,1910.53,1877.05,1893.38,1003016
2015-10-01,1880.16,1907.19,1863.28,1890.22,2241152
2015-10-02,1938.73,1959.09,1914.44,1934.75,3016795
2015-10-05,1929.03,1959.43,1896.78,1927.16,680535
2015-10-06,1869.51,1905.81,1833.53,1869.83,2990534
2015-10-07,1842.43,1872.32,1814.72,1844.59,726186
2015-10-08,1857.05,1886.64,1832.52,1862.05,1847683
2015-10-09,1878.77,1900.81,1852.69,1874.68,986546
2015-10-12,1819.03,1857.25,1787.34,1825.45,4679715
2015-10-13,1805.9,1837.95,1771.14,1803.13,990264
2015-10-14,1796.51,1813.39,1768.62,1785.4,736663
2015-10-15,1782.24,1816.64,1740.08,1774.33,2147921
2015-10-16,1725.45,1752.22,1706.6,1733.28,1546922
2015-10-19,1712.06,1743.97,1682.95,1714.82,803905
2015-10-20,1695.79,1728.86,1660.62,1693.65,2718223
2015-10-21,1715.57,1742.62,1688.88,1715.93,600249
2015-10-22,1732.3,1752.52,1719.44,1739.6,1064755
2015-10-23,1737.19,1761.15,1711.25,1735.19,1404046
2015-10-26,1723.49,1735.23,1711.8,1723.54,3208562
2015-10-27,1737.43,1766.68,1698.42,1727.51,4313589
2015-10-28,1702.25,1719.25,1686.55,1703.54,3842636
2015-10-29,1676.35,1702.21,1644.72,1670.49,1808549
2015-10-30,1637.59,1674.5,1607.05,1643.84,462136
2015-11-02,1621.0,1638.56,1608.5,1626.02,2506785
2015-11-03,1597.44,1614.84,1576.63,1593.99,4791452
2015-11-04,1603.39,1626.97,1574.69,1598.2,4156875
2015-11-05,1613.29,1636.22,1595.07,1617.94,2617602
2015-11-06,1574.78,1586.78,1562.66,1574.66,971210
2015-11-09,1568.59,1583.69,1560.07,1575.12,1446729
2015-11-10,1568.17,1586.44,1550.77,1569.02,6326695
2015-11-11,1581.89,1605.21,1554.67,1577.93,847428
2015-11-12,1575.29,1598.81,1553.85,1577.35,995793
2015-11-13,1537.46,1549.91,1526.17,1538.61,3490414
2015-11-16,1500.61,1523.42,1482.96,1505.71,1530805
2015-11-17,1503.29,1522.1,1487.44,1506.22,975735
2015-11-18,1540.63,1554.67,1518.58,1532.55,4959337
2015-11-19,1476.01,1499.54,1452.17,1475.69,2614631
2015-11-20,1479.68,1498.46,1465.41,1484.14,1576817
2015-11-23,1512.78,1534.05,1492.96,1514.21,997028
2015-11-24,1502.78,1538.48,1474.46,1510.02,6772927
2015-11-25,1519.31,1543.9,1499.43,1523.95,1953882
2015-11-26,1511.73,1533.28,1484.12,1505.59,4585440
2015-11-27,1501.63,1511.44,1492.48,1502.28,3389456
2015-11-30,1469.48,1480.76,1449.99,1461.2,1450558
2015-12-01,1403.46,1413.01,1394.32,1403.87,1457503
2015-12-02,1426.15,1449.8,1402.66,1426.3,4722216
2015-12-03,1405.08,1429.72,1377.79,1402.38,4768347
2015-12-04,1380.17,1402.18,1369.41,1391.33,642968
2015-12-07,1359.53,1370.8,1347.43,1358.69,2757591
2015-12-08,1326.1,1339.35,1313.04,1326.29,1843674
2015-12-09,1328.06,1346.47,1303.83,1322.16,1066620
2015-12-10,1309.43,1328.19,1286.95,1305.66,2319930
2015-12-11,1309.4,1333.97,1289.36,1313.86,882259
2015-12-14,1328.74,1353.42,1299.21,1323.81,1498727
2015-12-15,1329.8,1343.39,1317.26,1330.84,1228022
2015-12-16,1332.43,1355.94,1312.6,1336.06,1469048
2015-12-17,1372.99,1391.38,1353.8,1372.18,1899522
2015-12-18,1346.49,1360.23,1333.58,1347.31,1078045
2015-12-21,1352.08,1377.24,1320.82,1345.87,5095699
2015-12-22,1373.26,1382.09,1363.03,1371.86,2665680
2015-12-23,1402.35,1424.34,1379.51,1401.49,5819575
2015-12-24,1371.55,1393.38,1346.08,1367.86,1801179
2015-12-25,1364.91,1390.48,1334.97,1360.45,1426487
2015-12-28,1395.35,1413.18,1374.29,1392.08,5694716
2015-12-29,1409.99,1423.84,1390.21,1404.01,1401654
2015-12-30,1411.11,1435.69,1384.01,1408.54,1781604
2015-12-31,1403.91,1427.16,1379.97,1403.21,3054200
2016-01-01,1399.15,1416.64,1376.53,1393.96,943512
2016-01-04,1400.32,1423.84,1377.19,1400.7,3038203
2016-01-05,1394.75,1407.32,1382.03,1394.61,2813692
2016-01-06,1400.71,1420.1,1374.22,1393.51,4246455
2016-01-07,1402.09,1427.29,1370.21,1395.3,3382165
2016-01-08,1379.21,1392.72,1365.73,1379.24,4325278
2016-01-11,1389.83,1408.77,1372.8,1391.72,1855652
2016-01-12,1468.78,1497.08,1434.19,1462.36,1181621
2016-01-13,1422.22,1446.36,1394.73,1418.81,7032067
2016-01-14,1427.98,1454.12,1400.52,1426.63,793320
2016-01-15,1406.95,1423.49,1391.78,1408.31,842469
2016-01-18,1423.62,1452.02,1393.84,1422.2,2783102
2016-01-19,1423.26,1433.72,1412.88,1423.35,5256582
2016-01-20,1439.07,1460.37,1420.67,1441.94,2221582
2016-01-21,1471.66,1489.6,1453.16,1471.09,3611313
2016-01-22,1477.15,1502.23,1450.92,1475.98,598701
2016-01-25,1503.04,1532.77,1475.04,1504.74,1469265
2016-01-26,1449.96,1473.11,1422.95,1446.04,644114
2016-01-27,1491.52,1513.0,1464.38,1485.78,3166845
2016-01-28,1499.76,1516.87,1478.34,1495.41,783605
2016-01-29,1521.94,1542.48,1502.68,1523.21,921086
2016-02-01,1495.48,1514.38,1473.24,1492.1,2699062
2016-02-02,1471.69,1479.5,1463.54,1471.35,3749355
2016-02-03,1469.72,1493.7,1451.28,1475.19,1802381
2016-02-04,1477.94,1504.31,1448.65,1474.97,2791538
2016-02-05,1482.95,1506.14,1459.12,1482.3,2737820
2016-02-08,1521.88,1547.65,1484.55,1510.13,1742347
2016-02-09,1472.15,1488.13,1449.82,1465.74,1028052
2016-02-10,1493.66,1512.98,1471.2,1490.48,2782707
2016-02-11,1492.1,1500.31,1482.78,1490.98,2864365
2016-02-12,1486.86,1502.84,1470.17,1486.13,3390251
2016-02-15,1445.38,1467.31,1427.87,1449.75,2391042
2016-02-16,1454.91,1475.45,1442.06,1462.54,983526
2016-02-17,1400.4,1411.75,1392.74,1404.07,3000243
2016-02-18,1419.79,1441.8,1397.99,1420.0,1981116
2016-02-19,1376.05,1400.76,1360.19,1384.8,1484157
2016-02-22,1384.18,1402.03,1368.63,1386.45,1661478
2016-02-23,1383.02,1396.16,1370.92,1384.05,1310403
2016-02-24,1411.36,1430.73,1392.92,1412.27,3379729
2016-02-25,1405.64,1424.73,1389.37,1408.43,846724
2016-02-26,1390.94,1409.23,1374.1,1392.37,1092422
2016-02-29,1388.04,1407.08,1361.97,1380.9,1627793
2016-03-01,1414.41,1421.62,1404.42,1411.61,5221266
2016-03-02,1422.67,1451.59,1396.18,1425.06,3732423
2016-03-03,1416.0,1424.88,1407.41,1416.29,740807
2016-03-04,1411.04,1427.76,1394.44,1411.16,4460664
2016-03-07,1371.45,1385.76,1360.32,1374.61,4455510
2016-03-08,1381.1,1402.09,1363.35,1384.3,980281
2016-03-09,1348.15,1360.55,1331.7,1344.07,436753
2016-03-10,1360.25,1386.34,1335.9,1361.96,1898675
2016-03-11,1361.08,1380.51,1346.18,1365.56,3888191
2016-03-14,1422.59,1443.52,1401.85,1422.78,5151287
2016-03-15,1397.58,1409.78,1384.88,1397.08,1175852
2016-03-16,1387.07,1402.71,1379.73,1395.33,5672766
2016-03-17,1439.19,1455.29,1423.27,1439.37,520862
2016-03-18,1473.4,1492.62,1450.4,1469.57,1589880
2016-03-21,1455.01,1472.32,1435.77,1453.05,1543670
2016-03-22,1469.14,1497.68,1431.02,1459.38,3958604
2016-03-23,1465.71,1488.58,1437.45,1460.23,4320931
2016-03-24,1474.45,1503.84,1438.8,1468.07,3514944
2016-03-25,1463.76,1477.56,1437.89,1451.57,881755
2016-03-28,1453.51,1477.98,1425.8,1450.22,3326966
2016-03-29,1412.88,1431.72,1393.36,1412.19,2691004
2016-03-30,1420.44,1440.57,1396.22,1416.3,727420
2016-03-31,1425.67,1456.32,1397.45,1428.06,573659
2016-04-01,1423.91,1445.0,1402.37,1423.45,3696117
2016-04-04,1383.1,1411.4,1357.53,1385.79,1779673
2016-04-05,1411.88,1434.31,1387.79,1410.19,917025
2016-04-06,1417.12,1429.71,1407.33,1419.9,1749948
2016-04-07,1400.54,1425.17,1378.84,1403.43,2466781
2016-04-08,1399.44,1416.61,1380.57,1397.71,1886604
2016-04-11,1362.89,1389.06,1337.29,1363.45,781373
2016-04-12,1333.08,1363.77,1310.28,1340.83,6146135
2016-04-13,1323.78,1338.31,1315.09,1329.58,3621977
2016-04-14,1353.95,1368.15,1344.46,1358.63,1621356
2016-04-15,1341.36,1353.05,1333.25,1344.92,1661021
2016-04-18,1362.35,1379.24,1343.78,1360.65,2460050
2016-04-19,1350.16,1358.55,1340.89,1349.28,1006739
2016-04-20,1360.34,1381.91,1334.51,1356.01,2406312
2016-04-21,1356.86,1374.88,1335.81,1353.8,892302
2016-04-22,1379.54,1403.73,1351.0,1375.11,1900598
2016-04-25,1366.23,1378.8,1351.2,1363.75,983484
2016-04-26,1329.67,1346.67,1311.84,1328.83,1013732
2016-04-27,1303.31,1312.12,1290.24,1299.02,5322392
2016-04-28,1291.93,1315.53,1264.84,1288.38,2054484
2016-04-29,1263.77,1273.41,1252.72,1262.35,2245511
2016-05-02,1277.09,1285.43,1263.92,1272.23,593131
2016-05-03,1254.37,1273.46,1244.24,1263.26,1385814
2016-05-04,1315.26,1338.91,1292.78,1316.41,2614876
2016-05-05,1278.0,1287.6,1269.58,1279.17,2227703
2016-05-06,1289.15,1307.48,1266.44,1284.71,544477
2016-05-09,1267.34,1287.87,1240.97,1261.4,2245149
2016-05-10,1246.5,1272.31,1226.23,1251.95,2470510
2016-05-11,1261.38,1271.28,1246.2,1256.06,4283398
2016-05-12,1204.19,1215.6,1197.06,1208.44,1338233
2016-05-13,1210.23,1228.64,1196.03,1214.39,516462
2016-05-16,1254.55,1265.52,1244.47,1255.43,1090271
2016-05-17,1245.72,1266.22,1226.42,1246.91,1026597
2016-05-18,1247.69,1266.53,1234.78,1253.55,3084886
2016-05-19,1279.23,1294.25,1261.75,1276.74,388464
2016-05-20,1276.94,1285.5,1265.8,1274.34,1515091
2016-05-23,1266.96,1284.09,1245.9,1262.97,4664435
2016-05-24,1214.57,1225.62,1205.12,1216.15,1991358
2016-05-25,1230.46,1249.29,1211.78,1230.61,3394917
2016-05-26,1229.26,1236.83,1221.8,1229.37,740381
2016-05-27,1215.63,1239.5,1185.75,1209.51,758278
2016-05-30,1202.92,1231.76,1184.55,1213.23,4696581
2016-05-31,1198.92,1211.66,1189.65,1202.37,2106902
2016-06-01,1192.74,1198.96,1186.51,1192.72,2109506
2016-06-02,1202.27,1218.28,1190.23,1206.2,1013690
2016-06-03,1179.25,1188.77,1170.65,1180.16,2106353
2016-06-06,1202.03,1212.44,1192.08,1202.48,996931
2016-06-07,1173.02,1196.61,1151.8,1175.34,4041483
2016-06-08,1163.48,1179.83,1146.92,1163.26,10187768
2016-06-09,1205.3,1214.52,1193.83,1203.03,2650780
2016-06-10,1226.58,1243.84,1210.21,1227.45,1354620
2016-06-13,1228.96,1241.51,1218.1,1230.64,433568
2016-06-14,1211.64,1236.05,1187.84,1212.24,721668
2016-06-15,1202.47,1209.1,1195.86,1202.49,5040002
2016-06-16,1198.82,1224.37,1179.65,1205.11,1069268
2016-06-17,1208.66,1228.72,1186.96,1206.99,1587227
2016-06-20,1204.6,1213.48,1197.37,1206.23,2937870
2016-06-21,1211.28,1220.45,1197.56,1206.71,4825253
2016-06-22,1205.55,1218.53,1190.46,1203.42,1758985
2016-06-23,1179.47,1200.73,1154.16,1175.34,1555332
2016-06-24,1162.59,1181.35,1147.41,1166.13,2069820
2016-06-27,1184.15,1203.05,1166.59,1185.47,1360574
2016-06-28,1154.93,1178.66,1135.59,1159.25,1405225
2016-06-29,1154.1,1176.7,1134.0,1156.55,2538612
2016-06-30,1145.84,1159.76,1127.69,1141.56,2215912
2016-07-01,1149.84,1164.36,1130.27,1144.73,7123880
2016-07-04,1134.27,1156.14,1116.38,1138.19,2580024
2016-07-05,1166.54,1178.6,1156.1,1168.15,3955775
2016-07-06,1179.0,1200.28,1157.99,1179.27,1042600
2016-07-07,1156.28,1162.42,1148.12,1154.25,2717150
2016-07-08,1162.32,1177.76,1153.09,1168.49,1284925
2016-07-11,1148.62,1173.79,1129.09,1154.17,2513714
2016-07-12,1145.53,1157.11,1132.3,1143.85,2996959
2016-07-13,1144.19,1159.26,1135.9,1150.92,2042982
2016-07-14,1140.74,1151.18,1131.84,1142.27,8405488
2016-07-15,1161.24,1176.29,1145.63,1160.68,4670552
2016-07-18,1147.84,1168.15,1126.13,1146.41,4018210
2016-07-19,1134.82,1142.18,1127.94,1135.3,3136354
2016-07-20,1122.35,1129.71,1116.22,1123.58,5711638
2016-07-21,1116.5,1129.88,1100.34,1113.68,837200
2016-07-22,1136.52,1158.5,1113.58,1135.55,4511633
2016-07-25,1146.38,1159.16,1135.85,1148.61,1093892
2016-07-26,1183.49,1206.43,1160.41,1183.36,1413241
2016-07-27,1232.17,1254.74,1208.21,1230.75,2776871
2016-07-28,1216.48,1227.72,1199.05,1210.24,4155453
2016-07-29,1215.4,1236.37,1191.61,1212.53,992372
2016-08-01,1193.68,1211.93,1171.16,1189.35,1457849
2016-08-02,1172.37,1189.41,1157.51,1174.52,2102251
2016-08-03,1160.95,1175.96,1147.78,1162.77,1772994
2016-08-04,1142.0,1162.5,1122.32,1142.8,3309869
2016-08-05,1122.78,1142.24,1103.81,1123.26,15580903
2016-08-08,1117.81,1139.54,1099.53,1121.2,2549970
2016-08-09,1103.09,1125.12,1076.97,1098.91,1275542
2016-08-10,1118.37,1131.99,1101.84,1115.42,910814
2016-08-11,1097.78,1117.58,1079.0,1098.78,1631234
2016-08-12,1155.4,1176.13,1132.5,1153.18,1127879
2016-08-15,1145.76,1155.12,1135.63,1144.99,2624838
2016-08-16,1149.48,1155.95,1140.54,1147.0,2600496
2016-08-17,1118.07,1135.02,1105.69,1122.6,1501686
2016-08-18,1155.7,1176.84,1135.07,1156.21,6523835
2016-08-19,1178.78,1189.99,1167.78,1178.99,1275350
2016-08-22,1187.72,1206.13,1167.13,1185.5,1845648
2016-08-23,1157.0,1165.11,1151.09,1159.18,2909516
2016-08-24,1155.11,1175.86,1143.18,1163.84,3386247
2016-08-25,1138.62,1158.59,1122.42,1142.33,4267530
2016-08-26,1171.33,1179.68,1163.2,1171.55,2564048
2016-08-29,1188.45,1210.37,1166.3,1188.22,3724889
2016-08-30,1196.59,1205.37,1181.83,1190.57,1330326
2016-08-31,1144.65,1165.99,1121.35,1142.65,3439543
2016-09-01,1124.34,1133.61,1114.8,1124.07,3412096
2016-09-02,1137.52,1160.28,1114.86,1137.63,4914654
2016-09-05,1165.5,1181.9,1145.31,1161.65,728642
2016-09-06,1181.98,1191.49,1174.57,1184.07,1150480
2016-09-07,1152.25,1159.63,1145.36,1152.73,3249086
2016-09-08,1155.13,1166.01,1148.05,1158.91,404004
2016-09-09,1184.35,1200.75,1163.0,1179.33,2663638
2016-09-12,1148.1,1167.79,1127.09,1146.75,3744814
2016-09-13,1144.35,1159.45,1131.71,1146.78,1403072
2016-09-14,1151.89,1165.74,1138.45,1152.29,1531695
2016-09-15,1148.3,1164.19,1130.68,1146.55,1040818
2016-09-16,1110.28,1125.55,1095.85,1111.12,1449996
2016-09-19,1103.29,1121.99,1086.39,1105.06,1475428
2016-09-20,1096.83,1112.26,1083.59,1098.99,1316247
2016-09-21,1097.37,1114.61,1079.04,1096.26,1273644
2016-09-22,1084.65,1107.49,1063.0,1085.82,1685203
2016-09-23,1076.19,1088.71,1065.15,1077.66,1673014
2016-09-26,1072.58,1082.47,1067.02,1076.89,6104148
2016-09-27,1085.21,1092.68,1077.49,1084.96,1565144
2016-09-28,1078.69,1093.63,1064.34,1079.27,2437516
2016-09-29,1070.64,1082.56,1059.76,1071.67,1402644
2016-09-30,1073.86,1094.37,1052.72,1073.22,1391986
2016-10-03,1040.92,1055.92,1023.62,1038.59,713100
2016-10-04,1049.07,1062.5,1033.46,1046.86,772340
2016-10-05,1048.38,1066.18,1028.89,1046.65,961068
2016-10-06,1046.37,1056.42,1037.08,1047.13,2213793
2016-10-07,1062.3,1082.52,1043.93,1064.11,3781775
2016-10-10,1025.87,1034.29,1020.69,1029.09,678745
2016-10-11,993.08,1009.07,978.88,994.85,1426242
2016-10-12,999.24,1018.24,980.17,999.18,873152
2016-10-13,996.37,1015.52,979.61,998.72,1692020
2016-10-14,1001.54,1019.38,983.43,1001.25,3780858
2016-10-17,990.16,1003.92,979.32,993.04,1516431
2016-10-18,998.91,1021.34,981.56,1003.91,1927028
2016-10-19,1022.02,1035.57,1005.99,1019.51,4747539
2016-10-20,1026.01,1042.14,1011.36,1027.47,2609686
2016-10-21,1019.86,1028.45,1013.86,1022.43,1256630
2016-10-24,982.71,993.86,974.83,985.95,2181120
2016-10-25,999.67,1012.93,985.16,998.4,1206785
2016-10-26,1023.0,1029.01,1012.8,1018.79,2551748
2016-10-27,1028.18,1046.02,1011.61,1029.43,2701193
2016-10-28,1012.88,1031.38,995.06,1013.54,873011
2016-10-31,1027.87,1047.2,1005.31,1024.58,2202469
2016-11-01,1033.36,1045.78,1026.62,1039.0,1847707
2016-11-02,1072.48,1092.96,1045.83,1066.19,2749161
2016-11-03,1057.39,1063.75,1043.38,1049.7,3265123
2016-11-04,1036.43,1057.57,1023.88,1044.91,2640476
2016-11-07,1057.18,1076.1,1038.56,1057.48,1652969
2016-11-08,1055.42,1064.11,1049.03,1057.71,3471155
2016-11-09,1036.16,1042.45,1030.7,1036.98,1174275
2016-11-10,1042.16,1049.08,1036.56,1043.47,897785
2016-11-11,1055.47,1068.84,1039.56,1052.9,291509
2016-11-14,1053.21,1071.66,1035.13,1053.57,1901047
2016-11-15,1053.69,1063.88,1046.4,1056.57,1211139
2016-11-16,1050.44,1058.2,1043.22,1050.98,2517187
2016-11-17,1078.39,1092.98,1062.16,1076.72,607594
2016-11-18,1055.59,1068.37,1046.6,1059.35,1344715
2016-11-21,1042.63,1064.52,1025.99,1047.8,2629125
2016-11-22,1053.21,1073.48,1026.8,1046.95,1068854
2016-11-23,1059.58,1079.13,1042.1,1061.62,2534619
2016-11-24,1033.43,1052.63,1014.66,1033.86,1419459
2016-11-25,1008.79,1022.92,995.89,1010.0,1944110
2016-11-28,976.15,993.22,957.51,974.55,2833702
2016-11-29,979.18,986.76,966.46,974.0,3511936
2016-11-30,956.24,962.0,948.82,954.57,2095903
2016-12-01,942.94,961.31,928.95,947.26,1216628
2016-12-02,952.86,962.37,947.36,956.84,1506314
2016-12-05,944.19,962.7,926.83,945.32,2905666
2016-12-06,947.12,962.46,932.56,947.88,1074373
2016-12-07,937.03,960.06,918.97,941.9,1781845
2016-12-08,953.86,963.12,942.28,951.52,1572959
2016-12-09,954.88,969.78,943.14,958.0,1863529
2016-12-12,949.8,965.11,930.31,945.56,1082117
2016-12-13,946.75,954.93,933.47,941.6,652674
2016-12-14,956.46,969.74,943.9,957.17,2709963
2016-12-15,963.54,977.89,947.94,962.27,3535901
2016-12-16,934.92,956.86,916.52,938.39,676504
2016-12-19,949.34,964.7,932.25,947.57,2474021
2016-12-20,927.54,935.22,921.26,928.93,3797713
2016-12-21,947.04,961.66,935.55,950.13,2834983
2016-12-22,964.57,978.76,951.23,965.41,1544171
2016-12-23,967.38,975.71,960.42,968.74,1125684
2016-12-26,968.93,981.01,957.8,969.87,2081473
2016-12-27,967.72,976.68,956.03,964.97,2300578
2016-12-28,972.37,981.27,965.77,974.66,2100076
2016-12-29,972.07,984.39,954.77,967.03,1779635
2016-12-30,965.54,976.65,958.31,969.39,1035514
2017-01-02,987.07,1000.74,968.69,982.3,2555128
2017-01-03,968.45,978.74,961.14,971.41,2630048
2017-01-04,959.73,974.94,944.51,959.73,2236657
2017-01-05,937.52,946.34,930.09,938.9,2119299
2017-01-06,919.59,937.52,902.63,920.54,5430543
2017-01-09,893.02,897.84,886.08,890.88,1363237
2017-01-10,904.54,916.14,888.93,900.49,4277422
2017-01-11,930.34,939.46,917.95,927.03,1276439
2017-01-12,947.0,956.09,939.06,948.15,3856884
2017-01-13,921.22,932.34,909.59,920.71,4155820
2017-01-16,928.32,946.91,911.95,930.5,1663059
2017-01-17,948.77,969.43,931.0,951.6,5371285
2017-01-18,939.34,951.58,930.37,942.58,2627179
2017-01-19,941.29,949.42,934.41,942.53,1171313
2017-01-20,909.95,924.33,894.9,909.27,1584066
2017-01-23,906.53,924.28,894.09,911.76,3912383
2017-01-24,893.68,900.97,886.52,893.8,3449841
2017-01-25,899.28,914.03,880.52,895.21,1050919
2017-01-26,873.09,884.26,859.04,870.17,1823823
2017-01-27,875.08,889.59,862.13,876.62,2240285
2017-01-30,886.64,899.62,877.42,890.37,1462177
2017-01-31,878.17,888.34,866.8,876.96,8159388
2017-02-01,852.59,865.18,846.02,858.56,2281168
2017-02-02,828.86,842.41,812.6,826.11,1910570
2017-02-03,820.3,826.86,814.26,820.82,4051147
2017-02-06,815.67,829.27,797.68,811.21,1592589
2017-02-07,784.51,801.98,771.2,788.6,3628959
2017-02-08,795.36,808.25,780.33,793.18,728950
2017-02-09,785.39,789.78,781.23,785.63,1510282
2017-02-10,769.14,776.91,762.15,769.91,3720773
2017-02-13,758.09,770.37,748.97,761.22,5086592
2017-02-14,775.09,785.89,762.93,773.71,1246714
2017-02-15,781.75,796.44,765.51,780.17,1162527
2017-02-16,781.1,789.4,768.67,776.94,2786976
2017-02-17,786.0,800.25,769.43,783.63,1364337
2017-02-20,765.45,772.53,759.75,766.82,1687659
2017-02-21,763.44,773.84,755.37,765.75,3354599
2017-02-22,763.02,770.6,758.61,766.17,1430505
2017-02-23,761.94,774.24,746.35,758.59,609713
2017-02-24,760.95,768.27,755.42,762.73,908317
2017-02-27,754.54,761.22,744.55,751.2,1994638
2017-02-28,757.45,770.05,743.68,756.26,648194
2017-03-01,762.65,772.58,751.97,761.89,1658963
2017-03-02,722.95,727.38,719.18,723.61,860046
2017-03-03,738.42,742.14,733.25,736.96,5303955
2017-03-06,698.35,707.22,689.51,698.38,7268682
2017-03-07,688.99,696.36,682.39,689.75,1050820
2017-03-08,701.98,707.38,695.12,700.51,2312998
2017-03-09,695.09,705.26,685.21,695.39,1114323
2017-03-10,675.33,682.65,669.64,676.95,1646908
2017-03-13,664.38,673.6,653.98,663.19,5850756
2017-03-14,673.43,680.76,666.23,673.56,1498517
2017-03-15,651.6,656.69,645.57,650.65,1670072
2017-03-16,661.08,666.66,656.4,661.98,1126338
2017-03-17,657.69,665.73,652.07,660.09,3944030
2017-03-20,648.96,652.49,642.08,645.6,279858
2017-03-21,640.97,647.14,631.87,638.01,1520153
2017-03-22,627.53,639.16,614.28,625.88,1928915
2017-03-23,633.22,645.03,622.15,633.95,1333547
2017-03-24,640.11,647.46,633.33,640.68,3328816
2017-03-27,623.64,632.14,612.59,621.06,4078404
2017-03-28,615.0,623.98,606.69,615.66,849816
2017-03-29,604.41,616.11,593.87,605.56,6962798
2017-03-30,621.34,626.65,612.59,617.87,844115
2017-03-31,602.65,608.43,596.96,602.74,4295929
2017-04-03,621.55,627.47,612.38,618.27,2169259
2017-04-04,614.2,620.25,610.76,616.79,1465605
2017-04-05,604.57,610.45,597.76,603.63,1550952
2017-04-06,599.35,610.24,584.82,595.65,1943288
2017-04-07,586.59,597.54,575.58,586.53,2246874
2017-04-10,572.49,576.75,568.69,572.94,1141561
2017-04-11,570.85,579.66,564.07,572.86,1723100
2017-04-12,561.86,567.88,554.04,560.04,1248678
2017-04-13,537.48,545.37,530.85,538.73,956437
2017-04-14,534.19,541.46,527.07,534.34,1214220
2017-04-17,515.41,520.07,512.68,517.33,994519
2017-04-18,512.27,521.31,500.9,509.89,1540945
2017-04-19,502.97,512.83,491.41,501.23,2570176
2017-04-20,493.0,500.34,485.7,493.05,2131691
2017-04-21,507.51,516.86,499.94,509.27,6482435
2017-04-24,511.28,517.88,502.36,508.93,526353
2017-04-25,509.68,515.35,504.57,510.24,2627660
2017-04-26,492.64,497.85,489.07,494.27,1990411
2017-04-27,485.46,494.76,478.78,488.04,3234555
2017-04-28,488.13,491.85,485.36,489.07,3047643
2017-05-01,477.8,488.23,469.5,479.89,1795878
2017-05-02,485.71,492.13,480.22,486.62,2199170
2017-05-03,477.13,482.48,470.72,476.06,1268769
2017-05-04,472.52,477.74,467.84,473.05,2865369
2017-05-05,468.18,477.33,458.55,467.69,642212
2017-05-08,467.31,471.89,463.75,468.32,3160041
2017-05-09,462.69,466.06,459.24,462.6,1955381
2017-05-10,462.49,465.95,456.4,459.84,1480311
2017-05-11,456.89,464.18,450.1,457.37,1724555
2017-05-12,451.61,460.59,442.13,451.09,1802134
2017-05-15,452.1,458.1,448.24,454.23,4318342
2017-05-16,457.56,466.06,447.02,455.48,13798855
2017-05-17,453.57,458.39,449.41,454.22,4122302
2017-05-18,451.77,458.42,443.72,450.35,1412405
2017-05-19,455.76,458.49,453.21,455.93,2893186
2017-05-22,454.4,460.05,447.93,453.57,2969777
2017-05-23,451.59,458.28,444.0,450.68,1138137
2017-05-24,450.35,456.85,444.48,450.97,930540
2017-05-25,465.16,469.15,459.67,463.64,1908888
2017-05-26,451.67,460.59,443.8,452.7,3219139
2017-05-29,459.25,468.23,449.22,458.18,753824
2017-05-30,442.69,448.48,437.43,443.21,1286532
2017-05-31,444.86,451.33,437.94,444.4,2795694
2017-06-01,455.38,463.7,447.7,456.01,2033022
2017-06-02,459.44,463.4,455.41,459.37,4637862
2017-06-05,458.8,468.55,450.55,460.28,850159
2017-06-06,455.85,460.04,451.32,455.51,8131849
2017-06-07,455.41,462.99,447.78,455.35,787961
2017-06-08,452.29,456.05,449.27,453.02,586836
2017-06-09,446.57,450.81,442.41,446.65,1913897
2017-06-12,444.28,450.06,438.33,444.11,1003821
2017-06-13,444.45,451.0,438.73,445.27,1937185
2017-06-14,439.01,446.98,431.22,439.18,1896961
2017-06-15,431.6,441.54,422.99,432.9,1763014
2017-06-16,425.7,428.52,419.94,422.73,1196071
2017-06-19,426.63,430.5,421.42,425.28,2570455
2017-06-20,429.33,433.78,424.54,428.98,1639001
2017-06-21,431.94,437.21,425.19,430.43,3844672
2017-06-22,434.72,442.74,429.33,437.32,1779381
2017-06-23,434.39,445.56,426.64,437.75,1111489
2017-06-26,439.94,447.76,432.66,440.47,720264
2017-06-27,440.72,444.89,438.39,442.55,1788225
2017-06-28,441.37,446.91,436.15,441.68,925859
2017-06-29,437.82,444.07,431.31,437.55,882066
2017-06-30,455.43,460.86,448.77,454.18,2720903
2017-07-03,449.02,453.7,445.9,450.56,682418
2017-07-04,445.9,450.79,440.49,445.37,4626522
2017-07-05,448.57,453.59,443.54,448.56,2182168
2017-07-06,450.85,454.38,446.86,450.38,1931281
2017-07-07,438.99,446.86,431.82,439.68,1065697
2017-07-10,449.94,454.36,443.68,448.08,3136516
2017-07-11,447.18,453.51,440.99,447.32,1979306
2017-07-12,441.25,446.87,433.32,438.91,1313678
2017-07-13,446.79,455.99,438.68,447.85,2235319
2017-07-14,453.65,456.75,449.55,452.64,722395
2017-07-17,442.94,446.0,439.97,443.02,743261
2017-07-18,456.19,460.98,451.85,456.64,1012454
2017-07-19,462.7,468.0,456.53,461.82,2445392
2017-07-20,461.39,466.18,457.01,461.8,1978886
2017-07-21,470.74,482.34,463.0,474.53,3720570
2017-07-24,471.54,480.04,467.44,475.91,1141673
2017-07-25,477.61,480.6,472.81,475.79,2799078
2017-07-26,472.34,477.63,465.33,470.6,1851816
2017-07-27,478.11,486.05,467.53,475.42,1125989
2017-07-28,479.42,487.96,470.91,479.45,2498458
2017-07-31,477.88,487.42,470.24,479.74,1905762
2017-08-01,472.94,479.86,466.61,473.53,1359365
2017-08-02,474.8,482.33,467.25,474.79,2033358
2017-08-03,473.01,481.67,465.81,474.45,1834498
2017-08-04,466.34,470.31,460.09,464.04,1808100
2017-08-07,455.86,461.91,446.82,452.82,1547953
2017-08-08,458.11,465.7,449.88,457.45,906214
2017-08-09,437.91,442.2,433.64,437.93,2073729
2017-08-10,438.03,446.25,431.54,439.74,1224901
2017-08-11,438.5,443.86,431.14,436.47,1074969
2017-08-14,446.71,452.31,441.0,446.61,1716126
2017-08-15,442.82,446.02,440.01,443.2,3079925
2017-08-16,449.2,455.93,441.82,448.55,2216340
2017-08-17,445.11,453.91,437.1,445.89,1441672
2017-08-18,447.33,450.51,443.95,447.13,1407312
2017-08-21,451.2,457.92,446.47,453.17,2903675
2017-08-22,451.49,454.08,447.45,450.03,470691
2017-08-23,458.0,460.64,455.51,458.15,3199224
2017-08-24,452.48,461.46,441.96,450.91,644087
2017-08-25,453.36,459.26,447.74,453.64,848101
2017-08-28,461.1,466.05,456.33,461.29,1456345
2017-08-29,465.3,471.26,461.05,466.99,7290440
2017-08-30,484.1,493.63,473.48,483.0,5424583
2017-08-31,476.06,481.5,471.88,477.31,3029453
2017-09-01,466.12,474.21,458.71,466.8,2455707
2017-09-04,459.53,463.78,455.27,459.53,648640
2017-09-05,465.46,468.28,462.47,465.29,2178299
2017-09-06,467.44,477.01,460.31,469.84,1426118
2017-09-07,470.95,473.64,468.58,471.27,1214688
2017-09-08,464.08,471.11,455.97,462.98,2175745
2017-09-11,469.16,473.81,465.05,469.69,1494547
2017-09-12,460.35,468.12,452.89,460.66,3340328
2017-09-13,470.72,478.51,462.71,470.5,620590
2017-09-14,494.45,502.48,486.6,494.63,2074035
2017-09-15,496.92,501.14,494.26,498.47,1170032
2017-09-18,504.14,512.04,496.3,504.2,1550702
2017-09-19,502.26,512.23,490.82,500.76,2380392
2017-09-20,484.82,490.55,480.63,486.35,1014204
2017-09-21,481.63,486.56,477.24,482.17,2188089
2017-09-22,472.1,482.22,463.98,474.07,1745579
2017-09-25,464.63,468.07,459.89,463.32,1333940
2017-09-26,477.76,485.02,470.64,477.89,1495029
2017-09-27,479.71,488.79,471.88,480.94,1807163
2017-09-28,485.03,487.73,482.21,484.9,1250805
2017-09-29,481.47,489.65,475.07,483.22,1991217
2017-10-02,481.17,489.25,474.61,482.67,1677967
2017-10-03,489.39,496.24,484.72,491.55,1373991
2017-10-04,490.61,501.12,481.71,492.19,5146900
2017-10-05,499.61,503.33,493.88,497.58,2543734
2017-10-06,495.78,502.08,490.6,496.88,1575956
2017-10-09,495.64,504.43,486.18,494.95,2164102
2017-10-10,482.99,488.01,479.19,484.2,1070790
2017-10-11,470.19,478.33,461.0,469.12,1525659
2017-10-12,466.54,470.87,463.65,467.98,1636308
2017-10-13,469.44,475.23,463.59,469.38,938392
2017-10-16,460.25,463.07,457.36,460.18,2501528
2017-10-17,464.08,471.12,453.87,460.87,1463925
2017-10-18,463.13,470.94,454.46,462.26,1601930
2017-10-19,445.78,454.5,437.86,446.57,1409531
2017-10-20,441.53,450.23,431.93,440.62,11704153
2017-10-23,447.5,454.25,437.94,444.65,1332318
2017-10-24,446.37,455.98,438.99,448.57,573087
2017-10-25,439.71,446.38,434.18,440.83,759215
2017-10-26,442.69,451.29,434.42,443.01,3126990
2017-10-27,451.23,458.41,444.61,451.79,4420978
2017-10-30,458.38,467.22,450.02,458.84,1317072
2017-10-31,457.36,463.07,453.45,459.15,4271048
2017-11-01,458.49,464.2,450.88,456.57,3093934
2017-11-02,450.83,459.99,443.64,452.77,1769684
2017-11-03,457.18,461.13,453.5,457.45,1695913
2017-11-06,461.51,465.28,456.3,460.06,2210042
2017-11-07,466.08,475.29,456.91,466.12,3356715
2017-11-08,466.92,473.69,461.54,468.29,2516492
2017-11-09,474.08,479.69,470.42,476.01,1321020
2017-11-10,477.61,482.7,472.85,477.94,1785976
2017-11-13,484.44,490.87,479.13,485.55,6509401
2017-11-14,494.31,501.4,486.92,494.01,2305315
2017-11-15,486.45,497.71,477.29,488.51,3340380
2017-11-16,476.06,485.49,465.5,474.9,2741267
2017-11-17,488.93,496.15,481.53,488.76,2336149
2017-11-20,492.41,500.05,484.51,492.13,2116383
2017-11-21,481.28,486.01,474.5,479.21,3397105
2017-11-22,474.02,483.12,465.55,474.64,3051626
2017-11-23,481.1,486.13,477.12,482.15,2322921
2017-11-24,480.31,484.27,477.14,481.1,1307650
2017-11-27,477.89,487.53,468.52,478.16,2498835
2017-11-28,490.83,499.78,482.01,490.96,1904624
2017-11-29,482.35,488.18,477.74,483.55,1647956
2017-11-30,475.39,485.52,468.19,478.29,9892283
2017-12-01,480.46,487.05,474.7,481.27,787461
2017-12-04,486.28,491.07,480.97,485.76,3524001
2017-12-05,491.37,495.94,486.6,491.17,1181620
2017-12-06,501.96,505.5,496.64,500.16,2145144
2017-12-07,506.14,512.85,496.53,503.19,9259425
2017-12-08,509.91,515.88,502.8,508.75,1113009
2017-12-11,509.98,516.45,501.43,507.87,1284238
2017-12-12,510.95,515.16,505.58,509.78,1962033
2017-12-13,514.71,524.53,502.32,512.09,1192627
2017-12-14,518.21,525.76,507.83,515.35,3370035
2017-12-15,525.06,534.77,513.89,523.57,1438745
2017-12-18,531.09,534.61,526.45,529.96,2935551
2017-12-19,531.47,539.43,523.85,531.8,893129
2017-12-20,525.89,535.29,516.56,525.96,670581
2017-12-21,527.46,533.25,522.2,527.99,1728231
2017-12-22,530.16,534.36,524.98,529.18,773665
2017-12-25,531.21,537.14,526.44,532.36,4930551
2017-12-26,553.9,559.25,548.86,554.21,791842
2017-12-27,546.9,557.24,540.5,550.8,1063831
2017-12-28,559.15,564.68,550.77,556.27,2541263
2017-12-29,567.64,573.17,562.49,568.01,1394688
2018-01-01,571.29,579.7,562.11,570.51,797284
2018-01-02,597.86,601.33,591.81,595.26,6742750
2018-01-03,593.59,599.59,587.06,593.05,1087095
2018-01-04,600.54,609.76,588.78,597.95,1762502
2018-01-05,589.29,596.01,584.79,591.49,1748877
2018-01-08,593.8,598.74,584.66,589.56,3036407
2018-01-09,595.6,600.37,588.91,593.67,2616665
2018-01-10,604.28,607.31,600.87,603.9,1207326
2018-01-11,611.43,618.83,601.46,608.83,1630673
2018-01-12,621.49,627.16,618.02,623.68,1730371
2018-01-15,623.81,630.03,618.14,624.35,3107644
2018-01-16,625.21,637.66,610.11,622.51,983631
2018-01-17,649.88,665.81,637.68,653.54,6654915
2018-01-18,660.81,666.24,654.27,659.7,1257316
2018-01-19,654.46,660.78,647.11,653.42,1972377
2018-01-22,651.3,659.09,639.73,647.47,988561
2018-01-23,635.84,650.16,624.61,638.87,909913
2018-01-24,653.99,665.13,639.76,650.85,1173314
2018-01-25,647.45,653.01,642.99,648.54,1107577
2018-01-26,650.78,656.13,646.31,651.66,1546408
2018-01-29,650.27,660.0,642.95,652.66,1101982
2018-01-30,660.39,674.52,648.47,662.56,3009641
2018-01-31,655.58,667.53,642.85,654.79,1239488
2018-02-01,642.44,648.85,638.19,644.59,1159744
2018-02-02,650.17,659.02,639.89,648.73,1566287
2018-02-05,655.77,661.89,650.96,657.07,3597333
2018-02-06,660.08,672.62,649.99,662.49,2255598
2018-02-07,654.07,667.39,641.81,655.11,1867640
2018-02-08,665.05,672.91,656.52,664.38,839173
2018-02-09,657.14,661.79,653.03,657.68,998865
2018-02-12,653.58,662.53,644.57,653.52,920759
2018-02-13,646.07,653.26,637.55,644.72,4343151
2018-02-14,662.93,674.3,649.44,660.78,2725978
2018-02-15,668.96,676.35,662.2,669.58,1182365
2018-02-16,676.04,690.46,663.79,678.17,1413213
2018-02-19,694.55,700.88,688.07,694.39,1208421
2018-02-20,731.2,736.59,724.8,730.17,1165293
2018-02-21,707.86,717.8,701.06,710.97,2613447
2018-02-22,701.91,707.67,698.03,703.79,1668571
2018-02-23,696.6,704.55,690.18,698.11,6911523
2018-02-26,689.28,699.99,679.01,689.71,4198407
2018-02-27,677.23,683.63,672.4,678.78,4350007
2018-02-28,678.35,682.87,672.39,676.91,2966265
2018-03-01,661.39,669.23,656.77,664.59,1538632
2018-03-02,666.74,674.05,662.64,669.92,2838182
2018-03-05,671.36,684.21,659.2,672.04,1608319
2018-03-06,678.73,692.1,665.72,679.09,5273293
2018-03-07,683.51,690.42,679.62,686.51,2527061
2018-03-08,693.86,706.53,682.48,695.13,2320785
2018-03-09,691.42,703.37,680.32,692.25,2139844
2018-03-12,718.39,733.59,704.05,719.24,5633040
2018-03-13,724.0,731.4,716.28,723.67,838818
2018-03-14,701.23,709.15,694.72,702.63,5974271
2018-03-15,695.29,703.49,684.06,692.22,1773220
2018-03-16,674.44,686.48,661.44,673.46,852825
2018-03-19,673.43,685.81,662.7,675.06,1262588
2018-03-20,675.25,683.4,666.91,675.06,736390
2018-03-21,671.32,677.14,665.26,671.07,2934929
2018-03-22,698.35,709.46,684.75,695.82,1063445
2018-03-23,702.48,716.29,689.96,703.75,2193920
2018-03-26,715.54,723.42,706.05,713.9,3915800
2018-03-27,704.16,714.74,693.49,704.07,1324823
2018-03-28,696.66,704.32,685.92,693.55,1688139
2018-03-29,698.01,706.51,686.85,695.32,907074
2018-03-30,699.1,708.1,689.69,698.69,1570627
2018-04-02,677.72,689.53,666.44,678.25,9289675
2018-04-03,678.46,691.8,664.11,677.43,3162141
2018-04-04,678.46,686.74,670.54,678.83,1691560
2018-04-05,680.98,687.89,670.7,677.57,1373657
2018-04-06,669.61,676.71,662.36,669.46,1932683
2018-04-09,663.7,669.17,659.05,664.51,2143671
2018-04-10,662.75,669.94,656.48,663.67,1541949
2018-04-11,663.41,670.02,659.23,665.83,2725154
2018-04-12,674.97,682.68,666.15,673.85,1118983
2018-04-13,685.8,692.65,680.65,687.49,1115671
2018-04-16,687.44,694.45,678.19,685.18,2475906
2018-04-17,678.35,692.5,666.88,680.99,983442
2018-04-18,687.43,693.4,681.2,687.17,3070682
2018-04-19,697.83,707.73,685.57,695.43,1965842
2018-04-20,686.92,704.19,674.2,691.39,662154
2018-04-23,706.06,715.59,692.33,701.81,2117399
2018-04-24,713.75,720.31,708.11,714.66,721373
2018-04-25,731.92,739.36,724.17,731.61,3005688
2018-04-26,756.45,766.94,744.7,755.16,1707893
2018-04-27,746.81,756.21,735.79,745.18,6020317
2018-04-30,747.02,752.42,741.01,746.4,3770762
2018-05-01,749.82,758.59,738.83,747.58,1049248
2018-05-02,748.51,758.35,737.52,747.35,589810
2018-05-03,744.04,750.74,733.46,740.13,1260399
2018-05-04,723.75,734.01,712.36,722.61,952880
2018-05-07,728.95,733.37,720.3,724.68,5929454
2018-05-08,718.12,725.33,708.98,716.18,1970526
2018-05-09,714.22,730.37,702.04,718.11,3471340
2018-05-10,714.9,721.26,703.04,709.34,1671081
2018-05-11,695.83,706.85,686.04,697.03,1780134
2018-05-14,703.77,711.62,692.82,700.63,1944321
2018-05-15,703.29,710.14,696.38,703.23,3851308
2018-05-16,713.25,726.61,697.66,710.98,2390408
2018-05-17,737.18,746.2,729.7,738.71,1051364
2018-05-18,744.39,750.75,736.64,742.99,5248791
2018-05-21,749.36,763.91,735.39,749.93,1663294
2018-05-22,740.56,752.55,725.13,737.07,1508592
2018-05-23,722.79,733.79,710.85,721.84,363050
2018-05-24,744.33,748.61,737.98,742.25,2901213
2018-05-25,726.63,736.48,721.57,731.38,2106645
2018-05-28,719.0,729.66,708.52,719.18,2105272
2018-05-29,720.24,726.11,713.5,719.36,1557052
2018-05-30,719.37,725.4,712.86,718.89,1404046
2018-05-31,710.59,722.45,696.73,708.55,1588422
2018-06-01,704.7,712.03,698.16,705.48,2617935
2018-06-04,721.07,725.45,716.58,720.96,2909438
2018-06-05,714.24,718.2,707.77,711.72,1726110
2018-06-06,690.83,703.69,682.79,695.59,3503813
2018-06-07,708.6,718.7,697.27,707.35,1890998
2018-06-08,713.1,726.69,700.24,713.81,1465144
2018-06-11,704.89,711.53,700.19,706.82,2233430
2018-06-12,689.23,694.71,683.06,688.53,877092
2018-06-13,682.83,691.67,671.51,680.32,2279874
2018-06-14,682.25,689.38,673.01,680.12,785983
2018-06-15,693.88,702.66,685.39,694.17,1070208
2018-06-18,684.24,697.15,669.58,682.45,590535
2018-06-19,683.64,692.64,672.88,681.86,1785001
2018-06-20,689.94,697.87,682.19,690.12,5208384
2018-06-21,661.72,676.25,648.59,663.09,1848257
2018-06-22,673.91,679.24,669.88,675.2,2917247
2018-06-25,663.76,676.36,649.52,662.09,8132576
2018-06-26,666.07,674.5,657.73,666.16,2526722
2018-06-27,667.16,677.67,658.79,669.26,1252776
2018-06-28,678.57,694.86,665.79,682.02,1360630
2018-06-29,690.44,699.15,680.04,688.72,1983542
2018-07-02,660.62,669.37,652.98,661.71,1356289
2018-07-03,653.84,659.78,647.25,653.19,1418552
2018-07-04,657.4,667.18,645.22,654.96,3580998
2018-07-05,650.46,661.87,641.65,653.02,3669968
2018-07-06,658.48,663.97,653.07,658.56,738122
2018-07-09,667.33,678.11,656.89,667.67,1213595
2018-07-10,675.58,685.48,664.92,674.81,1500932
2018-07-11,675.04,682.44,665.17,672.54,2840394
2018-07-12,649.33,655.23,646.04,651.93,3936668
2018-07-13,648.17,655.75,639.49,647.06,10030898
2018-07-16,653.82,657.15,648.49,651.81,1499430
2018-07-17,639.61,643.89,635.7,639.97,1545043
2018-07-18,646.74,654.42,639.33,647.0,2822523
2018-07-19,658.02,662.12,653.1,657.19,1316740
2018-07-20,659.4,665.43,652.7,658.72,1821959
2018-07-23,626.48,635.77,616.11,625.39,1545684
2018-07-24,613.06,618.96,606.14,612.03,411271
2018-07-25,630.19,644.67,617.61,632.05,2134920
2018-07-26,628.14,639.91,614.54,626.27,1777260
2018-07-27,607.68,616.05,597.22,605.56,4251313
2018-07-30,618.81,630.88,606.4,618.46,1989301
2018-07-31,615.88,629.8,604.78,618.65,933925
2018-08-01,630.2,636.58,624.03,630.42,1698304
2018-08-02,633.79,644.09,623.13,633.42,565434
2018-08-03,636.21,642.9,631.72,638.4,958811
2018-08-06,641.67,652.18,631.88,642.37,2903140
2018-08-07,647.29,658.08,639.28,650.04,1709302
2018-08-08,676.93,680.49,672.15,675.7,3448689
2018-08-09,687.28,693.54,680.68,686.94,609177
2018-08-10,665.42,681.64,652.55,668.72,1714313
2018-08-13,674.5,681.07,667.23,673.79,1490604
2018-08-14,686.85,692.27,681.55,686.97,3518372
2018-08-15,702.21,707.7,695.65,701.13,2968768
2018-08-16,695.2,704.5,686.73,696.02,2914915
2018-08-17,708.19,722.42,695.7,709.9,4999487
2018-08-20,719.46,732.93,707.68,721.13,1589846
2018-08-21,752.09,762.01,743.4,753.3,4417341
2018-08-22,743.73,749.78,737.65,743.69,1059678
2018-08-23,737.56,741.76,733.04,737.23,1036617
2018-08-24,732.91,742.09,724.16,733.33,3114714
2018-08-27,726.24,739.69,713.74,727.17,803840
2018-08-28,715.41,727.58,704.0,716.16,2795885
2018-08-29,688.36,696.02,675.62,683.22,2107025
2018-08-30,676.54,687.55,667.12,678.11,3771983
2018-08-31,681.14,690.16,673.28,682.29,1913287
2018-09-03,683.18,692.53,667.24,676.5,2050572
2018-09-04,699.91,708.84,690.1,699.02,2691364
2018-09-05,696.19,709.72,685.59,699.08,1332290
2018-09-06,716.29,725.33,705.47,714.49,1297923
2018-09-07,715.6,731.27,701.92,717.56,2635695
2018-09-10,729.58,737.91,719.29,727.6,1948221
2018-09-11,730.48,734.77,726.65,730.94,1552864
2018-09-12,747.04,754.42,740.66,748.03,1886680
2018-09-13,752.23,761.64,739.25,748.62,5161489
2018-09-14,756.11,766.02,744.94,754.83,1519951
2018-09-17,761.63,771.75,749.33,759.42,1493731
2018-09-18,756.56,768.45,743.7,755.58,711786
2018-09-19,759.65,767.6,752.73,760.67,1933008
2018-09-20,791.43,803.28,778.15,789.98,2940617
2018-09-21,789.08,801.35,773.99,786.22,3274641
2018-09-24,792.03,800.88,782.87,791.71,2115772
2018-09-25,813.06,822.03,799.76,808.69,3518341
2018-09-26,826.48,832.83,818.04,824.37,3074762
2018-09-27,824.92,834.17,815.16,824.4,3866151
2018-09-28,792.13,805.44,778.23,791.53,3578955
2018-10-01,798.71,813.59,783.5,798.38,5085922
2018-10-02,765.81,779.38,755.16,768.69,1790819
2018-10-03,787.8,795.49,780.33,788.02,894271
2018-10-04,790.69,802.73,778.12,790.16,2952702
2018-10-05,802.58,816.52,789.65,803.58,3167115
2018-10-08,792.03,799.94,783.33,791.23,5085974
2018-10-09,770.55,783.96,757.1,770.5,4277050
2018-10-10,775.61,780.34,769.09,773.81,6371104
2018-10-11,774.8,778.8,769.27,773.26,2876003
2018-10-12,767.1,772.35,761.47,766.72,2274535
2018-10-15,764.57,773.35,758.96,767.72,863725
2018-10-16,808.92,823.63,789.96,804.6,2385353
2018-10-17,815.64,825.27,806.36,815.99,1423313
2018-10-18,830.38,838.16,822.8,830.58,2251047
2018-10-19,841.62,852.12,831.99,842.49,2048683
2018-10-22,862.58,873.29,853.16,863.85,2631435
2018-10-23,864.96,873.2,852.78,860.98,1870285
2018-10-24,834.8,840.7,825.46,831.34,3474677
2018-10-25,829.71,842.02,816.31,828.61,386971
2018-10-26,839.78,845.97,833.86,840.05,2222173
2018-10-29,827.79,841.55,812.51,826.25,4079536
2018-10-30,823.9,830.52,817.11,823.72,6089211
2018-10-31,813.58,827.04,800.58,814.04,3076111
2018-11-01,835.9,850.18,820.79,835.05,5448929
2018-11-02,844.6,851.54,838.79,845.72,2194273
2018-11-05,855.76,861.15,849.72,855.11,1986167
2018-11-06,864.7,881.34,847.54,864.17,2724101
2018-11-07,865.17,875.5,853.29,863.61,1978962
2018-11-08,864.89,879.03,852.39,866.5,1239954
2018-11-09,851.03,855.58,844.67,849.22,1455493
2018-11-12,816.01,825.75,808.52,818.24,1017346
2018-11-13,818.93,830.66,808.63,820.34,2722405
2018-11-14,823.58,839.98,808.52,824.89,1996358
2018-11-15,839.35,849.7,831.73,842.06,1597304
2018-11-16,867.53,881.95,850.51,864.89,1411254
2018-11-19,885.76,901.6,872.53,888.34,2684577
2018-11-20,871.62,879.33,865.75,873.45,3166916
2018-11-21,871.57,879.77,860.14,868.3,1006200
2018-11-22,874.0,883.0,866.51,875.5,915649
2018-11-23,913.58,924.73,902.95,914.09,3515547
2018-11-26,934.64,951.11,921.06,937.49,868845
2018-11-27,958.0,969.02,944.62,955.61,2753799
2018-11-28,951.87,960.12,941.23,949.46,5231169
2018-11-29,937.52,951.99,921.0,935.44,5238474
2018-11-30,949.75,962.82,935.16,948.22,3087040
2018-12-03,931.0,942.91,918.89,930.79,3033676
2018-12-04,925.73,939.54,913.41,927.19,7657104
2018-12-05,923.29,933.27,915.61,925.56,488630
2018-12-06,954.83,969.35,936.69,951.15,1500634
2018-12-07,947.81,958.05,935.41,945.64,3298885
2018-12-10,905.54,916.91,896.08,907.43,1619499
2018-12-11,915.57,922.2,908.82,915.46,4171836
2018-12-12,904.05,917.49,891.44,904.87,1936489
2018-12-13,902.69,918.47,890.02,905.76,2145850
2018-12-14,905.15,914.3,895.53,904.67,1681497
2018-12-17,899.6,916.85,883.5,900.73,1449158
2018-12-18,910.57,929.33,894.47,913.18,1427926
2018-12-19,886.02,895.87,880.14,889.97,2333079
2018-12-20,878.32,896.07,864.77,882.46,1245765
2018-12-21,892.08,902.82,882.35,893.08,3512796
2018-12-24,883.88,901.79,866.21,884.11,2934171
2018-12-25,858.31,867.77,851.12,860.57,3834884
2018-12-26,872.42,880.46,862.71,870.72,1007160
2018-12-27,887.67,898.18,877.35,887.85,715197
2018-12-28,889.06,897.08,879.51,887.52,1977785
2018-12-31,858.3,871.98,845.1,858.77,11288334
2019-01-01,867.45,880.13,856.86,869.51,4238522
2019-01-02,845.97,853.0,838.65,845.68,1421654
2019-01-03,847.29,861.22,836.62,850.51,2557925
2019-01-04,839.51,854.9,822.79,838.16,3068048
2019-01-07,819.87,836.06,806.02,822.18,872368
2019-01-08,818.67,828.89,806.23,816.42,4509854
2019-01-09,813.45,821.88,805.87,814.28,1793259
2019-01-10,808.39,814.61,799.62,805.82,1877762
2019-01-11,811.6,829.15,796.85,814.35,2011257
2019-01-14,806.98,821.28,794.35,808.62,3940129
2019-01-15,823.6,834.78,811.48,822.66,1260338
2019-01-16,829.96,845.06,812.01,827.05,711989
2019-01-17,821.86,827.47,812.19,817.77,2406714
2019-01-18,806.38,818.67,794.0,806.28,581755
2019-01-21,788.8,795.31,778.0,784.48,1655043
2019-01-22,788.15,794.21,782.79,788.84,4041492
2019-01-23,787.16,796.6,775.17,784.58,2806521
2019-01-24,751.9,762.19,743.78,754.04,3705814
2019-01-25,748.62,762.93,733.38,747.67,2876862
2019-01-28,731.61,744.05,724.39,736.78,8420676
2019-01-29,754.73,770.33,741.74,757.28,1393119
2019-01-30,737.2,749.16,724.22,736.17,2517757
2019-01-31,716.0,729.63,705.25,718.83,1524424
2019-02-01,733.97,747.77,719.25,733.03,3520384
2019-02-04,752.7,761.07,742.31,750.66,1910843
2019-02-05,740.62,749.78,732.59,741.74,5561102
2019-02-06,732.2,739.78,726.77,734.34,1441955
2019-02-07,741.56,749.4,734.78,742.61,4612478
2019-02-08,712.26,727.33,699.3,714.33,2830272
2019-02-11,692.39,701.0,684.0,692.6,1944515
2019-02-12,690.04,697.02,682.85,689.83,2745477
2019-02-13,708.14,714.63,702.3,708.79,2319259
2019-02-14,707.64,716.32,695.46,704.1,2454841
2019-02-15,704.34,716.98,693.25,705.86,1751314
2019-02-18,723.18,729.9,713.47,720.17,1301524
2019-02-19,744.7,759.26,732.51,747.03,1621654
2019-02-20,740.5,751.2,729.64,740.34,722240
2019-02-21,743.36,755.86,728.28,740.73,3285958
2019-02-22,767.26,773.98,757.96,764.66,944963
2019-02-25,744.81,756.54,734.04,745.75,1740028
2019-02-26,760.79,766.35,753.98,759.53,2925064
2019-02-27,748.07,755.89,739.31,747.13,3280931
2019-02-28,747.85,760.95,735.99,749.07,683655
2019-03-01,748.0,758.83,735.82,746.62,1876447
2019-03-04,739.31,745.09,729.45,735.2,2612574
2019-03-05,724.67,737.62,710.71,723.64,2045616
2019-03-06,728.92,733.15,723.47,727.69,4441243
2019-03-07,742.26,752.59,730.44,740.76,1210950
2019-03-08,736.54,754.4,721.99,739.79,579879
2019-03-11,742.35,751.98,731.71,741.33,3224200
2019-03-12,746.95,761.98,734.24,749.23,1436540
2019-03-13,736.32,747.9,726.06,737.62,690295
2019-03-14,752.48,765.08,735.11,747.63,1802873
2019-03-15,758.23,770.07,746.99,758.81,4148821
2019-03-18,792.11,806.07,779.94,793.87,929171
2019-03-19,792.27,798.94,782.89,789.54,8053340
2019-03-20,781.9,796.78,769.29,784.13,1199326
2019-03-21,794.12,802.0,787.31,795.18,2089021
2019-03-22,810.1,826.07,791.17,807.08,954096
