Date,Open,High,Low,Close,Volume
2015-01-02 00:00:00-05:00,0.48188379406929016,0.485474607492821,0.4742234301484532,0.48188379406929016,113680000
2015-01-05 00:00:00-05:00,0.4818838203945165,0.483320145842395,0.47159023078344875,0.4737446904182434,197952000
2015-01-06 00:00:00-05:00,0.4744627920588498,0.47494155763416435,0.45890272537050153,0.45938149094581604,197764000
2015-01-07 00:00:00-05:00,0.462732916016077,0.46680249507865196,0.4567482744970218,0.4581845998764038,321808000
2015-01-08 00:00:00-05:00,0.46345104385641533,0.4782929765372456,0.46321164679884597,0.4754203259944916,283780000
2015-01-09 00:00:00-05:00,0.4770961142821271,0.4809262965106433,0.47063267820437815,0.47733548283576965,209540000
2015-01-12 00:00:00-05:00,0.47853247958112216,0.47877187670599,0.46704195979099145,0.47135090827941895,190732000
2015-01-13 00:00:00-05:00,0.47494143967764024,0.4845168629538549,0.467281106764071,0.47063249349594116,236720000
2015-01-14 00:00:00-05:00,0.465605566993629,0.4739840651242433,0.4644086386892555,0.4725477397441864,155260000
2015-01-15 00:00:00-05:00,0.4758991233301644,0.47877174535533856,0.4689569225208887,0.4691963195800781,188932000
2015-01-16 00:00:00-05:00,0.46847825749261196,0.478293082433693,0.4670419319032254,0.47781431674957275,181512000
2015-01-20 00:00:00-05:00,0.4811656425600696,0.4837988677491224,0.4732659099188669,0.47925058007240295,140308000
2015-01-21 00:00:00-05:00,0.476617243504764,0.4871502280412877,0.4732658276598175,0.48595327138900757,144780000
2015-01-22 00:00:00-05:00,0.48691084183398525,0.49576816196969115,0.48188376046564335,0.49433183670043945,159712000
2015-01-23 00:00:00-05:00,0.494810630893094,0.4967257504979787,0.490741080209527,0.4957682192325592,120416000
2015-01-26 00:00:00-05:00,0.49361374974250793,0.49600760653358705,0.49050173020670035,0.49361374974250793,133240000
2015-01-27 00:00:00-05:00,0.4859533596990821,0.4864321538618101,0.46895696595886555,0.4699145257472992,357948000
2015-01-28 00:00:00-05:00,0.4756598981568422,0.4775749897113414,0.4620148886666792,0.46225428581237793,272728000
2015-01-29 00:00:00-05:00,0.4624936241344354,0.4761386033520905,0.46033913570826257,0.4735053777694702,235340000
2015-01-30 00:00:00-05:00,0.47015384862682774,0.4756597241302268,0.45890272909893737,0.459620863199234,298200000
2015-02-02 00:00:00-05:00,0.4624935537709685,0.4715902147111207,0.4533968928308163,0.46967512369155884,259604000
2015-02-03 00:00:00-05:00,0.47302655062996807,0.4818838437596445,0.47063269379211486,0.4814050495624542,183468000
2015-02-04 00:00:00-05:00,0.47996877487136336,0.48810787659931004,0.4785324208355138,0.48260200023651123,181516000
2015-02-05 00:00:00-05:00,0.48308073560836506,0.4907411001917302,0.4826019984931848,0.49050173163414,140448000
2015-02-06 00:00:00-05:00,0.4900228964504855,0.4957681979443919,0.48619271447922907,0.48834720253944397,210524000
2015-02-09 00:00:00-05:00,0.48547454215911506,0.4893046665300438,0.4823625233022089,0.48786839842796326,273944000
2015-02-10 00:00:00-05:00,0.48834706617781243,0.5017526707969283,0.4861925787191972,0.5015133023262024,226204000
2015-02-11 00:00:00-05:00,0.5027104388419869,0.5027104388419869,0.4948107048420885,0.4981621503829956,320832000
2015-02-12 00:00:00-05:00,0.5266488950492214,0.5386181764442873,0.5235368761791007,0.533830463886261,676904000
2015-02-13 00:00:00-05:00,0.5326335703917291,0.534788058420621,0.524494469492416,0.5340698957443237,310084000
2015-02-17 00:00:00-05:00,0.5331122768542677,0.5383787832562644,0.5297608896321029,0.5357455015182495,203340000
2015-02-18 00:00:00-05:00,0.5350275208843127,0.535985109336852,0.5285641127369612,0.529521644115448,170948000
2015-02-19 00:00:00-05:00,0.5362242645236273,0.5371817955210666,0.5285639023960531,0.5309577584266663,169432000
2015-02-20 00:00:00-05:00,0.5304792121395839,0.5350275002807579,0.526649029699082,0.5347881317138672,157752000
2015-02-23 00:00:00-05:00,0.5345484432827886,0.5345484432827886,0.5278456137542504,0.5304788947105408,125008000
2015-02-24 00:00:00-05:00,0.5325216739846982,0.5361262559890747,0.5277155264496644,0.5361262559890747,149356000
2015-02-25 00:00:00-05:00,0.5339637483540169,0.5363668806572318,0.5296382362546508,0.5320413112640381,123820000
2015-02-26 00:00:00-05:00,0.5325216911233926,0.5366069109302705,0.5291573419055522,0.5334829092025757,152864000
2015-02-27 00:00:00-05:00,0.5320412001352425,0.5332427660358758,0.5281962694645577,0.5301187634468079,157492000
2015-03-02 00:00:00-05:00,0.5286769033286578,0.5459790625703981,0.5279559752524341,0.5430953502655029,301512000
2015-03-03 00:00:00-05:00,0.5390101512758739,0.5416535161336152,0.5313202896794044,0.5330024361610413,160344000
2015-03-04 00:00:00-05:00,0.5310800737494277,0.5402117355413952,0.5289172891300832,0.539010226726532,226840000
2015-03-05 00:00:00-05:00,0.5390102971133488,0.5503047449995495,0.5375684405121672,0.5493435263633728,323056000
2015-03-06 00:00:00-05:00,0.5462189905024983,0.548862353499328,0.541412844711657,0.541893482208252,257392000
2015-03-09 00:00:00-04:00,0.5421341675165355,0.5474209546579526,0.5409326015460147,0.5433356761932373,222388000
2015-03-10 00:00:00-04:00,0.5457387974633332,0.5563123726494759,0.5447775789810904,0.5527077317237854,527212000
2015-03-11 00:00:00-04:00,0.5527075945312129,0.5599168172993032,0.5483820837878824,0.5498239398002625,262120000
2015-03-12 00:00:00-04:00,0.544536983969133,0.5486222032030046,0.5344440523188791,0.5447772741317749,406972000
2015-03-13 00:00:00-04:00,0.5421340786285274,0.5469402271349589,0.5346845083378918,0.5454983711242676,359288000
2015-03-16 00:00:00-04:00,0.5498238487599935,0.5553509243630662,0.5462192093259026,0.551986575126648,236956000
2015-03-17 00:00:00-04:00,0.5507851334505101,0.5589555740974278,0.546940203353782,0.558715283870697,299900000
2015-03-18 00:00:00-04:00,0.5587153307806861,0.5615989856249899,0.5445371749246377,0.5495836138725281,413844000
2015-03-19 00:00:00-04:00,0.5515060121944816,0.5599167423173487,0.5474207922356887,0.5579943060874939,310756000
2015-03-20 00:00:00-04:00,0.5625602383317042,0.567366386837315,0.5572734520580084,0.5640020370483398,462084000
2015-03-23 00:00:00-04:00,0.547180433632745,0.5543896552891077,0.5454982876423072,0.5457385778427124,426012000
2015-03-24 00:00:00-04:00,0.5440564360401184,0.5479013657452014,0.5358859962254429,0.5382890701293945,330480000
2015-03-25 00:00:00-04:00,0.5380491538779977,0.5380491538779977,0.5039254005141284,0.5056076049804688,542552000
2015-03-26 00:00:00-04:00,0.49527394708855704,0.506087749197831,0.4916693081896047,0.5039249658584595,311920000
2015-03-27 00:00:00-04:00,0.5068088596004761,0.5157002290300744,0.49863841821044647,0.5137777924537659,318288000
2015-03-30 00:00:00-04:00,0.5161807179594395,0.5185837916337076,0.5094520772952112,0.5159404277801514,253252000
2015-03-31 00:00:00-04:00,0.5144986302781674,0.5149792106910707,0.5024832605485531,0.5029638409614563,357276000
2015-04-01 00:00:00-04:00,0.5048863887786865,0.5065685349923128,0.4962353101844599,0.5048863887786865,330768000
2015-04-02 00:00:00-04:00,0.5077702248365369,0.5092120813329454,0.5017625658266065,0.5060880780220032,192204000
2015-04-06 00:00:00-04:00,0.5039251306131766,0.522428854187806,0.49863840155797695,0.5207467079162598,515864000
2015-04-07 00:00:00-04:00,0.5207467438712221,0.5310799697483284,0.5178630316101452,0.525312602519989,413964000
2015-04-08 00:00:00-04:00,0.5257929301599302,0.5310797143313453,0.5207464934238886,0.5291572213172913,366432000
2015-04-09 00:00:00-04:00,0.5250721897493186,0.5430952745547561,0.5248318995220136,0.5414131283760071,379432000
2015-04-10 00:00:00-04:00,0.5418936508097267,0.5471803784482661,0.5399711575189711,0.5469400882720947,258728000
2015-04-13 00:00:00-04:00,0.5457383530059033,0.548862353499328,0.539490352019054,0.541893482208252,236724000
2015-04-14 00:00:00-04:00,0.5397312590380352,0.5418940440745444,0.5320413948818934,0.5373281836509705,220276000
2015-04-15 00:00:00-04:00,0.5387697702446242,0.5479014292200305,0.5361263485383739,0.5438162088394165,243560000
2015-04-16 00:00:00-04:00,0.5406922937477936,0.5452581526177012,0.5366070727092827,0.5404520034790039,155284000
2015-04-17 00:00:00-04:00,0.5291573419055522,0.5387696945787822,0.5289170517092063,0.5334829092025757,293636000
2015-04-20 00:00:00-04:00,0.5358861809800027,0.5392504741466639,0.5298784655019756,0.530839741230011,231624000
2015-04-21 00:00:00-04:00,0.5373279869691611,0.5373279869691611,0.5274753413829408,0.5301187634468079,230456000
2015-04-22 00:00:00-04:00,0.5332426018443331,0.5368471838487096,0.5250721051997371,0.5361262559890747,207420000
2015-04-23 00:00:00-04:00,0.5262738168478754,0.5390101170812697,0.5202661021141699,0.5339636206626892,259380000
2015-04-24 00:00:00-04:00,0.5337232363617453,0.5339635265747324,0.523390012383854,0.52939772605896,240960000
2015-04-27 00:00:00-04:00,0.5310798353577181,0.5428549143856601,0.5265139778643488,0.5334829092025757,248456000
2015-04-28 00:00:00-04:00,0.5325216739846982,0.538048749379367,0.527475178967254,0.5361262559890747,234484000
2015-04-29 00:00:00-04:00,0.5322816015768286,0.5375683895150117,0.5298785265674412,0.5320413112640381,195156000
2015-04-30 00:00:00-04:00,0.5293976893956979,0.536126273243779,0.5281961238263692,0.5334829092025757,218844000
2015-05-01 00:00:00-04:00,0.5378085734229214,0.5483821472073168,0.5354054988889799,0.5467000007629395,256968000
2015-05-04 00:00:00-04:00,0.5462193886874319,0.5498240293051752,0.5416535296695635,0.5433356761932373,200720000
2015-05-05 00:00:00-04:00,0.5414130961153681,0.542134024048133,0.5269946520476783,0.52939772605896,292928000
2015-05-06 00:00:00-04:00,0.532281396739215,0.537327892422567,0.5241109563102906,0.531079888343811,316484000
2015-05-07 00:00:00-04:00,0.5289172111698403,0.5421341499481662,0.5272350647006779,0.5404520034790039,534564000
2015-05-08 00:00:00-04:00,0.5048863880403838,0.5248319096362534,0.49239037927879525,0.5005608201026917,1146552000
2015-05-11 00:00:00-04:00,0.49359193460628253,0.5008012151870661,0.4897470613549496,0.4957547187805176,544144000
2015-05-12 00:00:00-04:00,0.4921500890468596,0.5046460405146398,0.4919097415211156,0.5005608201026917,388800000
2015-05-13 00:00:00-04:00,0.504165480440341,0.5080104107758511,0.4986384038256349,0.5034445524215698,308524000
2015-05-14 00:00:00-04:00,0.504886334576643,0.5142583401554082,0.503684768956585,0.5116149187088013,293052000
2015-05-15 00:00:00-04:00,0.5137777406235523,0.5161808147484205,0.5087313021494712,0.5118553042411804,215824000
2015-05-18 00:00:00-04:00,0.5106537483109216,0.5142583882141564,0.5082506741400342,0.5111343860626221,324972000
2015-05-19 00:00:00-04:00,0.5118105336343586,0.5135005243583053,0.506982136717735,0.5079478621482849,253808000
2015-05-20 00:00:00-04:00,0.5081892647264066,0.5142247896517019,0.5074649994330099,0.5079478621482849,196824000
2015-05-21 00:00:00-04:00,0.508189071109809,0.5103618661621789,0.5038434810050694,0.504326343536377,239692000
2015-05-22 00:00:00-04:00,0.5055334800983671,0.5074648151400124,0.5023950174864354,0.5036020874977112,212592000
2015-05-26 00:00:00-04:00,0.5011878102376447,0.5045676748027007,0.49660081829421077,0.5004635453224182,259732000
2015-05-27 00:00:00-04:00,0.5038435458362914,0.5296755146254374,0.5021536130977798,0.5272613167762756,432332000
2015-05-28 00:00:00-04:00,0.527261342861776,0.5361938695896967,0.5262956751861396,0.5345039367675781,327656000
2015-05-29 00:00:00-04:00,0.5345038212239184,0.5378836861375302,0.5335381537570303,0.5342624187469482,335168000
2015-06-01 00:00:00-04:00,0.5376422067193152,0.5456090629092786,0.5342623422893912,0.54029780626297,372660000
2015-06-02 00:00:00-04:00,0.5369180768282845,0.5398151371017585,0.5291926211383631,0.5296754837036133,224304000
2015-06-03 00:00:00-04:00,0.5311240287218882,0.5352281591849607,0.5229157102367281,0.5238814353942871,250788000
2015-06-04 00:00:00-04:00,0.5207429720549194,0.5349867561872513,0.5207429720549194,0.5332968235015869,323712000
2015-06-05 00:00:00-04:00,0.5316067222191709,0.5398150389823592,0.5260540627436333,0.5374008417129517,313320000
2015-06-08 00:00:00-04:00,0.5357111266048251,0.5393323951978166,0.519053141423595,0.5250886082649231,342812000
2015-06-09 00:00:00-04:00,0.5255713193344992,0.5316067844348669,0.5246056518255215,0.5277441143989563,256888000
2015-06-10 00:00:00-04:00,0.5214670089661014,0.5248468728585131,0.515431488393375,0.5183285474777222,529460000
2015-06-11 00:00:00-04:00,0.5183287747538914,0.5275027032785801,0.5183287747538914,0.5238814353942871,283052000
2015-06-12 00:00:00-04:00,0.5205014542193039,0.5236399167326541,0.508430466690653,0.5096375942230225,323728000
2015-06-15 00:00:00-04:00,0.5069817710540506,0.5110859572761398,0.5031191023539502,0.508671760559082,306548000
2015-06-16 00:00:00-04:00,0.507706251679265,0.5156731099886097,0.5026364536856873,0.514948844909668,256892000
2015-06-17 00:00:00-04:00,0.5147071906418424,0.5238811721151149,0.5135001211400355,0.5209841132164001,233544000
2015-06-18 00:00:00-04:00,0.525329950852416,0.5330553489833239,0.523881420715679,0.5296754837036133,299404000
2015-06-19 00:00:00-04:00,0.5296754457289936,0.5340209782686418,0.5231571181400166,0.5279855132102966,355656000
2015-06-22 00:00:00-04:00,0.5289510279254054,0.5318480871543636,0.5178457109597229,0.525812566280365,514236000
2015-06-23 00:00:00-04:00,0.5267780988677501,0.5308822266871638,0.5081887937237076,0.5122929215431213,414064000
2015-06-24 00:00:00-04:00,0.5115688999290744,0.5142245573247117,0.5048091703234642,0.50722336769104,253368000
2015-06-25 00:00:00-04:00,0.5072234972232765,0.514224688644878,0.5072234972232765,0.5110862255096436,350460000
2015-06-26 00:00:00-04:00,0.5069819890177976,0.5074648515923993,0.49853232565487693,0.5007050633430481,421296000
2015-06-29 00:00:00-04:00,0.494911014043539,0.49998086976167944,0.4850128202398157,0.4857370853424072,391724000
2015-06-30 00:00:00-04:00,0.48863399987709416,0.4908067947921535,0.4821156726909222,0.48549553751945496,315916000
2015-07-01 00:00:00-04:00,0.49756661382541706,0.5045677464010676,0.48815122615042683,0.4924967586994171,302892000
2015-07-02 00:00:00-04:00,0.4922553211579974,0.4961180484592502,0.4898411237895901,0.49297958612442017,145764000
2015-07-06 00:00:00-04:00,0.4888755616522051,0.49563529271611173,0.48332290075298834,0.48694416880607605,214776000
2015-07-07 00:00:00-04:00,0.4840471640904389,0.485978499370428,0.4625607569157174,0.47777020931243896,594252000
2015-07-08 00:00:00-04:00,0.4751145930259831,0.47801162462860564,0.47052759994061516,0.47439032793045044,332492000
2015-07-09 00:00:00-04:00,0.4818744281782515,0.4840472238055522,0.4656992773665581,0.46859630942344666,357588000
2015-07-10 00:00:00-04:00,0.4746316403788444,0.48114999622223864,0.4734245417085125,0.4768044352531433,216708000
2015-07-13 00:00:00-04:00,0.4816327904632159,0.4825984578085411,0.4768043961775897,0.47994285821914673,212472000
2015-07-14 00:00:00-04:00,0.4806671791435761,0.4811500128725169,0.4739074205998943,0.48018431663513184,249216000
2015-07-15 00:00:00-04:00,0.47897720134793975,0.4821156636467032,0.4724588742840479,0.4768044352531433,265732000
2015-07-16 00:00:00-04:00,0.4797015111921526,0.4874269664287567,0.4780115786514598,0.4874269664287567,282848000
2015-07-17 00:00:00-04:00,0.48573698029673057,0.48621978522136905,0.4782529283747946,0.48452985286712646,220372000
2015-07-20 00:00:00-04:00,0.48452993720375814,0.4864613299154995,0.4743903125339111,0.47559741139411926,188412000
2015-07-21 00:00:00-04:00,0.47463174631319344,0.48452996913092733,0.47463174631319344,0.47777020931243896,149720000
2015-07-22 00:00:00-04:00,0.47439040231673624,0.47439040231673624,0.46280224530966946,0.46859630942344666,356472000
2015-07-23 00:00:00-04:00,0.46956193233291027,0.4813914900350806,0.4685962359456975,0.47439032793045044,169916000
2015-07-24 00:00:00-04:00,0.4777700528946522,0.4782528865565739,0.46690616599366647,0.46883752942085266,188844000
2015-07-27 00:00:00-04:00,0.4647333445933278,0.4714931018096035,0.4608706467408115,0.4661818742752075,192420000
2015-07-28 00:00:00-04:00,0.46738911301304364,0.47946010138620077,0.46256071766378076,0.47632166743278503,198308000
2015-07-29 00:00:00-04:00,0.47535598608638385,0.48597847345746414,0.47342462212986863,0.4821157455444336,232680000
2015-07-30 00:00:00-04:00,0.48090863235202364,0.48815125416821414,0.48090863235202364,0.4833228588104248,190180000
2015-07-31 00:00:00-04:00,0.48525415474067085,0.48549555722136073,0.4787358272899785,0.48163285851478577,218340000
2015-08-03 00:00:00-04:00,0.4854955139347561,0.490323908472105,0.47921861830390344,0.489841103553772,397132000
2015-08-04 00:00:00-04:00,0.4881512942293736,0.4932210925034122,0.4862199013923463,0.4917725622653961,260100000
2015-08-05 00:00:00-04:00,0.5038435174147053,0.5043263799809065,0.49587665920597673,0.4968423843383789,234628000
2015-08-06 00:00:00-04:00,0.49563523683709876,0.4992565620409282,0.4854955838253878,0.4937039017677307,655676000
2015-08-07 00:00:00-04:00,0.5422292565556185,0.5641984352621654,0.5282268773333316,0.5547831058502197,1405248000
2015-08-10 00:00:00-04:00,0.5509203737250593,0.5782008094072336,0.5475404514038039,0.5740966796875,662304000
2015-08-11 00:00:00-04:00,0.565646818475661,0.5767521349621442,0.565646818475661,0.5711994767189026,435008000
2015-08-12 00:00:00-04:00,0.56202571050121,0.5767522974577431,0.56202571050121,0.5726481676101685,384048000
2015-08-13 00:00:00-04:00,0.573372554346917,0.5745796820896607,0.5663713630924532,0.5678198933601379,276884000
2015-08-14 00:00:00-04:00,0.5673371443855214,0.5716827360589721,0.5639572781233022,0.5683028697967529,214652000
2015-08-17 00:00:00-04:00,0.567336891379235,0.567336891379235,0.5576801020456488,0.5646812915802002,273880000
2015-08-18 00:00:00-04:00,0.5629359676900164,0.5668149485826167,0.5551780059048159,0.5595418810844421,287084000
2015-08-19 00:00:00-04:00,0.5588143796072503,0.5651177142012814,0.5512988386061289,0.5573597550392151,249248000
2015-08-20 00:00:00-04:00,0.551056218506951,0.5537229907036373,0.5345705757791295,0.5372374057769775,426932000
2015-08-21 00:00:00-04:00,0.5333585674388522,0.5423286742712098,0.5200245873575573,0.5205094814300537,382664000
2015-08-24 00:00:00-04:00,0.4914172255649677,0.5292372337295239,0.48487147270608183,0.5020844340324402,682284000
2015-08-25 00:00:00-04:00,0.5241460469565122,0.5260855656758037,0.4916597008705139,0.4916597008705139,622684000
2015-08-26 00:00:00-04:00,0.5076605587555356,0.5292373404031275,0.5037815783310748,0.5287524461746216,614976000
2015-08-27 00:00:00-04:00,0.534328256786384,0.5488743842311045,0.5311765900599106,0.5486319661140442,463764000
2015-08-28 00:00:00-04:00,0.548632089525464,0.5544505302519404,0.5447531097740848,0.551056444644928,320944000
2015-08-31 00:00:00-04:00,0.5483896898637028,0.5522686697460096,0.5428136671206095,0.5449955463409424,219352000
2015-09-01 00:00:00-04:00,0.5292374204447161,0.5382075315197441,0.5188126842653691,0.5226916074752808,353408000
2015-09-02 00:00:00-04:00,0.5369951396485687,0.5386921824185043,0.5280250316641163,0.538449764251709,344044000
2015-09-03 00:00:00-04:00,0.5464501085174592,0.5491169393946734,0.5389346255934483,0.5399043560028076,262556000
2015-09-04 00:00:00-04:00,0.5306919408327483,0.5391772146570106,0.5270554361946351,0.527297854423523,287972000
2015-09-08 00:00:00-04:00,0.5401468440336209,0.5520262020383521,0.537964964780588,0.5498442649841309,238448000
2015-09-09 00:00:00-04:00,0.5515413782860722,0.5561476128820837,0.5377225010944688,0.5389347076416016,289392000
2015-09-10 00:00:00-04:00,0.5357830237292157,0.5542081349579636,0.5333586685096748,0.5474199056625366,357076000
2015-09-11 00:00:00-04:00,0.5413590685740918,0.5527535327901274,0.539177131447237,0.5491170287132263,301584000
2015-09-14 00:00:00-04:00,0.5517838991291195,0.5534809423698722,0.5471776058749618,0.5500868558883667,192460000
2015-09-15 00:00:00-04:00,0.5503292525897553,0.5590569444872826,0.5486322094154025,0.5561476945877075,327976000
2015-09-16 00:00:00-04:00,0.5551779346175464,0.5631783136183751,0.5510565360112398,0.5600266456604004,173508000
2015-09-17 00:00:00-04:00,0.5697242513265978,0.574815440022949,0.5639058077605528,0.5651180148124695,268712000
2015-09-18 00:00:00-04:00,0.5573597677985064,0.5694815431409921,0.5539656822628471,0.5646328330039978,326412000
2015-09-21 00:00:00-04:00,0.5653601314344511,0.5716634660181382,0.5624508823031547,0.5704512596130371,281840000
2015-09-22 00:00:00-04:00,0.5580873027628058,0.5619662839802599,0.5520263837728077,0.5549356341362,228356000
2015-09-23 00:00:00-04:00,0.5554202896726261,0.5609963125179795,0.5532384104122792,0.5576022267341614,161632000
2015-09-24 00:00:00-04:00,0.5542081365954385,0.5740878725748857,0.545480446219067,0.5682694315910339,382440000
2015-09-25 00:00:00-04:00,0.5753000460753521,0.5835429004422521,0.5668148313168836,0.5723908543586731,369692000
2015-09-28 00:00:00-04:00,0.5723910277773129,0.5760275329752197,0.5612389783149716,0.5648754835128784,395584000
2015-09-29 00:00:00-04:00,0.5709361151584043,0.5757848248488264,0.56293573838909,0.5748150944709778,380736000
2015-09-30 00:00:00-04:00,0.5801488313940321,0.5983315276181725,0.5767547450538772,0.5976042151451111,556380000
2015-10-01 00:00:00-04:00,0.5976040033508646,0.5993010459195005,0.5689965822197395,0.5859671235084534,489296000
2015-10-02 00:00:00-04:00,0.5828154670618262,0.6012405753135681,0.5767545510916625,0.6012405753135681,386144000
2015-10-05 00:00:00-04:00,0.6051197465367364,0.623787278852077,0.6019680784807598,0.6162717938423157,482024000
2015-10-06 00:00:00-04:00,0.6097258595804107,0.6269387618978817,0.6073015046990269,0.6242719888687134,453216000
2015-10-07 00:00:00-04:00,0.6257265836841845,0.6371210453062152,0.6155442705447728,0.630817711353302,310152000
2015-10-08 00:00:00-04:00,0.628150916602025,0.6361512928330387,0.6174837097598902,0.6344542503356934,460068000
2015-10-09 00:00:00-04:00,0.6310602219338166,0.6371211386383072,0.6201506527873932,0.6320300102233887,423248000
2015-10-12 00:00:00-04:00,0.6327572874805988,0.6424547661165559,0.6281510530449144,0.6388182044029236,227588000
2015-10-13 00:00:00-04:00,0.6337271672605149,0.6439094259257496,0.6315452299174521,0.6400305032730103,298444000
2015-10-14 00:00:00-04:00,0.6407576434607444,0.6737289425289217,0.6400303889441623,0.6633042097091675,612148000
2015-10-15 00:00:00-04:00,0.6645163194334068,0.6785776130180651,0.6577281486002492,0.6650012135505676,526048000
2015-10-16 00:00:00-04:00,0.6671832101946444,0.6817293413994652,0.6654861095330135,0.6754260063171387,448396000
2015-10-19 00:00:00-04:00,0.6776081500276596,0.6807598185301699,0.6664561011420393,0.6742140054702759,294712000
2015-10-20 00:00:00-04:00,0.6713046575080289,0.6763957864628848,0.6662134707519815,0.6732441186904907,264824000
2015-10-21 00:00:00-04:00,0.677365417157445,0.6814868727144366,0.6633041811553446,0.6645163297653198,386280000
2015-10-22 00:00:00-04:00,0.672274220474745,0.6906993283187913,0.6713044901253062,0.6885173916816711,306884000
2015-10-23 00:00:00-04:00,0.69457844215055,0.697730109748009,0.6841537088207676,0.6931238174438477,381776000
2015-10-26 00:00:00-04:00,0.6936087240788169,0.6953057670000732,0.6836688269385014,0.6899721622467041,247436000
2015-10-27 00:00:00-04:00,0.6865781479020963,0.693851214522525,0.6860932536735895,0.6894873976707458,208268000
2015-10-28 00:00:00-04:00,0.6938512650352101,0.6950634717941284,0.6836689479048544,0.6950634717941284,217036000
2015-10-29 00:00:00-04:00,0.683911257609118,0.6909418470166759,0.6698499631916309,0.6710621118545532,327168000
2015-10-30 00:00:00-04:00,0.6783352699935801,0.6926389833205299,0.6732440835036216,0.6877902150154114,301160000
2015-11-02 00:00:00-05:00,0.6899720296345628,0.6965177818730875,0.6858506322177574,0.6957904696464539,190088000
2015-11-03 00:00:00-05:00,0.6916692422225864,0.6955482224509181,0.683184027161729,0.6909419298171997,376768000
2015-11-04 00:00:00-05:00,0.6890023716180598,0.6940934999379351,0.6763957021008242,0.6795473694801331,442264000
2015-11-05 00:00:00-05:00,0.6829413920076101,0.6848809105703899,0.6698498873638569,0.6717893481254578,478800000
2015-11-06 00:00:00-05:00,0.7382167482979964,0.7743396516290587,0.7229433075016729,0.7648846507072449,1172272000
2015-11-09 00:00:00-05:00,0.7573693638499895,0.763672699425549,0.750823552274545,0.7614907622337341,492568000
2015-11-10 00:00:00-05:00,0.7515510208564857,0.7556724778979287,0.7309440246552897,0.746944785118103,552260000
2015-11-11 00:00:00-05:00,0.7474292498478331,0.7527628532829251,0.7370045189073181,0.7396713495254517,619896000
2015-11-12 00:00:00-05:00,0.7379744875558214,0.7447627175565273,0.7338530890345185,0.7370047569274902,291080000
2015-11-13 00:00:00-05:00,0.7377320457596441,0.7408837135518395,0.7188220390064717,0.7224586009979248,292940000
2015-11-16 00:00:00-05:00,0.7319136277778562,0.7374896511422527,0.7260951284054814,0.7370047569274902,344280000
2015-11-17 00:00:00-05:00,0.7389442759853464,0.7433080927134337,0.7338530890345185,0.7370047569274902,257048000
2015-11-18 00:00:00-05:00,0.7400464830659842,0.7561080532099511,0.7320157270043324,0.7551345825195312,350216000
2015-11-19 00:00:00-05:00,0.757811669434154,0.7648689560118204,0.7517277376719746,0.7573249340057373,254072000
2015-11-20 00:00:00-05:00,0.7629221583599306,0.7682760161864568,0.7582983746925068,0.763895571231842,239744000
2015-11-23 00:00:00-05:00,0.7702229210514301,0.7702229210514301,0.7497810165586929,0.7524579167366028,242552000
2015-11-24 00:00:00-05:00,0.7524578900387343,0.7651124322865533,0.7490509157476075,0.7585418224334717,195428000
2015-11-25 00:00:00-05:00,0.7570816223452275,0.7660857929375212,0.7548913998701261,0.7575682997703552,138300000
2015-11-27 00:00:00-05:00,0.7590284488516092,0.7663291324219584,0.7551347393432879,0.763895571231842,86996000
2015-11-30 00:00:00-05:00,0.7646255416518766,0.7753332558521809,0.7638954675918255,0.77192622423172,327244000
2015-12-01 00:00:00-05:00,0.778740151085185,0.7977219586949862,0.7780100770986033,0.7969918847084045,409496000
2015-12-02 00:00:00-05:00,0.7982087212409266,0.8064828166115052,0.7892045518058065,0.7909080386161804,294240000
2015-12-03 00:00:00-05:00,0.7972352944159646,0.8055093896404233,0.7853108289332643,0.7892045378684998,246656000
2015-12-04 00:00:00-05:00,0.7892044262448003,0.8227875957880113,0.7892044262448003,0.8213274478912354,458756000
2015-12-07 00:00:00-05:00,0.8210842533821885,0.8210842533821885,0.8033192529011418,0.8057528138160706,333588000
2015-12-08 00:00:00-05:00,0.7957752193126789,0.8201108298644814,0.7906647585030021,0.8167038559913635,314488000
2015-12-09 00:00:00-05:00,0.8164605608340939,0.8213276832040193,0.7877445040391292,0.7960186004638672,372676000
2015-12-10 00:00:00-05:00,0.7984520130177563,0.8069695045899404,0.7957751136188022,0.8025891184806824,236596000
2015-12-11 00:00:00-05:00,0.79455844162036,0.8001556376649539,0.7889612455757662,0.7906647324562073,227320000
2015-12-14 00:00:00-05:00,0.791394787915342,0.7969919838281354,0.7831206343786024,0.7926115393638611,275892000
2015-12-15 00:00:00-05:00,0.8016159168679092,0.8079431884991505,0.7972355292881875,0.8023459911346436,307296000
2015-12-16 00:00:00-05:00,0.8040493730029219,0.8098899663710726,0.796992086050867,0.8072130084037781,236356000
2015-12-17 00:00:00-05:00,0.8084296914800093,0.8167037867621204,0.794558400443372,0.7950450778007507,254160000
2015-12-18 00:00:00-05:00,0.7894482725032405,0.7974790330786347,0.7811741731288028,0.7821475863456726,395896000
2015-12-21 00:00:00-05:00,0.7906647290249812,0.8013723856644308,0.7836073848218729,0.8006423115730286,284216000
2015-12-22 00:00:00-05:00,0.8030760749832939,0.8094033466900291,0.7965054645249718,0.8013725876808167,130012000
2015-12-23 00:00:00-05:00,0.8025892189765544,0.8076996797473703,0.8011290707504151,0.8045360445976257,122524000
2015-12-24 00:00:00-05:00,0.8021025472273225,0.8091598922000538,0.8008857376020656,0.8072130084037781,52448000
2015-12-28 00:00:00-05:00,0.7986954911810185,0.8064828515052795,0.7875010990679309,0.8064828515052795,142024000
2015-12-29 00:00:00-05:00,0.8069695856715572,0.8220576869339628,0.8047793633865297,0.819624125957489,203660000
2015-12-30 00:00:00-05:00,0.8188940271542032,0.825951371179239,0.8123234185180443,0.8125667572021484,180344000
2015-12-31 00:00:00-05:00,0.8113501334648969,0.8150004463836802,0.8021025657653809,0.8021025657653809,148528000
2016-01-04 00:00:00-05:00,0.7857975773957274,0.7928548633114254,0.7797136462042163,0.787744402885437,358076000
2016-01-05 00:00:00-05:00,0.802589108240783,0.8137834990690966,0.790907982064022,0.8003988862037659,490272000
2016-01-06 00:00:00-05:00,0.7872577388782703,0.7909081095282663,0.7582983444641046,0.7673025727272034,449344000
2016-01-07 00:00:00-05:00,0.7480774395802998,0.7531879590020822,0.7271488004795731,0.7368831038475037,645304000
2016-01-08 00:00:00-05:00,0.7463740131557556,0.7471040874182506,0.7196048362734412,0.7210649847984314,398472000
2016-01-11 00:00:00-05:00,0.7217950765105697,0.7273922739778906,0.7093838717687911,0.7222817540168762,409372000
2016-01-12 00:00:00-05:00,0.7351794607024813,0.7451571014679891,0.7293389258767397,0.7344493865966797,469356000
2016-01-13 00:00:00-05:00,0.7400466137314299,0.7449137939809068,0.7113306157897596,0.7120606899261475,481672000
2016-01-14 00:00:00-05:00,0.6974593091189062,0.7057334638452069,0.6770174060754021,0.6977027058601379,600236000
2016-01-15 00:00:00-05:00,0.669716718851788,0.6777474767958361,0.6483013449941004,0.659739077091217,841452000
2016-01-19 00:00:00-05:00,0.6733669211948011,0.6923487306815865,0.6624158683338608,0.6650928258895874,457140000
2016-01-20 00:00:00-05:00,0.6524381654236453,0.6772605047637494,0.6436773363612169,0.6687430143356323,481180000
2016-01-21 00:00:00-05:00,0.6760439222040968,0.6869949177482587,0.6621725722164626,0.6765305995941162,481456000
2016-01-22 00:00:00-05:00,0.6894286005185755,0.6969726816029288,0.6879684520493019,0.6923488974571228,257996000
2016-01-25 00:00:00-05:00,0.6921055952902848,0.7001363542749569,0.6901587112214853,0.6916188597679138,270728000
2016-01-26 00:00:00-05:00,0.6930787659648221,0.7013528608071268,0.6860214224719556,0.6984325647354126,227944000
2016-01-27 00:00:00-05:00,0.6974593494046272,0.6996495720781576,0.677017445180385,0.6901586651802063,231700000
2016-01-28 00:00:00-05:00,0.6957556011504986,0.6981891616454866,0.6692297743489324,0.6826143860816956,276776000
2016-01-29 00:00:00-05:00,0.6884551157347922,0.7142508759323254,0.6857782158341328,0.7127907276153564,310504000
2016-02-01 00:00:00-05:00,0.7120605019813415,0.7166842262638242,0.7059765717908234,0.71303391456604,289884000
2016-02-02 00:00:00-05:00,0.7057333910270452,0.7093837035414285,0.6779907490226444,0.682857871055603,341908000
2016-02-03 00:00:00-05:00,0.6882116964813277,0.6923487442148007,0.6704466960854721,0.6862648129463196,326772000
2016-02-04 00:00:00-05:00,0.687238373734493,0.7020831390563987,0.6796943507156106,0.6865083575248718,348140000
2016-02-05 00:00:00-05:00,0.6818843094762232,0.6894283295751157,0.641243797149565,0.6431906223297119,600428000
2016-02-08 00:00:00-05:00,0.6334565639565044,0.6366201993065244,0.6047405070934551,0.6137447357177734,608852000
2016-02-09 00:00:00-05:00,0.6064439627932509,0.64611101015979,0.6035236665863727,0.6203152537345886,425372000
2016-02-10 00:00:00-05:00,0.6242092163852805,0.6422175622588945,0.615448382224398,0.618855357170105,335800000
2016-02-11 00:00:00-05:00,0.6030370599920729,0.6220188733490717,0.6030370599920729,0.615691602230072,340144000
2016-02-12 00:00:00-05:00,0.6254257196086617,0.6273726031040254,0.6023068624881377,0.6261557936668396,340816000
2016-02-16 00:00:00-05:00,0.6351600360268908,0.6577922183903503,0.633213210328432,0.6568187475204468,485352000
2016-02-17 00:00:00-05:00,0.6650927823934651,0.6794508079092442,0.6624158250128077,0.6731235384941101,771468000
2016-02-18 00:00:00-05:00,0.7283653667224175,0.7539177812291074,0.7276352927633126,0.7310422658920288,1068660000
2016-02-19 00:00:00-05:00,0.7271488217780007,0.747347445287919,0.7215516247373194,0.740776777267456,525628000
2016-02-22 00:00:00-05:00,0.7514846021254297,0.775576880942067,0.7500244534661142,0.7670593857765198,449668000
2016-02-23 00:00:00-05:00,0.7609753159216134,0.7763067568850687,0.757324945206184,0.769006073474884,369380000
2016-02-24 00:00:00-05:00,0.7658425647119006,0.7755768108669063,0.7446705271061476,0.7743600010871887,336852000
2016-02-25 00:00:00-05:00,0.777280013145209,0.779956912450121,0.7621919139288647,0.7760632038116455,349616000
2016-02-26 00:00:00-05:00,0.7797138927112438,0.7816607188164436,0.7631656387343004,0.7709530591964722,361964000
2016-02-29 00:00:00-05:00,0.7720521289307024,0.7820660649456499,0.7654575800201692,0.7659460306167603,323344000
2016-03-01 00:00:00-05:00,0.7678998663237397,0.799895703792572,0.7666786235929628,0.799895703792572,348700000
2016-03-02 00:00:00-05:00,0.7954993079976086,0.8074672190144778,0.7940338399984721,0.8045362830162048,233812000
2016-03-03 00:00:00-05:00,0.8035591430971838,0.8069785288383515,0.7867063813602264,0.7974531054496765,302004000
2016-03-04 00:00:00-05:00,0.8035592708419047,0.8042920047932183,0.7889047082797432,0.7950108051300049,175304000
2016-03-07 00:00:00-05:00,0.7906143805651318,0.7959877433223265,0.7796234298174324,0.7898816466331482,239968000
2016-03-08 00:00:00-05:00,0.7818214714970397,0.7864620993718544,0.7730287243460378,0.7754711508750916,274940000
2016-03-09 00:00:00-05:00,0.7823102109794032,0.7835313954883182,0.7649689367427503,0.7749829292297363,222788000
2016-03-10 00:00:00-05:00,0.7796234433841079,0.7840198470525135,0.7581301084454187,0.7737616300582886,286084000
2016-03-11 00:00:00-05:00,0.7852409548707183,0.7871949312767474,0.7759597561962397,0.7869506478309631,277400000
2016-03-14 00:00:00-04:00,0.7832871974170148,0.7920799474681802,0.7796235272990039,0.7889047861099243,190312000
2016-03-15 00:00:00-04:00,0.7847526419233497,0.7898817217026429,0.7710750376131754,0.7849968671798706,226216000
2016-03-16 00:00:00-04:00,0.7791348442583944,0.8111306735564611,0.7754711752337119,0.8084439635276794,363644000
2016-03-17 00:00:00-04:00,0.8055129392967465,0.8094207745660194,0.7906140989625202,0.8016050457954407,353680000
2016-03-18 00:00:00-04:00,0.8111307773684358,0.8365320056730315,0.8060016400774316,0.8257853388786316,545512000
2016-03-21 00:00:00-04:00,0.8184580508212937,0.8284719836276351,0.8096653023472146,0.8282277584075928,337780000
2016-03-22 00:00:00-04:00,0.8255413723039615,0.8326243718239374,0.8165043374657989,0.8267625570297241,242012000
2016-03-23 00:00:00-04:00,0.8304259934254762,0.8470344736961897,0.8267623238174935,0.8409284353256226,429008000
2016-03-24 00:00:00-04:00,0.8333570434537816,0.8436152622483816,0.8306703906729365,0.8421497941017151,244956000
2016-03-28 00:00:00-04:00,0.8406841812555543,0.8543617845501282,0.8397072220699536,0.8506981730461121,265388000
2016-03-29 00:00:00-04:00,0.8470344971867275,0.8663296884490868,0.8450805788296514,0.8643757700920105,261812000
2016-03-30 00:00:00-04:00,0.8675512111374081,0.8853809402712784,0.8670627022744236,0.8734130263328552,376700000
2016-03-31 00:00:00-04:00,0.8773205847878239,0.8792745030233917,0.8633987572212632,0.8702375292778015,379884000
2016-04-01 00:00:00-04:00,0.8648641997829416,0.883426714889389,0.8582696526962054,0.8829382061958313,348292000
2016-04-04 00:00:00-04:00,0.8902656345183502,0.8949062640628428,0.8709704405268872,0.8743898272514343,393940000
2016-04-05 00:00:00-04:00,0.8665740399219256,0.8812286034461736,0.8631545951806205,0.8731685876846313,339568000
2016-04-06 00:00:00-04:00,0.8621776902122925,0.8748783360258251,0.8458134324030487,0.8743898272514343,453376000
2016-04-07 00:00:00-04:00,0.8687720763064835,0.8765878658461951,0.861689078907675,0.8653526902198792,378104000
2016-04-08 00:00:00-04:00,0.8724360154698425,0.8780536050190698,0.8624220211088355,0.8709705471992493,255936000
2016-04-11 00:00:00-04:00,0.8760993244539954,0.8907539438518411,0.8734126723765477,0.8763436079025269,387524000
2016-04-12 00:00:00-04:00,0.8792745243405354,0.8804957669414113,0.8582696407547097,0.8753666877746582,292764000
2016-04-13 00:00:00-04:00,0.8792744587227043,0.8975926887444372,0.8792744587227043,0.8973484635353088,350716000
2016-04-14 00:00:00-04:00,0.8949062666530536,0.9036990169930981,0.8912425964146756,0.8997911214828491,416564000
2016-04-15 00:00:00-04:00,0.8995467793380962,0.9149340758759762,0.8966158435281932,0.9068740606307983,436972000
2016-04-18 00:00:00-04:00,0.9051643434999221,0.9051643434999221,0.8941733927360885,0.9029661417007446,307320000
2016-04-19 00:00:00-04:00,0.9063856026037166,0.9080952958444146,0.8812285962687827,0.8868461847305298,309152000
2016-04-20 00:00:00-04:00,0.8853806701759875,0.895638887312691,0.8844037109801243,0.8902655243873596,200172000
2016-04-21 00:00:00-04:00,0.8905097290634602,0.8946619074560886,0.8853806497295839,0.8892885446548462,178280000
2016-04-22 00:00:00-04:00,0.8922191671148545,0.8983252034779722,0.8829379126473497,0.8858688473701477,223540000
2016-04-25 00:00:00-04:00,0.8861134041308989,0.8951503785987316,0.8836709770252129,0.8902655243873596,191972000
2016-04-26 00:00:00-04:00,0.8956388731827915,0.9058970901576578,0.887090349331727,0.8909982442855835,214536000
2016-04-27 00:00:00-04:00,0.8887999118033246,0.9117587694452945,0.8870902189308448,0.911270260810852,352396000
2016-04-28 00:00:00-04:00,0.905652900729284,0.9110262641278003,0.8819613615410293,0.884159505367279,381224000
2016-04-29 00:00:00-04:00,0.8804958740381973,0.8824497925587956,0.8582697451480793,0.8677952289581299,321904000
2016-05-02 00:00:00-04:00,0.8760995049128765,0.8846480298031066,0.8719473842171859,0.8792746663093567,256076000
2016-05-03 00:00:00-04:00,0.869260538533853,0.8729241496502628,0.8612005241992928,0.868772029876709,224024000
2016-05-04 00:00:00-04:00,0.8582696126993808,0.8590023465895441,0.840195665360821,0.84898841381073,525764000
2016-05-05 00:00:00-04:00,0.8560715489405737,0.8641315642505125,0.8477672501564765,0.8541175723075867,246884000
2016-05-06 00:00:00-04:00,0.8526521719029445,0.8651085919493483,0.8509424786087441,0.8629103899002075,183240000
2016-05-09 00:00:00-04:00,0.8651084170211029,0.8687720281301474,0.8546059758860338,0.861689031124115,333336000
2016-05-10 00:00:00-04:00,0.8670625093171517,0.8797631546075961,0.8587582681189659,0.8782976865768433,269676000
2016-05-11 00:00:00-04:00,0.880984270354459,0.8905096947168296,0.8760993582122497,0.8807399868965149,328176000
2016-05-12 00:00:00-04:00,0.8870902601549043,0.8909981547159106,0.8531405098647328,0.868772029876709,670540000
2016-05-13 00:00:00-04:00,0.9571879077948917,1.0013958715093194,0.9525473378607052,1.0009074211120605,2110256000
2016-05-16 00:00:00-04:00,0.9933359231874204,1.0453597372437033,0.9901607624675172,1.0304608345031738,973032000
2016-05-17 00:00:00-04:00,1.0258207578367857,1.039986876089168,1.0126316574330425,1.032659649848938,628392000
2016-05-18 00:00:00-04:00,1.0258207132284018,1.0710057777562882,1.0258207132284018,1.0590378046035767,541072000
2016-05-19 00:00:00-04:00,1.0548852187188118,1.0712495910080002,1.0534198672695017,1.0636780261993408,398880000
2016-05-20 00:00:00-04:00,1.0702725630620997,1.08712538566881,1.0685628699239245,1.0827289819717407,391084000
2016-05-23 00:00:00-04:00,1.0873697369495507,1.0915217994246407,1.077844252733817,1.0844388008117676,413636000
2016-05-24 00:00:00-04:00,1.0877438295386703,1.1141906190068704,1.0848052844014842,1.1107622385025024,415788000
2016-05-25 00:00:00-04:00,1.1141910397735206,1.118843601770185,1.0972944572370587,1.1061100959777832,458076000
2016-05-26 00:00:00-04:00,1.1080694103924695,1.1259454357030703,1.104886003826203,1.1178644895553589,309964000
2016-05-27 00:00:00-04:00,1.1190892989367116,1.1257009738687669,1.1154160553782178,1.123986840248108,277416000
2016-05-31 00:00:00-04:00,1.1288842311764795,1.146515400902109,1.128149535856014,1.144066572189331,412524000
2016-06-01 00:00:00-04:00,1.1386786927301624,1.1572892903981942,1.1352504278114859,1.1462699174880981,387132000
2016-06-02 00:00:00-04:00,1.1523922441987136,1.1641464338121157,1.1411278903302473,1.1543513536453247,329208000
2016-06-03 00:00:00-04:00,1.1430864936401144,1.1445556499247094,1.1181089685377694,1.1381888389587402,461076000
2016-06-06 00:00:00-04:00,1.1411278227423955,1.1499434644303057,1.1264352033624383,1.132312297821045,322512000
2016-06-07 00:00:00-04:00,1.1391688001529752,1.145535613393134,1.1340264010205137,1.1345161199569702,193400000
2016-06-08 00:00:00-04:00,1.1347606696546835,1.1389236297778143,1.1215373278476586,1.130842685699463,234616000
2016-06-09 00:00:00-04:00,1.1269246814634166,1.161942027328396,1.1244758539605813,1.16022789478302,472168000
2016-06-10 00:00:00-04:00,1.1465146062994531,1.1567993995253567,1.129862886186301,1.1313321590423584,400024000
2016-06-13 00:00:00-04:00,1.1325570990598388,1.168064289927269,1.1325570990598388,1.1457804441452026,475588000
2016-06-14 00:00:00-04:00,1.1430868460655959,1.1533716438277564,1.130353220207749,1.1479843854904175,298344000
2016-06-15 00:00:00-04:00,1.1575345696343593,1.1697783594402886,1.1448009441642792,1.1597384214401245,301036000
2016-06-16 00:00:00-04:00,1.1511673435544982,1.1663496748276894,1.139902995588419,1.1643906831741333,246456000
2016-06-17 00:00:00-04:00,1.1658607040200513,1.166105563538013,1.139413891048317,1.144066572189331,471000000
2016-06-20 00:00:00-04:00,1.1624320449981447,1.1795733731373041,1.161697349925586,1.1646358966827393,293768000
2016-06-21 00:00:00-04:00,1.1695334095238765,1.1727168156451486,1.1558202305528051,1.1575344800949097,212508000
2016-06-22 00:00:00-04:00,1.1599834420739454,1.1675746698743783,1.154596183152076,1.15655517578125,202620000
2016-06-23 00:00:00-04:00,1.1675746208831022,1.1886340534878392,1.1668399256988877,1.1874096393585205,297880000
2016-06-24 00:00:00-04:00,1.1386792777355665,1.1597387136029695,1.1092940346787126,1.119823694229126,1017684000
2016-06-27 00:00:00-04:00,1.1105182543825065,1.1190890372481992,1.0914178127045422,1.107824683189392,449088000
2016-06-28 00:00:00-04:00,1.1288843815595042,1.1301086793124067,1.108559520895582,1.123986840248108,381920000
2016-06-29 00:00:00-04:00,1.1337812031061005,1.1511675045924208,1.1308426568314378,1.1423518657684326,318932000
2016-06-30 00:00:00-04:00,1.1443114574960949,1.1582695012337032,1.1350062117709385,1.1511681079864502,430940000
2016-07-01 00:00:00-04:00,1.1448010480493498,1.1597385266806979,1.1386790942075746,1.1425970792770386,218488000
2016-07-05 00:00:00-04:00,1.136230399988493,1.1614527967437718,1.1271700146591792,1.1594938039779663,371084000
2016-07-06 00:00:00-04:00,1.151412641517276,1.173696486577027,1.1455355475513704,1.166839838027954,273104000
2016-07-07 00:00:00-04:00,1.174675652132861,1.2013673114805743,1.169288395090447,1.197204351425171,395400000
2016-07-08 00:00:00-04:00,1.2099385340172506,1.2510779677441257,1.2052858530144148,1.2452008724212646,481932000
2016-07-11 00:00:00-04:00,1.2630765236187358,1.2831563986926344,1.261607250227165,1.2738511562347412,448776000
2016-07-12 00:00:00-04:00,1.2880542823647902,1.3047058947261958,1.2718922721984631,1.2929518222808838,436760000
2016-07-13 00:00:00-04:00,1.2954004191435804,1.3027467867504563,1.2905028796611806,1.29246187210083,324604000
2016-07-14 00:00:00-04:00,1.2993184665726907,1.317439350224784,1.2885438334543837,1.3056851625442505,316892000
2016-07-15 00:00:00-04:00,1.2890337513680217,1.2963801198025717,1.2694435912313082,1.2905030250549316,428616000
2016-07-18 00:00:00-04:00,1.3064197310095707,1.308378723177567,1.2922168334501591,1.297114372253418,252992000
2016-07-19 00:00:00-04:00,1.2963797408099516,1.3157250358044037,1.2939309131254872,1.3105826377868652,382652000
2016-07-20 00:00:00-04:00,1.3149909464123766,1.3348260861387262,1.309603686498592,1.327724575996399,296460000
2016-07-21 00:00:00-04:00,1.3247857557276939,1.3289487171459435,1.2988287828410647,1.3032366037368774,361308000
2016-07-22 00:00:00-04:00,1.3078889435539676,1.3387434482574463,1.298338725816399,1.3387434482574463,315768000
2016-07-25 00:00:00-04:00,1.3468249007317155,1.3666599219295024,1.3409478055175974,1.3634765148162842,312528000
2016-07-26 00:00:00-04:00,1.3754756141992415,1.3938413622537502,1.3735166213129675,1.38673996925354,514508000
2016-07-27 00:00:00-04:00,1.398738605666972,1.4011874338294532,1.36445582875811,1.3727816343307495,446676000
2016-07-28 00:00:00-04:00,1.3759650027743322,1.3860049410760287,1.371557182263874,1.3757201433181763,221916000
2016-07-29 00:00:00-04:00,1.380862486575836,1.4019219169221273,1.3561299310020587,1.3982487916946411,409588000
2016-08-01 00:00:00-04:00,1.4041257630196837,1.4092681612430111,1.3801277878776206,1.3891881704330444,301120000
2016-08-02 00:00:00-04:00,1.3957999446143337,1.3965346397097131,1.3590684593085964,1.3722918033599854,282748000
2016-08-03 00:00:00-04:00,1.370577384650167,1.3786583284147438,1.3629861596693464,1.375964641571045,299828000
2016-08-04 00:00:00-04:00,1.3825763433468363,1.4077987295424865,1.3798827732090109,1.401431918144226,272712000
2016-08-05 00:00:00-04:00,1.41759445177971,1.425920258916193,1.4107379184633804,1.4251856803894043,371588000
2016-08-08 00:00:00-04:00,1.4447755454043498,1.4482038113580133,1.4232262783148197,1.4384087324142456,305064000
2016-08-09 00:00:00-04:00,1.4455098358962042,1.4560396078852758,1.43840844594456,1.4420815706253052,372344000
2016-08-10 00:00:00-04:00,1.454815073270515,1.457018924542662,1.4281234147826445,1.4327760934829712,375740000
2016-08-11 00:00:00-04:00,1.440367655035167,1.4680387575484217,1.4374291081411574,1.4619168043136597,681064000
2016-08-12 00:00:00-04:00,1.5157897419077,1.5520315062416696,1.4846903758792418,1.543705701828003,1425744000
2016-08-15 00:00:00-04:00,1.5454203313027668,1.5549705526967244,1.5214223480640976,1.5422369241714478,573304000
2016-08-16 00:00:00-04:00,1.5400325992164825,1.5424813103070876,1.528278529095192,1.5329312086105347,287652000
2016-08-17 00:00:00-04:00,1.5329313121906816,1.5363595780091,1.4854250760976326,1.4974240064620972,595212000
2016-08-18 00:00:00-04:00,1.495220326230558,1.5231362916456952,1.4893432317151352,1.5206875801086426,331684000
2016-08-19 00:00:00-04:00,1.519952594725102,1.5361144847903636,1.5133409230408168,1.5246052742004395,291560000
2016-08-22 00:00:00-04:00,1.5292581094021476,1.533176210985567,1.5111372252826647,1.5309722423553467,244748000
2016-08-23 00:00:00-04:00,1.546550578960426,1.55341974585514,1.538945363051721,1.5433613061904907,339764000
2016-08-24 00:00:00-04:00,1.5487580969589274,1.549494028747874,1.5124494381254407,1.519563913345337,298448000
2016-08-25 00:00:00-04:00,1.5200548051188405,1.5207907369821518,1.490615424915817,1.5095056295394897,406032000
2016-08-26 00:00:00-04:00,1.5134314741496346,1.5303590826806273,1.5014103137020052,1.5217726230621338,300024000
2016-08-29 00:00:00-04:00,1.5279056481744862,1.5340387659247405,1.5183378300682153,1.5207910537719727,274652000
2016-08-30 00:00:00-04:00,1.5188281219771025,1.5269239573124342,1.5077883252504327,1.5119589567184448,285544000
2016-08-31 00:00:00-04:00,1.5149035818127126,1.5190740981261959,1.5004291961152594,1.5048450231552124,388544000
2016-09-01 00:00:00-04:00,1.5060715678727343,1.5548919078116512,1.5048448973611777,1.5492494106292725,428492000
2016-09-02 00:00:00-04:00,1.5524384865099297,1.5541557782152062,1.516620554392193,1.534038782119751,323148000
2016-09-06 00:00:00-04:00,1.539436094126588,1.5485131740570068,1.531585567577493,1.5485131740570068,306812000
2016-09-07 00:00:00-04:00,1.5436067956643498,1.5512120124539692,1.5168660570203711,1.5256978273391724,397988000
2016-09-08 00:00:00-04:00,1.524225898156491,1.5391910215407736,1.5068076676301008,1.5367376804351807,315808000
2016-09-09 00:00:00-04:00,1.5198095170525836,1.5283959738271353,1.4474376185765034,1.460194706916809,697760000
2016-09-12 00:00:00-04:00,1.4408140094896926,1.4933142355524662,1.4062226319043274,1.490370273590088,598260000
2016-09-13 00:00:00-04:00,1.4866906787332295,1.5038637156476427,1.4604405604206174,1.4687817096710205,471768000
2016-09-14 00:00:00-04:00,1.4722160486627207,1.4866904313296807,1.4599496960351916,1.4817838668823242,319048000
2016-09-15 00:00:00-04:00,1.484237207368533,1.5396813973133034,1.4808025069723603,1.537964105606079,515212000
2016-09-16 00:00:00-04:00,1.5433609108211062,1.5517020566252897,1.5239799684889725,1.5416436195373535,902444000
2016-09-19 00:00:00-04:00,1.557835602891845,1.601013438238228,1.5507211257129283,1.5620062351226807,417128000
2016-09-20 00:00:00-04:00,1.5799152127554779,1.5799152127554779,1.539190717692266,1.5477771759033203,331112000
2016-09-21 00:00:00-04:00,1.5524383419368524,1.5941441942926042,1.552193031284904,1.5912002325057983,336212000
2016-09-22 00:00:00-04:00,1.6005226194395052,1.6054291830565643,1.5860482392219253,1.5951253175735474,308732000
2016-09-23 00:00:00-04:00,1.5970881183950998,1.6017492546355614,1.5862936310920857,1.5934081077575684,276132000
2016-09-26 00:00:00-04:00,1.5752541350376703,1.58482195396183,1.5585718380845504,1.5784434080123901,230040000
2016-09-27 00:00:00-04:00,1.5723099733285213,1.634868754440531,1.5715740413423447,1.6324154138565063,402752000
2016-09-28 00:00:00-04:00,1.6348690536437422,1.6395303080210872,1.6174507066508719,1.6383036375045776,319788000
2016-09-29 00:00:00-04:00,1.635604586720891,1.658665542274406,1.6203942737649946,1.6535135507583618,336684000
2016-09-30 00:00:00-04:00,1.6625908730313927,1.697427561167242,1.6527777445106475,1.6809905767440796,429932000
2016-10-03 00:00:00-04:00,1.6809905370927751,1.7052780471559823,1.6763292836081132,1.6792731285095215,242596000
2016-10-04 00:00:00-04:00,1.6817264914582428,1.7099392064200132,1.66308147727141,1.6755932569503784,281624000
2016-10-05 00:00:00-04:00,1.6898225311864663,1.7069955664744723,1.668724290851807,1.673876166343689,305440000
2016-10-06 00:00:00-04:00,1.653759323157607,1.6640630743743674,1.6255464871880367,1.652042031288147,360212000
2016-10-07 00:00:00-04:00,1.6630814485928946,1.6674973914002138,1.635359355435649,1.6400206089019775,286260000
2016-10-10 00:00:00-04:00,1.6486067923848489,1.657438676528989,1.6306978304600996,1.6461535692214966,287876000
2016-10-11 00:00:00-04:00,1.6407569558074753,1.6432101798247696,1.6098454675247087,1.6223572492599487,388540000
2016-10-12 00:00:00-04:00,1.6157329944648269,1.6383032113783882,1.602239973238003,1.6297167539596558,419920000
2016-10-13 00:00:00-04:00,1.6105810820844753,1.6142609756084552,1.5627419983459125,1.6032211780548096,390116000
2016-10-14 00:00:00-04:00,1.6228476767514617,1.6338874759644741,1.6093546538142929,1.618922472000122,330636000
2016-10-17 00:00:00-04:00,1.618677144673341,1.6338874591554564,1.6073920349021837,1.6095999479293823,195328000
2016-10-18 00:00:00-04:00,1.6319248298909828,1.6434552501437334,1.6253009739368862,1.634132742881775,269372000
2016-10-19 00:00:00-04:00,1.623093223861671,1.638303539619695,1.614751958433169,1.630698323249817,199060000
2016-10-20 00:00:00-04:00,1.6498337994994436,1.6670068330779495,1.6265276482687838,1.6616095304489136,312084000
2016-10-21 00:00:00-04:00,1.6557217768647967,1.6598922923234989,1.6412473941339862,1.656948447227478,279508000
2016-10-24 00:00:00-04:00,1.6682339595911828,1.7366805679906832,1.6679885318740686,1.7347179651260376,339836000
2016-10-25 00:00:00-04:00,1.731773734022629,1.7737249047952508,1.7234325854039223,1.7631757259368896,397460000
2016-10-26 00:00:00-04:00,1.748455613328938,1.7896708421578749,1.7467383218762078,1.7702898979187012,333792000
2016-10-27 00:00:00-04:00,1.7837828157191398,1.7872173984259272,1.7268666564692219,1.7339811325073242,388664000
2016-10-28 00:00:00-04:00,1.742322486499889,1.7688179070379089,1.7278481060625657,1.7310373783111572,290856000
2016-10-31 00:00:00-04:00,1.7366803816783796,1.757288002000739,1.7356990218604615,1.7457575798034668,252388000
2016-11-01 00:00:00-04:00,1.7521354414093473,1.7617032572133027,1.6753476043645312,1.6939926147460938,473224000
2016-11-02 00:00:00-04:00,1.7069955594547057,1.7300564022178575,1.6839345997098223,1.6868785619735718,295848000
2016-11-03 00:00:00-04:00,1.6947290883172414,1.696201069448509,1.634868951245377,1.6672523021697998,309664000
2016-11-04 00:00:00-04:00,1.656212702490444,1.6861428331372077,1.6333971676689194,1.6576846837997437,328780000
2016-11-07 00:00:00-05:00,1.7062592878705576,1.7594955614215628,1.7050326175903534,1.7484557628631592,487580000
2016-11-08 00:00:00-05:00,1.7550799716558583,1.7607225858908424,1.7295659031891286,1.7457575798034668,429884000
2016-11-09 00:00:00-05:00,1.6984088074279138,1.7393787302214427,1.6858971445755786,1.7163177728652954,456532000
2016-11-10 00:00:00-05:00,1.7538529705457848,1.7540982811922288,1.6378126120947283,1.662590742111206,869280000
2016-11-11 00:00:00-05:00,1.9506068911698624,2.1777809866599944,1.925828637688048,2.1581547260284424,2175344000
2016-11-14 00:00:00-05:00,2.1610981673731238,2.163551507851318,2.0514364683882085,2.051927089691162,1348796000
2016-11-15 00:00:00-05:00,2.06787414289019,2.1453979541713646,2.059042254095704,2.1144866943359375,626092000
2016-11-16 00:00:00-05:00,2.1426987136539593,2.2707600061840796,2.1184112029365116,2.2479445934295654,987984000
2016-11-17 00:00:00-05:00,2.2646276368821363,2.3254691476039513,2.2239030112479936,2.2665903568267822,832988000
2016-11-18 00:00:00-05:00,2.266589549597277,2.3141830931787912,2.252115167805573,2.290386438369751,576060000
2016-11-21 00:00:00-05:00,2.308295747972005,2.3146742940182814,2.2668350816894716,2.28106427192688,436436000
2016-11-22 00:00:00-05:00,2.2889148656189753,2.299709239038085,2.2663446419510276,2.2975013256073,330368000
2016-11-23 00:00:00-05:00,2.3026610226312614,2.3402524508351905,2.279320089842876,2.3088035583496094,443236000
2016-11-25 00:00:00-05:00,2.319859412539915,2.3365666845024604,2.295043948229335,2.3134713172912598,195564000
2016-11-28 00:00:00-05:00,2.3063457693512066,2.3277212709806245,2.2997118798664973,2.3122425079345703,278736000
2016-11-29 00:00:00-05:00,2.3095397944578617,2.320350560410216,2.2734226791972123,2.2911126613616943,444568000
2016-11-30 00:00:00-05:00,2.299712313547272,2.3134714509410585,2.2628580419218047,2.265315055847168,440500000
2016-12-01 00:00:00-05:00,2.2628577188566243,2.264577581496087,2.0827627946240796,2.1532773971557617,1035524000
2016-12-02 00:00:00-05:00,2.119125549683519,2.181777985357023,2.0913619544058215,2.1731786727905273,478292000
2016-12-05 00:00:00-05:00,2.211016192752038,2.2753885067965265,2.186692316508916,2.2574527263641357,602284000
2016-12-06 00:00:00-05:00,2.2655602229991154,2.302906078371623,2.2498356646482547,2.2945523262023926,498796000
2016-12-07 00:00:00-05:00,2.2810399145560445,2.3414809185354892,2.2628583371753024,2.335829973220825,480804000
2016-12-08 00:00:00-05:00,2.3387777479011373,2.373912152279161,2.2861989217210015,2.2967636585235596,381544000
2016-12-09 00:00:00-05:00,2.314454401134013,2.316174264196134,2.2287065745437715,2.25597882270813,382312000
2016-12-12 00:00:00-05:00,2.20757618245106,2.2100331961341038,2.1508204785295875,2.201188087463379,601332000
2016-12-13 00:00:00-05:00,2.213472316072874,2.2675254307450836,2.2124896045939644,2.2400074005126953,387796000
2016-12-14 00:00:00-05:00,2.2736682631540224,2.3859513941350627,2.249835746838614,2.3697354793548584,983980000
2016-12-15 00:00:00-05:00,2.3807915868928013,2.455483300837601,2.3734207803954064,2.425262689590454,746548000
2016-12-16 00:00:00-05:00,2.452780984570389,2.474156491723799,2.4011848601027164,2.467031478881836,1089528000
2016-12-19 00:00:00-05:00,2.4495871667663973,2.5171534173556926,2.4323883016074457,2.497006416320801,744656000
2016-12-20 00:00:00-05:00,2.5694859392775564,2.607568711077909,2.5581838178236005,2.583981990814209,848056000
2016-12-21 00:00:00-05:00,2.5955305123173873,2.6031471160030972,2.5481112613823114,2.600198745727539,576136000
2016-12-22 00:00:00-05:00,2.624521864357683,2.674889470975211,2.617396618730014,2.6316471099853516,718612000
2016-12-23 00:00:00-05:00,2.6137111549270036,2.6987220455059826,2.611008580529697,2.6972477436065674,647692000
2016-12-27 00:00:00-05:00,2.753267044292614,2.8834857445918645,2.732628454037986,2.882503032684326,1194272000
2016-12-28 00:00:00-05:00,2.9385210922961225,2.9466290499313517,2.6704671344638053,2.6842260360717773,2295764000
2016-12-29 00:00:00-05:00,2.577348200379878,2.739261786997318,2.525752086728094,2.7377874851226807,2175368000
2016-12-30 00:00:00-05:00,2.7358220515446496,2.7498267477331186,2.611745677883113,2.622556209564209,1212932000
2017-01-03 00:00:00-05:00,2.5650637840114445,2.613465975330692,2.441724540764207,2.506342649459839,1501996000
2017-01-04 00:00:00-05:00,2.5404940323751246,2.5920901480267675,2.49454886072996,2.5648179054260254,1199220000
2017-01-05 00:00:00-05:00,2.568257840065329,2.5999525224159017,2.48275558478214,2.499708652496338,984296000
2017-01-06 00:00:00-05:00,2.526980720512505,2.5613782094469117,2.486440931628326,2.533123254776001,822856000
2017-01-09 00:00:00-05:00,2.542951140887124,2.6535141830314055,2.542951140887124,2.635823965072632,916248000
2017-01-10 00:00:00-05:00,2.648845393511593,2.6827512859978238,2.5952836293226853,2.615922212600708,880920000
2017-01-11 00:00:00-05:00,2.604375006721751,2.6092887998087964,2.5589211905195324,2.5837364196777344,525664000
2017-01-12 00:00:00-05:00,2.5608870466474247,2.57243473075697,2.4967602962585236,2.5414769649505615,625616000
2017-01-13 00:00:00-05:00,2.5454089914764366,2.5798064957730555,2.532141439581099,2.5412323474884033,457820000
2017-01-17 00:00:00-05:00,2.5306668185709897,2.535580612789395,2.4709627309248807,2.4842302799224854,580612000
2017-01-18 00:00:00-05:00,2.4628530935064776,2.53631603609484,2.435089507291858,2.5294365882873535,654424000
2017-01-19 00:00:00-05:00,2.5323860986338063,2.615676894841562,2.5301748800289494,2.5837364196777344,644872000
2017-01-20 00:00:00-05:00,2.606340398414143,2.624030615664489,2.533614574554863,2.555481433868408,492024000
2017-01-23 00:00:00-05:00,2.5503217890710843,2.6019179034340203,2.547864775455298,2.5820164680480957,369904000
2017-01-24 00:00:00-05:00,2.5920907763627556,2.6431955485297687,2.577348925040049,2.6370530128479004,428052000
2017-01-25 00:00:00-05:00,2.6793120595392805,2.6854545938119423,2.612482973711536,2.6483545303344727,522760000
2017-01-26 00:00:00-05:00,2.651056851359519,2.701424456011093,2.6215733926108196,2.6940536499023438,458800000
2017-01-27 00:00:00-05:00,2.700933411559871,2.7490898033619673,2.6743983190582767,2.7461414337158203,471996000
2017-01-30 00:00:00-05:00,2.725257204859176,2.7274684234500004,2.651302873731205,2.7031445503234863,496004000
2017-01-31 00:00:00-05:00,2.6768553785730607,2.7038818274253735,2.658428009391218,2.6825063228607178,362756000
2017-02-01 00:00:00-05:00,2.71690344721416,2.8038797632655403,2.6992134642053696,2.7997031211853027,590004000
2017-02-02 00:00:00-05:00,2.7837326886239073,2.8436825554531358,2.7532665165065713,2.8350830078125,483240000
2017-02-03 00:00:00-05:00,2.8365576974285522,2.847614025878351,2.798474918497992,2.8102681636810303,372744000
2017-02-06 00:00:00-05:00,2.8009313748037066,2.882748102162136,2.8009313748037066,2.8822567462921143,506768000
2017-02-07 00:00:00-05:00,2.916408371837332,2.9709528554764972,2.896752731610534,2.926973342895508,746224000
2017-02-08 00:00:00-05:00,2.909038094409948,2.931396313082359,2.859407394644077,2.9141976833343506,449580000
2017-02-09 00:00:00-05:00,2.9203392845852076,2.9252533115153407,2.8402426607218634,2.8594067096710205,842568000
2017-02-10 00:00:00-05:00,2.9466293833349284,2.965547875186469,2.7665344322816066,2.791595458984375,1651092000
2017-02-13 00:00:00-05:00,2.7859438050202883,2.800439856758184,2.658427708742335,2.6628503799438477,1180724000
2017-02-14 00:00:00-05:00,2.653268863237418,2.706339292307082,2.611500558940596,2.6726789474487305,850632000
2017-02-15 00:00:00-05:00,2.6756271169260923,2.6977395402064492,2.6476177193983848,2.678083896636963,373020000
2017-02-16 00:00:00-05:00,2.6876668146044715,2.688895321917091,2.5960222310446093,2.6350879669189453,647176000
2017-02-17 00:00:00-05:00,2.621573643241268,2.6390180656735533,2.574645759241575,2.6345953941345215,563740000
2017-02-21 00:00:00-05:00,2.659165410650133,2.7328741913731034,2.6589196155215666,2.728943109512329,551952000
2017-02-22 00:00:00-05:00,2.7409969128497185,2.7503451603460376,2.705817932090532,2.7247605323791504,433772000
2017-02-23 00:00:00-05:00,2.595360430526907,2.617254877987278,2.452185153841759,2.472111463546753,1592888000
2017-02-24 00:00:00-05:00,2.387978659180872,2.509259547064378,2.354275838106209,2.4959752559661865,1029904000
2017-02-27 00:00:00-05:00,2.514179321662083,2.5835528553581706,2.4984349186806267,2.5685465335845947,715400000
2017-02-28 00:00:00-05:00,2.578140748695995,2.587981206216109,2.4792465436349347,2.496466875076294,625360000
2017-03-01 00:00:00-05:00,2.553294355853931,2.567562832422277,2.4873648818777494,2.528693914413452,504804000
2017-03-02 00:00:00-05:00,2.5159020139332373,2.5299243875099204,2.4327519592113185,2.435457944869995,754332000
2017-03-03 00:00:00-05:00,2.424879900075746,2.4297998953837587,2.367068371592642,2.421435832977295,864692000
2017-03-06 00:00:00-05:00,2.385272609256085,2.4133173533771104,2.341237589029916,2.4027390480041504,883568000
2017-03-07 00:00:00-05:00,2.4027387020152746,2.4484957489963097,2.389946389129444,2.4290611743927,603400000
2017-03-08 00:00:00-05:00,2.4772784462556583,2.4920388981709785,2.422419255406684,2.424633264541626,638712000
2017-03-09 00:00:00-05:00,2.408643344596032,2.446528079971666,2.396096899968721,2.4241416454315186,478060000
2017-03-10 00:00:00-05:00,2.4504647526717336,2.4622728832371923,2.420205992868033,2.4384102821350098,499740000
2017-03-13 00:00:00-04:00,2.4487418919439135,2.5154094423751507,2.44800381071738,2.5055692195892334,774136000
2017-03-14 00:00:00-04:00,2.5183617078253775,2.527709720704154,2.4716204703843276,2.503847360610962,522016000
2017-03-15 00:00:00-04:00,2.5154103209614984,2.5336146104386876,2.4679309889611414,2.5227904319763184,615036000
2017-03-16 00:00:00-04:00,2.5333684575613016,2.554278965282561,2.519346083968061,2.5537867546081543,523100000
2017-03-17 00:00:00-04:00,2.5712529853679564,2.610614117272664,2.553786546136533,2.609384059906006,1119688000
2017-03-20 00:00:00-04:00,2.62685012812746,2.69646976990313,2.6108596192288154,2.692533493041992,748568000
2017-03-21 00:00:00-04:00,2.6753142601689546,2.705081046476955,2.597576396684694,2.6054484844207764,913484000
2017-03-22 00:00:00-04:00,2.594378091474322,2.6632599120331615,2.5904420477705474,2.658585786819458,616764000
2017-03-23 00:00:00-04:00,2.650713044670087,2.6706396000132964,2.6248825420117314,2.634476661682129,533940000
2017-03-24 00:00:00-04:00,2.680725834149984,2.6885979200273225,2.6179943140187345,2.643824815750122,439500000
2017-03-27 00:00:00-04:00,2.5973291454761522,2.6669487851278517,2.5481280323071696,2.663012742996216,506644000
2017-03-28 00:00:00-04:00,2.664242282828427,2.6787566259906934,2.638903767253568,2.649235963821411,432444000
2017-03-29 00:00:00-04:00,2.6566174246129104,2.668917765437787,2.6384131360328213,2.640627145767212,349992000
2017-03-30 00:00:00-04:00,2.647760216859272,2.7060637038776627,2.642102141843388,2.691303253173828,525532000
2017-03-31 00:00:00-04:00,2.6817097597721022,2.7033583476353713,2.6667034349224865,2.679741621017456,440808000
2017-04-03 00:00:00-04:00,2.680233259600404,2.697453590242617,2.6425941682390675,2.666210889816284,445232000
2017-04-04 00:00:00-04:00,2.543700894283014,2.5687935527938324,2.4684231533600545,2.4792473316192627,1271280000
2017-04-05 00:00:00-04:00,2.4605507276887484,2.518362258501397,2.447758410919178,2.46079683303833,747048000
2017-04-06 00:00:00-04:00,2.465962207415338,2.490808752195363,2.420943006635033,2.4787545204162598,635120000
2017-04-07 00:00:00-04:00,2.4851508263648068,2.5026172638052584,2.453170041939292,2.4681763648986816,429068000
2017-04-10 00:00:00-04:00,2.4689142715372645,2.4755562986350217,2.401016665084627,2.405198812484741,756332000
2017-04-11 00:00:00-04:00,2.3751867196610923,2.432998251950748,2.370266724029127,2.4138097763061523,618148000
2017-04-12 00:00:00-04:00,2.4138090642709615,2.4280773054651976,2.388716413582347,2.3938825130462646,414092000
2017-04-13 00:00:00-04:00,2.369774043659178,2.391422393381388,2.349109411239624,2.349109411239624,506892000
2017-04-17 00:00:00-04:00,2.361901857551798,2.4413617268578096,2.3567357578083206,2.4411158561706543,497292000
2017-04-18 00:00:00-04:00,2.426847026520297,2.44874171418233,2.4010165315609093,2.442591428756714,370116000
2017-04-19 00:00:00-04:00,2.4600581925002243,2.484166657681701,2.445543845410722,2.452186107635498,380828000
2017-04-20 00:00:00-04:00,2.46670091358086,2.4957296131597855,2.4455443003310275,2.491055488586426,404016000
2017-04-21 00:00:00-04:00,2.4807227232754077,2.504093343038812,2.4689145953497746,2.501387357711792,341896000
2017-04-24 00:00:00-04:00,2.532875837423823,2.5456681514819954,2.511965567692377,2.53262996673584,371820000
2017-04-25 00:00:00-04:00,2.547143547639307,2.5911785523104283,2.5257410737528008,2.5766642093658447,388440000
2017-04-26 00:00:00-04:00,2.5901962378457637,2.592656118587459,2.5569853844329953,2.5589535236358643,327004000
2017-04-27 00:00:00-04:00,2.5663333742222334,2.6071702056976216,2.5483749562809415,2.598806142807007,319700000
2017-04-28 00:00:00-04:00,2.591916842654333,2.5988049741524346,2.560181935183158,2.565840244293213,348248000
2017-05-01 00:00:00-04:00,2.576665633716631,2.6285729843075605,2.569531393607616,2.6234066486358643,307732000
2017-05-02 00:00:00-04:00,2.5965917533584926,2.597821810729194,2.5230358240910626,2.545668363571167,629972000
2017-05-03 00:00:00-04:00,2.5387806946430342,2.5742055557307206,2.5240204727120386,2.5646114349365234,336904000
2017-05-04 00:00:00-04:00,2.5707607445662517,2.581831025116534,2.546898150251618,2.5547704696655273,209788000
2017-05-05 00:00:00-04:00,2.543207440346215,2.5621497999450327,2.527708911519642,2.5550155639648438,228428000
2017-05-08 00:00:00-04:00,2.566825355528438,2.568301283826427,2.516886144999382,2.528202533721924,365240000
2017-05-09 00:00:00-04:00,2.5338600813612606,2.5813391668640393,2.5254957855917977,2.532383918762207,847672000
2017-05-10 00:00:00-04:00,2.8116006651018965,2.9968431227554126,2.8049586370582724,2.983804702758789,2129096000
2017-05-11 00:00:00-04:00,2.9532996661865973,3.2086537136439213,2.949855599991065,3.111973285675049,1939792000
2017-05-12 00:00:00-04:00,3.1151728150254288,3.188236552240667,3.094262303623858,3.146169424057007,962620000
2017-05-15 00:00:00-04:00,3.18725169664791,3.306564442825433,3.1828234433201725,3.3041043281555176,1087540000
2017-05-16 00:00:00-04:00,3.3550272879459686,3.3811041265648143,3.2807337530058756,3.365605592727661,1120700000
2017-05-17 00:00:00-04:00,3.298937966763882,3.3176344613989373,3.137804222401024,3.14198637008667,1271368000
2017-05-18 00:00:00-04:00,3.1857756888646738,3.282456135528904,3.1255042841786036,3.273599863052368,1156032000
2017-05-19 00:00:00-04:00,3.3745683202543884,3.4038737188806705,3.329994428476225,3.349203109741211,1018372000
2017-05-22 00:00:00-04:00,3.392792757594743,3.4349039529703456,3.381956944335624,3.4206206798553467,836608000
2017-05-23 00:00:00-04:00,3.4403205204765746,3.442536861235238,3.342060789705039,3.374567747116089,681248000
2017-05-24 00:00:00-04:00,3.4713511189586894,3.4740601897071843,3.400426777793716,3.412493944168091,815996000
2017-05-25 00:00:00-04:00,3.4477086295315393,3.448447488118839,3.360038337532559,3.4048585891723633,608228000
2017-05-26 00:00:00-04:00,3.3967317272350885,3.577736339233551,3.376538060474399,3.493021249771118,779140000
2017-05-30 00:00:00-04:00,3.5388266907728227,3.6026092585689313,3.52281957513042,3.5676398277282715,989652000
2017-05-31 00:00:00-04:00,3.6124604175875703,3.6200946647445464,3.498193544471595,3.5548346042633057,887316000
2017-06-01 00:00:00-04:00,3.570595036404311,3.5715802595612605,3.5097676640077573,3.5550804138183594,503340000
2017-06-02 00:00:00-04:00,3.5521254659077153,3.578229536571795,3.5314393009931218,3.5373497009277344,487456000
2017-06-05 00:00:00-04:00,3.5210955318046135,3.6577723880673605,3.509521098713628,3.6449666023254395,817376000
2017-06-06 00:00:00-04:00,3.6402886027572285,3.6863402187444705,3.6151697529974345,3.6284680366516113,758728000
2017-06-07 00:00:00-04:00,3.652847910980725,3.691018911034461,3.6373332873532505,3.672302722930908,612612000
2017-06-08 00:00:00-04:00,3.7791811608856847,3.9402384781996225,3.738054966861927,3.938760995864868,1161744000
2017-06-09 00:00:00-04:00,4.056968592955185,4.149564069233269,3.515431701147838,3.6841232776641846,3692928000
2017-06-12 00:00:00-04:00,3.592512474030337,3.735838592921709,3.499670641406298,3.69323468208313,1697532000
2017-06-13 00:00:00-04:00,3.8023305456195797,3.8114425099218288,3.5868487245161536,3.7284512519836426,1672504000
2017-06-14 00:00:00-04:00,3.73140604833155,3.7939572645243587,3.6570340337043596,3.7363312244415283,1184640000
2017-06-15 00:00:00-04:00,3.61910923781247,3.782629033417787,3.6077809332842055,3.7523386478424072,963824000
2017-06-16 00:00:00-04:00,3.7619428783927376,3.809718332422443,3.699884154995973,3.7338685989379883,924960000
2017-06-19 00:00:00-04:00,3.7779499184033978,3.879411223758541,3.7742560950304846,3.874239683151245,778176000
2017-06-20 00:00:00-04:00,3.916351028001462,3.9830887993768287,3.864389255296164,3.8685755729675293,1095444000
2017-06-21 00:00:00-04:00,3.896157718158609,3.930881024664688,3.834345117402064,3.927186965942383,682652000
2017-06-22 00:00:00-04:00,3.935313406573407,3.9486119230150276,3.876209880671573,3.900097608566284,469132000
2017-06-23 00:00:00-04:00,3.9077320094161867,3.9234929972504027,3.7732712360801353,3.7882936000823975,1088588000
2017-06-26 00:00:00-04:00,3.821046963502574,3.8565091299188716,3.6528480962717063,3.7469213008880615,1063960000
2017-06-27 00:00:00-04:00,3.729436484278531,3.7380557201093936,3.6040876656456367,3.6097517013549805,999492000
2017-06-28 00:00:00-04:00,3.677227937134784,3.7417493688115258,3.5893112715841275,3.737070322036743,994948000
2017-06-29 00:00:00-04:00,3.7087495013575937,3.71170446597166,3.5481846811678057,3.612213611602783,1064424000
2017-06-30 00:00:00-04:00,3.629452025797201,3.642996670265678,3.5339013605165364,3.5600054264068604,731060000
2017-07-03 00:00:00-04:00,3.5720724995785407,3.5868482624597013,3.4127390279235383,3.431208848953247,709072000
2017-07-05 00:00:00-04:00,3.4944991131568592,3.551632661051754,3.475536796977167,3.522819757461548,820188000
2017-07-06 00:00:00-04:00,3.4937608734277066,3.580199828556754,3.441798860597108,3.533409357070923,746284000
2017-07-07 00:00:00-04:00,3.59005028245495,3.6324078348739786,3.567147541766869,3.6141841411590576,654972000
2017-07-10 00:00:00-04:00,3.6875707567500564,3.7924795201053314,3.6614666894416916,3.7850916385650635,958492000
2017-07-11 00:00:00-04:00,3.7887859831142303,3.846412027139257,3.7469209264610814,3.838777780532837,757956000
2017-07-12 00:00:00-04:00,3.898373931530037,4.014118282752321,3.8555238851261895,4.00205135345459,1145208000
2017-07-13 00:00:00-04:00,4.014117266165911,4.095384655956342,3.9094548823963935,3.9557526111602783,1369132000
2017-07-14 00:00:00-04:00,3.9720048857730084,4.063615327445229,3.9651095014381545,4.062138080596924,941948000
2017-07-17 00:00:00-04:00,4.0961254883451055,4.124938635336989,3.9833360763879018,4.044902324676514,930792000
2017-07-18 00:00:00-04:00,3.9840732773099026,4.101541923262024,3.972252479888091,4.08701229095459,776640000
2017-07-19 00:00:00-04:00,4.096124912992245,4.122475349985745,4.0537675918855784,4.0658345222473145,687044000
2017-07-20 00:00:00-04:00,4.086273097449493,4.125182710251112,4.036527676280593,4.124936580657959,699596000
2017-07-21 00:00:00-04:00,4.104497489253721,4.169265285238735,4.090213984466443,4.139713287353516,648332000
2017-07-24 00:00:00-04:00,4.146856030532826,4.156460255453872,4.081103234251092,4.0916924476623535,652524000
2017-07-25 00:00:00-04:00,4.068789402156191,4.086274473128825,4.028402058772977,4.071990966796875,496556000
2017-07-26 00:00:00-04:00,4.129369263554187,4.184778953378567,4.084302653201963,4.119026184082031,640404000
2017-07-27 00:00:00-04:00,4.143899197095305,4.15547386480436,3.880149477024654,3.983088254928589,782856000
2017-07-28 00:00:00-04:00,3.9473812517599205,4.072730319895715,3.9225087646393355,4.048349857330322,513348000
2017-07-31 00:00:00-04:00,4.061893740624289,4.097848398858005,3.955507483306197,4.00205135345459,559672000
2017-08-01 00:00:00-04:00,3.992692287919914,4.05253466052684,3.9648646123518327,4.050810813903809,431384000
2017-08-02 00:00:00-04:00,4.081842285858648,4.085782240005619,3.9715155846194223,4.048349857330322,478444000
2017-08-03 00:00:00-04:00,4.047857168416192,4.103513007398751,4.030864826249129,4.099819183349609,442420000
2017-08-04 00:00:00-04:00,4.1224747560478825,4.188227539361266,4.099818616101904,4.117795944213867,589096000
2017-08-07 00:00:00-04:00,4.146854361894251,4.244867488072287,4.137249671124847,4.244375228881836,717412000
2017-08-08 00:00:00-04:00,4.28229995565336,4.298799563471838,4.154734835063791,4.1938910484313965,755336000
2017-08-09 00:00:00-04:00,4.147840751576764,4.240928968740708,4.129124562329992,4.238466262817383,530784000
2017-08-10 00:00:00-04:00,4.239697936864647,4.25201146809592,4.046872687943472,4.05696964263916,1328088000
2017-08-11 00:00:00-04:00,3.869806382252238,3.915611619411367,3.7656364869707755,3.840747117996216,1497196000
2017-08-14 00:00:00-04:00,3.9321134419757606,4.150796657659842,3.920539003340591,4.1471028327941895,1279020000
2017-08-15 00:00:00-04:00,4.152272322117374,4.17837615242877,4.077900314121639,4.112131118774414,764532000
2017-08-16 00:00:00-04:00,4.127154224862567,4.150549224520308,4.034804874516045,4.067065238952637,596632000
2017-08-17 00:00:00-04:00,4.0586923382131275,4.075684207977696,3.974223369819701,3.9764394760131836,525444000
2017-08-18 00:00:00-04:00,4.030616851066757,4.047609185453522,3.931371913979238,3.977177143096924,601204000
2017-08-21 00:00:00-04:00,4.001558421137195,4.012886489838198,3.875470774009102,3.9193058013916016,623672000
2017-08-22 00:00:00-04:00,3.955784301712102,4.012474973448028,3.936558714369419,4.006559371948242,450456000
2017-08-23 00:00:00-04:00,3.973286618032029,4.097759713759657,3.9646593229601814,4.086668014526367,579520000
2017-08-24 00:00:00-04:00,4.118709920085873,4.123146975320429,4.0452587441289625,4.071631908416748,469700000
2017-08-25 00:00:00-04:00,4.095786907874357,4.105892748717175,4.0312084411115725,4.037617206573486,357200000
2017-08-28 00:00:00-04:00,4.056596161480304,4.069413222104093,4.001137680884426,4.066208839416504,389496000
2017-08-29 00:00:00-04:00,4.007547284535115,4.0812452810059865,3.999413152953871,4.059554576873779,324096000
2017-08-30 00:00:00-04:00,4.079273138115142,4.0948018921779195,4.048956079496078,4.083710193634033,384400000
2017-08-31 00:00:00-04:00,4.103918701654736,4.180327868917902,4.096524554255103,4.176384449005127,612684000
2017-09-01 00:00:00-04:00,4.188958301131772,4.23702217580169,4.180331005814391,4.201528549194336,445432000
2017-09-05 00:00:00-04:00,4.150258313510386,4.155188059878258,4.031454528879489,4.089377403259277,695364000
2017-09-06 00:00:00-04:00,4.122162301031934,4.135965223157199,4.052161364430852,4.086915016174316,397672000
2017-09-07 00:00:00-04:00,4.103675560716575,4.138182862537922,4.065717528713095,4.105894088745117,352868000
2017-09-08 00:00:00-04:00,4.094308108371186,4.109096880811328,4.01050428099938,4.034659385681152,498856000
2017-09-11 00:00:00-04:00,4.0802587974948095,4.176140176089492,4.074835887232931,4.165541172027588,567444000
2017-09-12 00:00:00-04:00,4.190189957794529,4.190189957794529,4.115506107954333,4.180577278137207,411488000
2017-09-13 00:00:00-04:00,4.155435727449726,4.228147864053184,4.123146959764327,4.199309825897217,580960000
2017-09-14 00:00:00-04:00,4.160364669856896,4.253288472927514,4.135963221516704,4.175400257110596,513712000
2017-09-15 00:00:00-04:00,4.26068228176844,4.4393815994262695,4.2555061888913635,4.4393815994262695,1364792000
2017-09-18 00:00:00-04:00,4.563362212240933,4.712730345436688,4.5564607546783895,4.6227641105651855,1684460000
2017-09-19 00:00:00-04:00,4.572482878048468,4.679455956329136,4.550545830313191,4.617835521697998,874280000
2017-09-20 00:00:00-04:00,4.621531570243472,4.668855914365321,4.540438979699561,4.580615520477295,724920000
2017-09-21 00:00:00-04:00,4.477094035298645,4.503221320582178,4.37776192818237,4.455403804779053,1075600000
2017-09-22 00:00:00-04:00,4.444066437358085,4.4936093252807465,4.4021645180771936,4.412023544311523,491232000
2017-09-25 00:00:00-04:00,4.381211038867278,4.382443710332978,4.194131753195312,4.214836120605469,874580000
2017-09-26 00:00:00-04:00,4.349167815796138,4.404133105657087,4.1988138938165145,4.238497257232666,1125620000
2017-09-27 00:00:00-04:00,4.3287125392054975,4.3447339845095545,4.257972115591346,4.331423759460449,713720000
2017-09-28 00:00:00-04:00,4.338571141706631,4.342515033591728,4.282866313291657,4.330191135406494,435244000
2017-09-29 00:00:00-04:00,4.413994917743693,4.430015891207911,4.368888623388848,4.406353950500488,619092000
2017-10-02 00:00:00-04:00,4.456390337682663,4.485475193770262,4.362727472886551,4.412023544311523,503480000
2017-10-03 00:00:00-04:00,4.418185018321986,4.450967417075299,4.377022612716945,4.421143054962158,390332000
2017-10-04 00:00:00-04:00,4.427303936997239,4.4802975361325075,4.3908244713658515,4.458114147186279,427848000
2017-10-05 00:00:00-04:00,4.48251616565208,4.485966894228168,4.425825020310832,4.455649375915527,437364000
2017-10-06 00:00:00-04:00,4.428043572555369,4.482023028500472,4.412022131163673,4.46871280670166,318800000
2017-10-09 00:00:00-04:00,4.505438517355352,4.602552548668687,4.486705856796165,4.569523811340332,563492000
2017-10-10 00:00:00-04:00,4.718400205565456,4.755865538079302,4.615617357640483,4.656779766082764,974876000
2017-10-11 00:00:00-04:00,4.673293448992143,4.707801211423558,4.627448113519545,4.706322193145752,529508000
2017-10-12 00:00:00-04:00,4.70977264134596,4.75931551955687,4.68142730005456,4.708540439605713,528292000
2017-10-13 00:00:00-04:00,4.7706543646213495,4.806394332746527,4.72382316858834,4.79628849029541,628728000
2017-10-16 00:00:00-04:00,4.826113016925464,4.881571508960979,4.7630135562038705,4.878613471984863,576640000
2017-10-17 00:00:00-04:00,4.857908710522161,4.902521847004452,4.839669207739079,4.874176502227783,478596000
2017-10-18 00:00:00-04:00,4.883051369813325,4.883790409058179,4.764986559560693,4.869987487792969,567316000
2017-10-19 00:00:00-04:00,4.792591150196985,4.8803384039268956,4.743541429209646,4.875409126281738,570772000
2017-10-20 00:00:00-04:00,4.892415922701324,4.919528592398131,4.844351592070808,4.853225231170654,451620000
2017-10-23 00:00:00-04:00,4.874916615325976,4.901290252292392,4.826113234163269,4.846324920654297,428696000
2017-10-24 00:00:00-04:00,4.855445342658859,4.89882629070516,4.829564863764805,4.897100925445557,407244000
2017-10-25 00:00:00-04:00,4.857662980390743,4.9104102544804435,4.71199234574672,4.7733659744262695,828160000
2017-10-26 00:00:00-04:00,4.8009717095300655,4.834985841433453,4.777062949567125,4.82340145111084,322744000
2017-10-27 00:00:00-04:00,4.875408002716423,4.9757259491075505,4.849527067942292,4.975479602813721,572192000
2017-10-30 00:00:00-04:00,4.975479569221269,5.079740936115808,4.959704474118861,5.024282932281494,504056000
2017-10-31 00:00:00-04:00,5.056079654790002,5.124108380250737,5.050410398448869,5.0974884033203125,411908000
2017-11-01 00:00:00-04:00,5.160095533477373,5.175377470353398,5.043016603009311,5.107101917266846,502576000
2017-11-02 00:00:00-04:00,5.077524531640426,5.122137671619957,5.019601165528071,5.076045513153076,342308000
2017-11-03 00:00:00-04:00,5.107102563630701,5.143828392028809,5.061257217327006,5.143828392028809,353640000
2017-11-06 00:00:00-05:00,5.107100466940725,5.175622346932733,5.09477657044455,5.166995525360107,389944000
2017-11-07 00:00:00-05:00,5.189672940245491,5.247596297681058,5.17759538803687,5.226151943206787,427700000
2017-11-08 00:00:00-05:00,5.221717012606975,5.22541455944273,5.108089259267534,5.155413627624512,522988000
2017-11-09 00:00:00-05:00,5.059531157134242,5.085657975283052,4.938755152001494,5.060763359069824,978564000
2017-11-10 00:00:00-05:00,5.2520335911787255,5.389816901663967,5.216293622400182,5.327456951141357,1253256000
2017-11-13 00:00:00-05:00,5.327457061332094,5.352844371504534,5.2256600638885535,5.240942001342773,582376000
2017-11-14 00:00:00-05:00,5.250061339039426,5.294428131390029,5.206434055911553,5.279146194458008,529292000
2017-11-15 00:00:00-05:00,5.224180925477437,5.225413597571365,5.121891237634284,5.175623893737793,501948000
2017-11-16 00:00:00-05:00,5.249568541787336,5.279639252195286,5.206927115096565,5.2158002853393555,441768000
2017-11-17 00:00:00-05:00,5.2727375737671665,5.307984377038409,5.194602999228636,5.2096381187438965,515664000
2017-11-20 00:00:00-05:00,5.225164942142142,5.288757542236447,5.188439130770803,5.276679992675781,396100000
2017-11-21 00:00:00-05:00,5.31636458158839,5.336822610645491,5.28456850935705,5.32523775100708,399176000
2017-11-22 00:00:00-05:00,5.352369793529708,5.352369793529708,5.26875426113043,5.301312446594238,356640000
2017-11-24 00:00:00-05:00,5.31759101553229,5.352369266310126,5.293172143613135,5.351382255554199,180752000
2017-11-27 00:00:00-05:00,5.3600153335212015,5.361248391238456,5.278619410587834,5.281826019287109,422896000
2017-11-28 00:00:00-05:00,5.287005893719938,5.296378732240122,5.136300925012625,5.197224140167236,512752000
2017-11-29 00:00:00-05:00,5.179960279305813,5.18267338366867,4.716745813201042,4.844758987426758,1396788000
2017-11-30 00:00:00-05:00,4.913328114727049,4.999163259213799,4.85043180242646,4.950572490692139,823768000
2017-12-01 00:00:00-05:00,4.916041318118306,4.936267046563432,4.747330647414634,4.8758368492126465,811548000
2017-12-04 00:00:00-05:00,4.934292438453037,4.940459139041359,4.550747466791511,4.604024410247803,1240844000
2017-12-05 00:00:00-05:00,4.498950133747102,4.753002863192906,4.454059488742002,4.63066291809082,981488000
2017-12-06 00:00:00-05:00,4.580346964210265,4.689860976260839,4.559134693223649,4.668155670166016,467032000
2017-12-07 00:00:00-05:00,4.73475077596875,4.775202229266021,4.68936662021728,4.735490798950195,542600000
2017-12-08 00:00:00-05:00,4.78531416171226,4.804306828533258,4.7147715836452955,4.72315788269043,466876000
2017-12-11 00:00:00-05:00,4.737217418510287,4.804307347667616,4.721431829563426,4.801347255706787,372748000
2017-12-12 00:00:00-05:00,4.757936978829324,4.781122328823099,4.683694273071402,4.707126140594482,455016000
2017-12-13 00:00:00-05:00,4.748071662647008,4.749304721014433,4.584787166230657,4.59218692779541,554280000
2017-12-14 00:00:00-05:00,4.585772540635936,4.670128107386249,4.5532143507575595,4.599338531494141,438164000
2017-12-15 00:00:00-05:00,4.643243933912937,4.745111671652065,4.578374060216455,4.724885940551758,670036000
2017-12-18 00:00:00-05:00,4.765336041176935,4.884222877643476,4.735737943659035,4.881263256072998,477704000
2017-12-19 00:00:00-05:00,4.871889726726696,4.877069416582788,4.808746437616341,4.837111473083496,373100000
2017-12-20 00:00:00-05:00,4.876330029894539,4.885455882477419,4.798634201462994,4.85413122177124,288820000
2017-12-21 00:00:00-05:00,4.857583514434146,4.88249542230185,4.823298767625337,4.8316850662231445,300904000
2017-12-22 00:00:00-05:00,4.794934115410073,4.825765738247542,4.717238294132747,4.81639289855957,466276000
2017-12-26 00:00:00-05:00,4.761142941925168,4.877563193098827,4.731297856117916,4.869916915893555,355080000
2017-12-27 00:00:00-05:00,4.856597189242213,4.932319456543184,4.84204466001422,4.863256454467773,329488000
2017-12-28 00:00:00-05:00,4.886934562372595,4.917766179430321,4.8627626799808406,4.868928909301758,240248000
2017-12-29 00:00:00-05:00,4.895075553971699,4.895075553971699,4.772735595703125,4.772735595703125,279964000
2018-01-02 00:00:00-05:00,4.82897320158344,4.92072854278765,4.7974020176095475,4.917028427124023,355616000
2018-01-03 00:00:00-05:00,5.034188267328021,5.270975419007631,5.025555448978311,5.240636825561523,914704000
2018-01-04 00:00:00-05:00,5.321785372687156,5.378268934306695,5.246062624210568,5.268261432647705,583268000
2018-01-05 00:00:00-05:00,5.283060704235155,5.3501501614380835,5.206351418828045,5.312905788421631,580124000
2018-01-08 00:00:00-05:00,5.436232122974697,5.549692272506155,5.391341004070175,5.475696563720703,881216000
2018-01-09 00:00:00-05:00,5.481122714718078,5.520587155055783,5.392820994178467,5.474216461181641,497000000
2018-01-10 00:00:00-05:00,5.381969661257876,5.520588747881718,5.327706157750481,5.5171356201171875,582664000
2018-01-11 00:00:00-05:00,5.5496913113668205,5.581016435129786,5.505540223060041,5.526999473571777,406032000
2018-01-12 00:00:00-05:00,5.5151599895743,5.549444733805357,5.459416465517084,5.4998674392700195,359916000
2018-01-16 00:00:00-05:00,5.526259129205168,5.61160073910741,5.344722555594821,5.429077625274658,702348000
2018-01-17 00:00:00-05:00,5.443631043911312,5.552651518824776,5.349903121083364,5.54278564453125,538408000
2018-01-18 00:00:00-05:00,5.523547156319014,5.590143580389749,5.492469013267313,5.535880088806152,408632000
2018-01-19 00:00:00-05:00,5.625908312293248,5.699904024526642,5.599023319560254,5.675732135772705,609380000
2018-01-22 00:00:00-05:00,5.683624864195454,5.7657603578654495,5.626154764467906,5.764033794403076,550944000
2018-01-23 00:00:00-05:00,5.817309339606238,5.915477386203581,5.79881065145596,5.892785549163818,475228000
2018-01-24 00:00:00-05:00,5.8959936176410235,5.931758418408328,5.760581162508873,5.816078186035156,579972000
2018-01-25 00:00:00-05:00,5.87034026648512,5.913504816806049,5.8148437267846464,5.8296427726745605,409884000
2018-01-26 00:00:00-05:00,5.873300561807577,6.002053253470751,5.860474596136924,6.001806735992432,516356000
2018-01-29 00:00:00-05:00,5.987255503575934,6.119708338361881,5.934718571671923,6.088629722595215,455116000
2018-01-30 00:00:00-05:00,5.947049662011899,6.0780224204722435,5.880453248465312,5.98676061630249,570832000
2018-01-31 00:00:00-05:00,6.061991242973582,6.148319894822336,6.029433051574925,6.0627312660217285,478576000
2018-02-01 00:00:00-05:00,5.883166696214036,6.089862201865626,5.871820775817728,5.932003974914551,519224000
2018-02-02 00:00:00-05:00,5.845676578607228,5.869601950904901,5.70187782729948,5.759840965270996,718464000
2018-02-05 00:00:00-05:00,5.599022589485811,5.752687189838002,5.056385869019509,5.270974159240723,1165204000
2018-02-06 00:00:00-05:00,5.041585891938201,5.566956412397252,5.031719549173129,5.5639967918396,1114800000
2018-02-07 00:00:00-05:00,5.662659404856215,5.79560525767963,5.591623317199242,5.643420219421387,802932000
2018-02-08 00:00:00-05:00,5.768721480328581,5.8017727095261025,5.364950193696298,5.36519718170166,1144000000
2018-02-09 00:00:00-05:00,5.876506858908696,5.89229244484088,5.365195292931244,5.7243218421936035,1674604000
2018-02-12 00:00:00-05:00,5.805224873523904,5.808184965470186,5.550432559935962,5.6244282722473145,1093172000
2018-02-13 00:00:00-05:00,5.588169892271492,5.784012510720715,5.555858224254798,5.737888336181641,625524000
2018-02-14 00:00:00-05:00,5.697682910832602,5.983553761267112,5.686583509903939,5.954695224761963,744988000
2018-02-15 00:00:00-05:00,6.037818564393972,6.126120285881018,5.957163119469056,6.079996109008789,698900000
2018-02-16 00:00:00-05:00,6.052864074029387,6.166324213744753,6.005259855390745,6.014386177062988,637656000
2018-02-20 00:00:00-05:00,6.0368315366604435,6.212448425008004,6.033131422201149,6.143632411956787,686240000
2018-02-21 00:00:00-05:00,6.208009468399191,6.214915722242447,5.953216687815489,5.956916332244873,892292000
2018-02-22 00:00:00-05:00,5.990727195536751,6.062300750253719,5.91100880255881,5.976412296295166,534364000
2018-02-23 00:00:00-05:00,6.036140393573747,6.069705963134766,5.985545133194119,6.069705963134766,415300000
2018-02-26 00:00:00-05:00,6.115860408189457,6.1203028350628506,6.023554714532313,6.085750102996826,469312000
2018-02-27 00:00:00-05:00,6.05909541911812,6.143256753338923,6.049963893406978,6.0729169845581055,455436000
2018-02-28 00:00:00-05:00,6.083776038299662,6.123265014075777,5.96111335433621,5.972713470458984,523116000
2018-03-01 00:00:00-05:00,5.9704900571951,6.0242939219818235,5.630144306167082,5.731088161468506,1040120000
2018-03-02 00:00:00-05:00,5.623727620192027,5.844372679038136,5.475397090045217,5.837955474853516,913428000
2018-03-05 00:00:00-05:00,5.787853027814976,5.855477977141102,5.66469658186669,5.815989017486572,620776000
2018-03-06 00:00:00-05:00,5.901138067663236,5.995911870452835,5.858193828026805,5.97666072845459,636808000
2018-03-07 00:00:00-05:00,5.8739876664716855,6.020837664118047,5.872753842537775,5.968761444091797,581208000
2018-03-08 00:00:00-05:00,5.996158361625562,5.996158361625562,5.90829510712101,5.9524736404418945,411912000
2018-03-09 00:00:00-05:00,5.999860572775875,6.0677322060541785,5.983818503411695,6.054898738861084,505524000
2018-03-12 00:00:00-04:00,6.096113493864899,6.244196841290378,6.087968655553938,6.164231777191162,605060000
2018-03-13 00:00:00-04:00,6.206930755721556,6.281219587830296,6.072421323424346,6.113637924194336,619772000
2018-03-14 00:00:00-04:00,6.156583534990063,6.183732380643078,6.07686510547297,6.1390604972839355,505496000
2018-03-15 00:00:00-04:00,6.152633420557715,6.234819478970898,6.111910162003483,6.153867244720459,401952000
2018-03-16 00:00:00-04:00,6.170156714334644,6.201007497906318,6.132642056064475,6.182003498077393,399456000
2018-03-19 00:00:00-04:00,6.12523696257034,6.1541129626657165,5.8493076011333605,5.9480299949646,713772000
2018-03-20 00:00:00-04:00,5.950993641898183,6.198540435502222,5.950993641898183,6.159791946411133,554696000
2018-03-21 00:00:00-04:00,6.153373231955915,6.219517691114243,6.1042589350562935,6.134616374969482,438688000
2018-03-22 00:00:00-04:00,6.0714351955950825,6.11783471313583,5.931742830766804,5.969010353088379,551196000
2018-03-23 00:00:00-04:00,5.9825835268369465,5.985051645860791,5.7387392045262295,5.749845504760742,735620000
2018-03-26 00:00:00-04:00,5.873987775152294,6.035152204694043,5.822158695550277,6.033918380737305,611424000
2018-03-27 00:00:00-04:00,6.114624915566505,6.170156417472876,5.426035704164232,5.565974712371826,1409000000
2018-03-28 00:00:00-04:00,5.531668673764212,5.661488535439723,5.355695974165066,5.463056564331055,945904000
2018-03-29 00:00:00-04:00,5.531176020367693,5.812288391387129,5.447015166874185,5.715787410736084,916628000
2018-04-02 00:00:00-04:00,5.645446991905177,5.791309405666721,5.368036597236471,5.455652713775635,922092000
2018-04-03 00:00:00-04:00,5.6222477269872515,5.685183126846311,5.463057549276087,5.561779975891113,667432000
2018-04-04 00:00:00-04:00,5.306581299585368,5.594110820550993,5.281653908568248,5.583745002746582,789168000
2018-04-05 00:00:00-04:00,5.6419902571185485,5.6550708623099535,5.392469251442145,5.463796138763428,701240000
2018-04-06 00:00:00-04:00,5.3613725053149714,5.4692269132442615,5.258701006467194,5.2878241539001465,662988000
2018-04-09 00:00:00-04:00,5.35076046997515,5.478359371517432,5.296462784619328,5.3164544105529785,499524000
2018-04-10 00:00:00-04:00,5.546230591759072,5.6518635522267235,5.489218120557853,5.624961853027344,761676000
2018-04-11 00:00:00-04:00,5.610153359377357,5.651369959907921,5.551166583719694,5.583745002746582,460244000
2018-04-12 00:00:00-04:00,5.676545102861869,5.807845957473086,5.632366562689012,5.790075778961182,593920000
2018-04-13 00:00:00-04:00,5.853503883993969,5.8618953948193875,5.6654377269575935,5.713564872741699,503036000
2018-04-16 00:00:00-04:00,5.720229370731476,5.746637730268352,5.619285500628079,5.713318824768066,350792000
2018-04-17 00:00:00-04:00,5.765394171822404,5.883861059278752,5.709862671219252,5.862635612487793,447224000
2018-04-18 00:00:00-04:00,5.812286714686994,5.904839053906504,5.744908905480409,5.83375883102417,391364000
2018-04-19 00:00:00-04:00,5.719735104302074,5.753054007156208,5.5975662645825155,5.65285062789917,471996000
2018-04-20 00:00:00-04:00,5.64421243710298,5.728373276907721,5.613608794921182,5.6447062492370605,386200000
2018-04-23 00:00:00-04:00,5.662476421553817,5.713565029221949,5.4995843217869025,5.525498867034912,427508000
2018-04-24 00:00:00-04:00,5.5511667455195965,5.64692722765799,5.394198037519021,5.459354877471924,414596000
2018-04-25 00:00:00-04:00,5.429737541930681,5.4687331632216205,5.190335647050324,5.347304344177246,588492000
2018-04-26 00:00:00-04:00,5.508715603710221,5.566715224983749,5.4428182838610635,5.558570384979248,375824000
2018-04-27 00:00:00-04:00,5.66420402844602,5.683948511019761,5.543762355224279,5.585966110229492,400848000
2018-04-30 00:00:00-04:00,5.6022563910334195,5.651864513016336,5.531423287516979,5.550673961639404,327844000
2018-05-01 00:00:00-04:00,5.5425283074189835,5.608672297835369,5.484034874135928,5.605957508087158,253788000
2018-05-02 00:00:00-04:00,5.602503710795487,5.646928453432952,5.559312321897096,5.585474014282227,268248000
2018-05-03 00:00:00-04:00,5.617310099741476,5.776500238111336,5.572144418313135,5.750338554382324,443144000
2018-05-04 00:00:00-04:00,5.721709946592055,5.903359377958248,5.704433582860858,5.900150775909424,400660000
2018-05-07 00:00:00-04:00,6.0045490806614294,6.194589996888159,5.994676605184203,6.137577533721924,687616000
2018-05-08 00:00:00-04:00,6.137825638522399,6.182744659246491,6.088958003281233,6.18002986907959,506616000
2018-05-09 00:00:00-04:00,6.200019311349808,6.315030915426905,6.172870475691632,6.312809467315674,596760000
2018-05-10 00:00:00-04:00,6.365628330888021,6.429304216047019,6.347858152211436,6.420172691345215,994080000
2018-05-11 00:00:00-04:00,6.238768626377314,6.411779867810766,6.1834842650152755,6.281959533691406,1214456000
2018-05-14 00:00:00-04:00,6.319968440415287,6.379695702732293,6.278751837226178,6.302444934844971,523140000
2018-05-15 00:00:00-04:00,6.239014863309367,6.241730123647981,5.960370685970159,6.060574054718018,963528000
2018-05-16 00:00:00-04:00,6.02207338246265,6.133629742702751,5.985299203823298,6.071681499481201,553828000
2018-05-17 00:00:00-04:00,6.073408476923989,6.20717742641007,6.057365938004435,6.113637924194336,519784000
2018-05-18 00:00:00-04:00,6.165468693995751,6.228650767080164,6.0650181560818455,6.0699543952941895,483716000
2018-05-21 00:00:00-04:00,6.167195061757378,6.170897005032129,5.935443715399001,6.027996063232422,640624000
2018-05-22 00:00:00-04:00,6.041323114883037,6.066497173587623,5.929519639285764,5.989987373352051,518264000
2018-05-23 00:00:00-04:00,5.9339281044020975,6.114455273058823,5.933187163680392,6.11322021484375,442956000
2018-05-24 00:00:00-04:00,6.109515820940645,6.15915460865383,6.056419623975266,6.116924285888672,437372000
2018-05-25 00:00:00-04:00,6.129519836755912,6.172490632698799,6.093957977403313,6.156191349029541,292112000
2018-05-29 00:00:00-04:00,6.138163332343845,6.207065170517283,6.09247606783913,6.139151096343994,352684000
2018-05-30 00:00:00-04:00,6.172737507298921,6.256456271204634,6.1480415247137365,6.247812747955322,390996000
2018-05-31 00:00:00-04:00,6.215954069807508,6.3023897586846,6.20533502048328,6.228055000305176,493868000
2018-06-01 00:00:00-04:00,6.272756899780888,6.368330264555353,6.26411337467684,6.362155914306641,421968000
2018-06-04 00:00:00-04:00,6.396234033786173,6.562684243665887,6.364129590978997,6.54070520401001,642024000
2018-06-05 00:00:00-04:00,6.54391594141346,6.583676617202164,6.499216446209698,6.546138763427734,391712000
2018-06-06 00:00:00-04:00,6.456247544609345,6.551326793959483,6.439948258178943,6.548116207122803,371356000
2018-06-07 00:00:00-04:00,6.544409118069302,6.556263225034661,6.402407599734292,6.492547988891602,369448000
2018-06-08 00:00:00-04:00,6.4199436268639305,6.51971485651706,6.40117469773452,6.477238178253174,360456000
2018-06-11 00:00:00-04:00,6.46464423271628,6.506133154072825,6.42340213464301,6.436244010925293,265372000
2018-06-12 00:00:00-04:00,6.462667277065748,6.496747253066128,6.41253437046188,6.484646320343018,319160000
2018-06-13 00:00:00-04:00,6.486128776463721,6.560957201601177,6.471064079513934,6.480201721191406,338208000
2018-06-14 00:00:00-04:00,6.525150081275017,6.6481354478119785,6.510332204025281,6.59158182144165,430016000
2018-06-15 00:00:00-04:00,6.534532034851211,6.605656221892656,6.503662173452171,6.550831317901611,432260000
2018-06-18 00:00:00-04:00,6.50687161768719,6.564166157059547,6.479706464728393,6.546632289886475,356268000
2018-06-19 00:00:00-04:00,6.443651525723882,6.510824660757541,6.2979462048993335,6.4251298904418945,594932000
2018-06-20 00:00:00-04:00,6.4661260249231525,6.530829052004874,6.427847219889802,6.477980136871338,369780000
2018-06-21 00:00:00-04:00,6.509837114006674,6.528111926651796,6.341904977372701,6.349560737609863,359516000
2018-06-22 00:00:00-04:00,6.370303911094469,6.3836399007652025,6.182121471655866,6.197432518005371,434160000
2018-06-25 00:00:00-04:00,6.091240189126347,6.094944421100707,5.8168688949562775,5.905280113220215,665816000
2018-06-26 00:00:00-04:00,6.0183884672763535,6.066545376346424,5.924790646805313,5.976158142089844,478884000
2018-06-27 00:00:00-04:00,6.019623653064523,6.085808556712581,5.815882356392251,5.821315765380859,453892000
2018-06-28 00:00:00-04:00,5.811435361240297,5.9601048778730945,5.8037796032328295,5.948250770568848,338012000
2018-06-29 00:00:00-04:00,6.013201264125445,6.025795841393051,5.849220226089044,5.850455284118652,392300000
2018-07-02 00:00:00-04:00,5.781061989857715,5.986037893535877,5.7605643523862184,5.982333660125732,357572000
2018-07-03 00:00:00-04:00,6.016905854307813,6.022832908507527,5.8405770516988,5.848973751068115,222732000
2018-07-05 00:00:00-04:00,5.904046638727551,5.999372700130542,5.86527419108202,5.994433879852295,306216000
2018-07-06 00:00:00-04:00,5.9699831794953875,6.116429879101677,5.948744609142101,6.108033180236816,296352000
2018-07-09 00:00:00-04:00,6.182122806021269,6.191754094508613,6.076918160362605,6.155450820922852,303880000
2018-07-10 00:00:00-04:00,6.167798604991752,6.27621335831007,6.127544278022791,6.254234313964844,360016000
2018-07-11 00:00:00-04:00,6.161624717481892,6.196198812604628,6.102354167219034,6.112973690032959,367508000
2018-07-12 00:00:00-04:00,6.158168123967627,6.25225913402457,6.1482895406026,6.204349040985107,345508000
2018-07-13 00:00:00-04:00,6.222871092331809,6.222871092331809,6.115196795614873,6.157179832458496,246988000
2018-07-16 00:00:00-04:00,6.129519939422607,6.182369318371083,6.117172182602028,6.129519939422607,197036000
2018-07-17 00:00:00-04:00,6.080376339147286,6.280166132138102,6.054939409197928,6.265101432800293,362136000
2018-07-18 00:00:00-04:00,6.257691944212039,6.271521582769676,6.1650823536963735,6.21595573425293,277640000
2018-07-19 00:00:00-04:00,6.197187020853802,6.257692162692672,6.182122794486167,6.224105358123779,235752000
2018-07-20 00:00:00-04:00,6.221635686520507,6.260408131595907,6.185085592663818,6.19595193862915,222352000
2018-07-23 00:00:00-04:00,6.169527776530568,6.171256481420087,6.008016338916703,6.159402370452881,301584000
2018-07-24 00:00:00-04:00,6.20731080752556,6.293746500016172,6.1245793470867955,6.14211368560791,354620000
2018-07-25 00:00:00-04:00,6.151498793777645,6.232748381505611,6.093710129900585,6.220153331756592,319112000
2018-07-26 00:00:00-04:00,6.2001503662000355,6.330297340985421,6.183356965047485,6.2935004234313965,325124000
2018-07-27 00:00:00-04:00,6.330051247936575,6.336966067788398,6.1700216851546745,6.223858833312988,295420000
2018-07-30 00:00:00-04:00,6.237935809244623,6.243862865019842,5.994186994719472,6.029008388519287,340340000
2018-07-31 00:00:00-04:00,6.018635476894755,6.121617293888882,5.979863030994698,6.0470356941223145,283988000
2018-08-01 00:00:00-04:00,6.078400529764167,6.133472267190155,6.023081498023042,6.086796760559082,283556000
2018-08-02 00:00:00-04:00,6.0156724203761,6.193235857991941,5.956896450995273,6.189284801483154,269668000
2018-08-03 00:00:00-04:00,6.213731531261578,6.249540678019977,6.19693860433143,6.225832462310791,214288000
2018-08-06 00:00:00-04:00,6.213238787007001,6.276954037180822,6.166810583699202,6.273496627807617,207508000
2018-08-07 00:00:00-04:00,6.322147310792175,6.3641303384937755,6.295475801210022,6.345608234405518,258132000
2018-08-08 00:00:00-04:00,6.346844012338107,6.426858550158742,6.312022622276411,6.381911754608154,262100000
2018-08-09 00:00:00-04:00,6.399691950486458,6.40240841888095,6.325851302236531,6.333507061004639,204280000
2018-08-10 00:00:00-04:00,6.2517642675789,6.324617157051541,6.240651098980135,6.29226541519165,256396000
2018-08-13 00:00:00-04:00,6.300909521848901,6.4456275502576,6.299180817040954,6.325111389160156,375208000
2018-08-14 00:00:00-04:00,6.430316754671381,6.4703242640459075,6.347338443504889,6.456247329711914,466220000
2018-08-15 00:00:00-04:00,6.4769919237520055,6.51082555467929,6.319679294214552,6.398212432861328,591136000
2018-08-16 00:00:00-04:00,6.467853815635219,6.470323461195038,6.297698863546447,6.357709884643555,801260000
2018-08-17 00:00:00-04:00,6.246579361198237,6.247320302052949,6.019129831309684,6.046048641204834,1143188000
2018-08-20 00:00:00-04:00,6.005547967899716,6.253000565547568,5.895404015713325,6.120630741119385,854388000
2018-08-21 00:00:00-04:00,6.136929979043626,6.260409453587615,6.11717328195806,6.255964279174805,673988000
2018-08-22 00:00:00-04:00,6.22336509341703,6.495513651438657,6.219907683542983,6.490574359893799,749856000
2018-08-23 00:00:00-04:00,6.452047705061095,6.655048033237471,6.438218067769765,6.589850902557373,720684000
2018-08-24 00:00:00-04:00,6.598247692614494,6.737285479177759,6.593802519286906,6.722714900970459,531512000
2018-08-27 00:00:00-04:00,6.752350641222818,6.887684213973202,6.720987129308817,6.813596725463867,505776000
2018-08-28 00:00:00-04:00,6.807668042003626,6.830388494896594,6.656282043562281,6.776057243347168,475384000
2018-08-29 00:00:00-04:00,6.768398815747922,6.906277405595587,6.747643010485658,6.881320953369141,420108000
2018-08-30 00:00:00-04:00,6.850186574674709,6.961132100361953,6.827701119628795,6.864518165588379,346608000
2018-08-31 00:00:00-04:00,6.844503745123495,6.948283240284816,6.834619759253662,6.935434341430664,306592000
2018-09-04 00:00:00-04:00,6.92233777363557,7.04761441530764,6.89392202218405,7.010056495666504,391720000
2018-09-05 00:00:00-04:00,6.992512643685579,7.027846996897987,6.798790861002018,6.8795905113220215,393156000
2018-09-06 00:00:00-04:00,6.863281447613574,6.865752443712961,6.705882813566607,6.738746166229248,322796000
2018-09-07 00:00:00-04:00,6.646828170491714,6.842773992926049,6.602104219073162,6.7174973487854,295420000
2018-09-10 00:00:00-04:00,6.7399837840028995,6.818065491651865,6.696248130536074,6.788414001464844,220140000
2018-09-11 00:00:00-04:00,6.742206784512565,6.829678084094086,6.721450978773439,6.740724563598633,243112000
2018-09-12 00:00:00-04:00,6.700941459984335,6.720462001123825,6.471885331108481,6.627060413360596,419092000
2018-09-13 00:00:00-04:00,6.692787900291968,6.79508470247253,6.675491396456412,6.704648494720459,305536000
2018-09-14 00:00:00-04:00,6.794836802832286,6.896392244879373,6.758019762071219,6.830418109893799,386936000
2018-09-17 00:00:00-04:00,6.8049674556554685,6.853892045340338,6.749371223901232,6.768644332885742,205528000
2018-09-18 00:00:00-04:00,6.772599233888098,6.875142994119169,6.6900699321559305,6.696741104125977,299520000
2018-09-19 00:00:00-04:00,6.678209366866817,6.738253213919687,6.62829646388271,6.720462322235107,224860000
2018-09-20 00:00:00-04:00,6.598644128958862,6.640897078892161,6.52575139250349,6.579617977142334,430584000
2018-09-21 00:00:00-04:00,6.591478703181241,6.636943996137728,6.476579972697522,6.509690284729004,435128000
2018-09-24 00:00:00-04:00,6.478804594642573,6.56874689099045,6.39182768271744,6.5652875900268555,293912000
2018-09-25 00:00:00-04:00,6.63126152780852,6.657206284213501,6.54576683950899,6.63224983215332,280388000
2018-09-26 00:00:00-04:00,6.637192757677602,6.677469110976878,6.579619897678231,6.595433712005615,268548000
2018-09-27 00:00:00-04:00,6.630518972690883,6.65176916175962,6.5759115150664655,6.607292175292969,214428000
2018-09-28 00:00:00-04:00,6.738994228619711,6.966073277335361,6.711072394239323,6.9438347816467285,709396000
2018-10-01 00:00:00-04:00,7.021422424633364,7.216626418157375,6.982875730926572,7.149911403656006,622060000
2018-10-02 00:00:00-04:00,7.1224853094943965,7.2339242939185135,7.056511157190936,7.078749656677246,383964000
2018-10-03 00:00:00-04:00,7.148923674569364,7.156336664507678,6.981147102560318,7.084926605224609,320552000
2018-10-04 00:00:00-04:00,7.048850337782409,7.073065443161982,6.824241803496959,6.901088237762451,391220000
2018-10-05 00:00:00-04:00,6.8763792494402605,6.938399709570502,6.6107530029433645,6.668078899383545,426636000
2018-10-08 00:00:00-04:00,6.585054450731145,6.7002001469970525,6.426420067086753,6.5670166015625,408612000
2018-10-09 00:00:00-04:00,6.5465062511253915,6.6408961219306955,6.493628449595803,6.5613322257995605,273500000
2018-10-10 00:00:00-04:00,6.455576410594485,6.501289130737477,6.06862728814772,6.0708513259887695,684940000
2018-10-11 00:00:00-04:00,5.983875575013629,6.1170596121104275,5.788424588402365,5.809921741485596,725436000
2018-10-12 00:00:00-04:00,6.066404681163061,6.165983528734327,5.921607494025776,6.091855049133301,608236000
2018-10-15 00:00:00-04:00,6.07851358673675,6.07851358673675,5.815111339166399,5.816099643707275,449760000
2018-10-16 00:00:00-04:00,5.928526238278297,6.085430981888948,5.879354680244968,6.07431173324585,408712000
2018-10-17 00:00:00-04:00,6.136331638373234,6.174384415634932,5.956941455350333,6.005866050720215,329668000
2018-10-18 00:00:00-04:00,6.075052376213033,6.113351639433158,5.858350767531739,5.918641567230225,524020000
2018-10-19 00:00:00-04:00,5.973742485439759,5.993262549819239,5.626328415777557,5.662651062011719,613608000
2018-10-22 00:00:00-04:00,5.7147900728623195,5.814615882560843,5.610763616166255,5.7133073806762695,368844000
2018-10-23 00:00:00-04:00,5.446693871634709,5.539601568434967,5.354774950675568,5.462261199951172,626436000
2018-10-24 00:00:00-04:00,5.423958824340909,5.470412414579065,4.913462776813619,4.927299976348877,884288000
2018-10-25 00:00:00-04:00,4.829945034095181,5.182795024597127,4.785715011630899,5.1356000900268555,951720000
2018-10-26 00:00:00-04:00,4.900119694605177,5.0614720047943615,4.771878164157613,4.899625778198242,664784000
2018-10-29 00:00:00-04:00,5.040469414744137,5.043928714885317,4.349100475165617,4.586557865142822,758016000
2018-10-30 00:00:00-04:00,4.609538199239454,5.025891408463385,4.586558358134041,5.016007423400879,807192000
2018-10-31 00:00:00-04:00,5.180325571282585,5.252971359393127,5.040964292333446,5.209482669830322,745772000
2018-11-01 00:00:00-04:00,5.245805181764511,5.398756701387198,5.119540234767627,5.38936710357666,566528000
2018-11-02 00:00:00-04:00,5.379976973905602,5.485486106246861,5.1941621159627385,5.310543537139893,452960000
2018-11-05 00:00:00-05:00,5.297446852435231,5.320674120491203,5.072344443286182,5.23270845413208,379332000
2018-11-06 00:00:00-05:00,5.224802648403968,5.308814644584688,5.178101615555267,5.215166091918945,299012000
2018-11-07 00:00:00-05:00,5.281634986514557,5.3720712108376105,5.218131827199866,5.282623291015625,483812000
2018-11-08 00:00:00-05:00,5.223566509948047,5.224307855973232,5.036516377365908,5.089889049530029,511352000
2018-11-09 00:00:00-05:00,5.001182011826007,5.172170903514571,4.967577310306825,5.081981658935547,413240000
2018-11-12 00:00:00-05:00,4.9908039983071895,5.012795535089188,4.661674649055503,4.683419227600098,617116000
2018-11-13 00:00:00-05:00,4.781020167866618,5.045904485493636,4.774842443244966,4.92482852935791,644712000
2018-11-14 00:00:00-05:00,5.09754750028647,5.111879087537708,4.764712422163777,4.872445106506348,526580000
2018-11-15 00:00:00-05:00,4.866516727689467,5.072840482820242,4.830687981095732,5.000936031341553,840708000
2018-11-16 00:00:00-05:00,4.03553890097599,4.216905690296646,3.9932854776721305,4.062966346740723,1963520000
2018-11-19 00:00:00-05:00,3.9977339655585413,3.9984748403469115,3.5737205315327403,3.5754501819610596,1697820000
2018-11-20 00:00:00-05:00,3.3125420597976776,3.8116717964470435,3.294010057699916,3.6836771965026855,1692032000
2018-11-21 00:00:00-05:00,3.820566870062842,3.837369220136449,3.548516455386355,3.5756967067718506,1025496000
2018-11-23 00:00:00-05:00,3.5411045220476995,3.6962793968253616,3.5282556215501684,3.5828633308410645,411968000
2018-11-26 00:00:00-05:00,3.703691870649483,3.79215146946641,3.621409527282587,3.781773567199707,814832000
2018-11-27 00:00:00-05:00,3.7558280641965505,3.879622235411887,3.71999956330266,3.7985754013061523,738060000
2018-11-28 00:00:00-05:00,3.915945294594356,3.9604222864596554,3.783750052824918,3.955233335494995,804524000
2018-11-29 00:00:00-05:00,3.9574601621585717,3.9945612568256053,3.8619865150031867,3.8921620845794678,549172000
2018-11-30 00:00:00-05:00,3.9018069041269503,4.052932375709756,3.8515966290963775,4.042296886444092,729564000
2018-12-03 00:00:00-05:00,4.269108071615382,4.320555073285009,4.139006392302368,4.205788612365723,890804000
2018-12-04 00:00:00-05:00,4.161268502328295,4.166215439909608,3.8708899653815085,3.8859779834747314,812112000
2018-12-06 00:00:00-05:00,3.745734938992269,3.9201104564843448,3.7301525121877592,3.91516375541687,692308000
2018-12-07 00:00:00-05:00,3.9193690831005537,3.9295101641674255,3.6017830797258505,3.651003837585449,681676000
2018-12-10 00:00:00-05:00,3.6062352421479384,3.7808582378512963,3.6025250386487686,3.7561240196228027,629472000
2018-12-11 00:00:00-05:00,3.8476393355331524,3.855801592585748,3.5864471098500994,3.665349006652832,671912000
2018-12-12 00:00:00-05:00,3.6710375067779264,3.7788782206978784,3.5819947738975864,3.6829099655151367,654136000
2018-12-13 00:00:00-05:00,3.7296576806140096,3.793719001292496,3.646798377869363,3.6826627254486084,471384000
2018-12-14 00:00:00-05:00,3.64110957786226,3.7247109734410984,3.598814351489918,3.62231183052063,471820000
2018-12-17 00:00:00-05:00,3.5923835734899243,3.6643597162474855,3.4934469535251655,3.5513248443603516,662868000
2018-12-18 00:00:00-05:00,3.5951042522127103,3.718280203883711,3.567896805524452,3.6344316005706787,564372000
2018-12-19 00:00:00-05:00,3.600793542984009,3.6542193866108357,3.374476326159526,3.4259233474731445,745364000
2018-12-20 00:00:00-05:00,3.4175132200268785,3.507298048652878,3.281970168780476,3.3415794372558594,749588000
2018-12-21 00:00:00-05:00,3.368045546761011,3.4009420238946313,3.177345474829577,3.2048003673553467,863740000
2018-12-24 00:00:00-05:00,3.128619894372053,3.2149419954898124,3.07939889092642,3.1432130336761475,463840000
2018-12-26 00:00:00-05:00,3.189218062380206,3.2931014053280694,3.078409194686885,3.292112112045288,695100000
2018-12-27 00:00:00-05:00,3.23992198253061,3.2743023900891655,3.0962166815121286,3.2443740367889404,637044000
2018-12-28 00:00:00-05:00,3.264903560002922,3.3982205837293376,3.2231029813274588,3.3057148456573486,628728000
2018-12-31 00:00:00-05:00,3.3490000177104666,3.381401609081078,3.271334844675895,3.3020052909851074,465140000
2019-01-02 00:00:00-05:00,3.231265932474815,3.4251813233405146,3.2166727958069883,3.3692822456359863,508752000
2019-01-03 00:00:00-05:00,3.3091786116658763,3.3430643846937267,3.158300529541503,3.1657207012176514,705552000
2019-01-04 00:00:00-05:00,3.23868531328507,3.4066299466717007,3.208015107582364,3.368539571762085,585620000
2019-01-07 00:00:00-05:00,3.4256764133698905,3.58372745732404,3.3744765933643506,3.5468735694885254,709160000
2019-01-08 00:00:00-05:00,3.628248940492641,3.630475204361462,3.386101819055723,3.4585728645324707,786016000
2019-01-09 00:00:00-05:00,3.5097716640211716,3.573833229853513,3.459314176096234,3.5265910625457764,617260000
2019-01-10 00:00:00-05:00,3.5072984808573757,3.600793287782794,3.446947117236109,3.5921363830566406,523156000
2019-01-11 00:00:00-05:00,3.569875552926927,3.703934678034914,3.5421734584487603,3.6811792850494385,874764000
2019-01-14 00:00:00-05:00,3.628990048105779,3.746229770556117,3.605492568196538,3.721000909805298,730168000
2019-01-15 00:00:00-05:00,3.7536497847506585,3.7929771318155847,3.6885991673420664,3.706902503967285,617012000
2019-01-16 00:00:00-05:00,3.7341100345948863,3.7670062699675806,3.6759849389447896,3.6814262866973877,470104000
2019-01-17 00:00:00-05:00,3.648529989064555,3.792482506736649,3.621322307234073,3.7526605129241943,493436000
2019-01-18 00:00:00-05:00,3.8023764058608873,3.9074964658686007,3.7509293895857754,3.8815255165100098,651336000
2019-01-22 00:00:00-05:00,3.851349739237238,3.8629747583201457,3.6495193296018464,3.679694890975952,661552000
2019-01-23 00:00:00-05:00,3.7348525645319417,3.823400673370535,3.6613922382278936,3.6925570964813232,591020000
2019-01-24 00:00:00-05:00,3.7769000665128636,3.9215944355252352,3.7722005707158295,3.9040334224700928,708972000
2019-01-25 00:00:00-05:00,3.8446713738435534,3.979224899976783,3.742272230696433,3.9611690044403076,1154572000
2019-01-28 00:00:00-05:00,3.377444067456263,3.5033406966245266,3.240169859925918,3.413555860519409,2511528000
2019-01-29 00:00:00-05:00,3.3675513408905506,3.4157830490334176,3.2404179429634667,3.2550110816955566,1153932000
2019-01-30 00:00:00-05:00,3.3309441284015135,3.412566710091489,3.2515475742334536,3.398221015930176,974228000
2019-01-31 00:00:00-05:00,3.3950048934755297,3.5911464980654273,3.3732387966920054,3.5555293560028076,842852000
2019-02-01 00:00:00-05:00,3.574080107297175,3.6307212618017637,3.5265907390049978,3.5797688961029053,625048000
2019-02-04 00:00:00-05:00,3.5955993656813554,3.72693759200291,3.573586058614457,3.6898365020751953,528592000
2019-02-05 00:00:00-05:00,3.7017086512924178,3.7454880591567816,3.668070324166557,3.7088816165924072,542424000
2019-02-06 00:00:00-05:00,3.742025362473618,3.848629607118048,3.7365840139771294,3.784320831298828,702464000
2019-02-07 00:00:00-05:00,3.7380677938201123,3.7402938213718713,3.6035142528418165,3.646304130554199,637120000
2019-02-08 00:00:00-05:00,3.579275006850071,3.675490733915483,3.5649293111998634,3.6648552417755127,461604000
2019-02-11 00:00:00-05:00,3.6208276550645118,3.6749953415540433,3.5740801382067535,3.62231183052063,495180000
2019-02-12 00:00:00-05:00,3.6606505051856875,3.7546402074135017,3.6463045732075137,3.7390575408935547,591060000
2019-02-13 00:00:00-05:00,3.7684910030988537,3.8543184402777513,3.7548871599384235,3.7813527584075928,605372000
2019-02-14 00:00:00-05:00,3.780363471800342,3.85036103826904,3.7373259145717483,3.8221640586853027,827264000
2019-02-15 00:00:00-05:00,4.030425531400873,4.053180691522947,3.8689117316041908,3.891667127609253,1516748000
2019-02-19 00:00:00-05:00,3.8810312508872418,3.9547390207378252,3.8619860591357598,3.8743529319763184,551892000
2019-02-20 00:00:00-05:00,3.9035394354037853,3.9886247899066,3.8924092963662886,3.921595335006714,540988000
2019-02-21 00:00:00-05:00,3.934209605693475,3.9586961457160683,3.8382410884779223,3.8528342247009277,448548000
2019-02-22 00:00:00-05:00,3.9045284220580823,3.9562226446169366,3.8909245799602954,3.937424659729004,401740000
2019-02-25 00:00:00-05:00,4.020778959960253,4.088055612606229,3.9164007472769002,3.925057888031006,656020000
2019-02-26 00:00:00-05:00,3.9203590817077,3.976258165185484,3.852340093394142,3.8857312202453613,488464000
2019-02-27 00:00:00-05:00,3.8713856170183063,3.8978509835110104,3.78704210720999,3.843930721282959,500256000
2019-02-28 00:00:00-05:00,3.8377403961328027,3.860024087826007,3.797134736342679,3.81941819190979,324944000
2019-03-01 00:00:00-05:00,3.8691850877408642,3.915733096990201,3.811000076179193,3.8736419677734375,357188000
2019-03-04 00:00:00-05:00,3.9120185178973528,3.9347973615143252,3.8253597864383737,3.8818118572235107,409992000
2019-03-05 00:00:00-05:00,3.866213574596318,3.9135044323983146,3.811990055268509,3.8753747940063477,362924000
2019-03-06 00:00:00-05:00,3.866461294665398,3.8748794253731376,3.761975742505738,3.7646992206573486,403524000
2019-03-07 00:00:00-05:00,3.7411779968734797,3.7508343739462235,3.6495674434551257,3.69562029838562,450104000
2019-03-08 00:00:00-05:00,3.6064858502324504,3.740435470427029,3.5851924698031974,3.7297887802124023,422416000
2019-03-11 00:00:00-04:00,3.7533110440912147,4.012544022728501,3.706267631979715,3.9897654056549072,859728000
2019-03-12 00:00:00-04:00,4.017496144096804,4.070233975450993,3.9414840664024604,4.0239338874816895,579576000
2019-03-13 00:00:00-04:00,4.061320716072687,4.204183650124682,4.053892659553967,4.174967288970947,768900000
2019-03-14 00:00:00-04:00,4.184127258205856,4.196011956175132,4.091526164801752,4.099201679229736,519384000
2019-03-15 00:00:00-04:00,4.142282198896993,4.247015421169146,4.138815868977897,4.2044291496276855,661484000
2019-03-18 00:00:00-04:00,4.2358752387379175,4.289603845788803,4.1561491471070315,4.1831374168396,486992000
2019-03-19 00:00:00-04:00,4.277470670939343,4.394831471395088,4.260634409266724,4.35051155090332,854972000
2019-03-20 00:00:00-04:00,4.3794821846311995,4.4327154135192925,4.2834147235026565,4.318078517913818,719148000
2019-03-21 00:00:00-04:00,4.3411019607380785,4.5805271168807415,4.336149926190158,4.554281711578369,824312000
2019-03-22 00:00:00-04:00,4.527048099584981,4.575576733359796,4.3809663334740065,4.394831657409668,747644000
2019-03-25 00:00:00-04:00,4.354225351924067,4.4183524656052064,4.236617103821778,4.302725315093994,525212000
2019-03-26 00:00:00-04:00,4.444102371215902,4.500059049764365,4.323027795717588,4.379232406616211,703508000
2019-03-27 00:00:00-04:00,4.404734708346293,4.451034773354926,4.300744330698513,4.370070934295654,474372000
2019-03-28 00:00:00-04:00,4.396068461197213,4.454253694672831,4.335655142438676,4.388640880584717,480264000
2019-03-29 00:00:00-04:00,4.455245224668751,4.47010133445733,4.404983422748778,4.445836544036865,456896000
2019-04-01 00:00:00-04:00,4.537446476833416,4.543388825178386,4.465891308838393,4.513182163238525,483824000
2019-04-02 00:00:00-04:00,4.537200433547039,4.575330081102811,4.49436620896686,4.531010150909424,440920000
2019-04-03 00:00:00-04:00,4.580528702250554,4.729086484341547,4.575576665988681,4.670158386230469,783504000
2019-04-04 00:00:00-04:00,4.654807604136904,4.703584172174699,4.59860345356439,4.661245346069336,457376000
2019-04-05 00:00:00-04:00,4.704326590039095,4.745180179212573,4.667930116677095,4.727848052978516,481744000
2019-04-08 00:00:00-04:00,4.69739320876047,4.773652946849277,4.673376356993114,4.748645782470703,424192000
2019-04-09 00:00:00-04:00,4.715220990409292,4.726362835470245,4.643913276469628,4.686004638671875,439972000
2019-04-10 00:00:00-04:00,4.685261650699868,4.782071450392167,4.680805007254649,4.756321430206299,444772000
2019-04-11 00:00:00-04:00,4.758797778090692,4.79024268901286,4.6931849502183125,4.742456436157227,374600000
2019-04-12 00:00:00-04:00,4.7810803497832675,4.785042072332913,4.6959073291084215,4.704573154449463,471708000
2019-04-15 00:00:00-04:00,4.696899617196402,4.701851654403267,4.533486167387928,4.57310152053833,440092000
2019-04-16 00:00:00-04:00,4.612222633914826,4.678825796841992,4.579539939130361,4.660008430480957,394964000
2019-04-17 00:00:00-04:00,4.6949178621396275,4.715715846704068,4.614944322265305,4.637228012084961,351004000
2019-04-18 00:00:00-04:00,4.643913169936649,4.67783362459838,4.5849850753044725,4.612715721130371,380988000
2019-04-22 00:00:00-04:00,4.58919424088744,4.682042789821907,4.557749804332199,4.666444301605225,279936000
2019-04-23 00:00:00-04:00,4.6795672814140925,4.752113246455217,4.669911140835929,4.720915794372559,346856000
2019-04-24 00:00:00-04:00,4.731313389637736,4.773900135261135,4.670652613447029,4.733294486999512,318204000
2019-04-25 00:00:00-04:00,4.693184905223643,4.7154685960331095,4.548341387214284,4.627819538116455,499296000
2019-04-26 00:00:00-04:00,4.474309051800788,4.478766167098218,4.290840528627895,4.4094390869140625,868988000
2019-04-29 00:00:00-04:00,4.41736259516939,4.467872324386639,4.3453120284149875,4.440141677856445,391920000
2019-04-30 00:00:00-04:00,4.407953864018122,4.506992223506752,4.388889044751232,4.481490135192871,362920000
2019-05-01 00:00:00-04:00,4.533733423610305,4.575824789086137,4.468120121036333,4.468368053436279,354280000
2019-05-02 00:00:00-04:00,4.4780238221047926,4.5773096421118185,4.434942147363374,4.5357136726379395,394684000
2019-05-03 00:00:00-04:00,4.5441316851131495,4.55403528420273,4.4698525668067814,4.531256675720215,336824000
2019-05-06 00:00:00-04:00,4.345311165735565,4.465147959739121,4.308171846898487,4.4530158042907715,422176000
2019-05-07 00:00:00-04:00,4.404735681096283,4.404735681096283,4.23810339107594,4.286137104034424,555220000
2019-05-08 00:00:00-04:00,4.258653132717726,4.386164973810182,4.246768436734894,4.306191444396973,419168000
2019-05-09 00:00:00-04:00,4.23736147233168,4.2470176146288425,4.0952413999958726,4.213839530944824,660248000
2019-05-10 00:00:00-04:00,4.183138114511036,4.248503499358064,4.060577781796712,4.179919242858887,569500000
2019-05-13 00:00:00-04:00,4.0481968668301915,4.07122340919331,3.9073146067804436,3.9231607913970947,656912000
2019-05-14 00:00:00-04:00,3.962776755313163,4.047207428894488,3.924151952360946,4.012048721313477,524880000
2019-05-15 00:00:00-04:00,3.9565861680085823,3.987535685228147,3.897410847872491,3.951139211654663,502320000
2019-05-16 00:00:00-04:00,3.9456920247122484,4.008829068263898,3.903353202214998,3.9662423133850098,781088000
2019-05-17 00:00:00-04:00,3.9243983529422812,4.053395900789907,3.8362541529146705,3.875621795654297,1022068000
2019-05-20 00:00:00-04:00,3.7770792008518894,3.83204557498286,3.7325118194211386,3.7572715282440186,572064000
2019-05-21 00:00:00-04:00,3.8179316784611848,3.8550709970416204,3.7793066549069554,3.8392248153686523,361848000
2019-05-22 00:00:00-04:00,3.800601312628378,3.826598797197206,3.757519395716149,3.768413782119751,325868000
2019-05-23 00:00:00-04:00,3.706266993246436,3.706266993246436,3.5879161027604103,3.6475868225097656,591844000
2019-05-24 00:00:00-04:00,3.666403246980488,3.701561945118981,3.587172564176269,3.593857765197754,357584000
2019-05-28 00:00:00-04:00,3.6114373482718416,3.644120030658878,3.5468146000057823,3.548795461654663,428356000
2019-05-29 00:00:00-04:00,3.5012569849778905,3.536167989916481,3.440100802270634,3.474764347076416,559800000
2019-05-30 00:00:00-04:00,3.4779873758502218,3.5136819352519106,3.4100685450167556,3.448241949081421,394300000
2019-05-31 00:00:00-04:00,3.399409121089743,3.4665842397642948,3.356030292484083,3.3577654361724854,389720000
2019-06-03 00:00:00-04:00,3.3689203095444507,3.4075894322198153,3.286872590658536,3.31612229347229,478644000
2019-06-04 00:00:00-04:00,3.380073986051971,3.5498710052064095,3.3580128434275585,3.544665575027466,641836000
2019-06-05 00:00:00-04:00,3.6182866816974353,3.623740092545585,3.465841284528512,3.5020315647125244,511616000
2019-06-06 00:00:00-04:00,3.5062451435420043,3.5885408363110862,3.5037662992283582,3.5640008449554443,408140000
2019-06-07 00:00:00-04:00,3.569949813087888,3.6408429606015114,3.5508629964225635,3.606635808944702,348856000
2019-06-10 00:00:00-04:00,3.662655860005159,3.7476783604791355,3.662655860005159,3.6792638301849365,402780000
2019-06-11 00:00:00-04:00,3.7390024484966653,3.7766801191041734,3.6973590059038157,3.736771583557129,383872000
2019-06-12 00:00:00-04:00,3.6933934227785716,3.6995905336047556,3.6088668641116373,3.6239874362945557,358892000
2019-06-13 00:00:00-04:00,3.646048775351264,3.693393617134934,3.628449357911743,3.675050735473633,308080000
2019-06-14 00:00:00-04:00,3.582096256631189,3.6063882708533113,3.54070054629191,3.5853185653686523,394428000
2019-06-17 00:00:00-04:00,3.5835829437204834,3.6319194595030355,3.5607780974032335,3.5949854850769043,276040000
2019-06-18 00:00:00-04:00,3.656211078416756,3.8448467027624322,3.645304496180876,3.789569854736328,581920000
2019-06-19 00:00:00-04:00,3.824769771742642,3.8361720787302276,3.769492671567909,3.795520067214966,331644000
2019-06-20 00:00:00-04:00,3.8859955019712755,3.899876652621629,3.8054349487239656,3.8198118209838867,350168000
2019-06-21 00:00:00-04:00,3.8049387644565194,3.854018743770108,3.7553628271980513,3.761807680130005,434428000
2019-06-24 00:00:00-04:00,3.7831253019121576,3.8136144224712325,3.7360282095377864,3.784116744995117,282948000
2019-06-25 00:00:00-04:00,3.7890744638641545,3.8639338543318824,3.752140490175782,3.7548670768737793,311868000
2019-06-26 00:00:00-04:00,3.8820294672374502,4.008695675277993,3.869139759890773,3.9477171897888184,584072000
2019-06-27 00:00:00-04:00,4.033235228451945,4.06521151620896,3.9972926952527104,4.0461249351501465,445440000
2019-06-28 00:00:00-04:00,4.089998460579333,4.099170134918949,4.024310757808632,4.070911884307861,397668000
2019-07-01 00:00:00-04:00,4.277644134618608,4.31185152757884,4.081571927225259,4.119001865386963,709756000
2019-07-02 00:00:00-04:00,4.102392331026938,4.123462266558807,4.0081986322481065,4.021336078643799,400228000
2019-07-03 00:00:00-04:00,4.044637757349251,4.050339146838911,3.974488303601062,4.034226894378662,246636000
2019-07-05 00:00:00-04:00,3.975976169088222,3.9804379004835693,3.9085528217218655,3.971762180328369,396552000
2019-07-08 00:00:00-04:00,3.9122703968576604,3.931109235231609,3.866908681042539,3.896901845932007,329788000
2019-07-09 00:00:00-04:00,3.854762903707792,3.9273914426895513,3.842121174534404,3.899381160736084,342860000
2019-07-10 00:00:00-04:00,3.942759210102369,4.0248069166687825,3.9288780613992538,3.9675471782684326,452076000
2019-07-11 00:00:00-04:00,4.040422057235071,4.162378504350351,4.003240351980227,4.1217265129089355,682560000
2019-07-12 00:00:00-04:00,4.149489603741981,4.22558864483207,4.149489603741981,4.1546950340271,506392000
2019-07-15 00:00:00-04:00,4.175765327689639,4.191877105022038,4.118009631723078,4.146267414093018,289840000
2019-07-16 00:00:00-04:00,4.131395050866482,4.16857676853829,4.086033099999635,4.1415581703186035,341444000
2019-07-17 00:00:00-04:00,4.143293774558623,4.213691445213461,4.11404407145494,4.206750869750977,348204000
2019-07-18 00:00:00-04:00,4.217160815944709,4.281113382454656,4.1606443085040645,4.218400001525879,442192000
2019-07-19 00:00:00-04:00,4.256573114369994,4.2630177296338445,4.1693195198469475,4.175268650054932,344896000
2019-07-22 00:00:00-04:00,4.1965869057671945,4.259548030291046,4.189150373784258,4.2466583251953125,315940000
2019-07-23 00:00:00-04:00,4.285824199703994,4.356221396581559,4.270207432340897,4.354238510131836,428176000
2019-07-24 00:00:00-04:00,4.397368207185931,4.4343021761491705,4.321517383331165,4.428600788116455,366236000
2019-07-25 00:00:00-04:00,4.387206598808334,4.399848564730551,4.274421767187455,4.297722339630127,392700000
2019-07-26 00:00:00-04:00,4.324740369252087,4.386214094427422,4.324740369252087,4.33961296081543,274160000
2019-07-29 00:00:00-04:00,4.332423588609222,4.349527277496589,4.245418216332081,4.3334150314331055,248160000
2019-07-30 00:00:00-04:00,4.287062718608438,4.36117840703827,4.2726856121064625,4.349032402038574,197772000
2019-07-31 00:00:00-04:00,4.317550164336075,4.318542079867485,4.140069148446746,4.18220853805542,359416000
2019-08-01 00:00:00-04:00,4.192620600599716,4.282848534973914,4.03596125562201,4.088016033172607,421212000
2019-08-02 00:00:00-04:00,3.995556592941284,4.06471505585249,3.948212001937683,3.995556592941284,428348000
2019-08-05 00:00:00-04:00,3.812375055230867,3.8136144773001788,3.690914529185375,3.7377636432647705,589156000
2019-08-06 00:00:00-04:00,3.81237480422896,3.857736514280389,3.728839700701017,3.7764322757720947,361272000
2019-08-07 00:00:00-04:00,3.715702523732139,3.8265044533167827,3.698351086327852,3.814606189727783,372560000
2019-08-08 00:00:00-04:00,3.872113689689733,3.9241682321295746,3.8148537166454655,3.922928810119629,309300000
2019-08-09 00:00:00-04:00,3.88202880975371,3.8854990968057885,3.771474872818401,3.821794271469116,341816000
2019-08-12 00:00:00-04:00,3.769739980519211,3.821794526165038,3.7323102845376672,3.7541236877441406,279200000
2019-08-13 00:00:00-04:00,3.752637142690735,3.9140062473628996,3.713720273165741,3.8681485652923584,351956000
2019-08-14 00:00:00-04:00,3.7801508866940603,3.7913054492057885,3.676289773160059,3.719916343688965,419880000
2019-08-15 00:00:00-04:00,3.7387550279949506,3.7585853080031844,3.6534847766804277,3.6876919269561768,477200000
2019-08-16 00:00:00-04:00,3.949947557940962,4.004232727881584,3.888721341218695,3.955152988433838,1007960000
2019-08-19 00:00:00-04:00,4.068184332583773,4.249135623212092,4.052072088878492,4.23327112197876,815112000
2019-08-20 00:00:00-04:00,4.2278195977279545,4.228315555656023,4.140070503796948,4.161140441894531,463188000
2019-08-21 00:00:00-04:00,4.227074819267649,4.299455345255577,4.205509401532645,4.244426250457764,427244000
2019-08-22 00:00:00-04:00,4.254094466555244,4.296481607546231,4.211459110233813,4.250624179840088,303488000
2019-08-23 00:00:00-04:00,4.1742775901702895,4.2285629946070005,4.006711431650754,4.026541709899902,568056000
2019-08-26 00:00:00-04:00,4.105119618507018,4.129163884209364,4.062980217889895,4.101153373718262,318208000
2019-08-27 00:00:00-04:00,4.13932763285051,4.142054220023411,3.981429064319112,4.010678768157959,290968000
2019-08-28 00:00:00-04:00,3.9843777508732217,4.052859785496101,3.945173900337365,4.00025749206543,255612000
2019-08-29 00:00:00-04:00,4.0915652199286425,4.17592742844338,4.0880914986342365,4.14367151260376,357976000
2019-08-30 00:00:00-04:00,4.189823101263714,4.239448106163374,4.138213247610987,4.1563262939453125,290616000
2019-09-03 00:00:00-04:00,4.083625171547683,4.116625522376984,4.050624820718381,4.073451995849609,296140000
2019-09-04 00:00:00-04:00,4.133995447646927,4.194786060258999,4.133995447646927,4.187342166900635,227728000
2019-09-05 00:00:00-04:00,4.289321741960317,4.465986085467713,4.287584880726188,4.45978307723999,695676000
2019-09-06 00:00:00-04:00,4.436460015298842,4.493280473764116,4.394775335869702,4.432738304138184,376976000
2019-09-09 00:00:00-04:00,4.4637522898818425,4.564987152602954,4.462263416626171,4.478639602661133,417524000
2019-09-10 00:00:00-04:00,4.445887854419998,4.571686777215572,4.436211123418617,4.545137882232666,352812000
2019-09-11 00:00:00-04:00,4.559777403712635,4.621808437111051,4.530746736211372,4.573672294616699,361512000
2019-09-12 00:00:00-04:00,4.620071283804986,4.6746584193729,4.564243262622348,4.572183132171631,327840000
2019-09-13 00:00:00-04:00,4.5056847070655515,4.5426552320366245,4.470699030616971,4.514369010925293,324592000
2019-09-16 00:00:00-04:00,4.439436194793438,4.5059333627447185,4.429015028616985,4.471444129943848,231832000
2019-09-17 00:00:00-04:00,4.478144219521308,4.497001705724106,4.431744940740635,4.492783546447754,223048000
2019-09-18 00:00:00-04:00,4.485836191910457,4.50146794370118,4.379390729822373,4.465737819671631,258152000
2019-09-19 00:00:00-04:00,4.471692874494908,4.4900543855638855,4.379638751098391,4.390308380126953,245476000
2019-09-20 00:00:00-04:00,4.389315980085497,4.412887601997053,4.274682658844729,4.284855365753174,350244000
2019-09-23 00:00:00-04:00,4.285103736213856,4.383608854453236,4.281381552536594,4.338201999664307,249712000
2019-09-24 00:00:00-04:00,4.369466098255861,4.398992741117697,4.245404032758619,4.280885696411133,317268000
2019-09-25 00:00:00-04:00,4.280389417695528,4.441918475704812,4.235726996619059,4.422316551208496,308432000
2019-09-26 00:00:00-04:00,4.412639759567855,4.421324066519282,4.349367839482623,4.400233268737793,234564000
2019-09-27 00:00:00-04:00,4.358548522555069,4.409165963125771,4.2012376289244715,4.261780261993408,362056000
2019-09-30 00:00:00-04:00,4.287585073796738,4.329269745292927,4.256321096915382,4.319096565246582,186184000
2019-10-01 00:00:00-04:00,4.34217243287037,4.491047010934916,4.312645789053364,4.317359924316406,366008000
2019-10-02 00:00:00-04:00,4.295524372954725,4.30743441273116,4.221335322035488,4.293539524078369,293372000
2019-10-03 00:00:00-04:00,4.298004516912665,4.504939864385744,4.267733450008104,4.49873685836792,450588000
2019-10-04 00:00:00-04:00,4.500971908211548,4.544393918211177,4.435963597026066,4.515115261077881,265524000
2019-10-07 00:00:00-04:00,4.5798753033046955,4.673169841237255,4.571190996489656,4.573672294616699,480984000
2019-10-08 00:00:00-04:00,4.482114082791431,4.482114082791431,4.379390802700661,4.397503852844238,444436000
2019-10-09 00:00:00-04:00,4.474175176273598,4.533228947774305,4.445392964066944,4.483851909637451,292412000
2019-10-10 00:00:00-04:00,4.481617029796941,4.5922801532266915,4.476406447032556,4.541414737701416,309124000
2019-10-11 00:00:00-04:00,4.62528122390011,4.697981398600452,4.606423740557816,4.6148600578308105,446404000
2019-10-14 00:00:00-04:00,4.606175486565861,4.649101038214642,4.575159974748541,4.62825870513916,200040000
2019-10-15 00:00:00-04:00,4.718328480278698,4.944865829725938,4.704433116791738,4.872413158416748,664124000
2019-10-16 00:00:00-04:00,4.8384195350964045,4.943128115909698,4.807404025256043,4.818817615509033,428944000
2019-10-17 00:00:00-04:00,4.863232748568946,4.908143152806004,4.766464021904346,4.820803642272949,263436000
2019-10-18 00:00:00-04:00,4.821299651818596,4.853804039838178,4.652327188895104,4.726516246795654,307440000
2019-10-21 00:00:00-04:00,4.787803578592873,4.876880437999623,4.768946089803577,4.863481521606445,261868000
2019-10-22 00:00:00-04:00,4.920300354826486,5.025256921130636,4.845863322136834,4.853555202484131,328720000
2019-10-23 00:00:00-04:00,4.771674477667987,4.854795818554513,4.739914530586785,4.840652942657471,279916000
2019-10-24 00:00:00-04:00,4.881841793248821,4.918067891470254,4.847849005161255,4.884571552276611,232020000
2019-10-25 00:00:00-04:00,4.964963301585127,5.095972796196652,4.957271420404589,5.075130462646484,423092000
2019-10-28 00:00:00-04:00,5.1188000557823345,5.183312379594485,5.089521403946788,5.130958557128906,330792000
2019-10-29 00:00:00-04:00,5.117064417188749,5.1235158877409255,5.015582009257789,5.034935474395752,211236000
2019-10-30 00:00:00-04:00,5.0617325803737,5.067439613786123,4.968934011699565,5.036920070648193,205960000
2019-10-31 00:00:00-04:00,5.016076812063298,5.036919146033415,4.908142958818643,4.987790584564209,209732000
2019-11-01 00:00:00-04:00,4.952557217600477,5.059002677306178,4.927496723078887,5.02674674987793,283640000
2019-11-04 00:00:00-05:00,5.107635161973665,5.235419415070301,5.0845599881369195,5.223012924194336,376716000
2019-11-05 00:00:00-05:00,5.22276535854175,5.248818281598434,5.153042435938191,5.200930595397949,300868000
2019-11-06 00:00:00-05:00,5.176862082382492,5.202418554291357,5.064461594469839,5.151801586151123,269012000
2019-11-07 00:00:00-05:00,5.238148345811392,5.252787672770663,5.124755440517977,5.169417858123779,280340000
2019-11-08 00:00:00-05:00,5.152545073202675,5.187034306800953,5.115078093051343,5.155522346496582,189100000
2019-11-11 00:00:00-05:00,5.154778084114315,5.188522882215064,5.068678991104581,5.16544771194458,243436000
2019-11-12 00:00:00-05:00,5.203659881633516,5.256758625704611,5.168674189772201,5.200930595397949,283504000
2019-11-13 00:00:00-05:00,5.169664647905079,5.197206434162051,5.108874517231011,5.175123691558838,300188000
2019-11-14 00:00:00-05:00,5.184056440523006,5.207628531573418,5.1242587289005215,5.205395221710205,518080000
2019-11-15 00:00:00-05:00,5.2031608927855855,5.254770737986553,4.978360480874888,5.0664448738098145,1053628000
2019-11-18 00:00:00-05:00,5.0590027001184295,5.293727907130065,5.05602542646545,5.267179012298584,574588000
2019-11-19 00:00:00-05:00,5.23616413074978,5.259735754780786,5.102673310673208,5.160734176635742,414564000
2019-11-20 00:00:00-05:00,5.137905085323587,5.32350168129509,5.125250610623569,5.239883899688721,472588000
2019-11-21 00:00:00-05:00,5.235418991269967,5.290998551465639,5.19348586004434,5.2150726318359375,288388000
2019-11-22 00:00:00-05:00,5.23765150302719,5.284050778422608,5.209117287982455,5.232689380645752,224100000
2019-11-25 00:00:00-05:00,5.360473109148967,5.493715914396623,5.347570644518459,5.488753318786621,506476000
2019-11-26 00:00:00-05:00,5.4711371035358365,5.475851712081747,5.377842563094921,5.384294033050537,385244000
2019-11-27 00:00:00-05:00,5.4297343951315495,5.46400044083972,5.392736575824608,5.4190568923950195,215784000
2019-11-29 00:00:00-05:00,5.388265940558016,5.4165725647475265,5.357972055708968,5.381809711456299,141556000
2019-12-02 00:00:00-05:00,5.374857618547784,5.388266419499602,5.18068149080554,5.195827960968018,372036000
2019-12-03 00:00:00-05:00,5.012577294828823,5.1603199018521915,4.975331311183511,5.156347274780273,465232000
2019-12-04 00:00:00-05:00,5.239778035168698,5.262125719687644,5.171493654075639,5.200048923492432,273424000
2019-12-05 00:00:00-05:00,5.221901034014239,5.237544320755254,5.152623012378893,5.183165073394775,184884000
2019-12-06 00:00:00-05:00,5.252193808646158,5.301110450292041,5.242261293676923,5.268333435058594,232236000
2019-12-09 00:00:00-05:00,5.245489408402762,5.322961320172626,5.236798694608872,5.268333435058594,211880000
2019-12-10 00:00:00-05:00,5.298378948189027,5.3649256652269965,5.245737847541008,5.313277721405029,256388000
2019-12-11 00:00:00-05:00,5.3237060196867665,5.402171084009661,5.321222891078075,5.396708011627197,233796000
2019-12-12 00:00:00-05:00,5.3679037545257575,5.581944387739859,5.358964871782885,5.563817977905273,404348000
2019-12-13 00:00:00-05:00,5.566798685120836,5.685737844111824,5.507949532561871,5.561832427978516,454704000
2019-12-16 00:00:00-05:00,5.609259960549348,5.662894219865034,5.581201029609997,5.590636730194092,320976000
2019-12-17 00:00:00-05:00,5.609260297605238,5.691201663596999,5.59982459645416,5.668605804443359,321196000
2019-12-18 00:00:00-05:00,5.7033691892957465,5.759238415249279,5.694926644287925,5.698899745941162,343548000
2019-12-19 00:00:00-05:00,5.733413606342329,5.860050342253355,5.7284473483987375,5.846641540527344,445360000
2019-12-20 00:00:00-05:00,5.912940120759926,5.969057514210457,5.893820547013858,5.943730354309082,603044000
2019-12-23 00:00:00-05:00,5.97228550931941,6.004317070011613,5.919396232233071,5.930073261260986,355060000
2019-12-24 00:00:00-05:00,5.914677668064655,5.942239783537777,5.880411151831388,5.925106525421143,138864000
2019-12-26 00:00:00-05:00,5.928582028747246,5.967317982505401,5.909710630228528,5.9392595291137695,182852000
2019-12-27 00:00:00-05:00,5.954406178482756,5.967814978639957,5.855331570059291,5.881652355194092,254644000
2019-12-30 00:00:00-05:00,5.859801829264254,5.8650162577180085,5.737386372392708,5.768672943115234,258056000
2019-12-31 00:00:00-05:00,5.733412765788655,5.852103755754159,5.714293196478144,5.842668056488037,231004000
2020-01-02 00:00:00-05:00,5.928333669430895,5.957137107849121,5.877927533796915,5.957137107849121,237536000
2020-01-03 00:00:00-05:00,5.8377029185507645,5.90549096907539,5.812872101320706,5.861788749694824,205384000
2020-01-06 00:00:00-05:00,5.768672347337643,5.891584133115414,5.742600207761552,5.886369705200195,262636000
2020-01-07 00:00:00-05:00,5.91467674815212,6.003322495503562,5.86973321074161,5.957633972167969,314856000
2020-01-08 00:00:00-05:00,5.95341258476723,6.010026777884842,5.913435305232208,5.968807697296143,277108000
2020-01-09 00:00:00-05:00,6.0549704262952675,6.106618363369138,5.9807266351536645,6.034360885620117,255112000
2020-01-10 00:00:00-05:00,6.141381945898443,6.171675359974287,6.052488017299634,6.066641330718994,316296000
2020-01-13 00:00:00-05:00,6.149576949548927,6.281924462411108,6.1269806168674785,6.256845474243164,319840000
2020-01-14 00:00:00-05:00,6.214136170566636,6.2394638021876485,6.126980379230819,6.140141010284424,359088000
2020-01-15 00:00:00-05:00,6.152803361694652,6.175151045475262,6.071855169086371,6.097679138183594,263104000
2020-01-16 00:00:00-05:00,6.151065616620908,6.187070273217819,6.127724774613784,6.181110858917236,284192000
2020-01-17 00:00:00-05:00,6.200230072148521,6.207679457997126,6.1423745488552575,6.189801216125488,253792000
2020-01-21 00:00:00-05:00,6.153299405091713,6.190049040692616,6.1225091826587485,6.156527519226074,217916000
2020-01-22 00:00:00-05:00,6.201720357984873,6.2968218681187,6.182848958433113,6.210411071777344,239240000
2020-01-23 00:00:00-05:00,6.250390381105814,6.287139558952468,6.16174460479919,6.2786970138549805,244516000
2020-01-24 00:00:00-05:00,6.393909849337127,6.443571474503476,6.165467226066961,6.219598293304443,373512000
2020-01-27 00:00:00-05:00,5.915671254980269,6.015242695944172,5.766438652557308,5.964339733123779,470536000
2020-01-28 00:00:00-05:00,6.030140227168706,6.189553496525558,5.977002312846959,6.157273769378662,310976000
2020-01-29 00:00:00-05:00,6.14287149171336,6.178876146984177,6.057205210302912,6.096934795379639,258848000
2020-01-30 00:00:00-05:00,5.99935102029385,6.117048882565472,5.944475427436228,6.103640079498291,290504000
2020-01-31 00:00:00-05:00,6.057949143535364,6.069867969626334,5.829010214003755,5.870725631713867,370420000
2020-02-03 00:00:00-05:00,5.852599959031598,5.98693422980452,5.846392374463058,5.96756649017334,255564000
2020-02-04 00:00:00-05:00,6.109102012462837,6.155535525631463,6.059192213756811,6.136415481567383,271544000
2020-02-05 00:00:00-05:00,6.257092159833184,6.267272844623342,6.14336743176508,6.226550579071045,208220000
2020-02-06 00:00:00-05:00,6.26081803092759,6.313210487365723,6.179869829185719,6.313210487365723,218284000
2020-02-07 00:00:00-05:00,6.273233053761534,6.2953325687371064,6.221833281757143,6.247160911560059,189752000
2020-02-10 00:00:00-05:00,6.269756755214002,6.530479123908256,6.264790497583461,6.5297346115112305,529608000
2020-02-11 00:00:00-05:00,6.637747456396143,6.766370485265698,6.575918833727905,6.651900768280029,638556000
2020-02-12 00:00:00-05:00,6.704541297363062,6.773819299902876,6.665805347420632,6.76736307144165,374644000
2020-02-13 00:00:00-05:00,6.709509538364573,6.790705918000455,6.682195591919942,6.723662853240967,528016000
2020-02-14 00:00:00-05:00,7.132873132572073,7.324317975721568,7.101586559371794,7.195694923400879,1041924000
2020-02-18 00:00:00-05:00,7.092645781534283,7.382420676341161,7.073278042077014,7.3640456199646,620164000
2020-02-19 00:00:00-05:00,7.486213518147479,7.831857176120988,7.486213518147479,7.814227104187012,694332000
2020-02-20 00:00:00-05:00,7.766304072638066,7.854453011250892,7.358583618194485,7.665243148803711,810052000
2020-02-21 00:00:00-05:00,7.553256172115003,7.578335155313168,7.217296402519011,7.301969051361084,768180000
2020-02-24 00:00:00-05:00,6.709011544937188,6.999034626035026,6.654632306032912,6.785738468170166,856916000
2020-02-25 00:00:00-05:00,6.860727875099218,6.9225565056275835,6.4053325514422745,6.506890296936035,1055496000
2020-02-26 00:00:00-05:00,6.507137545574785,6.8396210206918395,6.505648047340765,6.645941257476807,747732000
2020-02-27 00:00:00-05:00,6.333136140736128,6.633767803366144,6.183814297198913,6.275991439819336,906416000
2020-02-28 00:00:00-05:00,6.024056858575295,6.769423944264948,6.007410467266816,6.710042953491211,1133252000
2020-03-02 00:00:00-05:00,6.879738226215909,6.896881729577299,6.484693639055509,6.86806058883667,890744000
2020-03-03 00:00:00-05:00,6.923715627771662,6.983344943140282,6.520968837432035,6.606189250946045,652792000
2020-03-04 00:00:00-05:00,6.7132732703781945,7.078254667313152,6.6387362744594425,7.068813323974609,597408000
2020-03-05 00:00:00-05:00,6.869801250527407,7.036266618537501,6.745573378098731,6.7900471687316895,540328000
2020-03-06 00:00:00-05:00,6.610909961054981,6.668303457897392,6.410157592567672,6.6099162101745605,515412000
2020-03-09 00:00:00-04:00,5.960453109775377,6.444941989409287,5.917718976759138,6.098097801208496,614160000
2020-03-10 00:00:00-04:00,6.373882454356786,6.4866814613342285,6.111762085086141,6.4866814613342285,580648000
2020-03-11 00:00:00-04:00,6.347048975596242,6.3753730040323875,6.026789699293367,6.123687267303467,499964000
2020-03-12 00:00:00-04:00,5.601683012584579,5.86653682839324,5.361674865625537,5.3743462562561035,816540000
2020-03-13 00:00:00-04:00,5.726904246684154,5.988279679616138,5.456336262840261,5.983807563781738,634836000
2020-03-16 00:00:00-04:00,5.277446673977681,5.61758282996687,4.820039885736427,4.879669189453125,726972000
2020-03-17 00:00:00-04:00,4.991724583367149,5.487394033851727,4.7455051181713985,5.398198127746582,833632000
2020-03-18 00:00:00-04:00,4.971597639823064,5.216077814958566,4.489096905227361,5.039177417755127,874268000
2020-03-19 00:00:00-04:00,5.017811170475434,5.384780539879821,4.804885019488233,5.291361331939697,765512000
2020-03-20 00:00:00-04:00,5.44118067542152,5.722432568837711,5.096572776070153,5.1119771003723145,804636000
2020-03-23 00:00:00-04:00,5.1109831257917016,5.378570364517698,4.932343471997346,5.28440523147583,643876000
2020-03-24 00:00:00-04:00,5.689635095889186,6.2774815275736024,5.666031976397878,6.191018581390381,1101644000
2020-03-25 00:00:00-04:00,6.305805100753528,6.50506657225424,6.053871050370559,6.102568626403809,793432000
2020-03-26 00:00:00-04:00,6.309284089634278,6.51500567196271,6.211392763360578,6.391274929046631,696108000
2020-03-27 00:00:00-04:00,6.211393417266331,6.537367412044874,6.178597267605432,6.279222011566162,638828000
2020-03-30 00:00:00-04:00,6.344564958091358,6.607928356954407,6.300588285202859,6.598735332489014,602252000
2020-03-31 00:00:00-04:00,6.63873677969042,6.842470871593231,6.403946196155853,6.549293041229248,949960000
2020-04-01 00:00:00-04:00,6.351770314533199,6.497862107975411,5.994739393513251,6.039212703704834,656912000
2020-04-02 00:00:00-04:00,6.0682825701850485,6.36046665043996,6.020330892045501,6.347298622131348,675764000
2020-04-03 00:00:00-04:00,6.309781168533182,6.351273226478855,5.922935826420933,6.060083389282227,663212000
2020-04-06 00:00:00-04:00,6.341583273592423,6.705322589635028,6.284189783712524,6.668550968170166,727884000
2020-04-07 00:00:00-04:00,6.889677100662203,6.913280697691347,6.39276565353662,6.43574857711792,784520000
2020-04-08 00:00:00-04:00,6.54457209541664,6.657371111088002,6.474756003192719,6.632525444030762,542444000
2020-04-09 00:00:00-04:00,6.757996129395736,6.780853821789025,6.470284155436127,6.533143520355225,525564000
2020-04-13 00:00:00-04:00,6.473514021643792,6.71327383532628,6.385312352581156,6.704577922821045,398408000
2020-04-14 00:00:00-04:00,6.832531728016859,7.088937907231297,6.804953130241058,7.0548996925354,530948000
2020-04-15 00:00:00-04:00,6.8871921794394515,7.060365936147796,6.841973436906401,6.977630138397217,366148000
2020-04-16 00:00:00-04:00,7.132666967595268,7.4288260502279275,7.119498939335271,7.321990013122559,745620000
2020-04-17 00:00:00-04:00,7.4039814626527125,7.425348767967748,7.12918964215133,7.262858867645264,539120000
2020-04-20 00:00:00-04:00,7.136640768700166,7.292173878857678,7.087694877478186,7.131919860839844,449388000
2020-04-21 00:00:00-04:00,7.0141527743230325,7.075272471908903,6.636500013605862,6.696129322052002,735160000
2020-04-22 00:00:00-04:00,6.887936548510064,7.152293654983814,6.842469493758964,7.109559059143066,483356000
2020-04-23 00:00:00-04:00,7.151550600664706,7.283231848447864,7.031297726274832,7.056391716003418,424160000
2020-04-24 00:00:00-04:00,7.04620405491623,7.197016283498686,6.971667057923223,7.195028781890869,352328000
2020-04-27 00:00:00-04:00,7.32919543452104,7.540631210935533,7.30459808693572,7.381122589111328,479388000
2020-04-28 00:00:00-04:00,7.528207409397369,7.558022301469902,7.233539222714368,7.239005088806152,442904000
2020-04-29 00:00:00-04:00,7.373418022288599,7.4680797498041604,7.298384407811911,7.415407180786133,379160000
2020-04-30 00:00:00-04:00,7.36149276759667,7.4154078853134235,7.247948821513604,7.261862277984619,375916000
2020-05-01 00:00:00-04:00,7.064839149933948,7.1778864977303005,6.977631222999146,7.025831699371338,342096000
2020-05-04 00:00:00-04:00,6.978624046997186,7.250931680845557,6.978624046997186,7.237266540527344,317556000
2020-05-05 00:00:00-04:00,7.3411220220379825,7.460380664354772,7.237267230059776,7.2981390953063965,368896000
2020-05-06 00:00:00-04:00,7.377395399557176,7.503362433621966,7.339630026481675,7.398762226104736,323464000
2020-05-07 00:00:00-04:00,7.5376498918987815,7.637777522329543,7.486468166152815,7.57466983795166,373732000
2020-05-08 00:00:00-04:00,7.646225596444798,7.770453471200657,7.612435694125016,7.764242172241211,339216000
2020-05-11 00:00:00-04:00,7.759270817320762,8.062387051955826,7.730698470823319,8.015677452087402,469060000
2020-05-12 00:00:00-04:00,8.073319732712656,8.122016839695085,7.744612838906281,7.754302501678467,493060000
2020-05-13 00:00:00-04:00,7.8685911767953165,8.028596406407049,7.547834812212584,7.731940746307373,625852000
2020-05-14 00:00:00-04:00,7.793308846036413,7.986359000373583,7.640011559463173,7.980893135070801,602312000
2020-05-15 00:00:00-04:00,7.8410132881203465,8.44799027470349,7.825360647564114,8.438301086425781,987660000
2020-05-18 00:00:00-04:00,8.706385238881781,8.86142174364779,8.626879484814598,8.696198463439941,774460000
2020-05-19 00:00:00-04:00,8.735953116604614,9.031366821129271,8.708622830378046,8.75110912322998,717320000
2020-05-20 00:00:00-04:00,8.935461023510964,8.987139854918718,8.833842543023762,8.914590835571289,587536000
2020-05-21 00:00:00-04:00,8.995589960902274,8.996583238062687,8.683529383710239,8.721046447753906,761068000
2020-05-22 00:00:00-04:00,8.770733780605472,9.03683055382397,8.659426119365394,8.970492362976074,1038764000
2020-05-26 00:00:00-04:00,9.100188817327473,9.125034961912307,8.618433305062045,8.663900375366211,770780000
2020-05-27 00:00:00-04:00,8.5717200048594,8.5794216903098,7.947350829276159,8.472586631774902,1175892000
2020-05-28 00:00:00-04:00,8.360284982055731,8.706384140840894,8.327488838944653,8.434574127197266,734896000
2020-05-29 00:00:00-04:00,8.501658565221103,8.82067584991455,8.432587896373802,8.82067584991455,745256000
2020-06-01 00:00:00-04:00,8.778685676901018,8.786139044935808,8.635823453606509,8.751852035522461,389876000
2020-06-02 00:00:00-04:00,8.741915542097436,8.78266169957155,8.604519169266093,8.770735740661621,391320000
2020-06-03 00:00:00-04:00,8.767754868250782,8.811482751931813,8.646259459334125,8.715330123901367,365440000
2020-06-04 00:00:00-04:00,8.678043432788487,8.892061426403298,8.627832561939305,8.716323852539062,424280000
2020-06-05 00:00:00-04:00,8.74416371287131,8.945504066976902,8.658158641672431,8.868945121765137,481748000
2020-06-08 00:00:00-04:00,8.826440228140672,8.838868493971896,8.63603657853043,8.75460433959961,387736000
2020-06-09 00:00:00-04:00,8.749632267006549,9.057608978908226,8.701161369707968,8.994223594665527,468488000
2020-06-10 00:00:00-04:00,9.115276667601618,9.445624603112948,9.101107479710079,9.31313705444336,632180000
2020-06-11 00:00:00-04:00,9.097627526364212,9.208240685971829,8.735711592301131,8.745903015136719,583652000
2020-06-12 00:00:00-04:00,9.110057459617575,9.134665556600186,8.653435597146515,8.881373405456543,570908000
2020-06-15 00:00:00-04:00,8.764796757454038,9.129695879836865,8.693705210339283,9.121244430541992,400004000
2020-06-16 00:00:00-04:00,9.17220189162035,9.213712893600825,8.788162066934026,9.016596794128418,535716000
2020-06-17 00:00:00-04:00,9.061583279707627,9.245772239732222,9.018331378928407,9.183133125305176,408304000
2020-06-18 00:00:00-04:00,9.174187646326033,9.229370011265214,9.062331373041776,9.165239334106445,254408000
2020-06-19 00:00:00-04:00,9.189602394803957,9.390942812939246,9.17443947082309,9.208244323730469,524160000
2020-06-22 00:00:00-04:00,9.24677073049293,9.476696958868198,9.220173275389165,9.472222328186035,398468000
2020-06-23 00:00:00-04:00,9.496332960119092,9.587309525836865,9.353654927459205,9.39591121673584,375108000
2020-06-24 00:00:00-04:00,9.422010504543877,9.501801913604517,9.092159424758266,9.182639122009277,449372000
2020-06-25 00:00:00-04:00,9.30220288867256,9.450598693665341,9.129695847070474,9.435684204101562,376072000
2020-06-26 00:00:00-04:00,9.445626707798452,9.445626707798452,9.072773021964302,9.102601051330566,592084000
2020-06-29 00:00:00-04:00,9.117265272317514,9.151816358411867,8.849058649941636,9.14734172821045,342248000
2020-06-30 00:00:00-04:00,9.260691434297515,9.471726378322368,9.213463641985124,9.443389892578125,367892000
2020-07-01 00:00:00-04:00,9.466256631521325,9.520942134354888,9.359123415191961,9.47545337677002,326648000
2020-07-02 00:00:00-04:00,9.583830317693366,9.681766795044908,9.52342801780693,9.557233810424805,364056000
2020-07-06 00:00:00-04:00,9.685992386533162,9.852036371881187,9.656909656197096,9.782934188842773,315892000
2020-07-07 00:00:00-04:00,9.889323129713429,10.012364587676132,9.794369726464941,9.8152494430542,357800000
2020-07-08 00:00:00-04:00,9.93654906253505,10.166476230955992,9.908461013084509,10.157526969909668,365480000
2020-07-09 00:00:00-04:00,10.320836753485086,10.50950040463489,10.174926255888597,10.44884967803955,494548000
2020-07-10 00:00:00-04:00,10.528143708751548,10.594262798531828,10.319345634913779,10.419270515441895,497676000
2020-07-13 00:00:00-04:00,10.534359608582058,10.73048006085884,9.967621368178744,9.994715690612793,457076000
2020-07-14 00:00:00-04:00,10.017333530569916,10.343207792635127,9.729490306628119,10.317605018615723,542676000
2020-07-15 00:00:00-04:00,10.354643532436837,10.373285456655864,9.9981949595581,10.168713569641113,403984000
2020-07-16 00:00:00-04:00,9.95767944646456,10.148331539727138,9.838863245920118,10.076744079589844,344964000
2020-07-17 00:00:00-04:00,10.16697689858256,10.189845028416856,10.030015604002152,10.14311408996582,266284000
2020-07-20 00:00:00-04:00,10.215443053252137,10.47097202569656,10.098615287459245,10.450589179992676,284852000
2020-07-21 00:00:00-04:00,10.452828136180505,10.499560010526949,10.227873386769945,10.269384384155273,277036000
2020-07-22 00:00:00-04:00,10.308160418707741,10.541815020884213,10.232595203292092,10.379002571105957,367292000
2020-07-23 00:00:00-04:00,10.390188199099878,10.486633131352665,9.973835145892702,10.071771621704102,411660000
2020-07-24 00:00:00-04:00,9.818479092225905,10.305425850353402,9.721040433377166,10.136150360107422,473292000
2020-07-27 00:00:00-04:00,10.173683955005732,10.381984204127468,10.159266334109978,10.36185073852539,292132000
2020-07-28 00:00:00-04:00,10.31487200985098,10.322577211722987,10.150816447226648,10.15703010559082,271636000
2020-07-29 00:00:00-04:00,10.3312755922246,10.456056985081002,10.28777619712682,10.405597686767578,284508000
2020-07-30 00:00:00-04:00,10.315616995996077,10.562197671691823,10.23632339743743,10.55324935913086,308880000
2020-07-31 00:00:00-04:00,10.502788631136903,10.704876167416607,10.373284166869748,10.553994178771973,386080000
2020-08-03 00:00:00-04:00,10.671071020858617,11.03522477261038,10.653919693105369,10.94723129272461,412720000
2020-08-04 00:00:00-04:00,10.986757033542842,11.16348934173584,10.843581144648935,11.16348934173584,310336000
2020-08-05 00:00:00-04:00,11.179645121303212,11.30666338727199,11.102339920529543,11.222149848937988,249924000
2020-08-06 00:00:00-04:00,11.284786678358554,11.29298969275469,11.11476590627286,11.270618438720703,244316000
2020-08-07 00:00:00-04:00,11.24775298021625,11.438902888927283,10.974327320204562,11.13539981842041,342516000
2020-08-10 00:00:00-04:00,11.269379858515242,11.342955734297458,10.794363445131376,11.10109806060791,427796000
2020-08-11 00:00:00-04:00,11.01036654783612,11.073006628875003,10.733957862179553,10.787898063659668,354512000
2020-08-12 00:00:00-04:00,10.927842871271675,11.40136666941188,10.895528625086735,11.374770164489746,464412000
2020-08-13 00:00:00-04:00,11.479914503905402,11.654659304257047,11.290753978168782,11.377504348754883,374460000
2020-08-14 00:00:00-04:00,11.464003626882874,11.637753708506512,11.375016435781998,11.497809410095215,366436000
2020-08-17 00:00:00-04:00,11.7834188931569,12.338722598462818,11.749614046414314,12.266388893127441,621300000
2020-08-18 00:00:00-04:00,12.378741454160556,12.424478648175024,12.017073893181932,12.190574645996094,503448000
2020-08-19 00:00:00-04:00,12.22612167908348,12.244515173044023,12.028757156275493,12.069025993347168,622624000
2020-08-20 00:00:00-04:00,11.906458184518819,12.304168295595213,11.810758566774508,12.071507453918457,921388000
2020-08-21 00:00:00-04:00,12.131909729442691,12.735435746875394,12.125446691237888,12.610902786254883,999868000
2020-08-24 00:00:00-04:00,12.810007786432903,12.83859364848732,12.43591104716389,12.647443771362305,490564000
2020-08-25 00:00:00-04:00,12.558454243567907,12.688207132771769,12.501780338944037,12.677021980285645,289076000
2020-08-26 00:00:00-04:00,12.725991685415721,12.79484543135099,12.605187089337212,12.699892044067383,321244000
2020-08-27 00:00:00-04:00,12.708342781689355,12.776451226157715,12.494573218918223,12.555970191955566,317604000
2020-08-28 00:00:00-04:00,12.602454409975303,13.07274675410688,12.570140159294503,13.072498321533203,537160000
2020-08-31 00:00:00-04:00,13.10729583061837,13.497300775546966,12.963126258132377,13.297948837280273,500840000
2020-09-01 00:00:00-04:00,13.406853896827913,13.9178162444731,13.36358999116668,13.746004104614258,511316000
2020-09-02 00:00:00-04:00,14.62396658977693,14.64684250423329,13.824577727830716,14.268655776977539,874012000
2020-09-03 00:00:00-04:00,13.753712472441025,13.809159857079546,12.808867526231621,12.944875717163086,945128000
2020-09-04 00:00:00-04:00,12.714383643840854,13.103511288247317,11.641238886565278,12.554009437561035,1463684000
2020-09-08 00:00:00-04:00,11.67082936910342,12.481904782082434,11.64074390561635,11.848361015319824,795728000
2020-09-09 00:00:00-04:00,12.332717152096508,12.739746817327525,12.165379994058032,12.646008491516113,736200000
2020-09-10 00:00:00-04:00,12.91876810424412,12.994355926622518,12.10097942091234,12.24494457244873,698684000
2020-09-11 00:00:00-04:00,12.417750894908565,12.583844529119057,11.831200737246611,12.098492622375488,636928000
2020-09-14 00:00:00-04:00,13.010020502713123,13.242750033631548,12.562710979011644,12.80240249633789,1201744000
2020-09-15 00:00:00-04:00,13.207939772230896,13.226588220643817,12.758144242528516,12.92050838470459,727556000
2020-09-16 00:00:00-04:00,12.886940804659796,13.021705506848779,12.44584776402079,12.446593284606934,556384000
2020-09-17 00:00:00-04:00,12.066421170944345,12.521439266157483,11.969450350259514,12.3958740234375,792512000
2020-09-18 00:00:00-04:00,12.525414964806158,12.563954399639542,11.923698214828766,12.123109817504883,698460000
2020-09-21 00:00:00-04:00,11.86029133531131,12.454548957933197,11.839902392739468,12.44932746887207,721044000
2020-09-22 00:00:00-04:00,12.506766345855947,12.579370193536365,12.089543202829288,12.569175720214844,646452000
2020-09-23 00:00:00-04:00,12.507263849012158,12.657942495758004,12.013707338704753,12.057965278625488,647012000
2020-09-24 00:00:00-04:00,12.006745263131892,12.50129674587653,11.948810907879453,12.280998229980469,731240000
2020-09-25 00:00:00-04:00,12.379958380976724,12.813592456026164,12.179303301507392,12.803894996643066,588016000
2020-09-28 00:00:00-04:00,12.969492081929529,12.980930038377432,12.680817182936027,12.96427059173584,573808000
2020-09-29 00:00:00-04:00,12.867299142520546,13.369807555834509,12.863072628599586,13.153985023498535,621460000
2020-09-30 00:00:00-04:00,13.086106534449147,13.548583556057018,13.078896040511102,13.457082748413086,689184000
2020-10-01 00:00:00-04:00,13.683348208064956,13.688071736035704,13.387710370072455,13.540626525878906,525004000
2020-10-02 00:00:00-04:00,13.153240207178108,13.446141621282568,12.980183612538768,12.991373062133789,552496000
2020-10-05 00:00:00-04:00,13.164179678210838,13.570214312585838,13.151001225511452,13.568473815917969,479820000
2020-10-06 00:00:00-04:00,13.754958174616215,14.065265531960174,13.590853504578481,13.661965370178223,784420000
2020-10-07 00:00:00-04:00,13.923786729329015,14.042638475157641,13.788275536042313,13.888230323791504,418084000
2020-10-08 00:00:00-04:00,13.998626515827448,14.00807546805278,13.683347172141852,13.76365852355957,378900000
2020-10-09 00:00:00-04:00,13.692297759480711,13.749237132534198,13.586624482486123,13.688070297241211,346892000
2020-10-12 00:00:00-04:00,13.91359008305016,14.269150288914334,13.837008235079223,14.14880657196045,434744000
2020-10-13 00:00:00-04:00,14.218925925974037,14.27064381415561,13.94268301085505,14.170937538146973,344604000
2020-10-14 00:00:00-04:00,14.212958430202395,14.264924826969352,13.884252095509092,14.018768310546875,276100000
2020-10-15 00:00:00-04:00,13.7358113145266,13.929752918930133,13.693044417342875,13.894197463989258,267224000
2020-10-16 00:00:00-04:00,13.960585989677563,14.044876308011847,13.717661001997262,13.736557960510254,242392000
2020-10-19 00:00:00-04:00,13.827559686516892,13.907622529912283,13.334002276993704,13.424509048461914,298068000
2020-10-20 00:00:00-04:00,13.509793060688235,13.724870061313956,13.433708226033241,13.571456909179688,229212000
2020-10-21 00:00:00-04:00,13.551068882438022,13.716665521672029,13.404369199715683,13.451362609863281,219596000
2020-10-22 00:00:00-04:00,13.449126364383108,13.537891703010716,13.15995348572998,13.28850269317627,290480000
2020-10-23 00:00:00-04:00,13.37701796276027,13.519491128255543,13.21912978294742,13.516507148742676,233484000
2020-10-26 00:00:00-04:00,13.354144270624808,13.618452225556153,12.96775208441768,13.069944381713867,336896000
2020-10-27 00:00:00-04:00,13.233797417851585,13.369060070941728,13.119918683600751,13.324055671691895,250520000
2020-10-28 00:00:00-04:00,13.126385854290977,13.188049707227659,12.540582096891148,12.558484077453613,376520000
2020-10-29 00:00:00-04:00,12.768836445909805,13.121164188121782,12.680816637076695,12.953330039978027,320080000
2020-10-30 00:00:00-04:00,12.780276391790489,12.866306261983306,12.233260497280058,12.465991020202637,416820000
2020-11-02 00:00:00-05:00,12.589066397694088,12.767095005739481,12.327742463181124,12.512484550476074,299652000
2020-11-03 00:00:00-05:00,12.639544890552855,13.033893157969803,12.534368595745603,12.948857307434082,272900000
2020-11-04 00:00:00-05:00,13.316598246406535,13.752470792021674,13.264631851760678,13.719400405883789,410228000
2020-11-05 00:00:00-05:00,14.08565213447711,14.261193784268926,13.915082519116078,14.083165168762207,319028000
2020-11-06 00:00:00-05:00,14.033189893415006,14.509590916952508,13.819605793131496,14.482986450195312,383348000
2020-11-09 00:00:00-05:00,14.47353602436871,14.611781731679114,13.536896506652354,13.556787490844727,582976000
2020-11-10 00:00:00-05:00,13.532667608550586,13.532667608550586,12.559726270533163,12.70070743560791,644068000
2020-11-11 00:00:00-05:00,12.982918253581106,13.362099908071459,12.877990493799244,13.345191955566406,404744000
2020-11-12 00:00:00-05:00,13.405861285173073,13.691303689939454,13.243745638126441,13.383731842041016,365812000
2020-11-13 00:00:00-05:00,13.55330655700008,13.59458146386751,12.988388755362086,13.224848747253418,346312000
2020-11-16 00:00:00-05:00,13.101022892269615,13.57543482478266,13.084612902797199,13.441913604736328,413776000
2020-11-17 00:00:00-05:00,13.478962824136428,13.52247524343966,13.231562827098397,13.349419593811035,312028000
2020-11-18 00:00:00-05:00,13.392186477279536,13.531924181183586,13.11345753865842,13.355884552001953,510924000
2020-11-19 00:00:00-05:00,13.141057386140876,13.414316335999356,13.028919120198557,13.36732292175293,565936000
2020-11-20 00:00:00-05:00,13.380995847364288,13.421275773566174,12.994105766643468,13.016733169555664,341088000
2020-11-23 00:00:00-05:00,13.099781223360337,13.309884305156885,12.94487607234443,13.068700790405273,361356000
2020-11-24 00:00:00-05:00,13.071187820752932,13.090581792368083,12.815085336874446,12.88744068145752,346500000
2020-11-25 00:00:00-05:00,12.961785995769935,13.19749954950545,12.949354010397753,13.162938117980957,259916000
2020-11-27 00:00:00-05:00,13.302427107961007,13.334751028195774,13.099036529844811,13.18929386138916,167276000
2020-11-30 00:00:00-05:00,13.19302333396702,13.339723024481057,12.901861463493518,13.328782081604004,286952000
2020-12-01 00:00:00-05:00,13.419043787769914,13.455345722217636,13.156475319045468,13.31734848022461,296948000
2020-12-02 00:00:00-05:00,13.278058816081627,13.599306136815693,13.162439563503987,13.471006393432617,283360000
2020-12-03 00:00:00-05:00,13.51776256115673,13.589890686799333,13.260590147589848,13.327245712280273,199520000
2020-12-04 00:00:00-05:00,13.379479051472986,13.490407545452614,13.320036096172974,13.488666534423828,202244000
2020-12-07 00:00:00-05:00,13.53144416609202,13.660777082523387,13.430714113847694,13.53691577911377,223244000
2020-12-08 00:00:00-05:00,13.515277208917487,13.528956715154852,13.213334699311595,13.28148365020752,271920000
2020-12-09 00:00:00-05:00,13.232236984460078,13.345154105047774,12.80220542358008,12.864384651184082,401300000
2020-12-10 00:00:00-05:00,12.802952434607922,13.001677197887197,12.78355178644564,12.905672073364258,207764000
2020-12-11 00:00:00-05:00,12.900696337580094,12.953176186221913,12.75718677443914,12.946460723876953,209264000
2020-12-14 00:00:00-05:00,13.020830120753207,13.320036392826733,13.01038405434784,13.240447044372559,270156000
2020-12-15 00:00:00-05:00,13.370772848841048,13.394898420852309,13.119072012231975,13.291930198669434,193016000
2020-12-16 00:00:00-05:00,13.353611291227617,13.36828606791019,13.144689037378825,13.174535751342773,223116000
2020-12-17 00:00:00-05:00,13.29814698347281,13.310832168465264,13.110863557414445,13.272778511047363,231384000
2020-12-18 00:00:00-05:00,13.310336289327381,13.33620287544526,13.003420226885908,13.203886032104492,342064000
2020-12-21 00:00:00-05:00,13.007645399918461,13.30138000486994,12.900945634831366,13.263823509216309,302332000
2020-12-22 00:00:00-05:00,13.250889152405113,13.268796418384998,12.987000341166633,13.210099220275879,185580000
2020-12-23 00:00:00-05:00,13.187964500320144,13.206867037891026,12.938253278699113,12.94248104095459,179144000
2020-12-24 00:00:00-05:00,12.970340640953479,13.065101934133372,12.87234685454828,12.927063941955566,97884000
2020-12-28 00:00:00-05:00,12.995460995273767,12.995460995273767,12.697747147078497,12.833794593811035,212564000
2020-12-29 00:00:00-05:00,12.858662810562713,13.005405806855793,12.77633720497418,12.876818656921387,170372000
2020-12-30 00:00:00-05:00,12.923580016159637,13.145933201726493,12.830560696633615,13.078282356262207,225396000
2020-12-31 00:00:00-05:00,13.069080738298597,13.083505986905843,12.84871713388404,12.987998962402344,192424000
2021-01-04 00:00:00-05:00,13.036994722740106,13.582431124501683,12.895971895425573,13.046196937561035,560640000
2021-01-05 00:00:00-05:00,13.032516872741898,13.374502622372711,13.019832636772176,13.335951805114746,322760000
2021-01-06 00:00:00-05:00,13.15463928774817,13.177023851121177,12.521406527298588,12.549759864807129,580424000
2021-01-07 00:00:00-05:00,12.900949560630512,13.309094787492663,12.820365881049895,13.275517463684082,461480000
2021-01-08 00:00:00-05:00,13.293920064625954,13.35211916574799,12.975064589250893,13.208609580993652,292528000
2021-01-11 00:00:00-05:00,13.349881280512768,13.889348941876813,13.293920349716162,13.551590919494629,518344000
2021-01-12 00:00:00-05:00,13.68191920101054,13.683909741204818,13.276511249736272,13.415543556213379,291476000
2021-01-13 00:00:00-05:00,13.420763670245865,13.555071023692324,13.316303027862848,13.462299346923828,210028000
2021-01-14 00:00:00-05:00,13.505328397210821,13.529951129095025,13.112853322479959,13.132501602172852,283120000
2021-01-15 00:00:00-05:00,13.160108417536335,13.256859277308203,12.782556721687804,12.793499946594238,277780000
2021-01-19 00:00:00-05:00,12.94944518994785,13.026796351578763,12.7780794490241,12.958399772644043,226188000
2021-01-20 00:00:00-05:00,13.044457348491646,13.361571834901874,12.989740265412832,13.297154426574707,258572000
2021-01-21 00:00:00-05:00,13.349633500056223,13.92740343699707,13.18498319061641,13.796329498291016,337780000
2021-01-22 00:00:00-05:00,13.66948319202541,13.770711361469516,13.55731179569324,13.64212417602539,246820000
2021-01-25 00:00:00-05:00,13.711018054558481,13.757528189213795,13.168566485898285,13.58317756652832,251112000
2021-01-26 00:00:00-05:00,13.510799710027586,13.574719948658196,13.31879041384867,13.36629581451416,163980000
2021-01-27 00:00:00-05:00,13.162100437127794,13.164836718249127,12.728089628381658,12.85145378112793,371272000
2021-01-28 00:00:00-05:00,12.929551725740128,13.271288976197027,12.893984812234667,12.984020233154297,228316000
2021-01-29 00:00:00-05:00,13.00789280284213,13.266310008842897,12.84523212819906,12.923080444335938,271552000
2021-02-01 00:00:00-05:00,12.986257425752575,13.202640890001744,12.836529537314517,13.16906452178955,217204000
2021-02-02 00:00:00-05:00,13.329985875476133,13.50234597862409,13.217316363082297,13.487174987792969,220440000
2021-02-03 00:00:00-05:00,13.566016436499996,13.860249190894029,13.447130528740699,13.461058616638184,245408000
2021-02-04 00:00:00-05:00,13.46155462652012,13.60332319408904,13.269296744638849,13.594120979309082,201340000
2021-02-05 00:00:00-05:00,13.654557070753754,13.66674414472357,13.476226354582598,13.521244049072266,169152000
2021-02-08 00:00:00-05:00,13.656798344420974,14.399467130873976,13.656798344420974,14.364646911621094,434624000
2021-02-09 00:00:00-05:00,14.267149863534422,14.50840560388812,14.149506854766857,14.190048217773438,287560000
2021-02-10 00:00:00-05:00,14.389021714627805,14.828504135547782,14.267896682710552,14.6884765625,485352000
2021-02-11 00:00:00-05:00,14.903367720561645,15.193868916559543,14.848401111304003,15.172478675842285,450828000
2021-02-12 00:00:00-05:00,14.972759615299346,15.212771494540394,14.699170418654422,14.884465217590332,374756000
2021-02-16 00:00:00-05:00,14.986936092155004,15.293604492895591,14.873272272609666,15.251570701599121,321960000
2021-02-17 00:00:00-05:00,15.09313568691804,15.145366956291253,14.704142665462815,14.829496383666992,274756000
2021-02-18 00:00:00-05:00,14.653405352105606,14.796914923640662,14.50019545688719,14.75289249420166,233868000
2021-02-19 00:00:00-05:00,14.947390182953654,15.099107664393724,14.770552807333134,14.849893569946289,271724000
2021-02-22 00:00:00-05:00,14.698922288674808,15.055582861112889,14.251480563869782,14.282073020935059,325884000
2021-02-23 00:00:00-05:00,14.003010016724044,14.165671652932998,13.320779544823493,14.069417953491211,391780000
2021-02-24 00:00:00-05:00,14.050268938182565,14.43229798344174,13.68540047372523,14.42458724975586,448320000
2021-02-25 00:00:00-05:00,13.97341582362996,14.30097638862867,13.148422295447304,13.239203453063965,824436000
2021-02-26 00:00:00-05:00,13.681919583488115,13.78339633869806,13.292429301420695,13.644115447998047,500932000
2021-03-01 00:00:00-05:00,13.80378919793109,13.853532772184092,13.483690829892343,13.770709991455078,353184000
2021-03-02 00:00:00-05:00,13.828662789797564,13.849057762968405,13.32724967985745,13.337447166442871,264116000
2021-03-03 00:00:00-05:00,13.357340042201141,13.38245993009197,12.733060163285007,12.739029884338379,377592000
2021-03-04 00:00:00-05:00,12.735053297663734,12.90840960500294,12.021733103971219,12.3067626953125,573344000
2021-03-05 00:00:00-05:00,12.485590681099316,12.485590681099316,11.61930914685573,12.397544860839844,542840000
2021-03-08 00:00:00-05:00,12.386104019186076,12.407244732397784,11.507138212191661,11.533751487731934,543112000
2021-03-09 00:00:00-05:00,12.072160122978335,12.556330138602013,12.001500032074086,12.46029281616211,521824000
2021-03-10 00:00:00-05:00,12.779007652547866,12.917839263049766,12.397842388909234,12.408540725708008,384376000
2021-03-11 00:00:00-05:00,12.887982786943063,12.983772381108242,12.673514929162938,12.9312744140625,299916000
2021-03-12 00:00:00-05:00,12.587679111203993,12.827027841808514,12.52970858536921,12.794434547424316,243964000
2021-03-15 00:00:00-04:00,12.803140232452149,13.143502391712138,12.706107314755066,13.128076553344727,221988000
2021-03-16 00:00:00-04:00,13.292537069306986,13.447790141533767,13.0539352931175,13.22760009765625,272128000
2021-03-17 00:00:00-04:00,12.977304441307208,13.38882407684222,12.92729502883546,13.277360916137695,243864000
2021-03-18 00:00:00-04:00,13.073590340581577,13.120862523869793,12.656098955024245,12.661572456359863,293896000
2021-03-19 00:00:00-04:00,12.688941772839797,12.85962068483066,12.552100433738472,12.784233093261719,299208000
2021-03-22 00:00:00-04:00,12.850912459188029,13.330354946608361,12.844940676234321,13.123102188110352,297804000
2021-03-23 00:00:00-04:00,13.190774466332162,13.280592270827778,12.958890509627805,13.008153915405273,222048000
2021-03-24 00:00:00-04:00,13.088270010291474,13.096232071229919,12.576234227742477,12.582453727722168,245840000
2021-03-25 00:00:00-04:00,12.439642442353005,12.653861664457352,12.21323193641956,12.475220680236816,295144000
2021-03-26 00:00:00-04:00,12.494378894229927,12.794684062208672,12.314245906312358,12.777765274047852,363968000
2021-03-29 00:00:00-04:00,12.758856522679663,12.999946887154547,12.639182621038824,12.88624382019043,273520000
2021-03-30 00:00:00-04:00,12.780500784061243,12.913112896753688,12.644156781650523,12.810108184814453,200204000
2021-03-31 00:00:00-04:00,12.953167891076216,13.405988787015568,12.920325938072057,13.284324645996094,314776000
2021-04-01 00:00:00-04:00,13.507253333989027,13.803576941304831,13.446544640826513,13.745606422424316,308276000
2021-04-05 00:00:00-04:00,13.801089845669066,13.946887903270396,13.667233455346796,13.920515060424805,255672000
2021-04-06 00:00:00-04:00,13.932707577763324,13.986946213948366,13.707541356464933,13.795119285583496,191744000
2021-04-07 00:00:00-04:00,13.814277068484714,14.175289971373456,13.645838042143147,14.075769424438477,251284000
2021-04-08 00:00:00-04:00,14.184494625705307,14.40219704194107,14.180761787034063,14.24843692779541,244416000
2021-04-09 00:00:00-04:00,14.145929352242257,14.339000535339244,14.107116562396575,14.331038475036621,195172000
2021-04-12 00:00:00-04:00,14.221319152451406,15.278979704341099,14.07153957274633,15.1361665725708,869324000
2021-04-13 00:00:00-04:00,15.15855755137292,15.624814088647074,15.05331389396944,15.604412078857422,676212000
2021-04-14 00:00:00-04:00,15.550173290053323,15.645215941609269,15.154576843590075,15.203840255737305,385500000
2021-04-15 00:00:00-04:00,15.587495731609307,16.136603691041266,15.556644047872503,16.059972763061523,598480000
2021-04-16 00:00:00-04:00,15.976124276327353,16.08833533705713,15.789273517405002,15.836297988891602,335208000
2021-04-19 00:00:00-04:00,15.46209667219749,15.731798779412195,15.160049939654558,15.288183212280273,404420000
2021-04-20 00:00:00-04:00,15.24986813446878,15.422785985221951,14.89134381807293,15.098596572875977,334132000
2021-04-21 00:00:00-04:00,15.046347575304525,15.28893085259979,15.029927070355269,15.286940574645996,216776000
2021-04-22 00:00:00-04:00,15.301368600728402,15.364564899484545,14.712701033462228,14.779131889343262,277788000
2021-04-23 00:00:00-04:00,14.862732969877133,15.261564023839027,14.828896342837304,15.192148208618164,227500000
2021-04-26 00:00:00-04:00,15.112280196193051,15.404871918096893,15.05256711564777,15.403876304626465,197796000
2021-04-27 00:00:00-04:00,15.503896739298003,15.595456172950886,15.280969463843478,15.308089256286621,164572000
2021-04-28 00:00:00-04:00,15.290921556787088,15.457868581848174,15.1426349303623,15.203591346740723,209416000
2021-04-29 00:00:00-04:00,15.326250200272115,15.362575381790093,14.999323566610313,15.251360893249512,173196000
2021-04-30 00:00:00-04:00,15.101830901269981,15.291417919862836,14.925180214363863,14.937620162963867,201912000
2021-05-03 00:00:00-04:00,15.052567032150492,15.173733855204558,14.716683684629688,14.765697479248047,203912000
2021-05-04 00:00:00-04:00,14.567153783566326,14.567402449672667,13.94315656113804,14.282523155212402,405324000
2021-05-05 00:00:00-04:00,14.638560411281018,14.742560743124349,14.318600201838999,14.389260292053223,292024000
2021-05-06 00:00:00-04:00,14.42583498413653,14.501471248397452,14.149913337833981,14.453452110290527,193380000
2021-05-07 00:00:00-04:00,14.737335285779373,14.89905652104171,14.601488612944612,14.741315841674805,229328000
2021-05-10 00:00:00-04:00,14.716435724758746,14.735096123743787,14.18175896431801,14.197433471679688,268904000
2021-05-11 00:00:00-04:00,13.758792529289508,14.28600545214214,13.684151890616677,14.237737655639648,285584000
2021-05-12 00:00:00-04:00,13.94240815677202,14.191957855909237,13.643596947830634,13.692610740661621,303408000
2021-05-13 00:00:00-04:00,13.9665447300379,14.013320537107868,13.394547147231089,13.599809646606445,285404000
2021-05-14 00:00:00-04:00,13.823482138772494,14.259384315186782,13.682659301255852,14.17479133605957,258616000
2021-05-17 00:00:00-04:00,14.089204485525109,14.101395769520703,13.787158662144325,14.097663879394531,216980000
2021-05-18 00:00:00-04:00,14.198678365986758,14.335271049826762,13.936937334846162,13.948631286621094,186256000
2021-05-19 00:00:00-04:00,13.501529742338581,14.012073471257523,13.478391458639676,13.99838924407959,344000000
2021-05-20 00:00:00-04:00,14.234009371252007,14.613434058507865,14.202163019709412,14.542525291442871,321592000
2021-05-21 00:00:00-04:00,15.091131488505768,15.14910295826252,14.798291095690491,14.919955253601074,672992000
2021-05-24 00:00:00-04:00,15.139647605689639,15.669597751616458,15.10332242541384,15.537235260009766,554816000
2021-05-25 00:00:00-04:00,15.690495669194577,15.742744016405416,15.408353645148921,15.5728120803833,435408000
2021-05-26 00:00:00-04:00,15.658901227493464,15.718116033223644,15.511610211521978,15.624814987182617,370440000
2021-05-27 00:00:00-04:00,15.624565789324397,15.67457520145046,15.385964013483283,15.413829803466797,581476000
2021-05-28 00:00:00-04:00,15.426765997018279,16.19954708212294,15.426765997018279,16.166704177856445,644536000
2021-06-01 00:00:00-04:00,16.19208753443209,16.309771158745168,15.827093093833488,16.186613082885742,472804000
2021-06-02 00:00:00-04:00,16.174420647544324,16.837728952367616,16.157750527142543,16.697900772094727,594168000
2021-06-03 00:00:00-04:00,16.62077403418186,17.17635111968771,16.503587746671425,16.888484954833984,580008000
2021-06-04 00:00:00-04:00,17.03055442282745,17.576427939663205,17.013637529729234,17.494075775146484,617120000
2021-06-07 00:00:00-04:00,17.48710229431981,17.727196038292035,17.110414943863784,17.534622192382812,575756000
2021-06-08 00:00:00-04:00,17.443312869189647,17.53711123572053,17.16838498606947,17.37339973449707,323848000
2021-06-09 00:00:00-04:00,17.435864226348606,17.4948438746544,17.17704981871262,17.279081344604492,381656000
2021-06-10 00:00:00-04:00,17.2708746448945,17.412227242679947,17.097668395172203,17.345531463623047,287772000
2021-06-11 00:00:00-04:00,17.39977791669959,17.857432176144524,17.364191530157925,17.74395179748535,416308000
2021-06-14 00:00:00-04:00,17.82433055010109,17.95722080361598,17.582190124030767,17.936565399169922,321376000
2021-06-15 00:00:00-04:00,17.83329105855584,17.93407895613419,17.647143687325773,17.707366943359375,243032000
2021-06-16 00:00:00-04:00,17.709614987278727,17.872866617430287,17.50430446047181,17.72902488708496,307124000
2021-06-17 00:00:00-04:00,17.69343341937015,18.749095854040014,17.675267140573446,18.57215690612793,809656000
2021-06-18 00:00:00-04:00,18.698327387768984,19.286631467550436,18.49923881961197,18.553739547729492,968856000
2021-06-21 00:00:00-04:00,18.3511693418325,18.451959152942997,17.741463607959098,18.34320640563965,672384000
2021-06-22 00:00:00-04:00,18.387258337480024,18.87726379771211,18.30214755921342,18.800613403320312,580144000
2021-06-23 00:00:00-04:00,18.921059344157953,19.065398486357704,18.82151504268745,18.970333099365234,332356000
2021-06-24 00:00:00-04:00,19.14005048722314,19.331422911077166,19.001185200516986,19.117900848388672,320924000
2021-06-25 00:00:00-04:00,19.192566694456715,19.257270776737716,18.80832746643894,18.944204330444336,278364000
2021-06-28 00:00:00-04:00,19.2729482217132,19.987176571497116,19.23089123211505,19.89385414123535,495436000
2021-06-29 00:00:00-04:00,19.79181849083902,20.007081674259897,19.567346857383377,19.93541145324707,367632000
2021-06-30 00:00:00-04:00,19.9080348431735,20.070540237808444,19.773152897382392,19.911270141601562,326568000
2021-07-01 00:00:00-04:00,20.03321842482558,20.362708251689103,19.927700949630147,20.119821548461914,480136000
2021-07-02 00:00:00-04:00,20.347028318463767,20.411732403859773,20.195223675024934,20.393564224243164,342764000
2021-07-06 00:00:00-04:00,20.642913320696312,20.74693650292878,20.257430611185868,20.60409164428711,446708000
2021-07-07 00:00:00-04:00,20.758386591417537,20.779788164387533,20.239265541456227,20.278833389282227,418428000
2021-07-08 00:00:00-04:00,19.765937028513026,20.041174738555355,19.610897115936638,19.811975479125977,503300000
2021-07-09 00:00:00-04:00,19.87145390678074,19.988667035276382,19.664153655569276,19.958803176879883,296624000
2021-07-12 00:00:00-04:00,20.14768528825226,20.439099465381375,20.09567369123447,20.418943405151367,321984000
2021-07-13 00:00:00-04:00,20.307455300297775,20.36792918431061,20.02226296191594,20.157642364501953,290708000
2021-07-14 00:00:00-04:00,20.264903197063806,20.324629020047354,19.66266291046804,19.751007080078125,380100000
2021-07-15 00:00:00-04:00,19.72139014783065,19.756479085995565,18.772486985762363,18.879745483398438,550564000
2021-07-16 00:00:00-04:00,18.943704278756737,19.069626505196034,17.99057088100206,18.078168869018555,688224000
2021-07-19 00:00:00-04:00,17.8335458640855,18.955156212033163,17.784021479768406,18.694103240966797,749060000
2021-07-20 00:00:00-04:00,18.644574810811843,18.752082041477266,18.081156267494258,18.52711296081543,434687000
2021-07-21 00:00:00-04:00,18.795882316770854,19.43794103502016,18.656521440989437,19.321474075317383,371017000
2021-07-22 00:00:00-04:00,19.552416271247484,19.79629780336461,19.18808441295278,19.504634857177734,323826000
2021-07-23 00:00:00-04:00,19.56635412004103,19.61015406998916,19.162205646075567,19.468801498413086,195672000
2021-07-26 00:00:00-04:00,19.222927760778727,19.35332891748849,18.827737126381447,19.206005096435547,203943000
2021-07-27 00:00:00-04:00,19.177131076940448,19.53250313723762,18.655520891552428,19.120391845703125,248863000
2021-07-28 00:00:00-04:00,19.230895895224947,19.556404276744935,18.908374090413876,19.4140567779541,202191000
2021-07-29 00:00:00-04:00,19.429979195413683,19.762457462479684,19.23985030043888,19.572328567504883,190781000
2021-07-30 00:00:00-04:00,19.32943666500641,19.540469658257,19.17514481205662,19.41006851196289,183497000
2021-08-02 00:00:00-04:00,19.61015425708338,19.86996358597214,19.272699647938943,19.65992546081543,217444000
2021-08-03 00:00:00-04:00,19.649962147870436,20.12976401014439,19.132333503979492,19.724620819091797,301811000
2021-08-04 00:00:00-04:00,19.898830576115028,20.225335671014715,19.737568762887463,20.181535720825195,231309000
2021-08-05 00:00:00-04:00,20.4065028973456,20.63844002549978,20.249222567431012,20.542877197265625,211435000
2021-08-06 00:00:00-04:00,20.4303935804627,20.47618331116727,20.11782460435866,20.273113250732422,178497000
2021-08-09 00:00:00-04:00,20.35274682348764,20.414464320594274,20.051129279869148,20.202436447143555,146443000
2021-08-10 00:00:00-04:00,20.229310909591618,20.33681811908524,19.744530726754288,19.84507179260254,179238000
2021-08-11 00:00:00-04:00,19.95158271202595,19.95755586232804,19.34137965122255,19.60915184020996,185925000
2021-08-12 00:00:00-04:00,19.779374492032925,19.937647795117172,19.53051473289066,19.8142147064209,151652000
2021-08-13 00:00:00-04:00,19.814217948269306,20.121808676083944,19.760463380904792,20.09592628479004,183063000
2021-08-16 00:00:00-04:00,20.043168322323123,20.194475504529578,19.364277685801866,19.859012603759766,210876000
2021-08-17 00:00:00-04:00,19.595220967543515,19.679834290499414,19.179128093035906,19.3692569732666,204585000
2021-08-18 00:00:00-04:00,19.41106426442262,19.54445389093999,18.913344667898965,18.953163146972656,285913000
2021-08-19 00:00:00-04:00,19.405090193128377,20.40152612998121,18.67642838900111,19.707704544067383,766555000
2021-08-20 00:00:00-04:00,19.899825465212288,20.76983992496617,19.84209132480141,20.7210636138916,675741000
2021-08-23 00:00:00-04:00,20.875356807002596,21.896676532709122,20.854452674261367,21.85785484313965,575807000
2021-08-24 00:00:00-04:00,21.653788842883614,21.858848692173698,21.43678269051183,21.693605422973633,297299000
2021-08-25 00:00:00-04:00,21.63785975782843,22.367516438446174,21.62292877853246,22.1116886138916,347701000
2021-08-26 00:00:00-04:00,22.09875368815787,22.238114585545677,21.690623718393724,21.967355728149414,237940000
2021-08-27 00:00:00-04:00,22.082820582434145,22.61836691419927,22.065897920601948,22.532758712768555,304722000
2021-08-30 00:00:00-04:00,22.725876717636822,22.937904612772638,22.448149850901924,22.584524154663086,262580000
2021-08-31 00:00:00-04:00,22.595474734179547,22.595474734179547,22.022997435726552,22.286834716796875,259850000
2021-09-01 00:00:00-04:00,22.386401825570044,22.597472079831466,22.258962859018567,22.342594146728516,201767000
2021-09-02 00:00:00-04:00,22.419249529951113,22.493921385599155,22.197227896388572,22.29778480529785,187834000
2021-09-03 00:00:00-04:00,22.227096544764898,22.885197091806518,22.102644720659796,22.74282455444336,280532000
2021-09-07 00:00:00-04:00,22.732867877774773,22.798578424834954,22.42323092316532,22.562618255615234,198107000
2021-09-08 00:00:00-04:00,22.414274113005263,22.510848859948066,21.88062343636692,22.241037368774414,254434000
2021-09-09 00:00:00-04:00,22.214152533662265,22.43916125911204,22.033946539770156,22.079744338989258,196856000
2021-09-10 00:00:00-04:00,22.24999788331724,22.526778660735864,22.172340814379883,22.37942886352539,248376000
2021-09-13 00:00:00-04:00,22.584525817265025,22.863298640935614,21.76214779147206,22.054859161376953,297500000
2021-09-14 00:00:00-04:00,22.177318823418137,22.311727046467276,21.989148450540036,22.14446449279785,199755000
2021-09-15 00:00:00-04:00,22.211165569828992,22.268911777280785,21.869669360408633,22.243024826049805,166538000
2021-09-16 00:00:00-04:00,22.085723205642353,22.179310858145648,21.830845305683194,22.14446449279785,156033000
2021-09-17 00:00:00-04:00,22.202206286674826,22.223114103504372,21.734268077405748,21.8039608001709,294503000
2021-09-20 00:00:00-04:00,21.053268680937446,21.33901075751113,20.57139190308022,21.020414352416992,349440000
2021-09-21 00:00:00-04:00,21.323081688701794,21.33104602969822,20.858130525552628,21.15283203125,204688000
2021-09-22 00:00:00-04:00,21.27230824194603,21.863703385380997,21.103053624526165,21.84478759765625,268726000
2021-09-23 00:00:00-04:00,22.04290644543416,22.436174664784662,21.794002797589656,22.383407592773438,248555000
2021-09-24 00:00:00-04:00,21.97321946935891,22.051873513577714,21.765136329994856,21.98417091369629,217655000
2021-09-27 00:00:00-04:00,21.614793860062722,21.70340426569089,21.231483878149266,21.565013885498047,245215000
2021-09-28 00:00:00-04:00,21.120965695812398,21.3250665826315,20.560433133480885,20.60822296142578,343069000
2021-09-29 00:00:00-04:00,20.848170149177676,20.92483213876471,20.3772429721725,20.427024841308594,218394000
2021-09-30 00:00:00-04:00,20.67692268286252,20.97361615381417,20.597273594598942,20.625150680541992,221009000
2021-10-01 00:00:00-04:00,20.65900727941029,20.767528549150793,20.11440509795195,20.651042938232422,240978000
2021-10-04 00:00:00-04:00,20.4140815960762,20.451915057453423,19.469243927312622,19.64546775817871,345635000
2021-10-05 00:00:00-04:00,19.86251239664923,20.557451354715955,19.766932724840515,20.36131477355957,279282000
2021-10-06 00:00:00-04:00,20.03176418206324,20.629131351141822,19.991938691333246,20.609220504760742,297202000
2021-10-07 00:00:00-04:00,20.9995001152683,21.228492893748708,20.880027438567527,20.982576370239258,256919000
2021-10-08 00:00:00-04:00,21.008463306809464,21.113002383054678,20.683892737623648,20.739646911621094,151258000
2021-10-11 00:00:00-04:00,20.484773437642136,20.970632383544228,20.421053017517437,20.604246139526367,163388000
2021-10-12 00:00:00-04:00,20.736660050850766,20.964655885876756,20.437976429822484,20.58034896850586,162134000
2021-10-13 00:00:00-04:00,20.826267780379947,20.897952540851815,20.622166840732383,20.84717559814453,180652000
2021-10-14 00:00:00-04:00,21.194644976644554,21.65959608070997,21.029372578571422,21.650636672973633,243589000
2021-10-15 00:00:00-04:00,21.71435652898172,21.834826198844418,21.56700673526924,21.766128540039062,226994000
2021-10-18 00:00:00-04:00,21.653624540532604,22.19324752272249,21.5490835543678,22.124549865722656,189494000
2021-10-19 00:00:00-04:00,22.178308856137,22.28085779315563,21.940358557922448,22.192249298095703,161473000
2021-10-20 00:00:00-04:00,22.207184914348492,22.334623846905142,21.88560143025834,22.006071090698242,146276000
2021-10-21 00:00:00-04:00,22.00009915262171,22.611406925381793,21.986160606952357,22.59248924255371,187590000
2021-10-22 00:00:00-04:00,22.72290795737429,23.0285607956188,22.462057844177014,22.626333236694336,249384000
2021-10-25 00:00:00-04:00,22.87225673076628,23.252581526641404,22.67014782202449,23.064411163330078,230235000
2021-10-26 00:00:00-04:00,23.88380013492317,25.148231194964065,23.819084651019782,24.608606338500977,485898000
2021-10-27 00:00:00-04:00,24.366678465515687,24.979976430776865,24.175519079784742,24.343778610229492,245990000
2021-10-28 00:00:00-04:00,24.768901535208865,24.840586291381936,24.415458790011783,24.83162498474121,234204000
2021-10-29 00:00:00-04:00,24.89136187149755,25.596257241681755,24.890366803732874,25.454879760742188,292503000
2021-11-01 00:00:00-04:00,25.536524276050844,25.780448839610433,25.116373947615195,25.713743209838867,265740000
2021-11-02 00:00:00-04:00,25.708761653173653,26.56100677962379,25.6868568702382,26.285221099853516,294112000
2021-11-03 00:00:00-04:00,26.55304424185898,26.666544637188032,26.11995237716791,26.481359481811523,239910000
2021-11-04 00:00:00-04:00,27.109593234066324,31.227455386633288,26.999079939655886,29.67031478881836,1153631000
2021-11-05 00:00:00-04:00,30.054616607068407,31.26229639946253,29.281023678591378,29.621524810791016,851260000
2021-11-08 00:00:00-05:00,30.016792110265666,30.963622039955503,29.775852740634846,30.668920516967773,503101000
2021-11-09 00:00:00-05:00,32.14043594172841,32.16831303240709,29.832600226347303,30.522560119628906,646746000
2021-11-10 00:00:00-05:00,29.22726595064239,30.714713791904344,28.65179963773985,29.32981300354004,636206000
2021-11-11 00:00:00-05:00,30.334388087867172,30.45585281899345,29.646418368081974,30.256729125976562,332172000
2021-11-12 00:00:00-05:00,29.87839638802561,30.54545829095262,29.500061751090385,30.256729125976562,413054000
2021-11-15 00:00:00-05:00,30.41802479111372,30.509620414960658,29.118747114504277,29.893335342407227,384909000
2021-11-16 00:00:00-05:00,29.628497753453818,30.256729228063044,29.57572877826621,30.07054901123047,264484000
2021-11-17 00:00:00-05:00,30.28460468714921,30.37520712128107,28.673700206648128,29.132678985595703,428508000
2021-11-18 00:00:00-05:00,32.22505942148186,32.61633372407065,31.18364508674992,31.53609275817871,781711000
2021-11-19 00:00:00-05:00,32.101608157533384,32.94290388231008,31.76509100701343,32.840354919433594,533867000
2021-11-22 00:00:00-05:00,33.37001612006789,34.49506179185787,31.76010847564054,31.81586265563965,754335000
2021-11-23 00:00:00-05:00,31.39670967652622,32.21809257052514,30.744581358909567,31.60678482055664,532163000
2021-11-24 00:00:00-05:00,31.323039583883876,32.71092580385909,30.7923759210508,32.53071975708008,435162000
2021-11-26 00:00:00-05:00,32.45704054958605,32.56655878387352,31.212523964338434,31.364852905273438,283069000
2021-11-29 00:00:00-05:00,32.22406422648845,33.26547475913897,31.895509575688923,33.22963333129883,454964000
2021-11-30 00:00:00-05:00,33.023541458568594,33.20673647061269,31.724265919380148,32.5327033996582,622066000
2021-12-01 00:00:00-05:00,33.07737601000796,33.1470772684117,31.24621379716434,31.300979614257812,484368000
2021-12-02 00:00:00-05:00,31.08091667285877,32.339527421049986,30.892721414598597,31.98902702331543,472890000
2021-12-03 00:00:00-05:00,31.863574209549956,31.992025853618237,30.00154575602389,30.56214714050293,544325000
2021-12-06 00:00:00-05:00,29.752611029224973,30.11207202986678,27.918465014907625,29.90894317626953,658938000
2021-12-07 00:00:00-05:00,30.825023080342124,32.310662878163335,30.52032598088665,32.288753509521484,593053000
2021-12-08 00:00:00-05:00,31.862581858961434,32.152341627398386,31.287044980537615,31.690319061279297,475551000
2021-12-09 00:00:00-05:00,31.59870204936308,32.06769651903593,30.29827039453706,30.36000633239746,488507000
2021-12-10 00:00:00-05:00,31.017192866760514,31.17153271430594,29.733688906259296,30.069252014160156,488825000
2021-12-13 00:00:00-05:00,30.12003667037444,30.16484489291169,27.9961292011688,28.040937423706055,598344000
2021-12-14 00:00:00-05:00,27.580907982463,28.555734222401295,27.13382283364954,28.216188430786133,667035000
2021-12-15 00:00:00-05:00,28.27891988260038,30.369967183258264,27.71931562363803,30.32914161682129,698297000
2021-12-16 00:00:00-05:00,31.01918913294205,31.027154448930762,27.97323064778504,28.265975952148438,707366000
2021-12-17 00:00:00-05:00,27.865691608084173,28.798697151084145,27.641650475156073,27.682476043701172,713758000
2021-12-20 00:00:00-05:00,27.188589819244115,28.024011677111307,27.02927210549903,27.6008243560791,461847000
2021-12-21 00:00:00-05:00,28.25303433423604,28.99585421850797,27.28418102866078,28.951045989990234,524385000
2021-12-22 00:00:00-05:00,28.767825605381404,29.428994238441074,28.327708710251994,29.274654388427734,395184000
2021-12-23 00:00:00-05:00,29.628143214986842,29.93084800774143,29.30552513261703,29.513633728027344,343022000
2021-12-27 00:00:00-05:00,29.53354519901358,30.954461266705604,29.51363001268846,30.813066482543945,403686000
2021-12-28 00:00:00-05:00,31.178501216751027,31.196424124096993,29.884042641533675,30.19272232055664,420591000
2021-12-29 00:00:00-05:00,30.143938112049966,30.41776532723958,29.24080342780943,29.873096466064453,343139000
2021-12-30 00:00:00-05:00,29.69983733274605,30.32715249863817,29.41406215423733,29.45986557006836,308864000
2021-12-31 00:00:00-05:00,29.54749135107495,29.9019745214391,29.2059532443293,29.285612106323242,266530000
2022-01-03 00:00:00-05:00,29.687887165643172,30.58006706522169,29.658014384020838,29.992582321166992,391547000
2022-01-04 00:00:00-05:00,30.147912453155488,30.33809809695362,28.228133108808805,29.16512107849121,527154000
2022-01-05 00:00:00-05:00,28.82558189391546,29.29059190225155,27.415620224197976,27.486316680908203,498064000
2022-01-06 00:00:00-05:00,27.522156879900578,28.316754959283724,26.949609518873476,28.057863235473633,454186000
2022-01-07 00:00:00-05:00,28.02102606266158,28.300828200556737,26.94164598984423,27.130836486816406,409939000
2022-01-10 00:00:00-05:00,26.467675485447426,27.351890124020873,25.53466996334042,27.283184051513672,594681000
2022-01-11 00:00:00-05:00,27.206509077115893,27.945346157388915,26.724573342620975,27.698402404785156,404089000
2022-01-12 00:00:00-05:00,27.94733620165416,28.473084959973825,27.490293505962637,27.879627227783203,383413000
2022-01-13 00:00:00-05:00,28.2580102227296,28.358579457679358,26.385029059468522,26.461702346801758,540171000
2022-01-14 00:00:00-05:00,26.187871987265602,27.081048984239747,26.098255540756934,26.82713508605957,395832000
2022-01-18 00:00:00-05:00,26.148042698978056,26.524431382788112,25.660132004918143,25.792564392089844,424270000
2022-01-19 00:00:00-05:00,25.967811287613753,26.429831798989024,24.945189530517922,24.960124969482422,488315000
2022-01-20 00:00:00-05:00,25.19612432099179,25.46995155552905,23.975349297157585,24.047042846679688,435181000
2022-01-21 00:00:00-05:00,23.406779692719766,24.717169013281726,23.163820484440176,23.27434730529785,718958000
2022-01-24 00:00:00-05:00,22.234800479522537,23.280323256927787,20.79894871741768,23.272357940673828,913982000
2022-01-25 00:00:00-05:00,22.449876349333593,22.8451850306954,21.906204650379927,22.228822708129883,664616000
2022-01-26 00:00:00-05:00,23.140922442388803,23.954438826073826,22.204929341327563,22.674917221069336,755959000
2022-01-27 00:00:00-05:00,23.46752162349448,23.89270120895478,21.582590638157097,21.850444793701172,573353000
2022-01-28 00:00:00-05:00,21.918149676875192,22.76054337462477,21.205202780038288,22.74262046813965,543774000
2022-01-31 00:00:00-05:00,23.083167451846627,24.40451162128033,22.95372251615152,24.381608963012695,564680000
2022-02-01 00:00:00-05:00,24.996975734573237,25.0378013064162,23.78815060803622,24.532962799072266,518925000
2022-02-02 00:00:00-05:00,25.6840327601272,25.706933518845947,24.448322405650178,25.13438606262207,543419000
2022-02-03 00:00:00-05:00,24.353729361756347,24.97008988703977,23.678620353637253,23.845903396606445,410178000
2022-02-04 00:00:00-05:00,23.869799837318162,24.529973363145128,23.531249213857308,24.215320587158203,354829000
2022-02-07 00:00:00-05:00,24.26809450688,25.074640699200273,24.098819192519745,24.622577667236328,376868000
2022-02-08 00:00:00-05:00,24.25515013515638,25.122437111146983,23.877766205134343,25.000957489013672,410359000
2022-02-09 00:00:00-05:00,25.51276352295215,26.611061657409135,25.244911267514784,26.59114646911621,524282000
2022-02-10 00:00:00-05:00,25.884177747563196,26.81021133314306,25.490861274047543,25.713905334472656,513200000
2022-02-11 00:00:00-05:00,25.805512129420663,26.040506046365,23.671648776457072,23.84689712524414,605472000
2022-02-14 00:00:00-05:00,23.831959421608797,24.768947532154037,23.653721722186578,24.16353988647461,440424000
2022-02-15 00:00:00-05:00,24.8426335224846,26.431829912184345,24.67833795995591,26.382043838500977,699869000
2022-02-16 00:00:00-05:00,26.147047583163317,26.468670452357063,25.443061093040882,26.397972106933594,732676000
2022-02-17 00:00:00-05:00,25.52073073259493,25.675070604494053,24.061978217389743,24.40251922607422,810595000
2022-02-18 00:00:00-05:00,24.562831248228793,24.879476296810182,23.001517271399226,23.54120635986328,761255000
2022-02-22 00:00:00-05:00,22.936797094043573,23.96140959530918,22.90194645789285,23.290283203125,633422000
2022-02-23 00:00:00-05:00,23.700529752620398,24.052025516653796,22.205929211860127,22.291561126708984,566511000
2022-02-24 00:00:00-05:00,20.925403538862675,23.698529751346676,20.800936466850946,23.646751403808594,735801000
2022-02-25 00:00:00-05:00,23.619872153634248,24.113755971900215,23.281321506147055,24.054012298583984,528866000
2022-02-28 00:00:00-05:00,23.889710379569376,24.559841369753713,23.605925632639202,24.281034469604492,477319000
2022-03-01 00:00:00-05:00,24.187436042997348,24.273069823879005,23.03337702743395,23.37690544128418,412056000
2022-03-02 00:00:00-05:00,23.658748421485516,24.309075054496567,23.31914479926627,24.120847702026367,389642000
2022-03-03 00:00:00-05:00,24.16267550692926,24.22641458306048,23.37292261489187,23.616920471191406,365095000
2022-03-04 00:00:00-05:00,23.288273750720784,23.583061545150027,22.389965840443992,22.84210777282715,431415000
2022-03-07 00:00:00-05:00,22.723596178824522,22.938713469563773,21.242683821437815,21.26459312438965,450821000
2022-03-08 00:00:00-05:00,21.221769289134286,22.281412867963464,20.565466582728256,21.42593002319336,557467000
2022-03-09 00:00:00-05:00,22.295354282391074,23.124944442804253,22.15592800317561,22.919788360595703,492742000
2022-03-10 00:00:00-05:00,22.43876567263354,22.694713569217846,21.792422296882368,22.56524658203125,428066000
2022-03-11 00:00:00-05:00,22.927755670439296,23.05025324732895,21.95575122647575,22.009531021118164,367209000
2022-03-14 00:00:00-04:00,21.77947847445638,22.17086937481578,21.07238577959174,21.242685317993164,385354000
2022-03-15 00:00:00-04:00,21.429910411009644,22.943688372057732,21.234713636338597,22.87895393371582,491996000
2022-03-16 00:00:00-04:00,23.403792965468472,24.49630206078878,23.07713665142216,24.395715713500977,671422000
2022-03-17 00:00:00-04:00,24.02125840895199,24.74030090825493,23.80813378286248,24.664613723754883,471941000
2022-03-18 00:00:00-04:00,24.697479198946194,26.460233740028837,24.52319636276872,26.344707489013672,730719000
2022-03-21 00:00:00-04:00,26.398493159365138,27.040853297881945,25.86070274585129,26.624563217163086,591727000
2022-03-22 00:00:00-04:00,26.617582876634945,27.126492498169284,25.965265566055862,26.415414810180664,547007000
2022-03-23 00:00:00-04:00,26.019042949245076,26.503053388167388,25.470299979681194,25.5290584564209,502120000
2022-03-24 00:00:00-04:00,26.058884112048176,28.204065572576116,25.80094361026962,28.034761428833008,877379000
2022-03-25 00:00:00-04:00,27.77184415178732,28.241912070470075,27.159361974596653,27.578638076782227,579016000
2022-03-28 00:00:00-04:00,27.642375427784486,28.134352617050098,27.094625830029123,28.103479385375977,425494000
2022-03-29 00:00:00-04:00,28.5775285613948,28.827500474518697,27.86545546506131,28.53868865966797,488984000
2022-03-30 00:00:00-04:00,28.188135560089133,28.37934902637745,27.390413942065525,27.576648712158203,463487000
2022-03-31 00:00:00-04:00,27.668271007248077,28.13236299140276,27.158367800089522,27.174301147460938,523440000
2022-04-01 00:00:00-04:00,27.26293373491524,27.38343868051935,26.1594698017538,26.60264778137207,517235000
2022-04-04 00:00:00-04:00,26.61858452561167,27.44518668797612,26.504055527761597,27.247997283935547,397120000
2022-04-05 00:00:00-04:00,27.14242826487716,27.2071627020829,25.714298707379786,25.824844360351562,436615000
2022-04-06 00:00:00-04:00,24.83193198817257,25.196432981913787,23.904743305877012,24.30708885192871,703833000
2022-04-07 00:00:00-04:00,24.340944116539315,24.620793903525843,23.3818870718976,24.108898162841797,557992000
2022-04-08 00:00:00-04:00,23.81909236344926,23.825068318317854,22.967592876759955,23.02435874938965,524781000
2022-04-11 00:00:00-04:00,22.12306125571871,22.228626311058377,21.57132836419141,21.8272762298584,575207000
2022-04-12 00:00:00-04:00,22.44473605280933,22.63196612293625,21.194872854523396,21.415964126586914,662258000
2022-04-13 00:00:00-04:00,21.639052358381548,22.40789137072251,21.367169228856223,22.112106323242188,516943000
2022-04-14 00:00:00-04:00,22.412867562077835,22.683755302120506,21.076362421603775,21.17097282409668,569097000
2022-04-18 00:00:00-04:00,21.113213152266766,21.9975764845038,20.992708207900467,21.69382667541504,525701000
2022-04-19 00:00:00-04:00,21.631082424341212,22.28140906472453,21.226744362071575,22.107126235961914,512781000
2022-04-20 00:00:00-04:00,22.42481903619335,22.577192555974293,21.113211195451072,21.39405632019043,468974000
2022-04-21 00:00:00-04:00,21.620128118741523,22.30033264038632,19.918124725646763,20.10037612915039,656209000
2022-04-22 00:00:00-04:00,20.21988036414399,20.402131736554576,19.420168294323013,19.43510627746582,624713000
2022-04-25 00:00:00-04:00,19.12339100546342,19.863349361314793,19.017825948530263,19.820526123046875,641566000
2022-04-26 00:00:00-04:00,19.637283370463635,19.706996516542763,18.593573098917023,18.711090087890625,653143000
2022-04-27 00:00:00-04:00,18.52186245193841,19.088533303599878,18.215124690050864,18.33961296081543,499460000
2022-04-28 00:00:00-04:00,18.88935141084662,19.95497260986267,18.41430488131408,19.70101547241211,570327000
2022-04-29 00:00:00-04:00,19.32257448999954,20.045602297833724,18.441197185099483,18.4710750579834,500435000
2022-05-02 00:00:00-04:00,18.46509589745595,19.493865971063627,18.3157103580548,19.453035354614258,572049000
2022-05-03 00:00:00-04:00,19.320584361321686,19.743845733779274,19.054677146970047,19.521757125854492,475751000
2022-05-04 00:00:00-04:00,19.84144044981811,20.316487014368857,18.67423744950525,20.250757217407227,648855000
2022-05-05 00:00:00-04:00,19.785667939358376,19.843429158431288,18.424263663115507,18.766855239868164,626331000
2022-05-06 00:00:00-04:00,18.659298078838052,19.43212034048371,17.916351786613728,18.598546981811523,633297000
2022-05-09 00:00:00-04:00,17.96017138288135,18.18026540474069,16.758111965299616,16.8806095123291,644455000
2022-05-10 00:00:00-04:00,17.616587170071877,18.12350429350738,16.955305773137006,17.522972106933594,761474000
2022-05-11 00:00:00-04:00,17.275983917823066,17.68032194709463,16.500173704044624,16.561918258666992,670167000
2022-05-12 00:00:00-04:00,16.15260613492584,16.719277132650767,15.503275671521447,16.10878562927246,708728000
2022-05-13 00:00:00-04:00,16.719276866807252,17.854609562915,16.52507542137206,17.63351821899414,670437000
2022-05-16 00:00:00-04:00,17.437322904145635,17.715180072849822,17.035972816221634,17.19332504272461,521446000
2022-05-17 00:00:00-04:00,18.000005874511373,18.295790861284107,17.56180856753413,18.102584838867188,585830000
2022-05-18 00:00:00-04:00,17.63252027278685,18.043829664901942,16.794963502496497,16.86865997314453,545161000
2022-05-19 00:00:00-04:00,16.86766124321624,17.61459078960945,16.665491294505667,17.053895950317383,621310000
2022-05-20 00:00:00-04:00,17.261044685045487,17.338724476895592,15.690500201719123,16.625656127929688,739105000
2022-05-23 00:00:00-04:00,16.207377095601466,16.845753691955995,16.112766693765444,16.82882308959961,639889000
2022-05-24 00:00:00-04:00,16.44241318228326,16.529056923699873,15.715401091996485,16.08786964416504,588550000
2022-05-25 00:00:00-04:00,15.954414100977115,17.040947119530152,15.93449552568044,16.90550422668457,781132000
2022-05-26 00:00:00-04:00,15.97034965113775,18.017932366337,15.956407026409044,17.77791976928711,996575000
2022-05-27 00:00:00-04:00,18.111555803971783,18.803710493636046,18.025907407236858,18.733997344970703,738379000
2022-05-31 00:00:00-04:00,18.902299762323565,19.121400348314285,18.27487967412374,18.595561981201172,664100000
2022-06-01 00:00:00-04:00,18.64734816521392,18.97499986864279,18.047811461986903,18.2450008392334,544514000
2022-06-02 00:00:00-04:00,18.217115849128234,19.53868302922962,18.12350080401456,19.51179313659668,648656000
2022-06-03 00:00:00-04:00,19.003887309829665,19.25286391841899,18.446178338920216,18.643367767333984,598779000
2022-06-06 00:00:00-04:00,19.060652505586596,19.257841926957315,18.48800556646816,18.709096908569336,422406000
2022-06-07 00:00:00-04:00,18.396378418350423,18.92221674094939,18.113540678276078,18.848520278930664,388914000
2022-06-08 00:00:00-04:00,18.72599902469666,19.105520032436974,18.46302425711577,18.575586318969727,363252000
2022-06-09 00:00:00-04:00,18.40923976956871,18.859484333750544,17.970947743399975,17.977920532226562,395574000
2022-06-10 00:00:00-04:00,17.53165334233973,17.62827677855805,16.8034911776423,16.908084869384766,465248000
2022-06-13 00:00:00-04:00,15.937868732069086,16.248657445936082,15.545398661343508,15.5862398147583,604153000
2022-06-14 00:00:00-04:00,15.669913807719103,16.0036129839423,15.35215229559049,15.774506568908691,469680000
2022-06-15 00:00:00-04:00,16.03249841468416,16.80249737716836,15.86415501064633,16.46282196044922,563936000
2022-06-16 00:00:00-04:00,15.79841271116568,15.88009502147224,15.341195447240926,15.54041862487793,545749000
2022-06-17 00:00:00-04:00,15.587234197190497,15.932886820587377,15.268477150817528,15.818333625793457,630334000
2022-06-21 00:00:00-04:00,16.411020810356447,16.941949982642416,16.343284093469975,16.501667022705078,483089000
2022-06-22 00:00:00-04:00,16.16299022237989,16.59729794626429,16.117169323053933,16.296470642089844,437135000
2022-06-23 00:00:00-04:00,16.454846161261543,16.520589829446614,15.791433214107935,16.161989212036133,463680000
2022-06-24 00:00:00-04:00,16.43592551294382,17.07343959152511,16.24666280838682,17.059494018554688,472153000
2022-06-27 00:00:00-04:00,17.244770110232803,17.26269985867149,16.561433331282462,16.803489685058594,427968000
2022-06-28 00:00:00-04:00,16.83437454206532,17.135201879170452,15.883083017438073,15.919939994812012,461149000
2022-06-29 00:00:00-04:00,15.752591579090298,15.758567846845672,15.111092291433094,15.481647491455078,482352000
2022-06-30 00:00:00-04:00,15.301348174436805,15.506548534519514,14.804286360656157,15.100132942199707,686070000
2022-07-01 00:00:00-04:00,14.841142600357397,15.004505295287302,14.3361114733893,14.466602325439453,577610000
2022-07-05 00:00:00-04:00,14.11995661407491,14.912865159719473,14.000422705433717,14.905892372131348,651397000
2022-07-06 00:00:00-04:00,14.951713200390376,15.259513302763182,14.731570721690755,15.071247100830078,529066000
2022-07-07 00:00:00-04:00,15.39598259559198,15.883083111902556,15.329242378034209,15.79642105102539,492903000
2022-07-08 00:00:00-04:00,15.37008313178978,15.974726402731946,15.329241976596508,15.776498794555664,467972000
2022-07-11 00:00:00-04:00,15.465708848641963,15.466705368190304,14.9796039530425,15.093161582946777,437321000
2022-07-12 00:00:00-04:00,15.20871031951737,15.371077457553127,14.819228872129182,15.023432731628418,458483000
2022-07-13 00:00:00-04:00,14.533343560416391,15.315295058565692,14.408828966444313,15.105113983154297,521918000
2022-07-14 00:00:00-04:00,15.049330705933693,15.412913068607052,14.670806250969452,15.312305450439453,456235000
2022-07-15 00:00:00-04:00,15.598192598861097,15.72071415365687,15.385022914971692,15.70079231262207,385935000
2022-07-18 00:00:00-04:00,16.23869663998441,16.83138547101321,15.939862350377403,16.038476943969727,670517000
2022-07-19 00:00:00-04:00,16.421983978769592,17.043561498221212,16.109204079525067,16.9260196685791,702366000
2022-07-20 00:00:00-04:00,16.88119289080597,17.86336417339984,16.735759920763662,17.737852096557617,760538000
2022-07-21 00:00:00-04:00,17.815549700814543,18.073542834559365,17.476869827222348,17.979907989501953,557049000
2022-07-22 00:00:00-04:00,17.823519553288822,17.897231611980214,17.07045465118201,17.25174903869629,536671000
2022-07-25 00:00:00-04:00,16.95291553695578,17.057509273381786,16.584353284601864,16.957897186279297,480748000
2022-07-26 00:00:00-04:00,16.823416159959134,16.853300347202065,16.414012864423395,16.468799591064453,397865000
2022-07-27 00:00:00-04:00,16.965862630194085,17.86635353894504,16.84732523587989,17.72092056274414,569776000
2022-07-28 00:00:00-04:00,17.90519966314176,18.069557945364984,17.372277332995978,17.91416358947754,474646000
2022-07-29 00:00:00-04:00,17.74383263823749,18.173158841179603,17.62330218707429,18.09247398376465,435460000
2022-08-01 00:00:00-04:00,18.111395452950937,18.77281848869698,17.920141583548578,18.3693904876709,476469000
2022-08-02 00:00:00-04:00,18.051629067336524,18.864460391381805,18.021744878238078,18.454059600830078,489527000
2022-08-03 00:00:00-04:00,18.113388905855146,18.89434491533446,18.066570532098716,18.81963539123535,418146000
2022-08-04 00:00:00-04:00,18.77580669644715,19.199155581116848,18.68715160109545,19.140384674072266,409652000
2022-08-05 00:00:00-04:00,18.736958353398986,19.154331957599457,18.593518416599398,18.915264129638672,386068000
2022-08-08 00:00:00-04:00,17.43403710855411,18.168174706690454,17.175046511530418,17.723905563354492,981859000
2022-08-09 00:00:00-04:00,17.185003308258562,17.3792457290548,16.659053898124192,17.0196475982666,668263000
2022-08-10 00:00:00-04:00,17.629275000459376,18.04764413055042,17.24975398460474,18.02672576904297,597422000
2022-08-11 00:00:00-04:00,18.06059689418251,18.634360468808346,17.806586008570317,17.872329711914062,509327000
2022-08-12 00:00:00-04:00,18.089482668919175,18.645316458949107,17.883285741988434,18.636350631713867,478094000
2022-08-15 00:00:00-04:00,18.628379620944163,19.08958102425809,18.54072200021173,18.958093643188477,457666000
2022-08-16 00:00:00-04:00,18.846531923284925,19.067669997846224,18.429158316805072,18.80569076538086,451240000
2022-08-17 00:00:00-04:00,18.45107316928741,18.615431461944837,18.074540740730857,18.26380157470703,446799000
2022-08-18 00:00:00-04:00,18.2299364492585,18.79174557455485,18.11239462163172,18.700103759765625,415447000
2022-08-19 00:00:00-04:00,18.334522125375216,18.448079736030042,17.700992292183763,17.779685974121094,441588000
2022-08-22 00:00:00-04:00,17.42208217251165,17.489818903609883,16.900116815044345,16.967853546142578,409593000
2022-08-23 00:00:00-04:00,16.92302685754724,17.397178237368543,16.904099637165128,17.114280700683594,369986000
2022-08-24 00:00:00-04:00,16.94593725189229,17.338408253803493,16.829392914726995,17.155122756958008,522661000
2022-08-25 00:00:00-04:00,16.7785918674599,17.877309377171127,16.767634901441976,17.843441009521484,770691000
2022-08-26 00:00:00-04:00,17.787658007376972,17.85439727044476,16.173947959014292,16.19685935974121,769127000
2022-08-29 00:00:00-04:00,15.957792548703463,16.27455660052828,15.705774724802128,15.739642143249512,496132000
2022-08-30 00:00:00-04:00,15.898023253937998,15.97671599783805,15.12304454959439,15.407934188842773,530181000
2022-08-31 00:00:00-04:00,15.324260876966457,15.479655236596056,14.900911041431531,15.03538703918457,573710000
2022-09-01 00:00:00-04:00,14.153823343963365,14.32415979672276,13.218470483091595,13.882880210876465,1178865000
2022-09-02 00:00:00-04:00,14.045248511057261,14.11597195898287,13.538224239518152,13.59400749206543,743157000
2022-09-06 00:00:00-04:00,13.677677973111567,13.72549190776808,13.29915352366988,13.412711143493652,535751000
2022-09-07 00:00:00-04:00,13.51434705091727,13.788361151575964,13.298125457424504,13.66480541229248,512657000
2022-09-08 00:00:00-04:00,13.410720161896329,13.957751553071784,13.321043803751946,13.939815521240234,624873000
2022-09-09 00:00:00-04:00,14.106215606366773,14.422078851833046,14.075327622967663,14.3353910446167,486612000
2022-09-12 00:00:00-04:00,14.317457712947263,14.49481871137175,14.147070624316918,14.452969551086426,484159000
2022-09-13 00:00:00-04:00,13.752491137425125,13.87206057353365,13.052012787776297,13.083897590637207,714956000
2022-09-14 00:00:00-04:00,13.206455290226598,13.242326402784114,12.866678912295647,13.080907821655273,588507000
2022-09-15 00:00:00-04:00,12.968312751976555,13.185530199582288,12.744119495023593,12.882620811462402,523625000
2022-09-16 00:00:00-04:00,12.696293036048875,13.164607373852498,12.571741421226356,13.150657653808594,670751000
2022-09-19 00:00:00-04:00,12.965324131066843,13.414706540772462,12.963331449798705,13.333996772766113,569685000
2022-09-20 00:00:00-04:00,13.167596153339607,13.434634451270144,13.01016292838732,13.128735542297363,524818000
2022-09-21 00:00:00-04:00,13.16560415413887,13.980669759694642,13.06297298523187,13.213431358337402,807679000
2022-09-22 00:00:00-04:00,13.0231145909362,13.101831671038127,12.383418345633107,12.51594066619873,759162000
2022-09-23 00:00:00-04:00,12.375447364597502,12.565762199000392,12.213031967666868,12.471102714538574,663309000
2022-09-26 00:00:00-04:00,12.446190542220997,12.613588087290958,12.17018381342835,12.184133529663086,547343000
2022-09-27 00:00:00-04:00,12.462134764959494,12.690313385658438,12.214028382542947,12.3684720993042,553854000
2022-09-28 00:00:00-04:00,12.36548069869449,12.776999225054636,12.309681834171935,12.690311431884766,542414000
2022-09-29 00:00:00-04:00,12.403349347169673,12.455162870322383,11.90315015073606,12.176167488098145,532763000
2022-09-30 00:00:00-04:00,12.043640707800058,12.58768254393533,12.031683671272111,12.095454216003418,565638000
2022-10-03 00:00:00-04:00,12.302707349793115,12.632520270226914,12.06157490606244,12.46711540222168,547478000
2022-10-04 00:00:00-04:00,12.832801128271297,13.17257847359488,12.832801128271297,13.119768142700195,584182000
2022-10-05 00:00:00-04:00,12.864686858561551,13.273215984590474,12.575727163303043,13.161617279052734,507131000
2022-10-06 00:00:00-04:00,13.172579270869328,13.607015181430027,13.055998379683974,13.082901954650879,644157000
2022-10-07 00:00:00-04:00,12.460143455005138,12.62455154584433,11.97887622093527,12.032682418823242,672478000
2022-10-10 00:00:00-04:00,11.993822685224918,12.080510507633305,11.367079212741848,11.62813949584961,698699000
2022-10-11 00:00:00-04:00,11.519529376884742,11.803506900585397,11.242526713057343,11.544440269470215,667482000
2022-10-12 00:00:00-04:00,11.537463030403634,11.69290259691748,11.304302255253075,11.458745956420898,492590000
2022-10-13 00:00:00-04:00,10.931645390841727,12.03467479522763,10.77421216389864,11.917098045349121,850103000
2022-10-14 00:00:00-04:00,12.013749105457423,12.067555297007958,11.163809311742797,11.186726570129395,713432000
2022-10-17 00:00:00-04:00,11.476681483829186,11.90513926216049,11.475685618444233,11.845354080200195,580774000
2022-10-18 00:00:00-04:00,12.299719755620746,12.44718861782601,11.576324213052954,11.924072265625,659362000
2022-10-19 00:00:00-04:00,11.836388541745388,12.30569968628764,11.791549885257231,12.007771492004395,523131000
2022-10-20 00:00:00-04:00,12.069547352328092,12.723194242073287,12.061575677964084,12.150257110595703,652398000
2022-10-21 00:00:00-04:00,12.054602792053803,12.453168520670618,11.844360180299446,12.421282768249512,609494000
2022-10-24 00:00:00-04:00,12.463130284529436,12.66440531318631,12.02072280741897,12.553803443908691,517457000
2022-10-25 00:00:00-04:00,12.648465797577563,13.252291971392953,12.6185727259184,13.213431358337402,505482000
2022-10-26 00:00:00-04:00,12.822839309313967,13.339976758427692,12.662416565709792,12.84974193572998,532953000
2022-10-27 00:00:00-04:00,13.581107454000612,13.788361512216962,13.074929346453251,13.128735542297363,583113000
2022-10-28 00:00:00-04:00,13.056992449696667,13.800316631997058,13.014146482029867,13.78437328338623,521040000
2022-10-31 00:00:00-04:00,13.728574769253589,13.78835995245815,13.24930028897117,13.448582649230957,486341000
2022-11-01 00:00:00-04:00,13.761457385078938,13.875048766316969,13.470505022876246,13.49441909790039,432817000
2022-11-02 00:00:00-04:00,13.800319289979248,14.159027598253079,13.16361149639749,13.171582221984863,672628000
2022-11-03 00:00:00-04:00,12.996212781616933,13.731565367636188,12.909524971705448,13.372856140136719,500065000
2022-11-04 00:00:00-04:00,13.93582958769378,14.177957930344933,13.647865776966073,14.105219841003418,612576000
2022-11-07 00:00:00-05:00,14.176960552458848,14.360300516988321,13.90394423701555,14.249698638916016,410061000
2022-11-08 00:00:00-05:00,14.74790715863396,14.837584472787446,14.165005566889713,14.54962158203125,595292000
2022-11-09 00:00:00-05:00,14.111196561878556,14.160021522270355,13.709642359692431,13.726581573486328,454414000
2022-11-10 00:00:00-05:00,14.746910406367014,15.716419686091069,14.49481769622729,15.693502426147461,700819000
2022-11-11 00:00:00-05:00,15.750296571579392,16.330208574296904,15.426462616385566,16.268430709838867,655487000
2022-11-14 00:00:00-05:00,16.159822116780518,16.480667518589406,15.864883468839679,16.23654556274414,527852000
2022-11-15 00:00:00-05:00,16.662013391587355,16.937022370999905,16.32323291950231,16.60621452331543,545876000
2022-11-16 00:00:00-05:00,16.104025972359103,16.303307412411236,15.816062134408572,15.85292911529541,649547000
2022-11-17 00:00:00-05:00,15.65862661617727,16.20765063781741,15.479272015975031,15.620762825012207,710894000
2022-11-18 00:00:00-05:00,15.908725591523805,15.94459765168975,15.065760685221573,15.353724479675293,492072000
2022-11-21 00:00:00-05:00,15.092666086419097,15.421482258214427,15.025906036280436,15.262056350708008,404739000
2022-11-22 00:00:00-05:00,15.273017439942477,16.00039937204481,15.067756049737582,15.980470657348633,472866000
2022-11-23 00:00:00-05:00,16.040254147784076,16.46771612556409,15.99043426388969,16.45974349975586,427241000
2022-11-25 00:00:00-05:00,16.259463735177064,16.427856209576845,16.113987567674407,16.21163558959961,167934000
2022-11-28 00:00:00-05:00,15.968512050766721,16.298325994560756,15.668593078367639,15.77022647857666,303741000
2022-11-29 00:00:00-05:00,15.77022345370602,15.874847281240129,15.464325545701916,15.582898139953613,298384000
2022-11-30 00:00:00-05:00,15.644694063052635,16.873586217572935,15.545027852999587,16.866609573364258,565298000
2022-12-01 00:00:00-05:00,16.942357240042217,17.20746973093648,16.579569825193857,17.077903747558594,470977000
2022-12-02 00:00:00-05:00,16.603491006042972,16.87657817899184,16.39020337504846,16.819766998291016,371389000
2022-12-05 00:00:00-05:00,16.623421575647185,16.93836855658918,16.41711062983356,16.554651260375977,352255000
2022-12-06 00:00:00-05:00,16.474918055552177,16.51777403742583,15.766286867339783,15.933727264404297,352694000
2022-12-07 00:00:00-05:00,15.719443294997907,16.132064232758374,15.614792692114394,16.0662841796875,372388000
2022-12-08 00:00:00-05:00,16.218777273371813,17.121758517727503,15.905822476444317,17.111791610717773,515456000
2022-12-09 00:00:00-05:00,17.102819869864998,17.5244106979877,16.918436852955416,16.94434928894043,465338000
2022-12-12 00:00:00-05:00,16.9802285062354,17.47955848372448,16.741028482869503,17.4765682220459,457328000
2022-12-13 00:00:00-05:00,18.469251865722775,18.727389611689624,17.651984541709513,18.011781692504883,656589000
2022-12-14 00:00:00-05:00,17.927061390913362,18.191179623464766,17.36195136904166,17.61510467529297,496888000
2022-12-15 00:00:00-05:00,17.088865417042985,17.26228539533921,16.64435244524807,16.895511627197266,478542000
2022-12-16 00:00:00-05:00,16.80780430040909,16.98421452775994,16.355316696171542,16.515779495239258,478232000
2022-12-19 00:00:00-05:00,16.516777854754576,16.55365331311345,16.091200695343332,16.19983673095703,354039000
2022-12-20 00:00:00-05:00,16.01046693823351,16.255647448102433,15.799174471467346,16.031396865844727,403260000
2022-12-21 00:00:00-05:00,16.060302979691098,16.571593975514052,16.04834193364069,16.446012496948242,325025000
2022-12-22 00:00:00-05:00,16.040370897342594,16.084224902594713,14.832409670787916,15.287886619567871,565045000
2022-12-23 00:00:00-05:00,15.145362798947778,15.287885933378956,14.833406075775102,15.155329704284668,349326000
2022-12-27 00:00:00-05:00,15.023769443130346,15.049682826445732,14.009161111934528,14.073945045471191,464902000
2022-12-28 00:00:00-05:00,13.88059315527946,14.214476922152242,13.837736217329413,13.989230155944824,351066000
2022-12-29 00:00:00-05:00,14.354008980352377,14.634071797044276,14.179591938632296,14.554338455200195,354923000
2022-12-30 00:00:00-05:00,14.286233323061209,14.580250347473683,14.185570060566697,14.565300941467285,310490000
2023-01-03 00:00:00-05:00,14.801512873667992,14.946030156445817,14.049028593833635,14.267298698425293,401277000
2023-01-04 00:00:00-05:00,14.518457369356272,14.803503604418882,14.193543517673458,14.699850082397461,431324000
2023-01-05 00:00:00-05:00,14.442712138646769,14.515468836750369,14.100854699285643,14.2174654006958,389168000
2023-01-06 00:00:00-05:00,14.425770004011499,14.959984206467885,13.987236581425599,14.809487342834473,405044000
2023-01-09 00:00:00-05:00,15.233070349137327,16.002497216572273,15.090546259586656,15.575923919677734,504231000
2023-01-10 00:00:00-05:00,15.45532854871312,15.908812351147873,15.4204453255253,15.855989456176758,384101000
2023-01-11 00:00:00-05:00,15.787216717511937,15.97458997371224,15.511139335336974,15.94767951965332,353285000
2023-01-12 00:00:00-05:00,16.046350570153667,16.58155988533878,15.44037584745414,16.45598030090332,551409000
2023-01-13 00:00:00-05:00,16.22375851425544,16.865613588598475,16.11113608569389,16.842689514160156,447287000
2023-01-17 00:00:00-05:00,16.842689261696506,17.668927336507764,16.842689261696506,17.64301300048828,511102000
2023-01-18 00:00:00-05:00,17.608132137463713,17.813445107525506,17.224414756280385,17.31909942626953,439624000
2023-01-19 00:00:00-05:00,16.979229999863364,17.139694698743703,16.675247952454153,16.70913314819336,452932000
2023-01-20 00:00:00-05:00,16.954314377855656,17.796499823469546,16.768935260471654,17.779556274414062,564967000
2023-01-23 00:00:00-05:00,18.00380595113542,19.180872256618034,17.75862728937308,19.129045486450195,655163000
2023-01-24 00:00:00-05:00,18.76426728025817,19.43004264613423,18.757290634979377,19.200807571411133,496204000
2023-01-25 00:00:00-05:00,18.84997803686339,19.30545594731295,18.518087479978714,19.25861167907715,449537000
2023-01-26 00:00:00-05:00,19.63535204186898,20.09880270917431,19.213761238604867,19.73601531982422,489535000
2023-01-27 00:00:00-05:00,19.39714737022937,20.559262315315294,19.34033810009434,20.297138214111328,542142000
2023-01-30 00:00:00-05:00,19.883522650362398,20.07288815679004,19.086187298640233,19.098148345947266,488611000
2023-01-31 00:00:00-05:00,19.10612325168674,19.621400741085875,18.886857003407727,19.471900939941406,498017000
2023-02-01 00:00:00-05:00,19.625389405022936,21.1213875127482,19.545656041744277,20.873218536376953,660477000
2023-02-02 00:00:00-05:00,20.93001886877329,21.875855795019138,20.631019359616392,21.636655807495117,564276000
2023-02-03 00:00:00-05:00,20.93002073586232,21.67253897459517,20.719723419819307,21.029687881469727,429366000
2023-02-06 00:00:00-05:00,20.736670321605864,21.498124471655988,20.71673650906174,21.018728256225586,452197000
2023-02-07 00:00:00-05:00,21.310747101593492,22.184825413683594,21.07951986309014,22.099111557006836,664150000
2023-02-08 00:00:00-05:00,22.312402817710073,22.801767868997864,21.93466598259575,22.131010055541992,559651000
2023-02-09 00:00:00-05:00,22.530670219439532,22.943290193315832,22.046289671543487,22.26256561279297,523876000
2023-02-10 00:00:00-05:00,21.6177224771655,22.00442812205311,20.74165187678693,21.194137573242188,550737000
2023-02-13 00:00:00-05:00,21.4662318309297,21.97453265239466,20.89215094788676,21.71539878845215,474919000
2023-02-14 00:00:00-05:00,21.506093473695493,22.972192242637163,21.294800040276197,22.894453048706055,675474000
2023-02-15 00:00:00-05:00,22.473862854052438,22.77884296898915,22.032340112236056,22.688146591186523,420575000
2023-02-16 00:00:00-05:00,22.059244404818788,22.474854630211915,21.853931493512214,21.928682327270508,412026000
2023-02-17 00:00:00-05:00,21.5589207949287,21.66755683538447,20.905106608670902,21.316730499267578,465888000
2023-02-21 00:00:00-05:00,20.9300198380873,21.422373121018033,20.54929284097226,20.586170196533203,410015000
2023-02-22 00:00:00-05:00,20.637998793039895,21.03367523119019,20.352950629424083,20.68484115600586,513184000
2023-02-23 00:00:00-05:00,23.361891451181727,23.80839853574855,22.94827344265805,23.58514404296875,1117995000
2023-02-24 00:00:00-05:00,23.147606985640458,23.39577778263142,22.870533495406775,23.208402633666992,589716000
2023-02-27 00:00:00-05:00,23.59112499865335,23.800424307289973,23.37584516662916,23.422687530517578,452994000
2023-02-28 00:00:00-05:00,23.294117844928124,23.745609343959064,23.128670637340598,23.13863754272461,455963000
2023-03-01 00:00:00-05:00,23.114723231324767,23.178511061814095,22.433002317741998,22.62236976623535,460026000
2023-03-02 00:00:00-05:00,22.413065090524846,23.302091014748385,22.35725003920354,23.236310958862305,389415000
2023-03-03 00:00:00-05:00,23.242288332226597,23.820355469270233,23.052920954283433,23.810388565063477,412393000
2023-03-06 00:00:00-05:00,23.81139038959998,24.167199231552658,23.408735379499408,23.475513458251953,437429000
2023-03-07 00:00:00-05:00,23.525353628386604,24.04869267419401,23.167487988654617,23.214340209960938,515154000
2023-03-08 00:00:00-05:00,23.412708106815042,24.123454073591056,23.34990765503741,24.10451316833496,513573000
2023-03-09 00:00:00-05:00,24.098534615353046,24.37665338080257,23.309039864365545,23.361873626708984,501257000
2023-03-10 00:00:00-05:00,23.334956536006658,23.55226740158579,22.65411633700963,22.89236068725586,474866000
2023-03-13 00:00:00-04:00,22.68003442386319,23.22430691098968,22.22647370103853,22.893356323242188,421890000
2023-03-14 00:00:00-04:00,23.421682859195702,24.14239559716936,23.385795524923413,23.986888885498047,474910000
2023-03-15 00:00:00-04:00,23.685843355775486,24.209182394285897,23.286112651373358,24.1513671875,524486000
2023-03-16 00:00:00-04:00,23.95100522634043,25.507066846417814,23.81842456983862,25.460216522216797,583253000
2023-03-17 00:00:00-04:00,25.89981997420156,26.31550083175522,25.586812067911023,25.643632888793945,848547000
2023-03-20 00:00:00-04:00,25.533976817306044,25.941683502515943,25.050510315188035,25.81807518005371,432747000
2023-03-21 00:00:00-04:00,26.09719563603672,26.3085249951989,25.300723004441352,26.116134643554688,547408000
2023-03-22 00:00:00-04:00,26.34141790205971,27.50173767157012,26.154012813178745,26.3842830657959,797295000
2023-03-23 00:00:00-04:00,27.02923590014394,27.412022096248382,26.605580921982124,27.104995727539062,564889000
2023-03-24 00:00:00-04:00,26.945501524795564,27.08107103959281,26.27163910855887,26.694297790527344,454920000
2023-03-27 00:00:00-04:00,26.752114397420495,26.91459893449874,26.28160721288135,26.44708251953125,361026000
2023-03-28 00:00:00-04:00,26.363345410525266,26.42913662925304,25.768233672762843,26.326461791992188,356104000
2023-03-29 00:00:00-04:00,26.74015174035028,26.99234984404029,26.51287227864152,26.89864730834961,393694000
2023-03-30 00:00:00-04:00,27.142874491555478,27.412020935167096,27.01627538766958,27.29638671875,364516000
2023-03-31 00:00:00-04:00,27.054156013485166,27.74596114615361,27.019266870020537,27.68914222717285,433933000
2023-04-03 00:00:00-04:00,27.421989811329777,27.911436002639256,27.249536675681906,27.87654685974121,398716000
2023-04-04 00:00:00-04:00,27.877543026671038,27.911435879998983,27.220627051021687,27.366165161132812,368592000
2023-04-05 00:00:00-04:00,26.74413916410164,26.912603331981877,26.311511909986283,26.795974731445312,515015000
2023-04-06 00:00:00-04:00,26.499912714821207,26.99434412357807,26.34340972671135,26.951480865478516,397654000
2023-04-10 00:00:00-04:00,26.738160454997114,27.53363676470612,26.584648216789198,27.491769790649414,395279000
2023-04-11 00:00:00-04:00,27.636309871277366,27.702101097960746,27.04019987081764,27.083065032958984,314378000
2023-04-12 00:00:00-04:00,27.283432024560906,27.381121633610334,26.364347344202034,26.41119956970215,446259000
2023-04-13 00:00:00-04:00,26.649438069211914,26.801953999694348,26.24572032443633,26.379295349121094,353615000
2023-04-14 00:00:00-04:00,26.420164544474495,26.797965435367647,26.137062473302613,26.67336082458496,395660000
2023-04-17 00:00:00-04:00,26.480973631209377,26.920578703015185,26.34939118660513,26.91659164428711,321471000
2023-04-18 00:00:00-04:00,27.445913723508724,28.0210883307405,27.270469820475103,27.57948875427246,604812000
2023-04-19 00:00:00-04:00,27.27446024047473,27.911439093224423,27.145868542223823,27.8426570892334,358660000
2023-04-20 00:00:00-04:00,27.58347456890567,27.941340187321615,26.914597451904964,27.018268585205078,427713000
2023-04-21 00:00:00-04:00,26.866750601318966,27.09702084669948,26.637478546679382,27.033222198486328,345103000
2023-04-24 00:00:00-04:00,26.92755907031357,27.27944127802104,26.586639849155418,26.956466674804688,339282000
2023-04-25 00:00:00-04:00,26.99235347251706,27.160819562060055,26.14205270882257,26.158000946044922,378527000
2023-04-26 00:00:00-04:00,26.91659109618502,27.24355272101591,26.620529651196374,26.87073516845703,406337000
2023-04-27 00:00:00-04:00,27.276448822954162,27.4080312626638,26.54078232749637,27.139881134033203,377161000
2023-04-28 00:00:00-04:00,27.138887339013703,27.670200494580325,26.985373211032865,27.661230087280273,292216000
2023-05-01 00:00:00-04:00,27.751938771765403,28.966086497059674,27.692129091591358,28.818553924560547,570329000
2023-05-02 00:00:00-04:00,28.589287963225,28.74479468571271,27.994176100521553,28.120773315429688,402730000
2023-05-03 00:00:00-04:00,27.75194164873796,28.277275162589756,27.385105610028088,27.714061737060547,383387000
2023-05-04 00:00:00-04:00,27.563538380203276,27.77088065437449,27.153839081492926,27.474821090698242,321850000
2023-05-05 00:00:00-04:00,27.737986024481625,28.66404652957751,27.64328719583459,28.589284896850586,361494000
2023-05-08 00:00:00-04:00,28.4317819808544,29.127574105075855,28.26032704979517,29.058792114257812,344979000
2023-05-09 00:00:00-04:00,28.807594450396753,28.881359799846795,28.360015202328924,28.48063087463379,314869000
2023-05-10 00:00:00-04:00,28.9132576098521,29.020917714127965,28.37097953587767,28.793638229370117,369350000
2023-05-11 00:00:00-04:00,28.80460099601504,28.858431044188475,28.15665734572962,28.487606048583984,322149000
2023-05-12 00:00:00-04:00,28.438761858901234,28.688969297483915,27.957289789783168,28.2503604888916,274222000
2023-05-15 00:00:00-04:00,28.417829411901007,28.877371722844355,28.062956433881705,28.861421585083008,293926000
2023-05-16 00:00:00-04:00,28.749774743963638,29.775521221273998,28.740804336785136,29.12059783935547,449405000
2023-05-17 00:00:00-04:00,29.490427067750744,30.103481628369693,29.336914830555962,30.082548141479492,432535000
2023-05-18 00:00:00-04:00,30.31381549594501,31.72732974738972,30.22410000650582,31.577804565429688,748725000
2023-05-19 00:00:00-04:00,31.436252487669602,31.480113941471256,30.818214581828073,31.16511344909668,473908000
2023-05-22 00:00:00-04:00,30.803260867315778,31.420304387689416,30.582961110509476,31.077392578125,372000000
2023-05-23 00:00:00-04:00,30.901950109855278,31.189039301220525,30.53411773699589,30.5909366607666,356253000
2023-05-24 00:00:00-04:00,30.114442718121378,30.510188241482325,29.711721267992726,30.44140625,721419000
2023-05-25 00:00:00-04:00,38.40115657089839,39.35513045921453,36.51912753379368,37.8598747253418,1543911000
2023-05-26 00:00:00-04:00,37.77015525878446,39.04610546738504,37.431230509295986,38.82281494140625,714397000
2023-05-30 00:00:00-04:00,40.4666011461992,41.8053518099001,39.82264450499864,39.984130859375,923401000
2023-05-31 00:00:00-04:00,39.36309641035941,40.1675430373075,37.70236568816468,37.71432876586914,1002580000
2023-06-01 00:00:00-04:00,38.367253104154614,39.92331629567859,38.218726142988906,39.644203186035156,635873000
2023-06-02 00:00:00-04:00,39.97016721574659,40.37189234380446,38.93445227046938,39.20260238647461,482731000
2023-06-05 00:00:00-04:00,38.785927762163986,39.43985101130171,38.584567040791214,39.04710006713867,396094000
2023-06-06 00:00:00-04:00,38.707187926911864,39.03614220536465,38.02734198652988,38.531742095947266,388729000
2023-06-07 00:00:00-04:00,38.79592881153469,39.378141523481524,37.241697122376735,37.36033248901367,511998000
2023-06-08 00:00:00-04:00,37.60856808894223,38.745079216522015,37.39024024122493,38.39216232299805,417772000
2023-06-09 00:00:00-04:00,38.917552324899084,39.58948978920315,38.44899302917782,38.651371002197266,427717000
2023-06-12 00:00:00-04:00,39.08005218877828,39.4090404400651,38.49983232769968,39.36118698120117,388701000
2023-06-13 00:00:00-04:00,40.06303253313572,40.97523356570902,39.61839813533891,40.8964729309082,613208000
2023-06-14 00:00:00-04:00,40.69908893155934,42.86842954641151,40.42791802705582,42.865440368652344,740465000
2023-06-15 00:00:00-04:00,42.471645001516485,43.15654315104166,42.01803541267758,42.52248764038086,568622000
2023-06-16 00:00:00-04:00,43.31704703395712,43.5872177031006,42.53045985415552,42.56136703491211,655709000
2023-06-20 00:00:00-04:00,42.86643489919533,43.85540013452972,42.54342497305457,43.673954010009766,451153000
2023-06-21 00:00:00-04:00,43.367894115226505,43.481547516431846,41.95124449603973,42.91328811645508,551603000
2023-06-22 00:00:00-04:00,42.12370778383283,43.293118838626924,42.10476872123709,42.893348693847656,417737000
2023-06-23 00:00:00-04:00,42.334073901022386,42.67801572091921,41.88644639488769,42.07985305786133,358140000
2023-06-26 00:00:00-04:00,42.33107342513513,42.633147684220695,39.97729771593512,40.50767135620117,594322000
2023-06-27 00:00:00-04:00,40.674163315350505,41.81167093605906,40.3242393713419,41.747867584228516,462175000
2023-06-28 00:00:00-04:00,40.53558567810239,41.716961105450416,40.39402188289312,40.991188049316406,582639000
2023-06-29 00:00:00-04:00,41.430838173608656,41.4727094781301,40.47576930987673,40.69709014892578,380514000
2023-06-30 00:00:00-04:00,41.55247077216965,42.41980774252162,41.37401761190044,42.17256546020508,501148000
2023-07-03 00:00:00-04:00,42.38689642071777,42.76673107922371,42.072861688736154,42.2832145690918,198209000
2023-07-05 00:00:00-04:00,42.006065351557105,43.04487665210042,41.95621911201376,42.1875114440918,323618000
2023-07-06 00:00:00-04:00,41.71596810959315,42.04994216880029,41.21949078738844,41.97417449951172,303582000
2023-07-07 00:00:00-04:00,42.19250176000006,43.08177451798843,42.050937955304576,42.372947692871094,355881000
2023-07-10 00:00:00-04:00,42.52647931127871,42.680007431696076,41.521560371587725,42.05093765258789,353908000
2023-07-11 00:00:00-04:00,42.351001865953144,42.62715463752813,41.938271099975246,42.27523422241211,298244000
2023-07-12 00:00:00-04:00,42.90132541025079,43.80056583036438,42.64610822063504,43.76766586303711,481277000
2023-07-13 00:00:00-04:00,44.38177994624532,46.01376808541058,44.35585853064173,45.8363151550293,478204000
2023-07-14 00:00:00-04:00,46.44046575236375,47.94086182574558,44.92212700668265,45.32987594604492,772075000
2023-07-17 00:00:00-04:00,46.147361621458764,46.353725148743315,45.123503715655524,46.31883239746094,510488000
2023-07-18 00:00:00-04:00,46.55810196861849,47.74944513877749,45.59406179064249,47.34867477416992,569164000
2023-07-19 00:00:00-04:00,47.31876207580257,47.67167893614477,46.598971255607864,46.932945251464844,427502000
2023-07-20 00:00:00-04:00,46.36470161642384,46.942928804835816,44.92412321467116,45.38072204589844,537865000
2023-07-21 00:00:00-04:00,45.64789454996022,45.72565880367255,43.965059822678604,44.17341995239258,963769000
2023-07-24 00:00:00-04:00,44.59413357267698,44.970979149441135,43.9052497727291,44.47549819946289,382516000
2023-07-25 00:00:00-04:00,44.803485791149136,46.04168213917605,44.7855393181674,45.53922653198242,348081000
2023-07-26 00:00:00-04:00,45.88018262099463,45.912086196628444,44.493440026375104,45.312923431396484,364237000
2023-07-27 00:00:00-04:00,46.37665740516835,47.24997638304764,45.61000946610031,45.759552001953125,455976000
2023-07-28 00:00:00-04:00,46.52519903560094,46.88310168130462,46.23907847934213,46.60694885253906,331194000
2023-07-31 00:00:00-04:00,46.61094645100851,46.98579544050949,46.36370417166839,46.586021423339844,251055000
2023-08-01 00:00:00-04:00,46.3178432431884,46.7564993884591,45.88616945228999,46.36470031738281,237858000
2023-08-02 00:00:00-04:00,45.69076177542876,45.699733110392835,43.254239992985966,44.133541107177734,530142000
2023-08-03 00:00:00-04:00,43.665971916513115,44.97993964791756,43.665971916513115,44.3787841796875,324176000
2023-08-04 00:00:00-04:00,44.84735625489334,45.502343664999096,44.257168589781394,44.54328918457031,362666000
2023-08-07 00:00:00-04:00,44.972970743442104,45.400658953676526,44.426647163135996,45.27803421020508,322154000
2023-08-08 00:00:00-04:00,44.715756986658505,45.10356664242382,43.92119480836412,44.52733612060547,353843000
2023-08-09 00:00:00-04:00,44.138528337331145,44.17641407263371,42.005076934408166,42.42379379272461,586449000
2023-08-10 00:00:00-04:00,42.03100157577808,43.44067657606507,41.70699522784932,42.258304595947266,492705000
2023-08-11 00:00:00-04:00,41.623246353337215,41.889431464332574,40.51464942799337,40.72998809814453,533085000
2023-08-14 00:00:00-04:00,40.362116194769875,43.66597480294201,40.18765244113688,43.619117736816406,690286000
2023-08-15 00:00:00-04:00,44.42365913256692,45.1294930156629,43.57625763398883,43.8055534362793,676512000
2023-08-16 00:00:00-04:00,44.38376830984962,44.53829278958651,43.27317495256757,43.35293197631836,527451000
2023-08-17 00:00:00-04:00,43.83545631480397,43.927173858554056,42.86941961752367,43.21137237548828,452395000
2023-08-18 00:00:00-04:00,42.504538056513674,43.44465333013322,41.5325230130091,43.166507720947266,583768000
2023-08-21 00:00:00-04:00,44.35785173857862,46.92098385181181,44.08668467367108,46.82328414916992,692573000
2023-08-22 00:00:00-04:00,47.98770551423466,48.03954834169377,45.194281473370985,45.528255462646484,755293000
2023-08-23 00:00:00-04:00,45.725664540283454,47.055582524189234,45.06967688525946,46.971839904785156,779046000
2023-08-24 00:00:00-04:00,50.062352051208165,50.112198303952155,47.01470644607622,47.01869201660156,1156044000
2023-08-25 00:00:00-04:00,46.8681514444708,47.65872425455991,44.88623165435981,45.877193450927734,925341000
2023-08-28 00:00:00-04:00,46.33977183033874,46.836249134555814,44.750651224061855,46.69169235229492,685192000
2023-08-29 00:00:00-04:00,46.5232155599466,48.93082725344622,46.249055461215654,48.634735107421875,701397000
2023-08-30 00:00:00-04:00,48.893934114542816,49.77423173710802,48.27682864513261,49.11326217651367,735206000
2023-08-31 00:00:00-04:00,49.228904516562515,49.59178914058814,48.8081949008338,49.2039794921875,528570000
2023-09-01 00:00:00-04:00,49.60972935191137,49.64761127691253,47.99468381251343,48.36056137084961,463830000
2023-09-05 00:00:00-04:00,48.075449679419506,48.701530322132584,47.7135613998585,48.39945602416992,382653000
2023-09-06 00:00:00-04:00,48.29675192445169,48.404428217365016,46.44129363976494,46.920860290527344,468670000
2023-09-07 00:00:00-04:00,45.389445810595745,46.20600739114076,45.01755536389115,46.10331344604492,433330000
2023-09-08 00:00:00-04:00,45.80518781881485,46.46720810933917,45.136184601112426,45.43628692626953,473069000
2023-09-11 00:00:00-04:00,46.0105773827957,46.025532106638835,44.180046160311996,45.0434684753418,473966000
2023-09-12 00:00:00-04:00,44.604786051563885,45.53700334292315,44.398401689358636,44.736392974853516,349256000
2023-09-13 00:00:00-04:00,44.46718918081737,45.79323054977972,44.37047790444444,45.34955596923828,398355000
2023-09-14 00:00:00-04:00,45.813171215808374,45.85005979000756,44.99660978408658,45.44527053833008,370097000
2023-09-15 00:00:00-04:00,45.20598272428771,45.46321387121769,43.67754676368698,43.7692756652832,506831000
2023-09-18 00:00:00-04:00,42.62070760166484,44.110258303658966,41.874933874444345,43.835079193115234,500271000
2023-09-19 00:00:00-04:00,43.702475243933286,43.83507862136541,42.873948499445426,43.39040756225586,373064000
2023-09-20 00:00:00-04:00,43.470167525058194,43.772266659114486,42.097269015445136,42.11322021484375,367108000
2023-09-21 00:00:00-04:00,41.45916805082353,41.974626746319814,40.85796311624776,40.89485168457031,450736000
2023-09-22 00:00:00-04:00,41.448214198146616,41.989600439472675,41.10822995213603,41.48610305786133,479236000
2023-09-25 00:00:00-04:00,41.46715750384496,42.409343350786685,41.054388777119094,42.09627914428711,419091000
2023-09-26 00:00:00-04:00,41.875929814501234,42.69249125804407,41.53095945617028,41.786197662353516,402282000
2023-09-27 00:00:00-04:00,42.20395172792175,42.744337580019156,41.50503894981491,42.34153747558594,444935000
2023-09-28 00:00:00-04:00,42.33356849695518,43.31663260486512,41.98959836899157,42.960697174072266,424663000
2023-09-29 00:00:00-04:00,43.696498771068015,44.01255619893268,43.178046685877014,43.369476318359375,397830000
2023-10-02 00:00:00-04:00,43.898891446595,45.04048245716081,43.73039595276652,44.64865493774414,433298000
2023-10-03 00:00:00-04:00,44.67457689561349,44.99562050159697,43.117227684036216,43.387420654296875,470850000
2023-10-04 00:00:00-04:00,43.61174925416727,44.011556163058,43.16308846642664,43.90985870361328,361821000
2023-10-05 00:00:00-04:00,43.91882717512689,44.76629832762735,43.75731082612685,44.554927825927734,393483000
2023-10-06 00:00:00-04:00,44.061407980133865,45.65265626506475,43.89490543600504,45.625736236572266,434436000
2023-10-09 00:00:00-04:00,44.70847483791379,45.46920337034592,44.235887222293606,45.13819122314453,409675000
2023-10-10 00:00:00-04:00,45.17508663765547,46.121258407060864,44.95374754155894,45.6616325378418,368582000
2023-10-11 00:00:00-04:00,46.05843799423147,46.71946573957931,45.91287284021887,46.666622161865234,378137000
2023-10-12 00:00:00-04:00,46.637718704667456,47.467242097923936,46.19205107741162,46.80521774291992,481325000
2023-10-13 00:00:00-04:00,46.82016719199545,46.97570471236393,45.145169391645375,45.32563018798828,474115000
2023-10-16 00:00:00-04:00,44.92881235422657,46.0873509348349,44.778261024252274,45.957740783691406,375099000
2023-10-17 00:00:00-04:00,43.86898271179327,44.620739164515385,42.35350830716708,43.807167053222656,812333000
2023-10-18 00:00:00-04:00,42.464174898094846,43.090307040885016,41.700456999229225,42.070350646972656,627294000
2023-10-19 00:00:00-04:00,42.68352429308483,43.168077212016314,41.757289685675055,41.97563934326172,501233000
2023-10-20 00:00:00-04:00,41.7652678682802,42.34354268783243,40.955685402910255,41.26376724243164,477266000
2023-10-23 00:00:00-04:00,41.10623136446677,43.11922033673946,40.82307664352765,42.84703063964844,478530000
2023-10-24 00:00:00-04:00,42.9487282788918,43.5668810255137,42.56387990123347,43.532981872558594,401463000
2023-10-25 00:00:00-04:00,43.26877302407248,43.52002535417708,41.43126239759443,41.65459442138672,398379000
2023-10-26 00:00:00-04:00,41.72837068029658,42.13017050427248,39.76124631016128,40.20591735839844,541001000
2023-10-27 00:00:00-04:00,41.00752725918924,41.08330116511961,39.895845748458264,40.37940216064453,416784000
2023-10-30 00:00:00-04:00,40.96465592174652,41.64163109365404,40.3604576251133,41.03843307495117,388028000
2023-10-31 00:00:00-04:00,40.329553945294535,40.75727737613491,39.11318548755272,40.6585693359375,517969000
2023-11-01 00:00:00-04:00,40.762252363882624,42.25479616214504,40.74729764020001,42.1989631652832,437593000
2023-11-02 00:00:00-04:00,43.198985826861175,43.7533300399268,42.76627999009409,43.37645721435547,409172000
2023-11-03 00:00:00-04:00,43.88892315557369,45.17408258825645,43.59280664299351,44.87099075317383,424610000
2023-11-06 00:00:00-05:00,45.15015318659169,45.798219181155844,44.765301009531704,45.61476516723633,400733000
2023-11-07 00:00:00-05:00,45.582867485335434,46.08037839216094,45.02353711440928,45.81816482543945,343165000
2023-11-08 00:00:00-05:00,45.96272281654572,46.727440958659734,45.831115913944224,46.4353141784668,346719000
2023-11-09 00:00:00-05:00,47.32565858468725,48.08638711878528,46.610794508396026,46.81019973754883,540496000
2023-11-10 00:00:00-05:00,47.35855787314543,48.32766364227746,47.14220498356334,48.191070556640625,421245000
2023-11-13 00:00:00-05:00,48.17611002726251,48.96974108943456,47.95576746252599,48.475215911865234,384136000
2023-11-14 00:00:00-05:00,49.53206353654858,49.68560428700353,48.89396993275051,49.50813293457031,416954000
2023-11-15 00:00:00-05:00,49.78630718435211,49.811230458479834,48.05647298035821,48.74242401123047,475497000
2023-11-16 00:00:00-05:00,48.534047157885986,49.37752865421783,48.186087364869636,49.33266067504883,339756000
2023-11-17 00:00:00-05:00,49.37653194691317,49.56895804695832,48.861073108178935,49.151206970214844,325205000
2023-11-20 00:00:00-05:00,49.16516232495467,50.39748190834169,49.0345518906684,50.25889587402344,414120000
2023-11-21 00:00:00-05:00,49.97674154704206,50.36657612795036,49.07543401602206,49.795284271240234,565747000
2023-11-22 00:00:00-05:00,49.703560932235554,50.185120642893004,47.54799598832388,48.57094192504883,899420000
2023-11-24 00:00:00-05:00,48.32567707703601,48.7753343936509,47.6028335530589,47.63374328613281,294645000
2023-11-27 00:00:00-05:00,47.65766532815117,48.38549115302334,47.51010721393193,48.098350524902344,395662000
2023-11-28 00:00:00-05:00,48.09236930689928,48.17911204503058,47.33164078012809,47.67860412597656,401491000
2023-11-29 00:00:00-05:00,48.234937402003986,48.6167963168034,47.717481889258046,47.996646881103516,382005000
2023-11-30 00:00:00-05:00,47.88100118212253,47.96674744990859,46.283773941411816,46.6307373046875,526247000
2023-12-01 00:00:00-05:00,46.38646066120802,47.05944990418179,46.049465900778685,46.6257438659668,369317000
2023-12-04 00:00:00-05:00,45.939790296925786,45.939790296925786,44.87596630034032,45.37447738647461,437543000
2023-12-05 00:00:00-05:00,45.33459625037478,46.46531769952222,45.14016013303565,46.431419372558594,371718000
2023-12-06 00:00:00-05:00,47.07854839373765,47.25005219470193,45.280757679582,45.37149429321289,380590000
2023-12-07 00:00:00-05:00,45.56792757808214,46.49424361639184,45.47220434901942,46.46133804321289,350823000
2023-12-08 00:00:00-05:00,46.46033928594401,47.60302719608969,46.41546736033398,47.36870574951172,359224000
2023-12-11 00:00:00-05:00,47.35374994188855,47.39363144924944,45.69755100849952,46.492244720458984,509728000
2023-12-12 00:00:00-05:00,45.91293129624922,47.528248529944456,45.91293129624922,47.5192756652832,372387000
2023-12-13 00:00:00-05:00,47.49134732333681,48.45355849420569,47.47040810748177,47.94902038574219,447792000
2023-12-14 00:00:00-05:00,48.25014760759364,48.52933716331639,47.28494671232897,48.210262298583984,391232000
2023-12-15 00:00:00-05:00,48.05471159561218,49.26121358218172,47.980924159413945,48.74869918823242,479948000
2023-12-18 00:00:00-05:00,49.257239821404845,50.28725168095831,49.007962299644035,49.932281494140625,412587000
2023-12-19 00:00:00-05:00,49.281163666785375,49.55636699628033,48.75369315436852,49.46064376831055,464444000
2023-12-20 00:00:00-05:00,49.51149468672903,49.854502283693236,47.95899524383034,47.97195816040039,397894000
2023-12-21 00:00:00-05:00,48.66993565248791,48.953115280045736,48.27906644393615,48.848419189453125,300425000
2023-12-22 00:00:00-05:00,49.05282008065704,49.24027646361489,48.32692345139222,48.68887710571289,252507000
2023-12-26 00:00:00-05:00,48.82647939940057,49.45665286845571,48.81850309781851,49.13658142089844,244200000
2023-12-27 00:00:00-05:00,49.36791528650649,49.536425600159234,48.94314392704513,49.27418518066406,233648000
2023-12-28 00:00:00-05:00,49.49952822100173,49.73982902864742,49.26919303504833,49.378875732421875,246587000
2023-12-29 00:00:00-05:00,49.66903507790819,49.85250521620105,48.610104092310245,49.378875732421875,389293000
2024-01-02 00:00:00-05:00,49.10167609887842,49.152527391898126,47.45744371873841,48.028785705566406,411254000
2024-01-03 00:00:00-05:00,47.34776550065434,48.04474284454288,47.183241449788504,47.431522369384766,320896000
2024-01-04 00:00:00-05:00,47.62895205059956,48.35983539054749,47.37070168440111,47.85928726196289,306535000
2024-01-05 00:00:00-05:00,48.3219454810566,49.4038088927802,48.16639428593929,48.955108642578125,415039000
2024-01-08 00:00:00-05:00,49.36891016503661,52.1239255155236,49.336004592518634,52.101985931396484,642510000
2024-01-09 00:00:00-05:00,52.24956456447165,54.16800408255062,51.54061697774943,52.986427307128906,773100000
2024-01-10 00:00:00-05:00,53.4610522035269,54.442205820352854,53.334416522190715,54.192928314208984,533796000
2024-01-11 00:00:00-05:00,54.840053191345746,55.18605048150879,53.40521272938546,54.6635627746582,596759000
2024-01-12 00:00:00-05:00,54.4621436511034,54.81113441098262,54.172984660391826,54.551883697509766,352994000
2024-01-16 00:00:00-05:00,54.858995015384636,56.67074127144449,54.74133601464206,56.219051361083984,449580000
2024-01-17 00:00:00-05:00,56.18415552246115,56.3077977062965,54.581801354818275,55.89100646972656,474394000
2024-01-18 00:00:00-05:00,57.094513264905174,57.43353079531085,55.94484563035105,56.94195556640625,491650000
2024-01-19 00:00:00-05:00,57.8214070619552,59.3280417723161,57.05961512425851,59.319068908691406,543501000
2024-01-22 00:00:00-05:00,59.87545295780241,60.15663944433183,58.8992822616046,59.48159408569336,452955000
2024-01-23 00:00:00-05:00,59.39783691409728,59.73685443495751,58.41568304614902,59.6999626159668,294654000
2024-01-24 00:00:00-05:00,60.12972459836109,62.66736781993211,59.764781198476165,61.18466567993164,560271000
2024-01-25 00:00:00-05:00,62.16979849805745,62.53773532424112,60.67413370207847,61.43891906738281,482777000
2024-01-26 00:00:00-05:00,60.78382411519858,61.60444749366959,60.39794531790314,60.854618072509766,390309000
2024-01-29 00:00:00-05:00,61.05503888144962,62.308406139769886,60.73098116954014,62.28447723388672,348733000
2024-01-30 00:00:00-05:00,62.71821799882993,63.309502714007664,62.08006442941247,62.59257888793945,410735000
2024-01-31 00:00:00-05:00,61.262435580323725,62.08904212424609,60.52457632784889,61.349185943603516,453795000
2024-02-01 00:00:00-05:00,61.92052577068121,63.0083761236307,61.47182934048774,62.8448486328125,369146000
2024-02-02 00:00:00-05:00,63.78911624931711,66.40752664709339,63.5059366044878,65.96880340576172,476578000
2024-02-05 00:00:00-05:00,68.02784195808994,69.29616929872287,67.01079290005846,69.13164520263672,680078000
2024-02-06 00:00:00-05:00,69.42877233327619,69.552414531284,66.10840153882174,68.02584075927734,683111000
2024-02-07 00:00:00-05:00,68.12155362100862,70.01706057362387,67.40462981569888,69.89640808105469,495575000
2024-02-08 00:00:00-05:00,69.87147502102263,70.58939534958982,69.2542683281726,69.43972778320312,414422000
2024-02-09 00:00:00-05:00,70.32914813919767,71.97637408306973,70.00907672049794,71.92453002929688,436637000
2024-02-12 00:00:00-05:00,72.39017224345903,74.39536169687851,71.04407549243956,72.03919219970703,613710000
2024-02-13 00:00:00-05:00,70.19653768234375,73.23771827831571,69.41879318637284,71.91954040527344,602580000
2024-02-14 00:00:00-05:00,72.99045859670314,74.02146705443656,71.73011146374917,73.68643951416016,504917000
2024-02-15 00:00:00-05:00,73.65551186894326,73.76120070674112,72.19075571305264,72.44800567626953,420122000
2024-02-16 00:00:00-05:00,73.8858468671519,74.18697602398943,72.29146900724291,72.40314483642578,495327000
2024-02-20 00:00:00-05:00,71.73906612377016,71.74804279084927,67.53824458047887,69.25128173828125,704833000
2024-02-21 00:00:00-05:00,67.8094614044966,68.68891622407938,66.05654635382845,67.27700805664062,673755000
2024-02-22 00:00:00-05:00,74.80819417110781,78.3479308117141,74.00552015694443,78.31104278564453,865100000
2024-02-23 00:00:00-05:00,80.55651569183838,82.15587637734276,77.3458203592003,78.58921813964844,829388000
2024-02-26 00:00:00-05:00,79.46965549121944,80.41292820605618,78.27810947244775,78.86341857910156,503973000
2024-02-27 00:00:00-05:00,79.1515916746836,79.25031220583602,76.93901025797545,78.47355651855469,391705000
2024-02-28 00:00:00-05:00,77.39567023328642,78.70487140466068,76.90209811291284,77.43854522705078,393110000
2024-02-29 00:00:00-05:00,78.8654237167532,79.75883042270817,78.1235705564048,78.88336944580078,507289000
2024-03-01 00:00:00-05:00,79.76880094187264,82.06215701188974,79.20543135087004,82.04121398925781,479135000
2024-03-04 00:00:00-05:00,83.8868661680974,87.44156594765833,83.47705843914093,84.99066925048828,615616000
2024-03-05 00:00:00-05:00,85.02755456111447,85.85220668028344,83.17982622827054,85.7195816040039,520639000
2024-03-06 00:00:00-05:00,87.77173362164056,89.4688902523757,86.78254975478006,88.44779968261719,582520000
2024-03-07 00:00:00-05:00,89.90165539673119,92.5032385135836,89.34723648723485,92.405517578125,608119000
2024-03-08 00:00:00-05:00,94.86748361493765,97.12305284353101,86.26002420485035,87.27912139892578,1142269000
2024-03-11 00:00:00-04:00,86.18326495849031,88.5445284611464,83.92669865835357,85.5301284790039,678364000
2024-03-12 00:00:00-04:00,87.79866017993605,91.69853581019218,85.90505740123257,91.65167236328125,668075000
2024-03-13 00:00:00-04:00,90.79611026460987,91.24383116033475,88.18355678072699,90.62958526611328,635713000
2024-03-14 00:00:00-04:00,89.32230691373881,90.3882676423802,86.35376650266996,87.6939468383789,602318000
2024-03-15 00:00:00-04:00,86.68283850567245,89.29139794365639,86.01175546714047,87.5872573852539,642086000
2024-03-18 00:00:00-04:00,90.13099363074502,92.14225684199752,86.8373838940454,88.2034912109375,668976000
2024-03-19 00:00:00-04:00,86.45348714580204,90.28655945618765,84.76829741224358,89.1438217163086,672171000
2024-03-20 00:00:00-04:00,89.54167399398385,90.15293760178423,87.97215190090783,90.11504364013672,479063000
2024-03-21 00:00:00-04:00,92.03756431354115,92.38457441104313,90.14794815065484,91.17501831054688,480372000
2024-03-22 00:00:00-04:00,90.88186754884678,94.50852789687556,90.5757411997652,94.02091979980469,586719000
2024-03-25 00:00:00-04:00,93.67389990625729,96.49086455465545,93.24412560987103,94.73188018798828,552136000
2024-03-26 00:00:00-04:00,95.57845969689596,96.1009718491892,92.23898306006764,92.29781341552734,513648000
2024-03-27 00:00:00-04:00,92.84725495724012,92.97488937266765,88.8695984293379,89.99339294433594,586067000
2024-03-28 00:00:00-04:00,89.74410760252643,91.04041442208826,88.93940289555813,90.0990982055664,435212000
2024-04-01 00:00:00-04:00,90.04225806770008,91.96277679415357,88.9503702442798,90.10607147216797,452441000
2024-04-02 00:00:00-04:00,88.19651163521841,89.83783523468522,87.37087059473389,89.19766235351562,433064000
2024-04-03 00:00:00-04:00,88.23242095077572,90.11704664082849,88.14866014711569,88.71105194091797,370067000
2024-04-04 00:00:00-04:00,90.1489453998678,90.3763015666953,85.63581327474101,85.6607437133789,434965000
2024-04-05 00:00:00-04:00,86.61902297298796,88.22943673946416,85.68170072109015,87.75778198242188,399678000
2024-04-08 00:00:00-04:00,88.44778434677862,88.57741956926614,86.48538552016859,86.88524627685547,283220000
2024-04-09 00:00:00-04:00,87.19337337953033,87.38582540473588,82.7859427996773,85.1113052368164,501700000
2024-04-10 00:00:00-04:00,83.68737154662665,87.15149277673736,83.47098569296867,86.79151916503906,431929000
2024-04-11 00:00:00-04:00,87.17143320524475,90.48099639616545,86.6788421374309,90.35834503173828,431637000
2024-04-12 00:00:00-04:00,89.44396327846418,89.91861544290224,87.2811315064311,87.93526458740234,426805000
2024-04-15 00:00:00-04:00,88.84467194132365,90.35536381330797,85.6846834695675,85.75647735595703,443077000
2024-04-16 00:00:00-04:00,86.18724795044986,87.86745463811035,85.81930143123056,87.16645812988281,370453000
2024-04-17 00:00:00-04:00,88.08881854088399,88.5225868752461,83.71130127056159,83.79606628417969,495400000
2024-04-18 00:00:00-04:00,84.72840551757585,85.94493790164843,82.16770633584548,84.43025207519531,447260000
2024-04-19 00:00:00-04:00,82.91358934859076,84.08424741361141,75.3910397359179,75.98334503173828,875198000
2024-04-22 00:00:00-04:00,77.88192715774476,79.8453305652036,76.18277728835372,79.29190826416016,596341000
2024-04-23 00:00:00-04:00,80.53934787289336,82.53366130187051,80.03578647084935,82.18864440917969,438559000
2024-04-24 00:00:00-04:00,83.71130825195023,83.84293671972377,78.95786360773235,79.4504623413086,512208000
2024-04-25 00:00:00-04:00,78.64375119701494,83.08608614140688,78.00058847000186,82.39705657958984,424641000
2024-04-26 00:00:00-04:00,83.5796943254643,88.0798637130723,83.14991996305922,87.48555755615234,551011000
2024-04-29 00:00:00-04:00,87.34593487887717,87.74180161200195,85.02355474971789,87.50747680664062,388971000
2024-04-30 00:00:00-04:00,86.99194868469957,88.5664614931565,86.05462655663052,86.15633392333984,363709000
2024-05-01 00:00:00-04:00,84.83509991070004,85.75547203094351,81.02396098069623,82.80488586425781,559863000
2024-05-02 00:00:00-04:00,84.20889135183461,85.99180970266082,82.96344197206183,85.57300567626953,377898000
2024-05-03 00:00:00-04:00,87.53939567590184,89.02715032615576,86.79252471992756,88.53655242919922,398341000
2024-05-06 00:00:00-04:00,89.13584761213842,91.95780324115003,88.80180099005936,91.8780288696289,376203000
2024-05-07 00:00:00-04:00,90.83899901251043,91.52005583747177,88.75793456692497,90.29654693603516,437342000
2024-05-08 00:00:00-04:00,89.22858583150523,90.93471969755814,89.16576142158716,90.15494537353516,325721000
2024-05-09 00:00:00-04:00,90.27159019237384,90.81304550195526,87.9801277687823,88.49465942382812,378013000
2024-05-10 00:00:00-04:00,90.04824732317125,91.14113187208739,88.97330934521258,89.6224594116211,335325000
2024-05-13 00:00:00-04:00,90.22073791617511,90.73926364427145,88.2772820639822,90.1419677734375,289680000
2024-05-14 00:00:00-04:00,89.34423682194762,91.39040419499095,88.6811267433613,91.09624481201172,296507000
2024-05-15 00:00:00-04:00,92.20908510921412,94.5922892882104,91.33856611429667,94.36094665527344,417735000
2024-05-16 00:00:00-04:00,94.64014168326462,95.54655367350442,93.8354294469824,94.09070587158203,323952000
2024-05-17 00:00:00-04:00,94.10068232469492,94.47062203748345,91.5449662156453,92.21604919433594,359691000
2024-05-20 00:00:00-04:00,93.48345064124587,94.92932496808272,93.17433446559033,94.5105209350586,318764000
2024-05-21 00:00:00-04:00,93.33287026664621,95.1287520032466,92.915062881723,95.11479187011719,328946000
2024-05-22 00:00:00-04:00,95.18757861855156,95.74698053068366,92.98386328100148,94.68002319335938,548648000
2024-05-23 00:00:00-04:00,101.73792243712086,106.01771960058372,101.23136351439217,103.50389099121094,835065000
2024-05-24 00:00:00-04:00,104.15201429523188,106.1722546778935,102.70713677897801,106.16627502441406,429494000
2024-05-28 00:00:00-04:00,109.93054862844438,114.61219912037285,109.57057499198291,113.5771484375,652728000
2024-05-29 00:00:00-04:00,112.72856525449089,115.16361558831227,110.58567348866953,114.4985122680664,557442000
2024-05-30 00:00:00-04:00,114.32402359196342,115.4896985615827,109.35120333690087,110.18582153320312,484553000
2024-05-31 00:00:00-04:00,112.20007402311614,112.39652011050696,106.63594514688756,109.3212890625,613263000
2024-06-03 00:00:00-04:00,113.29795006188645,114.67302703857422,111.68454659500959,114.67302703857422,438392000
2024-06-04 00:00:00-04:00,115.38696833558724,116.26844977756751,113.72071454127648,116.10591125488281,403324000
2024-06-05 00:00:00-04:00,118.03444216742467,122.10084264977675,117.13400975669744,122.09187316894531,528402000
2024-06-06 00:00:00-04:00,123.69528439320365,125.2299099350453,117.98357427866928,120.65396118164062,664696000
2024-06-07 00:00:00-04:00,119.42946352714927,121.34600353396539,117.68643999762348,120.5442886352539,412386000
2024-06-10 00:00:00-04:00,120.02775723865274,122.74999082651334,116.6773100476689,121.44371795654297,313434100
2024-06-11 00:00:00-04:00,121.43374431859081,122.53071289546243,118.41211249470811,120.57612609863281,222551200
2024-06-12 00:00:00-04:00,122.72018091821553,126.5296321042774,122.23153612962203,124.8542709350586,299595000
2024-06-13 00:00:00-04:00,129.0327119863157,129.4415834964467,126.80887399420205,129.25210571289062,260704500
2024-06-14 00:00:00-04:00,129.60114223243076,132.4731792100278,127.9656714477386,131.51583862304688,309320400
2024-06-17 00:00:00-04:00,132.6227916073861,133.36073857025062,129.22220369566065,130.6183319091797,288504400
2024-06-18 00:00:00-04:00,130.77788509132313,135.95355648117285,130.32913071079423,135.20562744140625,294335100
2024-06-20 00:00:00-04:00,139.41396587386305,140.3713064535189,129.16235380151105,130.4188690185547,517768400
2024-06-21 00:00:00-04:00,126.76898910126683,130.2692991464158,123.95677620908012,126.22050476074219,649445800
2024-06-24 00:00:00-04:00,122.89967494041525,124.11630717061917,117.71403760101381,117.78384399414062,476060900
2024-06-25 00:00:00-04:00,120.86531742755339,126.15068514494095,118.9905115651875,125.74181365966797,414192600
2024-06-26 00:00:00-04:00,125.78171327779911,127.76621614131051,122.2614619181134,126.05097198486328,362975900
2024-06-27 00:00:00-04:00,123.75731801767638,126.0609445300648,122.58057607711103,123.64762115478516,252571700
2024-06-28 00:00:00-04:00,124.23599694106169,127.35735127952529,122.41104832536521,123.19886779785156,315516700
2024-07-01 00:00:00-04:00,123.12904675738962,124.49525872121755,118.50186042748064,123.95675659179688,284885500
2024-07-02 00:00:00-04:00,120.79549721367266,123.06920739309287,120.69577488496827,122.33124542236328,218374000
2024-07-03 00:00:00-04:00,121.32408029184768,127.92579650878906,121.024905598081,127.92579650878906,215749000
2024-07-05 00:00:00-04:00,127.02824387543221,128.49419337092286,125.33294138222224,125.48252868652344,214176700
2024-07-08 00:00:00-04:00,127.1379469199517,130.40889591730686,126.6891925935073,127.84598541259766,237677300
2024-07-09 00:00:00-04:00,129.99005737514514,133.4504765285805,128.29473958471138,131.0172119140625,285366600
2024-07-10 00:00:00-04:00,133.65988550841513,134.72693809179796,132.0543307877707,134.53746032714844,248978600
2024-07-11 00:00:00-04:00,135.37514352274295,135.7740328866088,126.69917051710233,127.04820251464844,374782700
2024-07-12 00:00:00-04:00,127.90579778257397,131.5556941519699,126.86867649262842,128.8831024169922,252680500
2024-07-15 00:00:00-04:00,130.1994525827971,131.02716234127456,126.82878928350533,128.08531188964844,208326200
2024-07-16 00:00:00-04:00,128.0853361228611,128.68367018979245,124.23599428065054,126.01107788085938,214769500
2024-07-17 00:00:00-04:00,121.01490699704938,121.51352631521466,116.39769484983655,117.6641845703125,390086200
2024-07-18 00:00:00-04:00,121.51351868069985,122.062002939552,116.23812571295703,120.755615234375,320979500
2024-07-19 00:00:00-04:00,120.01768614879163,121.2642346289584,117.04591883273778,117.6043701171875,217223800
2024-07-22 00:00:00-04:00,120.01767396475167,123.72740308245356,119.52902914046476,123.19886779785156,258068900
2024-07-23 00:00:00-04:00,122.44096551828241,124.34569507405075,121.76284290265906,122.2514877319336,173911000
2024-07-24 00:00:00-04:00,118.84093724595712,119.61878223552345,113.12676360209511,113.93452453613281,327776900
2024-07-25 00:00:00-04:00,112.72787431777778,116.3079579404012,106.0064869687377,111.969970703125,460067000
2024-07-26 00:00:00-04:00,115.86915683172242,115.87912373985303,111.27188621900741,112.74779510498047,293399100
2024-07-29 00:00:00-04:00,113.3760598876514,115.95890423286832,110.99266022089631,111.28185272216797,248152100
2024-07-30 00:00:00-04:00,111.21204752075072,111.68075088933978,102.2568489765504,103.44356536865234,486833300
2024-07-31 00:00:00-04:00,112.58823561538453,118.01320824039244,110.57380945153913,116.69685363769531,473174200
2024-08-01 00:00:00-04:00,117.20544084569079,119.82818299593283,106.51504280273447,108.90841674804688,523462300
2024-08-02 00:00:00-04:00,103.47348325737674,108.41978599115991,101.09008352011347,106.97378540039062,482027500
2024-08-05 00:00:00-04:00,91.80578374541406,103.12444802394918,90.43957172286065,100.17261505126953,552842400
2024-08-06 00:00:00-04:00,103.55326379264082,107.41258033181929,100.27235513846155,103.9621353149414,409012100
2024-08-07 00:00:00-04:00,107.51228858966286,108.49956025923653,98.41747763354093,98.63687133789062,411440400
2024-08-08 00:00:00-04:00,101.71833034514779,105.20866520993226,97.25069837056012,104.68013000488281,391910000
2024-08-09 00:00:00-04:00,105.348288539487,106.30563671378638,103.14439207443418,104.46074676513672,290844200
2024-08-12 00:00:00-04:00,106.02641463942724,110.76329830179426,105.96658275414626,108.71895599365234,325559900
2024-08-13 00:00:00-04:00,112.1295177782614,115.90905322658823,111.27189191883488,115.81929779052734,312646700
2024-08-14 00:00:00-04:00,118.20270641520212,118.27251282253927,113.75502255606693,117.75395202636719,339246400
2024-08-15 00:00:00-04:00,118.4320598996148,122.89968462856436,117.14562117487446,122.52073669433594,318086700
2024-08-16 00:00:00-04:00,121.60327554530542,124.6548231821397,120.84537209002657,124.2359848022461,302589900
2024-08-19 00:00:00-04:00,123.93681555512863,129.64102172851562,123.07918972579691,129.64102172851562,318333600
2024-08-20 00:00:00-04:00,128.0454466862765,129.521370960835,125.54238295508182,126.89862823486328,300087400
2024-08-21 00:00:00-04:00,126.96844527510662,128.99284645503002,126.31027161533281,128.1451873779297,257883600
2024-08-22 00:00:00-04:00,129.66095684860522,130.388936708764,122.76006049629918,123.3982925415039,376189100
2024-08-23 00:00:00-04:00,125.51246908853835,129.24214747384983,124.87423690023081,129.0127716064453,323230300
2024-08-26 00:00:00-04:00,129.2122143703238,130.89753484404284,124.02656901853358,126.11079406738281,331964700
2024-08-27 00:00:00-04:00,124.70472111610005,128.84325625296367,123.53794588039054,127.94574737548828,303134600
2024-08-28 00:00:00-04:00,127.76620894054898,127.97563574905244,122.30134548595971,125.26314544677734,448101100
2024-08-29 00:00:00-04:00,121.02487540717718,124.08639756190335,116.38771446055243,117.2652816772461,453023300
2024-08-30 00:00:00-04:00,119.19992897597831,121.41379989153823,116.89631023816276,119.04037475585938,333751600
2024-09-03 00:00:00-04:00,115.68965834345619,115.88910303086084,106.99373606605621,107.70177459716797,477155100
2024-09-04 00:00:00-04:00,105.11893873548212,112.95722819494392,103.83249985400072,105.9167251586914,372470300
2024-09-05 00:00:00-04:00,104.70009959160842,109.34723605648571,104.47073892803141,106.91397094726562,306850700
2024-09-06 00:00:00-04:00,107.74166341909986,107.85136027800363,100.67123751563678,102.54605102539062,413638100
2024-09-09 00:00:00-04:00,104.59038154400555,106.25577578698045,103.4036727846321,106.17599487304688,273912000
2024-09-10 00:00:00-04:00,107.5122906776436,109.09790400275718,104.66018768236026,107.8014907836914,268283700
2024-09-11 00:00:00-04:00,109.0879346022382,116.86639906475774,107.12337325723898,116.58717346191406,441422400
2024-09-12 00:00:00-04:00,116.52732649632485,120.46676065848584,115.07123444451854,118.82117462158203,366052700
2024-09-13 00:00:00-04:00,118.76132975848293,119.63897203588232,117.28528706438033,118.7812728881836,238358300
2024-09-16 00:00:00-04:00,116.47746652004345,117.8637462195167,114.05396898625607,116.46749114990234,248772300
2024-09-17 00:00:00-04:00,117.85377554798693,118.48209453930119,114.52271703198278,115.28067779541016,231925900
2024-09-18 00:00:00-04:00,115.57987289959789,117.38502682895009,112.91701975753097,113.06661987304688,310318900
2024-09-19 00:00:00-04:00,117.0359679559666,119.33979153223306,116.93623707940027,117.55458068847656,293506400
2024-09-20 00:00:00-04:00,116.74675151820551,118.30258221910756,115.0812221714436,115.68959045410156,382462400
2024-09-23 00:00:00-04:00,116.23810026304875,116.67691759238959,114.55262048539709,115.9488754272461,206228500
2024-09-24 00:00:00-04:00,116.20818172536411,121.47405850127808,115.07123304654733,120.54654693603516,354966800
2024-09-25 00:00:00-04:00,121.69345582540069,124.60564732192762,121.28455699350084,123.17947387695312,284692900
2024-09-26 00:00:00-04:00,126.46066959704271,127.32833649308198,121.47405025345233,123.70805358886719,302582900
2024-09-27 00:00:00-04:00,123.63825663510784,123.69809363981746,118.94086154094774,121.07513427734375,271009200
2024-09-30 00:00:00-04:00,117.99339197466074,121.17485775300766,117.83382410218941,121.11502075195312,226553700
2024-10-01 00:00:00-04:00,121.44412897274735,122.11234177416986,115.48013626179672,116.68689727783203,302094500
2024-10-02 00:00:00-04:00,116.12840510154699,119.06053238913914,114.831880901423,118.53195190429688,221845900
2024-10-03 00:00:00-04:00,120.59641230247804,124.0272091849403,120.01796257527629,122.52124786376953,277118000
2024-10-04 00:00:00-04:00,124.60565935860969,124.70539023390367,121.50398120040512,124.58570861816406,243678100
2024-10-07 00:00:00-04:00,124.65551433206126,130.29039598837593,124.61562046227938,127.37821197509766,346250200
2024-10-08 00:00:00-04:00,129.9114112143918,133.1227955252644,129.07366275536995,132.5343780517578,285722500
2024-10-09 00:00:00-04:00,133.75112849037495,134.16003500176663,131.02843810434518,132.29502868652344,246191600
2024-10-10 00:00:00-04:00,131.55701568457982,134.6387432670493,130.64944717024784,134.44924926757812,242311300
2024-10-11 00:00:00-04:00,133.65136041631004,135.4166278489941,133.30230620805418,134.4392547607422,170209500
2024-10-14 00:00:00-04:00,136.104806530019,139.22643549757692,135.93526327737888,137.70053100585938,232347700
2024-10-15 00:00:00-04:00,137.50104323972985,138.1991821543322,128.3954862474048,131.24783325195312,377831000
2024-10-16 00:00:00-04:00,133.62143219677557,136.25436629658557,131.22786127620384,135.35678100585938,264879700
2024-10-17 00:00:00-04:00,138.9671381366491,140.5129935540953,136.5037463621669,136.56358337402344,306435900
2024-10-18 00:00:00-04:00,138.2988966827743,138.52827690762766,136.91261713769273,137.6306915283203,176090200
2024-10-21 00:00:00-04:00,137.76036967912168,143.325439453125,137.63071268872676,143.325439453125,264554500
2024-10-22 00:00:00-04:00,142.52756130979012,144.03351491090646,141.40058044009385,143.2057342529297,226311600
2024-10-23 00:00:00-04:00,141.649914730207,142.04883820987033,137.09215234233463,139.1865234375,285930000
2024-10-24 00:00:00-04:00,140.44316244306268,140.9717429059513,138.08947737101022,140.0342559814453,172354900
2024-10-25 00:00:00-04:00,140.55285615055817,143.74430494634163,140.4232143860229,141.16122436523438,205122100
2024-10-28 00:00:00-04:00,142.617310298629,142.75693502866474,139.67520798990546,140.14395141601562,173586700
2024-10-29 00:00:00-04:00,139.91457158033694,141.8793009979601,138.52829188537018,140.87200927734375,157593600
2024-10-30 00:00:00-04:00,139.1665637778278,139.95445814390004,136.44387391965424,138.96710205078125,179418100
2024-10-31 00:00:00-04:00,137.2317836775648,137.24175143875112,131.756469630996,132.40472412109375,270039600
2024-11-01 00:00:00-04:00,134.3395349599235,136.94255111570317,134.2098931927627,135.03765869140625,207127800
2024-11-04 00:00:00-05:00,136.84282779526694,138.58814473225323,135.207217103038,135.68592834472656,187528200
2024-11-05 00:00:00-05:00,137.0821601293647,139.99434394500742,136.9624861371184,139.53558349609375,160537400
2024-11-06 00:00:00-05:00,142.57743460752744,146.09798683530676,141.58011068537002,145.2203369140625,242043900
2024-11-07 00:00:00-05:00,145.9982557303204,148.53145192465237,145.77884323892675,148.48159790039062,207323300
2024-11-08 00:00:00-05:00,148.3718728926044,149.3691967390222,145.868580298605,147.23492431640625,175665800
2024-11-11 00:00:00-05:00,148.2821074463959,148.4516658981078,143.18579701946294,144.8712615966797,182325600
2024-11-12 00:00:00-05:00,146.38720431256547,149.2495191040209,145.6192606302401,147.89315795898438,198634700
2024-11-13 00:00:00-05:00,148.67106495867824,148.93036366610121,145.5095351466514,145.87855529785156,191903300
2024-11-14 00:00:00-05:00,147.24491377788954,148.60127501764129,145.16051028397845,146.3672637939453,194463300
2024-11-15 00:00:00-05:00,144.4823175216733,144.85133773586546,139.70514243904907,141.6000518798828,250132900
2024-11-18 00:00:00-05:00,139.1266784396513,141.1711953957962,136.7829612819808,139.77493286132812,221205300
2024-11-19 00:00:00-05:00,140.94181709193657,146.7362663614533,140.61269838756368,146.6165771484375,227834900
2024-11-20 00:00:00-05:00,147.01550923449048,147.1651017216073,142.34802580304432,145.49957275390625,309871700
2024-11-21 00:00:00-05:00,148.95033233522298,152.48085228758558,140.3234713661803,146.27749633789062,400946600
2024-11-22 00:00:00-05:00,145.539474391015,146.7661937868221,140.72241318136372,141.57012939453125,236406200
2024-11-25 00:00:00-05:00,141.61001503848368,141.66985203296244,135.45652887967213,135.65599060058594,344941900
2024-11-26 00:00:00-05:00,137.33151565059862,138.9272401830298,135.30694909062626,136.55360412597656,190287700
2024-11-27 00:00:00-05:00,134.64871022731037,136.85280300357402,131.44730865073987,134.9778289794922,226370900
2024-11-29 00:00:00-05:00,136.41396798376013,138.97709782710584,135.68592576491588,137.88003540039062,141863200
2024-12-02 00:00:00-05:00,138.45849496272686,140.07415499884576,137.45120318506554,138.259033203125,171682800
2024-12-03 00:00:00-05:00,137.89002585394636,140.16392360539365,137.58085781498016,139.88467407226562,164414000
2024-12-04 00:00:00-05:00,141.61999054867616,145.39984134699782,139.91456002292938,144.7515869140625,231224300
2024-12-05 00:00:00-05:00,144.73165063129176,146.1579148411047,143.57467148409813,144.68177795410156,172621200
2024-12-06 00:00:00-05:00,144.2229906612707,145.3201135010368,140.94156015213164,142.06861877441406,188505600
2024-12-09 00:00:00-05:00,138.6076455444956,139.58508599383495,136.77244688316378,138.44805908203125,189308600
2024-12-10 00:00:00-05:00,138.6475644899376,141.45025097804097,133.4411729750498,134.7178497314453,210020900
2024-12-11 00:00:00-05:00,137.00186458417264,139.80453569143606,134.85747632446007,138.94677734375,184905200
2024-12-12 00:00:00-05:00,136.72258646567687,138.07904108019704,135.44592508954074,136.98190307617188,159211400
2024-12-13 00:00:00-05:00,138.57773734651352,139.2360201486468,132.19441524956173,133.89996337890625,231514900
2024-12-16 00:00:00-05:00,133.8301313094174,134.04955889819416,130.07994062496547,131.65582275390625,237951100
2024-12-17 00:00:00-05:00,128.75340490862754,131.24688636654815,126.52922370948323,130.05001831054688,259410300
2024-12-18 00:00:00-05:00,133.51097335742298,136.34356467427952,127.94552085179448,128.57388305664062,277444500
2024-12-19 00:00:00-05:00,131.41644980197495,133.68053537391728,129.212220572867,130.33926391601562,209719200
2024-12-20 00:00:00-05:00,129.4715360054975,134.92727495716574,127.88568536239204,134.34878540039062,306528600
2024-12-23 00:00:00-05:00,135.9246564899382,139.42549888718457,134.76767747092137,139.30581665039062,176053500
2024-12-24 00:00:00-05:00,139.63497303105362,141.53001300601622,138.28848684636677,139.85440063476562,105157000
2024-12-26 00:00:00-05:00,139.3357437329122,140.482754358897,137.37087908554133,139.5651397705078,116205600
2024-12-27 00:00:00-05:00,138.18876430649956,138.65754010210347,134.3587799168467,136.65277099609375,170582600
2024-12-30 00:00:00-05:00,134.47844750631418,139.9042657427297,133.67056192681179,137.1315155029297,167734700
2024-12-31 00:00:00-05:00,137.67011945974758,137.71002369221526,133.48107297196478,133.9398651123047,155659200
2025-01-02 00:00:00-05:00,135.64541181631114,138.51790776015002,134.2789886408903,137.9493865966797,198247200
2025-01-03 00:00:00-05:00,139.64492988439244,144.52217900012494,139.36566117903786,144.0933074951172,229322500
2025-01-06 00:00:00-05:00,148.20258376458906,151.76328315584956,147.43460231153736,149.04039001464844,265377400
2025-01-07 00:00:00-05:00,152.6310037262881,152.73074908393107,139.64494650562293,139.7746124267578,351782200
2025-01-08 00:00:00-05:00,142.20823556727345,143.57465852876186,137.20132056545756,139.7446746826172,227349900
2025-01-10 00:00:00-05:00,137.09162690267476,139.55518814906236,133.87005266470834,135.55564880371094,207602500
2025-01-13 00:00:00-05:00,129.65108668370792,133.14196124495902,129.1723272147668,132.88262939453125,204808900
2025-01-14 00:00:00-05:00,135.69526562735138,136.02440701006375,129.71091005586072,131.41644287109375,195590500
2025-01-15 00:00:00-05:00,133.30152233922777,136.094224818832,130.9476750631476,135.88478088378906,185217300
2025-01-16 00:00:00-05:00,138.2785134363621,138.38822723428095,133.14194748607855,133.22174072265625,209235600
2025-01-17 00:00:00-05:00,136.33359221153037,138.13887032002236,135.1068036173015,137.35093688964844,201188800
2025-01-21 00:00:00-05:00,138.79717036536638,141.4602070208564,136.7325601923546,140.4628143310547,197749000
2025-01-22 00:00:00-05:00,144.2828338584672,147.40466270866227,143.2954095914058,146.68655395507812,237651400
2025-01-23 00:00:00-05:00,144.67181084027297,146.8461195709751,143.34527675360425,146.83615112304688,155915500
2025-01-24 00:00:00-05:00,147.98316218253018,148.58160393928114,141.5100927680708,142.24815368652344,234657600
2025-01-27 00:00:00-05:00,124.47460659166907,128.06521102414737,116.39571998533557,118.11123657226562,818830900
2025-01-28 00:00:00-05:00,121.49241361825959,128.66367023130923,115.94691212705192,128.65370178222656,579666400
2025-01-29 00:00:00-05:00,126.17017448185184,126.55915701971556,119.7369947161038,123.37747192382812,467120600
2025-01-30 00:00:00-05:00,122.77903527699785,124.67408285834512,117.79207196266405,124.32499694824219,392925500
2025-01-31 00:00:00-05:00,123.45726880122108,127.5166568388694,118.87923990097873,119.75694274902344,388161100
2025-02-03 00:00:00-05:00,114.45081126895413,118.26085104341853,112.71535011762803,116.3558349609375,371235700
2025-02-04 00:00:00-05:00,116.65504874608332,120.88399164410859,116.39572451460701,118.34064483642578,256550000
2025-02-05 00:00:00-05:00,121.44252915135603,124.67407915232373,120.44513651813745,124.50452423095703,262230800
2025-02-06 00:00:00-05:00,127.08774290844131,128.43422879035867,124.8835065286624,128.34445190429688,251483600
2025-02-07 00:00:00-05:00,128.88308623826384,130.03008175856976,124.67408781607283,129.50146484375,228186300
2025-02-10 00:00:00-05:00,129.7508034170435,134.64800487659767,129.621152724233,133.22174072265625,216989100
2025-02-11 00:00:00-05:00,132.23432300379022,134.12936300336048,130.67839286199495,132.45375061035156,178902400
2025-02-12 00:00:00-05:00,129.68099034166102,131.89520313508,128.74343886096966,130.79806518554688,160278600
2025-02-13 00:00:00-05:00,131.2169852346524,136.14410776005724,130.8280026783839,134.937255859375,197430000
2025-02-14 00:00:00-05:00,136.1241301373402,138.88691174540978,135.14668970558725,138.4879608154297,195479600
2025-02-18 00:00:00-05:00,140.90164868488978,143.06598867498343,137.5703460278079,139.03651428222656,219176600
2025-02-19 00:00:00-05:00,139.14625788985987,140.99144057578553,136.86223517532474,138.8669891357422,167536000
2025-02-20 00:00:00-05:00,139.6648814501138,140.2932436442011,136.43332401924008,139.7446746826172,143903600
2025-02-21 00:00:00-05:00,139.67487215272783,141.09118323158302,133.68054728393315,134.07949829101562,228217600
2025-02-24 00:00:00-05:00,136.20394796569565,138.22865397806314,129.74084737496105,129.94032287597656,251381100
2025-02-25 00:00:00-05:00,129.64109140603463,129.86051900489684,124.11554286315072,126.2998275756836,271428700
2025-02-26 00:00:00-05:00,129.6510837247691,133.38132271635274,128.1549946612343,130.93771362304688,322553800
2025-02-27 00:00:00-05:00,134.64801060127058,134.6579790491402,119.69709659183455,119.83673095703125,443175800
2025-02-28 00:00:00-05:00,117.71228788508736,124.76385425600982,116.09651651556653,124.59429931640625,389091100
2025-03-03 00:00:00-05:00,123.18796891235903,123.37746834229016,111.98724605192426,113.76260375976562,411381400
2025-03-04 00:00:00-05:00,110.36151024571446,118.99892757705338,109.82291724300465,115.68758392333984,398163300
2025-03-05 00:00:00-05:00,117.27343224392774,117.97160407078815,114.21143704412195,116.9941635131836,284337900
2025-03-06 00:00:00-05:00,113.23399700198848,115.0492514915792,109.93262945458795,110.2817153930664,321181900
2025-03-07 00:00:00-05:00,110.9599388924034,113.18412798197828,107.27955736061682,112.39618682861328,341755500
2025-03-10 00:00:00-04:00,109.61344966651625,111.5583622176382,105.18502403072868,106.70106506347656,366487400
2025-03-11 00:00:00-04:00,106.71102843945867,111.94733940770921,104.4968157267925,108.4764175415039,354865700
2025-03-12 00:00:00-04:00,113.83292501602207,116.46628328215824,112.59603885298675,115.44884490966797,323857500
2025-03-13 00:00:00-04:00,116.73559490158165,117.46376184203,113.50374766538481,115.28924560546875,299033100
2025-03-14 00:00:00-04:00,118.31162236591584,121.57339292473429,117.85278046649132,121.36392211914062,277593500
2025-03-17 00:00:00-04:00,122.43123309193861,122.58085727393843,117.73308248243704,119.22930908203125,255501500
2025-03-18 00:00:00-04:00,117.70316017412442,118.7205909220559,114.25186503478537,115.1396255493164,299686900
2025-03-19 00:00:00-04:00,116.97498651717953,120.14698705841565,115.3889900516623,117.22435760498047,273426200
2025-03-20 00:00:00-04:00,116.25681189739694,119.89762393291265,116.17701131755277,118.23182678222656,248829700
2025-03-21 00:00:00-04:00,116.64582513098318,117.6931791575635,115.1296446207881,117.4039077758789,266498500
2025-03-24 00:00:00-04:00,119.57842622721644,121.91254366285413,119.03978374206928,121.10458374023438,228452500
2025-03-25 00:00:00-04:00,120.24674348347415,120.98487978418257,118.62083909476823,120.38639068603516,167447200
2025-03-26 00:00:00-04:00,118.4313220614094,118.5410383402261,112.42646191953317,113.47382354736328,293463300
2025-03-27 00:00:00-04:00,111.0698805170997,114.16208047077859,110.38162149260253,111.1496810913086,236902100
2025-03-28 00:00:00-04:00,111.20953292547101,112.58606625933987,108.79562251910656,109.39411163330078,229872500
2025-03-31 00:00:00-04:00,104.86553641067388,110.68087252083329,103.38926370156523,108.10736083984375,299212700
2025-04-01 00:00:00-04:00,108.2470125996811,109.92278683325367,106.20217397842941,109.87291717529297,222614000
2025-04-02 00:00:00-04:00,107.0200962834212,111.69830029652357,106.5213541109438,110.14221954345703,220601200
2025-04-03 00:00:00-04:00,103.24961996040646,105.36428217323731,101.34442096353821,101.5439224243164,338769400
2025-04-04 00:00:00-04:00,98.66118836013088,99.87811296890389,91.87829121020437,94.07275390625,532273800
2025-04-07 00:00:00-04:00,87.23998007579976,101.49403230771996,86.40209687721266,97.39437103271484,611041300
2025-04-08 00:00:00-04:00,103.54885717389794,105.58372634261488,94.2223791915971,96.05775451660156,476243400
2025-04-09 00:00:00-04:00,98.6412345329499,114.8104562069238,97.28465510127192,114.04239654541016,612918300
2025-04-10 00:00:00-04:00,109.09486759895934,110.58111717003517,98.9005761841806,107.29939270019531,437812400
2025-04-11 00:00:00-04:00,108.22706011361765,111.26939065397997,107.20962934859612,110.65094757080078,313417300
2025-04-14 00:00:00-04:00,113.82295197096049,114.00249947758738,108.7956293956101,110.43150329589844,264705000
2025-04-15 00:00:00-04:00,110.69084593782598,113.33418114021705,110.22202704858428,111.9177474975586,228966900
2025-04-16 00:00:00-04:00,104.2869965726397,106.52135948725393,100.1973044637503,104.22714233398438,397016900
2025-04-17 00:00:00-04:00,104.18724851478048,104.20720246563869,99.79832299108041,101.23469543457031,292517500
2025-04-21 00:00:00-04:00,98.52153569265882,99.18985605733366,94.80092295909544,96.66622161865234,288501100
2025-04-22 00:00:00-04:00,98.53150383378456,99.55891150664588,97.03527729423074,98.64122772216797,241004800
2025-04-23 00:00:00-04:00,104.25705857766793,104.53636058197965,101.76334775853866,102.45161437988281,247526000
2025-04-24 00:00:00-04:00,103.21968611105362,106.2719858525715,102.85061415392688,106.16226196289062,220815000
2025-04-25 00:00:00-04:00,106.58121206849437,111.63845793071249,105.46403435389149,110.73075103759766,251064700
2025-04-28 00:00:00-04:00,109.4140660423662,110.09235573735528,105.75329251827114,108.45648193359375,207708500
2025-04-29 00:00:00-04:00,107.39914041879526,109.92277466025524,107.16972327513623,108.74574279785156,170444300
2025-04-30 00:00:00-04:00,104.20719367744803,108.64599609375,103.81817538074749,108.64599609375,235044600
2025-05-01 00:00:00-04:00,112.79554223516973,114.65086390129245,111.02002115064856,111.32923889160156,236121500
2025-05-02 00:00:00-04:00,113.8927727544179,115.10970497913567,113.08481279973248,114.21196746826172,190194800
2025-05-05 00:00:00-04:00,112.62596928442517,114.38153638068397,112.3765981799359,113.53367614746094,133163200
2025-05-06 00:00:00-04:00,111.19957134225872,114.4513652140045,110.541227943435,113.25438690185547,158525600
2025-05-07 00:00:00-04:00,112.7656187028628,117.38396890879066,111.99755142427854,116.7655258178711,206758800
2025-05-08 00:00:00-04:00,117.95252869863282,118.38144728921775,115.55856464909375,117.07474517822266,198428100
2025-05-09 00:00:00-04:00,117.05480348234514,117.93259470484641,114.92018728068513,116.3565673828125,132972200
2025-05-12 00:00:00-04:00,121.66318211752383,122.69058990478516,119.97743092665668,122.69058990478516,225023300
2025-05-13 00:00:00-04:00,124.66562663711635,130.88992830943613,124.15690736849974,129.60316467285156,330430100
2025-05-14 00:00:00-04:00,132.8649261154048,135.099296769805,131.34874548490453,134.99954223632812,281180800
2025-05-15 00:00:00-04:00,133.95217934435928,135.95713281870513,132.32629004982778,134.49082946777344,226632600
2025-05-16 00:00:00-04:00,135.87734710554645,136.00702496804118,133.12429521702722,135.0594024658203,226542500
2025-05-19 00:00:00-04:00,132.05696494191162,135.5282065455698,132.05696494191162,135.22897338867188,193154600
2025-05-20 00:00:00-04:00,133.95214600718342,134.2414249474983,132.2863492260215,134.04193115234375,161514200
2025-05-21 00:00:00-04:00,132.72526966841644,137.0543482410567,130.26148202288624,131.46844482421875,270608700
2025-05-22 00:00:00-04:00,131.89735290411087,133.9122755767364,131.21907084385478,132.495849609375,187344000
2025-05-23 00:00:00-04:00,129.67296865108418,132.3462194682512,128.8350854296202,130.959716796875,198821300
2025-05-27 00:00:00-04:00,133.81252390577552,135.31873506532702,132.9746406768617,135.1591339111328,192953600
2025-05-28 00:00:00-04:00,135.68780317037033,136.904735369061,134.45091702175245,134.4708709716797,304021100
2025-05-29 00:00:00-04:00,141.8921589021039,143.12904506361895,137.56308016740775,138.83985900878906,369241900
2025-05-30 00:00:00-04:00,138.37105052724368,139.26878048564038,132.5856374053386,134.7900848388672,333170900
2025-06-02 00:00:00-04:00,135.14914865694024,137.77252192620537,135.05936350550982,137.03439331054688,197663100
2025-06-03 00:00:00-04:00,138.43088175862894,141.64278269656361,137.60296789247522,140.86474609375,225578800
2025-06-04 00:00:00-04:00,141.83231333868676,142.03180718032695,139.18897047063936,141.56298828125,167120800
2025-06-05 00:00:00-04:00,141.8123566062966,143.63775490128222,138.48076233301106,139.63784790039062,231397900
2025-06-06 00:00:00-04:00,142.1515008770834,142.9095987862069,141.15401644541944,141.36349487304688,153986200
2025-06-09 00:00:00-04:00,142.8297985646697,144.63524295526028,141.58294302195193,142.27120971679688,185114500
2025-06-10 00:00:00-04:00,142.3310452201821,143.92701105784593,141.17395971410352,143.5978546142578,155881900
2025-06-11 00:00:00-04:00,144.25625056305435,144.6353258646159,141.52294776727436,142.48060607910156,167694000
2025-06-12 00:00:00-04:00,141.62269259555393,144.64527893066406,141.50299102868564,144.64527893066406,162365000
2025-06-13 00:00:00-04:00,142.13144281545507,143.22875794239724,140.50544068193668,141.62269592285156,180820600
2025-06-16 00:00:00-04:00,142.9993260342438,145.82238955213242,142.84968384945327,144.33604431152344,183133700
2025-06-17 00:00:00-04:00,144.13651543605366,144.86472525299953,143.42824573031362,143.7674102783203,139108000
2025-06-18 00:00:00-04:00,143.65770976302605,145.29369730081095,142.76988753620614,145.12411499023438,161494100
2025-06-20 00:00:00-04:00,145.09416929186932,145.84233449814036,142.30101614416546,143.4980926513672,242956200
2025-06-23 00:00:00-04:00,142.1513937655616,144.42581484809375,141.68254233682853,143.8173065185547,154308900
2025-06-24 00:00:00-04:00,145.20390562225958,147.59804349475166,145.1440548392029,147.53817749023438,187566100
2025-06-25 00:00:00-04:00,148.90484638085596,154.07216728635598,148.8948611020321,153.93251037597656,269146500
2025-06-26 00:00:00-04:00,155.59842060814296,156.33661581991106,153.6232685600938,154.64077758789062,198145700
2025-06-27 00:00:00-04:00,155.65825141530053,158.32173282582838,154.88016085316636,157.36407470703125,263234500
2025-06-30 00:00:00-04:00,158.01248577811177,158.27185945851633,155.57846775508057,157.60350036621094,194580300
2025-07-01 00:00:00-04:00,155.9076636637482,156.81544119896878,151.1194180014287,152.92498779296875,213143600
2025-07-02 00:00:00-04:00,152.60576718743292,157.2144758260153,152.5957971297394,156.86532592773438,171224100
2025-07-03 00:00:00-04:00,157.98256705200242,160.58618269349765,157.3840439934681,158.9501953125,143716100
2025-07-07 00:00:00-04:00,157.81296409097388,158.92024910893554,156.95506745344088,157.85287475585938,140139000
2025-07-08 00:00:00-04:00,158.9402376292259,159.8280598400772,158.00253468758166,159.6085968017578,138133000
2025-07-09 00:00:00-04:00,160.82559421950873,164.01776272716893,160.76574343834326,162.48153686523438,183656400
2025-07-10 00:00:00-04:00,163.91804092547642,164.0975932957291,161.21466354212765,163.69857788085938,167704100
2025-07-11 00:00:00-04:00,163.319494380175,167.4792915182188,163.07010595303956,164.5165557861328,193633300
2025-07-14 00:00:00-04:00,164.96544774793,165.08516454052796,161.62365204151925,163.66864013671875,136975800
2025-07-15 00:00:00-04:00,170.77121644956358,171.97824787505814,168.78607915204378,170.28240966796875,230627400
2025-07-16 00:00:00-04:00,170.64153593048928,171.32985042878116,168.4868162544787,170.95077514648438,158831500
2025-07-17 00:00:00-04:00,171.59919907952485,173.73396348002274,170.41210769028996,172.57679748535156,160841100
2025-07-18 00:00:00-04:00,173.21522225123383,173.8237306114437,170.841039596405,171.9882354736328,146456400
2025-07-21 00:00:00-04:00,172.32739806402674,172.9558617527255,170.58167912560677,170.96075439453125,123126100
2025-07-22 00:00:00-04:00,170.9208374301641,170.97071815657463,164.17738028748298,166.6213836669922,193114300
2025-07-23 00:00:00-04:00,169.1152710575868,170.84103463039327,167.55908978070133,170.36221313476562,154082200
2025-07-24 00:00:00-04:00,172.01816431437092,173.40476336343244,170.88095369299285,173.3149871826172,128984600
2025-07-25 00:00:00-04:00,173.18529303585547,174.29257821699642,172.53688923976992,173.0755615234375,122316800
2025-07-28 00:00:00-04:00,173.594294429185,176.56700011257405,173.54441370124516,176.31761169433594,140023500
2025-07-29 00:00:00-04:00,177.52464594674228,178.94117023690123,174.59183591750704,175.08062744140625,154077500
2025-07-30 00:00:00-04:00,176.07820855766118,179.44994513464422,175.60935707311754,178.8314666748047,174312200
2025-07-31 00:00:00-04:00,182.45256948733228,182.85160010862035,175.49961883405416,177.43487548828125,221685400
2025-08-01 00:00:00-04:00,173.6641186818972,176.1081221843386,170.47194991004753,173.29502868652344,204529000
2025-08-04 00:00:00-04:00,174.7315057215643,179.75916955634796,174.09307197712414,179.55966186523438,148174600
2025-08-05 00:00:00-04:00,179.18058718831315,179.81902093485988,175.46968627980374,177.82391357421875,156407600
2025-08-06 00:00:00-04:00,175.89862689332494,179.45988530544022,175.81882077930385,178.98106384277344,137192300
2025-08-07 00:00:00-04:00,181.12581999654523,183.43016644757114,178.36259217804582,180.32777404785156,151878400
2025-08-08 00:00:00-04:00,181.10587113034643,182.85159004607542,179.95867528141937,182.2530517578125,123396700
2025-08-11 00:00:00-04:00,181.6046539661726,183.39026839012567,179.80905426349312,181.6146240234375,138323200
2025-08-12 00:00:00-04:00,182.51242163652668,184.02869221788941,179.0209838780724,182.71192932128906,145485700
2025-08-13 00:00:00-04:00,182.1732462738988,183.51994981646104,178.9112567337155,181.14576721191406,179871700
2025-08-14 00:00:00-04:00,179.3102712094187,182.57227595462552,179.02098734413144,181.57472229003906,129554000
2025-08-15 00:00:00-04:00,181.43506987144983,181.45500998578265,177.6044521364236,180.00856018066406,156602200
2025-08-18 00:00:00-04:00,180.15820389652,182.49247589603021,180.14821861780752,181.5647430419922,132008000
2025-08-19 00:00:00-04:00,181.98370991508045,182.0535459787435,175.06070018553257,175.2103271484375,185229200
2025-08-20 00:00:00-04:00,174.74148365399904,175.5694550698242,168.38707131580557,174.97091674804688,215142700
2025-08-21 00:00:00-04:00,174.42225404103465,176.46722675550242,173.38478976711397,174.5519256591797,140040900
2025-08-22 00:00:00-04:00,172.1877223514448,178.15308843889832,170.78116816439123,177.5545654296875,172789400
2025-08-25 00:00:00-04:00,177.91371253514103,181.46500135257926,176.13806812642193,179.37013244628906,163012800
2025-08-26 00:00:00-04:00,179.61950918930867,181.94381103857447,178.37256711704984,181.32533264160156,168688200
2025-08-27 00:00:00-04:00,181.53480649120215,182.04356858750407,178.6618623689453,181.15574645996094,235518900
2025-08-28 00:00:00-04:00,180.3776517699909,184.01871637210735,175.9784366795831,179.72923278808594,281787800
2025-08-29 00:00:00-04:00,177.674269227683,177.71416467354967,172.72639675993378,173.75387573242188,243257900
2025-09-02 00:00:00-04:00,169.58412249632292,171.9583050821389,166.81092453439402,170.36221313476562,231164900
2025-09-03 00:00:00-04:00,170.6415475595936,171.98825125424256,168.4668876205481,170.20262145996094,164424900
2025-09-04 00:00:00-04:00,170.15273668191406,171.43957421789176,168.99557077235426,171.2400665283203,141670100
2025-09-05 00:00:00-04:00,167.61892806242963,168.6164816497661,163.66862438059468,166.6114044189453,224441400
2025-09-08 00:00:00-04:00,167.140134281122,170.54179623040895,166.94062657490792,167.8982696533203,163769100
2025-09-09 00:00:00-04:00,168.6763418810487,170.5617176578999,166.3320999523285,170.34225463867188,157548400
2025-09-10 00:00:00-04:00,176.20789518840485,178.851406558282,175.04075911822534,176.89620971679688,226852000
2025-09-11 00:00:00-04:00,179.25053151190707,179.84910351407555,176.05818301908454,176.7465362548828,151159300
2025-09-12 00:00:00-04:00,177.3451207317183,178.1731387966239,176.02826832324598,177.39500427246094,124911000
2025-09-15 00:00:00-04:00,175.25011923668302,178.4225264520066,174.0928881658194,177.3251495361328,147061600
2025-09-16 00:00:00-04:00,176.5769489507663,177.0757538913052,173.96321593348455,174.46202087402344,140737800
2025-09-17 00:00:00-04:00,172.22736966160153,172.78602876073558,168.00748411706098,169.8829803466797,211843800
2025-09-18 00:00:00-04:00,173.56417834624654,176.67673180432445,172.54662713675344,175.81878662109375,191763300
2025-09-19 00:00:00-04:00,175.34988368438943,177.65435995090164,174.76128231706025,176.2477264404297,237182100
2025-09-22 00:00:00-04:00,174.8810364137678,184.1089289332547,174.29245016588177,183.17117309570312,269637000
2025-09-23 00:00:00-04:00,181.53508786527138,181.98400930831284,175.78885990523673,178.0035400390625,192559600
2025-09-24 00:00:00-04:00,179.34032288959435,179.35029350783142,174.9807575937583,176.54701232910156,143564100
2025-09-25 00:00:00-04:00,174.06298508983102,179.82916955782613,172.71622074990066,177.26531982421875,191586700
2025-09-26 00:00:00-04:00,177.74415791919978,179.3403398828169,174.51189629291883,177.7641143798828,148573700
2025-09-29 00:00:00-04:00,179.99874009736317,183.56021461148362,179.8890176259668,181.4153594970703,193063500
2025-09-30 00:00:00-04:00,181.64480411708308,186.9022123120565,181.04623211551163,186.13404846191406,236981000
2025-10-01 00:00:00-04:00,184.7972757932568,187.69033860903804,183.46046686832446,186.79249572753906,173844900
2025-10-02 00:00:00-04:00,189.146847340247,190.59337868298996,187.6105195355423,188.43853759765625,136805800
2025-10-03 00:00:00-04:00,188.7378093314507,189.90501102540352,184.93691825112066,187.1715545654297,137596900
2025-10-06 00:00:00-04:00,185.05665991394912,186.78252099752746,182.8918479831437,185.0965576171875,157678100
2025-10-07 00:00:00-04:00,185.78489078203316,188.6081286768816,183.56022492696124,184.5977325439453,140088000
2025-10-08 00:00:00-04:00,186.12408236678675,189.14683908131633,186.09414006589398,188.6580047607422,130168900
2025-10-09 00:00:00-04:00,191.77054228398893,194.83321191134357,190.60334055524348,192.1097412109375,182997200
2025-10-10 00:00:00-04:00,193.04749823427522,195.15245586263575,181.61489659616785,182.7222442626953,268774400
2025-10-13 00:00:00-04:00,187.52074924115996,189.6556339904095,185.51555866051012,187.8699188232422,153482800
2025-10-14 00:00:00-04:00,184.32839277968645,184.35831986008523,179.2705030798172,179.59971618652344,205641400
2025-10-15 00:00:00-04:00,184.35831474003746,184.42813951825556,176.86625456034105,179.4001922607422,214450500
2025-10-16 00:00:00-04:00,181.79443681084305,182.84193018690272,179.34032512988762,181.3754425048828,179723300
2025-10-17 00:00:00-04:00,179.74934657743225,183.65999082680747,179.3203816221287,182.78208923339844,173135200
2025-10-20 00:00:00-04:00,182.69231029505525,184.75735492260156,181.2956472677441,182.20347595214844,128544700
2025-10-21 00:00:00-04:00,182.35311411361405,182.35311411361405,179.37027013728058,180.72702026367188,124240200
2025-10-22 00:00:00-04:00,180.7070509305708,183.00155667206866,176.33751483638122,179.84910583496094,162249600
2025-10-23 00:00:00-04:00,179.988777912505,182.59254038327154,179.3602787988416,181.72462463378906,111363700
2025-10-24 00:00:00-04:00,183.40060514170608,187.02193404421294,183.06142142022418,185.8148193359375,131296700
2025-10-27 00:00:00-04:00,189.5359184602369,191.54110896467577,187.9796341631504,191.03233337402344,153452700
2025-10-28 00:00:00-04:00,192.58859211843296,202.66444286407344,191.45131745385083,200.5495147705078,297986200
2025-10-29 00:00:00-04:00,207.482921843539,211.6828666070652,204.29057291407037,206.545166015625,308829600
2025-10-30 00:00:00-04:00,204.65966800141675,205.66726375798942,200.9286166610889,202.4050750732422,178864400
2025-10-31 00:00:00-04:00,205.95656932325562,207.4729406961805,201.5870481318289,202.00604248046875,179802200
2025-11-03 00:00:00-05:00,207.58267267525224,210.83487551397138,205.06869143040765,206.3855438232422,180267300
2025-11-04 00:00:00-05:00,202.51479915904252,203.48248192945988,197.4569099225941,198.21510314941406,188919300
2025-11-05 00:00:00-05:00,198.29492759193732,202.43500266122365,194.18476438007542,194.74343872070312,171350300
2025-11-06 00:00:00-05:00,195.9505570232203,197.14768599494536,185.93455918559198,187.6304931640625,223029800
2025-11-07 00:00:00-05:00,184.45805485831954,187.86989393508227,178.48238160939712,187.70028686523438,264942300
2025-11-10 00:00:00-05:00,194.6436788693004,199.46213677715232,193.32682642239038,198.5742645263672,198897100
2025-11-11 00:00:00-05:00,194.69355355890158,194.9529266552934,190.84277869998112,192.69833374023438,176483300
2025-11-12 00:00:00-05:00,195.2522010776849,195.42179292552225,190.67317551912151,193.3367919921875,154935300
2025-11-13 00:00:00-05:00,190.59337913278358,190.9824463944715,183.41059072037282,186.41339111328125,207423100
2025-11-14 00:00:00-05:00,182.42294356130517,190.55345800755302,180.14839424900484,189.71546936035156,186591900
2025-11-17 00:00:00-05:00,185.52552307898492,188.54828000089623,183.87947275520656,186.15402221679688,173628900
2025-11-18 00:00:00-05:00,182.94172058465782,184.3583249108488,179.22062444838815,180.92654418945312,213598900
2025-11-19 00:00:00-05:00,184.3483273978252,187.41099710874653,182.39302051116815,186.07420349121094,247246400
2025-11-20 00:00:00-05:00,195.4816571057099,195.53154064523628,179.42014682895694,180.208251953125,343504800
2025-11-21 00:00:00-05:00,180.80682891210233,184.11888595894638,172.51667761994415,178.4524688720703,346926200
2025-11-24 00:00:00-05:00,179.0610093294625,183.06141961318156,176.0581937395723,182.1136932373047,256618300
2025-11-25 00:00:00-05:00,174.49195573568102,177.73418799379976,169.1447659257062,177.39500427246094,320600300
2025-11-26 00:00:00-05:00,181.1958831941039,182.4728225932506,177.81398638784032,179.8291473388672,183852000
2025-11-28 00:00:00-05:00,178.5821404669205,178.86147001761242,176.07814512953246,176.5769500732422,121332800
2025-12-01 00:00:00-05:00,174.3423041351479,179.8690716163194,173.2648835948944,179.48997497558594,188131000
2025-12-02 00:00:00-05:00,181.32557695606172,185.2162648499111,179.56978894419797,181.02630615234375,182632200
2025-12-03 00:00:00-05:00,180.64722628696225,182.01394715864362,178.68193330759738,179.16078186035156,165138000
2025-12-04 00:00:00-05:00,181.19598816136636,184.08922700452197,179.53987513877786,182.95188903808594,167364900
2025-12-05 00:00:00-05:00,183.46070200471706,184.22890867632069,180.48766317737477,181.98416137695312,143971100
2025-12-08 00:00:00-05:00,182.213626289633,187.56111397793046,181.9741810893209,185.11683654785156,204378100
2025-12-09 00:00:00-05:00,185.12679644575,185.2864265695677,182.89203560496765,184.53817749023438,144719700
2025-12-10 00:00:00-05:00,184.53819180758595,185.0469957406681,181.61502392815055,183.35096740722656,162785400
2025-12-11 00:00:00-05:00,179.85912243695617,180.89670300875093,176.20766331092784,180.50759887695312,182136600
2025-12-12 00:00:00-05:00,180.68718311570447,182.39319766595756,174.21232912082112,174.6114044189453,204274900
2025-12-15 00:00:00-05:00,177.52457493122958,178.00345003705766,174.62136510726435,175.87841796875,164775600
2025-12-16 00:00:00-05:00,175.84850127733236,178.0733061224419,174.4916756985292,177.3050994873047,148588100
2025-12-17 00:00:00-05:00,175.68888113429998,175.71880987812392,169.91239000563186,170.54092407226562,222775500
2025-12-18 00:00:00-05:00,174.1225483861358,175.7387615308714,171.41888356310693,173.73345947265625,176096000
2025-12-19 00:00:00-05:00,176.25756723043006,181.02640724251643,175.9283357789888,180.56748962402344,324925900
2025-12-22 00:00:00-05:00,183.49062822521734,183.73007341419415,181.9243013805983,183.26116943359375,129064400
2025-12-23 00:00:00-05:00,182.54285710968043,188.88801027625055,182.47301321780614,188.76829528808594,174873600
2025-12-24 00:00:00-05:00,187.50124372172942,188.4689804086018,186.154389299292,188.169677734375,65528500
2025-12-26 00:00:00-05:00,189.47662851874142,192.240166195598,187.5611125998212,190.085205078125,139740300
2025-12-29 00:00:00-05:00,187.2717899684254,188.31932652162573,185.47598909796272,187.7805938720703,120006100
2025-12-30 00:00:00-05:00,187.8005508490403,188.5487999407664,186.49359631469858,187.1021728515625,97687300
2025-12-31 00:00:00-05:00,189.12744593978846,190.11512498868174,186.05463453876877,186.06460571289062,120100500
2026-01-02 00:00:00-05:00,189.39681300359115,192.47959571470966,187.8204997023152,188.4091339111328,148240500
2026-01-05 00:00:00-05:00,191.31233377676458,193.1779786425506,185.7154296257417,187.6808319091797,183529700
2026-01-06 00:00:00-05:00,190.07522846701318,191.72137039337454,186.3838692947835,186.80288696289062,176862600
2026-01-07 00:00:00-05:00,188.12978540958392,190.9232365533545,186.12446806753155,188.66851806640625,153543200
2026-01-08 00:00:00-05:00,188.66850725549676,189.10748247384038,183.2811201033086,184.60800170898438,172457000
2026-01-09 00:00:00-05:00,184.64792389684447,185.9049768874807,183.2412119543349,184.42843627929688,131327500
2026-01-12 00:00:00-05:00,182.79226917353867,186.6831584288149,182.59273912358015,184.5082550048828,137968500
2026-01-13 00:00:00-05:00,184.5681140987238,187.6708543554723,182.97184323887342,185.376220703125,160128900
2026-01-14 00:00:00-05:00,183.88970125566945,184.02937380837906,180.37791464347094,182.7124481201172,159586100
2026-01-15 00:00:00-05:00,186.06459276572707,189.25711892672572,185.89499147845774,186.61331176757812,206188600
2026-01-16 00:00:00-05:00,188.63857958929228,189.99540517049002,185.6455833269296,185.79522705078125,187967200
2026-01-20 00:00:00-05:00,181.4753422141945,181.95423259865512,177.1953640623503,177.654296875,223345300
2026-01-21 00:00:00-05:00,178.6320081827799,184.94723253133864,177.9835164834521,182.8920440673828,200381000
2026-01-22 00:00:00-05:00,184.31869154642928,185.7353746560278,183.5005985718231,184.40847778320312,139636600
2026-01-23 00:00:00-05:00,187.06227125943187,189.15737478680413,186.38386606278428,187.23187255859375,142748100
2026-01-26 00:00:00-05:00,186.7230748442759,188.6784906596197,185.55580805974404,186.03468322753906,124799600
2026-01-27 00:00:00-05:00,186.80288446054914,189.55643562401056,185.2664711415707,188.07989501953125,143711600
2026-01-28 00:00:00-05:00,190.82345963399504,191.9009400606663,189.39679023846315,191.0728759765625,148552700
2026-01-29 00:00:00-05:00,190.89331059974717,193.0283141326731,185.62563804704834,192.06057739257812,171764400
2026-01-30 00:00:00-05:00,190.76362243793778,194.0359639826301,189.0276790286862,190.68380737304688,179489500
2026-02-02 00:00:00-05:00,186.7629659025267,189.8557348322644,184.44839001538193,185.1766815185547,165794100
2026-02-03 00:00:00-05:00,185.8052108647954,185.8351396091497,175.81857039871747,179.91897583007812,204019600
2026-02-04 00:00:00-05:00,179.04105715530034,179.16077214377114,171.50867959294058,173.78335571289062,207014100
2026-02-05 00:00:00-05:00,174.52161198787914,176.40721432559468,170.63072277473634,171.47874450683594,206312900
2026-02-06 00:00:00-05:00,176.27751351666032,186.56344202919422,174.19239634754115,184.97715759277344,231346200
2026-02-09 00:00:00-05:00,183.82983865020864,193.20790343822367,183.52056478242866,189.59634399414062,196387400
2026-02-10 00:00:00-05:00,190.93321971968697,192.0306425866914,187.6808205923615,188.09983825683594,136764800
2026-02-11 00:00:00-05:00,192.0007297023972,192.80883635229745,188.32932783046314,189.60633850097656,144192700
2026-02-12 00:00:00-05:00,192.5793648877844,193.1580126884611,186.07458174632154,186.5035858154297,189932500
2026-02-13 00:00:00-05:00,187.04230481693136,187.0622623874058,181.16605622339495,182.38320922851562,161888000
2026-02-17 00:00:00-05:00,181.3256935584433,186.71308084037668,178.76168607280786,184.53817749023438,162276900
2026-02-18 00:00:00-05:00,188.3093443160685,189.92555739322245,186.3239846890322,187.5411376953125,164749100
2026-02-19 00:00:00-05:00,186.62329889395997,187.9900957055448,185.22657333636724,187.46133422851562,126554500
2026-02-20 00:00:00-05:00,186.13446388219373,189.88568076730476,185.50592973146237,189.3768768310547,178422300
2026-02-23 00:00:00-05:00,190.9531547742145,193.49720463285962,189.13741163084848,191.10281372070312,171584800
2026-02-24 00:00:00-05:00,191.04296985904048,193.31764595479845,186.96250644177093,192.39979553222656,175123600
2026-02-25 00:00:00-05:00,193.9960453222018,197.16862939564908,193.33758246616242,195.10345458984375,250637100
2026-02-26 00:00:00-05:00,193.81646526905493,193.8364076167612,183.88969739169633,184.45835876464844,360807900
2026-02-27 00:00:00-05:00,180.82687141264745,182.16373952566906,175.96824531148394,176.77635192871094,311636500
2026-03-02 00:00:00-05:00,174.60143816018197,183.0317240302905,174.23230678711255,182.0540008544922,209095300
2026-03-03 00:00:00-05:00,178.0732983803544,180.47766036606842,176.50695643346228,179.62965393066406,178099400
2026-03-04 00:00:00-05:00,180.01876499488523,184.26881453838726,179.63964723402094,182.61268615722656,177731200
2026-03-05 00:00:00-05:00,180.74703993972415,183.63029235671348,177.46472744924466,182.91197204589844,198779700
2026-03-06 00:00:00-05:00,179.4201653790109,182.33334690173646,176.40722643712078,177.40489196777344,189021900
2026-03-09 00:00:00-04:00,176.4171820751478,182.48298979408452,175.1501427003192,182.2235870361328,177213600
2026-03-10 00:00:00-04:00,181.97416098047233,186.00473767957752,181.58507208744064,184.33863830566406,179118500
2026-03-11 00:00:00-04:00,185.4860219488843,187.1921136401388,184.02934488988058,185.60574340820312,145280400
2026-03-12 00:00:00-04:00,183.63027948516628,184.51824924312825,181.33552155955923,182.72235107421875,155762700
2026-03-13 00:00:00-04:00,184.49827615888313,185.6656060713691,179.5296376335348,179.83892822265625,160988400
2026-03-16 00:00:00-04:00,182.55273992235968,188.44926587891726,180.9962999229416,182.8021697998047,217307400
2026-03-17 00:00:00-04:00,184.63795767039014,184.97717862722422,181.26566108165355,181.5150909423828,182497800
2026-03-18 00:00:00-04:00,182.06384475172882,182.96180140975886,179.91875397930713,179.98858642578125,156683100
2026-03-19 00:00:00-04:00,177.60403750119184,179.56954607641802,175.38909905828712,178.1527862548828,170968500
2026-03-20 00:00:00-04:00,177.59405294207926,177.85345450506617,171.32837633709812,172.30613708496094,241323500
2026-03-23 00:00:00-04:00,176.85574153065542,177.96321071223454,174.36144294367455,175.23944091796875,182836300
2026-03-24 00:00:00-04:00,174.4312942297872,175.81812366395545,173.58322660302642,174.80044555664062,147667800
2026-03-25 00:00:00-04:00,176.69612335614488,180.8067226806179,176.44669348987364,178.2725067138672,162602100
2026-03-26 00:00:00-04:00,175.66847416549638,176.10745794358192,170.74970926821888,170.8494873046875,186152200
2026-03-27 00:00:00-04:00,169.61229451028825,170.58008352629554,166.62910808502988,167.13795471191406,196212700
2026-03-30 00:00:00-04:00,168.3950875250076,169.0635577295173,163.89537828689438,164.79331970214844,185627000
2026-03-31 00:00:00-04:00,166.58922503111532,174.22177306603788,166.57925331681818,174.0022735595703,226181300
2026-04-01 00:00:00-04:00,175.59862725595661,176.96549806235143,174.3514779146501,175.3491973876953,168132000
2026-04-02 00:00:00-04:00,171.7873183615289,177.0852211444685,170.9791680862979,176.98544311523438,143143200
2026-04-06 00:00:00-04:00,176.75597747742694,177.3845303646084,175.35916114415525,177.23487854003906,107564300
2026-04-07 00:00:00-04:00,175.32922705160684,177.8235255680002,173.26395579650787,177.69383239746094,132534900
2026-04-08 00:00:00-04:00,184.079243714486,184.83750503722598,179.8888249511496,181.66476440429688,147732700
2026-04-09 00:00:00-04:00,181.42529878487736,183.6601958045732,180.20807985372045,183.49058532714844,116428500
2026-04-10 00:00:00-04:00,183.88967366981893,189.56669990817062,183.87970195572368,188.1998291015625,160459500
2026-04-13 00:00:00-04:00,185.605746824658,189.2274732756209,185.3164148846483,188.87826538085938,133648200
2026-04-14 00:00:00-04:00,190.40477641072036,196.0618438720703,190.33494396561244,196.0618438720703,161307000
2026-04-15 00:00:00-04:00,196.09178511161633,199.94298301571828,195.2936216855987,198.41647338867188,185338400
2026-04-16 00:00:00-04:00,196.97974400923295,199.39423847906178,195.36344336942167,197.8976593017578,134012900
2026-04-17 00:00:00-04:00,199.44410763257105,201.2400056483541,198.8155547450397,201.2200469970703,160324400
2026-04-20 00:00:00-04:00,199.52392392325544,201.70893187328167,197.38880498867078,201.59918212890625,119381400
2026-04-21 00:00:00-04:00,201.66904795828867,202.28762917830338,198.54618104306965,199.42417907714844,107945300
2026-04-22 00:00:00-04:00,200.53164182940822,202.03819274902344,198.54617460274403,202.03819274902344,107501000
2026-04-23 00:00:00-04:00,201.99828375930824,203.3651545152774,196.77022843278436,199.18470764160156,113561800
2026-04-24 00:00:00-04:00,199.50398270942756,210.46890943516505,199.35431566144254,207.79502868652344,214134400
2026-04-27 00:00:00-04:00,209.17187844164343,216.33551207209098,206.90706623150768,216.1160125732422,187172400
2026-04-28 00:00:00-04:00,209.01225288404052,214.2402930542568,207.72518626919629,212.68385314941406,180275400
2026-04-29 00:00:00-04:00,212.2149257168926,212.23488436877426,207.10660696252424,208.77279663085938,123711800
2026-04-30 00:00:00-04:00,209.45124259423534,209.82040915320695,198.24685712515335,199.11488342285156,225239200
2026-05-01 00:00:00-04:00,200.8209691272831,202.5370477944956,196.67045257290908,197.99742126464844,128647000
2026-05-04 00:00:00-04:00,199.04502180842945,201.2699318245734,194.29588290907526,198.02734375,125368100
2026-05-05 00:00:00-04:00,198.84548202478717,199.7833407086998,195.58293528206713,196.05186462402344,113406600
2026-05-06 00:00:00-04:00,199.43413852494058,207.7950323152332,198.15705885791613,207.3560333251953,188362800
2026-05-07 00:00:00-04:00,207.86487247229027,213.7115092245668,206.02907228582575,211.01766967773438,168307900
2026-05-08 00:00:00-04:00,212.5441790763045,217.30330524675068,212.40449895841255,214.709228515625,136421400
2026-05-11 00:00:00-04:00,213.55186573785767,221.79303819063418,213.40221390900197,218.93955993652344,160685800
2026-05-12 00:00:00-04:00,218.05159434962442,223.23973257586303,214.42986778297353,220.27650451660156,159176600
2026-05-13 00:00:00-04:00,224.41703053540263,227.32039781394542,221.0647077692387,225.3149871826172,150405400
2026-05-14 00:00:00-04:00,229.32582552778115,236.00055597235212,228.77707677625682,235.202392578125,180782900
2026-05-15 00:00:00-04:00,229.23602944473367,230.9720668751014,223.7286287034134,224.80616760253906,180977600
2026-05-18 00:00:00-04:00,229.34577348371204,229.4754818886306,217.8719993892805,221.81300354003906,146280900
2026-05-19 00:00:00-04:00,219.11914008419038,223.96805720569674,217.41304835521052,220.1068878173828,140948200
2026-05-20 00:00:00-04:00,222.6710257508039,225.61431038954527,219.9971448577806,222.9603729248047,184201600
2026-05-21 00:00:00-04:00,221.78305837384474,226.8814055684356,217.43300079554024,219.0093994140625,203381800
2026-05-22 00:00:00-04:00,220.39621757095847,220.50596731800164,214.3101381389001,214.83892822265625,169275700
2026-05-26 00:00:00-04:00,216.04617181279934,217.68243116855118,211.5165320236786,214.37001037597656,187202600
2026-05-27 00:00:00-04:00,213.63168066177133,213.66161102691768,208.30386252985457,212.1151580810547,167601200
2026-05-28 00:00:00-04:00,210.79815519844968,215.02849096688144,210.73829446983814,213.76138305664062,143996000
2026-05-29 00:00:00-04:00,214.09065053210412,217.36316924965476,210.64852132770383,210.6584930419922,289410600
2026-06-01 00:00:00-04:00,215.23801892090273,224.35717434911126,215.20808855445495,223.8483428955078,212850700
2026-06-02 00:00:00-04:00,226.66188583823322,231.75026086454594,220.84519513709748,222.3118438720703,193362900
2026-06-03 00:00:00-04:00,221.2143597561905,222.31185725112735,214.02079575535723,214.26025390625,160907000
2026-06-04 00:00:00-04:00,213.67091279390368,221.35231998810906,210.73419644348996,218.4156036376953,169022200
2026-06-05 00:00:00-04:00,214.2902104723603,214.62982678346356,204.10161444712602,204.87075805664062,219655500
2026-06-08 00:00:00-04:00,209.94507132882276,210.23475572682116,205.76975069388217,208.40679931640625,138372800
2026-06-09 00:00:00-04:00,210.3845825512031,211.16370951624515,199.11719156565087,207.95730590820312,180962500
2026-06-10 00:00:00-04:00,204.20149632565034,206.98838641050182,199.696542748819,200.19598388671875,161746600
2026-06-11 00:00:00-04:00,201.26479475008583,205.43013200106668,199.31696212361035,204.64100646972656,158643200
2026-06-12 00:00:00-04:00,204.6310298517525,206.83856645475237,203.21261880599855,204.96066284179688,112001800
2026-06-15 00:00:00-04:00,208.68648640498938,212.47225882321928,208.10713284720606,212.21253967285156,149936700
2026-06-16 00:00:00-04:00,210.94395209283806,211.25361840198772,207.05830064217733,207.1781768798828,125694100
2026-06-17 00:00:00-04:00,208.29691745433288,208.9761653200819,202.8530121596522,204.42124938964844,128363500
2026-06-18 00:00:00-04:00,207.09826842291386,211.1537281092123,206.26919428756833,210.4545135498047,241272000
2026-06-22 00:00:00-04:00,211.2036686200953,213.7508214450341,207.48782537372824,208.41677856445312,122041400
2026-06-23 00:00:00-04:00,201.94403040148535,203.54224815949766,199.77645766483005,199.81640625,153496200
2026-06-24 00:00:00-04:00,199.89631590195674,201.44458647582786,196.36027935647695,198.77757263183594,151810700
2026-06-25 00:00:00-04:00,199.85637045714446,200.5755669254449,191.9152592982058,195.52122497558594,149550000
2026-06-26 00:00:00-04:00,192.90414096411192,195.33143282930595,191.0062707295152,192.31480407714844,179304100
2026-06-29 00:00:00-04:00,193.63333194293918,195.96071419295149,189.58785574691487,194.7520751953125,148835700
2026-06-30 00:00:00-04:00,197.0195429632178,200.4057532237791,194.89191886651452,199.86634826660156,166476700
2026-07-01 00:00:00-04:00,195.98069896251877,199.62662840490702,193.23377271109229,197.35916137695312,146147600
2026-07-02 00:00:00-04:00,196.9196593659626,199.8363939026278,192.1350197738411,194.61224365234375,142068700
2026-07-06 00:00:00-04:00,194.20269428466304,197.32920075051607,193.77318221313826,195.33143615722656,108999000
2026-07-07 00:00:00-04:00,192.15498377986222,198.18824142626735,190.92636281467173,196.7098846435547,124154600
2026-07-08 00:00:00-04:00,194.9618356993413,204.93069180759116,194.84197470333905,203.891845703125,147419100
2026-07-09 00:00:00-04:00,204.23147485952867,204.36131918975943,198.73762239526957,202.5533447265625,132037400
2026-07-10 00:00:00-04:00,201.7742207048944,210.7641612313501,201.69430829342895,210.72421264648438,148421000
2026-07-13 00:00:00-04:00,208.3069001369788,210.33464515051216,202.77309911383117,203.30250549316406,121411000
2026-07-14 00:00:00-04:00,207.96729575339148,212.31243993744155,203.57221964678251,211.5632781982422,124379600
2026-07-15 00:00:00-04:00,211.7230919717581,213.57101502024952,205.80969553973085,212.26248168945312,124797200
2026-07-16 00:00:00-04:00,209.93509060438328,210.84407715298516,205.61992700554663,207.16818237304688,122986100
2026-07-17 00:00:00-04:00,202.41350482950477,206.41901728963356,197.74872640584337,202.58331298828125,144281900
2026-07-20 00:00:00-04:00,205.63989694335598,207.50781723343968,202.05391309694542,203.05279541015625,88701500
2026-07-21 00:00:00-04:00,207.30802440628602,208.4167843613107,203.78197113093626,207.0583038330078,108685600
2026-07-22 00:00:00-04:00,205.57996827489498,214.15038042761168,204.72092886821054,211.82298278808594,137645600
2026-07-23 00:00:00-04:00,209.22588688656515,210.63429930291466,205.72979894313582,208.5266571044922,110505300
2026-07-24 00:00:00-04:00,207.21812923496972,211.6731509810223,204.5810805834776,206.6088104248047,114836800
2026-07-27 00:00:00-04:00,207.96729627325774,208.51668459839084,195.22156333884286,196.2903594970703,154353700
2026-07-28 00:00:00-04:00,194.78204700134697,198.47790843456414,192.52457850774027,196.789794921875,134111500
2026-07-29 00:00:00-04:00,195.63110696844683,196.84974460884015,189.79762268066406,189.79762268066406,147680800
2026-07-30 00:00:00-04:00,193.23377181769484,197.02952748682713,191.3059363552755,194.82199096679688,129010200
2026-07-31 00:00:00-04:00,198.2182038580375,201.77422236802423,194.73209918257555,200.52561950683594,139961200
2026-08-03 00:00:00-04:00,197.46904862701152,208.50670133078404,196.62999113475112,206.40904235839844,128406900
2026-08-04 00:00:00-04:00,211.06382570110384,212.82185300096492,208.8163406042335,211.70310974121094,134922000
2026-08-05 00:00:00-04:00,216.6176127852948,221.9716224388697,216.15812022814887,218.9749755859375,158187400
2026-08-06 00:00:00-04:00,221.28239358061882,223.38005249670454,216.75745800384053,218.7452392578125,113940600
2026-08-07 00:00:00-04:00,221.29237770419127,224.50877992471257,220.41337164588714,223.70968627929688,105669400
2026-08-10 00:00:00-04:00,223.15029107269072,223.88946943306019,216.5277120448001,217.3068389892578,115846600
2026-08-11 00:00:00-04:00,221.92167541427946,221.9516406634887,215.95834695389817,217.25689697265625,101273100
2026-08-12 00:00:00-04:00,220.7929293559802,224.84840415873398,219.95387191061064,223.8395233154297,108783600
2026-08-13 00:00:00-04:00,224.80845001468583,226.97602279610956,223.45996804263754,225.04818725585938,98867200
2026-08-14 00:00:00-04:00,226.51654155338588,227.23573802273873,224.24907448357243,224.90834045410156,75680900
2026-08-17 00:00:00-04:00,225.72741618855906,227.66525027466162,224.60867289832842,224.7584991455078,93678700
2026-08-18 00:00:00-04:00,220.20359791537197,221.39227027986857,218.44557057093272,219.49440002441406,103128200
2026-08-19 00:00:00-04:00,221.4222404106533,222.62089613745684,216.51772459764655,217.31683349609375,96797300
2026-08-20 00:00:00-04:00,218.1159423024499,219.6142657707553,215.41896310784705,216.60763549804688,92457000
2026-08-21 00:00:00-04:00,218.17587248780362,218.49552214328025,214.26025565862156,214.48001098632812,98869300
2026-08-24 00:00:00-04:00,215.28910206110334,215.34903256074918,207.01835779182306,208.24697875976562,135187300
2026-08-25 00:00:00-04:00,210.79412790131315,214.48998931653267,209.87515802586688,212.81187438964844,122309000
2026-08-26 00:00:00-04:00,212.40232405945306,213.3612577394914,208.99613188036045,209.4256591796875,179900000
2026-08-27 00:00:00-04:00,222.61090164325523,230.21239627098788,220.6530857022795,227.7251739501953,298909800
2026-08-28 00:00:00-04:00,227.10587153371227,229.00374173344596,216.56766062888835,217.3068389892578,195116400
2026-08-31 00:00:00-04:00,218.62536478578363,221.05265670783686,215.96834944345454,220.53323364257812,124702700
2026-09-01 00:00:00-04:00,216.50774446342592,220.1636574397174,214.8595947199138,217.1969757080078,109756200
2026-09-02 00:00:00-04:00,218.5454508199983,227.6952163087265,218.23579974693772,224.1591796875,157104700
2026-09-03 00:00:00-04:00,225.76737972053164,230.14247379152744,224.49879494304554,228.1946563720703,134681600
2026-09-04 00:00:00-04:00,230.83170360414334,234.49759976142684,229.37334400327853,230.10252380371094,135352400
2026-09-08 00:00:00-04:00,232.84944771666764,233.44878317831424,224.59868561283858,225.47769165039062,122965600
2026-09-09 00:00:00-04:00,225.0281992525124,225.92718720955042,223.21024142511232,223.4199981689453,82955500
2026-09-10 00:00:00-04:00,220.52999877929688,220.99000549316406,217.1999969482422,218.36000061035156,105768000
2026-09-11 00:00:00-04:00,221.24000549316406,222.0,218.14999389648438,218.2899932861328,89060100
2026-09-14 00:00:00-04:00,211.24000549316406,212.77000427246094,208.92999267578125,210.9600067138672,132267200
2026-09-15 00:00:00-04:00,213.3800048828125,213.94000244140625,211.16000366210938,212.1699981689453,88059700
2026-09-16 00:00:00-04:00,214.13999938964844,216.75999450683594,212.5,213.89999389648438,96563600
2026-09-17 00:00:00-04:00,218.3800048828125,219.91000366210938,217.14999389648438,219.33999633789062,94191300
2026-09-18 00:00:00-04:00,219.35000610351562,222.72999572753906,218.02999877929688,222.27000427246094,190287400
2026-09-21 00:00:00-04:00,222.94000244140625,228.5,221.55999755859375,227.3800048828125,109806100
2026-09-22 00:00:00-04:00,226.85000610351562,229.97999572753906,226.5,228.8699951171875,95746700
2026-09-23 00:00:00-04:00,228.02999877929688,228.9499969482422,224.02000427246094,225.50999450683594,89547300
2026-09-24 00:00:00-04:00,222.0800018310547,224.94000244140625,221.08999633789062,224.5800018310547,77469900
2026-09-25 00:00:00-04:00,225.1300048828125,226.94000244140625,223.1300048828125,225.07000732421875,89947700
2026-09-28 00:00:00-04:00,229.75,233.2100067138672,228.0399932861328,228.86000061035156,142344300
2026-09-29 00:00:00-04:00,230.97000122070312,232.82000732421875,227.02999877929688,227.2100067138672,101494900
2026-09-30 00:00:00-04:00,229.27000427246094,232.3699951171875,228.1699981689453,228.3800048828125,121732200
2026-10-01 00:00:00-04:00,229.97999572753906,232.2899932861328,228.16000366210938,230.86000061035156,98591400
2026-10-02 00:00:00-04:00,236.05999755859375,237.8800048828125,233.60000610351562,233.9499969482422,135167800
2026-10-05 00:00:00-04:00,236.08999633789062,240.10000610351562,235.14999389648438,238.89999389648438,126639900
2026-10-06 00:00:00-04:00,242.0800018310547,243.3699951171875,240.27000427246094,240.3000030517578,55142467
