Date,Open,High,Low,Close,Volume
2009-11-02,24449.7,24733.84,24225.79,24509.38,2034296
2009-11-03,23979.28,24235.75,23840.21,24095.99,776880
2009-11-04,24411.02,24932.31,23944.64,24464.9,2748027
2009-11-05,24773.37,25398.97,24301.29,24924.02,1563004
2009-11-06,24029.76,24416.38,23717.7,24103.37,4994814
2009-11-09,23667.95,24014.33,23237.89,23583.03,1378198
2009-11-10,23703.66,23986.65,23392.33,23674.99,3725589
2009-11-11,23590.79,23857.28,23311.18,23577.53,5754074
2009-11-12,23535.78,23767.13,23375.93,23606.8,1189964
2009-11-13,23175.14,23432.63,23025.63,23282.43,1765725
2009-11-16,23608.34,23890.45,23407.88,23689.3,2503437
2009-11-17,24055.54,24480.88,23633.37,24058.66,1185402
2009-11-18,24184.98,24358.81,23948.78,24122.15,2331860
2009-11-19,24718.39,24926.04,24444.57,24651.66,1732451
2009-11-20,24941.88,25271.84,24565.45,24894.79,1711634
2009-11-23,24492.11,24748.37,24290.61,24546.42,2041842
2009-11-24,24745.12,24929.42,24559.01,24743.3,2069378
2009-11-25,24328.71,24679.72,24001.5,24352.19,2187628
2009-11-26,24757.62,25033.21,24497.13,24772.57,1384298
2009-11-27,24933.44,25292.3,24425.32,24781.99,1421036
2009-11-30,24599.96,25192.73,24140.36,24730.69,1846582
2009-12-01,24442.29,24637.21,24264.72,24459.51,1930221
2009-12-02,25124.94,25594.82,24565.76,25033.94,1523758
2009-12-03,24884.05,25457.29,24422.77,24993.97,2408136
2009-12-04,24782.83,25263.75,24350.71,24830.79,667398
2009-12-07,24662.74,25059.37,24305.89,24701.95,1279167
2009-12-08,24950.81,25324.62,24593.96,24967.53,1676205
2009-12-09,25039.24,25526.73,24673.96,25159.7,1186277
2009-12-10,25419.65,25810.03,24984.65,25374.34,5269883
2009-12-11,25649.71,25784.3,25464.22,25598.54,2005325
2009-12-14,26672.37,27189.05,26115.86,26631.75,2204611
2009-12-15,26394.88,26828.76,26031.05,26463.98,1483717
2009-12-16,26253.43,26692.44,25807.73,26246.62,1964076
2009-12-17,25819.69,26165.52,25544.48,25889.55,956320
2009-12-18,26176.35,26338.38,26040.6,26202.49,1790686
2009-12-21,26937.53,27278.18,26426.15,26764.62,1130075
2009-12-22,26741.02,27078.17,26396.3,26733.35,1678746
2009-12-23,26260.87,26659.28,25957.43,26354.76,426791
2009-12-24,26002.34,26264.86,25725.91,25988.29,1007717
2009-12-25,26209.15,26546.06,25979.89,26315.87,4772380
2009-12-28,26595.47,27036.15,26252.04,26691.48,3263264
2009-12-29,26890.28,27261.25,26604.46,26974.53,4375028
2009-12-30,26637.78,27194.77,26117.04,26673.33,4559086
2009-12-31,26879.91,27084.03,26601.01,26804.57,2969168
2010-01-01,26926.58,27190.33,26616.65,26879.94,1510994
2010-01-04,27046.87,27301.37,26750.41,27004.5,1064110
2010-01-05,27359.2,27810.65,26999.44,27449.7,3945344
2010-01-06,27533.41,27922.62,27189.54,27578.19,2061080
2010-01-07,27957.52,28367.27,27525.31,27934.73,8854299
2010-01-08,27932.89,28524.37,27395.18,27985.65,1592699
2010-01-11,28124.61,28409.29,27863.66,28148.12,6476802
2010-01-12,28523.6,28962.62,28047.44,28485.88,1804736
2010-01-13,27734.53,27912.83,27585.44,27763.58,4419906
2010-01-14,27637.54,27884.5,27372.01,27618.81,5487673
2010-01-15,27530.76,27859.91,27072.25,27399.84,1073280
2010-01-18,27085.8,27247.87,26937.78,27099.77,1482145
2010-01-19,27074.0,27460.21,26593.7,26978.55,1066840
2010-01-20,27773.39,28194.85,27306.12,27726.87,947927
2010-01-21,27189.7,27752.36,26749.2,27309.91,2958639
2010-01-22,27709.67,28156.03,27356.41,27801.6,1762110
2010-01-25,26915.31,27362.14,26536.9,26982.79,2046046
2010-01-26,26762.01,27124.37,26469.2,26830.81,2768298
2010-01-27,26912.0,27070.55,26760.79,26919.29,650546
2010-01-28,27264.44,27441.64,27037.39,27214.26,4291125
2010-01-29,27677.81,28088.13,27165.2,27573.98,1608067
2010-02-01,28005.19,28563.43,27421.6,27979.33,2728986
2010-02-02,27775.32,27958.16,27629.86,27812.51,2877486
2010-02-03,27417.42,27958.46,27051.02,27589.76,4513023
2010-02-04,28032.54,28488.49,27570.75,28026.6,1861858
2010-02-05,27939.42,28425.61,27451.11,27937.26,554497
2010-02-08,27324.49,27684.58,26949.62,27309.5,2051899
2010-02-09,26933.09,27318.2,26381.29,26763.98,2236503
2010-02-10,26428.12,26836.46,25923.3,26330.12,1066020
2010-02-11,26634.51,27110.86,26096.71,26571.93,2166220
2010-02-12,26568.02,26827.02,26386.44,26644.92,1596603
2010-02-15,26941.1,27492.4,26432.11,26982.62,885889
2010-02-16,26772.38,26924.35,26628.07,26780.0,2966492
2010-02-17,26797.82,27331.51,26327.7,26860.3,1413762
2010-02-18,27208.73,27376.09,27000.83,27167.94,1553735
2010-02-19,27049.14,27263.35,26806.22,27020.21,1502217
2010-02-22,27157.15,27383.93,27019.78,27246.11,4161088
2010-02-23,27022.57,27338.16,26611.43,26925.89,1934675
2010-02-24,26760.89,27028.91,26484.74,26752.68,2079129
2010-02-25,26433.52,26770.37,26235.53,26571.35,1522125
2010-02-26,26003.06,26313.07,25697.1,26007.07,2617473
2010-03-01,26259.47,26549.26,25947.79,26237.33,4455237
2010-03-02,26093.55,26524.48,25587.94,26017.62,2924741
2010-03-03,25997.91,26503.02,25519.63,26024.26,2993998
2010-03-04,26316.19,26705.36,25862.77,26250.98,2852590
2010-03-05,26478.01,26659.81,26281.45,26463.15,866185
2010-03-08,26676.44,27034.68,26424.86,26782.1,1172124
2010-03-09,26621.04,27234.47,26123.23,26734.54,1753295
2010-03-10,26620.63,26789.17,26363.32,26531.29,1282704
2010-03-11,26587.77,26882.97,26198.57,26492.71,1046830
2010-03-12,25724.37,26216.67,25207.65,25699.47,644799
2010-03-15,25150.19,25634.58,24555.62,25037.84,883885
2010-03-16,24525.27,24799.17,24174.74,24447.78,1699907
2010-03-17,24060.97,24422.14,23651.28,24011.72,1901862
2010-03-18,24117.74,24470.46,23831.92,24183.86,1232022
2010-03-19,23915.08,24304.95,23403.66,23791.5,2078911
2010-03-22,23666.63,23796.17,23499.27,23628.61,1528350
2010-03-23,24158.06,24359.28,23985.03,24186.05,3814591
2010-03-24,23981.53,24371.24,23640.68,24029.7,1799509
2010-03-25,24367.72,24574.56,24142.28,24348.96,3011047
2010-03-26,23821.23,24300.15,23464.14,23941.26,2239869
2010-03-29,23900.94,24146.36,23605.97,23850.88,854915
2010-03-30,23377.37,23873.46,22949.57,23444.43,1877788
2010-03-31,23325.6,23728.87,22896.87,23299.69,944702
2010-04-01,23615.58,23945.71,23322.93,23652.6,1858216
2010-04-02,22908.14,23306.76,22528.02,22926.33,1267962
2010-04-05,23051.61,23313.55,22842.59,23104.07,2493449
2010-04-06,23189.64,23488.88,22901.77,23200.86,886102
2010-04-07,23081.86,23265.65,22769.02,22951.77,2000326
2010-04-08,22452.72,22854.93,21959.28,22359.82,2795298
2010-04-09,22410.41,22799.14,21998.28,22386.6,3417969
2010-04-12,22170.32,22582.9,21759.45,22172.0,1253561
2010-04-13,22319.18,22724.54,21858.46,22262.8,2003989
2010-04-14,22344.8,22778.15,21837.42,22269.31,2214391
2010-04-15,22861.37,23111.51,22668.76,22918.42,5016664
2010-04-16,22812.32,23250.64,22379.41,22817.62,815210
2010-04-19,22276.48,22702.82,21974.23,22398.91,1147778
2010-04-20,22544.84,22800.45,22214.4,22469.14,10667128
2010-04-21,22695.9,23000.15,22253.78,22556.16,1683089
2010-04-22,23118.23,23352.63,22878.34,23112.68,637560
2010-04-23,23311.06,23679.47,23093.61,23460.63,1397883
2010-04-26,23652.89,23856.77,23406.25,23609.76,376501
2010-04-27,24172.12,24389.02,24021.37,24237.86,2291122
2010-04-28,23675.61,24018.14,23380.89,23722.82,3223153
2010-04-29,23493.49,23923.8,23019.9,23449.41,1147392
2010-04-30,23077.48,23411.01,22726.61,23059.87,1494893
2010-05-03,22863.54,23190.49,22570.55,22897.07,3451061
2010-05-04,22291.68,22590.48,22036.91,22335.21,693752
2010-05-05,22599.22,22869.64,22320.37,22590.69,897220
2010-05-06,22471.65,22682.41,22288.75,22499.29,1729133
2010-05-07,21837.46,22290.39,21458.71,21910.37,1262493
2010-05-10,21491.09,21684.13,21319.68,21512.55,1662245
2010-05-11,21655.52,21996.58,21292.77,21633.48,928893
2010-05-12,21949.9,22321.8,21589.93,21961.64,2254836
2010-05-13,22668.21,23074.87,22359.4,22764.75,1812939
2010-05-14,24061.36,24493.11,23559.7,23990.17,2756615
2010-05-17,23970.93,24395.88,23746.42,24169.51,2236090
2010-05-18,23710.92,24175.41,23278.81,23742.72,2244546
2010-05-19,22806.36,23213.11,22442.8,22848.87,832522
2010-05-20,22969.69,23359.74,22569.6,22959.48,2664574
2010-05-21,22664.5,23003.75,22287.68,22626.37,1625750
2010-05-24,22534.34,22933.09,22061.02,22458.42,1794148
2010-05-25,22165.63,22655.06,21724.61,22213.1,3718974
2010-05-26,22196.82,22447.69,21907.39,22157.82,1287661
2010-05-27,22601.51,22990.46,22199.53,22588.24,4460228
2010-05-28,22537.23,23019.83,22172.84,22653.55,4717007
2010-05-31,22719.32,22987.25,22324.11,22590.52,3114784
2010-06-01,22079.31,22594.23,21661.92,22175.03,1100887
2010-06-02,21545.52,21780.72,21283.54,21518.44,534038
2010-06-03,21357.93,21645.88,21045.36,21332.97,3787818
2010-06-04,21332.24,21472.8,21174.17,21314.61,2119797
2010-06-07,21973.73,22190.94,21789.45,22006.38,1267911
2010-06-08,22115.6,22505.07,21672.35,22060.85,4009340
2010-06-09,22352.52,22703.52,22107.8,22457.65,1182409
2010-06-10,22255.61,22502.89,22012.77,22260.0,1537251
2010-06-11,21756.83,21983.08,21567.77,21793.69,2716715
2010-06-14,21378.45,21687.06,21113.91,21421.98,1016461
2010-06-15,21175.16,21536.98,20786.59,21147.95,1856700
2010-06-16,22049.14,22455.45,21573.1,21978.1,3811305
2010-06-17,21637.61,21790.99,21506.66,21659.91,2250507
2010-06-18,22045.5,22345.81,21694.38,21993.99,4191024
2010-06-21,21647.5,21907.47,21384.34,21644.27,3914356
2010-06-22,21956.49,22328.39,21644.4,22015.46,1991986
2010-06-23,22156.86,22433.66,21897.42,22174.02,487943
2010-06-24,22097.44,22360.15,21854.82,22117.31,1021248
2010-06-25,22060.87,22374.09,21794.42,22107.08,3134563
2010-06-28,21882.31,22182.76,21554.16,21854.22,782187
2010-06-29,22052.4,22328.38,21761.1,22036.89,1629827
2010-06-30,21759.52,22128.01,21496.62,21863.85,2429238
2010-07-01,21287.61,21763.02,20920.03,21393.61,4788570
2010-07-02,20940.67,21279.59,20575.54,20914.03,1404213
2010-07-05,20934.96,21198.69,20723.08,20986.29,1347696
2010-07-06,21618.59,21986.3,21231.65,21599.02,1921338
2010-07-07,21720.04,22106.76,21283.46,21669.27,2447426
2010-07-08,21548.78,21789.22,21391.42,21631.26,1807493
2010-07-09,21659.25,22050.23,21361.65,21751.36,3721215
2010-07-12,22389.66,22597.43,22071.02,22277.75,1227528
2010-07-13,22398.82,22759.17,22015.26,22375.22,2130988
2010-07-14,22191.92,22410.55,22001.47,22219.87,2589894
2010-07-15,22613.25,23018.54,22272.44,22676.78,1559475
2010-07-16,22827.84,23064.65,22626.34,22862.85,3281548
2010-07-19,23430.65,23812.51,23133.85,23514.64,2168128
2010-07-20,23666.18,24121.28,23149.74,23603.63,3182913
2010-07-21,23046.6,23348.06,22799.55,23100.43,2227660
2010-07-22,22623.82,23034.13,22140.88,22549.84,2485147
2010-07-23,23214.06,23702.28,22754.33,23242.0,1356698
2010-07-26,23912.0,24421.79,23478.64,23987.08,1358018
2010-07-27,23892.03,24101.75,23713.12,23922.62,4133511
2010-07-28,23584.19,24182.45,23176.3,23771.33,2903148
2010-07-29,24409.9,24552.62,24276.08,24418.75,1073270
2010-07-30,23938.57,24211.85,23677.65,23950.8,2210033
2010-08-02,23640.4,24067.37,23156.14,23582.05,477220
2010-08-03,23735.98,24237.04,23372.08,23871.07,1405123
2010-08-04,23799.32,24108.5,23408.55,23716.65,3529322
2010-08-05,23787.71,24045.05,23472.59,23729.3,1839331
2010-08-06,23763.59,24171.95,23267.83,23674.66,2128115
2010-08-09,23830.64,24207.26,23457.85,23834.41,324542
2010-08-10,24536.51,24831.59,24167.92,24462.1,1566959
2010-08-11,24410.27,24969.31,23961.43,24518.49,2428934
2010-08-12,24874.37,25084.54,24611.56,24821.28,2621281
2010-08-13,23883.22,24119.48,23702.77,23938.61,3532136
2010-08-16,23815.92,24284.95,23467.21,23934.5,1747759
2010-08-17,23511.3,24052.76,23050.95,23590.86,1795163
2010-08-18,23096.12,23297.26,22894.6,23095.73,891561
2010-08-19,22694.06,22949.27,22495.6,22750.32,1753785
2010-08-20,22656.37,22817.06,22470.33,22630.84,930107
2010-08-23,22899.6,23436.84,22489.51,23024.5,654271
2010-08-24,22355.04,22687.5,22167.34,22498.61,1033945
2010-08-25,22621.32,22905.17,22245.89,22528.57,4902279
2010-08-26,22411.33,22856.48,21906.77,22350.72,1685652
2010-08-27,22167.05,22352.29,22052.18,22237.05,2262376
2010-08-30,22660.19,22962.85,22357.74,22660.39,1457017
2010-08-31,22969.72,23261.08,22609.22,22899.68,677164
2010-09-01,23506.59,23908.83,23075.33,23477.06,3476956
2010-09-02,23441.88,23684.02,23189.43,23431.46,538574
2010-09-03,23235.43,23494.63,22901.0,23159.34,1421359
2010-09-06,23035.32,23259.51,22862.11,23085.93,1918839
2010-09-07,23209.1,23583.05,22833.01,23206.93,2276827
2010-09-08,23299.85,23691.87,22909.09,23301.09,1282238
2010-09-09,22852.07,23032.03,22690.97,22870.79,658173
2010-09-10,22901.59,23178.36,22651.92,22928.4,1226093
2010-09-13,23048.43,23472.37,22619.54,23043.39,1265205
2010-09-14,24135.86,24257.52,24011.72,24133.37,1246866
2010-09-15,24906.72,25222.2,24670.57,24985.31,3548498
2010-09-16,24686.29,25015.25,24298.88,24627.05,957267
2010-09-17,24450.78,24768.11,24205.99,24522.61,2375188
2010-09-20,23891.62,24124.37,23674.67,23907.27,2180311
2010-09-21,23655.58,23958.32,23374.07,23676.55,3528110
2010-09-22,23859.47,24043.73,23649.8,23833.87,1830538
2010-09-23,24224.93,24695.5,23911.35,24379.92,3187280
2010-09-24,24149.36,24526.1,23709.25,24084.99,1788106
2010-09-27,23777.47,24150.6,23453.4,23825.86,2573134
2010-09-28,23028.58,23175.89,22797.84,22944.61,804708
2010-09-29,22866.81,23304.21,22462.84,22899.66,407189
2010-09-30,22484.44,22659.19,22313.0,22487.73,2486851
2010-10-01,22424.19,22793.57,21928.92,22296.18,2568184
2010-10-04,21950.26,22197.19,21721.79,21968.53,2637392
2010-10-05,22034.44,22403.33,21585.33,21952.85,1447054
2010-10-06,21292.63,21464.98,21117.81,21290.14,4846819
2010-10-07,20781.67,20943.77,20593.91,20755.81,1504653
2010-10-08,21592.67,21861.61,21319.25,21588.14,2552355
2010-10-11,21168.29,21284.59,20998.58,21114.59,2832815
2010-10-12,20679.83,20896.09,20506.55,20722.45,5560753
2010-10-13,21377.16,21780.51,21038.12,21440.46,1639303
2010-10-14,22570.69,23011.13,22174.33,22614.01,1339871
2010-10-15,22170.9,22308.62,22026.59,22164.27,807027
2010-10-18,22025.29,22441.7,21623.74,22039.89,5032463
2010-10-19,22245.32,22622.67,21821.48,22198.02,2553170
2010-10-20,23012.28,23427.54,22508.91,22922.55,2602118
2010-10-21,22475.53,22890.39,22127.69,22541.53,12865019
2010-10-22,22415.23,22804.19,22076.49,22464.7,2409733
2010-10-25,22705.77,23097.66,22413.4,22804.03,907643
2010-10-26,23146.29,23488.67,22665.86,23006.16,1762877
2010-10-27,22894.63,23324.74,22444.0,22873.72,1104751
2010-10-28,22874.3,23023.16,22692.77,22841.42,1563564
2010-10-29,22215.55,22522.4,21999.25,22305.23,1557272
2010-11-01,22231.76,22367.16,22096.44,22231.84,1394135
2010-11-02,22181.21,22606.47,21722.76,22147.37,859435
2010-11-03,22245.17,22522.05,21985.37,22262.05,5155120
2010-11-04,22133.48,22468.36,21728.48,22062.28,2372153
2010-11-05,22426.58,22821.67,21879.75,22272.12,1731877
2010-11-08,22639.44,23154.96,22189.7,22703.94,3123868
2010-11-09,22719.76,22958.9,22551.03,22789.64,2630383
2010-11-10,22896.09,23346.63,22507.02,22956.54,2339421
2010-11-11,23111.42,23534.62,22579.41,23000.59,2990642
2010-11-12,23094.58,23226.98,22890.6,23022.59,2148672
2010-11-15,22737.83,23118.11,22366.94,22747.08,2964244
2010-11-16,22901.12,23137.48,22662.28,22898.61,3115397
2010-11-17,22823.91,23216.96,22487.74,22879.96,2186103
2010-11-18,23844.05,24147.12,23478.29,23780.55,1737161
2010-11-19,24458.33,24704.07,24240.74,24486.23,4966563
2010-11-22,24660.21,24852.92,24486.89,24679.46,1488469
2010-11-23,24409.41,24574.27,24200.34,24364.91,2507478
2010-11-24,23889.89,24059.94,23733.42,23903.38,2541703
2010-11-25,24425.95,24799.24,24070.14,24443.18,1375413
2010-11-26,24581.51,24833.99,24328.26,24580.73,1221153
2010-11-29,24874.96,25080.16,24611.03,24815.74,1603483
2010-11-30,24188.24,24560.22,23699.21,24069.35,1475739
2010-12-01,24538.47,24913.98,24120.6,24495.44,826637
2010-12-02,24777.04,25101.31,24393.99,24717.48,1341237
2010-12-03,24234.0,24709.85,23772.96,24248.53,2326170
2010-12-06,24012.29,24322.82,23753.41,24063.39,4237847
2010-12-07,24244.99,24670.2,23773.14,24197.52,2765231
2010-12-08,24252.22,24400.82,24091.25,24239.77,416765
2010-12-09,24028.66,24520.11,23641.86,24131.65,2913256
2010-12-10,24081.72,24583.38,23604.26,24105.45,1418497
2010-12-13,24008.74,24439.75,23583.81,24014.71,2602148
2010-12-14,24061.95,24428.89,23732.42,24098.85,1966014
2010-12-15,24874.05,25232.28,24407.33,24763.97,1766282
2010-12-16,23697.13,23941.19,23419.35,23663.07,1864789
2010-12-17,23676.31,24036.01,23220.95,23579.18,1956260
2010-12-20,23689.43,24081.63,23278.84,23670.73,4442123
2010-12-21,23819.27,24295.02,23337.82,23813.46,1959507
2010-12-22,23603.9,23963.61,23311.52,23670.41,3803079
2010-12-23,22949.48,23085.33,22812.81,22948.65,3484877
2010-12-24,23100.21,23422.18,22777.35,23099.31,2958601
2010-12-27,23745.89,24005.47,23584.77,23843.68,678763
2010-12-28,23170.93,23409.74,22970.0,23208.49,3874703
2010-12-29,23563.28,23820.4,23329.25,23586.15,1506439
2010-12-30,23489.71,23864.73,23086.05,23460.61,3046294
2010-12-31,23480.3,23662.44,23265.96,23447.85,1106243
2011-01-03,22980.0,23192.48,22807.97,23020.15,973794
2011-01-04,22926.22,23056.32,22764.11,22894.02,6490390
2011-01-05,23435.2,23872.38,23011.05,23448.01,1116612
2011-01-06,23502.77,24072.01,23140.77,23706.86,3943834
2011-01-07,24433.73,24606.32,24296.92,24469.31,2128764
2011-01-10,25085.76,25221.83,24869.18,25004.82,1540978
2011-01-11,25087.03,25551.62,24751.37,25214.25,1930139
2011-01-12,26037.99,26278.53,25788.74,26029.19,908312
2011-01-13,26371.0,26738.9,25880.02,26246.18,1966463
2011-01-14,26589.61,26957.41,26283.32,26650.42,1035459
2011-01-17,26518.29,27018.15,26018.26,26518.12,1563963
2011-01-18,26455.08,26806.44,26208.6,26558.98,3454470
2011-01-19,26364.19,26764.58,25837.66,26236.11,2309437
2011-01-20,26709.03,26870.94,26553.82,26715.7,814799
2011-01-21,26166.09,26672.08,25656.5,26162.43,3304821
2011-01-24,26648.24,27173.51,26017.26,26540.41,1974330
2011-01-25,26508.37,26934.79,26030.3,26455.87,1432152
2011-01-26,26954.51,27349.22,26631.65,27025.5,3103390
2011-01-27,27345.51,27626.13,27118.55,27398.72,1793493
2011-01-28,28358.59,28846.01,27829.85,28316.55,985203
2011-01-31,28642.26,29156.43,28182.69,28695.99,6008500
2011-02-01,27721.94,28131.53,27491.04,27899.15,1962299
2011-02-02,27864.27,28196.69,27536.36,27868.72,1888264
2011-02-03,27168.29,27615.36,26843.85,27289.47,1554923
2011-02-04,27169.07,27641.71,26567.61,27037.97,4024774
2011-02-07,27799.62,28223.78,27360.95,27784.88,1447101
2011-02-08,28029.97,28517.98,27619.4,28106.29,784664
2011-02-09,27696.82,28164.31,27288.37,27754.99,1319539
2011-02-10,27098.14,27499.44,26852.71,27252.61,4395380
2011-02-11,27177.61,27555.92,26890.19,27267.55,3266662
2011-02-14,26756.53,26908.64,26523.55,26675.2,1701448
2011-02-15,26529.01,26974.81,25909.74,26352.57,4519686
2011-02-16,26555.79,26861.05,26193.45,26498.05,3105748
2011-02-17,27043.76,27364.31,26730.77,27051.23,1689674
2011-02-18,27309.54,27582.34,27072.48,27344.97,1794889
2011-02-21,26160.09,26448.96,25947.11,26235.37,2415919
2011-02-22,26537.08,26903.75,26009.69,26374.11,1203648
2011-02-23,26387.36,26626.42,26163.38,26402.31,1988125
2011-02-24,26761.83,26921.42,26434.47,26593.05,2385950
2011-02-25,27484.94,27938.79,26918.56,27370.52,720586
2011-02-28,26227.1,26645.49,25947.86,26364.78,1769854
2011-03-01,26025.23,26356.45,25746.67,26077.33,1653105
2011-03-02,26294.16,26649.24,25992.57,26347.04,3674181
2011-03-03,25591.93,26039.01,25151.09,25598.06,655597
2011-03-04,26272.12,26534.72,26014.32,26276.87,1577097
2011-03-07,26678.28,27115.01,26007.76,26440.61,1485032
2011-03-08,26748.01,27347.09,26237.3,26834.73,3527297
2011-03-09,26566.21,26962.39,26152.06,26547.97,1931624
2011-03-10,26976.29,27285.85,26617.5,26926.49,5824925
2011-03-11,27435.11,27880.15,26990.2,27435.24,2950036
2011-03-14,27544.74,27871.66,27208.84,27535.64,1550156
2011-03-15,27549.88,27946.49,27240.87,27636.51,2289388
2011-03-16,27763.89,28121.47,27397.56,27755.03,1603274
2011-03-17,27352.26,27619.37,27043.65,27310.36,3320538
2011-03-18,27247.4,27426.24,27041.98,27220.64,891518
2011-03-21,27174.55,27479.52,26823.69,27128.14,1209578
2011-03-22,27413.04,27601.04,27110.16,27297.36,2606226
2011-03-23,27851.52,28162.25,27463.59,27773.45,4136885
2011-03-24,27235.21,27598.91,26865.76,27229.38,529039
2011-03-25,27052.28,27662.45,26539.35,27147.71,4522984
2011-03-28,27809.55,28014.14,27655.4,27859.7,1822863
2011-03-29,27449.18,27860.66,27056.06,27467.28,640289
2011-03-30,27061.91,27383.03,26720.56,27041.44,327408
2011-03-31,27078.17,27260.91,26934.55,27117.08,792040
2011-04-01,27431.18,27748.92,27191.35,27508.41,1959455
2011-04-04,27391.48,27675.77,27205.84,27489.46,1905892
2011-04-05,27989.82,28361.27,27758.85,28129.16,2899127
2011-04-06,28519.36,28799.72,28259.31,28539.48,1425891
2011-04-07,28819.7,29266.31,28502.12,28947.33,1019859
2011-04-08,29121.01,29586.51,28744.31,29208.68,1547495
2011-04-11,30391.8,30580.34,30239.39,30427.75,2023149
2011-04-12,30162.98,30509.31,29938.93,30284.35,2277214
2011-04-13,29214.15,29401.22,28994.05,29180.91,1234900
2011-04-14,30070.18,30468.46,29606.15,30003.55,3405383
2011-04-15,29675.75,30020.1,29380.89,29724.75,1365678
2011-04-18,29710.21,30142.68,29317.27,29749.22,1176635
2011-04-19,30473.12,30726.88,30170.72,30424.07,1431974
2011-04-20,29461.58,29683.18,29303.57,29524.82,3778751
2011-04-21,28765.24,29384.24,28215.23,28832.94,1830907
2011-04-22,28080.47,28266.49,27794.68,27980.04,1307061
2011-04-25,27622.23,27812.9,27358.99,27549.15,3456145
2011-04-26,27783.51,27983.5,27533.83,27733.46,7171670
2011-04-27,28038.6,28591.5,27409.59,27960.96,2248580
2011-04-28,27897.76,28464.57,27499.8,28064.23,4157005
2011-04-29,27434.83,27823.15,26937.1,27323.85,3691881
2011-05-02,26207.04,26725.95,25657.95,26176.25,1378651
2011-05-03,26246.0,26412.04,26001.11,26166.65,2014699
2011-05-04,25940.11,26448.99,25401.72,25910.01,918477
2011-05-05,26092.86,26303.18,25878.75,26089.04,1753342
2011-05-06,26361.96,26762.25,25983.77,26383.75,1361756
2011-05-09,26441.04,26739.85,26113.46,26411.95,1556995
2011-05-10,26712.31,27024.99,26424.91,26737.32,1264342
2011-05-11,26878.59,27388.44,26300.26,26808.79,1669011
2011-05-12,26897.31,27221.56,26702.62,27025.94,2728710
2011-05-13,26602.25,27177.28,26071.37,26645.54,1845581
2011-05-16,26682.19,26967.34,26236.1,26519.51,647825
2011-05-17,26523.15,26964.52,26132.42,26573.06,1267209
2011-05-18,26907.63,27452.49,26382.43,26926.91,796801
2011-05-19,26624.46,26851.69,26468.34,26695.15,2295442
2011-05-20,26931.51,27438.98,26397.44,26904.4,2681777
2011-05-23,26674.42,27094.83,26313.86,26733.47,2312706
2011-05-24,26619.4,27048.82,26205.04,26634.23,1236205
2011-05-25,27059.92,27255.78,26795.83,26991.19,2299293
2011-05-26,25943.06,26335.55,25605.78,25997.56,1495440
2011-05-27,25416.1,25799.95,24973.16,25356.11,1001555
2011-05-30,24708.41,25001.05,24355.69,24647.61,3094565
2011-05-31,23668.88,23842.25,23421.38,23594.21,3239134
2011-06-01,23278.43,23480.07,23067.07,23268.62,3503725
2011-06-02,23773.54,24197.08,23125.13,23544.59,1376412
2011-06-03,23458.09,23587.51,23255.1,23384.11,4023317
2011-06-06,23449.93,23816.52,23060.87,23427.1,1474531
2011-06-07,23786.86,24326.3,23311.34,23849.53,2934655
2011-06-08,24376.64,24508.4,24252.02,24383.74,1459278
2011-06-09,24414.69,24595.75,24130.39,24310.67,1733426
2011-06-10,24993.81,25371.52,24490.5,24866.28,463839
2011-06-13,24973.59,25120.93,24716.63,24863.32,1654239
2011-06-14,24505.23,24844.55,24109.12,24447.64,2094140
2011-06-15,24053.12,24512.51,23686.07,24144.07,1550317
2011-06-16,23501.04,23825.88,23142.38,23466.75,5687110
2011-06-17,22966.89,23294.29,22726.25,23052.75,987093
2011-06-20,22760.97,23216.44,22409.11,22863.0,1413884
2011-06-21,23170.34,23492.74,22831.56,23153.73,1152076
2011-06-22,23875.73,24069.47,23644.88,23838.31,1413718
2011-06-23,23272.65,23585.6,22897.65,23209.75,3681562
2011-06-24,23366.08,23792.01,22905.98,23331.28,4812941
2011-06-27,22892.39,23235.83,22513.04,22855.94,1302146
2011-06-28,22941.27,23287.12,22664.21,23009.24,1284905
2011-06-29,22905.03,23137.33,22680.02,22912.25,990259
2011-06-30,22028.0,22267.2,21889.48,22128.05,4341676
2011-07-01,22323.81,22653.5,22130.28,22458.79,3884879
2011-07-04,22223.16,22338.0,22059.3,22173.89,1860602
2011-07-05,21871.04,22354.58,21438.0,21920.56,857983
2011-07-06,21518.24,21697.64,21283.13,21462.06,905282
2011-07-07,21241.23,21607.07,20806.21,21170.84,2196504
2011-07-08,21254.74,21454.65,21094.7,21294.31,2756859
2011-07-11,21219.37,21415.73,20985.84,21181.86,573958
2011-07-12,21225.14,21507.09,20985.84,21267.32,1635099
2011-07-13,21247.59,21576.71,21037.96,21365.91,5235524
2011-07-14,21846.67,22217.53,21467.88,21838.6,1740171
2011-07-15,21632.69,22082.81,21213.77,21663.3,4846575
2011-07-18,21027.4,21436.92,20646.19,21055.2,2926821
2011-07-19,21550.07,21707.47,21266.65,21423.12,1034503
2011-07-20,21158.26,21609.48,20805.97,21255.56,1663438
2011-07-21,21670.38,21826.82,21489.26,21645.52,1835419
2011-07-22,21689.54,22161.29,21283.93,21754.47,1119612
2011-07-25,21721.51,21998.85,21385.89,21662.48,1108013
2011-07-26,21777.59,21996.36,21539.54,21758.11,4896646
2011-07-27,22519.31,22684.95,22328.26,22493.71,1103043
2011-07-28,23241.01,23427.74,23120.69,23307.08,3786912
2011-07-29,23239.36,23495.95,23036.73,23292.86,1525921
2011-08-01,23381.71,23819.19,22880.59,23316.85,1952490
2011-08-02,23855.13,24259.69,23326.65,23729.07,2777624
2011-08-03,23361.23,23817.87,22871.63,23327.62,1384521
2011-08-04,23361.82,23577.42,23209.7,23424.89,2787742
2011-08-05,23395.02,23719.8,23046.8,23371.25,580788
2011-08-08,23631.82,23841.14,23253.17,23460.97,2581353
2011-08-09,23076.95,23380.28,22766.63,23069.86,450846
2011-08-10,22476.92,22697.35,22159.31,22378.78,1730449
2011-08-11,21472.73,21719.63,21274.06,21520.52,3310288
2011-08-12,21051.78,21340.94,20765.32,21054.44,2880219
2011-08-15,20883.1,21044.93,20682.81,20844.35,909776
2011-08-16,20722.81,20972.25,20449.0,20698.14,982839
2011-08-17,21345.94,21710.97,21030.83,21395.13,1311650
2011-08-18,21734.5,21938.24,21584.04,21787.41,2217141
2011-08-19,21439.79,21846.26,20971.13,21376.41,585862
2011-08-22,21550.53,21821.77,21203.51,21473.77,1967090
2011-08-23,21377.3,21746.98,20912.76,21280.76,2390128
2011-08-24,21250.79,21565.49,20823.41,21136.41,1673081
2011-08-25,21180.11,21511.58,20840.22,21171.56,2717417
2011-08-26,21353.38,21709.79,21017.23,21373.33,2267604
2011-08-29,21294.25,21680.24,20823.86,21208.29,1432608
2011-08-30,21629.3,21936.52,21276.56,21583.13,620503
2011-08-31,21047.7,21303.56,20854.62,21109.91,2148000
2011-09-01,21013.25,21215.47,20876.82,21078.61,1119233
2011-09-02,22085.25,22396.52,21741.9,22052.71,1401416
2011-09-05,22095.06,22239.36,21962.6,22106.82,2643130
2011-09-06,22647.68,22844.7,22452.47,22649.48,4640812
2011-09-07,22725.03,22859.35,22518.26,22652.15,1937993
2011-09-08,22907.68,23210.82,22553.17,22855.63,2764689
2011-09-09,22889.18,23058.68,22629.41,22798.23,833436
2011-09-12,22563.43,23016.21,22244.02,22694.94,2297458
2011-09-13,22363.21,22740.32,21969.4,22346.22,1912757
2011-09-14,22534.57,22925.05,22098.03,22487.7,4145510
2011-09-15,22013.08,22327.61,21800.8,22114.36,1433636
2011-09-16,22305.82,22645.52,22010.62,22349.73,1715160
2011-09-19,22701.99,23065.39,22396.76,22759.38,3742590
2011-09-20,22880.6,23157.3,22602.43,22879.11,1876238
2011-09-21,22842.32,23180.99,22394.28,22731.31,1019369
2011-09-22,23026.77,23214.47,22701.33,22887.89,9165710
2011-09-23,22676.34,23179.43,22229.88,22731.87,1038039
2011-09-26,23125.26,23274.91,22939.37,23088.79,1907263
2011-09-27,22349.84,22739.58,21923.35,22312.44,2441230
2011-09-28,22176.91,22485.42,21843.0,22151.15,2328117
2011-09-29,21371.57,21556.92,21160.89,21346.02,1769404
2011-09-30,20773.95,21110.18,20419.11,20755.04,1774703
2011-10-03,21354.19,21488.02,21113.47,21246.63,1722075
2011-10-04,21639.02,21998.58,21209.31,21567.69,1015041
2011-10-05,21199.35,21561.53,20905.74,21266.98,7203888
2011-10-06,20726.88,20864.94,20539.78,20677.52,1737582
2011-10-07,19635.15,19756.74,19461.45,19582.72,2836718
2011-10-10,19390.78,19706.13,19057.43,19372.48,1622061
2011-10-11,20283.85,20474.4,20025.33,20215.23,1602606
2011-10-12,20366.09,20739.59,19981.31,20354.6,1508662
2011-10-13,20143.99,20474.98,19801.1,20131.89,782377
2011-10-14,20290.2,20604.14,19968.99,20282.82,1800594
2011-10-17,19584.33,19884.49,19404.56,19703.63,1553149
2011-10-18,19577.17,19888.04,19271.1,19581.89,4004441
2011-10-19,19561.67,19977.74,19185.65,19600.96,967025
2011-10-20,19485.58,19679.82,19361.39,19555.19,1402422
2011-10-21,19905.75,20102.67,19624.41,19820.48,1156531
2011-10-24,19959.42,20129.48,19759.48,19929.28,4711506
2011-10-25,20154.55,20376.03,19934.89,20156.35,1176853
2011-10-26,19861.1,20215.81,19540.64,19894.81,2778383
2011-10-27,20223.95,20468.94,19961.23,20206.0,3548717
2011-10-28,20856.4,21139.23,20512.55,20794.55,1816325
2011-10-31,20372.08,20621.1,20174.22,20422.75,867970
2011-11-01,20087.71,20231.02,19944.7,20088.0,874587
2011-11-02,20619.78,20805.44,20381.05,20566.22,3321272
2011-11-03,20366.58,20852.16,20002.12,20485.56,930654
2011-11-04,20996.64,21295.03,20701.93,21000.27,2508551
2011-11-07,20798.03,21047.05,20576.12,20824.85,2123570
2011-11-08,21360.56,21729.18,21000.66,21369.14,2486233
2011-11-09,21379.87,21539.86,21252.3,21412.1,2631200
2011-11-10,21513.72,21703.22,21315.42,21504.84,1132340
2011-11-11,22240.25,22428.22,21925.76,22112.64,1104256
2011-11-14,21942.04,22397.83,21508.02,21963.39,3044831
2011-11-15,21608.42,21945.33,21252.92,21589.53,1359181
2011-11-16,21539.87,21847.17,21106.26,21411.73,380754
2011-11-17,21547.67,21692.81,21438.32,21583.28,2926311
2011-11-18,21094.99,21258.79,20817.86,20980.77,1064742
2011-11-21,21221.21,21529.62,20912.47,21220.87,2624186
2011-11-22,21127.1,21353.07,20789.99,21014.76,4573059
2011-11-23,21501.13,21906.73,21048.15,21452.84,2002801
2011-11-24,20566.97,20905.73,20209.6,20548.04,3603656
2011-11-25,20255.97,20497.22,20018.75,20259.96,2174433
2011-11-28,19618.81,19974.87,19300.15,19655.61,5139454
2011-11-29,19371.92,19752.21,18987.31,19367.52,1048358
2011-11-30,19509.17,19741.61,19224.96,19456.79,1973010
2011-12-01,19396.75,19681.45,19112.82,19397.51,2969478
2011-12-02,19294.93,19675.98,18932.57,19313.28,1768695
2011-12-05,19248.21,19430.87,19080.17,19262.7,3958324
2011-12-06,19396.3,19751.22,18984.85,19338.72,1529996
2011-12-07,19066.56,19189.79,18873.96,18996.74,6862776
2011-12-08,19208.12,19530.08,18925.25,19246.64,7083781
2011-12-09,19445.92,19811.23,19120.34,19485.0,2348396
2011-12-12,19650.99,19930.41,19349.55,19628.65,2762262
2011-12-13,19926.08,20173.82,19588.57,19835.18,4053141
2011-12-14,20019.53,20305.01,19666.43,19950.94,972554
2011-12-15,20628.28,20856.67,20478.21,20706.04,902388
2011-12-16,20668.63,20855.33,20498.46,20685.02,4213698
2011-12-19,20525.61,20769.32,20339.88,20583.07,2337033
2011-12-20,20302.08,20602.17,20018.53,20318.39,1730804
2011-12-21,20053.47,20286.67,19725.34,19957.41,1996036
2011-12-22,19445.44,19698.04,19276.9,19528.78,473721
2011-12-23,19139.35,19583.6,18790.2,19232.75,1768535
2011-12-26,19175.07,19426.79,18971.65,19222.86,1261954
2011-12-27,19370.87,19597.33,19127.93,19354.19,3439521
2011-12-28,19424.12,19640.61,19171.92,19388.01,3602067
2011-12-29,19164.24,19312.37,18991.2,19139.13,2802459
2011-12-30,19537.82,19849.93,19158.15,19469.15,2513722
2012-01-02,19643.85,19979.89,19413.49,19748.31,807414
2012-01-03,19780.83,19884.55,19607.2,19710.56,2826036
2012-01-04,19481.38,19879.11,19102.27,19499.64,2892520
2012-01-05,19756.59,20097.12,19373.54,19713.33,4185411
2012-01-06,19722.51,20115.04,19409.84,19801.13,7066853
2012-01-09,19313.05,19661.39,18964.43,19312.76,718171
2012-01-10,19324.57,19684.05,18951.66,19310.89,1570514
2012-01-11,19492.04,19688.18,19229.23,19424.69,1270142
2012-01-12,19044.44,19406.49,18774.69,19135.44,2198980
2012-01-13,19226.24,19497.95,18952.79,19224.47,1998767
2012-01-16,18690.08,18920.06,18521.69,18751.13,1722953
2012-01-17,19261.52,19421.95,19072.16,19232.35,3673159
2012-01-18,19741.18,19873.61,19563.13,19695.25,1023922
2012-01-19,19708.28,20001.73,19340.15,19632.47,1061641
2012-01-20,19756.94,20119.44,19426.72,19788.7,1072459
2012-01-23,19028.27,19340.6,18664.01,18975.48,1597265
2012-01-24,18687.49,18869.58,18430.15,18611.5,948698
2012-01-25,18449.32,18690.5,18300.26,18540.72,1925809
2012-01-26,18247.25,18462.64,17998.79,18213.79,1795341
2012-01-27,18531.05,18775.7,18233.97,18477.92,1236865
2012-01-30,19169.49,19544.78,18809.36,19184.38,3349292
2012-01-31,18744.06,19153.32,18404.37,18812.39,1913222
2012-02-01,18613.64,18962.47,18213.28,18561.13,3751207
2012-02-02,18603.7,19002.37,18273.41,18670.89,1763780
2012-02-03,19242.42,19627.55,18867.79,19252.72,1954183
2012-02-06,18863.81,19092.14,18637.77,18866.08,1414562
2012-02-07,19024.67,19133.34,18875.48,18983.92,1974394
2012-02-08,19614.46,19774.29,19491.8,19651.4,3039910
2012-02-09,19070.86,19317.54,18863.87,19110.11,1549122
2012-02-10,18714.22,18880.13,18542.81,18708.67,2706176
2012-02-13,18657.21,18798.05,18460.63,18601.05,1217550
2012-02-14,18588.99,18947.72,18106.01,18462.29,3126517
2012-02-15,18685.25,18919.01,18537.05,18770.14,1400103
2012-02-16,18906.37,19272.98,18522.24,18888.5,3305201
2012-02-17,18270.76,18631.36,17970.89,18330.51,2056643
2012-02-20,18594.84,18866.59,18267.26,18538.18,4938500
2012-02-21,18331.69,18661.78,18054.14,18383.45,992080
2012-02-22,18810.29,19036.39,18622.71,18848.44,817735
2012-02-23,18642.2,18949.68,18368.23,18675.22,1369929
2012-02-24,18496.81,18645.35,18352.52,18501.04,863918
2012-02-27,18739.78,19097.07,18364.69,18721.63,864891
2012-02-28,19048.7,19230.17,18839.88,19021.09,2878933
2012-02-29,19216.26,19386.23,19046.62,19216.59,1977794
2012-03-01,18608.5,18975.75,18316.95,18683.04,1486881
2012-03-02,18947.79,19229.1,18625.81,18906.51,1571942
2012-03-05,18596.2,18818.06,18377.33,18599.16,1385618
2012-03-06,18785.4,19057.54,18448.96,18720.15,5337252
2012-03-07,18249.16,18423.18,18114.25,18287.99,1275305
2012-03-08,18388.99,18756.82,18111.32,18477.81,896917
2012-03-09,18251.78,18419.0,18086.43,18253.64,3196702
2012-03-12,17948.21,18111.41,17716.14,17878.7,1742003
2012-03-13,18161.33,18296.32,18017.65,18152.57,6737936
2012-03-14,18264.06,18457.49,18081.68,18275.0,1445949
2012-03-15,18070.12,18298.03,17889.98,18117.43,3293925
2012-03-16,18740.09,18961.46,18421.58,18641.79,3795468
2012-03-19,18482.22,18685.13,18337.01,18539.48,1450180
2012-03-20,18555.17,18742.45,18408.67,18595.63,1269644
2012-03-21,18763.99,19010.29,18486.08,18731.96,3093519
2012-03-22,18466.79,18698.94,18338.76,18570.19,2799454
2012-03-23,18846.97,19135.96,18487.29,18775.17,850546
2012-03-26,18677.46,19035.31,18285.38,18642.55,1007455
2012-03-27,18601.84,18813.93,18340.26,18551.79,432848
2012-03-28,19092.8,19446.33,18707.94,19060.88,2834091
2012-03-29,18746.05,18876.55,18624.68,18755.12,1694509
2012-03-30,17946.87,18105.91,17845.57,18004.29,1798942
2012-04-02,18574.21,18875.99,18280.35,18582.01,718652
2012-04-03,19448.17,19825.42,19128.92,19505.23,1025959
2012-04-04,19442.45,19785.53,19071.56,19414.14,1488418
2012-04-05,18843.77,18954.05,18688.26,18798.27,1324578
2012-04-06,18825.93,19139.45,18430.75,18742.89,2128018
2012-04-09,18716.91,18916.2,18496.98,18696.05,2813896
2012-04-10,18733.72,18912.62,18503.48,18681.9,7738880
2012-04-11,18343.84,18499.66,18204.52,18360.21,1959088
2012-04-12,18575.88,18973.52,18205.48,18602.58,3871844
2012-04-13,18856.41,18968.7,18717.53,18829.66,1205031
2012-04-16,18358.17,18699.38,18038.65,18379.48,725801
2012-04-17,18677.84,18950.4,18390.43,18662.77,1604975
2012-04-18,19356.12,19729.14,19045.92,19417.94,760222
2012-04-19,19479.66,19837.48,19174.3,19531.32,2000292
2012-04-20,19503.34,19851.99,19118.24,19466.23,1241371
2012-04-23,19521.62,19673.04,19318.8,19469.83,613807
2012-04-24,19682.43,19839.75,19583.78,19740.81,5618723
2012-04-25,19226.68,19495.43,18919.87,19188.08,1436130
2012-04-26,19267.27,19497.03,19068.66,19298.11,742240
2012-04-27,19216.95,19348.71,19084.24,19216.0,3398698
2012-04-30,20005.65,20161.53,19765.74,19920.96,1280589
2012-05-01,19961.99,20161.14,19715.09,19913.75,3813658
2012-05-02,20626.86,20751.72,20453.16,20577.73,1276922
2012-05-03,20344.93,20464.03,20110.68,20229.09,1433258
2012-05-04,20457.74,20885.23,20074.36,20501.03,2438513
2012-05-07,20615.59,20876.92,20416.0,20676.74,2830408
2012-05-08,20368.4,20815.44,19966.46,20412.62,3144263
2012-05-09,20519.41,20934.81,20119.99,20535.09,1878821
2012-05-10,20898.15,21197.07,20748.97,21046.82,2722796
2012-05-11,20969.91,21312.9,20640.18,20982.97,3101440
2012-05-14,20377.07,20696.41,20091.55,20410.42,2236318
2012-05-15,20509.07,20824.08,20146.68,20460.96,1820105
2012-05-16,20208.84,20339.04,20057.43,20187.49,833028
2012-05-17,20083.22,20276.98,19926.0,20119.47,2840539
2012-05-18,20181.63,20305.74,20022.09,20145.98,2033571
2012-05-21,19633.81,19909.91,19315.81,19591.31,1547003
2012-05-22,19038.74,19460.56,18661.8,19082.74,4268016
2012-05-23,19274.02,19593.65,18983.38,19302.57,841801
2012-05-24,19046.9,19475.22,18748.6,19174.92,5317010
2012-05-25,18300.52,18723.56,17938.74,18360.6,1956438
2012-05-28,18631.79,18956.66,18349.14,18673.38,2398876
2012-05-29,18821.2,18926.65,18711.59,18817.02,1564338
2012-05-30,18575.18,18963.41,18240.73,18628.01,729238
2012-05-31,18213.64,18432.73,18022.94,18241.74,1823437
2012-06-01,18500.85,18663.17,18407.13,18569.11,2423799
2012-06-04,18747.06,18983.43,18501.19,18737.44,2974942
2012-06-05,19637.0,20011.19,19238.24,19611.95,1760626
2012-06-06,19838.62,20014.38,19639.14,19814.7,532041
2012-06-07,20008.42,20255.98,19760.13,20007.68,786228
2012-06-08,19909.21,20153.83,19757.77,20001.68,6791699
2012-06-11,20314.87,20472.1,20195.72,20352.72,1029391
2012-06-12,20613.18,20766.53,20485.21,20638.4,4667945
2012-06-13,21139.67,21501.92,20803.44,21165.28,1132058
2012-06-14,21028.34,21406.03,20646.0,21023.61,1777158
2012-06-15,21004.44,21154.61,20765.46,20914.99,2885258
2012-06-18,20841.0,21035.34,20596.49,20790.35,1212122
2012-06-19,21081.42,21311.63,20914.34,21144.06,5154234
2012-06-20,21823.49,21941.4,21661.5,21779.16,2074928
2012-06-21,21698.13,21986.74,21368.46,21656.53,2614309
2012-06-22,21495.42,21881.48,21162.26,21547.52,1688642
2012-06-25,21781.15,22101.73,21406.06,21725.82,2943859
2012-06-26,21675.25,21920.34,21440.7,21685.68,5112891
2012-06-27,22023.53,22411.79,21730.06,22117.08,1832567
2012-06-28,21321.8,21458.51,21156.21,21292.73,5597483
2012-06-29,21045.12,21199.06,20877.6,21031.43,1373733
2012-07-02,20775.41,21184.14,20381.16,20789.61,3135996
2012-07-03,19986.94,20317.46,19658.7,19989.18,2659021
2012-07-04,19651.92,20065.47,19281.66,19694.41,1044293
2012-07-05,19456.17,19820.98,19056.49,19420.63,2254155
2012-07-06,19395.55,19684.02,19109.64,19398.07,1991541
2012-07-09,19848.9,20224.51,19463.56,19838.99,1188359
2012-07-10,19820.85,20043.85,19576.88,19799.64,2457859
2012-07-11,19415.04,19581.0,19316.92,19482.53,2164659
2012-07-12,19456.83,19625.03,19341.29,19509.17,1898259
2012-07-13,19796.25,20060.75,19664.76,19928.38,1902831
2012-07-16,19660.81,19787.24,19501.35,19627.56,1878518
2012-07-17,19283.32,19552.57,19085.17,19353.7,1590215
2012-07-18,19602.48,19906.7,19290.6,19594.69,2156291
2012-07-19,19583.48,19913.65,19231.9,19561.71,1347351
2012-07-20,19872.13,20147.42,19561.49,19836.28,9762759
2012-07-23,19804.59,20019.43,19662.07,19876.39,851198
2012-07-24,20170.34,20501.48,19843.2,20174.28,1396051
2012-07-25,19945.47,20151.35,19641.18,19846.03,1463812
2012-07-26,19987.82,20091.65,19782.25,19885.55,6744892
2012-07-27,19912.46,20095.83,19670.82,19853.65,897994
2012-07-30,19485.7,19679.76,19272.13,19465.99,2560091
2012-07-31,18909.29,19139.33,18736.95,18966.48,2301418
2012-08-01,19284.39,19615.66,18912.35,19242.91,2422138
2012-08-02,19152.94,19476.26,18838.86,19162.03,4163247
2012-08-03,18883.6,19175.04,18560.96,18851.9,4112318
2012-08-06,18822.36,18991.77,18689.0,18858.16,1512729
2012-08-07,19274.3,19614.41,18944.38,19284.31,2227544
2012-08-08,18555.22,18836.47,18264.97,18546.08,647930
2012-08-09,18102.61,18246.03,17945.93,18089.24,2104220
2012-08-10,17852.83,18115.65,17564.0,17826.43,1231331
2012-08-13,18305.44,18561.99,18081.15,18337.31,1772976
2012-08-14,18392.04,18680.49,18178.88,18466.46,721275
2012-08-15,18850.51,18976.47,18633.73,18759.07,2527960
2012-08-16,18550.22,18787.19,18177.51,18412.72,716446
2012-08-17,18103.33,18220.98,17961.57,18079.06,2167252
2012-08-20,18186.45,18395.26,18050.71,18258.98,949885
2012-08-21,18268.94,18439.38,18141.27,18311.41,1190894
2012-08-22,18554.71,18913.03,18168.64,18526.41,3964297
2012-08-23,18571.11,18743.32,18325.17,18496.69,2821419
2012-08-24,18554.31,18814.4,18362.68,18622.07,3951168
2012-08-27,18700.43,18891.32,18516.58,18707.41,5054736
2012-08-28,19014.64,19365.91,18652.4,19003.47,1247056
2012-08-29,19364.02,19624.36,19054.26,19313.93,4873792
2012-08-30,18770.61,19143.0,18417.96,18789.98,822987
2012-08-31,17989.75,18246.23,17818.86,18074.54,3102318
2012-09-03,18467.37,18591.51,18309.1,18433.02,1474747
2012-09-04,18924.83,19177.35,18609.52,18861.19,1134633
2012-09-05,18542.16,18735.62,18353.34,18546.76,2866728
2012-09-06,17985.55,18291.82,17657.82,17963.71,3495443
2012-09-07,17997.34,18350.86,17669.94,18023.0,3433741
2012-09-10,18308.24,18576.69,18086.92,18354.81,2255576
2012-09-11,19044.66,19417.37,18614.63,18986.2,2146124
2012-09-12,19213.39,19468.84,18935.93,19191.08,2719938
2012-09-13,19118.2,19291.48,18917.08,19090.11,2379160
2012-09-14,18896.61,19129.69,18579.8,18811.83,2743687
2012-09-17,18781.84,18946.22,18677.42,18841.47,2240925
2012-09-18,18734.37,19085.58,18414.76,18765.44,3287606
2012-09-19,18458.77,18579.15,18329.7,18450.02,746891
2012-09-20,19135.49,19352.55,18951.19,19167.94,1832581
2012-09-21,19865.62,20133.4,19551.9,19819.06,864314
2012-09-24,20242.38,20368.09,20128.12,20253.77,2340841
2012-09-25,19885.83,20068.68,19762.74,19945.22,5310295
2012-09-26,20282.88,20596.09,19965.74,20278.88,1491882
2012-09-27,20548.35,20673.22,20413.05,20537.86,2140074
2012-09-28,20784.1,21036.76,20474.04,20725.99,3121711
2012-10-01,21246.46,21460.63,21007.51,21221.43,573415
2012-10-02,21519.0,21700.21,21308.3,21489.27,1449506
2012-10-03,21821.95,21992.85,21630.26,21801.0,2467483
2012-10-04,22063.27,22438.9,21700.3,22075.73,348642
2012-10-05,22186.8,22663.11,21759.19,22234.58,1103408
2012-10-08,21572.55,21725.78,21400.79,21553.88,3838202
2012-10-09,21586.11,22026.79,21167.44,21607.71,3619325
2012-10-10,21521.69,21821.3,21115.04,21413.14,2482038
2012-10-11,21029.56,21337.12,20638.9,20945.23,3366279
2012-10-12,21649.9,21988.69,21270.72,21608.87,2255906
2012-10-15,22337.32,22684.92,21964.77,22311.98,2766896
2012-10-16,22878.59,23280.46,22482.85,22884.63,1640657
2012-10-17,22922.56,23291.53,22641.72,23009.62,2125436
2012-10-18,23580.16,23902.22,23273.61,23595.47,1356716
2012-10-19,23626.87,23859.77,23386.86,23619.69,4231596
2012-10-22,23741.06,23897.25,23568.65,23724.73,4940295
2012-10-23,23312.94,23661.93,22931.65,23280.15,4537776
2012-10-24,23529.41,23658.92,23335.4,23464.55,1552123
2012-10-25,23458.24,23721.78,23243.96,23507.05,1118764
2012-10-26,22931.3,23125.76,22784.23,22978.39,4265987
2012-10-29,23072.84,23254.22,22792.26,22972.85,2747891
2012-10-30,23008.14,23343.62,22620.34,22955.04,2414856
2012-10-31,23697.27,24067.37,23355.39,23725.09,1355689
2012-11-01,24117.22,24397.97,23844.31,24124.98,2559694
2012-11-02,24136.96,24297.78,23983.62,24144.4,1033884
2012-11-05,24269.1,24548.21,23987.72,24266.8,2900626
2012-11-06,24334.16,24584.58,24049.63,24299.7,4534983
2012-11-07,24408.4,24794.22,23841.26,24224.17,5275728
2012-11-08,23782.66,24108.13,23443.84,23769.13,3033156
2012-11-09,23763.61,24057.65,23423.01,23716.47,865261
2012-11-12,23292.93,23699.45,23006.32,23411.38,2231976
2012-11-13,22867.68,23347.44,22421.89,22900.99,7158485
2012-11-14,23208.24,23587.57,22745.07,23123.0,1177416
2012-11-15,23324.5,23615.0,23006.23,23296.38,1913588
2012-11-16,22271.15,22843.38,21999.7,22568.31,4630218
2012-11-19,22572.91,22694.74,22405.77,22527.36,2871314
2012-11-20,23075.37,23516.98,22504.26,22943.34,8780938
2012-11-21,23253.27,23622.31,23025.67,23393.34,1277324
2012-11-22,23946.09,24157.75,23626.74,23837.44,1094870
2012-11-23,23663.45,24338.91,23190.39,23861.88,4132839
2012-11-26,23575.07,23947.09,23137.93,23508.91,967502
2012-11-27,23060.92,23193.21,22929.23,23061.52,1761963
2012-11-28,23047.79,23349.03,22911.16,23211.43,1906180
2012-11-29,23407.83,23533.82,23250.72,23376.54,3691685
2012-11-30,24013.06,24349.1,23595.55,23930.44,2866380
2012-12-03,24441.27,24589.72,24266.34,24414.62,2608377
2012-12-04,24404.61,24868.31,23898.97,24361.86,1557420
2012-12-05,23797.73,24281.15,23344.3,23827.16,4110282
2012-12-06,23562.84,24007.72,23252.03,23695.16,22197593
2012-12-07,23841.55,24181.28,23453.14,23792.17,3001939
2012-12-10,23834.08,24057.6,23487.26,23709.62,2104952
2012-12-11,23547.29,23687.62,23327.91,23467.76,910074
2012-12-12,23437.44,23956.75,23060.99,23578.05,1352562
2012-12-13,23261.83,23520.55,23110.0,23368.03,1744142
2012-12-14,23049.28,23253.12,22904.45,23107.93,1438684
2012-12-17,23129.1,23464.86,22905.48,23240.17,1963724
2012-12-18,23077.72,23197.43,22954.98,23074.66,5762083
2012-12-19,23205.43,23472.54,22911.29,23178.08,4190372
2012-12-20,23193.96,23657.64,22831.78,23293.9,1802527
2012-12-21,22875.52,23264.87,22433.87,22822.31,960329
2012-12-24,22667.33,22986.14,22308.29,22626.53,4423406
2012-12-25,23182.41,23631.68,22772.01,23220.6,1925252
2012-12-26,22728.78,22992.92,22476.55,22740.55,703694
2012-12-27,21762.79,22279.0,21376.91,21890.84,3040273
2012-12-28,21148.47,21436.24,20882.06,21169.57,3668935
2012-12-31,21181.16,21357.93,21003.92,21180.69,462524
2013-01-01,21203.06,21609.36,20786.24,21192.33,1208955
2013-01-02,21171.24,21364.42,20954.24,21147.2,1855616
2013-01-03,21629.83,21746.48,21497.43,21613.99,3080820
2013-01-04,20581.8,20776.11,20403.97,20598.14,1455051
2013-01-07,20762.52,20980.54,20526.89,20744.71,1203464
2013-01-08,21399.26,21619.04,21116.01,21335.13,3067279
2013-01-09,20899.38,21174.42,20630.41,20905.37,1497049
2013-01-10,20781.59,21160.79,20382.97,20761.81,2744838
2013-01-11,20469.68,20673.34,20277.57,20481.12,1017735
2013-01-14,20113.64,20410.93,19855.95,20152.74,880812
2013-01-15,20064.77,20267.47,19830.97,20033.34,3119432
2013-01-16,20519.01,20909.36,20163.49,20553.24,2307123
2013-01-17,21267.32,21423.93,21086.28,21242.71,3448581
2013-01-18,21114.7,21253.06,20974.57,21112.91,1440418
2013-01-21,21827.67,22121.67,21553.84,21847.59,1230506
2013-01-22,21838.14,22189.26,21508.85,21859.66,4485817
2013-01-23,22524.25,22940.62,22142.85,22558.64,795101
2013-01-24,22407.49,22830.43,22097.28,22518.68,4201181
2013-01-25,22595.63,22970.89,22194.87,22569.7,4378876
2013-01-28,22732.23,22979.8,22469.06,22716.46,3321920
2013-01-29,24113.11,24245.57,23919.69,24051.8,1312330
2013-01-30,24381.81,24585.38,24217.44,24420.75,1214794
2013-01-31,24246.48,24381.8,23974.84,24109.39,1747971
2013-02-01,24503.17,24774.81,24259.75,24531.11,911617
2013-02-04,24305.41,24672.36,24003.24,24369.39,1113460
2013-02-05,24081.06,24402.91,23831.94,24153.06,2919259
2013-02-06,24421.15,24878.02,24093.69,24548.85,2927353
2013-02-07,24673.05,24974.29,24260.27,24560.13,1056270
2013-02-08,24782.67,25158.6,24306.76,24681.15,2974757
2013-02-11,24729.44,25100.49,24314.57,24684.95,2604059
2013-02-12,24765.82,25075.22,24523.84,24832.58,4905814
2013-02-13,25156.87,25413.3,24765.87,25020.91,2789803
2013-02-14,24135.88,24494.25,23803.35,24161.37,3742066
2013-02-15,24431.1,24791.84,24090.37,24450.84,2639886
2013-02-18,24123.93,24358.43,23786.87,24020.36,3569576
2013-02-19,23449.11,23682.54,23169.88,23402.85,915961
2013-02-20,23530.76,23893.38,23016.15,23376.4,1843088
2013-02-21,23427.46,23772.1,23065.6,23409.99,1936921
2013-02-22,23090.39,23280.34,22928.16,23117.92,1712988
2013-02-25,23421.69,23737.31,23149.63,23464.75,2587834
2013-02-26,22776.32,23324.43,22357.45,22903.22,2901179
2013-02-27,22715.75,22860.81,22589.81,22734.76,2508898
2013-02-28,22572.73,22975.14,22094.44,22495.48,1783045
2013-03-01,22515.94,22683.63,22308.17,22475.56,1275134
2013-03-04,22589.1,22873.92,22302.92,22587.72,3829755
2013-03-05,22114.63,22432.93,21863.3,22180.84,2445694
2013-03-06,22486.54,22602.39,22355.47,22471.24,1076076
2013-03-07,22564.58,22987.23,22074.85,22496.22,1765222
2013-03-08,21770.75,22028.16,21485.57,21742.65,696637
2013-03-11,20999.78,21405.37,20583.89,20989.28,2025287
2013-03-12,20934.4,21179.76,20739.69,20984.58,1760259
2013-03-13,20955.76,21332.84,20525.28,20901.38,1404679
2013-03-14,20666.75,21255.74,20277.48,20862.77,5130738
2013-03-15,20876.64,21155.4,20574.26,20852.69,990839
2013-03-18,21099.58,21269.22,20769.78,20938.13,3029280
2013-03-19,21202.75,21624.55,20878.8,21299.13,7363345
2013-03-20,20863.21,21154.64,20587.09,20878.32,3784259
2013-03-21,20443.12,20835.46,20051.26,20443.6,1945591
2013-03-22,20018.65,20278.79,19786.65,20046.47,1004056
2013-03-25,20215.09,20397.59,19970.51,20152.44,875685
2013-03-26,20640.02,20786.03,20465.0,20610.8,1548920
2013-03-27,20462.6,20779.35,20136.65,20453.25,1312966
2013-03-28,19601.39,19985.8,19171.12,19554.62,1287575
2013-03-29,18966.98,19069.88,18863.14,18966.03,1630197
2013-04-01,18864.26,19168.1,18385.04,18686.0,1864776
2013-04-02,18510.16,18860.07,18152.0,18501.76,2652802
2013-04-03,18379.59,18492.11,18256.38,18368.83,943472
2013-04-04,18290.03,18506.67,18168.35,18384.36,1316719
2013-04-05,18254.63,18565.64,17973.89,18284.44,1801619
2013-04-08,18700.44,18975.7,18361.97,18636.29,1763319
2013-04-09,18340.49,18525.34,18229.85,18414.26,5967593
2013-04-10,18016.79,18451.81,17701.2,18134.16,2279229
2013-04-11,18296.68,18531.82,18059.79,18294.91,753019
2013-04-12,17873.18,18205.76,17468.76,17799.98,2548228
2013-04-15,17931.64,18257.46,17603.59,17929.36,2750788
2013-04-16,17948.67,18275.59,17640.18,17966.79,1839350
2013-04-17,17823.73,18151.98,17596.68,17923.66,957386
2013-04-18,18473.35,18635.46,18286.42,18448.32,5693483
2013-04-19,18284.06,18514.25,18018.13,18247.86,1043477
2013-04-22,18841.46,19066.07,18718.76,18942.71,2947486
2013-04-23,18935.86,19217.67,18590.77,18871.63,2235622
2013-04-24,18490.88,18620.5,18319.19,18448.5,2843329
2013-04-25,18540.46,18775.32,18243.62,18477.69,5521249
2013-04-26,18160.97,18266.59,18023.8,18129.24,2777282
2013-04-29,17926.85,18097.03,17721.93,17891.77,1418061
2013-04-30,18054.72,18207.84,17873.67,18026.56,3850044
2013-05-01,18261.95,18523.1,17954.02,18214.49,1357751
2013-05-02,17920.24,18321.29,17619.14,18018.55,2187204
2013-05-03,18266.29,18456.44,18159.26,18348.92,912688
2013-05-06,18701.5,19075.65,18369.47,18742.88,1066647
2013-05-07,19234.36,19586.51,18889.85,19241.86,2044843
2013-05-08,19457.14,19654.32,19237.56,19434.51,2472776
2013-05-09,19945.65,20242.54,19629.63,19926.24,713948
2013-05-10,19336.34,19549.8,19059.01,19271.76,2672092
2013-05-13,19236.86,19377.54,19030.61,19170.81,1212679
2013-05-14,18833.64,19127.22,18590.12,18883.06,4272940
2013-05-15,18946.55,19065.82,18813.81,18933.0,1605300
2013-05-16,18701.07,19089.56,18361.14,18748.76,1010369
2013-05-17,18691.92,19055.3,18339.31,18702.49,2075022
2013-05-20,19375.95,19711.62,19021.91,19357.26,1144248
2013-05-21,19111.27,19568.19,18854.46,19308.73,4245486
2013-05-22,19604.71,19866.7,19203.79,19463.91,1983390
2013-05-23,19426.68,19810.73,19010.33,19393.73,1810283
2013-05-24,19396.74,19600.88,19227.63,19431.46,2828000
2013-05-27,19557.53,19677.6,19325.72,19445.09,1084935
2013-05-28,19594.07,19877.92,19330.93,19614.51,914843
2013-05-29,20050.61,20249.75,19843.58,20042.64,2533243
2013-05-30,20628.66,20862.03,20425.77,20658.85,1024994
2013-05-31,20890.64,20997.31,20681.47,20787.61,1024785
2013-06-03,21016.47,21316.23,20723.42,21023.09,3275737
2013-06-04,20614.97,20799.69,20421.09,20605.73,2716998
2013-06-05,20661.41,20822.93,20426.11,20587.06,934439
2013-06-06,20989.62,21107.3,20835.37,20952.84,1367532
2013-06-07,21293.38,21519.73,21070.54,21296.85,1152865
2013-06-10,21464.55,21854.87,21004.26,21393.28,5756220
2013-06-11,21918.66,22138.95,21534.38,21753.0,3414720
2013-06-12,21982.97,22316.8,21628.54,21962.06,1540308
2013-06-13,22466.23,22833.51,22091.21,22458.36,2801643
2013-06-14,22604.18,22828.45,22368.47,22592.62,878778
2013-06-17,22553.87,22944.6,22076.34,22465.55,1324323
2013-06-18,22578.57,22967.07,22231.35,22619.23,2111518
2013-06-19,21455.84,21761.28,21168.58,21473.77,2600822
2013-06-20,21539.61,21747.94,21431.6,21639.42,1870141
2013-06-21,20208.22,20392.33,20096.55,20280.25,2300893
2013-06-24,19646.17,20067.58,19255.94,19676.74,2078177
2013-06-25,19850.36,20185.93,19518.18,19853.69,1797403
2013-06-26,20148.09,20532.18,19659.65,20041.72,1659974
2013-06-27,19674.8,20039.46,19279.13,19643.21,1535307
2013-06-28,19356.38,19512.49,19253.67,19409.49,2278806
2013-07-01,19867.84,20247.39,19532.52,19911.33,2536991
2013-07-02,19837.17,20070.6,19523.22,19755.69,2233355
2013-07-03,20657.16,21005.09,20240.81,20587.58,977586
2013-07-04,20606.76,20711.87,20499.92,20605.02,1088861
2013-07-05,20747.8,20969.07,20554.37,20775.38,2518890
2013-07-08,21480.35,21829.83,21059.79,21408.1,4794615
2013-07-09,21414.06,21840.94,21052.26,21478.06,2172630
2013-07-10,21138.08,21440.27,20811.42,21113.25,1548812
2013-07-11,21234.75,21436.88,20890.19,21090.95,2268443
2013-07-12,21109.93,21313.76,20893.23,21096.93,1002399
2013-07-15,20556.23,21005.98,20155.35,20604.17,4348606
2013-07-16,20554.01,20792.19,20290.84,20528.74,2217645
2013-07-17,20246.83,20512.78,20009.8,20275.42,1326859
2013-07-18,20548.85,20909.3,20275.86,20635.16,1793936
2013-07-19,20711.19,20941.97,20437.43,20667.72,1445228
2013-07-22,20651.54,20926.0,20308.97,20582.52,4355726
2013-07-23,20543.85,20799.19,20307.9,20563.03,1756187
2013-07-24,20642.39,21025.38,20283.2,20665.78,2176479
2013-07-25,20856.5,21306.64,20467.82,20916.84,2797497
2013-07-26,20554.63,20954.22,20164.47,20563.88,1271286
2013-07-29,20167.64,20473.73,19896.1,20201.72,2227133
2013-07-30,20565.16,20867.67,20325.94,20627.72,2337660
2013-07-31,20611.75,20932.85,20176.11,20495.4,780392
2013-08-01,20027.09,20379.06,19647.62,19999.1,2307367
2013-08-02,20214.17,20485.94,19908.21,20179.51,1929058
2013-08-05,20422.76,20739.3,20053.06,20368.77,2143562
2013-08-06,19880.85,20203.83,19512.73,19834.97,2025602
2013-08-07,19912.25,20238.92,19610.66,19936.96,2316346
2013-08-08,20239.42,20567.14,19895.44,20222.89,4423341
2013-08-09,20363.55,20545.69,20198.01,20380.0,977052
2013-08-12,20660.95,20918.71,20376.39,20633.81,1614778
2013-08-13,20159.59,20438.27,19860.54,20138.94,2957843
2013-08-14,20256.32,20381.75,20154.29,20279.6,2645989
2013-08-15,20109.13,20549.81,19750.39,20189.64,2612043
2013-08-16,20043.78,20327.4,19751.48,20034.99,10346370
2013-08-19,20359.28,20513.08,20218.05,20371.76,2866153
2013-08-20,20823.62,21303.55,20464.51,20942.39,3908103
2013-08-21,21684.39,22026.05,21310.28,21651.42,1649127
2013-08-22,22256.29,22620.72,21828.64,22192.02,1092798
2013-08-23,22338.39,22581.45,21929.01,22170.23,1641973
2013-08-26,22307.34,22731.38,21909.98,22333.55,3039416
2013-08-27,22629.69,22920.42,22376.01,22666.33,2530928
2013-08-28,22662.51,23046.47,22355.26,22738.19,2525503
2013-08-29,22828.43,22942.79,22699.85,22814.15,1743479
2013-08-30,23191.65,23531.94,22837.49,23177.58,1584403
2013-09-02,23118.99,23540.93,22754.34,23175.4,1779931
2013-09-03,22883.31,23204.56,22574.23,22895.32,3062325
2013-09-04,22612.03,23030.22,22330.54,22747.05,3283552
2013-09-05,23094.16,23490.2,22635.21,23030.16,1084093
2013-09-06,23000.05,23404.24,22649.98,23053.35,3132699
2013-09-09,23214.52,23429.86,23001.62,23216.94,1341859
2013-09-10,23420.11,23976.76,22966.09,23520.78,2626999
2013-09-11,23343.61,23749.47,22979.24,23384.46,1767047
2013-09-12,23707.05,24197.2,23237.2,23726.95,5073153
2013-09-13,23910.49,24379.22,23442.59,23911.3,1542870
2013-09-16,23440.74,23881.04,22967.38,23407.05,2207049
2013-09-17,24148.25,24542.6,23651.78,24044.44,2853211
2013-09-18,23902.5,24240.51,23512.8,23850.07,1173644
2013-09-19,23237.47,23413.67,22994.9,23170.59,1897951
2013-09-20,22857.55,23158.13,22459.53,22758.81,1689678
2013-09-23,22402.03,22771.23,21995.24,22363.81,1456740
2013-09-24,22401.63,22691.15,22114.6,22404.09,1522959
2013-09-25,22380.46,22783.83,21910.75,22312.91,3863981
2013-09-26,22268.14,22416.11,22049.19,22196.69,1384527
2013-09-27,22508.02,22749.17,22223.63,22464.31,2785240
2013-09-30,22521.98,22905.47,22238.44,22620.69,2394672
2013-10-01,22710.66,23029.63,22449.83,22768.14,857530
2013-10-02,22936.07,23107.17,22784.04,22955.0,2707406
2013-10-03,23283.56,23453.6,23059.59,23229.23,849065
2013-10-04,22380.21,22774.76,21987.12,22381.64,2890254
2013-10-07,22328.11,22601.98,21979.28,22252.22,1462539
2013-10-08,21496.36,21619.55,21289.17,21411.87,1992738
2013-10-09,21518.66,21631.58,21329.01,21441.52,912033
2013-10-10,21532.8,21793.4,21195.55,21455.21,2133830
2013-10-11,21810.23,22041.62,21647.4,21878.29,3457893
2013-10-14,22398.92,22747.83,22018.13,22366.54,1221781
2013-10-15,22422.64,22843.89,22043.03,22463.58,1377388
2013-10-16,22166.77,22464.65,21980.03,22276.98,2604555
2013-10-17,22467.59,22799.17,22155.68,22486.99,2643914
2013-10-18,22377.04,22540.77,22125.39,22288.46,460234
2013-10-21,22332.54,22545.9,22088.65,22301.72,6644126
2013-10-22,22852.33,23271.26,22298.42,22714.83,2722693
2013-10-23,22513.1,22809.41,22204.99,22501.14,3012109
2013-10-24,23010.63,23431.45,22425.12,22842.88,1819142
2013-10-25,23148.27,23342.22,22942.1,23135.95,651340
2013-10-28,22755.5,22981.93,22527.56,22753.97,2972260
2013-10-29,23079.51,23447.94,22801.07,23168.43,1412521
2013-10-30,23551.62,23838.98,23187.01,23473.41,2747931
2013-10-31,23492.51,23997.68,23023.49,23527.95,1738823
2013-11-01,23173.11,23374.13,23017.46,23218.18,2287165
2013-11-04,22960.06,23368.28,22465.49,22872.14,1245443
2013-11-05,22740.38,23148.69,22254.74,22661.64,3330501
2013-11-06,22971.25,23276.72,22589.06,22893.5,971865
2013-11-07,22487.48,22740.68,22259.0,22511.94,7628041
2013-11-08,22694.97,22988.72,22404.74,22698.44,7593241
2013-11-11,22200.63,22413.05,21992.23,22204.62,5280966
2013-11-12,22182.6,22559.4,21754.72,22130.64,4262163
2013-11-13,22284.76,22562.74,21904.69,22181.38,1884684
2013-11-14,23211.91,23650.33,22748.37,23186.31,3992499
2013-11-15,22758.84,23085.21,22300.34,22624.79,1871581
2013-11-18,23300.77,23597.03,22942.75,23238.22,780655
2013-11-19,23290.04,23671.58,22925.18,23306.46,4886177
2013-11-20,23543.01,23838.69,23189.68,23484.62,3903150
2013-11-21,23659.72,24099.03,23102.19,23539.25,1945824
2013-11-22,23874.8,24060.23,23548.2,23732.53,950638
2013-11-25,23754.81,24220.41,23206.58,23670.53,1394825
2013-11-26,24303.25,24720.85,23883.81,24301.37,664847
2013-11-27,24089.44,24536.86,23657.97,24105.11,3495715
2013-11-28,24646.04,24947.8,24302.29,24603.52,757678
2013-11-29,24443.49,24872.67,23894.31,24321.35,2355111
2013-12-02,24327.6,24561.19,24062.71,24295.99,1195152
2013-12-03,23864.63,24256.71,23440.59,23832.13,842372
2013-12-04,24031.75,24202.54,23857.28,24028.04,2287598
2013-12-05,24636.36,24897.5,24399.71,24660.62,1622892
2013-12-06,24613.12,24912.87,24325.49,24625.1,3278555
2013-12-09,24546.19,24787.6,24294.91,24536.22,926747
2013-12-10,24170.52,24431.69,23786.74,24046.57,1258726
2013-12-11,23927.49,24358.99,23513.5,23944.71,473266
2013-12-12,23268.34,23474.27,23058.77,23264.67,534663
2013-12-13,22822.34,23251.96,22453.09,22881.75,5832261
2013-12-16,23020.41,23160.97,22830.77,22971.03,6921609
2013-12-17,23614.39,24003.7,23130.24,23517.96,2096197
2013-12-18,24852.47,25271.98,24314.45,24731.94,1209482
2013-12-19,24480.77,24750.69,24196.1,24465.85,1657681
2013-12-20,25142.33,25540.51,24701.58,25099.08,3348906
2013-12-23,25190.12,25673.68,24718.38,25201.73,1456237
2013-12-24,25164.72,25592.79,24697.53,25124.92,2286608
2013-12-25,25336.2,25611.27,25037.55,25312.36,1967641
2013-12-26,25335.44,25646.14,25020.38,25331.02,1409453
2013-12-27,25381.69,25805.32,24947.75,25371.21,1445960
2013-12-30,25208.82,25445.5,24938.33,25174.69,2364299
2013-12-31,24516.36,24956.58,24098.15,24538.01,1103356
2014-01-01,23836.94,24090.95,23600.45,23854.29,2600040
2014-01-02,24247.99,24662.39,23712.14,24124.42,1494126
2014-01-03,24187.14,24339.56,23840.84,23992.04,2140222
2014-01-06,23637.32,23857.45,23503.4,23723.04,4548816
2014-01-07,23623.55,24186.59,23151.9,23713.15,1792433
2014-01-08,23971.58,24474.35,23539.09,24040.61,3443099
2014-01-09,24096.42,24543.61,23656.83,24103.89,676562
2014-01-10,23869.6,24329.55,23346.91,23805.63,1495217
2014-01-13,24363.88,24645.89,24039.23,24320.74,2015974
2014-01-14,25017.64,25250.36,24772.13,25004.73,6287024
2014-01-15,25250.33,25425.83,25035.1,25210.32,611719
2014-01-16,25583.91,25958.07,25263.65,25637.14,1871543
2014-01-17,26177.59,26414.23,25960.3,26196.78,4751701
2014-01-20,26712.55,27222.61,26204.12,26714.16,1237975
2014-01-21,26861.0,27125.83,26725.08,26989.27,1745055
2014-01-22,27163.87,27453.69,26969.71,27258.84,2419432
2014-01-23,27399.0,27730.6,27160.7,27491.5,2214871
2014-01-24,26991.88,27207.4,26715.13,26930.15,5073098
2014-01-27,27267.46,27496.14,27018.88,27247.4,2594966
2014-01-28,26614.62,27009.6,26171.66,26565.92,4398014
2014-01-29,26019.46,26423.21,25761.54,26163.86,1597571
2014-01-30,26639.96,27139.71,26261.0,26759.05,1271470
2014-01-31,27193.87,27692.99,26641.75,27139.88,1731616
2014-02-03,27615.88,28238.96,27228.2,27848.02,989087
2014-02-04,27785.14,28213.53,27256.61,27683.43,2650097
2014-02-05,26938.29,27370.39,26655.91,27086.45,1572965
2014-02-06,27008.48,27208.23,26741.07,26940.32,1325004
2014-02-07,26888.2,27224.51,26624.46,26960.07,2674291
2014-02-10,27052.91,27579.48,26443.14,26968.05,998261
2014-02-11,27757.07,28154.75,27098.58,27492.47,3148073
2014-02-12,27096.32,27532.36,26848.05,27282.38,1488080
2014-02-13,27480.37,27803.64,27100.56,27423.16,3974692
2014-02-14,26760.93,27378.64,26291.74,26906.89,1566504
2014-02-17,27127.18,27534.81,26685.38,27092.49,2896882
2014-02-18,27043.33,27422.99,26680.69,27060.12,2208308
2014-02-19,26673.79,27161.32,26176.07,26663.41,3098228
2014-02-20,26443.66,26916.22,26044.71,26516.18,2117968
2014-02-21,26455.58,26842.91,26007.34,26393.77,730848
2014-02-24,26116.81,26436.61,25911.88,26230.78,3631935
2014-02-25,27144.78,27323.83,26865.67,27044.05,1881143
2014-02-26,26926.11,27484.29,26401.66,26959.21,3184193
2014-02-27,26691.07,27178.65,26317.85,26803.86,3000075
2014-02-28,25897.79,26188.76,25484.88,25774.46,1246714
2014-03-03,25321.67,25677.19,24971.34,25326.79,1145237
2014-03-04,25314.82,25464.87,25021.58,25170.77,2937921
2014-03-05,24916.59,25348.45,24395.35,24825.63,1652914
2014-03-06,25352.34,25622.84,25143.19,25413.19,3477616
2014-03-07,25293.52,25731.79,24861.8,25299.97,1781701
2014-03-10,25863.82,26200.45,25517.92,25854.43,3663926
2014-03-11,25961.93,26199.45,25607.17,25843.6,2556073
2014-03-12,25854.86,25995.85,25680.17,25820.97,2356728
2014-03-13,25753.11,26197.03,25295.82,25739.5,1584205
2014-03-14,25685.27,25897.21,25488.86,25700.68,2279476
2014-03-17,26462.04,26618.95,26309.17,26466.05,4056015
2014-03-18,25442.17,25857.85,24928.93,25342.99,1919299
2014-03-19,24406.83,24657.01,24156.37,24406.55,2726978
2014-03-20,24100.97,24391.13,23839.72,24129.56,2038686
2014-03-21,24055.26,24305.85,23845.83,24096.07,2136677
2014-03-24,24316.21,24792.36,23881.25,24356.68,5576358
2014-03-25,24420.64,24755.79,24189.63,24523.8,4077676
2014-03-26,24258.9,24511.86,24061.12,24313.63,2079508
2014-03-27,24832.72,25072.07,24483.3,24721.59,2255026
2014-03-28,25125.55,25343.45,24923.36,25141.13,1301304
2014-03-31,25234.25,25480.66,24935.15,25181.04,1787300
2014-04-01,25386.48,25736.37,25227.96,25576.67,2387216
2014-04-02,25701.32,25890.94,25468.28,25657.58,3303087
2014-04-03,25342.63,25640.3,25057.38,25354.91,3108132
2014-04-04,25592.96,26096.24,25127.37,25629.98,1019114
2014-04-07,25649.3,25799.59,25485.18,25635.38,3563271
2014-04-08,25552.1,25799.75,25342.83,25590.17,1879912
2014-04-09,26063.37,26719.05,25577.93,26230.5,1096687
2014-04-10,25122.47,25583.48,24593.43,25053.16,4420798
2014-04-11,24395.41,24766.02,24007.3,24377.64,4770527
2014-04-14,23796.38,24023.82,23591.56,23818.81,2322717
2014-04-15,23551.83,23887.14,23285.76,23620.29,3033647
2014-04-16,23365.64,23660.83,23174.78,23469.13,3142312
2014-04-17,22814.15,22972.23,22640.87,22798.84,4581162
2014-04-18,22464.93,22705.3,22117.5,22356.71,3068934
2014-04-21,21985.54,22285.36,21672.5,21972.14,893933
2014-04-22,22828.07,23161.54,22590.68,22923.16,6621845
2014-04-23,23650.6,23985.55,23299.91,23634.64,3757987
2014-04-24,23412.53,23637.41,23191.42,23416.28,1460494
2014-04-25,23280.15,23517.33,22983.41,23219.96,1068990
2014-04-28,22743.23,23126.68,22319.15,22701.91,2684185
2014-04-29,21698.08,22292.12,21303.72,21894.2,1677883
2014-04-30,21842.74,22057.47,21592.7,21807.07,2416902
2014-05-01,21314.17,21668.7,21024.88,21378.53,3097308
2014-05-02,21214.78,21501.08,21020.19,21305.66,1411459
2014-05-05,20649.99,20781.51,20530.22,20661.67,1014935
2014-05-06,20366.83,20694.08,20014.9,20341.75,2499224
2014-05-07,20257.53,20511.74,20104.28,20357.73,1439731
2014-05-08,20496.92,20730.29,20220.8,20453.68,2164408
2014-05-09,20616.17,20869.87,20315.95,20569.07,885585
2014-05-12,20050.87,20206.61,19892.33,20048.05,1704343
2014-05-13,20267.59,20450.91,20137.51,20320.49,3044877
2014-05-14,19933.44,20196.5,19729.72,19992.18,2852081
2014-05-15,20245.32,20635.74,19793.98,20183.2,1235498
2014-05-16,20050.14,20428.0,19764.88,20141.45,983665
2014-05-19,19674.38,19885.31,19401.49,19611.75,2001601
2014-05-20,19454.33,19572.66,19345.71,19463.98,2776272
2014-05-21,19550.23,19829.71,19276.44,19555.85,2528419
2014-05-22,19634.88,19862.0,19509.53,19736.01,1458186
2014-05-23,19640.8,19907.61,19382.76,19649.45,2370697
2014-05-26,20198.51,20527.32,19833.18,20161.39,4883698
2014-05-27,20410.34,20725.17,20178.61,20492.5,2242466
2014-05-28,20391.02,20584.56,20167.32,20360.57,744234
2014-05-29,20605.07,20722.74,20481.93,20599.57,2239851
2014-05-30,21249.23,21404.72,21135.09,21290.35,6758923
2014-06-02,22071.5,22324.22,21762.97,22015.05,915811
2014-06-03,21352.86,21887.16,20963.17,21494.87,2018438
2014-06-04,21123.31,21306.26,20918.61,21101.37,1730980
2014-06-05,21739.34,22035.23,21339.77,21634.23,2100171
2014-06-06,21279.81,21604.64,20864.85,21188.28,2227858
2014-06-09,20677.42,20799.67,20531.15,20653.26,3929344
2014-06-10,20418.84,20586.46,20269.85,20437.34,2086231
2014-06-11,20517.36,20761.5,20312.82,20556.57,4266719
2014-06-12,20464.52,20791.44,20156.5,20483.14,1847615
2014-06-13,20242.79,20477.31,19975.68,20209.82,1607061
2014-06-16,19883.65,20251.08,19565.25,19931.92,1327078
2014-06-17,19689.24,20043.92,19290.73,19644.6,666468
2014-06-18,19427.06,19745.19,18987.42,19303.52,2339549
2014-06-19,20075.53,20478.51,19676.35,20079.26,6799775
2014-06-20,20072.4,20482.5,19744.91,20153.68,2610210
2014-06-23,20361.91,20807.94,19999.82,20444.38,2993783
2014-06-24,20279.42,20634.02,19878.51,20232.29,1547546
2014-06-25,20128.64,20453.44,19807.51,20132.25,1712388
2014-06-26,19895.88,20234.65,19505.81,19843.69,3579683
2014-06-27,18858.74,19248.25,18500.04,18888.98,6617420
2014-06-30,18443.35,18667.03,18174.38,18397.5,4841662
2014-07-01,17771.69,18039.27,17512.68,17780.14,3214385
2014-07-02,17011.03,17265.42,16794.58,17048.49,2025020
2014-07-03,16640.44,16956.47,16344.81,16660.48,2248629
2014-07-04,16976.06,17232.67,16781.34,17037.25,1261605
2014-07-07,17100.11,17395.87,16704.65,16998.66,831593
2014-07-08,17367.96,17668.16,17072.87,17372.99,1008445
2014-07-09,17510.8,17851.0,17137.46,17477.0,2042898
2014-07-10,17671.49,17854.58,17517.15,17700.0,1664116
2014-07-11,17336.27,17663.22,17065.05,17391.15,821046
2014-07-14,17519.68,17818.7,17233.17,17531.98,1938850
2014-07-15,17798.21,18137.16,17401.77,17739.6,1637926
2014-07-16,17505.84,17859.41,17180.17,17533.23,980963
2014-07-17,17641.51,17928.31,17401.54,17687.7,1587851
2014-07-18,17854.41,18098.79,17601.82,17846.08,1635449
2014-07-21,17674.7,17807.42,17515.75,17648.28,1369584
2014-07-22,17359.06,17699.72,16934.93,17273.92,3457312
2014-07-23,16907.17,17056.38,16740.19,16889.25,633021
2014-07-24,16928.22,17196.89,16627.43,16895.58,602305
2014-07-25,17012.29,17300.42,16688.14,16975.65,1986672
2014-07-28,16658.44,16910.47,16464.9,16716.26,2100479
2014-07-29,16657.47,16842.2,16521.41,16705.75,2526963
2014-07-30,16805.12,16992.03,16673.46,16859.94,1434914
2014-07-31,16962.54,17334.55,16659.8,17030.6,1143090
2014-08-01,17536.76,17758.8,17273.5,17495.01,1974074
2014-08-04,17899.42,18013.11,17770.25,17883.85,1521265
2014-08-05,17551.46,17827.99,17270.81,17547.28,5028553
2014-08-06,17929.47,18228.18,17772.54,18070.02,1632239
2014-08-07,17991.91,18318.39,17557.17,17881.65,1920486
2014-08-08,18156.03,18380.43,17980.94,18204.87,8756010
2014-08-11,18323.49,18470.15,18065.62,18211.39,1764087
2014-08-12,17983.13,18174.95,17870.32,18061.65,2768161
2014-08-13,17426.71,17690.67,17205.86,17469.28,2922019
2014-08-14,17286.84,17606.51,17083.53,17401.85,3075078
2014-08-15,16925.86,17201.24,16632.42,16907.49,2358867
2014-08-18,17135.26,17397.83,16930.17,17192.06,2227308
2014-08-19,17598.87,17835.03,17420.11,17655.7,2105788
2014-08-20,17321.13,17547.97,17166.54,17392.75,1403393
2014-08-21,17517.27,17677.94,17316.22,17476.51,2410419
2014-08-22,17276.25,17603.08,16913.32,17239.45,6697115
2014-08-25,17128.43,17256.48,16908.46,17035.82,4099637
2014-08-26,17230.16,17607.93,16888.61,17265.67,2379380
2014-08-27,17256.27,17427.17,17074.16,17244.95,3313441
2014-08-28,17716.23,17897.53,17604.16,17785.02,1177017
2014-08-29,17605.77,17777.34,17452.06,17623.48,1695846
2014-09-01,17908.04,18041.35,17802.81,17935.96,3501527
2014-09-02,17985.62,18288.68,17657.95,17960.59,4839395
2014-09-03,18268.93,18500.73,17982.26,18213.36,1248533
2014-09-04,18115.34,18297.49,17880.03,18061.64,1483399
2014-09-05,17994.8,18309.77,17726.12,18040.41,7339824
2014-09-08,18052.34,18313.37,17738.18,17998.43,2100648
2014-09-09,17723.38,18064.25,17384.9,17725.73,5921007
2014-09-10,17917.45,18283.19,17569.51,17934.91,2244771
2014-09-11,18104.74,18419.27,17829.36,18143.3,2298364
2014-09-12,18305.2,18652.62,17989.12,18336.0,1650692
2014-09-15,18947.27,19267.22,18530.46,18848.75,3490421
2014-09-16,19363.78,19603.3,19106.64,19345.94,4477907
2014-09-17,19225.52,19524.8,18916.33,19215.46,1065546
2014-09-18,19330.0,19464.65,19210.66,19345.22,1604832
2014-09-19,19270.6,19586.06,18817.05,19130.22,3433350
2014-09-22,19214.79,19588.08,18768.01,19139.85,1834478
2014-09-23,18895.59,19055.37,18777.03,18936.55,1474705
2014-09-24,19483.83,19841.9,19142.05,19499.84,3633566
2014-09-25,19618.93,20004.44,19246.28,19631.55,3844184
2014-09-26,19567.5,19731.73,19394.79,19558.94,1513922
2014-09-29,19946.73,20246.08,19689.97,19988.78,2252204
2014-09-30,19253.7,19617.94,18864.63,19228.39,960217
2014-10-01,18630.55,18992.05,18189.82,18549.74,1158586
2014-10-02,18749.91,18954.32,18620.19,18824.09,2136114
2014-10-03,18788.15,19044.91,18595.85,18851.95,2020476
2014-10-06,18917.72,19238.31,18625.02,18945.18,1110004
2014-10-07,18482.47,18660.76,18328.64,18506.72,1290339
2014-10-08,18619.09,18802.89,18325.42,18508.12,1046512
2014-10-09,19255.59,19358.6,19095.21,19197.9,2605241
2014-10-10,19551.03,19693.81,19353.43,19495.8,608904
2014-10-13,19551.6,19830.01,19288.93,19567.12,1080628
2014-10-14,19408.66,19712.77,19121.49,19425.35,648381
2014-10-15,19216.65,19585.08,18933.52,19300.71,2549511
2014-10-16,18631.59,18942.28,18278.03,18588.0,672232
2014-10-17,18715.64,18925.8,18478.25,18688.1,2020867
2014-10-20,19062.52,19236.04,18816.42,18989.26,5302634
2014-10-21,18461.39,18569.76,18364.77,18473.08,5411627
2014-10-22,18261.94,18417.69,18114.03,18269.71,670953
2014-10-23,17917.71,18091.26,17735.12,17908.58,2371529
2014-10-24,17663.12,17798.65,17480.82,17615.99,1095385
2014-10-27,17571.64,17743.06,17478.47,17649.48,969095
2014-10-28,17053.64,17179.18,16890.79,17016.06,1852261
2014-10-29,17221.47,17480.72,16963.3,17222.53,4143182
2014-10-30,17420.44,17728.36,17168.82,17475.94,2841365
2014-10-31,17306.85,17747.28,16977.41,17415.76,1290984
2014-11-03,16666.77,16956.59,16383.89,16673.6,3026811
2014-11-04,16467.04,16689.62,16174.22,16395.83,515955
2014-11-05,16867.69,16986.83,16664.83,16783.37,1262030
2014-11-06,16001.01,16216.4,15768.81,15983.97,1209436
2014-11-07,15997.52,16092.29,15809.7,15903.91,2078157
2014-11-10,15587.39,15768.11,15408.71,15589.4,1755568
2014-11-11,15882.66,16055.05,15665.47,15837.36,1821402
2014-11-12,15645.69,15845.77,15467.06,15666.9,1785427
2014-11-13,15778.34,15948.08,15633.22,15802.74,2009596
2014-11-14,15954.17,16231.06,15710.27,15986.67,2741672
2014-11-17,16445.16,16838.91,16155.49,16547.45,2168613
2014-11-18,16574.88,16848.83,16238.23,16511.13,1671762
2014-11-19,16615.95,16888.0,16376.41,16648.0,2523226
2014-11-20,16194.45,16445.74,15982.71,16233.48,3254906
2014-11-21,16551.96,16701.56,16461.49,16610.76,1420308
2014-11-24,16400.73,16670.81,16140.88,16410.8,1913335
2014-11-25,16358.21,16573.72,16057.74,16272.12,3981399
2014-11-26,16394.59,16543.15,16144.63,16292.26,1023095
2014-11-27,15787.67,16024.09,15631.1,15866.73,5855086
2014-11-28,15942.27,16263.01,15638.82,15959.24,887804
2014-12-01,16217.14,16501.31,15984.17,16267.62,1611669
2014-12-02,16430.89,16630.34,16183.45,16382.31,1121172
2014-12-03,15962.51,16190.99,15720.51,15948.8,7368731
2014-12-04,15911.66,16120.76,15733.35,15942.11,1465914
2014-12-05,16189.69,16384.82,15991.08,16186.17,1468123
2014-12-08,15654.9,15824.01,15508.46,15677.36,1587309
2014-12-09,15480.7,15660.24,15227.41,15406.09,2099818
2014-12-10,15706.87,15946.93,15441.47,15681.14,1628117
2014-12-11,15819.95,15908.53,15699.83,15788.23,1830807
2014-12-12,15809.6,16206.85,15542.02,15937.11,238583
2014-12-15,16509.19,16665.15,16356.57,16512.5,2051939
2014-12-16,16790.33,17046.19,16431.78,16686.05,2004056
2014-12-17,16986.72,17235.42,16671.7,16919.41,3697403
2014-12-18,17703.63,18065.56,17441.8,17802.28,4348913
2014-12-19,17754.39,18022.06,17503.66,17771.1,1771567
2014-12-22,17491.59,17895.2,17152.49,17554.87,3235640
2014-12-23,17819.53,18044.51,17504.7,17728.53,1023827
2014-12-24,17921.05,18207.52,17621.68,17907.93,3142110
2014-12-25,17736.88,18054.84,17460.51,17777.83,1406358
2014-12-26,17490.95,17640.4,17339.73,17489.16,974014
2014-12-29,18129.49,18441.43,17961.8,18272.42,1773821
2014-12-30,18361.79,18631.02,18153.19,18421.75,4594100
2014-12-31,18223.97,18391.0,18054.96,18221.97,2210221
2015-01-01,18614.62,18810.09,18372.53,18567.51,4866535
2015-01-02,18465.92,18775.89,18265.3,18574.09,1265224
2015-01-05,18511.85,18793.58,18251.61,18533.04,3718052
2015-01-06,18822.62,18978.82,18610.05,18765.78,1340702
2015-01-07,18298.07,18691.7,17985.82,18378.09,2269788
2015-01-08,18552.25,18766.77,18325.13,18539.5,2258044
2015-01-09,19239.22,19539.23,18935.46,19235.41,2948759
2015-01-12,19544.77,19666.37,19323.79,19444.77,2304661
2015-01-13,19347.58,19594.23,19114.45,19360.94,1272493
2015-01-14,19222.55,19336.75,19118.3,19232.45,3362462
2015-01-15,19187.52,19477.99,18848.7,19138.43,5604015
2015-01-16,19022.88,19292.83,18829.69,19098.87,1396832
2015-01-19,19004.65,19383.13,18639.03,19017.26,659251
2015-01-20,19356.07,19573.72,19165.18,19382.57,2675352
2015-01-21,18827.31,19088.62,18573.94,18835.15,1625444
2015-01-22,19227.59,19397.97,19008.84,19178.78,1832768
2015-01-23,19129.06,19402.64,18824.19,19097.31,2768196
2015-01-26,19233.92,19508.66,19003.01,19277.22,1507803
2015-01-27,18947.14,19147.21,18739.39,18939.37,1687382
2015-01-28,19535.58,19692.94,19291.95,19448.62,1867158
2015-01-29,19892.25,20075.05,19759.51,19941.99,4789096
2015-01-30,20351.96,20490.32,20204.8,20343.1,2018856
2015-02-02,19837.02,20245.21,19440.57,19848.52,944674
2015-02-03,20196.9,20426.66,19971.01,20200.72,967502
2015-02-04,20303.16,20505.58,20201.06,20402.97,2155510
2015-02-05,19959.28,20344.37,19491.69,19875.16,1006856
2015-02-06,19873.8,20025.65,19768.48,19920.08,776551
2015-02-09,20167.4,20394.86,19878.74,20105.51,2903192
2015-02-10,20324.96,20683.89,20004.6,20362.92,2989746
2015-02-11,20445.22,20867.09,20062.5,20483.66,1589798
2015-02-12,20722.73,21047.93,20323.55,20647.58,2364780
2015-02-13,21324.07,21578.98,21006.52,21260.68,2219678
2015-02-16,21808.43,22236.23,21367.24,21794.78,2846075
2015-02-17,20802.93,20919.21,20639.51,20755.53,2850058
2015-02-18,20676.3,21104.03,20266.84,20694.21,415204
2015-02-19,20689.49,21057.07,20322.44,20690.01,1716333
2015-02-20,20063.29,20483.83,19683.42,20103.2,2705351
2015-02-23,20247.93,20426.55,20015.03,20193.17,1549938
2015-02-24,20666.49,20857.37,20519.0,20709.57,2026299
2015-02-25,20455.69,20761.5,20060.5,20364.95,3110891
2015-02-26,20526.23,20807.41,20264.77,20545.7,2081407
2015-02-27,20267.36,20527.75,20005.74,20266.11,4900028
2015-03-02,20124.04,20503.76,19699.47,20078.34,3898848
2015-03-03,20678.48,20974.21,20381.29,20677.0,1846608
2015-03-04,20514.88,20731.7,20316.58,20533.23,1760612
2015-03-05,20760.74,20991.02,20532.35,20762.61,358543
2015-03-06,20184.99,20326.34,19990.05,20131.01,1630013
2015-03-09,20833.92,21040.03,20669.65,20875.43,880318
2015-03-10,21154.04,21313.37,21002.78,21162.05,2264212
2015-03-11,21152.19,21515.04,20788.7,21151.54,2173224
2015-03-12,21487.03,21821.65,21097.69,21431.44,3010189
2015-03-13,20946.41,21224.13,20675.04,20952.69,4583632
2015-03-16,21579.52,21808.6,21235.24,21463.09,1951752
2015-03-17,21387.62,21719.22,21066.22,21397.67,7789208
2015-03-18,21363.24,21746.05,20995.93,21378.48,2279509
2015-03-19,21238.04,21636.07,20851.12,21248.95,903354
2015-03-20,21003.01,21364.75,20725.66,21086.3,1415165
2015-03-23,21344.12,21781.08,20974.9,21410.71,1585407
2015-03-24,21534.63,21842.24,21261.8,21568.97,2828554
2015-03-25,21958.23,22224.32,21618.47,21883.66,1123152
2015-03-26,21938.2,22334.9,21543.72,21940.38,1658152
2015-03-27,22172.48,22444.48,21933.12,22204.77,1800141
2015-03-30,22179.63,22422.25,21856.59,22098.32,1515305
2015-03-31,23173.42,23395.28,22845.26,23066.09,3226308
2015-04-01,22569.93,22858.39,22197.88,22485.25,2913287
2015-04-02,23004.85,23367.69,22701.81,23063.87,3992548
2015-04-03,23667.56,24056.11,23314.75,23702.78,1625595
2015-04-06,23532.29,23801.91,23136.78,23404.94,4079628
2015-04-07,24446.37,24648.48,24226.73,24428.69,874669
2015-04-08,24916.96,25385.91,24468.39,24936.98,861964
2015-04-09,25499.27,25759.11,25185.16,25444.44,957153
2015-04-10,25602.07,26084.52,25043.94,25524.93,1993748
2015-04-13,25448.92,25699.37,25242.52,25492.62,4079262
2015-04-14,25480.41,25821.87,25122.41,25463.65,1381547
2015-04-15,25782.03,26118.47,25375.06,25710.56,1489549
2015-04-16,26344.11,26896.91,25884.94,26436.14,1741729
2015-04-17,26592.49,26780.84,26403.16,26591.5,2795990
2015-04-20,26138.79,26715.57,25651.33,26226.47,1488716
2015-04-21,26608.32,27033.24,26263.18,26687.07,1439706
2015-04-22,27156.76,27577.89,26782.23,27202.72,884486
2015-04-23,27634.76,27984.4,27246.11,27595.26,1406995
2015-04-24,28011.79,28194.22,27856.59,28038.87,4018732
2015-04-27,27918.3,28321.16,27570.54,27972.72,2093934
2015-04-28,27581.97,27828.92,27330.79,27577.7,1271982
2015-04-29,27123.97,27493.62,26848.92,27217.62,4162749
2015-04-30,26527.47,26918.39,26102.97,26493.39,1395651
2015-05-01,26762.51,27096.11,26339.5,26671.98,4648119
2015-05-04,26690.59,26867.74,26519.81,26696.93,4602748
2015-05-05,26534.38,26712.36,26372.64,26550.52,2050526
2015-05-06,25263.78,25460.46,25039.06,25235.51,806831
2015-05-07,24583.69,24928.7,24390.38,24734.21,7831779
2015-05-08,25338.91,25696.81,24940.84,25298.17,2501411
2015-05-11,25289.34,25483.24,24864.07,25056.18,1632572
2015-05-12,25268.97,25738.99,24808.42,25278.27,3518962
2015-05-13,24701.68,24911.81,24500.45,24710.51,3021855
2015-05-14,25473.81,25636.0,25255.28,25417.11,4353814
2015-05-15,25534.55,25997.65,24948.31,25409.13,1332531
2015-05-18,25674.79,25916.9,25358.51,25599.91,2400251
2015-05-19,26581.23,27058.75,26278.7,26754.25,973329
2015-05-20,27602.29,28137.37,27021.54,27555.72,2957339
2015-05-21,27676.37,28206.8,26938.09,27464.46,1955649
2015-05-22,27282.94,27711.93,26803.9,27232.09,2346899
2015-05-25,27037.57,27295.26,26874.42,27131.55,1816078
2015-05-26,27463.58,27845.33,27058.96,27440.38,1705564
2015-05-27,27341.13,27991.01,26798.78,27446.58,1177685
2015-05-28,27410.27,27936.65,26784.83,27309.27,3185940
2015-05-29,28017.84,28283.59,27833.2,28098.42,4846766
2015-06-01,28104.7,28412.16,27791.06,28098.45,1419760
2015-06-02,29270.07,29631.21,28985.18,29345.58,2763819
2015-06-03,29404.52,29657.38,29200.28,29452.8,2569726
2015-06-04,30611.17,31083.26,30005.31,30475.3,1992416
2015-06-05,30741.96,31021.95,30452.52,30732.42,793368
2015-06-08,31278.16,31649.45,30959.97,31330.72,908038
2015-06-09,30877.88,31181.25,30681.64,30984.33,1240978
2015-06-10,30398.28,30951.12,30019.22,30569.93,549408
2015-06-11,30766.02,31109.63,30539.2,30881.95,4614981
2015-06-12,31505.41,31867.13,31133.23,31494.83,2472207
2015-06-15,31668.4,31894.83,31349.77,31575.54,1947434
2015-06-16,30856.8,31505.53,30261.02,30908.76,532777
2015-06-17,30357.52,30575.32,29998.37,30215.15,663761
2015-06-18,29437.39,29879.34,29059.76,29500.89,1979975
2015-06-19,28606.42,28854.58,28378.87,28626.86,6467459
2015-06-22,28639.62,28909.25,28463.61,28732.67,1303825
2015-06-23,29457.51,29694.19,29134.23,29370.21,3329320
2015-06-24,29597.32,29769.63,29241.02,29412.25,1486683
2015-06-25,28136.63,28486.71,27937.11,28286.13,2049576
2015-06-26,28205.68,28585.17,27855.86,28235.0,4109493
2015-06-29,28304.46,28722.72,27780.79,28197.47,1611102
2015-06-30,29200.52,29512.89,29016.26,29327.83,1310523
2015-07-01,28661.64,28994.56,28280.65,28613.0,4642865
2015-07-02,28560.24,28952.05,28065.58,28455.96,2037704
2015-07-03,29394.35,29644.6,29137.27,29387.46,3816037
2015-07-06,29719.33,30033.8,29356.41,29670.35,1314347
2015-07-07,30174.99,30358.38,29834.0,30016.42,4611226
2015-07-08,30297.59,30549.12,29871.46,30121.52,2336527
2015-07-09,30338.02,30707.83,29973.93,30343.66,2573744
2015-07-10,30764.79,31425.87,30153.91,30814.01,2145702
2015-07-13,30325.7,31016.11,29720.88,30409.63,1464046
2015-07-14,31026.06,31637.1,30326.14,30935.39,1980758
2015-07-15,30095.5,30562.75,29754.02,30219.86,1520341
2015-07-16,30415.14,30627.23,30226.26,30438.21,3526186
2015-07-17,30584.36,30885.72,30273.66,30574.94,1755326
2015-07-20,30229.49,30534.5,29970.55,30275.18,807820
2015-07-21,30325.1,30483.15,30141.75,30299.66,723854
2015-07-22,30228.59,30422.91,29804.96,29997.8,703602
2015-07-23,29448.35,29806.65,29100.92,29459.1,2872756
2015-07-24,29267.46,29601.58,28972.0,29305.74,993607
2015-07-27,28848.99,29071.28,28539.76,28761.38,2373915
2015-07-28,28981.59,29437.8,28504.89,28960.77,2152078
2015-07-29,28520.54,28815.92,28103.81,28397.92,1907253
2015-07-30,28808.69,29320.85,28282.55,28794.46,2579337
2015-07-31,28196.54,28460.66,27953.64,28217.57,2180319
2015-08-03,27809.88,28325.09,27446.24,27959.49,390101
2015-08-04,27539.6,27888.88,27325.84,27674.08,1632829
2015-08-05,28213.08,28721.93,27862.4,28369.31,2558833
2015-08-06,28597.72,28806.11,28357.06,28565.21,5305049
2015-08-07,28366.17,28694.01,28155.58,28482.57,5454080
2015-08-10,28873.38,29282.9,28357.04,28765.03,875114
2015-08-11,27721.0,27969.29,27470.22,27718.49,1607458
2015-08-12,27700.12,27930.71,27490.01,27720.43,774777
2015-08-13,28686.16,29303.84,28142.65,28758.96,4935334
2015-08-14,28904.55,29067.72,28687.83,28850.69,3640799
2015-08-17,28838.77,29298.15,28450.11,28908.54,2446949
2015-08-18,29130.97,29603.71,28745.74,29217.34,2190536
2015-08-19,29820.01,30081.21,29453.81,29714.08,4539732
2015-08-20,28715.76,29054.36,28347.0,28685.24,4101220
2015-08-21,27829.34,28024.87,27653.57,27848.97,3972184
2015-08-24,28027.27,28470.64,27530.93,27973.44,2607774
2015-08-25,27634.59,27864.66,27403.78,27633.85,1607937
2015-08-26,28344.67,28568.62,28088.45,28312.14,3141700
2015-08-27,28100.2,28443.13,27826.98,28169.23,3235277
2015-08-28,27390.42,27898.12,26716.78,27221.35,1768456
2015-08-31,26576.03,27073.49,26125.64,26622.32,1605989
2015-09-01,25469.1,25958.2,24863.94,25350.76,3913677
2015-09-02,25243.32,25630.92,24870.24,25257.63,5381456
2015-09-03,25246.06,25623.34,24808.72,25185.08,1264721
2015-09-04,25060.86,25366.61,24700.7,25005.78,1692934
2015-09-07,25596.05,26071.57,25034.4,25508.29,2447456
2015-09-08,26010.75,26406.73,25681.38,26076.52,2655011
2015-09-09,26092.03,26361.45,25739.55,26008.1,1449283
2015-09-10,25176.97,25544.7,24672.58,25038.28,6138631
2015-09-11,25308.61,25662.4,24974.74,25328.27,2554219
2015-09-14,25595.29,25770.88,25417.05,25592.63,2727320
2015-09-15,25704.63,26025.45,25424.69,25745.06,5696317
2015-09-16,26185.93,26467.44,25931.93,26213.17,1514450
2015-09-17,25809.75,26266.64,25223.35,25677.91,1880298
2015-09-18,26551.63,26916.36,26267.98,26631.86,934724
2015-09-21,26109.82,26637.42,25657.51,26183.83,1787966
2015-09-22,26675.26,26985.65,26238.07,26546.97,811503
2015-09-23,25808.06,26228.8,25339.85,25759.8,3105575
2015-09-24,25499.73,25678.98,25160.44,25338.55,2551005
2015-09-25,26010.78,26537.46,25519.97,26045.98,1679083
2015-09-28,25939.66,26256.34,25613.27,25929.83,1866817
2015-09-29,26278.25,26564.7,26044.45,26330.43,3131052
2015-09-30,26459.6,26687.74,26220.18,26448.23,1003016
2015-10-01,26262.66,26640.18,26026.92,26403.19,2241152
2015-10-02,27119.63,27404.41,26779.83,27064.02,3016795
2015-10-05,26979.39,27404.66,26528.38,26953.24,680535
2015-10-06,26102.28,26609.19,25599.97,26106.79,2990534
2015-10-07,25705.32,26122.4,25318.82,25735.46,726186
2015-10-08,25925.41,26338.52,25583.0,25995.19,1847683
2015-10-09,26240.92,26548.69,25876.64,26183.75,986546
2015-10-12,25368.53,25901.52,24926.54,25457.97,4679715
2015-10-13,25168.94,25615.56,24684.42,25130.35,990264
2015-10-14,25025.22,25260.34,24636.77,24870.44,736663
2015-10-15,24819.07,25298.11,24232.03,24708.95,2147921
2015-10-16,23996.96,24369.2,23734.75,24105.8,1546922
2015-10-19,23797.35,24240.96,23392.77,23835.73,803905
2015-10-20,23555.71,24015.1,23067.15,23525.96,2718223
2015-10-21,23850.52,24226.62,23479.53,23855.55,600249
2015-10-22,24104.29,24385.6,23925.36,24205.91,1064755
2015-10-23,24170.54,24503.9,23809.65,24142.63,1404046
2015-10-26,23972.11,24135.41,23809.54,23972.83,3208562
2015-10-27,24171.08,24578.05,23628.41,24033.06,4313589
2015-10-28,23664.01,23900.34,23445.83,23682.0,3842636
2015-10-29,23278.86,23638.01,22839.68,23197.58,1808549
2015-10-30,22720.87,23232.96,22297.1,22807.57,462136
2015-11-02,22478.04,22721.54,22304.62,22547.58,2506785
2015-11-03,22127.11,22368.14,21838.8,22079.31,4791452
2015-11-04,22214.69,22541.39,21817.05,22142.7,4156875
2015-11-05,22369.76,22687.59,22117.1,22434.2,2617602
2015-11-06,21802.61,21968.8,21634.86,21801.04,971210
2015-11-09,21719.06,21928.01,21600.99,21809.45,1446729
2015-11-10,21709.93,21962.83,21468.97,21721.74,6326695
2015-11-11,21908.91,22231.8,21531.95,21854.03,847428
2015-11-12,21818.71,22144.55,21521.76,21847.21,995793
2015-11-13,21265.34,21437.52,21109.17,21281.23,3490414
2015-11-16,20730.82,21045.95,20487.01,20801.32,1530805
2015-11-17,20770.0,21029.87,20551.05,20810.48,975735
2015-11-18,21309.3,21503.49,21004.32,21197.49,4959337
2015-11-19,20371.81,20696.52,20042.72,20367.35,2614631
2015-11-20,20430.91,20690.17,20233.85,20492.53,1576817
2015-11-23,20914.25,21208.3,20640.23,20934.02,997028
2015-11-24,20774.33,21267.81,20382.77,20874.36,6772927
2015-11-25,21015.87,21355.93,20740.79,21080.01,1953882
2015-11-26,20897.75,21195.66,20516.12,20812.81,4585440
2015-11-27,20757.16,20892.68,20630.57,20766.04,3389456
2015-11-30,20281.26,20436.86,20012.15,20166.87,1450558
2015-12-01,19326.08,19457.54,19200.19,19331.61,1457503
2015-12-02,19658.36,19984.34,19334.55,19660.48,4722216
2015-12-03,19350.18,19689.56,18974.32,19313.05,4768347
2015-12-04,18999.88,19302.79,18851.75,19153.45,642968
2015-12-07,18691.04,18845.98,18524.72,18679.56,2757591
2015-12-08,18207.04,18389.04,18027.73,18209.71,1843674
2015-12-09,18232.05,18484.86,17899.44,18151.13,1066620
2015-12-10,17964.53,18221.91,17656.06,17912.69,2319930
2015-12-11,17972.06,18309.32,17697.06,18033.39,882259
2015-12-14,18247.08,18586.07,17841.6,18179.33,1498727
2015-12-15,18268.74,18455.46,18096.55,18283.13,1228022
2015-12-16,18310.57,18633.61,18038.08,18360.39,1469048
2015-12-17,18899.06,19152.22,18634.87,18887.89,1899522
2015-12-18,18515.82,18704.72,18338.29,18527.09,1078045
2015-12-21,18592.97,18939.01,18163.11,18507.55,5095699
2015-12-22,18906.91,19028.53,18766.12,18887.61,2665680
2015-12-23,19333.29,19636.43,19018.41,19321.37,5819575
2015-12-24,18883.1,19183.68,18532.44,18832.21,1801179
2015-12-25,18787.17,19139.05,18375.04,18725.77,1426487
2015-12-28,19233.53,19479.31,18943.22,19188.42,5694716
2015-12-29,19446.52,19637.57,19173.82,19364.06,1401654
2015-12-30,19467.18,19806.23,19093.28,19431.7,1781604
2015-12-31,19365.04,19685.76,19034.74,19355.3,3054200
2016-01-01,19293.23,19534.49,18981.41,19221.77,943512
2016-01-04,19316.34,19640.76,18997.28,19321.61,3038203
2016-01-05,19235.95,19409.42,19060.58,19234.03,2813692
2016-01-06,19318.7,19586.12,18953.39,19219.44,4246455
2016-01-07,19340.59,19688.29,18900.92,19246.94,3382165
2016-01-08,19013.42,19199.64,18827.66,19013.88,4325278
2016-01-11,19171.35,19432.71,18936.44,19197.47,1855652
2016-01-12,20320.99,20712.49,19842.39,20232.18,1181621
2016-01-13,19643.27,19976.68,19263.61,19596.22,7032067
2016-01-14,19730.62,20091.8,19351.11,19711.95,793320
2016-01-15,19426.56,19654.93,19217.17,19445.34,842469
2016-01-18,19669.51,20061.87,19257.99,19649.96,2783102
2016-01-19,19666.8,19811.43,19523.46,19668.08,5256582
2016-01-20,19901.78,20196.4,19647.4,19941.52,2221582
2016-01-21,20377.95,20626.33,20121.77,20370.06,3611313
2016-01-22,20459.32,20806.65,20095.99,20443.04,598701
2016-01-25,20842.95,21255.18,20454.66,20866.45,1469265
2016-01-26,20061.17,20381.49,19687.47,20006.92,644114
2016-01-27,20670.53,20968.23,20294.36,20590.92,3166845
2016-01-28,20793.92,21031.21,20496.99,20733.59,783605
2016-01-29,21125.73,21410.82,20858.39,21143.25,921086
2016-02-01,20734.59,20996.67,20426.2,20687.68,2699062
2016-02-02,20389.19,20497.37,20276.27,20384.42,3749355
2016-02-03,20366.29,20698.53,20110.78,20442.07,1802381
2016-02-04,20481.32,20846.7,20075.43,20440.07,2791538
2016-02-05,20558.01,20879.51,20227.63,20549.0,2737820
2016-02-08,21122.0,21479.71,20603.97,20958.93,1742347
2016-02-09,20397.16,20618.62,20087.88,20308.37,1028052
2016-02-10,20716.85,20984.82,20405.36,20672.75,2782707
2016-02-11,20696.79,20810.67,20567.54,20681.33,2864365
2016-02-12,20621.46,20843.04,20389.87,20611.34,3390251
2016-02-15,20018.07,20321.8,19775.52,20078.53,2391042
2016-02-16,20161.54,20446.19,19983.55,20267.27,983526
2016-02-17,19360.71,19517.68,19254.84,19411.53,3000243
2016-02-18,19643.0,19947.49,19341.36,19645.81,1981116
2016-02-19,19010.8,19352.17,18791.68,19131.65,1484157
2016-02-22,19125.49,19372.0,18910.61,19156.77,1661478
2016-02-23,19108.45,19289.97,18941.25,19122.65,1310403
2016-02-24,19524.18,19792.1,19269.05,19536.81,3379729
2016-02-25,19442.94,19707.03,19217.98,19481.62,846724
2016-02-26,19227.69,19480.49,18994.84,19247.41,1092422
2016-02-29,19179.22,19442.23,18818.89,19080.55,1627793
2016-03-01,19569.84,19669.55,19431.54,19531.05,5221266
2016-03-02,19695.95,20096.38,19329.3,19729.11,3732423
2016-03-03,19597.42,19720.35,19478.54,19601.44,740807
2016-03-04,19525.54,19756.92,19295.85,19527.2,4460664
2016-03-07,18949.29,19147.1,18795.6,18993.05,4455510
2016-03-08,19091.48,19381.65,18846.02,19135.63,980281
2016-03-09,18604.46,18775.68,18377.52,18548.23,436753
2016-03-10,18786.86,19147.26,18450.57,18810.55,1898675
2016-03-11,18802.07,19070.49,18596.27,18864.02,3888191
2016-03-14,19700.18,19990.02,19412.92,19702.73,5151287
2016-03-15,19333.84,19502.68,19158.21,19326.99,1175852
2016-03-16,19187.89,19404.25,19086.37,19302.12,5672766
2016-03-17,19946.12,20169.23,19725.47,19948.55,520862
2016-03-18,20445.99,20712.75,20126.82,20392.89,1589880
2016-03-21,20178.22,20418.2,19911.28,20150.94,1543670
2016-03-22,20380.08,20776.07,19851.3,20244.66,3958604
2016-03-23,20333.98,20651.25,19941.87,20257.95,4320931
2016-03-24,20462.46,20870.38,19967.75,20373.9,3514944
2016-03-25,20301.35,20492.71,19942.47,20132.24,881755
2016-03-28,20158.82,20498.21,19774.46,20113.08,3326966
2016-03-29,19565.37,19826.25,19295.06,19555.81,2691004
2016-03-30,19674.04,19952.95,19338.64,19616.73,727420
2016-03-31,19756.73,20181.53,19365.78,19789.93,573659
2016-04-01,19729.28,20021.46,19430.81,19722.9,3696117
2016-04-04,19134.19,19525.77,18780.54,19171.44,1779673
2016-04-05,19553.05,19863.68,19219.48,19529.74,917025
2016-04-06,19634.26,19808.69,19498.57,19672.73,1749948
2016-04-07,19391.73,19732.8,19091.33,19431.78,2466781
2016-04-08,19372.48,19610.08,19111.17,19348.48,1886604
2016-04-11,18839.46,19201.24,18485.62,18847.25,781373
2016-04-12,18409.85,18833.61,18095.0,18516.93,6146135
2016-04-13,18272.81,18473.38,18152.9,18352.95,3621977
2016-04-14,18713.58,18909.82,18582.42,18778.21,1621356
2016-04-15,18529.03,18690.53,18417.04,18578.24,1661021
2016-04-18,18832.28,19065.77,18575.69,18808.89,2460050
2016-04-19,18655.12,18771.0,18527.07,18642.87,1006739
2016-04-20,18801.77,19099.87,18444.72,18741.87,2406312
2016-04-21,18752.24,19001.37,18461.41,18709.98,892302
2016-04-22,19083.68,19418.38,18688.89,19022.51,1900598
2016-04-25,18890.88,19064.62,18683.05,18856.47,983484
2016-04-26,18357.66,18592.41,18111.53,18346.12,1013732
2016-04-27,17970.15,18091.66,17789.96,17911.07,5322392
2016-04-28,17805.08,18130.36,17431.71,17756.1,2054484
2016-04-29,17396.44,17529.09,17244.33,17376.83,2245511
2016-05-02,17588.17,17703.12,17406.85,17521.36,593131
2016-05-03,17268.45,17531.28,17128.99,17390.83,1385814
2016-05-04,18151.04,18477.4,17840.77,18166.87,2614876
2016-05-05,17607.46,17739.72,17491.48,17623.63,2227703
2016-05-06,17765.97,18018.54,17453.05,17704.74,544477
2016-05-09,17446.96,17729.48,17083.91,17365.1,2245149
2016-05-10,17152.78,17507.96,16873.77,17227.73,2470510
2016-05-11,17361.15,17497.45,17152.24,17287.96,4283398
2016-05-12,16536.72,16693.36,16438.75,16595.04,1338233
2016-05-13,16624.76,16877.58,16429.71,16681.87,516462
2016-05-16,17267.6,17418.63,17128.82,17279.75,1090271
2016-05-17,17139.46,17421.57,16873.99,17155.84,1026597
2016-05-18,17172.32,17431.56,16994.58,17252.98,3084886
2016-05-19,17625.65,17832.58,17384.82,17591.35,388464
2016-05-20,17592.45,17710.36,17439.0,17556.67,1515091
2016-05-23,17446.08,17681.84,17156.08,17391.09,4664435
2016-05-24,16687.8,16839.58,16557.93,16709.53,1991358
2016-05-25,16918.14,17177.07,16661.24,16920.15,3394917
2016-05-26,16900.9,17005.0,16798.36,16902.45,740381
2016-05-27,16697.75,17025.67,16287.36,16613.62,758278
2016-05-30,16526.38,16922.59,16274.05,16668.1,4696581
2016-05-31,16462.95,16637.91,16335.76,16510.35,2106902
2016-06-01,16370.66,16455.97,16285.07,16370.39,2109506
2016-06-02,16512.62,16732.52,16347.21,16566.57,1013690
2016-06-03,16175.88,16306.48,16057.92,16188.43,2106353
2016-06-06,16506.78,16649.69,16370.16,16513.02,996931
2016-06-07,16087.1,16410.51,15796.06,16118.9,4041483
2016-06-08,15946.81,16170.83,15719.75,15943.72,10187768
2016-06-09,16552.91,16679.49,16395.44,16521.78,2650780
2016-06-10,16865.38,17102.66,16640.23,16877.34,1354620
2016-06-13,16900.92,17073.48,16751.57,16923.93,433568
2016-06-14,16648.16,16983.62,16321.14,16656.44,721668
2016-06-15,16514.59,16605.65,16423.9,16514.96,5040002
2016-06-16,16466.79,16817.81,16203.57,16553.21,1069268
2016-06-17,16603.8,16879.34,16305.68,16580.84,1587227
2016-06-20,16547.71,16669.68,16448.3,16570.13,2937870
2016-06-21,16640.03,16766.13,16451.66,16577.29,4825253
2016-06-22,16559.0,16737.25,16351.76,16529.69,1758985
2016-06-23,16178.55,16470.13,15831.41,16121.96,1555332
2016-06-24,15939.87,16197.09,15731.78,15988.36,2069820
2016-06-27,16251.44,16510.83,16010.43,16269.56,1360574
2016-06-28,15829.87,16155.16,15564.8,15889.1,1405225
2016-06-29,15816.68,16126.36,15541.13,15850.22,2538612
2016-06-30,15691.73,15882.29,15443.15,15633.01,2215912
2016-07-01,15749.25,15948.19,15481.22,15679.28,7123880
2016-07-04,15531.02,15830.47,15286.1,15584.7,2580024
2016-07-05,15997.72,16163.12,15854.54,16019.74,3955775
2016-07-06,16177.87,16469.88,15889.62,16181.57,1042600
2016-07-07,15846.38,15930.55,15734.56,15818.59,2717150
2016-07-08,15940.97,16152.76,15814.45,16025.58,1284925
2016-07-11,15742.0,16087.02,15474.34,15818.07,2513714
2016-07-12,15691.78,15850.33,15510.45,15668.77,2996959
2016-07-13,15679.4,15885.93,15565.77,15771.62,2042982
2016-07-14,15625.52,15768.55,15503.62,15646.49,8405488
2016-07-15,15921.66,16128.03,15707.66,15913.93,4670552
2016-07-18,15726.81,16005.06,15429.32,15707.23,4018210
2016-07-19,15539.92,15640.74,15445.75,15546.53,3136354
2016-07-20,15360.1,15460.88,15276.27,15376.97,5711638
2016-07-21,15272.55,15455.48,15051.49,15233.96,837200
2016-07-22,15564.53,15865.59,15250.42,15551.22,4511633
2016-07-25,15710.52,15885.66,15566.22,15741.08,1093892
2016-07-26,16248.02,16563.03,15931.2,16246.18,1413241
2016-07-27,16955.93,17266.48,16626.26,16936.46,2776871
2016-07-28,16723.89,16878.54,16484.28,16638.13,4155453
2016-07-29,16711.38,16999.72,16384.39,16672.05,992372
2016-08-01,16394.66,16645.31,16085.41,16335.14,1457849
2016-08-02,16090.55,16324.44,15886.57,16120.08,2102251
2016-08-03,15924.86,16130.87,15744.21,15949.94,1772994
2016-08-04,15649.47,15930.4,15379.79,15660.53,3309869
2016-08-05,15371.0,15637.44,15111.29,15377.62,15580903
2016-08-08,15301.9,15599.32,15051.65,15348.31,2549970
2016-08-09,15083.03,15384.3,14725.84,15025.97,1275542
2016-08-10,15306.01,15492.4,15079.65,15265.55,910814
2016-08-11,15011.36,15282.13,14754.61,15025.14,1631234
2016-08-12,15844.95,16129.16,15530.83,15814.5,1127879
2016-08-15,15706.67,15835.06,15567.88,15696.18,2624838
2016-08-16,15759.91,15848.66,15637.4,15725.95,2600496
2016-08-17,15310.49,15542.68,15140.98,15372.49,1501686
2016-08-18,15853.95,16144.01,15570.94,15860.88,6523835
2016-08-19,16189.81,16343.82,16038.66,16192.63,1275350
2016-08-22,16318.56,16571.5,16035.62,16288.09,1845648
2016-08-23,15876.19,15987.46,15795.05,15906.17,2909516
2016-08-24,15854.76,16139.59,15690.97,15974.56,3386247
2016-08-25,15612.04,15885.79,15389.84,15662.87,4267530
2016-08-26,16085.12,16199.82,15973.39,16088.07,2564048
2016-08-29,16334.5,16635.86,16030.07,16331.37,3724889
2016-08-30,16449.09,16569.9,16246.22,16366.42,1330326
2016-08-31,15697.96,15990.68,15378.36,15670.57,3439543
2016-09-01,15405.36,15532.39,15274.6,15401.6,3412096
2016-09-02,15597.69,15909.85,15287.08,15599.21,4914654
2016-09-05,16001.92,16227.09,15724.67,15949.09,728642
2016-09-06,16247.28,16378.06,16145.48,16276.09,1150480
2016-09-07,15814.55,15915.81,15719.99,15821.21,3249086
2016-09-08,15859.94,16009.38,15762.82,15911.94,404004
2016-09-09,16278.85,16504.28,15985.37,16209.85,2663638
2016-09-12,15755.59,16025.7,15467.27,15737.06,3744814
2016-09-13,15705.01,15912.24,15531.56,15738.42,1403072
2016-09-14,15814.05,16004.13,15629.46,15819.48,1531695
2016-09-15,15761.07,15979.19,15519.22,15737.01,1040818
2016-09-16,15212.07,15421.36,15014.38,15223.53,1449996
2016-09-19,15112.45,15368.63,14880.91,15136.72,1475428
2016-09-20,15020.11,15231.4,14838.72,15049.65,1316247
2016-09-21,15026.37,15262.4,14775.31,15011.11,1273644
2016-09-22,14844.83,15157.41,14548.54,14860.8,1685203
2016-09-23,14723.53,14894.79,14572.55,14743.6,1673014
2016-09-26,14674.52,14809.95,14598.46,14733.58,6104148
2016-09-27,14855.03,14957.3,14749.33,14851.57,1565144
2016-09-28,14762.23,14966.74,14565.85,14770.26,2437516
2016-09-29,14647.11,14810.28,14498.24,14661.26,1402644
2016-09-30,14693.59,14974.24,14404.36,14684.84,1391986
2016-10-03,14216.48,14421.36,13980.22,14184.65,713100
2016-10-04,14335.62,14519.19,14122.33,14305.51,772340
2016-10-05,14327.3,14570.44,14060.84,14303.58,961068
2016-10-06,14301.35,14438.75,14174.37,14311.68,2213793
2016-10-07,14534.07,14810.64,14282.69,14558.83,3781775
2016-10-10,14009.22,14124.14,13938.53,14053.23,678745
2016-10-11,13535.61,13753.57,13342.11,13559.74,1426242
2016-10-12,13624.23,13883.39,13364.29,13623.43,873152
2016-10-13,13585.94,13847.09,13357.46,13618.07,1692020
2016-10-14,13659.83,13903.03,13412.75,13655.89,3780858
2016-10-17,13499.31,13686.83,13351.44,13538.53,1516431
2016-10-18,13628.53,13934.6,13391.89,13696.78,1927028
2016-10-19,13957.85,14142.97,13738.96,13923.62,4747539
2016-10-20,14020.06,14240.51,13819.88,14040.05,2609686
2016-10-21,13933.49,14050.76,13851.51,13968.57,1256630
2016-10-24,13398.62,13550.58,13291.12,13442.73,2181120
2016-10-25,13641.22,13822.16,13443.21,13623.93,1206785
2016-10-26,13977.57,14059.79,13838.27,13920.15,2551748
2016-10-27,14058.46,14302.41,13831.82,14075.48,2701193
2016-10-28,13838.09,14090.77,13594.53,13847.05,873011
2016-10-31,14053.29,14317.57,13744.83,14008.26,2202469
2016-11-01,14141.49,14311.52,14049.2,14218.72,1847707
2016-11-02,14700.77,14981.5,14335.46,14614.54,2749161
2016-11-03,14482.3,14569.4,14290.42,14376.88,3265123
2016-11-04,14192.93,14482.4,14021.05,14309.11,2640476
2016-11-07,14488.88,14748.26,14233.82,14493.12,1652969
2016-11-08,14466.73,14585.78,14379.14,14498.0,3471155
2016-11-09,14187.81,14273.97,14113.0,14199.09,1174275
2016-11-10,14276.87,14371.64,14200.14,14294.81,897785
2016-11-11,14468.54,14651.85,14250.54,14433.39,291509
2016-11-14,14439.95,14692.9,14191.96,14444.82,1901047
2016-11-15,14450.62,14590.36,14350.74,14490.21,1211139
2016-11-16,14403.36,14509.79,14304.42,14410.8,2517187
2016-11-17,14809.49,15009.84,14586.62,14786.66,607594
2016-11-18,14484.37,14659.75,14361.04,14535.99,1344715
2016-11-21,14299.1,14599.32,14070.98,14370.07,2629125
2016-11-22,14445.38,14723.37,14083.19,14359.53,1068854
2016-11-23,14546.52,14814.95,14306.64,14574.61,2534619
2016-11-24,14167.34,14430.53,13910.09,14173.18,1419459
2016-11-25,13812.48,14005.9,13635.76,13828.98,1944110
2016-11-28,13339.21,13572.45,13084.47,13317.32,2833702
2016-11-29,13382.04,13485.67,13208.17,13311.25,3511936
2016-11-30,13054.74,13133.4,12953.55,13032.07,2095903
2016-12-01,12869.21,13119.94,12678.24,12928.1,1216628
2016-12-02,13014.14,13143.93,12938.93,13068.4,1506314
2016-12-05,12888.3,13141.01,12651.32,12903.75,2905666
2016-12-06,12932.22,13141.61,12733.41,12942.64,1074373
2016-12-07,12791.55,13105.92,12544.89,12857.98,1781845
2016-12-08,13030.88,13157.38,12872.73,12998.92,1572959
2016-12-09,13051.95,13255.59,12891.51,13094.63,1863529
2016-12-12,12974.42,13183.64,12708.27,12916.56,1082117
2016-12-13,12931.46,13043.21,12750.07,12861.22,652674
2016-12-14,13078.64,13260.21,12906.95,13088.39,2709963
2016-12-15,13181.63,13377.93,12968.25,13164.3,3535901
2016-12-16,12773.11,13072.83,12521.71,12820.5,676504
2016-12-19,12979.59,13189.48,12745.86,12955.35,2474021
2016-12-20,12668.69,12773.57,12582.9,12687.65,3797713
2016-12-21,12954.09,13154.13,12796.96,12996.48,2834983
2016-12-22,13208.36,13402.68,13025.66,13219.83,1544171
2016-12-23,13251.68,13365.76,13156.28,13270.23,1125684
2016-12-26,13275.84,13441.35,13123.44,13288.8,2081473
2016-12-27,13257.39,13380.15,13097.31,13219.73,2300578
2016-12-28,13331.08,13453.19,13240.66,13362.56,2100076
2016-12-29,13322.97,13491.92,13085.92,13253.99,1779635
2016-12-30,13237.51,13389.81,13138.43,13290.34,1035514
2017-01-02,13545.42,13733.13,13293.28,13480.09,2555128
2017-01-03,13283.37,13424.53,13183.14,13324.0,2630048
2017-01-04,13156.57,13365.2,12947.99,13156.61,2236657
2017-01-05,12837.72,12958.56,12735.93,12856.63,2119299
2017-01-06,12579.71,12824.95,12347.68,12592.69,5430543
2017-01-09,12194.79,12260.56,12099.94,12165.55,1363237
2017-01-10,12361.94,12520.54,12148.67,12306.56,4277422
2017-01-11,12738.53,12863.39,12568.78,12693.2,1276439
2017-01-12,12985.92,13110.62,12877.15,13001.71,3856884
2017-01-13,12612.76,12765.05,12453.59,12605.8,4155820
2017-01-16,12720.14,12974.84,12495.88,12750.06,1663059
2017-01-17,13019.82,13303.25,12775.97,13058.67,5371285
2017-01-18,12885.34,13053.27,12762.3,12929.81,2627179
2017-01-19,12914.37,13025.92,12819.92,12931.35,1171313
2017-01-20,12460.23,12657.13,12254.16,12450.91,1584066
2017-01-23,12417.57,12660.68,12247.08,12489.2,3912383
2017-01-24,12229.36,12329.1,12131.34,12231.06,3449841
2017-01-25,12309.33,12511.26,12052.58,12253.6,1050919
2017-01-26,11933.09,12085.64,11741.02,11893.06,1823823
2017-01-27,11967.51,12166.0,11790.38,11988.56,2240285
2017-01-30,12138.86,12316.6,12012.74,12189.94,1462177
2017-01-31,12014.33,12153.54,11858.77,11997.78,8159388
2017-02-01,11652.02,11824.0,11562.24,11733.59,2281168
2017-02-02,11304.07,11488.86,11082.36,11266.55,1910570
2017-02-03,11185.11,11274.6,11102.84,11192.28,4051147
2017-02-06,11116.26,11301.62,10871.18,11055.52,1592589
2017-02-07,10675.86,10913.57,10494.69,10731.46,3628959
2017-02-08,10829.18,11004.6,10624.5,10799.44,728950
2017-02-09,10689.34,10749.14,10632.78,10692.56,1510282
2017-02-10,10457.71,10563.33,10362.58,10468.11,3720773
2017-02-13,10302.38,10469.29,10178.5,10344.9,5086592
2017-02-14,10545.5,10692.44,10380.02,10526.69,1246714
2017-02-15,10643.25,10843.22,10422.14,10621.7,1162527
2017-02-16,10633.7,10746.78,10464.58,10577.06,2786976
2017-02-17,10707.83,10901.91,10482.05,10675.55,1364337
2017-02-20,10416.56,10512.91,10338.95,10435.16,1687659
2017-02-21,10390.22,10531.76,10280.41,10421.61,3354599
2017-02-22,10386.79,10489.94,10326.71,10429.61,1430505
2017-02-23,10367.91,10535.22,10155.72,10322.29,609713
2017-02-24,10359.66,10459.28,10284.45,10383.9,908317
2017-02-27,10265.11,10356.01,10129.22,10219.72,1994638
2017-02-28,10310.68,10482.14,10123.29,10294.47,648194
2017-03-01,10387.88,10523.14,10242.48,10377.61,1658963
2017-03-02,9819.12,9879.36,9767.96,9828.16,860046
2017-03-03,10041.92,10092.47,9971.61,10022.06,5303955
2017-03-06,9468.75,9589.07,9348.88,9469.19,7268682
2017-03-07,9336.77,9436.62,9247.38,9347.13,1050820
2017-03-08,9523.16,9596.54,9430.1,9503.32,2312998
2017-03-09,9427.37,9565.41,9293.46,9431.44,1114323
2017-03-10,9146.59,9245.81,9069.52,9168.55,1646908
2017-03-13,8989.12,9113.92,8848.4,8972.98,5850756
2017-03-14,9121.54,9220.81,9024.04,9123.29,1498517
2017-03-15,8809.61,8878.34,8728.08,8796.71,1670072
2017-03-16,8948.41,9023.97,8885.13,8960.61,1126338
2017-03-17,8902.72,9011.55,8826.57,8935.13,3944030
2017-03-20,8774.67,8822.47,8681.68,8729.23,279858
2017-03-21,8662.18,8745.52,8539.21,8622.17,1520153
2017-03-22,8472.6,8629.59,8293.62,8450.2,1928915
2017-03-23,8557.33,8716.97,8407.83,8567.3,1333547
2017-03-24,8657.38,8756.87,8565.79,8665.19,3328816
2017-03-27,8420.7,8535.54,8271.56,8385.93,4078404
2017-03-28,8301.39,8422.49,8189.24,8310.21,849816
2017-03-29,8151.91,8309.77,8009.81,8167.41,6962798
2017-03-30,8391.75,8463.45,8273.58,8344.88,844115
2017-03-31,8128.91,8206.87,8052.13,8130.07,4295929
2017-04-03,8397.81,8477.82,8273.91,8353.5,2169259
2017-04-04,8298.89,8380.63,8252.31,8333.85,1465605
2017-04-05,8159.81,8239.12,8067.95,8147.14,1550952
2017-04-06,8084.42,8231.3,7888.52,8034.5,1943288
2017-04-07,7906.5,8054.19,7758.12,7905.79,2246874
2017-04-10,7707.19,7764.55,7655.98,7713.3,1141561
2017-04-11,7686.38,7804.97,7595.14,7713.4,1723100
2017-04-12,7556.58,7637.59,7451.38,7532.13,1248678
2017-04-13,7213.49,7319.41,7124.47,7230.19,956437
2017-04-14,7167.06,7264.6,7071.59,7169.1,1214220
2017-04-17,6903.18,6965.59,6866.57,6928.84,994519
2017-04-18,6856.47,6977.38,6704.26,6824.6,1540945
2017-04-19,6726.29,6858.16,6571.65,6703.07,2570176
2017-04-20,6587.67,6685.81,6490.17,6588.3,2131691
2017-04-21,6795.58,6920.84,6694.28,6819.19,6482435
2017-04-24,6846.92,6935.38,6727.46,6815.52,526353
2017-04-25,6827.67,6903.62,6759.3,6835.17,2627660
2017-04-26,6588.11,6657.85,6540.45,6610.03,1990411
2017-04-27,6488.4,6612.65,6399.12,6522.89,3234555
2017-04-28,6525.85,6575.62,6488.82,6538.52,3047643
2017-05-01,6381.7,6520.99,6270.86,6409.67,1795878
2017-05-02,6493.75,6579.51,6420.28,6505.91,2199170
2017-05-03,6371.73,6443.23,6286.19,6357.53,1268769
2017-05-04,6308.87,6378.56,6246.37,6315.99,2865369
2017-05-05,6247.75,6369.83,6119.14,6241.09,642212
2017-05-08,6237.51,6298.73,6189.95,6251.07,3160041
2017-05-09,6172.37,6217.24,6126.3,6171.16,1955381
2017-05-10,6168.41,6214.57,6087.17,6133.07,1480311
2017-05-11,6092.79,6189.91,6002.14,6099.16,1724555
2017-05-12,6018.36,6138.0,5891.93,6011.43,1802134
2017-05-15,6028.15,6108.27,5976.72,6056.59,4318342
2017-05-16,6102.91,6216.32,5962.3,6075.2,13798855
2017-05-17,6049.58,6113.86,5994.05,6058.25,4122302
2017-05-18,6023.35,6112.01,5916.05,6004.43,1412405
2017-05-19,6081.89,6118.25,6047.79,6084.14,2893186
2017-05-22,6062.65,6138.04,5976.3,6051.55,2969777
2017-05-23,6023.72,6112.98,5922.54,6011.62,1138137
2017-05-24,6008.33,6094.98,5929.95,6016.49,930540
2017-05-25,6216.86,6270.12,6143.47,6196.56,1908888
2017-05-26,6028.91,6147.98,5923.84,6042.67,3219139
2017-05-29,6135.18,6255.14,6001.22,6120.9,753824
2017-05-30,5903.18,5980.36,5833.01,5910.1,1286532
2017-05-31,5933.9,6020.17,5841.5,5927.68,2795694
2017-06-01,6084.14,6195.28,5981.58,6092.58,2033022
2017-06-02,6141.89,6194.85,6088.02,6140.97,4637862
2017-06-05,6134.74,6265.16,6024.51,6154.58,850159
2017-06-06,6092.28,6148.34,6031.73,6087.76,8131849
2017-06-07,6087.1,6188.37,5985.03,6086.29,787961
2017-06-08,6044.26,6094.52,6003.87,6054.07,586836
2017-06-09,5963.61,6020.22,5908.0,5964.6,1913897
2017-06-12,5931.72,6008.85,5852.23,5929.33,1003821
2017-06-13,5935.49,6023.04,5859.08,5946.49,1937185
2017-06-14,5858.84,5965.18,5754.81,5861.11,1896961
2017-06-15,5755.65,5888.19,5640.87,5773.07,1763014
2017-06-16,5669.73,5707.19,5592.9,5630.11,1196071
2017-06-19,5684.67,5736.24,5615.26,5666.67,2570455
2017-06-20,5724.22,5783.55,5660.26,5719.53,1639001
2017-06-21,5760.76,5830.95,5670.63,5740.57,3844672
2017-06-22,5803.78,5910.9,5731.77,5838.45,1779381
2017-06-23,5800.3,5949.44,5696.81,5845.15,1111489
2017-06-26,5877.12,5981.6,5779.8,5884.17,720264
2017-06-27,5889.78,5945.48,5858.67,5914.24,1788225
2017-06-28,5898.31,5972.3,5828.56,5902.5,925859
2017-06-29,5848.19,5931.65,5761.17,5844.58,882066
2017-06-30,6097.34,6169.94,6008.16,6080.55,2720903
2017-07-03,6009.24,6071.8,5967.42,6029.83,682418
2017-07-04,5963.89,6029.27,5891.45,5956.75,4626522
2017-07-05,6002.68,6069.75,5935.34,6002.42,2182168
2017-07-06,6035.12,6082.29,5981.71,6028.83,1931281
2017-07-07,5868.49,5973.72,5772.57,5877.66,1065697
2017-07-10,6022.07,6081.22,5938.29,5997.19,3136516
2017-07-11,5984.92,6069.6,5902.12,5986.78,1979306
2017-07-12,5899.43,5974.57,5793.46,5868.2,1313678
2017-07-13,5981.06,6104.16,5872.43,5995.27,2235319
2017-07-14,6077.05,6118.55,6022.12,6063.53,722395
2017-07-17,5926.57,5967.43,5886.78,5927.63,743261
2017-07-18,6115.07,6179.27,6056.95,6121.09,1012454
2017-07-19,6206.86,6278.04,6124.06,6195.11,2445392
2017-07-20,6189.62,6253.9,6130.96,6195.18,1978886
2017-07-21,6325.62,6481.42,6221.57,6376.54,3720570
2017-07-24,6337.76,6452.05,6282.75,6396.53,1141673
2017-07-25,6419.62,6459.88,6355.1,6395.21,2799078
2017-07-26,6345.08,6416.19,6250.9,6321.75,1851816
2017-07-27,6426.83,6533.52,6284.56,6390.65,1125989
2017-07-28,6447.96,6562.81,6333.45,6448.29,2498458
2017-07-31,6427.78,6556.05,6324.94,6452.81,1905762
2017-08-01,6356.68,6449.77,6271.7,6364.69,1359365
2017-08-02,6383.03,6484.28,6281.56,6382.81,2033358
2017-08-03,6358.96,6475.31,6262.17,6378.23,1834498
2017-08-04,6261.34,6314.66,6177.47,6230.52,1808100
2017-08-07,6112.1,6193.16,5990.8,6071.31,1547953
2017-08-08,6146.13,6247.91,6035.7,6137.33,906214
2017-08-09,5860.29,5917.66,5803.11,5860.48,2073729
2017-08-10,5863.49,5973.54,5776.66,5886.36,1224901
2017-08-11,5867.36,5939.07,5768.89,5840.27,1074969
2017-08-14,5985.45,6060.55,5909.0,5984.08,1716126
2017-08-15,5930.83,5973.68,5893.17,5935.98,3079925
2017-08-16,6020.63,6110.9,5921.81,6011.95,2216340
2017-08-17,5963.91,6081.86,5856.64,5974.4,1441672
2017-08-18,5994.76,6037.45,5949.45,5992.12,1407312
2017-08-21,6051.58,6141.64,5988.09,6077.88,2903675
2017-08-22,6053.07,6087.76,5998.82,6033.4,470691
2017-08-23,6146.91,6182.31,6113.44,6148.83,3199224
2017-08-24,6067.17,6187.58,5926.17,6046.16,644087
2017-08-25,6081.2,6160.34,6005.78,6084.87,848101
2017-08-28,6191.13,6257.66,6127.16,6193.66,1456345
2017-08-29,6252.05,6332.12,6195.01,6274.87,7290440
2017-08-30,6517.59,6645.99,6374.66,6502.77,5424583
2017-08-31,6404.92,6478.2,6348.66,6421.8,3029453
2017-09-01,6262.98,6371.77,6163.49,6272.14,2455707
2017-09-04,6168.76,6225.86,6111.64,6168.74,648640
2017-09-05,6252.96,6290.83,6212.82,6250.68,2178299
2017-09-06,6283.09,6411.72,6187.28,6315.41,1426118
2017-09-07,6331.34,6367.56,6299.53,6335.73,1214688
2017-09-08,6232.5,6326.84,6123.55,6217.67,2175745
2017-09-11,6305.97,6368.41,6250.76,6313.13,1494547
2017-09-12,6180.37,6284.68,6080.3,6184.54,3340328
2017-09-13,6327.45,6432.14,6219.72,6324.36,620590
2017-09-14,6665.81,6774.1,6560.08,6668.33,2074035
2017-09-15,6702.13,6759.0,6666.16,6722.92,1170032
2017-09-18,6803.9,6910.49,6698.06,6804.64,1550702
2017-09-19,6775.6,6910.11,6621.34,6755.45,2380392
2017-09-20,6529.0,6606.24,6472.59,6549.65,1014204
2017-09-21,6482.55,6548.99,6423.47,6489.84,2188089
2017-09-22,6347.85,6483.93,6238.65,6374.27,1745579
2017-09-25,6238.73,6284.94,6175.09,6221.16,1333940
2017-09-26,6426.59,6524.21,6330.78,6428.37,1495029
2017-09-27,6455.09,6577.24,6349.7,6471.59,1807163
2017-09-28,6529.63,6565.92,6491.55,6527.83,1250805
2017-09-29,6480.12,6590.14,6393.89,6503.6,1991217
2017-10-02,6475.41,6584.14,6387.1,6495.55,1677967
2017-10-03,6592.87,6685.12,6529.89,6621.87,1373991
2017-10-04,6609.56,6751.09,6489.63,6630.78,5146900
2017-10-05,6734.82,6784.93,6657.59,6707.5,2543734
2017-10-06,6682.39,6767.19,6612.47,6697.11,1575956
2017-10-09,6678.67,6797.09,6551.1,6669.35,2164102
2017-10-10,6499.43,6566.99,6448.35,6515.78,1070790
2017-10-11,6315.18,6424.57,6191.69,6300.83,1525659
2017-10-12,6264.94,6323.16,6226.18,6284.28,1636308
2017-10-13,6304.66,6382.45,6226.14,6303.92,938392
2017-10-16,6173.75,6211.6,6134.93,6172.77,2501528
2017-10-17,6225.4,6319.83,6088.45,6182.22,1463925
2017-10-18,6213.4,6318.15,6097.12,6201.67,1601930
2017-10-19,5968.09,6084.83,5862.17,5978.72,1409531
2017-10-20,5906.22,6022.69,5777.89,5894.11,11704153
2017-10-23,5988.97,6079.28,5861.06,5950.8,1332318
2017-10-24,5976.61,6105.29,5877.78,6005.98,573087
2017-10-25,5881.09,5970.2,5807.07,5895.99,759215
2017-10-26,5922.26,6037.24,5811.57,5926.47,3126990
2017-10-27,6043.03,6139.28,5954.46,6050.6,4420978
2017-10-30,6144.09,6262.49,6031.94,6150.23,1317072
2017-10-31,6130.15,6206.74,6077.85,6154.23,4271048
2017-11-01,6142.94,6219.42,6041.01,6117.17,3093934
2017-11-02,6036.94,6159.5,5940.67,6062.82,1769684
2017-11-03,6125.23,6178.19,6075.98,6128.91,1695913
2017-11-06,6184.84,6235.37,6115.12,6165.49,2210042
2017-11-07,6250.51,6374.04,6127.56,6251.08,3356715
2017-11-08,6263.0,6353.81,6190.86,6281.46,2516492
2017-11-09,6364.76,6440.0,6315.58,6390.61,1321020
2017-11-10,6413.14,6481.57,6349.19,6417.57,1785976
2017-11-13,6510.48,6596.82,6439.12,6525.3,6509401
2017-11-14,6649.33,6744.72,6549.9,6645.24,2305315
2017-11-15,6538.83,6690.19,6415.61,6566.44,3340380
2017-11-16,6388.05,6514.53,6246.34,6372.51,2741267
2017-11-17,6571.25,6668.34,6471.91,6568.97,2336149
2017-11-20,6620.31,6722.92,6513.99,6616.54,2116383
2017-11-21,6460.03,6523.52,6369.01,6432.23,3397105
2017-11-22,6358.41,6480.47,6244.87,6366.78,3051626
2017-11-23,6458.78,6526.39,6405.39,6472.88,2322921
2017-11-24,6446.82,6500.02,6404.3,6457.43,1307650
2017-11-27,6411.5,6540.94,6285.85,6415.21,2498835
2017-11-28,6594.8,6715.09,6476.35,6596.6,1904624
2017-11-29,6474.6,6552.79,6412.74,6490.77,1647956
2017-11-30,6376.47,6512.46,6280.01,6415.41,9892283
2017-12-01,6446.4,6534.79,6369.01,6457.26,787461
2017-12-04,6527.47,6591.75,6456.22,6520.43,3524001
2017-12-05,6599.53,6660.92,6535.47,6596.83,1181620
2017-12-06,6748.41,6795.93,6676.87,6724.22,2145144
2017-12-07,6806.45,6896.56,6677.16,6766.75,9259425
2017-12-08,6860.93,6941.2,6765.25,6845.34,1113009
2017-12-11,6860.54,6947.55,6745.55,6832.2,1284238
2017-12-12,6874.54,6931.12,6802.31,6858.76,1962033
2017-12-13,6926.37,7058.52,6759.54,6891.02,1192627
2017-12-14,6975.4,7077.1,6835.75,6936.88,3370035
2017-12-15,7073.64,7204.46,6923.06,7053.51,1438745
2017-12-18,7159.26,7206.79,7096.69,7144.12,2935551
2017-12-19,7165.26,7272.51,7062.49,7169.68,893129
2017-12-20,7084.8,7211.39,6959.1,7085.67,670581
2017-12-21,7106.86,7184.96,7036.05,7114.07,1728231
2017-12-22,7143.6,7200.23,7073.79,7130.31,773665
2017-12-25,7159.6,7239.51,7095.34,7175.11,4930551
2017-12-26,7482.37,7554.75,7414.33,7486.66,791842
2017-12-27,7384.58,7524.2,7298.12,7437.13,1063831
2017-12-28,7553.65,7628.35,7440.49,7514.81,2541263
2017-12-29,7677.05,7751.8,7607.43,7682.13,1394688
2018-01-01,7727.74,7841.55,7603.54,7717.19,797284
2018-01-02,8106.65,8153.63,8024.57,8071.35,6742750
2018-01-03,8046.23,8127.54,7957.75,8038.99,1087095
2018-01-04,8143.72,8268.69,7984.15,8108.58,1762502
2018-01-05,7985.25,8076.33,7924.26,8015.11,1748877
2018-01-08,8044.18,8111.06,7920.34,7986.74,3036407
2018-01-09,8071.16,8135.81,7980.49,8044.93,2616665
2018-01-10,8196.26,8237.35,8150.05,8191.11,1207326
2018-01-11,8296.48,8396.92,8161.14,8261.16,1630673
2018-01-12,8444.23,8521.26,8397.08,8473.94,1730371
2018-01-15,8475.52,8560.01,8398.44,8482.86,3107644
2018-01-16,8492.21,8661.39,8287.12,8455.57,983631
2018-01-17,8851.9,9068.9,8685.69,8901.76,6654915
2018-01-18,9004.91,9078.99,8915.84,8989.8,1257316
2018-01-19,8912.67,8998.67,8812.59,8898.46,1972377
2018-01-22,8864.05,8970.02,8706.64,8811.99,988561
2018-01-23,8646.11,8840.83,8493.36,8687.36,909913
2018-01-24,8901.87,9053.55,8708.13,8859.09,1173314
2018-01-25,8810.23,8885.88,8749.5,8825.05,1107577
2018-01-26,8857.32,8930.12,8796.5,8869.21,1546408
2018-01-29,8850.39,8982.89,8750.81,8882.95,1101982
2018-01-30,8995.4,9187.77,8833.02,9024.85,3009641
2018-01-31,8922.91,9085.59,8749.65,8912.12,1239488
2018-02-01,8735.29,8822.48,8677.55,8764.54,1159744
2018-02-02,8842.95,8963.34,8703.23,8823.36,1566287
2018-02-05,8925.11,9008.49,8859.64,8942.9,3597333
2018-02-06,8987.44,9158.2,8850.01,9020.27,2255598
2018-02-07,8898.97,9080.18,8732.15,8913.09,1867640
2018-02-08,9055.12,9162.16,8939.04,9045.98,839173
2018-02-09,8941.39,9004.73,8885.54,8948.83,998865
2018-02-12,8889.03,9010.71,8766.45,8888.12,920759
2018-02-13,8779.13,8876.82,8663.34,8760.83,4343151
2018-02-14,9020.56,9175.38,8837.04,8991.36,2725978
2018-02-15,9109.1,9209.72,9017.05,9117.58,1182365
2018-02-16,9211.77,9408.19,9044.82,9240.71,1413213
2018-02-19,9476.43,9562.71,9388.0,9474.26,1208421
2018-02-20,10005.28,10078.95,9917.61,9991.17,1165293
2018-02-21,9669.96,9805.73,9577.15,9712.52,2613447
2018-02-22,9582.26,9661.01,9529.33,9607.93,1668571
2018-02-23,9504.7,9613.06,9417.08,9525.25,6911523
2018-02-26,9397.47,9543.46,9257.43,9403.33,4198407
2018-02-27,9223.89,9310.96,9158.09,9245.0,4350007
2018-02-28,9236.91,9298.52,9155.87,9217.36,2966265
2018-03-01,8995.68,9102.35,8932.83,9039.2,1538632
2018-03-02,9072.21,9171.59,9016.29,9115.41,2838182
2018-03-05,9136.17,9311.04,8970.62,9145.33,1608319
2018-03-06,9241.49,9423.54,9064.41,9246.36,5273293
2018-03-07,9312.02,9406.13,9258.96,9352.83,2527061
2018-03-08,9459.35,9632.02,9304.2,9476.6,2320785
2018-03-09,9423.18,9586.03,9271.87,9434.53,2139844
2018-03-12,9812.24,10019.85,9616.45,9823.83,5633040
2018-03-13,9891.95,9993.02,9786.41,9887.44,838818
2018-03-14,9563.64,9671.62,9474.87,9582.66,5974271
2018-03-15,9473.81,9585.57,9320.74,9432.0,1773220
2018-03-16,9174.4,9338.16,8997.48,9160.99,852825
2018-03-19,9161.38,9329.9,9015.45,9183.61,1262588
2018-03-20,9185.68,9296.59,9072.2,9183.08,736390
2018-03-21,9128.64,9207.77,9046.14,9125.24,2934929
2018-03-22,9515.97,9667.32,9330.61,9481.42,1063445
2018-03-23,9578.15,9766.4,9407.49,9595.43,2193920
2018-03-26,9764.04,9871.44,9634.47,9741.62,3915800
2018-03-27,9600.38,9744.66,9454.91,9599.17,1324823
2018-03-28,9489.29,9593.7,9343.07,9447.02,1688139
2018-03-29,9508.75,9624.54,9356.72,9472.06,907074
2018-03-30,9525.91,9648.54,9397.72,9520.28,1570627
2018-04-02,9218.06,9378.79,9064.71,9225.32,9289675
2018-04-03,9227.09,9408.52,9031.93,9213.09,3162141
2018-04-04,9227.91,9340.62,9120.26,9232.91,1691560
2018-04-05,9260.92,9354.78,9121.08,9214.47,1373657
2018-04-06,9099.51,9196.0,9000.9,9097.37,1932683
2018-04-09,9014.94,9089.18,8951.76,9025.93,2143671
2018-04-10,9001.06,9098.71,8915.97,9013.49,1541949
2018-04-11,9011.42,9101.28,8954.68,9044.34,2725154
2018-04-12,9174.72,9279.48,9054.84,9159.42,1118983
2018-04-13,9332.57,9425.85,9262.48,9355.59,1115671
2018-04-16,9352.81,9448.17,9227.05,9322.09,2475906
2018-04-17,9225.56,9418.04,9069.62,9261.49,983442
2018-04-18,9353.86,9435.13,9269.04,9350.29,3070682
2018-04-19,9501.86,9636.58,9334.93,9469.19,1965842
2018-04-20,9349.91,9584.94,9176.77,9410.67,662154
2018-04-23,9618.63,9748.52,9431.63,9560.74,2117399
2018-04-24,9733.66,9823.16,9656.7,9746.1,721373
2018-04-25,9995.01,10096.68,9889.16,9990.78,3005688
2018-04-26,10349.18,10492.57,10188.32,10331.47,1707893
2018-04-27,10209.03,10337.65,10058.49,10186.84,6020317
2018-04-30,10212.8,10286.63,10130.64,10204.41,3770762
2018-05-01,10251.87,10371.84,10101.68,10221.29,1049248
2018-05-02,10233.73,10368.26,10083.49,10217.82,589810
2018-05-03,10166.69,10258.29,10022.14,10113.26,1260399
2018-05-04,9875.44,10015.54,9720.11,9859.99,952880
2018-05-07,9948.12,10008.33,9829.97,9889.83,5929454
2018-05-08,9793.37,9891.78,9668.81,9766.96,1970526
2018-05-09,9741.81,9962.01,9575.57,9794.87,3471340
2018-05-10,9743.99,9830.6,9582.31,9668.25,1671081
2018-05-11,9474.34,9624.3,9340.96,9490.69,1780134
2018-05-14,9585.38,9692.26,9436.16,9542.56,1944321
2018-05-15,9580.87,9674.26,9486.73,9580.1,3851308
2018-05-16,9722.86,9905.08,9510.36,9692.01,2390408
2018-05-17,10071.82,10195.1,9969.6,10092.67,1051364
2018-05-18,10173.79,10260.77,10067.9,10154.72,5248791
2018-05-21,10247.42,10446.36,10056.41,10255.21,1663294
2018-05-22,10116.89,10280.68,9906.18,10069.2,1508592
2018-05-23,9862.1,10012.27,9699.17,9849.14,363050
2018-05-24,10172.87,10231.29,10086.12,10144.38,2901213
2018-05-25,9922.51,10056.94,9853.36,9987.35,2106645
2018-05-28,9808.7,9954.22,9665.73,9811.22,2105272
2018-05-29,9825.97,9905.97,9733.98,9813.88,1557052
2018-05-30,9813.88,9896.16,9725.07,9807.3,1404046
2018-05-31,9686.09,9847.72,9497.07,9658.24,1588422
2018-06-01,9603.53,9703.38,9514.32,9614.08,2617935
2018-06-04,9839.34,9899.1,9778.14,9837.9,2909438
2018-06-05,9738.95,9792.97,9650.74,9704.56,1726110
2018-06-06,9407.34,9582.42,9297.77,9472.09,3503813
2018-06-07,9659.1,9796.81,9504.59,9642.05,1890998
2018-06-08,9725.87,9911.19,9550.48,9735.62,1465144
2018-06-11,9608.57,9699.13,9544.56,9634.94,2233430
2018-06-12,9380.93,9455.51,9296.96,9371.47,877092
2018-06-13,9287.54,9407.78,9133.66,9253.46,2279874
2018-06-14,9279.76,9376.84,9154.14,9250.92,785983
2018-06-15,9449.75,9569.28,9334.11,9453.58,1070208
2018-06-18,9309.42,9485.02,9109.9,9285.03,590535
2018-06-19,9301.08,9423.6,9154.71,9276.92,1785001
2018-06-20,9393.77,9501.72,9288.31,9396.23,5208384
2018-06-21,8988.73,9186.18,8810.38,9007.46,1848257
2018-06-22,9164.53,9236.92,9109.74,9182.02,2917247
2018-06-25,9016.36,9187.51,8823.04,8993.75,8132576
2018-06-26,9051.47,9166.0,8938.1,9052.61,2526722
2018-06-27,9069.15,9211.93,8955.27,9097.7,1252776
2018-06-28,9234.86,9456.55,9060.97,9281.78,1360630
2018-06-29,9402.28,9520.84,9260.61,9378.87,1983542
2018-07-02,8975.49,9094.31,8871.59,8990.24,1356289
2018-07-03,8876.94,8957.61,8787.56,8868.15,1418552
2018-07-04,8927.18,9060.04,8761.74,8894.1,3580998
2018-07-05,8831.82,8986.73,8712.19,8866.64,3669968
2018-07-06,8945.55,9020.26,8872.06,8946.76,738122
2018-07-09,9073.6,9220.25,8931.68,9078.25,1213595
2018-07-10,9192.03,9326.8,9046.96,9181.57,1500932
2018-07-11,9183.42,9284.07,9049.13,9149.4,2840394
2018-07-12,8817.95,8898.11,8773.28,8853.26,3936668
2018-07-13,8798.75,8901.68,8680.98,8783.73,10030898
2018-07-16,8879.85,8925.06,8807.39,8852.46,1499430
2018-07-17,8677.99,8736.03,8624.84,8682.85,1545043
2018-07-18,8780.8,8885.08,8680.18,8784.42,2822523
2018-07-19,8942.7,8998.4,8875.86,8931.49,1316740
2018-07-20,8963.3,9045.18,8872.24,8954.03,1821959
2018-07-23,8490.3,8616.23,8349.78,8475.49,1545684
2018-07-24,8298.41,8378.32,8204.69,8284.46,411271
2018-07-25,8546.97,8743.37,8376.33,8572.22,2134920
2018-07-26,8515.06,8674.67,8330.7,8489.84,1777260
2018-07-27,8222.03,8335.33,8080.45,8193.35,4251313
2018-07-30,8383.53,8547.05,8215.43,8378.86,1989301
2018-07-31,8344.48,8533.1,8194.11,8382.06,933925
2018-08-01,8548.59,8635.2,8464.96,8551.54,1698304
2018-08-02,8600.29,8740.0,8455.66,8595.28,565434
2018-08-03,8637.67,8728.56,8576.75,8667.43,958811
2018-08-06,8715.64,8858.28,8582.56,8725.06,2903140
2018-08-07,8798.66,8945.29,8689.86,8836.02,1709302
2018-08-08,9223.2,9271.64,9158.07,9206.43,3448689
2018-08-09,9373.99,9459.42,9283.94,9369.32,609177
2018-08-10,9062.05,9283.06,8886.88,9107.02,1714313
2018-08-13,9190.59,9280.08,9091.51,9180.91,1490604
2018-08-14,9370.2,9444.16,9297.84,9371.79,3518372
2018-08-15,9591.93,9666.87,9502.27,9577.1,2968768
2018-08-16,9492.8,9619.8,9377.1,9503.96,2914915
2018-08-17,9682.06,9876.6,9511.27,9705.4,4999487
2018-08-20,9845.97,10030.35,9684.79,9868.79,1589846
2018-08-21,10319.71,10455.81,10200.49,10336.4,4417341
2018-08-22,10198.17,10281.09,10114.68,10197.6,1059678
2018-08-23,10109.1,10166.63,10047.11,10104.62,1036617
2018-08-24,10043.01,10168.73,9923.1,10048.76,3114714
2018-08-27,9947.43,10131.61,9776.12,9960.08,803840
2018-08-28,9791.0,9957.62,9634.88,9801.33,2795885
2018-08-29,9395.52,9500.08,9221.58,9325.36,2107025
2018-08-30,9230.76,9380.94,9102.26,9252.15,3771983
2018-08-31,9297.69,9420.79,9190.36,9313.28,1913287
2018-09-03,9321.55,9449.12,9104.02,9230.34,2050572
2018-09-04,9568.94,9691.07,9434.9,9556.87,2691364
2018-09-05,9518.87,9703.87,9374.04,9558.44,1332290
2018-09-06,9807.11,9930.83,9658.97,9782.38,1297923
2018-09-07,9800.86,10015.49,9613.58,9827.69,2635695
2018-09-10,10001.31,10115.53,9860.2,9974.11,1948221
2018-09-11,10017.12,10075.97,9964.64,10023.46,1552864
2018-09-12,10258.99,10360.32,10171.32,10272.54,1886680
2018-09-13,10331.55,10460.79,10153.29,10281.91,5161489
2018-09-14,10390.76,10526.97,10237.16,10373.14,1519951
2018-09-17,10471.21,10610.33,10302.02,10440.74,1493731
2018-09-18,10399.22,10562.67,10222.42,10385.67,711786
2018-09-19,10446.65,10556.0,10351.38,10460.6,1933008
2018-09-20,10908.76,11072.1,10725.74,10888.79,2940617
2018-09-21,10874.12,11043.33,10666.22,10834.82,3274641
2018-09-24,10920.24,11042.21,10793.91,10915.83,2115772
2018-09-25,11225.0,11348.84,11041.48,11164.65,3518341
2018-09-26,11424.1,11511.88,11307.47,11395.03,3074762
2018-09-27,11403.54,11531.37,11268.55,11396.3,3866151
2018-09-28,10924.89,11108.45,10733.23,10916.65,3578955
2018-10-01,11022.13,11227.52,10812.28,11017.59,5085922
2018-10-02,10545.37,10732.28,10398.75,10585.11,1790819
2018-10-03,10864.97,10971.05,10761.86,10867.91,894271
2018-10-04,10907.36,11073.53,10734.07,10900.13,2952702
2018-10-05,11083.22,11275.76,10904.76,11097.08,3167115
2018-10-08,10928.48,11037.58,10808.43,10917.42,5085974
2018-10-09,10616.37,10801.08,10431.0,10615.69,4277050
2018-10-10,10689.57,10754.83,10599.7,10664.81,6371104
2018-10-11,10678.79,10733.9,10602.58,10657.58,2876003
2018-10-12,10568.27,10640.61,10490.68,10562.98,2274535
2018-10-15,10535.01,10656.05,10457.68,10578.4,863725
2018-10-16,11177.76,11381.02,10915.86,11118.03,2385353
2018-10-17,11280.88,11414.06,11152.56,11285.69,1423313
2018-10-18,11497.55,11605.27,11392.65,11500.34,2251047
2018-10-19,11663.86,11809.39,11530.47,11675.86,2048683
2018-10-22,11972.95,12121.48,11842.17,11990.51,2631435
2018-10-23,12004.53,12118.84,11835.4,11949.18,1870285
2018-10-24,11562.89,11644.62,11433.61,11515.01,3474677
2018-10-25,11491.07,11661.58,11305.48,11475.77,386971
2018-10-26,11640.77,11726.61,11558.72,11644.53,2222173
2018-10-29,11464.22,11654.88,11252.65,11442.96,4079536
2018-10-30,11409.24,11500.8,11315.17,11406.72,6089211
2018-10-31,11259.24,11445.59,11079.42,11265.67,3076111
2018-11-01,11586.35,11784.29,11376.87,11574.61,5448929
2018-11-02,11716.58,11812.82,11635.97,11732.11,2194273
2018-11-05,11879.89,11954.75,11796.1,11870.91,1986167
2018-11-06,12012.33,12243.49,11773.96,12004.97,2724101
2018-11-07,12019.23,12162.81,11854.21,11997.53,1978962
2018-11-08,12018.62,12215.02,11844.91,12040.99,1239954
2018-11-09,11812.75,11875.93,11724.58,11787.64,1455493
2018-11-12,11302.79,11437.66,11199.03,11333.61,1017346
2018-11-13,11345.73,11508.24,11202.99,11365.25,2722405
2018-11-14,11414.69,11641.97,11205.88,11432.83,1996358
2018-11-15,11648.07,11791.66,11542.4,11685.65,1597304
2018-11-16,12058.91,12259.43,11822.38,12022.28,1411254
2018-11-19,12332.48,12553.14,12148.32,12368.44,2684577
2018-11-20,12124.41,12231.64,12042.82,12149.88,3166916
2018-11-21,12120.33,12234.27,11961.35,12074.86,1006200
2018-11-22,12160.77,12285.99,12056.58,12181.62,915649
2018-11-23,12744.58,12900.18,12596.26,12751.78,3515547
2018-11-26,13058.65,13288.73,12868.9,13098.41,868845
2018-11-27,13400.95,13555.08,13213.8,13367.55,2753799
2018-11-28,13310.95,13426.33,13162.14,13277.23,5231169
2018-11-29,13099.57,13301.8,12868.8,13070.59,5238474
2018-11-30,13281.86,13464.72,13077.92,13260.48,3087040
2018-12-03,13006.27,13172.62,12837.09,13003.4,3033676
2018-12-04,12930.53,13123.36,12758.34,12950.9,7657104
2018-12-05,12895.9,13035.17,12788.49,12927.5,488630
2018-12-06,13358.61,13561.75,13104.76,13307.12,1500634
2018-12-07,13256.5,13399.83,13083.14,13226.15,3298885
2018-12-10,12635.38,12794.05,12503.31,12661.71,1619499
2018-12-11,12782.63,12875.26,12688.49,12781.1,4171836
2018-12-12,12613.93,12801.46,12437.94,12625.3,1936489
2018-12-13,12596.38,12816.61,12419.52,12639.16,2145850
2018-12-14,12630.48,12758.11,12496.2,12623.76,1681497
2018-12-17,12550.5,12791.07,12325.87,12566.16,1449158
2018-12-18,12714.44,12976.33,12489.62,12750.87,1427926
2018-12-19,12353.5,12490.9,12271.52,12408.56,2333079
2018-12-20,12240.73,12488.13,12051.91,12298.42,1245765
2018-12-21,12441.93,12591.67,12306.22,12455.81,3512796
2018-12-24,12320.86,12570.43,12074.49,12324.0,2934171
2018-12-25,11945.91,12077.68,11845.86,11977.36,3834884
2018-12-26,12151.38,12263.27,12016.04,12127.71,1007160
2018-12-27,12378.54,12524.99,12234.56,12380.98,715197
2018-12-28,12398.13,12510.09,12264.94,12376.71,1977785
2018-12-31,11946.64,12137.04,11762.9,11953.2,11288334
2019-01-01,12083.4,12259.93,11935.81,12112.0,4238522
2019-01-02,11765.4,11863.21,11663.6,11761.38,1421654
2019-01-03,11788.2,11982.07,11639.72,11833.02,2557925
2019-01-04,11670.5,11884.44,11438.04,11651.64,3068048
2019-01-07,11384.97,11609.85,11192.72,11417.07,872368
2019-01-08,11364.08,11505.93,11191.4,11332.86,4509854
2019-01-09,11290.43,11407.32,11185.12,11301.9,1793259
2019-01-10,11213.67,11300.0,11091.99,11178.04,1877762
2019-01-11,11265.7,11509.22,11060.94,11303.77,2011257
2019-01-14,11197.29,11395.73,11022.02,11220.1,3940129
2019-01-15,11439.87,11595.25,11271.61,11426.81,1260338
2019-01-16,11532.31,11742.11,11282.9,11491.96,711989
2019-01-17,11412.56,11490.46,11278.28,11355.79,2406714
2019-01-18,11188.79,11359.27,11016.93,11187.4,581755
2019-01-21,10927.58,11017.74,10778.0,10867.67,1655043
2019-01-22,10922.52,11006.45,10848.15,10932.02,4041492
2019-01-23,10905.7,11036.4,10739.61,10869.87,2806521
2019-01-24,10393.27,10535.41,10280.91,10422.73,3705814
2019-01-25,10343.0,10540.73,10132.49,10329.98,2876862
2019-01-28,10099.61,10271.35,10000.03,10171.06,8420676
2019-01-29,10436.04,10651.62,10256.29,10471.27,1393119
2019-01-30,10176.91,10342.11,9997.72,10162.68,2517757
2019-01-31,9870.8,10058.65,9722.55,9909.81,1524424
2019-02-01,10130.42,10320.94,9927.2,10117.46,3520384
2019-02-04,10403.78,10519.46,10260.2,10375.56,1910843
2019-02-05,10229.92,10356.44,10118.98,10245.33,5561102
2019-02-06,10107.95,10212.58,10033.01,10137.42,1441955
2019-02-07,10244.08,10352.4,10150.49,10258.67,4612478
2019-02-08,9817.26,10024.95,9638.62,9845.79,2830272
2019-02-11,9526.3,9644.64,9410.88,9529.19,1944515
2019-02-12,9491.91,9587.97,9392.97,9489.0,2745477
2019-02-13,9756.65,9846.1,9676.24,9765.61,2319259
2019-02-14,9746.22,9865.85,9578.48,9697.51,2454841
2019-02-15,9702.45,9876.58,9549.64,9723.44,1751314
2019-02-18,9973.93,10066.7,9840.1,9932.47,1301524
2019-02-19,10293.11,10494.35,10124.66,10325.37,1621654
2019-02-20,10229.92,10377.71,10079.93,10227.69,722240
2019-02-21,10269.98,10442.65,10061.59,10233.66,3285958
2019-02-22,10620.23,10713.31,10491.55,10584.31,944963
2019-02-25,10294.53,10456.63,10145.62,10307.53,1740028
2019-02-26,10527.0,10603.91,10432.71,10509.5,2925064
2019-02-27,10341.12,10449.25,10220.07,10328.07,3280931
2019-02-28,10339.9,10520.99,10175.86,10356.68,683655
2019-03-01,10340.2,10489.87,10171.73,10321.13,1876447
2019-03-04,10210.9,10290.73,10074.78,10154.16,2612574
2019-03-05,9999.58,10178.32,9806.95,9985.45,2045616
2019-03-06,10061.82,10120.18,9986.49,10044.75,4441243
2019-03-07,10256.75,10399.61,10093.54,10236.11,1210950
2019-03-08,10177.21,10423.98,9976.14,10222.02,579879
2019-03-11,10258.92,10392.0,10111.87,10244.77,3224200
2019-03-12,10329.05,10536.89,10153.36,10360.66,1436540
2019-03-13,10172.89,10332.86,10031.2,10190.92,690295
2019-03-14,10404.64,10578.88,10164.47,10337.59,1802873
2019-03-15,10493.48,10657.23,10337.82,10501.46,4148821
2019-03-18,10991.68,11185.43,10822.77,11016.14,929171
2019-03-19,10990.48,11082.99,10860.42,10952.61,8053340
2019-03-20,10842.5,11048.77,10667.64,10873.41,1199326
2019-03-21,11021.08,11130.46,10926.64,11035.89,2089021
2019-03-22,11252.94,11474.73,10989.97,11210.93,954096
