Date,Open,High,Low,Close,Volume
2015-01-02 00:00:00-05:00,95.31439731765494,95.71857849986742,94.10183975422629,94.56114196777344,31314600
2015-01-05 00:00:00-05:00,94.14777555809657,94.25801062383027,92.90766085427671,93.17405700683594,36521300
2015-01-06 00:00:00-05:00,93.31183053869204,93.46799159447637,91.51136687330951,91.92473602294922,66205500
2015-01-07 00:00:00-05:00,92.53103813419852,93.33021959634728,92.31056799918137,93.10975646972656,37577400
2015-01-08 00:00:00-05:00,93.89975873112881,95.07557144015638,93.79871166940957,94.89185333251953,40212600
2015-01-09 00:00:00-05:00,95.18577034364614,95.21332734848164,93.7159980074097,94.26716613769531,41410100
2015-01-12 00:00:00-05:00,94.45091881412603,94.55196587450978,93.04545498492944,93.28429412841797,34129800
2015-01-13 00:00:00-05:00,94.193686556386,95.18578089075696,92.50345098578421,93.25670623779297,56162300
2015-01-14 00:00:00-05:00,92.31977512480324,93.2200108415561,91.92477481159504,92.7423324584961,51354200
2015-01-15 00:00:00-05:00,93.17403979776607,93.32101284986905,91.42869012552494,91.53892517089844,51005400
2015-01-16 00:00:00-05:00,91.41951980293796,92.73312456205078,91.27254672240595,92.61370849609375,35362200
2015-01-20 00:00:00-05:00,93.17404994737757,93.58741914786593,92.12684143163764,93.34858703613281,30964100
2015-01-21 00:00:00-05:00,93.07299287890433,94.2671813426158,92.74229475075023,93.82624816894531,40128800
2015-01-22 00:00:00-05:00,94.19373506261593,95.66350131019094,93.36698935823053,95.56245422363281,40887200
2015-01-23 00:00:00-05:00,95.55321918509321,96.06764237485977,95.27764209152758,95.77368927001953,34783000
2015-01-26 00:00:00-05:00,95.66349029541016,95.83802742635024,95.1766309389957,95.66349029541016,19960900
2015-01-27 00:00:00-05:00,94.15697674418604,94.21209078056867,92.87092883087868,93.18325805664062,45253200
2015-01-28 00:00:00-05:00,94.6805831082977,94.7816301827247,92.6872126553239,92.70558166503906,43591700
2015-01-29 00:00:00-05:00,92.63205085177093,93.77112518805279,91.8236816204305,93.59658813476562,46539700
2015-01-30 00:00:00-05:00,93.51396102612215,94.2304715689608,92.74232943571292,92.87093353271484,42927600
2015-02-02 00:00:00-05:00,93.08221160138004,93.76197708539542,91.63081456090622,93.67930603027344,43624700
2015-02-03 00:00:00-05:00,94.01914152075723,94.64379267737297,93.40367836879005,94.5794906616211,30750400
2015-02-04 00:00:00-05:00,94.19371549275992,95.12150809094359,93.98243335338067,94.49685668945312,34073200
2015-02-05 00:00:00-05:00,94.73565926407238,95.37868648133613,94.49682719128937,95.31438446044922,23605500
2015-02-06 00:00:00-05:00,95.46136264729127,95.69101373545838,94.39578524256127,94.73566436767578,34169300
2015-02-09 00:00:00-05:00,94.36822361356252,94.88263978318739,94.202874557841,94.43252563476562,22604700
2015-02-10 00:00:00-05:00,94.95615169873018,96.03091730447339,94.8091716115877,95.90231323242188,23686500
2015-02-11 00:00:00-05:00,96.01254939223979,96.4718516907278,95.82883127620335,96.25138854980469,20303600
2015-02-12 00:00:00-05:00,96.87602307556092,97.4088153309839,96.72905001002101,97.3720703125,22520300
2015-02-13 00:00:00-05:00,97.64764335020233,98.22636155666758,97.46391827866147,98.20799255371094,29030200
2015-02-17 00:00:00-05:00,98.20802192240225,98.36418302361514,97.95999475374934,98.29988098144531,17675300
2015-02-18 00:00:00-05:00,98.18046029272189,98.49278951116544,98.0518562052443,98.43767547607422,15149600
2015-02-19 00:00:00-05:00,98.3733540845371,98.98882443557545,98.34579707044809,98.92452239990234,19828100
2015-02-20 00:00:00-05:00,98.8602238085331,99.64103627130915,98.54789461838479,99.58592224121094,28336700
2015-02-23 00:00:00-05:00,99.53079722834805,99.71452233533323,99.31033410836206,99.68695831298828,17868000
2015-02-24 00:00:00-05:00,99.5583429212139,99.8798600697782,99.25520879385205,99.76043701171875,19745000
2015-02-25 00:00:00-05:00,99.61348297763858,99.99929521953224,99.29196576766375,99.51243591308594,19472300
2015-02-26 00:00:00-05:00,99.61346561020527,100.07276782049445,99.33788148067354,100.01764678955078,22255500
2015-02-27 00:00:00-05:00,99.98089471282104,100.04520374578087,99.42055250355368,99.57671356201172,27757600
2015-03-02 00:00:00-05:00,99.76962168498548,100.51368898571762,99.75124567279236,100.47694396972656,22988600
2015-03-03 00:00:00-05:00,100.17382535066801,100.2748724081779,99.37463689810697,100.00847625732422,20788900
2015-03-04 00:00:00-05:00,99.67777881300154,99.82475189240381,99.08068447101334,99.6226577758789,21007400
2015-03-05 00:00:00-05:00,99.87987348651717,100.10033661104816,99.38382620002515,99.79719543457031,15381000
2015-03-06 00:00:00-05:00,99.6686112826105,99.86151743118201,98.41930831323498,98.6673355102539,30990400
2015-03-09 00:00:00-04:00,98.86939409896611,99.20009226052893,98.46521290803047,98.95207214355469,26237100
2015-03-10 00:00:00-04:00,98.24475548440664,98.27231950842693,97.11487579345703,97.11487579345703,34234500
2015-03-11 00:00:00-04:00,97.26183435005672,97.38125741111465,96.51776700578455,96.55451202392578,25459700
2015-03-12 00:00:00-04:00,96.48100998685305,97.29856726571583,96.41670796520299,97.18833923339844,21473200
2015-03-13 00:00:00-04:00,97.09650633207008,97.48232560203637,96.15953269563106,96.76580810546875,42021100
2015-03-16 00:00:00-04:00,97.12402784254516,98.05181306422527,97.02298081707202,98.01506805419922,25674100
2015-03-17 00:00:00-04:00,97.74870742284364,98.32742573016642,97.5190562996907,98.1712646484375,19603800
2015-03-18 00:00:00-04:00,97.90485386249325,99.58590151458009,97.3996186637584,99.13578033447266,40622200
2015-03-19 00:00:00-04:00,99.23685810235287,99.5583683245584,99.089885004372,99.28279113769531,31314000
2015-03-20 00:00:00-04:00,100.10036880267704,100.42261839747583,99.90701904579777,99.92543029785156,31761400
2015-03-23 00:00:00-04:00,99.87017224577625,100.14638312590156,99.69523377120436,99.73206329345703,17268500
2015-03-24 00:00:00-04:00,99.7228634263907,100.18322196057144,99.3545822186571,99.37299346923828,22445300
2015-03-25 00:00:00-04:00,99.52954738650763,99.62161771961681,97.0620245267945,97.0988540649414,41581400
2015-03-26 00:00:00-04:00,96.29781959753049,97.31981636845933,95.97556994555192,96.76738739013672,47846300
2015-03-27 00:00:00-04:00,96.74893444186378,97.38422433213117,96.60161636472131,97.15404510498047,33878400
2015-03-30 00:00:00-04:00,97.74334180399198,98.35101150622985,97.74334180399198,98.26815032958984,30570200
2015-03-31 00:00:00-04:00,97.99192671902213,98.19448561628248,97.20010940673949,97.22772979736328,30488100
2015-04-01 00:00:00-04:00,97.22772656655562,97.24614484270238,96.09524844152509,96.7213363647461,32970500
2015-04-02 00:00:00-04:00,96.813425143511,97.09884525761532,96.47275721493948,96.78580474853516,19164200
2015-04-06 00:00:00-04:00,96.21497182602477,97.84463859296058,96.06765366485811,97.57763671875,24451100
2015-04-07 00:00:00-04:00,97.52233914497667,98.24049725300391,97.41185760498047,97.41185760498047,19379400
2015-04-08 00:00:00-04:00,97.44872600636641,98.32341174894114,97.4395238900406,98.185302734375,25866900
2015-04-09 00:00:00-04:00,98.13923707296902,98.83898406974203,97.80778536346007,98.80215454101562,23114700
2015-04-10 00:00:00-04:00,98.76535084302074,99.2165074195273,98.54438063738492,99.2072982788086,17164300
2015-04-13 00:00:00-04:00,99.28094409495932,99.78733437459304,98.84820585768934,98.95869445800781,17783500
2015-04-14 00:00:00-04:00,98.85741120994744,99.14283130252501,98.11162547927047,98.67326354980469,23755700
2015-04-15 00:00:00-04:00,98.93106670484724,99.50191393445527,98.81137598996025,99.29014587402344,21128600
2015-04-16 00:00:00-04:00,99.02313110732787,99.32696242456109,98.8850221315777,99.15203094482422,16195300
2015-04-17 00:00:00-04:00,98.20369982305876,98.47070162921194,97.18170317014564,97.60523223876953,46514000
2015-04-20 00:00:00-04:00,98.09321011872574,99.24410660450319,98.0563805882391,99.06916809082031,28945900
2015-04-21 00:00:00-04:00,99.64003207500573,99.81497061818168,99.3730232023483,99.49271392822266,22759800
2015-04-22 00:00:00-04:00,99.75050731314155,100.20166384056934,99.10600802326675,100.03593444824219,21429200
2015-04-23 00:00:00-04:00,99.69525572070663,100.86457048000446,99.67684446778333,100.41341400146484,29473200
2015-04-24 00:00:00-04:00,101.47225413039976,101.91420153102426,101.30652473323003,101.77609252929688,32508100
2015-04-27 00:00:00-04:00,102.15356244092537,102.34691921918696,101.29729523175031,101.51827239990234,31121300
2015-04-28 00:00:00-04:00,101.59193819472544,101.78529499918228,100.45945990870783,101.31572723388672,36849200
2015-04-29 00:00:00-04:00,100.75407898047125,101.3433374002123,100.12799103143206,100.680419921875,34043900
2015-04-30 00:00:00-04:00,100.10959642058492,100.51470726117826,98.5719931709739,99.0968017578125,44080500
2015-05-01 00:00:00-04:00,99.48350331584378,100.46867050863884,99.46508503681102,100.40422058105469,32874300
2015-05-04 00:00:00-04:00,100.72647417380469,101.19604196436319,100.5147061037048,100.56995391845703,23507300
2015-05-05 00:00:00-04:00,100.17402691116668,100.35816752801789,98.88502151966543,98.9310531616211,47843300
2015-05-06 00:00:00-04:00,99.10599256450556,99.39141263057034,97.59601701417196,98.24972534179688,42687200
2015-05-07 00:00:00-04:00,98.2220952608673,99.11519192407042,98.14843621091963,98.83897399902344,29335800
2015-05-08 00:00:00-04:00,99.86095540817809,100.2844843446531,99.71364435504063,100.07272338867188,33023300
2015-05-11 00:00:00-04:00,100.13719924700275,100.33975814401839,99.61239075224152,99.68604278564453,19679300
2015-05-12 00:00:00-04:00,99.0967848207353,99.7412910436637,98.33259492104854,99.23489379882812,33665000
2015-05-13 00:00:00-04:00,99.66764116287231,100.18324056908023,99.29014372295933,99.43746185302734,20738400
2015-05-14 00:00:00-04:00,100.24769037377692,100.97505783495032,99.87940909808182,100.89219665527344,23904200
2015-05-15 00:00:00-04:00,101.14999635806602,101.28810534870921,100.64359906721269,100.89219665527344,23937400
2015-05-18 00:00:00-04:00,100.7264748222231,101.53670352381103,100.65281575175631,101.33414459228516,17631100
2015-05-19 00:00:00-04:00,101.44461822556039,101.60113845881449,101.05791869945692,101.22364807128906,14212900
2015-05-20 00:00:00-04:00,101.29729568055598,101.89576322071943,100.75407594493241,101.28809356689453,21131900
2015-05-21 00:00:00-04:00,101.11318008637559,101.95103625484964,100.96586896168102,101.81292724609375,16771800
2015-05-22 00:00:00-04:00,101.69321349689032,102.07992006547919,101.62876357287799,101.71163177490234,13543800
2015-05-26 00:00:00-04:00,101.49065721217568,101.62875916870671,100.13720184205502,100.54231262207031,25488400
2015-05-27 00:00:00-04:00,100.84616993279742,102.27328463101715,100.62519973629465,102.16279602050781,30572700
2015-05-28 00:00:00-04:00,101.96943909236737,102.20882755281195,101.61956905365251,101.93260955810547,17302400
2015-05-29 00:00:00-04:00,101.86814804713197,102.00625702878257,101.08553985046467,101.3249282836914,30383000
2015-06-01 00:00:00-04:00,101.86816256972492,101.94182164037488,100.83695665417218,101.66560363769531,24570200
2015-06-02 00:00:00-04:00,101.2880972306715,101.84052612445312,100.79090911891369,101.34333801269531,19449600
2015-06-03 00:00:00-04:00,101.80368360321603,102.02465372762659,101.39856585470199,101.64716339111328,20507200
2015-06-04 00:00:00-04:00,101.07633057034923,101.72083680897848,100.55152206042314,100.87377166748047,31374600
2015-06-05 00:00:00-04:00,100.75407485220232,100.99346327057427,100.01749834544904,100.63438415527344,22641700
2015-06-08 00:00:00-04:00,100.58832340903257,100.66198244844166,99.40980687653754,99.61236572265625,24549200
2015-06-09 00:00:00-04:00,99.37298859630276,99.80572672113476,98.70086207857175,99.44664764404297,27554600
2015-06-10 00:00:00-04:00,99.78732194649456,101.10394774878633,99.67684038445134,100.80931854248047,30297900
2015-06-11 00:00:00-04:00,101.14999191948894,101.41700074981176,100.7817036354397,100.9566421508789,17593500
2015-06-12 00:00:00-04:00,100.42261227977399,100.63438030032056,99.98987412547169,100.12798309326172,27201800
2015-06-15 00:00:00-04:00,99.3822001988009,99.78731092239497,98.80214396409883,99.63079071044922,31238800
2015-06-16 00:00:00-04:00,99.52952028396456,100.33975585353159,99.48348864220276,100.17402648925781,16456900
2015-06-17 00:00:00-04:00,100.33974428297847,100.77247538330784,99.83334711039365,100.45022583007812,23296700
2015-06-18 00:00:00-04:00,100.81850626121768,102.08909312637003,100.76326549193236,101.9141616821289,43032400
2015-06-19 00:00:00-04:00,101.9640389569915,102.04709776958974,101.33651086441974,101.41033935546875,27877600
2015-06-22 00:00:00-04:00,102.15782165527344,102.46235886513949,101.92711292792126,102.15782165527344,19120900
2015-06-23 00:00:00-04:00,102.26852863766217,102.3331267771178,101.81634166147282,102.2408447265625,18127900
2015-06-24 00:00:00-04:00,102.1209009388079,102.55462737466138,101.68716746228375,101.71485137939453,15815900
2015-06-25 00:00:00-04:00,102.11166190077095,102.2131742819567,101.3457074029768,101.5118179321289,18326700
2015-06-26 00:00:00-04:00,101.49336889263779,101.72407758011448,100.45979143810091,100.83815002441406,32311700
2015-06-29 00:00:00-04:00,99.72152401487075,100.27523051508012,98.41110031780589,98.45724487304688,50874900
2015-06-30 00:00:00-04:00,99.1955112919088,99.40776639511196,98.50338518764354,98.80792236328125,34809900
2015-07-01 00:00:00-04:00,99.78613304193539,99.98915784204723,99.13092112200165,99.59233856201172,21293000
2015-07-02 00:00:00-04:00,99.87839472677706,99.96144646364304,99.31546504134279,99.6199951171875,20499400
2015-07-06 00:00:00-04:00,98.99246307243418,99.96144220527539,98.78021506014994,99.3892822265625,24311000
2015-07-07 00:00:00-04:00,99.5000545027532,99.73076321816866,97.66361509943408,99.63848114013672,44230800
2015-07-08 00:00:00-04:00,98.92790418522732,99.04787723519576,97.71899264932482,97.90355682373047,39691500
2015-07-09 00:00:00-04:00,99.20475109882567,99.29703318008562,97.83895235789521,97.84818267822266,28381000
2015-07-10 00:00:00-04:00,99.14938331245676,99.71231316132346,98.78947826687595,99.34317779541016,26415800
2015-07-13 00:00:00-04:00,100.20139791352403,101.17037016761651,100.19216759472211,101.08731842041016,25780700
2015-07-14 00:00:00-04:00,101.22576203960219,102.02862389344416,101.1703871581613,101.75177764892578,21977200
2015-07-15 00:00:00-04:00,101.9455618452021,102.25932229879642,101.57642651575468,101.86250305175781,28631500
2015-07-16 00:00:00-04:00,102.70226485845701,103.32056235900185,102.49924011722275,103.30210876464844,29838900
2015-07-17 00:00:00-04:00,104.13267250358443,104.82479858398438,103.95733868420578,104.82479858398438,35926800
2015-07-20 00:00:00-04:00,105.04627340195736,105.56305857017493,104.72328267182138,105.18470001220703,26539000
2015-07-21 00:00:00-04:00,105.22162253976303,105.38773308813937,104.81558000869822,105.1201171875,35468900
2015-07-22 00:00:00-04:00,103.51438469983837,104.43721956111678,103.51438469983837,103.9296646118164,35575000
2015-07-23 00:00:00-04:00,104.03120753317212,104.37265202599734,103.2744830065233,103.54209899902344,25698300
2015-07-24 00:00:00-04:00,104.09576269264312,104.28032682651038,102.37005917423564,102.52693939208984,30844700
2015-07-27 00:00:00-04:00,101.94555566085556,102.38851239678466,101.45645437129326,101.67793273925781,35994800
2015-07-28 00:00:00-04:00,102.13013090916034,102.75765888724754,101.31803877779446,102.55463409423828,33553500
2015-07-29 00:00:00-04:00,102.77610443599163,103.16369332536851,102.37928522810479,102.94221496582031,26714100
2015-07-30 00:00:00-04:00,102.70230262187333,103.6066769317833,102.08400489398174,103.43134307861328,25438100
2015-07-31 00:00:00-04:00,103.75435005206359,103.80971790476934,103.09913797924435,103.31138610839844,22081700
2015-08-03 00:00:00-04:00,103.32980128422237,103.61587778488212,102.30545421587755,102.98834991455078,25001800
2015-08-04 00:00:00-04:00,102.94224315555392,103.12680733227353,102.37008294264793,102.79458618164062,22132300
2015-08-05 00:00:00-04:00,103.36674789494663,104.28035255211233,103.2467748417326,103.58822631835938,28989900
2015-08-06 00:00:00-04:00,103.68049642904113,103.81892306793263,101.46569132879097,101.92710876464844,42125400
2015-08-07 00:00:00-04:00,101.6779313579891,102.03783634129366,100.95812139137996,101.79789733886719,30006800
2015-08-10 00:00:00-04:00,102.4438928668744,103.1821564806522,102.43466254750935,102.96067810058594,21500800
2015-08-11 00:00:00-04:00,102.41622197714896,102.81304127227448,101.07810712583196,101.64103698730469,36123300
2015-08-12 00:00:00-04:00,100.93966810772774,102.19472400169654,99.8691833985607,101.99169921875,41889000
2015-08-13 00:00:00-04:00,102.09321498732768,102.5823233627283,101.6041136525981,101.82559204101562,22510500
2015-08-14 00:00:00-04:00,101.58563323771716,102.13010226565684,101.3826085016484,101.98245239257812,17924900
2015-08-17 00:00:00-04:00,101.73332136561032,102.85918111395324,101.47492871005723,102.83149719238281,21224900
2015-08-18 00:00:00-04:00,102.6930852546722,102.7761440719535,102.16706954746668,102.30549621582031,13984400
2015-08-19 00:00:00-04:00,101.99167984349793,102.53615593439109,101.04116130451794,101.63177490234375,42511400
2015-08-20 00:00:00-04:00,100.69051525739037,101.01350606026286,98.80793123978468,98.8171615600586,57747300
2015-08-21 00:00:00-04:00,97.42366009915895,98.25421274668587,94.49827575683594,94.49827575683594,97763400
2015-08-24 00:00:00-04:00,86.95874701408133,94.61827345405587,78.20103760685171,90.86233520507812,150829900
2015-08-25 00:00:00-04:00,94.19375216803968,94.81204982325046,90.44704495749367,90.52086639404297,75088300
2015-08-26 00:00:00-04:00,93.16942833155932,95.26426789468596,91.2960742557277,95.07969665527344,104103800
2015-08-27 00:00:00-04:00,96.45468849877889,97.55286414444603,95.31037533832706,97.48826599121094,69377700
2015-08-28 00:00:00-04:00,96.97150163865551,97.82050813268732,96.75924649481146,97.46983337402344,49919600
2015-08-31 00:00:00-04:00,96.92533695127433,97.46058281969962,96.02096279906539,96.26089477539062,39549400
2015-09-01 00:00:00-04:00,93.86153931276284,95.31962018302819,92.86487590468234,93.25247192382812,73155500
2015-09-02 00:00:00-04:00,94.94124239601508,95.90099144003908,93.85229704228314,95.88253784179688,43963600
2015-09-03 00:00:00-04:00,96.26090213463607,96.91611404131561,95.14427279728042,95.41189575195312,45131800
2015-09-04 00:00:00-04:00,94.10147643672418,94.91356861889119,93.75079466661785,94.27681732177734,49379600
2015-09-08 00:00:00-04:00,96.08560178094203,97.05457449861055,95.68878237065671,96.93460845947266,37343500
2015-09-09 00:00:00-04:00,98.07890106342103,98.106584986459,95.59647270115764,95.84564208984375,47146700
2015-09-10 00:00:00-04:00,95.73489926323083,97.5252013851023,95.62416357118744,96.88844299316406,47686700
2015-09-11 00:00:00-04:00,96.44546528926311,97.42366790771484,96.16861203767418,97.42366790771484,29106100
2015-09-14 00:00:00-04:00,97.7835764386752,97.80203707780493,96.75922922777386,97.12836456298828,19718800
2015-09-15 00:00:00-04:00,97.35909276760752,98.57723468932889,96.99918767987204,98.27269744873047,30020200
2015-09-16 00:00:00-04:00,98.29111625771235,98.91864407398096,97.94966491745745,98.82635498046875,31329100
2015-09-17 00:00:00-04:00,98.72487691163771,100.33983792466864,98.41110939652835,98.86329650878906,56139800
2015-09-18 00:00:00-04:00,97.34617112592105,98.61352620398799,97.29066152683326,97.4571762084961,48384000
2015-09-21 00:00:00-04:00,97.99370586868486,98.5672578993778,96.88361290492963,97.76243591308594,35772600
2015-09-22 00:00:00-04:00,96.26383060572579,96.59685999824838,95.40350585134257,96.30083465576172,47359700
2015-09-23 00:00:00-04:00,96.55983003726348,96.8188583180072,95.87527293979542,96.37481689453125,21775100
2015-09-24 00:00:00-04:00,95.44047254501551,96.38405780710103,94.60789938958656,96.02327728271484,38284300
2015-09-25 00:00:00-04:00,97.05014273168429,97.14264931682996,94.61717790133258,95.209228515625,44700000
2015-09-28 00:00:00-04:00,94.80218746087677,94.86694276897153,92.2212137963014,92.49873352050781,44077500
2015-09-29 00:00:00-04:00,92.73000093536561,93.67358632198867,91.35163395366618,92.01769256591797,49315500
2015-09-30 00:00:00-04:00,93.33130924404364,94.23789063882512,92.97052865270189,94.1361312866211,41411400
2015-10-01 00:00:00-04:00,94.30261671956372,94.57089065060484,93.05375361283501,94.56163787841797,39339100
2015-10-02 00:00:00-04:00,93.24808383715157,96.21759033203125,92.95205846545083,96.21759033203125,59370900
2015-10-05 00:00:00-04:00,96.92988090946503,97.85496090601697,96.71711646262624,97.59593963623047,32853500
2015-10-06 00:00:00-04:00,97.3646546681722,97.68843120562767,96.37481950635168,97.13338470458984,33051500
2015-10-07 00:00:00-04:00,97.74396774345506,97.92898094220799,96.47660545281394,97.7162094116211,37389300
2015-10-08 00:00:00-04:00,97.34619372547202,98.2712739366289,96.40260795772294,98.1047592163086,50188900
2015-10-09 00:00:00-04:00,98.15099762160577,98.73380260411115,97.88272354451301,98.54878234863281,23916200
2015-10-12 00:00:00-04:00,98.7337735916131,98.9742892663588,98.38223873840185,98.78927612304688,16162000
2015-10-13 00:00:00-04:00,98.22500144613628,99.22408960880607,98.05848675235798,98.15099334716797,26999600
2015-10-14 00:00:00-04:00,98.15100583344751,98.6412972003336,97.58670635817819,97.99374389648438,30902600
2015-10-15 00:00:00-04:00,98.35450643448885,99.61261581339852,98.2249957976423,99.60336303710938,38393800
2015-10-16 00:00:00-04:00,99.81614220253475,100.07516349609915,99.3350966078001,100.01966094970703,27091100
2015-10-19 00:00:00-04:00,99.89012978888535,100.65794073489724,99.66810553331132,100.59318542480469,23776300
2015-10-20 00:00:00-04:00,100.41742400385073,100.63018842432109,99.73285980962585,100.07514190673828,23404700
2015-10-21 00:00:00-04:00,100.58396806329321,100.68572038686713,99.42761787293797,99.46461486816406,30195200
2015-10-22 00:00:00-04:00,100.35267231912437,101.5737775250321,100.06589274607204,101.49051666259766,42778700
2015-10-23 00:00:00-04:00,104.21950792627982,104.75604891982007,103.67370709948922,104.33051300048828,53170900
2015-10-26 00:00:00-04:00,104.2565155159907,104.59879766447828,103.85873082475395,104.39527893066406,25918000
2015-10-27 00:00:00-04:00,104.11774103017962,104.75604133405581,104.08998270583785,104.6080322265625,31390500
2015-10-28 00:00:00-04:00,104.76532961668548,105.4776382446289,103.92350327131436,105.4776382446289,42221900
2015-10-29 00:00:00-04:00,104.99660282834478,105.4868942056958,104.88559066340044,105.31112670898438,24913300
2015-10-30 00:00:00-04:00,105.3573598594661,105.53312731666774,104.81156605122978,104.83931732177734,27199200
2015-11-02 00:00:00-05:00,105.11681045455235,106.15290232524453,104.89479328861776,106.02339172363281,22176900
2015-11-03 00:00:00-05:00,105.81062022302078,106.77270401867473,105.65335835796732,106.39342498779297,20418400
2015-11-04 00:00:00-05:00,106.74497683075687,106.81898492199115,105.95866027034293,106.40269470214844,28633000
2015-11-05 00:00:00-05:00,106.49519953395772,106.75422077404686,105.56086686837949,106.11591339111328,25004100
2015-11-06 00:00:00-05:00,105.9124221733515,106.31020691181082,105.23711763040045,106.18994903564453,29924900
2015-11-09 00:00:00-05:00,105.79217746124282,105.93094090965612,104.41380987135571,105.06136322021484,33479800
2015-11-10 00:00:00-05:00,104.50627254684704,104.89480439281229,104.1917417254948,104.79304504394531,35452100
2015-11-11 00:00:00-05:00,105.07984216995058,105.58863903353867,104.4877914874849,104.66355895996094,22748800
2015-11-12 00:00:00-05:00,104.23801622028321,104.74681305091033,103.57195748120786,103.64596557617188,31196900
2015-11-13 00:00:00-05:00,103.2111934838945,103.32220564424186,101.55529914550443,101.61080169677734,52836000
2015-11-16 00:00:00-05:00,101.50901517551469,103.09090087409818,101.27774521271947,103.07239532470703,33980600
2015-11-17 00:00:00-05:00,103.24817338926623,103.87722803517251,102.87813999912139,103.13716125488281,30579500
2015-11-18 00:00:00-05:00,103.55346368258321,105.21860354798638,103.45170431184295,105.1168441772461,32966500
2015-11-19 00:00:00-05:00,105.17235080904203,105.67189487189236,104.98733056846754,105.19084930419922,26188100
2015-11-20 00:00:00-05:00,105.69040382074841,105.98642917714656,105.58864444281768,105.9031753540039,22727600
2015-11-23 00:00:00-05:00,105.94016022041968,106.32869919067753,105.14459790063559,105.59788513183594,20696200
2015-11-24 00:00:00-05:00,104.91330531736146,105.75512427984243,104.3860030467693,105.50535583496094,26374400
2015-11-25 00:00:00-05:00,105.66264045057883,105.79215108806464,105.37586790440317,105.59788513183594,14159900
2015-11-27 00:00:00-05:00,105.82917152884114,105.95868218638851,105.38512994739192,105.74591064453125,8828000
2015-11-30 00:00:00-05:00,106.06044327074788,106.06044327074788,105.1353630975321,105.4776382446289,25041600
2015-12-01 00:00:00-05:00,105.90314906589407,106.5322036743164,105.77363138793113,106.5322036743164,28639400
2015-12-02 00:00:00-05:00,106.61545582383798,107.07799576233619,105.71812721390354,105.8753890991211,22395500
2015-12-03 00:00:00-05:00,106.16217166446638,106.34718482198143,103.46093298326977,104.08074188232422,42754300
2015-12-04 00:00:00-05:00,104.39526103192703,106.68946219548761,104.18249661600039,106.5136947631836,40037300
2015-12-07 00:00:00-05:00,106.58769263173858,106.65244793357152,105.52384948065564,106.03264617919922,25892100
2015-12-08 00:00:00-05:00,104.9225624123784,106.38419037399741,104.88555836879061,106.04190826416016,30792600
2015-12-09 00:00:00-05:00,105.57937101419256,106.16217589339992,103.79396644763321,104.4322738647461,48509200
2015-12-10 00:00:00-05:00,104.67280561768426,105.60713841356069,104.35827474099894,104.9040756225586,30154600
2015-12-11 00:00:00-05:00,103.69220846798659,103.96973527680305,102.42485345029793,102.48960876464844,56022200
2015-12-14 00:00:00-05:00,102.62836987352992,103.3129270467522,101.18524038088324,103.26667022705078,53098500
2015-12-15 00:00:00-05:00,104.21949739400519,104.79304237358653,103.76620319413081,103.89571380615234,48428000
2015-12-16 00:00:00-05:00,104.59877153781936,105.61635789491748,103.50717710367444,105.44059753417969,44944100
2015-12-17 00:00:00-05:00,105.90315189757683,105.90315189757683,103.88647739822365,103.90497589111328,45668800
2015-12-18 00:00:00-05:00,103.58207541838257,103.8140517642729,101.91184997558594,101.91184997558594,53746100
2015-12-21 00:00:00-05:00,102.87686104360485,103.06243926804564,102.11597899642882,103.04388427734375,26432800
2015-12-22 00:00:00-05:00,103.5913615065098,103.86973596689681,103.04390070160038,103.72126770019531,26540300
2015-12-23 00:00:00-05:00,104.25946344234237,104.56567395901962,104.07388517249038,104.49143981933594,25656900
2015-12-24 00:00:00-05:00,104.49143957699788,104.7605330232092,104.4264864747646,104.4728775024414,11468600
2015-12-28 00:00:00-05:00,104.2223084273666,104.43572973141569,103.47070750494368,104.41716766357422,19183600
2015-12-29 00:00:00-05:00,105.03884623107126,106.29152368108058,104.97389316235144,106.0595474243164,27725700
2015-12-30 00:00:00-05:00,105.96679601175781,106.00391307803838,105.08528869550281,105.10384368896484,19520100
2015-12-31 00:00:00-05:00,104.73267277661911,104.92753203826761,103.77692437993038,103.79548645019531,29886800
2016-01-04 00:00:00-05:00,101.55924612299548,101.69843335287511,100.32513728576603,101.60564422607422,50807600
2016-01-05 00:00:00-05:00,102.10673364272874,102.23663986110428,100.95613267453479,101.42935943603516,38795200
2016-01-06 00:00:00-05:00,99.66631423918113,101.03961015412754,99.66631423918113,100.45503234863281,41891100
2016-01-07 00:00:00-05:00,98.3115730517762,99.55496995327663,97.25376147553658,97.30944061279297,61386300
2016-01-08 00:00:00-05:00,98.01466182813043,98.62708289628382,96.40938917256037,96.51145935058594,69344000
2016-01-11 00:00:00-05:00,97.19808340808184,97.48573179525604,95.32371775465164,96.80836486816406,50024100
2016-01-12 00:00:00-05:00,97.73629302827585,98.43222218897958,96.57641109376966,97.93115234375,46734200
2016-01-13 00:00:00-05:00,98.33014084570156,98.57139824290097,94.40509771015604,94.5535659790039,69870700
2016-01-14 00:00:00-05:00,94.92471132281769,97.41149771308947,93.41222121196718,96.56710052490234,78445700
2016-01-15 00:00:00-05:00,93.36581311502202,94.59064755603511,92.33583789424353,93.5699462890625,91443900
2016-01-19 00:00:00-05:00,94.84120141504715,94.98966966356673,92.67918033163187,93.77410888671875,56563800
2016-01-20 00:00:00-05:00,92.2987477204834,94.48860494660043,90.23879667902112,93.48646545410156,86675000
2016-01-21 00:00:00-05:00,93.88544930955072,94.97109670480145,92.62349765923443,93.57923889160156,61660100
2016-01-22 00:00:00-05:00,95.46289168222887,96.32584386698396,95.13812625341896,96.28872680664062,42229800
2016-01-25 00:00:00-05:00,95.94541934256715,96.49288012800366,94.77625656162748,94.85977172851562,38881500
2016-01-26 00:00:00-05:00,95.25876829417844,96.12171348858064,94.42365204870973,95.71343994140625,36143900
2016-01-27 00:00:00-05:00,95.15667917383793,95.56495263964777,92.9297053228521,93.32870483398438,54524700
2016-01-28 00:00:00-05:00,94.87833868288527,94.91545575291978,93.03180869465109,94.6463623046875,47641500
2016-01-29 00:00:00-05:00,94.61850800673544,96.65989690906079,94.59067197942235,96.6227798461914,54245100
2016-02-01 00:00:00-05:00,96.15881162829511,97.24446607342117,95.78765521833738,96.88258361816406,32750300
2016-02-02 00:00:00-05:00,96.43720819369487,96.47432525909775,94.49788223269331,94.78553771972656,44928100
2016-02-03 00:00:00-05:00,95.41649610945949,95.41649610945949,92.67917144454876,94.33084869384766,61572900
2016-02-04 00:00:00-05:00,94.08032160950528,95.07318003752705,93.1988143705596,94.32157897949219,49321600
2016-02-05 00:00:00-05:00,93.98753999896039,94.0246570649505,90.67491796242399,91.04608154296875,70749900
2016-02-08 00:00:00-05:00,89.34801770920507,90.05322784194277,88.0025505428399,89.65422821044922,91673100
2016-02-09 00:00:00-05:00,88.45720740715038,90.73057239230604,88.31802020657135,89.3758316040039,73778400
2016-02-10 00:00:00-05:00,90.40580221071474,91.57496472283965,89.6542012783118,89.71915435791016,59421700
2016-02-11 00:00:00-05:00,88.5778358651614,90.3037402267048,88.32730455819463,89.5892562866211,76839200
2016-02-12 00:00:00-05:00,90.60067611006548,91.0460737846367,89.75628593865196,90.95327758789062,49186500
2016-02-16 00:00:00-05:00,92.29874201089704,93.00395202636719,91.72343817204566,93.00395202636719,40565900
2016-02-17 00:00:00-05:00,93.68131555672734,95.24019669927657,93.44005820341408,95.11029052734375,41766500
2016-02-18 00:00:00-05:00,95.40721981788947,95.42577480841972,93.90401072814547,94.02464294433594,38991500
2016-02-19 00:00:00-05:00,93.56997816839637,94.59067978312248,93.36584492480762,94.30302429199219,28257900
2016-02-22 00:00:00-05:00,95.18454492967174,95.92686505897805,95.09175579842807,95.83407592773438,23979100
2016-02-23 00:00:00-05:00,95.27732444320857,95.53713681620704,94.19167685059804,94.25662994384766,29869700
2016-02-24 00:00:00-05:00,93.15239869700405,95.27730236865108,92.57709494768653,95.15667724609375,40739100
2016-02-25 00:00:00-05:00,95.35154449613006,96.09386444091797,94.49786629455896,96.09386444091797,29389300
2016-02-26 00:00:00-05:00,96.82691487477823,96.84547694487914,95.74126739260592,95.9732437133789,30925000
2016-02-29 00:00:00-05:00,95.88045360334218,96.59493754897267,95.11029052734375,95.11029052734375,27553900
2016-03-01 00:00:00-05:00,96.01961985954345,98.16307830810547,95.72269052000519,98.16307830810547,37699800
2016-03-02 00:00:00-05:00,98.04248361811275,98.2187808223392,97.43934371896486,98.20022583007812,29209800
2016-03-03 00:00:00-05:00,98.0981483360286,98.12598436201597,97.30943025584568,98.01463317871094,25474600
2016-03-04 00:00:00-05:00,98.12597667009521,98.6827183842673,97.402211733736,98.05174255371094,31655400
2016-03-07 00:00:00-05:00,97.55064799500363,98.11667059912966,96.75264914588669,97.44857788085938,25861200
2016-03-08 00:00:00-05:00,96.78053701974389,97.62492726092418,96.47432653563564,96.64134979248047,28898500
2016-03-09 00:00:00-05:00,97.00321866058516,97.28158599651235,96.46503190002832,97.26303100585938,31047400
2016-03-10 00:00:00-05:00,97.67130470019656,98.22804641211187,95.8618852872781,97.11456298828125,44236100
2016-03-11 00:00:00-05:00,98.16312916284492,98.81266021728516,97.85691863174131,98.81266021728516,31454000
2016-03-14 00:00:00-04:00,98.44145047901141,99.21161342528043,98.41361445819396,98.9796371459961,25374900
2016-03-15 00:00:00-04:00,98.62705100984152,99.05388658024312,98.31155953993711,98.94253540039062,26524600
2016-03-16 00:00:00-04:00,98.70130900399501,100.08388619464884,98.6734658927806,99.8240737915039,31693100
2016-03-17 00:00:00-04:00,99.53639526437652,100.00034789968599,99.16523881961326,99.76837158203125,29623700
2016-03-18 00:00:00-04:00,100.00849182137253,100.17601051857507,99.39426133186717,99.92473602294922,37682300
2016-03-21 00:00:00-04:00,99.7478881648283,100.40865425060419,99.69205097740777,100.31558990478516,17288600
2016-03-22 00:00:00-04:00,99.74789068803267,100.85537560225086,99.72928065853989,100.62271118164062,18840300
2016-03-23 00:00:00-04:00,100.42728882514172,100.50173605451644,99.57107823395329,99.79444122314453,20912900
2016-03-24 00:00:00-04:00,99.31047736929426,99.8502605124982,99.14295870762251,99.82234191894531,19017300
2016-03-28 00:00:00-04:00,100.10156299671117,100.120180131198,99.5059424995477,99.68276977539062,13892300
2016-03-29 00:00:00-04:00,99.49663921258315,101.34864644018614,99.32912050704805,101.28350067138672,29963900
2016-03-30 00:00:00-04:00,101.88842252374775,102.40958863730957,101.56268660241585,101.77674102783203,23807200
2016-03-31 00:00:00-04:00,101.70226956465008,102.08384261948288,101.46960514595337,101.62781524658203,21447200
2016-04-01 00:00:00-04:00,101.01361552171754,102.7446398900556,100.87401540807285,102.70741271972656,26389000
2016-04-04 00:00:00-04:00,102.70739526240021,102.78184959040317,102.07454767508612,102.31652069091797,17163000
2016-04-05 00:00:00-04:00,101.52543908446135,101.90701212707987,101.19971032878357,101.33000183105469,20107900
2016-04-06 00:00:00-04:00,101.43238250898723,103.03311491704135,101.43238250898723,102.99588775634766,25056000
2016-04-07 00:00:00-04:00,102.40028116692346,102.58641699544195,101.07874873604356,101.51615905761719,28567200
2016-04-08 00:00:00-04:00,102.14899037238114,102.39095626030718,101.08804117038326,101.44168853759766,22898000
2016-04-11 00:00:00-04:00,101.87908688588597,102.3909442970211,101.06010366750354,101.06941223144531,25772100
2016-04-12 00:00:00-04:00,101.14389596523083,102.11178098647179,100.52965837276108,101.91634368896484,28564100
2016-04-13 00:00:00-04:00,102.69811073993522,103.37749421639691,102.56781918560402,103.21928405761719,25356700
2016-04-14 00:00:00-04:00,103.23785470729536,103.61011919208556,102.3723427978088,103.22854614257812,17199700
2016-04-15 00:00:00-04:00,103.14481432949226,103.35886166524666,102.70740399074701,102.96798706054688,21353300
2016-04-18 00:00:00-04:00,102.6701649760879,103.55428701808046,102.60501921615536,103.5170669555664,17126100
2016-04-19 00:00:00-04:00,103.71249344085662,103.71249344085662,102.26066264148092,102.88420867919922,42481400
2016-04-20 00:00:00-04:00,102.8842312596924,103.44262456645727,102.53057672180162,102.96798706054688,18078300
2016-04-21 00:00:00-04:00,102.91214153030339,103.3495518336448,102.51195839111396,102.97728729248047,20216000
2016-04-22 00:00:00-04:00,101.63715832359894,102.11179588700864,100.62274452179457,101.42311096191406,39074000
2016-04-25 00:00:00-04:00,101.11599212086327,101.43241242956508,100.92985626248839,101.42311096191406,14351900
2016-04-26 00:00:00-04:00,101.63711130421093,101.80462994907231,100.62269797169473,100.9298095703125,19118300
2016-04-27 00:00:00-04:00,99.89680760283676,100.35283504968757,99.29188569641411,100.12017059326172,33059800
2016-04-28 00:00:00-04:00,100.23184892764031,100.81816792510588,98.71487916824864,98.91031646728516,29818200
2016-04-29 00:00:00-04:00,98.9103186692217,99.11506453953876,97.60739621294996,98.38915252685547,67502800
2016-05-02 00:00:00-04:00,98.64043316833848,99.45941670056243,98.23094850258312,99.31981658935547,24813800
2016-05-03 00:00:00-04:00,98.61250007754848,99.05921894770533,98.13786260932348,98.39845275878906,38569400
2016-05-04 00:00:00-04:00,97.80285270370311,98.16581588160852,97.52365954424343,97.76563262939453,27474500
2016-05-05 00:00:00-04:00,98.11922865449472,98.33328302142012,97.54221840046638,97.73765563964844,20788100
2016-05-06 00:00:00-04:00,97.2537455427153,98.27746775993585,97.16068117757814,98.25885772705078,30758500
2016-05-09 00:00:00-04:00,98.26817138668066,98.9940905656786,98.22164274851666,98.5380630493164,19289600
2016-05-10 00:00:00-04:00,98.89169345035712,99.93402557503379,98.71486620762587,99.88749694824219,21178900
2016-05-11 00:00:00-04:00,99.73860233191874,100.03641256662729,98.95685312844233,98.98477172851562,20966300
2016-05-12 00:00:00-04:00,99.21743809727187,99.33842106669285,97.84936986461993,98.54736328125,29196300
2016-05-13 00:00:00-04:00,98.46359500785631,99.06851687869697,97.98895755656653,98.18439483642578,21059300
2016-05-16 00:00:00-04:00,98.33331288911135,99.77582831180007,98.24024142283287,99.41287231445312,18311900
2016-05-17 00:00:00-04:00,99.32911669963958,99.61761836464176,97.90520420699342,98.1657943725586,29932700
2016-05-18 00:00:00-04:00,97.94240652511158,99.04989137163315,97.75627784014264,98.51941680908203,27524400
2016-05-19 00:00:00-04:00,98.13788279891807,98.37985586588152,97.29098771508147,98.0075912475586,27334600
2016-05-20 00:00:00-04:00,98.39845811982993,99.48732610594537,98.34261382029553,99.08714294433594,29549600
2016-05-23 00:00:00-04:00,99.19882171460033,99.55247625926603,98.86379140440818,98.95685577392578,15729800
2016-05-24 00:00:00-04:00,99.50594155209873,101.06013855020015,99.4780229509907,100.93915557861328,29931300
2016-05-25 00:00:00-04:00,101.32073069259421,101.9721883989339,101.14390341500638,101.66506958007812,37951700
2016-05-26 00:00:00-04:00,101.76744567763895,102.09317454091648,101.52547262190849,101.96288299560547,21885900
2016-05-27 00:00:00-04:00,102.02800305026156,102.50264047445742,102.009393020061,102.49333190917969,19870000
2016-05-31 00:00:00-04:00,102.63293691524886,102.84699132478602,102.16760803398614,102.68877410888672,24366100
2016-06-01 00:00:00-04:00,102.37236078083242,102.93075405592946,102.28860498472794,102.69808959960938,19571500
2016-06-02 00:00:00-04:00,102.49333962779964,102.92144135820143,101.93494637511711,102.91213989257812,15696600
2016-06-03 00:00:00-04:00,102.71669322541821,102.76322185035043,101.75810982713115,102.42818450927734,20269900
2016-06-06 00:00:00-04:00,102.6143473247792,103.07036773115578,102.43752004256196,102.80047607421875,12502400
2016-06-07 00:00:00-04:00,102.85630674863845,102.95867968443756,102.4933507400257,102.53988647460938,12184300
2016-06-08 00:00:00-04:00,102.7166976928711,102.93074499764941,102.33512460991524,102.7166976928711,14568700
2016-06-09 00:00:00-04:00,102.29789751008508,102.66085346219428,102.10246023589974,102.54917907714844,17571600
2016-06-10 00:00:00-04:00,101.61852871068955,101.81396599906358,101.0322097452118,101.3858642578125,32965000
2016-06-13 00:00:00-04:00,100.80884728826624,101.37654908431433,100.40866417138571,100.53895568847656,25154700
2016-06-14 00:00:00-04:00,100.26906408868689,100.9019116432804,99.80373521326092,100.53895568847656,24588500
2016-06-15 00:00:00-04:00,100.78094008701815,100.92054018550145,100.08294669495766,100.2504653930664,24605700
2016-06-16 00:00:00-04:00,99.75721345656318,100.64133554062306,99.11505729213414,100.54827117919922,32079900
2016-06-17 00:00:00-04:00,100.34019113900104,100.48016307193784,99.13644390657363,99.3697280883789,29208800
2016-06-20 00:00:00-04:00,100.5268293963049,101.00272403274975,99.92028905969254,99.99494171142578,20562800
2016-06-21 00:00:00-04:00,100.12554748711653,100.51746310140548,99.93891591893151,100.31217193603516,22804100
2016-06-22 00:00:00-04:00,100.36818354440692,100.95606423562347,99.98560119039017,100.069580078125,22724200
2016-06-23 00:00:00-04:00,100.84407587983428,101.51593539625136,100.42416724170738,101.49726867675781,18714200
2016-06-24 00:00:00-04:00,97.88600144477552,99.3790181337297,97.10216323353387,97.31678771972656,68012700
2016-06-27 00:00:00-04:00,96.67295705259623,96.67295705259623,94.9466556465132,95.3852310180664,48222600
2016-06-28 00:00:00-04:00,96.43968150709591,97.52212355230702,96.3930289412448,97.4754638671875,28260600
2016-06-29 00:00:00-04:00,98.24062968576729,99.40705054947419,98.1939771227798,99.2017593383789,31356700
2016-06-30 00:00:00-04:00,99.36970636636852,100.41482183533266,99.03377664846101,100.34950256347656,36300800
2016-07-01 00:00:00-04:00,100.30283932353149,101.2266495745662,100.26551300961698,100.8533935546875,19902800
2016-07-05 00:00:00-04:00,100.32151956678429,100.46149148301996,99.69631262350066,100.23753356933594,21167900
2016-07-06 00:00:00-04:00,99.76160354920819,101.10531495719631,99.44433351060017,101.05866241455078,24579300
2016-07-07 00:00:00-04:00,101.151993386228,101.5812353022361,100.88138295932299,101.35728454589844,19161700
2016-07-08 00:00:00-04:00,101.8985165517746,102.98095845348635,101.73055167458718,102.92497253417969,29457900
2016-07-11 00:00:00-04:00,103.27023799177904,103.89543787888317,103.26091175055166,103.51285552978516,20218500
2016-07-12 00:00:00-04:00,104.14734116059653,104.31530597638039,103.89539037728832,104.03536224365234,21906100
2016-07-13 00:00:00-04:00,104.27800849344635,104.34332776656866,103.774113906817,103.783447265625,21107800
2016-07-14 00:00:00-04:00,104.4739480317441,104.68857253117159,104.23133058005772,104.49261474609375,20871000
2016-07-15 00:00:00-04:00,104.7352594430193,104.79125248517445,104.09139997201238,104.3246841430664,17999300
2016-07-18 00:00:00-04:00,104.39002066902071,105.20184516205197,104.37135394546304,105.01522064208984,20713900
2016-07-19 00:00:00-04:00,104.65127322551399,104.95921001835171,104.44598203028885,104.63260650634766,18936700
2016-07-20 00:00:00-04:00,105.20181113917113,106.05096880469519,105.07117259359309,105.85501098632812,24997900
2016-07-21 00:00:00-04:00,105.92965160135712,106.1349427689937,105.32311857604273,105.61238861083984,18885400
2016-07-22 00:00:00-04:00,105.68706450065774,106.1722924515612,105.36046807992771,106.05098724365234,20003400
2016-07-25 00:00:00-04:00,105.96699863016583,106.08831095435639,105.70572150001362,106.06031799316406,12968100
2016-07-26 00:00:00-04:00,106.02300145469991,106.56421536598175,105.6497453260697,106.18163299560547,21223800
2016-07-27 00:00:00-04:00,107.07740131493526,107.19870648333678,106.47086123439621,106.91876983642578,27646100
2016-07-28 00:00:00-04:00,107.08675440946362,107.41335078402103,106.75082467584258,107.29204559326172,16939700
2016-07-29 00:00:00-04:00,107.53465582962778,107.81459964702312,107.18939985667615,107.52532958984375,22385300
2016-08-01 00:00:00-04:00,107.59997458930414,108.36514628468544,107.46933604028295,108.09453582763672,13990100
2016-08-02 00:00:00-04:00,107.93589488162203,108.02920710572437,106.58284983397233,107.27336883544922,21278400
2016-08-03 00:00:00-04:00,107.18939203143422,107.6372935634478,107.12407276137947,107.62796020507812,15011300
2016-08-04 00:00:00-04:00,107.59061906165041,108.03852050229212,107.33866827193255,107.93587493896484,12835300
2016-08-05 00:00:00-04:00,108.48645943381192,109.21430481806934,108.365147123591,108.97168731689453,23196600
2016-08-08 00:00:00-04:00,109.02766340536411,109.0556634800761,108.50510925233573,108.85037231445312,12358200
2016-08-09 00:00:00-04:00,108.93437580832918,109.44760383841557,108.86905652443345,109.10234069824219,13276500
2016-08-10 00:00:00-04:00,109.16765897181169,109.19565193332679,108.53312574015371,108.82240295410156,14688400
2016-08-11 00:00:00-04:00,109.19566682925029,109.52227040952788,108.97171598731133,109.28898620605469,12969800
2016-08-12 00:00:00-04:00,109.10232458756909,109.37293504353948,108.98101939803765,109.36360168457031,19379000
2016-08-15 00:00:00-04:00,109.50358091403938,110.0821281812747,109.4662545949338,109.8301773071289,11777800
2016-08-16 00:00:00-04:00,109.6248741445461,109.63420038324817,109.20495846716896,109.22362518310547,14161400
2016-08-17 00:00:00-04:00,109.25163656500176,109.45692775933226,108.64509634155274,109.41960144042969,15980300
2016-08-18 00:00:00-04:00,109.31697037386387,109.60624048472492,109.13033875454357,109.4476089477539,10036300
2016-08-19 00:00:00-04:00,109.25163656500176,109.66221183439538,108.95303313304849,109.41960144042969,18743000
2016-08-22 00:00:00-04:00,109.26093022756382,109.69017920732306,109.05564621370907,109.50354766845703,14500600
2016-08-23 00:00:00-04:00,109.93283863169198,110.11947025391913,109.65290187725391,109.69955444335938,11997900
2016-08-24 00:00:00-04:00,109.62486658918041,109.77416471005188,108.6264109333767,108.9903335571289,17728700
2016-08-25 00:00:00-04:00,108.71039610826949,109.14897137757427,108.57975757519141,108.81304168701172,24266300
2016-08-26 00:00:00-04:00,108.85038212594063,109.68087310226174,108.31849456673197,108.97168731689453,23896000
2016-08-29 00:00:00-04:00,108.99965939270758,109.41024168230298,108.98099979739219,109.1209716796875,11184900
2016-08-30 00:00:00-04:00,108.94367086859376,109.26093381618847,108.39312382920333,108.76637268066406,19843300
2016-08-31 00:00:00-04:00,108.59844878925632,108.76641368343928,108.19719971533416,108.6544418334961,16169800
2016-09-01 00:00:00-04:00,108.6917387047422,109.06498759577242,108.15985120383127,108.9343490600586,20944700
2016-09-02 00:00:00-04:00,109.47561072112568,109.69956156306465,108.87840372977584,109.28898620605469,18088200
2016-09-06 00:00:00-04:00,109.47557732837791,109.97013854980469,109.23295983737482,109.97013854980469,18525200
2016-09-07 00:00:00-04:00,110.0728030064514,110.22210829397571,109.61556802212706,110.03547668457031,17546900
2016-09-08 00:00:00-04:00,109.70887222572696,109.73686518526894,109.10233199833665,109.39160919189453,20125300
2016-09-09 00:00:00-04:00,108.47713531587216,108.7197528377155,106.62019537998894,106.63885498046875,50813300
2016-09-12 00:00:00-04:00,106.04164846047681,108.70108649223354,106.03231510057094,108.55178833007812,39646000
2016-09-13 00:00:00-04:00,108.01053306762472,108.32779601100793,107.05873711820969,107.58129119873047,45863900
2016-09-14 00:00:00-04:00,107.69329394083381,108.68241641749898,107.66529386381472,108.09453582763672,28221800
2016-09-15 00:00:00-04:00,108.12252907482267,109.94214240643926,108.11319571640587,109.77417755126953,38521400
2016-09-16 00:00:00-04:00,109.65632645504986,109.8340689010926,109.1792324424166,109.72180938720703,27596500
2016-09-19 00:00:00-04:00,110.00245258594104,110.33922400616727,109.02956530207047,109.24472045898438,16222900
2016-09-20 00:00:00-04:00,109.6375925060696,109.89953132291745,109.2634084704929,109.45050048828125,18078600
2016-09-21 00:00:00-04:00,109.91826910317388,110.68535801483524,109.27278932414121,110.52632904052734,31546800
2016-09-22 00:00:00-04:00,111.17177105520078,111.52725588466656,111.05951869819312,111.4056396484375,22614400
2016-09-23 00:00:00-04:00,111.32146069407953,111.32146069407953,110.53566557381346,110.69469451904297,22213400
2016-09-26 00:00:00-04:00,110.0679362759527,110.19890213876832,109.60954861899381,109.7685775756836,16403900
2016-09-27 00:00:00-04:00,109.69376550467128,110.90987833445098,109.59086271652997,110.85375213623047,20238400
2016-09-28 00:00:00-04:00,110.99404781928268,111.10630018846858,110.47017726036776,111.04081726074219,14794300
2016-09-29 00:00:00-04:00,110.85372179668363,111.05952731663936,109.75921840830478,110.2363052368164,27207500
2016-09-30 00:00:00-04:00,110.52632717930064,111.3869621121147,110.4140676561534,111.0595474243164,25543200
2016-10-03 00:00:00-04:00,110.91921904631346,111.04082817058097,110.47018811414075,110.9005126953125,19216400
2016-10-04 00:00:00-04:00,111.22793235848874,111.47115775504528,110.31116410199401,110.73213195800781,21239700
2016-10-05 00:00:00-04:00,111.05951708033176,111.48047768718429,111.01274050752461,111.125,14481300
2016-10-06 00:00:00-04:00,110.98468939050817,111.3027544182797,110.52630890338538,111.06888580322266,11987100
2016-10-07 00:00:00-04:00,111.1717816889177,111.330817771729,110.28308380445432,110.8256607055664,19984200
2016-10-10 00:00:00-04:00,111.39630160122215,111.77049281664532,111.34952502288033,111.52726745605469,19687300
2016-10-11 00:00:00-04:00,111.43371546507933,111.45242181315136,109.45050712558333,109.93695068359375,27774400
2016-10-12 00:00:00-04:00,110.03986309559868,110.2176055348434,109.50664291496854,109.84341430664062,14267800
2016-10-13 00:00:00-04:00,109.0950227996422,109.74985199900439,108.45889994721763,109.45050048828125,22821000
2016-10-14 00:00:00-04:00,109.993092995869,110.43276715109866,109.51599900433214,109.58148193359375,21313300
2016-10-17 00:00:00-04:00,109.48793290585922,109.73115826662736,109.14180478234702,109.2821273803711,14182700
2016-10-18 00:00:00-04:00,110.58245773048719,110.76955694310635,110.198916834552,110.25504302978516,19276700
2016-10-19 00:00:00-04:00,110.17082683228679,110.40469545326967,110.0492177187331,110.24566650390625,13702900
2016-10-20 00:00:00-04:00,110.13340617309248,110.35791803461913,109.47856979940993,110.11469268798828,18132200
2016-10-21 00:00:00-04:00,110.19891434721549,110.59181197918971,109.83407981222442,110.52632904052734,15707800
2016-10-24 00:00:00-04:00,111.23726589159395,111.92951495892429,111.21855240655337,111.85467529296875,19143000
2016-10-25 00:00:00-04:00,111.92019018245394,111.93890367283936,111.33084370321062,111.49922943115234,20341800
2016-10-26 00:00:00-04:00,110.7788825419334,111.34952252681363,110.41404807777766,110.74146270751953,20463700
2016-10-27 00:00:00-04:00,111.21855625947657,111.31210227661,110.0772762939792,110.2363052368164,19099800
2016-10-28 00:00:00-04:00,109.91826628229113,110.48890636332077,109.20730358284185,109.54407501220703,35369300
2016-10-31 00:00:00-04:00,109.94634220051792,109.94634220051792,109.38505879848724,109.4411849975586,18749400
2016-11-01 00:00:00-04:00,109.62825696477059,109.64696331410796,107.67311158368327,108.6179428100586,23498700
2016-11-02 00:00:00-04:00,108.54313029263236,108.79571246305055,107.4766896860139,107.74797821044922,26960100
2016-11-03 00:00:00-04:00,107.57019031385757,107.92567512404744,106.5692330745647,106.69084930419922,36205200
2016-11-04 00:00:00-04:00,106.42894855805477,107.14926804053074,106.12959695337916,106.31669616699219,26997500
2016-11-07 00:00:00-05:00,108.03793681589889,108.95470487126461,107.86020153253969,108.84244537353516,26591200
2016-11-08 00:00:00-05:00,108.7301908725509,110.04920604366662,108.47760879190751,109.55340576171875,20777900
2016-11-09 00:00:00-05:00,108.27182624121272,110.23632143814952,108.14086037055725,110.05858612060547,70234400
2016-11-10 00:00:00-05:00,110.59179687005575,110.74146907921924,106.83118537177994,108.28117370605469,72825400
2016-11-11 00:00:00-05:00,107.81343569613084,108.56181814799548,107.42988772684662,108.32794952392578,41115200
2016-11-14 00:00:00-05:00,108.35600252835751,108.4589052843357,106.6721457369901,107.23342895507812,35906000
2016-11-15 00:00:00-05:00,108.04731288027168,109.09504696846832,107.88828391621014,108.72085571289062,31796600
2016-11-16 00:00:00-05:00,108.20630923382423,109.44113500911372,108.20630923382423,109.36630249023438,16538100
2016-11-17 00:00:00-05:00,109.31019850793402,110.18019011511164,109.08568661685395,110.16148376464844,20598600
2016-11-18 00:00:00-05:00,110.29243190007568,110.47952392305062,109.64695228773674,109.7498550415039,16428700
2016-11-21 00:00:00-05:00,110.02114469244388,110.99403892434339,109.98372486001276,110.8911361694336,20268500
2016-11-22 00:00:00-05:00,111.33080802626498,111.49919370024601,110.95661684662899,111.2279052734375,18850600
2016-11-23 00:00:00-05:00,110.86308893637849,110.98469805634623,110.29244890011462,110.77889251708984,22926000
2016-11-25 00:00:00-05:00,110.90984988697849,111.18113833730364,110.77888403331859,111.13436889648438,7162800
2016-11-28 00:00:00-05:00,110.99406494353109,111.39631931508295,110.7695530334176,110.88180541992188,13479000
2016-11-29 00:00:00-05:00,110.98469749898861,111.79856290820506,110.66663958508366,111.26534271240234,18553000
2016-11-30 00:00:00-05:00,111.40562109954536,111.44304092468525,109.88080069487964,109.91822052001953,30405300
2016-12-01 00:00:00-05:00,109.88084910579356,109.89020585047636,107.85087087303152,108.01925659179688,39796600
2016-12-02 00:00:00-05:00,108.0847332968104,108.66473010290878,107.78538171817034,108.23440551757812,32876800
2016-12-05 00:00:00-05:00,108.79569400700143,109.50664953273711,108.29988649583501,109.07633209228516,21419700
2016-12-06 00:00:00-05:00,109.38504868102993,109.52537130283503,108.8798915247946,109.33827209472656,27293300
2016-12-07 00:00:00-05:00,109.11376080689148,110.8631009429211,108.78634611220814,110.7227783203125,26622400
2016-12-08 00:00:00-05:00,110.76954775013456,111.19986519778799,110.55438545775554,110.91921997070312,18578400
2016-12-09 00:00:00-05:00,111.3308269325785,111.82662729652468,111.32147018879527,111.7892074584961,21863100
2016-12-12 00:00:00-05:00,111.29339910150968,111.51791097645251,110.82566186540153,111.28404235839844,23259300
2016-12-13 00:00:00-05:00,111.62081551505158,113.2953157034095,111.62081551505158,112.687255859375,54477900
2016-12-14 00:00:00-05:00,112.82758326701143,113.19241776155555,112.12597737179519,112.4533920288086,28746000
2016-12-15 00:00:00-05:00,112.60306331194708,113.29531241391126,112.33177486211298,112.6311264038086,22762300
2016-12-16 00:00:00-05:00,112.90790403481226,113.1330869998666,111.98843198124143,112.21360778808594,26283900
2016-12-19 00:00:00-05:00,112.32621052350372,113.36765857703085,112.16671127593557,112.67335510253906,21138700
2016-12-20 00:00:00-05:00,113.02987370816345,113.31134166167188,112.8985205648843,113.10493469238281,11461800
2016-12-21 00:00:00-05:00,113.15185333903817,113.22691433048833,112.76717828472387,113.02050018310547,7079300
2016-12-22 00:00:00-05:00,113.02990577851953,113.05805186603541,112.26054836750235,112.70152282714844,16645000
2016-12-23 00:00:00-05:00,112.51386682819292,112.82348809769992,112.41065973835725,112.77657318115234,9007500
2016-12-27 00:00:00-05:00,113.02050143074877,114.01503452470658,112.97359367923221,113.35826873779297,16110600
2016-12-28 00:00:00-05:00,113.60223487005825,113.70544196440935,112.40128739929453,112.4763412475586,17975200
2016-12-29 00:00:00-05:00,112.44817139176742,112.7108777006929,111.96028926922153,112.31681823730469,13267500
2016-12-30 00:00:00-05:00,112.53262701155212,112.54200426757212,110.84379036056012,111.16279602050781,41749000
2017-01-03 00:00:00-05:00,111.90399667564017,112.57953131532948,111.54746768611992,112.1573257446289,22307600
2017-01-04 00:00:00-05:00,112.27929969319123,112.97360319292287,112.26992243702438,112.7671890258789,19749100
2017-01-05 00:00:00-05:00,112.6827323721801,113.48023571766754,112.6827323721801,113.40518188476562,20644300
2017-01-06 00:00:00-05:00,113.5271775826827,114.6999790039914,113.23632512082591,114.39974212646484,24074300
2017-01-09 00:00:00-05:00,114.49352641586604,114.9814156521271,114.41846543210136,114.7750015258789,18909200
2017-01-10 00:00:00-05:00,114.82191380749306,115.3754796368615,114.55920751214927,115.02832794189453,16176600
2017-01-11 00:00:00-05:00,115.0752681951312,115.33797454833984,114.48417174220052,115.33797454833984,20686000
2017-01-12 00:00:00-05:00,114.92512300831176,115.23474421566216,114.09008920051933,115.15968322753906,19622500
2017-01-13 00:00:00-05:00,115.21599701251266,115.75079409316355,115.21599701251266,115.55376434326172,16930800
2017-01-17 00:00:00-05:00,115.25351938771648,115.43178746584385,114.86884430538085,115.20661163330078,14538500
2017-01-18 00:00:00-05:00,115.37547790712917,115.55374595838683,115.08462553567472,115.44115447998047,12499700
2017-01-19 00:00:00-05:00,115.61003296630251,116.01347679818376,115.14091256449684,115.38485717773438,12710700
2017-01-20 00:00:00-05:00,115.89152076329306,116.18238032981564,115.32857761634268,115.63819885253906,22091000
2017-01-23 00:00:00-05:00,115.56311862649864,115.90088589010293,115.00017557322792,115.73200225830078,17434200
2017-01-24 00:00:00-05:00,115.95719158257691,116.68902551127925,115.76016184884517,116.51075744628906,17640900
2017-01-25 00:00:00-05:00,117.24258883840643,117.71170931574875,117.1393817607343,117.68356323242188,15036200
2017-01-26 00:00:00-05:00,117.84305722889974,118.04947137505188,117.5991125872463,117.80552673339844,16052200
2017-01-27 00:00:00-05:00,118.05886202594333,118.14330027662487,117.64603371182788,118.03071594238281,15053000
2017-01-30 00:00:00-05:00,117.63665688389978,117.63665688389978,116.46385560517854,117.11124420166016,25006700
2017-01-31 00:00:00-05:00,116.6984027724032,116.90481691962113,116.20113623131095,116.87667083740234,19091100
2017-02-01 00:00:00-05:00,117.70232490190298,117.91812347109304,117.14876617458005,117.68356323242188,22861900
2017-02-02 00:00:00-05:00,117.47714570849038,117.93688175880428,117.14876281540903,117.58035278320312,15101400
2017-02-03 00:00:00-05:00,117.70233038803669,118.0400977201234,117.5897460494816,117.91812896728516,16957200
2017-02-06 00:00:00-05:00,117.72108585566278,118.07761481764028,117.6084943716757,118.05885314941406,11630100
2017-02-07 00:00:00-05:00,118.30281075160305,118.73440793453311,118.19022640667446,118.49046325683594,17541100
2017-02-08 00:00:00-05:00,118.33093292402101,118.85634548428492,118.1057499768714,118.68746185302734,12569100
2017-02-09 00:00:00-05:00,118.80944311471697,119.38177063890122,118.74376653775535,119.11906433105469,17542700
2017-02-10 00:00:00-05:00,119.38176940602699,119.68200620592387,119.17535526393353,119.51312255859375,13915700
2017-02-13 00:00:00-05:00,119.87904652804693,120.33878260265578,119.83213877410513,120.18867492675781,19120200
2017-02-14 00:00:00-05:00,120.23558874709707,120.60150219585826,119.85091362633769,120.59212493896484,16333500
2017-02-15 00:00:00-05:00,120.50766434165452,121.36146700265323,120.44198060630688,121.30516052246094,17891400
2017-02-16 00:00:00-05:00,121.38020821657875,121.62415998809516,120.95800271811689,121.26762390136719,15098300
2017-02-17 00:00:00-05:00,121.08933405018857,121.80240609522244,121.07056522889401,121.79301452636719,15563700
2017-02-21 00:00:00-05:00,122.02759557354024,122.4685698927439,121.96192616239202,122.39350891113281,18479600
2017-02-22 00:00:00-05:00,122.28094570149429,122.52488319651792,122.0745315455432,122.44044494628906,12110900
2017-02-23 00:00:00-05:00,122.62806315172644,122.62806315172644,121.49279986151282,121.98067474365234,17489000
2017-02-24 00:00:00-05:00,121.42712164874715,122.21524047851562,121.3895983162708,122.21524047851562,18624500
2017-02-27 00:00:00-05:00,121.9900734792604,122.37474132884671,121.7836593568392,122.36536407470703,12008700
2017-02-28 00:00:00-05:00,122.33724162957056,122.3935337981205,121.65232971817753,121.99009704589844,16598600
2017-03-01 00:00:00-05:00,122.76882899348125,123.54755635155836,122.53426876561171,123.3223876953125,25813800
2017-03-02 00:00:00-05:00,123.294205925603,123.31296043058153,122.55298780288659,122.70310974121094,19951400
2017-03-03 00:00:00-05:00,122.61871585607709,122.96586043710876,122.2903257868052,122.92833709716797,13722700
2017-03-06 00:00:00-05:00,122.52489682400545,122.86266417890893,122.16837495569023,122.65625,12026200
2017-03-07 00:00:00-05:00,122.41230576037566,122.98463334932123,122.23403767778942,122.4498291015625,15500900
2017-03-08 00:00:00-05:00,122.524858932099,123.05027147358867,122.40289736695047,122.66560363769531,15776000
2017-03-09 00:00:00-05:00,122.63746835575571,122.92832072994022,122.10266419696279,122.75942993164062,20855300
2017-03-10 00:00:00-05:00,123.3224047224644,123.47252672496911,122.74069985828629,123.2754898071289,21922600
2017-03-13 00:00:00-04:00,123.22858921584012,123.5100644241495,123.16291977987474,123.48191833496094,10731600
2017-03-14 00:00:00-04:00,123.2004170820271,123.24733199289813,122.6843816952873,123.18164825439453,14019700
2017-03-15 00:00:00-04:00,123.43496180559411,124.23247224090136,123.04090237336362,123.94161987304688,22709100
2017-03-16 00:00:00-04:00,124.176213472315,124.176213472315,123.57573974986593,123.8572006225586,18457300
2017-03-17 00:00:00-04:00,124.01135904656837,124.14298539516106,123.74810634938298,123.81392669677734,21234500
2017-03-20 00:00:00-04:00,123.77632358557781,124.20881840142971,123.5976990805799,123.9267578125,10105200
2017-03-21 00:00:00-04:00,124.39682909845419,124.5096475729524,121.97113147338032,122.04634857177734,35841900
2017-03-22 00:00:00-04:00,122.08402091670791,122.99600893173464,121.92417554210625,122.873779296875,29177900
2017-03-23 00:00:00-04:00,122.7139413381478,123.05241124570435,122.35666356178244,122.56350708007812,20311700
2017-03-24 00:00:00-04:00,122.95836779492838,123.43786078109021,122.34724843925947,122.81734466552734,22967600
2017-03-27 00:00:00-04:00,121.94295174274244,123.23102508966345,121.66089115273505,123.0147705078125,18472400
2017-03-28 00:00:00-04:00,123.01475007194632,124.13358114051769,122.74210063282493,123.76690673828125,23721900
2017-03-29 00:00:00-04:00,123.85155759984275,124.38747422656023,123.71993121987346,124.34046173095703,13710000
2017-03-30 00:00:00-04:00,124.29345386673145,124.67893626036218,124.18063535003954,124.54730987548828,16092400
2017-03-31 00:00:00-04:00,124.36862915069335,124.80112389617057,124.22760605227424,124.46265411376953,19841400
2017-04-03 00:00:00-04:00,124.56610529504049,124.86695942488615,123.69171883946075,124.38746643066406,23700300
2017-04-04 00:00:00-04:00,124.03018218884498,124.60370013826397,123.98316969865698,124.58489227294922,13400000
2017-04-05 00:00:00-04:00,124.76353833180283,125.49688731324645,123.84215372494778,124.07720184326172,32011200
2017-04-06 00:00:00-04:00,124.19939843771786,124.47204787015202,123.82331294067701,124.14297485351562,18832200
2017-04-07 00:00:00-04:00,124.10540646976351,124.45327309408458,123.63531023313561,124.07720184326172,16743100
2017-04-10 00:00:00-04:00,124.19943129166832,124.64132290121128,123.78574430858991,124.12421417236328,15619300
2017-04-11 00:00:00-04:00,124.01135575065886,124.19940568324714,122.6950922997149,123.58827209472656,33778400
2017-04-12 00:00:00-04:00,123.569527628092,123.67294940559658,122.95840807223952,123.09003448486328,15955200
2017-04-13 00:00:00-04:00,122.92077346224923,123.64471136297794,122.5823035860673,122.6010971069336,23683000
2017-04-17 00:00:00-04:00,122.94895706412626,123.6352934595522,122.90194457760192,123.61648559570312,13325500
2017-04-18 00:00:00-04:00,123.2027697458815,123.78569861878447,123.11815589771912,123.42842102050781,12841100
2017-04-19 00:00:00-04:00,123.96433949549193,124.37801198661643,123.45662770562211,123.62586975097656,17764800
2017-04-20 00:00:00-04:00,124.12420065357989,124.93276666529714,123.93616504889619,124.66010284423828,21977900
2017-04-21 00:00:00-04:00,124.77291152031972,124.81990965274115,124.3122121837968,124.63187408447266,22454900
2017-04-24 00:00:00-04:00,126.01398560777574,126.25843046594868,125.797745373769,126.13621520996094,22469900
2017-04-25 00:00:00-04:00,126.54993209249596,127.2738700789267,126.43709922294506,127.04823303222656,19384400
2017-04-26 00:00:00-04:00,127.09520487107572,127.4054700922488,126.79435075570048,126.86956787109375,25398500
2017-04-27 00:00:00-04:00,127.17980002800027,127.63108825683594,127.10458293216196,127.63108825683594,16136500
2017-04-28 00:00:00-04:00,128.13882727397257,128.185839767391,127.6499375117772,127.85678100585938,22771900
2017-05-01 00:00:00-04:00,128.2798437596836,129.1636268449932,128.223434515293,128.994384765625,24815500
2017-05-02 00:00:00-04:00,129.15422307662388,129.26705591801087,128.8251643502548,129.21063232421875,18345100
2017-05-03 00:00:00-04:00,128.9191970868697,128.96620958332582,128.4491008147079,128.79698181152344,23827600
2017-05-04 00:00:00-04:00,128.77815761331294,129.21063809498702,128.39267527593546,128.84396362304688,14630100
2017-05-05 00:00:00-04:00,129.17306375924667,129.3140869140625,128.69357068667193,129.3140869140625,19330700
2017-05-08 00:00:00-04:00,129.37989011367324,129.59613037109375,129.1166373621529,129.59613037109375,13279900
2017-05-09 00:00:00-04:00,129.79358357137366,130.33889696844994,129.6807507106753,130.0474395751953,28426100
2017-05-10 00:00:00-04:00,130.12261962890625,130.16963211713679,129.6619345443596,130.12261962890625,20499400
2017-05-11 00:00:00-04:00,129.76538440591,130.05684181143508,129.16366172625166,130.01922607421875,27232100
2017-05-12 00:00:00-04:00,130.0756056202391,130.33885830678193,129.9627727930097,130.31065368652344,19738600
2017-05-15 00:00:00-04:00,130.36711703953264,130.79959762713946,130.24488740354744,130.72438049316406,20481300
2017-05-16 00:00:00-04:00,131.06282508720446,131.28847644551,130.67735707612223,131.26966857910156,21786000
2017-05-17 00:00:00-04:00,130.22604130262368,130.47050050282743,127.91317608323119,127.9319839477539,55642200
2017-05-18 00:00:00-04:00,127.88502766272497,129.48335254085848,127.7439901361169,129.0508575439453,41319900
2017-05-19 00:00:00-04:00,129.5115164894334,130.14144374101417,129.4269026077731,129.59613037109375,36730100
2017-05-22 00:00:00-04:00,129.8875829875369,130.75257267790224,129.8405848413592,130.68675231933594,19509700
2017-05-23 00:00:00-04:00,131.07224589618886,131.08164265698937,130.4799200031637,130.81838989257812,19687500
2017-05-24 00:00:00-04:00,131.21332242426044,131.48598640660714,130.84664775706062,131.420166015625,15891900
2017-05-25 00:00:00-04:00,131.91836436258018,132.87736441679726,131.636303835317,132.5388946533203,23928600
2017-05-26 00:00:00-04:00,132.56717378747084,132.8304266019058,132.38853487491804,132.77401733398438,13851600
2017-05-30 00:00:00-04:00,132.70811047144414,133.04658020459453,132.6234966247048,132.88674926757812,20306400
2017-05-31 00:00:00-04:00,133.35686078651503,133.35686078651503,132.16282699866022,132.83975219726562,33229400
2017-06-01 00:00:00-04:00,133.1124277249133,133.41328180127417,132.5483066057171,133.35687255859375,20120700
2017-06-02 00:00:00-04:00,133.8269948035237,134.90822476844127,133.6107545490197,134.88002014160156,37222900
2017-06-05 00:00:00-04:00,134.87059924709703,135.08683948590763,134.66375576781815,134.85179138183594,15727500
2017-06-06 00:00:00-04:00,134.69198927743446,135.13388095554913,134.11847120666013,134.31591796875,22393000
2017-06-07 00:00:00-04:00,134.69201870810517,134.9552715509461,134.07150234781093,134.8424530029297,18842400
2017-06-08 00:00:00-04:00,135.14325994058822,135.19966918886269,134.2500656889179,134.98342895507812,25417400
2017-06-09 00:00:00-04:00,135.14327193651894,135.2936918298703,129.84998369521549,131.60813903808594,109783700
2017-06-12 00:00:00-04:00,130.49872398255832,131.13804800673608,129.2482662157643,130.9029998779297,104454000
2017-06-13 00:00:00-04:00,131.63630479903523,132.15341337843782,130.94996850975244,131.9653778076172,51193000
2017-06-14 00:00:00-04:00,132.50134243079742,132.50134243079742,130.32949971858153,131.3919219970703,60093800
2017-06-15 00:00:00-04:00,130.0662303505499,130.95001361866133,129.26707531272527,130.80899047851562,55145200
2017-06-16 00:00:00-04:00,130.74106757894572,130.83534869683277,129.7606101252031,130.2414093017578,48087400
2017-06-19 00:00:00-04:00,131.5047020707893,132.54172237776356,131.30671748944005,132.41917419433594,39626500
2017-06-20 00:00:00-04:00,132.28725234643375,132.4569411668353,131.33506156989768,131.3822021484375,40935100
2017-06-21 00:00:00-04:00,131.68383545618997,132.74915178533934,131.5989910720844,132.68316650390625,35743400
2017-06-22 00:00:00-04:00,132.89055666644686,133.1356674290604,132.3060396397859,132.6454315185547,24099100
2017-06-23 00:00:00-04:00,132.494556351808,133.3241839461276,132.12688310164822,133.1544952392578,21654300
2017-06-26 00:00:00-04:00,133.91812096301805,134.1443725684141,132.24002109171394,132.5322723388672,34411100
2017-06-27 00:00:00-04:00,132.03264697439272,132.19291336309357,130.11885828217612,130.12828063964844,65957800
2017-06-28 00:00:00-04:00,130.6091085136201,132.11752038689716,129.85491696226333,132.00439453125,57427200
2017-06-29 00:00:00-04:00,131.4576323107684,131.4576323107684,128.45024446889676,129.71353149414062,88769400
2017-06-30 00:00:00-04:00,130.08112233327716,130.73162454207605,129.33635340678123,129.76058959960938,68898300
2017-07-03 00:00:00-04:00,130.3546069139522,130.5054366295897,128.30883234552545,128.3936767578125,32797000
2017-07-05 00:00:00-04:00,128.79902718420811,130.00575096888545,128.36536846627087,129.6569366455078,42116600
2017-07-06 00:00:00-04:00,128.66704057102555,129.213839526651,128.02597486219148,128.4879150390625,48430500
2017-07-07 00:00:00-04:00,128.92158783678633,130.22259274146427,128.912165477072,129.87376403808594,36970400
2017-07-10 00:00:00-04:00,129.95863116240625,131.03337003542043,129.62866154254843,130.72225952148438,24853500
2017-07-11 00:00:00-04:00,130.53365316685924,131.25014063294068,130.04341732939483,131.08987426757812,31517700
2017-07-12 00:00:00-04:00,132.2117729089093,132.79627555029163,131.94780304600897,132.6454315185547,36045800
2017-07-13 00:00:00-04:00,132.805667686475,133.25819967870743,132.55113462427906,132.93765258789062,31073600
2017-07-14 00:00:00-04:00,133.53168921635955,134.15391037048425,133.10745275137847,133.9842071533203,34544800
2017-07-17 00:00:00-04:00,134.12559293192038,134.5215478187441,133.79562333359297,134.0501708984375,25343200
2017-07-18 00:00:00-04:00,133.95587595598116,134.9740517251533,133.5316396484796,134.94577026367188,25748500
2017-07-19 00:00:00-04:00,135.34171607883792,135.93565550087706,135.28515315964935,135.7376708984375,33752300
2017-07-20 00:00:00-04:00,136.08649696287094,136.17134134004567,135.30400969660784,135.9167938232422,36139400
2017-07-21 00:00:00-04:00,135.4171341245108,135.8602294921875,135.1437418946979,135.8602294921875,39697100
2017-07-24 00:00:00-04:00,135.84138760582132,136.57673439743388,135.68112119075508,136.4824676513672,26712700
2017-07-25 00:00:00-04:00,136.02993298614302,136.4541836841385,135.76596308555244,136.13363647460938,28120900
2017-07-26 00:00:00-04:00,136.47301771106362,136.65214321213537,136.2561883922671,136.57672119140625,18610600
2017-07-27 00:00:00-04:00,137.4723641725689,137.60434912738305,134.1538668133085,135.71884155273438,80665900
2017-07-28 00:00:00-04:00,134.90809941532987,135.83199428184582,134.6912556439346,135.60572814941406,38013200
2017-07-31 00:00:00-04:00,135.9922373052315,136.1619260863618,134.7383730097363,135.03062438964844,33848600
2017-08-01 00:00:00-04:00,135.49261045481538,135.5303142865213,134.9269522822322,135.34176635742188,20149400
2017-08-02 00:00:00-04:00,136.21846079947275,136.2467422541501,134.44607958488191,135.70936584472656,41769700
2017-08-03 00:00:00-04:00,135.84141292369563,135.91683496577457,134.93637718931552,135.18148803710938,27112800
2017-08-04 00:00:00-04:00,135.48313675228863,135.7282475287054,134.8703382333275,135.4265594482422,29472900
2017-08-07 00:00:00-04:00,135.67170065711977,136.28448486328125,135.4831527771686,136.28448486328125,17933900
2017-08-08 00:00:00-04:00,136.02050088882868,137.14238007865742,135.66224988427038,136.0487823486328,30810400
2017-08-09 00:00:00-04:00,134.92690571839432,135.93565908814287,134.6157952693676,135.86965942382812,36169500
2017-08-10 00:00:00-04:00,135.0965357140164,135.19080240234854,132.82449706171104,132.95648193359375,63331700
2017-08-11 00:00:00-04:00,133.13568884970485,134.2575681401734,132.83400073769138,133.96531677246094,45862500
2017-08-14 00:00:00-04:00,135.0306421388811,135.89797403321134,134.99293831098996,135.69056701660156,34161000
2017-08-15 00:00:00-04:00,136.02994663763923,136.03938338271638,135.41716238947433,135.7848358154297,25509200
2017-08-16 00:00:00-04:00,136.12424183966536,136.6616184944221,135.5680204633718,136.02053833007812,31913000
2017-08-17 00:00:00-04:00,135.4925606121082,135.69996757340567,133.2393798828125,133.2393798828125,70191000
2017-08-18 00:00:00-04:00,133.3147836866782,134.05955266572707,132.5982817781841,133.14508056640625,60751900
2017-08-21 00:00:00-04:00,133.13568450061175,133.42793585877735,132.15521255387762,132.9754180908203,37111500
2017-08-22 00:00:00-04:00,133.69189234238175,135.14374101411573,133.644751782989,135.0023193359375,36294200
2017-08-23 00:00:00-04:00,134.32353030498498,134.82318856738854,134.22926357516607,134.52151489257812,25702300
2017-08-24 00:00:00-04:00,134.8231777250218,134.9740217429355,133.37134361211508,134.12554931640625,38160800
2017-08-25 00:00:00-04:00,134.6440739627806,134.983451443635,133.66360217827426,133.8427276611328,26380400
2017-08-28 00:00:00-04:00,134.24811635734204,134.56866353676875,133.82388008446705,134.25755310058594,15362100
2017-08-29 00:00:00-04:00,133.10737651028884,135.0117427160932,132.98481394505424,134.7854766845703,24498300
2017-08-30 00:00:00-04:00,134.89861509276963,136.5955745243116,134.81377071751228,136.3693084716797,33642700
2017-08-31 00:00:00-04:00,136.75585821214628,137.8400336680139,136.68043618506394,137.83059692382812,38480700
2017-09-01 00:00:00-04:00,138.00970214575352,138.19824999309313,137.274355471434,137.64202880859375,22293600
2017-09-05 00:00:00-04:00,137.23668671840898,137.52893811424389,135.37946045779356,136.4070587158203,44794300
2017-09-06 00:00:00-04:00,136.75585397156453,137.1329640952826,135.83195934269585,136.8218536376953,30722700
2017-09-07 00:00:00-04:00,137.07639534927827,137.4912093186364,136.64273666151746,137.14239501953125,22721100
2017-09-08 00:00:00-04:00,136.96323712783916,137.0292367824938,135.8130766247319,135.95449829101562,27890100
2017-09-11 00:00:00-04:00,137.01984233825286,137.75518919704058,136.98213851343806,137.51950073242188,27126300
2017-09-12 00:00:00-04:00,137.90601971141285,138.02858230425764,137.19895438705768,137.84945678710938,30256700
2017-09-13 00:00:00-04:00,137.61374288690396,138.05683822568238,137.38747684626878,138.03797912597656,28450900
2017-09-14 00:00:00-04:00,137.5006711090303,137.91547076866348,137.14242000018672,137.22726440429688,35296400
2017-09-15 00:00:00-04:00,137.19901088278942,138.19832798439805,136.9727447071229,137.69866943359375,46422400
2017-09-18 00:00:00-04:00,137.85827745985506,138.29288528695218,137.10242083652608,137.5181427001953,24858200
2017-09-19 00:00:00-04:00,137.76376121704737,137.95272172924206,137.29135272817922,137.7543182373047,20871200
2017-09-20 00:00:00-04:00,137.7070989479152,137.85827315120937,136.27097285015168,137.3291778564453,34236200
2017-09-21 00:00:00-04:00,137.2346957394856,137.24413872127352,136.00643051904922,136.48829650878906,28841800
2017-09-22 00:00:00-04:00,136.05368488318442,136.55443687559364,135.91196806147133,136.3560333251953,21702400
2017-09-25 00:00:00-04:00,135.81746476293688,135.8930518646429,134.25852223845112,134.91989135742188,54947700
2017-09-26 00:00:00-04:00,135.60955907549942,135.86466365745676,134.79701602132045,135.26942443847656,29628800
2017-09-27 00:00:00-04:00,135.98753013870726,136.99849144389268,135.6474097931489,136.48829650878906,33249400
2017-09-28 00:00:00-04:00,136.1575920274379,136.58275683649245,135.84580065632727,136.4410400390625,24149400
2017-09-29 00:00:00-04:00,136.71506255109804,137.5276060183951,136.3560417749213,137.42367553710938,43102400
2017-10-02 00:00:00-04:00,137.63152362061365,138.10393223374822,136.93235368313844,137.54649353027344,27351300
2017-10-03 00:00:00-04:00,137.72601253137108,138.00000318643953,137.42366409579648,137.83938598632812,19715200
2017-10-04 00:00:00-04:00,137.5748124765408,138.26452489261044,137.44253866501015,137.9716339111328,26381100
2017-10-05 00:00:00-04:00,138.47245525332394,139.3983723984566,138.33073839016077,139.3227996826172,31562400
2017-10-06 00:00:00-04:00,138.85036474407198,139.51173400878906,138.85036474407198,139.51173400878906,23561100
2017-10-09 00:00:00-04:00,139.69122423512707,139.84238402545935,139.1715719087057,139.35108947753906,13704800
2017-10-10 00:00:00-04:00,139.8234646034147,139.96518137817878,138.84084690917553,139.45498657226562,19223100
2017-10-11 00:00:00-04:00,139.38887597227543,139.89908531759434,139.20935840324717,139.8707275390625,12439100
2017-10-12 00:00:00-04:00,139.66287484328976,140.16362676801182,139.47389988419326,139.61563110351562,14513500
2017-10-13 00:00:00-04:00,140.18250290442313,140.3147767164598,139.62506429775183,140.15415954589844,18409900
2017-10-16 00:00:00-04:00,140.50377353065718,140.67383370827392,140.20142510364988,140.63604736328125,21809400
2017-10-17 00:00:00-04:00,140.58882008655385,140.83446739969494,140.37151613966873,140.81556701660156,13138200
2017-10-18 00:00:00-04:00,140.9572533824391,140.9761537595144,140.43760113859528,140.6454620361328,17218200
2017-10-19 00:00:00-04:00,139.82350522048978,140.1447396144448,139.143235670487,140.12583923339844,27680300
2017-10-20 00:00:00-04:00,140.6927294731952,140.81554590296676,140.33369433209515,140.50376892089844,30173300
2017-10-23 00:00:00-04:00,140.79670654371665,140.80614952858903,139.38892329210714,139.58734130859375,29297100
2017-10-24 00:00:00-04:00,139.8613184570835,140.11642319157542,139.30387965155288,139.8235321044922,20289500
2017-10-25 00:00:00-04:00,139.5494924888131,140.00300069164905,138.25509758518515,139.2943878173828,36179100
2017-10-26 00:00:00-04:00,139.2093931252919,139.55898536887818,138.8125715448262,138.85037231445312,28230200
2017-10-27 00:00:00-04:00,141.18401864276166,143.15869742675545,140.96671473674405,142.89414978027344,60165100
2017-10-30 00:00:00-04:00,142.79025863626367,143.79176277611182,142.65798477660013,143.21542358398438,31733400
2017-10-31 00:00:00-04:00,143.67839457694737,143.96182827465566,143.26267259794855,143.75396728515625,26319300
2017-11-01 00:00:00-04:00,144.33030989942975,144.3964540416336,143.13984509069297,143.7067413330078,29481600
2017-11-02 00:00:00-04:00,143.546066929437,143.60276807019883,142.45008995973012,143.4326934814453,31017400
2017-11-03 00:00:00-04:00,143.95234669183205,144.83101975266578,143.4610377195909,144.8121337890625,26199200
2017-11-06 00:00:00-05:00,144.69876902064044,145.3601526882448,144.65153968732733,145.30345153808594,28693900
2017-11-07 00:00:00-05:00,145.19005555787425,145.57743406499927,144.87826415580528,145.3884735107422,21333100
2017-11-08 00:00:00-05:00,145.31288926157058,146.01204476773913,145.14281466766036,145.97425842285156,17373500
2017-11-09 00:00:00-05:00,144.7743164006511,145.28452569466288,143.71612588975918,145.2089385986328,40594500
2017-11-10 00:00:00-05:00,144.86889217432477,145.31295762368714,144.61378737182923,145.19956970214844,20150800
2017-11-13 00:00:00-05:00,144.65154458692456,145.56801858582853,144.65154458692456,145.37904357910156,12522400
2017-11-14 00:00:00-05:00,144.8688301912023,145.02944739315663,144.15077427362414,144.8499298095703,25173800
2017-11-15 00:00:00-05:00,144.22634920459447,144.55704101283402,143.40436280043605,144.16966247558594,24808000
2017-11-16 00:00:00-05:00,144.89713155887586,146.34270037425404,144.86878820302633,146.0120086669922,34790600
2017-11-17 00:00:00-05:00,146.04990583702067,146.15383634933505,145.31294926489042,145.4546661376953,28725800
2017-11-20 00:00:00-05:00,145.55850565694158,145.69077946112856,145.133340887538,145.34120178222656,21143900
2017-11-21 00:00:00-05:00,146.030936951758,146.9852115036111,145.96480724772505,146.9190673828125,20147800
2017-11-22 00:00:00-05:00,147.0513280405415,147.24028857098614,146.7678800364924,147.09857177734375,17299000
2017-11-24 00:00:00-05:00,147.2497362038698,147.68434395339594,147.16469171655953,147.63710021972656,8280600
2017-11-27 00:00:00-05:00,147.5899147867371,147.92059218721855,147.23087960421148,147.57101440429688,22653400
2017-11-28 00:00:00-05:00,147.9017308491865,148.04346212975202,147.1080875783968,147.948974609375,25227300
2017-11-29 00:00:00-05:00,147.7788855201772,147.81667187088763,144.6704283579951,145.36959838867188,71986300
2017-11-30 00:00:00-05:00,145.98368129519136,146.87181165375455,145.64354657099193,146.58836364746094,56595500
2017-12-01 00:00:00-05:00,145.69080817325835,146.6734261266661,143.85786051346403,145.96481323242188,59015800
2017-12-04 00:00:00-05:00,146.88129800965712,147.04191521431162,144.1413192976373,144.28305053710938,51319100
2017-12-05 00:00:00-05:00,144.25468684770362,146.02150486007602,143.70670554451013,144.3775177001953,40604200
2017-12-06 00:00:00-05:00,143.8389849048927,145.25621079540954,143.66891030131168,145.02944946289062,28647800
2017-12-07 00:00:00-05:00,145.02003039349006,145.93650444048822,144.86885614688282,145.52078247070312,32666200
2017-12-08 00:00:00-05:00,146.58838813869409,146.94742330110267,145.93647635709456,146.16322326660156,28081700
2017-12-11 00:00:00-05:00,146.22939372425924,147.34427134146728,146.21993632348224,147.29702758789062,20821500
2017-12-12 00:00:00-05:00,147.23084559033143,147.53317955568994,146.78678041456615,147.09857177734375,20310300
2017-12-13 00:00:00-05:00,147.6938409863232,147.85445819049275,147.16473121069933,147.38204956054688,24418500
2017-12-14 00:00:00-05:00,147.63711211860735,148.0150476016589,147.11747425665388,147.27809143066406,24594700
2017-12-15 00:00:00-05:00,147.8544169179608,149.1110252528554,147.60875527223266,148.9503936767578,49816200
2017-12-18 00:00:00-05:00,149.9341636004943,150.32235225870707,149.65959994402485,150.1992645263672,26844500
2017-12-19 00:00:00-05:00,149.91522744795662,150.06671782279815,148.89268908815228,149.3092803955078,31415000
2017-12-20 00:00:00-05:00,149.83002294387984,149.85842558394518,148.56132353123613,149.14833068847656,38972600
2017-12-21 00:00:00-05:00,149.35666842482522,149.83006515517332,148.99688228674572,149.1673126220703,18638700
2017-12-22 00:00:00-05:00,148.9400361501062,149.05364671122192,148.59919001984136,148.99684143066406,23330400
2017-12-26 00:00:00-05:00,148.16365974023816,148.3814181115119,147.65238336795815,148.1920623779297,21918700
2017-12-27 00:00:00-05:00,148.2014900307704,148.6086184861806,148.06893960394424,148.21095275878906,22388200
2017-12-28 00:00:00-05:00,148.68440324951018,148.7128203377215,148.21100663206826,148.39089965820312,25393800
2017-12-29 00:00:00-05:00,148.52339858962128,148.55180122105747,147.41565262286977,147.4724578857422,33186000
2018-01-02 00:00:00-05:00,148.2299628375315,150.09514687105468,147.86071401321027,150.05728149414062,32573300
2018-01-03 00:00:00-05:00,150.19927780906815,151.64787029887714,150.1708751678498,151.51531982421875,29383600
2018-01-04 00:00:00-05:00,152.03606425211956,152.23488274752748,151.56266761954237,151.78042602539062,24776100
2018-01-05 00:00:00-05:00,152.499998186538,153.408911631012,152.21595731754536,153.3047637939453,26992300
2018-01-08 00:00:00-05:00,153.30473034954352,153.97695977794436,153.2479250775212,153.90121459960938,23159100
2018-01-09 00:00:00-05:00,154.20419386909234,154.36514696903302,153.4467709157049,153.9106903076172,24782400
2018-01-10 00:00:00-05:00,153.22901234926837,153.57933566706862,152.547320070258,153.55091857910156,34004000
2018-01-11 00:00:00-05:00,153.81599642632787,154.6112990753957,153.57929817742095,154.60182189941406,20473500
2018-01-12 00:00:00-05:00,154.46932309149284,155.89899023880287,154.27050458622523,155.738037109375,37762700
2018-01-16 00:00:00-05:00,156.77004031784324,157.56534324272374,154.82911111430522,155.2930450439453,41231800
2018-01-17 00:00:00-05:00,156.03154067884094,157.20555513948074,155.27410313999366,156.96885681152344,33849900
2018-01-18 00:00:00-05:00,156.72264483888387,157.3569944181062,156.3533961451003,156.99722290039062,26432200
2018-01-19 00:00:00-05:00,157.4611145825259,157.74515532331964,156.73208005210154,157.48951721191406,38937600
2018-01-22 00:00:00-05:00,157.4327546368143,159.1748504638672,157.25286163730806,159.1748504638672,26081400
2018-01-23 00:00:00-05:00,159.66720032315794,160.63293340600265,159.59145513559,160.49090576171875,37989700
2018-01-24 00:00:00-05:00,160.83175762528785,161.1820809361636,158.53105706429199,159.44944763183594,54287400
2018-01-25 00:00:00-05:00,160.54771263721892,160.6045179116188,158.8813475379358,159.3926239013672,28925000
2018-01-26 00:00:00-05:00,160.28263248022026,161.85431283606968,159.97020340240428,161.8353729248047,32038200
2018-01-29 00:00:00-05:00,161.49449338972056,161.81639955132164,160.70865344446023,161.04949951171875,37277800
2018-01-30 00:00:00-05:00,159.58207730325347,160.40578318003023,158.89092196350893,159.72409057617188,44987700
2018-01-31 00:00:00-05:00,160.6234475483431,160.94536818984005,159.3831508686413,160.38674926757812,42449200
2018-02-01 00:00:00-05:00,159.15591165031978,160.699174441353,158.51208488752155,159.0233612060547,38037900
2018-02-02 00:00:00-05:00,158.3984684453155,158.77717985855438,155.7190425782531,155.85159301757812,68478100
2018-02-05 00:00:00-05:00,154.3935934419763,156.9309926020154,149.59334438080504,149.7069549560547,105372200
2018-02-06 00:00:00-05:00,147.51981111686754,153.86332115971052,146.84759619491862,153.67396545410156,118537900
2018-02-07 00:00:00-05:00,153.1816811943043,154.84804664337153,151.67628331904677,151.68576049804688,91028300
2018-02-08 00:00:00-05:00,152.07392125317836,152.24435154392032,145.28541564941406,145.28541564941406,94184800
2018-02-09 00:00:00-05:00,147.33990157991516,148.8737158508582,142.14201797762883,147.79437255859375,113836600
2018-02-12 00:00:00-05:00,149.30929160266103,151.43957640042325,148.13527722681096,150.4170379638672,63050600
2018-02-13 00:00:00-05:00,149.55544190242588,151.49635616705604,149.3282063613805,151.19338989257812,31785600
2018-02-14 00:00:00-05:00,150.30341699623577,154.26100554545883,149.59332211278897,154.02430725097656,52107400
2018-02-15 00:00:00-05:00,155.4066111061937,156.88360595703125,153.79706580584292,156.88360595703125,51633900
2018-02-16 00:00:00-05:00,156.37235439090412,157.88721470724101,155.91788329377826,156.18299865722656,62256300
2018-02-20 00:00:00-05:00,155.63388198680397,157.8114949452485,155.56759952353576,156.49545288085938,36785600
2018-02-21 00:00:00-05:00,157.26233956795636,158.79613976576488,155.9557604679469,156.05044555664062,41161800
2018-02-22 00:00:00-05:00,156.7321577182965,157.5653404516523,155.63388846159583,156.0315399169922,37074400
2018-02-23 00:00:00-05:00,157.29076193694786,159.2222137451172,156.64693503627942,159.2222137451172,50096900
2018-02-26 00:00:00-05:00,159.97008113366343,161.3334503173828,159.8375307499584,161.3334503173828,39266700
2018-02-27 00:00:00-05:00,161.3809230432414,161.64602402454346,159.260115192825,159.33584594726562,42209900
2018-02-28 00:00:00-05:00,160.2447606261022,160.76549981294153,158.20916087845245,158.3133087158203,42936300
2018-03-01 00:00:00-05:00,158.39849446045145,159.12752921993194,154.32728108836878,155.72853088378906,76809900
2018-03-02 00:00:00-05:00,153.85387483050005,157.4327515015732,153.34261292616782,157.15818786621094,57445100
2018-03-05 00:00:00-05:00,156.41969057526578,159.30739790198226,155.83266904374514,158.90028381347656,38540200
2018-03-06 00:00:00-05:00,159.67665758910184,160.11218879098223,158.56891134680296,159.572509765625,29480900
2018-03-07 00:00:00-05:00,158.35115167144852,160.0743221099568,158.07658801921463,159.94175720214844,34609400
2018-03-08 00:00:00-05:00,160.60453774817742,160.93590670541016,159.96071084932066,160.82229614257812,25828400
2018-03-09 00:00:00-05:00,161.9679068851201,163.9467010498047,161.73120860378702,163.9467010498047,38310500
2018-03-12 00:00:00-04:00,164.4295908204173,165.19649108257738,164.06034201097285,164.81777954101562,37635000
2018-03-13 00:00:00-04:00,165.19641255755673,165.8875817403972,162.15721559684965,162.5738067626953,55638900
2018-03-14 00:00:00-04:00,163.42598115509412,163.54906889887178,161.83536100513376,162.5454559326172,40536400
2018-03-15 00:00:00-04:00,162.65905003568795,163.3502049219649,161.80692761648115,162.40341186523438,28810400
2018-03-16 00:00:00-04:00,162.6780307866614,163.0378024146468,161.84484806453258,161.92059326171875,31176700
2018-03-19 00:00:00-04:00,160.36246333337064,160.47625819963685,157.08123814260344,158.46580505371094,71395100
2018-03-20 00:00:00-04:00,158.53218702748168,159.35722878223228,158.0011250027983,158.9873809814453,34075700
2018-03-21 00:00:00-04:00,158.57014383135225,160.0400426256779,157.6028439228635,158.2951202392578,43863500
2018-03-22 00:00:00-04:00,156.1044586392178,157.20452390269915,154.1888297452732,154.3879852294922,66607300
2018-03-23 00:00:00-04:00,154.20778057558155,154.8621299063829,150.24375779740703,150.3196258544922,80110400
2018-03-26 00:00:00-04:00,153.363758799785,156.09495080359332,150.93603900544485,155.9052734375,57481500
2018-03-27 00:00:00-04:00,157.06228097261555,157.06228097261555,149.53254464160668,150.86021423339844,78889100
2018-03-28 00:00:00-04:00,149.9972322715701,151.5240429076196,147.9772863852109,149.12477111816406,89369700
2018-03-29 00:00:00-04:00,149.93083487789318,153.35430347071113,148.53678995832982,151.85594177246094,68692600
2018-04-02 00:00:00-04:00,150.77485088321868,151.48609771795935,145.92888853703812,147.4746551513672,85549400
2018-04-03 00:00:00-04:00,148.76442945381385,149.76017822529067,146.45999594044827,149.13427734375,64090000
2018-04-04 00:00:00-04:00,146.2513184350684,151.95077125217992,146.0806116684279,151.48609924316406,65768700
2018-04-05 00:00:00-04:00,152.9939313539573,153.23101362262636,151.23951677766496,152.34906005859375,43054900
2018-04-06 00:00:00-04:00,150.67052937774895,152.1688910657311,147.82554212798996,148.5367889404297,59870900
2018-04-09 00:00:00-04:00,149.81702306440727,152.5671860613218,149.32390236456325,149.57994079589844,41810400
2018-04-10 00:00:00-04:00,151.93182826591593,153.37327823853667,150.8507335512727,152.88015747070312,48296800
2018-04-11 00:00:00-04:00,151.9223466433955,153.629342228899,151.8275223983075,151.9982147216797,41622100
2018-04-12 00:00:00-04:00,152.91807361206028,154.35953795455222,152.83272746246416,153.82847595214844,30467900
2018-04-13 00:00:00-04:00,154.59667368874244,154.82426349968458,152.36809365420535,153.03192138671875,44604900
2018-04-16 00:00:00-04:00,154.10349503207254,154.75784449546558,153.13619519617177,154.19833374023438,28180800
2018-04-17 00:00:00-04:00,155.7536087619345,157.85890095637978,155.44065835785676,157.5175018310547,35536100
2018-04-18 00:00:00-04:00,157.51747634960722,158.3709667896733,156.76828822367082,157.83990478515625,29573900
2018-04-19 00:00:00-04:00,157.04328056791937,157.41312828115915,155.84837682487438,156.38893127441406,34705700
2018-04-20 00:00:00-04:00,155.99066143784182,156.1044563012031,153.3732638177011,153.913818359375,49197100
2018-04-23 00:00:00-04:00,154.6630012681881,155.26993135976628,152.6999674057224,153.52500915527344,33040600
2018-04-24 00:00:00-04:00,154.25517996244795,154.49226218378323,149.25748268500288,150.27220153808594,70256800
2018-04-25 00:00:00-04:00,150.53776845446654,151.07830852374502,148.38505731843796,150.45240783691406,52089300
2018-04-26 00:00:00-04:00,152.396489835845,154.1319338977122,151.90335463156612,153.61984252929688,43005500
2018-04-27 00:00:00-04:00,155.8768807859466,155.91482206095097,152.84222995164492,153.71469116210938,51043400
2018-04-30 00:00:00-04:00,154.07496519224347,155.03277197082355,152.24468327493292,152.6240234375,35615300
2018-05-01 00:00:00-04:00,152.22578482869912,154.3879739288055,151.86541515523035,154.36900329589844,36513500
2018-05-02 00:00:00-04:00,154.63459846120384,155.11825574379625,153.2784942876929,153.45867919921875,38646800
2018-05-03 00:00:00-04:00,152.68098531412312,154.00864026784356,150.99296067138408,153.4396514892578,60337100
2018-05-04 00:00:00-04:00,152.77583782576932,156.71139816398457,152.66202848347902,156.3510284423828,41543200
2018-05-07 00:00:00-04:00,157.0812347772602,158.16232939469043,156.95794736121027,157.65023803710938,32500200
2018-05-08 00:00:00-04:00,157.31827643228272,157.83036765762466,156.34149884904974,157.48898315429688,26040200
2018-05-09 00:00:00-04:00,157.77353418777884,159.31931551044775,157.21402339785976,159.2055206298828,29122700
2018-05-10 00:00:00-04:00,159.71756839713558,160.96936962254077,159.5942809966587,160.85556030273438,27067600
2018-05-11 00:00:00-04:00,160.6659161540593,161.0831832779089,160.00208867082307,160.703857421875,24688800
2018-05-14 00:00:00-04:00,161.07370527638108,161.9935856715931,160.71333558372166,160.97886657714844,21821700
2018-05-15 00:00:00-04:00,159.70810495569702,159.79345110061075,158.351986837203,159.1959991455078,49361600
2018-05-16 00:00:00-04:00,159.4046600323397,160.61852031374204,159.32879195595757,160.24867248535156,22941200
2018-05-17 00:00:00-04:00,159.68914535867944,160.84610808198119,158.85461107423765,159.6322479248047,27480200
2018-05-18 00:00:00-04:00,159.01583957848112,159.5658722726055,158.5701381496388,158.80722045898438,26217900
2018-05-21 00:00:00-04:00,160.0400227312921,160.74179151419202,159.01582550909544,159.69862365722656,22954600
2018-05-22 00:00:00-04:00,160.42882595790715,160.69435693809538,159.20548783277934,159.48997497558594,19477700
2018-05-23 00:00:00-04:00,158.27613896737807,160.85559556979388,158.25718280188104,160.83663940429688,26557800
2018-05-24 00:00:00-04:00,160.7891845703125,161.07368616389854,159.16753561611853,160.7891845703125,27696500
2018-05-25 00:00:00-04:00,160.77022409920974,161.52889023993566,160.46676632513123,160.95040893554688,27460500
2018-05-29 00:00:00-04:00,160.22022614037803,161.14010668340703,159.2813894307395,160.23919677734375,41220500
2018-05-30 00:00:00-04:00,160.81763846212016,161.67112880001466,160.47623943289182,161.38662719726562,22665800
2018-05-31 00:00:00-04:00,161.3866356811501,162.35393539320546,160.86506626410335,161.28233337402344,35670900
2018-06-01 00:00:00-04:00,162.0883957948387,163.9091857928924,162.040976449349,163.81436157226562,45543300
2018-06-04 00:00:00-04:00,164.23163895403206,165.33170426571945,164.12733663672074,165.2937774658203,20459600
2018-06-05 00:00:00-04:00,165.6826047265406,166.08090126329938,165.07567460333357,165.80587768554688,24779300
2018-06-06 00:00:00-04:00,165.97655465259714,166.80159629692582,165.14202045672715,166.7731475830078,25036600
2018-06-07 00:00:00-04:00,166.80160481679465,166.83953161383826,164.58251819572465,165.4170379638672,39600300
2018-06-08 00:00:00-04:00,164.63944442115294,165.84382664046842,164.23165531225686,165.4265594482422,31780300
2018-06-11 00:00:00-04:00,165.30325014559486,166.28002800256507,165.2748014290116,165.87225341796875,22319700
2018-06-12 00:00:00-04:00,166.09986429563205,166.90594995571973,165.91969389111992,166.74473571777344,22511800
2018-06-13 00:00:00-04:00,167.00076048285288,167.9870163809881,166.36536725123887,166.7352294921875,37858600
2018-06-14 00:00:00-04:00,167.5033831127348,168.69827263752708,167.38009569219312,168.4232635498047,35916000
2018-06-15 00:00:00-04:00,167.7878315136748,168.16717176986268,167.01020931160426,167.8352508544922,49615700
2018-06-18 00:00:00-04:00,166.77848503703288,167.88089031659635,166.2557847528763,167.73834228515625,31633200
2018-06-19 00:00:00-04:00,165.61908169691742,167.30120683532996,165.08688292987196,167.26319885253906,38236000
2018-06-20 00:00:00-04:00,168.03296583493164,169.14488408086777,167.88090492061724,168.4511260986328,33038000
2018-06-21 00:00:00-04:00,168.8787843964263,169.04985655002235,166.66444627809435,166.98757934570312,43469400
2018-06-22 00:00:00-04:00,167.54830644362585,167.6148240376374,166.0182277654172,166.61695861816406,30073200
2018-06-25 00:00:00-04:00,165.10586973482756,165.35297236274906,161.3804640883687,162.86302185058594,77799700
2018-06-26 00:00:00-04:00,163.46169669001256,164.46907459358818,162.86296606752697,163.52822875976562,39008100
2018-06-27 00:00:00-04:00,164.22206824434846,164.96334724030908,161.19042015765635,161.30445861816406,52843500
2018-06-28 00:00:00-04:00,161.1048427052974,163.24315020264922,160.7722112940679,162.6919403076172,46407700
2018-06-29 00:00:00-04:00,163.47118853690554,164.3360184012658,162.89146917194478,163.12905883789062,36408500
2018-07-02 00:00:00-04:00,161.59898559274757,164.2695056981416,161.2473575171621,164.22198486328125,31770000
2018-07-03 00:00:00-04:00,164.83976512147632,164.83976512147632,162.15976029075517,162.32131958007812,25512700
2018-07-05 00:00:00-04:00,163.3761719605759,164.46907869423478,162.5398516418171,164.33602905273438,31626200
2018-07-06 00:00:00-04:00,164.71618665896477,167.01605310983962,164.41206489620922,166.8925018310547,37005600
2018-07-09 00:00:00-04:00,167.75736525008682,168.43211198117197,167.0921168879864,168.39410400390625,27362100
2018-07-10 00:00:00-04:00,168.70772330692532,168.89779219490532,167.93793488474398,168.5176544189453,23902500
2018-07-11 00:00:00-04:00,167.19664189546,168.28006501184498,167.07310509376168,167.66232299804688,30280600
2018-07-12 00:00:00-04:00,168.40357149602207,170.5513916015625,168.28953308380719,170.5513916015625,27930100
2018-07-13 00:00:00-04:00,170.54189357070777,170.96955215504533,170.06671414337154,170.69395446777344,28049800
2018-07-16 00:00:00-04:00,170.73197870223444,171.01708928605575,170.000212755396,170.28530883789062,21405300
2018-07-17 00:00:00-04:00,168.47961926874322,171.68232401936834,168.47961926874322,171.32119750976562,31034100
2018-07-18 00:00:00-04:00,171.34023777022657,171.4828003376979,170.47542200008232,170.99810791015625,23220800
2018-07-19 00:00:00-04:00,170.38033568727454,170.95055680523234,169.94317873132223,170.1427459716797,31094100
2018-07-20 00:00:00-04:00,170.6559462030538,171.22615281408937,169.91465295645455,170.104736328125,35897300
2018-07-23 00:00:00-04:00,169.60103736350507,170.72245378379418,168.91677786927548,170.64642333984375,22184700
2018-07-24 00:00:00-04:00,172.40459981511123,173.01282888973145,170.64643016904148,171.34970092773438,36900300
2018-07-25 00:00:00-04:00,171.42578087557595,173.84918500463584,171.34023753467906,173.74465942382812,35026600
2018-07-26 00:00:00-04:00,171.38770399704794,171.93891384598405,170.88401498878858,171.1121063232422,40873500
2018-07-27 00:00:00-04:00,172.19555356266724,172.309592004913,167.83340913083367,168.80276489257812,59456100
2018-07-30 00:00:00-04:00,168.81225156442017,168.90727875110102,165.6190451651664,166.41734313964844,60193000
2018-07-31 00:00:00-04:00,167.07309892634723,168.33707801414397,166.14175125688033,167.69082641601562,47285100
2018-08-01 00:00:00-04:00,168.08044186334882,168.83121886291934,167.35817446494406,168.32752990722656,37101900
2018-08-02 00:00:00-04:00,167.13961806470147,170.81751693378456,167.0635876111949,170.61793518066406,47178200
2018-08-03 00:00:00-04:00,170.94104325910718,171.15012336810906,170.1902661413825,171.140625,28934400
2018-08-06 00:00:00-04:00,171.02662403335418,172.19556162508772,170.81754387856236,172.14804077148438,24808800
2018-08-07 00:00:00-04:00,172.63270600434117,173.09838713334858,172.26206657556463,172.7752685546875,29895700
2018-08-08 00:00:00-04:00,172.5376441658239,173.29793411104862,172.07196313030923,172.98431396484375,22680700
2018-08-09 00:00:00-04:00,172.87979125976562,173.56405082898172,172.62319029597808,172.87979125976562,18852900
2018-08-10 00:00:00-04:00,171.71083851674123,172.2240404417664,170.91254052373094,171.5587921142578,33818500
2018-08-13 00:00:00-04:00,171.8723871015071,172.97479223924654,171.2926676793552,171.3686981201172,26089200
2018-08-14 00:00:00-04:00,172.0244514770634,172.64219343487977,171.1026022257104,172.44261169433594,20913000
2018-08-15 00:00:00-04:00,171.07407285211607,171.61578429862098,169.27789540007527,170.33279418945312,58528000
2018-08-16 00:00:00-04:00,171.6443318832938,172.0054729275456,170.56092325186526,170.8935546875,27711800
2018-08-17 00:00:00-04:00,170.44685604746917,171.3591923718742,169.42046680652018,170.93153381347656,36092600
2018-08-20 00:00:00-04:00,171.31166330223746,171.37819537546903,170.1142164959825,170.7794647216797,24939000
2018-08-21 00:00:00-04:00,171.29271509798892,172.43314302247376,171.18817502566702,171.40675354003906,26258700
2018-08-22 00:00:00-04:00,171.04560154990082,172.27157272896844,170.8270230494858,172.07199096679688,18042400
2018-08-23 00:00:00-04:00,171.76788617728147,173.01285411298045,171.53979480304895,171.8249053955078,25776200
2018-08-24 00:00:00-04:00,172.39508897697198,173.56404079927302,172.35708100369013,173.42147827148438,23136100
2018-08-27 00:00:00-04:00,174.2958083048027,175.18914794921875,174.02021061728036,175.18914794921875,29343600
2018-08-28 00:00:00-04:00,175.65480456653518,175.8353750441727,175.07508516527307,175.4457244873047,20277000
2018-08-29 00:00:00-04:00,175.7499001163301,177.56508946436662,175.68338252050793,177.47006225585938,29175600
2018-08-30 00:00:00-04:00,177.12786246888356,178.2112708271526,176.56713980436044,177.1563720703125,29315500
2018-08-31 00:00:00-04:00,176.9378211033388,177.88818004664083,176.74775221494372,177.38449096679688,28653200
2018-09-04 00:00:00-04:00,176.8427697509072,177.1468770305292,175.67383247070833,176.6241912841797,29063500
2018-09-05 00:00:00-04:00,176.31057247335454,176.33908207786902,173.74460655777725,174.34332275390625,42623300
2018-09-06 00:00:00-04:00,174.4193780863962,174.62845821688447,171.6158220656286,172.78475952148438,46091400
2018-09-07 00:00:00-04:00,171.53980251448598,173.60207984056728,171.4827832936964,172.11952209472656,46629500
2018-09-10 00:00:00-04:00,173.10786611229807,173.20290780188296,171.75835822788284,172.69921875,26132000
2018-09-11 00:00:00-04:00,172.0054845249532,174.31484998660366,171.55881462473369,174.0297393798828,30116500
2018-09-12 00:00:00-04:00,173.7731415067236,173.89667831052904,172.0244700006214,173.51654052734375,36204000
2018-09-13 00:00:00-04:00,174.59993209740236,175.70235186275892,174.5239016479303,175.36972045898438,31133200
2018-09-14 00:00:00-04:00,175.49327557945858,175.76887327614563,174.1627644366681,174.85653686523438,31224100
2018-09-17 00:00:00-04:00,174.56191000240187,174.68546129572889,172.1765144629856,172.33807373046875,33071200
2018-09-18 00:00:00-04:00,172.4806047847445,174.60939898080548,172.3950614811848,173.76358032226562,31877300
2018-09-19 00:00:00-04:00,173.79212873208462,174.20079060290038,172.49964003814404,173.6305694580078,31843400
2018-09-20 00:00:00-04:00,174.82802544250478,175.7878826880666,174.4098652162955,175.55029296875,33295800
2018-09-21 00:00:00-04:00,176.0254293999861,176.2725174272284,174.37180013708823,174.59039306640625,38605400
2018-09-24 00:00:00-04:00,173.32418508658094,175.14264058066502,172.61013325117406,175.07598876953125,34945600
2018-09-25 00:00:00-04:00,174.99981082961034,175.44728444804895,174.40000267565628,175.31399536132812,25277500
2018-09-26 00:00:00-04:00,175.46635082988104,177.0753500505911,175.0950444349035,175.4377899169922,36210600
2018-09-27 00:00:00-04:00,176.15184568928296,177.55138856147443,176.05663295926632,176.9230194091797,33113300
2018-09-28 00:00:00-04:00,176.42794431510183,177.35145261798053,176.10424426783513,176.8849334716797,28076800
2018-10-01 00:00:00-04:00,177.91316488787203,178.54153403985828,176.79924567885433,177.24671936035156,27371300
2018-10-02 00:00:00-04:00,177.0943650072503,178.2082840917509,176.4374495426125,176.84683227539062,25618600
2018-10-03 00:00:00-04:00,177.58946383322444,178.00837659881716,176.76116829143515,177.03726196289062,29128700
2018-10-04 00:00:00-04:00,176.32324048482735,176.43749868532777,172.38167396205884,173.63841247558594,80557300
2018-10-05 00:00:00-04:00,173.61935353727043,174.20011637600757,169.87771373296724,171.51527404785156,83325600
2018-10-08 00:00:00-04:00,170.91546073071544,171.9817735477524,168.44959055018361,170.46798706054688,66864500
2018-10-09 00:00:00-04:00,170.59171419407338,172.3435321717788,170.18233150264115,171.02015686035156,49097900
2018-10-10 00:00:00-04:00,169.95383665040103,170.05856482438804,163.2798380060877,163.49880981445312,114471100
2018-10-11 00:00:00-04:00,162.8228838293248,165.0887987187315,159.7667352080754,161.470947265625,143084500
2018-10-12 00:00:00-04:00,165.8218568361367,166.47878677388903,162.73714803046397,165.9646759033203,102078400
2018-10-15 00:00:00-04:00,165.38394484477124,165.69811489230906,163.3369873765282,163.95584106445312,64885300
2018-10-16 00:00:00-04:00,165.6790594485922,169.13506020684252,165.37439038071759,168.72567749023438,71979700
2018-10-17 00:00:00-04:00,169.54443996739752,169.71580540484015,167.05953943254445,168.79229736328125,66987600
2018-10-18 00:00:00-04:00,168.154469359121,168.21159119077706,164.1748267945595,164.8793487548828,82486200
2018-10-19 00:00:00-04:00,166.2121997311445,167.63078770246295,164.1271663975158,164.7269744873047,82923700
2018-10-22 00:00:00-04:00,165.71711483057666,166.85007917618861,164.31757234804653,165.57431030273438,52909300
2018-10-23 00:00:00-04:00,162.46111037883819,165.78383758040704,160.72835174728652,164.96505737304688,77567000
2018-10-24 00:00:00-04:00,164.77460463449026,165.05069827895215,157.1294764647299,157.41510009765625,102997400
2018-10-25 00:00:00-04:00,159.8619795738313,163.83210730635352,159.14792750983608,162.86099243164062,83481100
2018-10-26 00:00:00-04:00,157.2818020372794,161.81365995182347,156.35829390901748,158.6718292236328,130970900
2018-10-29 00:00:00-04:00,161.09960258708008,161.71844162882027,152.41672339043583,155.40621948242188,111871900
2018-10-30 00:00:00-04:00,154.94925813425803,158.08155932598135,154.24472171532688,157.96731567382812,92584000
2018-10-31 00:00:00-04:00,160.53783420289454,163.0417797612865,160.46166695665033,161.68032836914062,73828600
2018-11-01 00:00:00-04:00,161.91839536885564,163.98438352865588,160.69021812060242,163.81300354003906,52706800
2018-11-02 00:00:00-04:00,163.30841743706063,164.27953202168183,160.15707092705455,161.261474609375,75966800
2018-11-05 00:00:00-05:00,161.4709723806229,161.5280942189363,159.0717534794795,160.8616485595703,39573500
2018-11-06 00:00:00-05:00,160.87109902324738,162.9846933513967,160.63308177482892,162.08023071289062,34410400
2018-11-07 00:00:00-05:00,164.02247547360042,167.164306640625,163.6321236272519,167.164306640625,51169600
2018-11-08 00:00:00-05:00,166.38360106924546,166.89772655068538,165.3077727977554,166.09799194335938,40296500
2018-11-09 00:00:00-05:00,164.54608192843838,164.94594915279117,162.00405952028314,163.2988739013672,50602700
2018-11-12 00:00:00-05:00,162.15642721523568,162.4610817938873,158.21484692436925,158.357666015625,62578400
2018-11-13 00:00:00-05:00,159.10029052650188,161.35668996587552,158.0434930939933,158.490966796875,64128100
2018-11-14 00:00:00-05:00,160.06180805660696,160.61400972476693,156.37730631012823,157.28176879882812,75270700
2018-11-15 00:00:00-05:00,156.99622180307256,160.46175347494776,155.62525421372465,160.0333251953125,73254300
2018-11-16 00:00:00-05:00,158.47189742410555,160.24274651594462,157.83401287589223,159.47157287597656,65390700
2018-11-19 00:00:00-05:00,158.70991256763992,158.90032347796026,153.79723263330044,154.2923126220703,67280500
2018-11-20 00:00:00-05:00,150.77918354550894,153.644920925807,149.59862712126255,151.5313262939453,102652800
2018-11-21 00:00:00-05:00,153.6163419307884,154.20662007342565,151.5979457331217,152.6833038330078,42965800
2018-11-23 00:00:00-05:00,151.4646297988551,153.1307502856834,151.4646297988551,151.57888793945312,23503700
2018-11-26 00:00:00-05:00,153.70205262640192,155.15871732745188,153.0546380218114,155.08255004882812,42012600
2018-11-27 00:00:00-05:00,154.23518887325832,155.99652245839667,153.45448526505874,155.60617065429688,36608100
2018-11-28 00:00:00-05:00,156.72963054133936,160.61407470703125,155.63475674795546,160.61407470703125,70141000
2018-11-29 00:00:00-05:00,159.93807307054956,161.14719021457938,158.82415410800272,160.09039306640625,44885700
2018-11-30 00:00:00-05:00,160.3093987603254,161.34715058661743,159.50964968020662,161.25193786621094,36722800
2018-12-03 00:00:00-05:00,164.81272707246367,165.00313803849536,161.38527157419105,164.0701141357422,50771700
2018-12-04 00:00:00-05:00,163.2132079750364,163.67021162835886,157.58649031994403,157.7769012451172,70594700
2018-12-06 00:00:00-05:00,154.5969817865573,158.90985355473777,154.01621906693325,158.89080810546875,71715500
2018-12-07 00:00:00-05:00,158.19583317966627,159.10981154229478,153.1498631498835,153.6449432373047,80432200
2018-12-10 00:00:00-05:00,153.3592534740917,155.92983648661883,151.76930022364928,155.25387573242188,73960800
2018-12-11 00:00:00-05:00,157.78643331612122,157.8245242216189,154.45419092884492,155.76805114746094,59058300
2018-12-12 00:00:00-05:00,158.04350099942525,159.56681766340148,157.05335533703771,157.1390380859375,53780000
2018-12-13 00:00:00-05:00,158.16724500583982,158.82417501244228,156.16789407508645,157.18661499023438,46378500
2018-12-14 00:00:00-05:00,155.3872260821561,155.95845890613484,152.99752300712734,153.35931396484375,56547400
2018-12-17 00:00:00-05:00,152.70234695216084,153.92099411494115,148.68461459356877,149.88421630859375,74834100
2018-12-18 00:00:00-05:00,151.0457693286856,152.2834621659795,149.51293737050176,150.82679748535156,63642100
2018-12-19 00:00:00-05:00,150.59829184118794,153.0165556282606,145.99028062134968,147.1232452392578,81856500
2018-12-20 00:00:00-05:00,146.7614342935479,148.39899417763428,143.18165999183972,144.99058532714844,99002100
2018-12-21 00:00:00-05:00,145.71419175876238,146.7043373197013,139.68759207073956,140.49685668945312,141129400
2018-12-24 00:00:00-05:00,139.47613886513872,141.2902394211851,136.9745863034578,137.0127716064453,56163300
2018-12-26 00:00:00-05:00,138.52129933178205,145.64404330972027,137.57604950046218,145.5676727294922,98982100
2018-12-27 00:00:00-05:00,143.57225014025494,146.2552167258528,140.43098689376546,146.131103515625,85824300
2018-12-28 00:00:00-05:00,147.18135163205488,148.55625603731846,144.86121137491256,146.05470275878906,77856600
2018-12-31 00:00:00-05:00,147.486859353438,147.9737984840545,145.80642910652125,147.28634643554688,53015300
2019-01-02 00:00:00-05:00,144.16418268302837,148.70899156234705,144.05915488311425,147.87832641601562,58576700
2019-01-03 00:00:00-05:00,145.70145851883362,146.33161100325788,142.73205087270742,143.04713439941406,74820200
2019-01-04 00:00:00-05:00,145.453183156539,149.9025226764872,144.8803160150912,149.16732788085938,74709300
2019-01-07 00:00:00-05:00,149.53966005187098,151.67840140294462,149.05272091537373,150.94320678710938,52059300
2019-01-08 00:00:00-05:00,152.32766386092172,152.8719028463536,150.09345181006177,152.30857849121094,49388700
2019-01-09 00:00:00-05:00,152.9005531190291,154.21817214421458,152.26084354608716,153.54981994628906,46491700
2019-01-10 00:00:00-05:00,152.38496842709827,154.07494154520555,151.5256459868379,153.989013671875,38943400
2019-01-11 00:00:00-05:00,153.08196363406662,153.58800275919504,152.5663672547756,153.42568969726562,30176600
2019-01-14 00:00:00-05:00,152.1271247092817,152.7286487805404,151.42057285683464,152.06983947753906,30710200
2019-01-15 00:00:00-05:00,152.76687938885158,155.2493470065144,152.68095151575173,155.03929138183594,40874200
2019-01-16 00:00:00-05:00,155.2970768819006,156.3759976427261,154.95335081635352,155.01065063476562,33812200
2019-01-17 00:00:00-05:00,154.5141426280303,156.92976759132435,154.26590170942924,156.23277282714844,39329000
2019-01-18 00:00:00-05:00,157.33080236185145,158.51475102441884,156.41420916481994,157.77955627441406,57183200
2019-01-22 00:00:00-05:00,156.64334297326178,156.71972816433137,153.49252304432275,154.6191864013672,56711700
2019-01-23 00:00:00-05:00,155.41159190058843,156.1181290837085,153.07235299978612,154.81961059570312,38106100
2019-01-24 00:00:00-05:00,155.32570818269798,156.05136013983042,154.73374122312916,155.82220458984375,32417800
2019-01-25 00:00:00-05:00,157.07299980169913,158.1614632986494,156.53831802340574,157.68406677246094,36515900
2019-01-28 00:00:00-05:00,155.6503697280223,155.7458402932487,154.4377784546573,155.73629760742188,33491200
2019-01-29 00:00:00-05:00,155.8222638676583,155.86046375834675,153.7121788302936,154.26596069335938,30784200
2019-01-30 00:00:00-05:00,156.01313706681032,158.76294498185808,155.52619798559638,158.1900634765625,41346500
2019-01-31 00:00:00-05:00,159.1640398086328,161.35052461894279,158.94444142948458,160.55804443359375,37258400
2019-02-01 00:00:00-05:00,159.76549543367247,160.97808647874677,159.44086934884416,159.88006591796875,32143700
2019-02-04 00:00:00-05:00,159.90865438752743,161.86598205566406,159.7654413306548,161.86598205566406,26718800
2019-02-05 00:00:00-05:00,162.08562679093305,163.4891734270724,162.01879886820296,163.2982177734375,28156400
2019-02-06 00:00:00-05:00,163.336433581131,163.62285980503665,162.07609992001036,162.81129455566406,27970000
2019-02-07 00:00:00-05:00,161.38868484527399,161.78969621966328,159.40271334664087,160.62484741210938,42036200
2019-02-08 00:00:00-05:00,159.22122013660982,160.96849246804905,159.039821767558,160.93984985351562,29020700
2019-02-11 00:00:00-05:00,161.52239591680006,161.9138647029641,160.38618945251423,160.78720092773438,21434100
2019-02-12 00:00:00-05:00,161.9615473186012,163.40327955776894,161.6751064940751,163.16458129882812,29722100
2019-02-13 00:00:00-05:00,163.8901959032232,164.37714960769725,163.09773061477298,163.2791290283203,26094100
2019-02-14 00:00:00-05:00,162.69673796003218,164.0620996651088,162.15251347041834,163.47967529296875,30326800
2019-02-15 00:00:00-05:00,164.7208806476588,164.7590659545719,163.40326173990624,164.16709899902344,32521700
2019-02-19 00:00:00-05:00,163.66109488791793,164.98825676378974,163.6324522593657,164.49176025390625,19487700
2019-02-20 00:00:00-05:00,164.60627156293023,165.2555382375569,163.57510816796272,164.4630584716797,32593000
2019-02-21 00:00:00-05:00,164.02391587740038,164.47266984270547,162.99275205179285,163.86160278320312,25207400
2019-02-22 00:00:00-05:00,164.21488021922983,165.1887587491175,164.12893776272074,165.07418823242188,27735400
2019-02-25 00:00:00-05:00,166.33451453470062,166.76416852151723,165.56111987564668,165.6757049560547,32608800
2019-02-26 00:00:00-05:00,165.27471276352767,166.3727191426124,164.99781457016616,165.8475799560547,21939700
2019-02-27 00:00:00-05:00,165.08369845515168,165.94302086834384,163.99523505362922,165.7425079345703,25162000
2019-02-28 00:00:00-05:00,165.22692527097536,165.9525626785042,164.89274190610905,165.360595703125,25085500
2019-03-01 00:00:00-05:00,166.55407495601366,166.75457330535846,165.35102658401135,166.50633239746094,31431200
2019-03-04 00:00:00-05:00,167.60435186972703,167.84305011269169,164.6731450219927,166.5349884033203,38063500
2019-03-05 00:00:00-05:00,166.65911865234375,167.1747004545302,165.83799610146548,166.65911865234375,22319900
2019-03-06 00:00:00-05:00,166.82143054025303,166.85007316411867,165.4465263187644,165.7138671875,27194600
2019-03-07 00:00:00-05:00,165.29377846746885,165.35106372300547,163.06910877388177,163.68017578125,39407400
2019-03-08 00:00:00-05:00,161.84691008176802,163.51779735580232,161.68459706628238,163.43186950683594,39303200
2019-03-11 00:00:00-04:00,164.10985707893892,166.94559400009027,164.0812144489465,166.8310089111328,30518400
2019-03-12 00:00:00-04:00,167.27020781357135,168.17725835721112,166.86919645435123,167.7476043701172,33953500
2019-03-13 00:00:00-04:00,168.61640432397107,169.88626585207965,168.37770613810417,169.0078582763672,42426100
2019-03-14 00:00:00-04:00,169.1224926441927,169.3229910201753,168.67373875834647,168.7214813232422,23751500
2019-03-15 00:00:00-04:00,169.38027324696452,170.79337738392996,169.26570274844815,170.28733825683594,38192000
2019-03-18 00:00:00-04:00,170.2146362582028,171.20943636618364,169.87028462013257,170.69290161132812,32935100
2019-03-19 00:00:00-04:00,171.39113897479314,172.1755010409298,170.53982735902179,171.2667999267578,36893300
2019-03-20 00:00:00-04:00,171.27636959890333,172.99812762512659,170.4920220842065,171.94593811035156,50105000
2019-03-21 00:00:00-04:00,171.42940589018346,174.8824817504702,171.41027119249412,174.6337890625,42428500
2019-03-22 00:00:00-04:00,173.8781718982724,174.3468772560875,170.61639828777814,170.7981414794922,70794500
2019-03-25 00:00:00-04:00,170.17636298036396,171.0659294347799,169.23895248122832,170.47288513183594,46336500
2019-03-26 00:00:00-04:00,171.7928946545936,172.83550946353304,170.39635361302024,171.2667999267578,33248100
2019-03-27 00:00:00-04:00,171.5251109277186,171.90771741144937,168.92334597094447,170.1668243408203,37096700
2019-03-28 00:00:00-04:00,170.6068046705843,171.19984899382246,169.53549502976716,170.55897521972656,30368200
2019-03-29 00:00:00-04:00,171.8789755103528,172.01288920247762,170.82678607544503,171.85028076171875,35205500
2019-04-01 00:00:00-04:00,173.6199014125218,174.3372995173104,172.91207795691824,174.12686157226562,30969500
2019-04-02 00:00:00-04:00,174.31820492933156,174.95907891197015,173.87819427195822,174.78689575195312,22645200
2019-04-03 00:00:00-04:00,175.772064031051,176.88164306929457,175.24598385880543,175.79119873046875,31633500
2019-04-04 00:00:00-04:00,175.83899162813253,176.47986526816172,174.71027812510636,175.72421264648438,28530800
2019-04-05 00:00:00-04:00,176.23120871552845,176.73816878233495,176.0207708090617,176.63294982910156,25674700
2019-04-08 00:00:00-04:00,176.34598686220198,177.22599328700653,175.64772359168842,177.08251953125,22697500
2019-04-09 00:00:00-04:00,176.4798738321108,177.06335800963035,176.08769283178688,176.4607391357422,25631900
2019-04-10 00:00:00-04:00,176.69036255256256,177.4651501302414,176.49905932031487,177.4077606201172,24563000
2019-04-11 00:00:00-04:00,177.70426015868966,177.70426015868966,176.66164526971747,176.9868621826172,20654100
2019-04-12 00:00:00-04:00,177.7712251536275,177.86686946025878,177.01555777509446,177.75209045410156,24989100
2019-04-15 00:00:00-04:00,177.7616727931922,177.98168537657688,176.5947040992862,177.7808074951172,21073000
2019-04-16 00:00:00-04:00,178.43124492140737,178.78517123423867,177.84776056295726,178.3929901123047,27195700
2019-04-17 00:00:00-04:00,179.58866432962182,179.7608328741367,178.48865970721516,179.01473999023438,29651600
2019-04-18 00:00:00-04:00,179.31124210545414,179.62688437597527,178.19208840069973,179.24427795410156,28580900
2019-04-22 00:00:00-04:00,178.4599132071581,179.81818484802227,178.32598491736357,179.751220703125,17936000
2019-04-23 00:00:00-04:00,180.21037639242633,182.2573514878714,179.95212361455012,182.037353515625,33665600
2019-04-24 00:00:00-04:00,182.1903826767647,182.41995527278428,181.4060205869884,181.4634246826172,24977100
2019-04-25 00:00:00-04:00,182.82172015245564,182.90780441384973,181.21474096226393,182.19996643066406,29517500
2019-04-26 00:00:00-04:00,181.91296306772531,182.40080296272671,180.39208307912622,182.36253356933594,26359500
2019-04-29 00:00:00-04:00,182.36256542825964,183.00345381779383,182.06604325741526,182.71649169921875,21716200
2019-04-30 00:00:00-04:00,181.2433917563235,181.59731795982339,180.02860855217912,181.30078125,31495300
2019-05-01 00:00:00-04:00,182.48696471980216,183.00349958150719,180.5930376163914,180.71737670898438,34797100
2019-05-02 00:00:00-04:00,180.65995676755728,181.59736740449787,178.74689528147567,179.93299865722656,44110100
2019-05-03 00:00:00-04:00,181.4251601065977,182.9364802306823,181.09994320021843,182.8025665283203,30386200
2019-05-06 00:00:00-04:00,178.91908308502047,181.932149166214,178.64168098880194,181.68345642089844,38371800
2019-05-07 00:00:00-04:00,179.70340687061966,180.4686343025898,176.48946333274444,178.14427185058594,58818100
2019-05-08 00:00:00-04:00,177.56077319456213,179.03382384051133,176.91989946839934,177.69468688964844,37165300
2019-05-09 00:00:00-04:00,175.71469479510404,177.35036878974984,174.17467971308113,176.73818969726562,55351700
2019-05-10 00:00:00-04:00,176.10686393847715,177.80948737988223,173.16074769496163,176.9581756591797,58526400
2019-05-13 00:00:00-04:00,172.4529355336589,173.38077159894735,170.31987588663074,170.81727600097656,67185800
2019-05-14 00:00:00-04:00,171.7163811358771,173.73466132962173,171.08506742321788,172.69203186035156,43360600
2019-05-15 00:00:00-04:00,171.55380963462164,175.57123618831167,171.51554022806627,175.1312255859375,40944500
2019-05-16 00:00:00-04:00,175.2077161564002,177.98166377886764,174.99727824726477,176.89120483398438,39281200
2019-05-17 00:00:00-04:00,175.14077812602403,177.51297019042434,174.9303402030409,175.0833740234375,44702300
2019-05-20 00:00:00-04:00,172.64420496076946,173.30419878286827,171.54418606627556,172.12767028808594,38608300
2019-05-21 00:00:00-04:00,173.6103531927524,174.40427556762864,173.05556353577254,173.92601013183594,31613800
2019-05-22 00:00:00-04:00,172.9598656272866,174.15552884638188,172.8929014811781,173.1511688232422,24332600
2019-05-23 00:00:00-04:00,171.16161071009108,171.23813491974934,169.43985248153157,170.50160217285156,45351300
2019-05-24 00:00:00-04:00,171.41985688486199,172.03203589088756,170.20505892452258,170.41549682617188,25903300
2019-05-28 00:00:00-04:00,170.89376677720188,171.85029741234283,169.7554929861043,169.77462768554688,24763800
2019-05-29 00:00:00-04:00,168.72243387914747,169.30591813563825,167.47894116583115,168.37808227539062,42178800
2019-05-30 00:00:00-04:00,168.8276396508908,169.56417225055472,168.12937644615621,169.08590698242188,30354800
2019-05-31 00:00:00-04:00,167.09634196531633,167.67025159932712,166.31197982468566,166.3885040283203,45446200
2019-06-03 00:00:00-04:00,165.93894999912084,166.3885206181118,161.91196372539434,162.72500610351562,75842300
2019-06-04 00:00:00-04:00,164.5519500293607,167.36415219327017,163.92063636083043,167.3067626953125,47797800
2019-06-05 00:00:00-04:00,168.90418939134773,168.93288414413587,166.7998248123859,168.55027770996094,34412700
2019-06-06 00:00:00-04:00,168.83722993913486,170.30072075407983,168.0911371548688,169.88941955566406,29913200
2019-06-07 00:00:00-04:00,170.79812645702933,173.86859655189528,170.57812847375257,173.17031860351562,45888300
2019-06-10 00:00:00-04:00,174.32775717538019,176.8147433628599,174.28950236125888,175.18862915039062,41385300
2019-06-11 00:00:00-04:00,177.0155327382214,177.34074960666806,174.83464435670098,175.4276885986328,41260300
2019-06-12 00:00:00-04:00,174.94945795351458,175.3129442875019,174.08858616780785,174.41380310058594,27758100
2019-06-13 00:00:00-04:00,175.14075618096476,175.87727422362002,174.79640458609404,175.44683837890625,23715800
2019-06-14 00:00:00-04:00,174.54768098769378,175.15029987130026,174.03116094138616,174.7007293701172,22844100
2019-06-17 00:00:00-04:00,175.08340742424556,176.24081622145258,174.89210416562955,175.75299072265625,20379500
2019-06-18 00:00:00-04:00,177.82861943312486,179.55993760149545,177.36947420516495,178.306884765625,48177300
2019-06-19 00:00:00-04:00,178.54597413633536,179.37815094253153,177.50335946722817,178.97640991210938,31672900
2019-06-20 00:00:00-04:00,181.4730463661354,181.5113011807149,179.02432955895262,180.640869140625,40922000
2019-06-21 00:00:00-04:00,180.43036007806288,181.52080430771142,179.99034960850398,180.3729705810547,39980400
2019-06-24 00:00:00-04:00,180.73343255273963,180.91557753577203,180.28286800348138,180.3787384033203,19375200
2019-06-25 00:00:00-04:00,180.25410971669757,180.35956130535862,177.01388329035703,177.2823028564453,33921100
2019-06-26 00:00:00-04:00,178.46147457822113,179.58308821367626,177.81918375934194,178.1067657470703,22595700
2019-06-27 00:00:00-04:00,178.74907516082374,179.20922097917295,178.29851053302093,178.78741455078125,19709200
2019-06-28 00:00:00-04:00,179.21882451081598,179.41055074004743,178.3752261766429,179.01751708984375,21179200
2019-07-01 00:00:00-04:00,182.44945000778995,182.68911142407103,180.58967507700524,181.4332733154297,31025600
2019-07-02 00:00:00-04:00,181.37573637809552,182.17141394538373,180.85807421376495,182.15223693847656,18035800
2019-07-03 00:00:00-04:00,182.6123762995804,183.52308654785156,182.42063550813918,183.52308654785156,15792100
2019-07-05 00:00:00-04:00,182.2672788270511,183.48474811499906,181.55787587069386,183.14923095703125,21415600
2019-07-08 00:00:00-04:00,181.96049505295113,182.0180114409397,181.1168823550681,181.86463928222656,17598800
2019-07-09 00:00:00-04:00,181.0018600272989,183.0054256726565,180.84847323196257,182.77536010742188,19193500
2019-07-10 00:00:00-04:00,183.88738294699158,185.1048521742804,183.55185117797137,184.59677124023438,28374500
2019-07-11 00:00:00-04:00,184.87479537267646,185.34452231821808,183.8777958349888,184.4625701904297,23736100
2019-07-12 00:00:00-04:00,184.6638972182639,185.53625355279647,184.4913334125983,185.52667236328125,20211900
2019-07-15 00:00:00-04:00,185.95804947684044,186.1593714674989,185.44038734449927,186.1210174560547,15606100
2019-07-16 00:00:00-04:00,185.89097933928895,186.06352853295087,184.59680187573824,185.1623992919922,20190900
2019-07-17 00:00:00-04:00,185.1624041809815,185.4883548239019,184.23251671652662,184.25169372558594,16765100
2019-07-18 00:00:00-04:00,183.37929606614497,184.81726435384192,182.80411752772812,184.4625701904297,28877000
2019-07-19 00:00:00-04:00,185.72793665872027,185.81421122086203,182.9190984598351,183.11082458496094,29387900
2019-07-22 00:00:00-04:00,183.52313390396978,184.96110244421888,183.52313390396978,184.56805419921875,18954900
2019-07-23 00:00:00-04:00,185.57460205559488,185.7950864300593,184.33794113965416,185.77590942382812,23786700
2019-07-24 00:00:00-04:00,185.06648914651075,187.08923143546096,185.0473121435905,187.0796356201172,20422900
2019-07-25 00:00:00-04:00,186.4469580235077,186.47571621666083,184.95145884070303,185.30616760253906,23434700
2019-07-26 00:00:00-04:00,186.4853170965318,187.4631396502938,186.38944669071915,187.21388244628906,20431200
2019-07-29 00:00:00-04:00,187.0413358287591,187.10843341152997,185.39246429505494,186.57159423828125,20451700
2019-07-30 00:00:00-04:00,185.143228377665,186.49490754903036,185.00901857952337,185.76634216308594,18705000
2019-07-31 00:00:00-04:00,186.26480593866532,186.38941989498272,181.49075589648209,183.1971435546875,41627500
2019-08-01 00:00:00-04:00,183.51351843312352,186.91671320615882,181.40450105883025,182.2864532470703,63251600
2019-08-02 00:00:00-04:00,180.9156042348478,181.1744426503962,178.5094089725909,179.60226440429688,55214000
2019-08-05 00:00:00-04:00,175.84432113559984,175.92101452399396,171.7892551332241,173.2559814453125,75040000
2019-08-06 00:00:00-04:00,174.85693026622062,176.1990427192213,173.58194464613536,175.68136596679688,41897200
2019-08-07 00:00:00-04:00,173.7736876668343,176.87968997147158,172.45075209099508,176.6304473876953,49990600
2019-08-08 00:00:00-04:00,177.42612348993245,180.5321403964102,176.9372195162246,180.474609375,38418100
2019-08-09 00:00:00-04:00,179.61183373354245,180.22536631033915,177.37818781064036,178.77781677246094,33608900
2019-08-12 00:00:00-04:00,177.67535278018582,178.2121919176907,175.91144857759286,176.72630310058594,24642900
2019-08-13 00:00:00-04:00,176.57291966962129,181.8358741828538,176.40995168747628,180.59922790527344,40241900
2019-08-14 00:00:00-04:00,177.69455666212252,178.2601540798423,174.87613613616753,175.2020721435547,51000500
2019-08-15 00:00:00-04:00,175.4321199552275,175.99771726846234,173.66821581169742,175.000732421875,36685000
2019-08-16 00:00:00-04:00,176.5921464740318,178.26018077799563,176.48669485258102,177.8096160888672,32781400
2019-08-19 00:00:00-04:00,180.3787190028665,181.0210096549524,179.74600953862628,180.63754272460938,22494100
2019-08-20 00:00:00-04:00,180.1870251820782,180.83889713897352,179.19002561206494,179.2379608154297,19902900
2019-08-21 00:00:00-04:00,180.81016869306967,181.4045243548309,180.18705483011178,180.829345703125,20418500
2019-08-22 00:00:00-04:00,181.164828874375,181.62498926257464,178.82573143155497,180.24453735351562,24243700
2019-08-23 00:00:00-04:00,179.01749228509075,180.65676813982037,174.05170025774933,174.54061889648438,55372400
2019-08-26 00:00:00-04:00,176.52496288857617,177.22476993288907,175.50880110779545,177.17684936523438,27598900
2019-08-27 00:00:00-04:00,178.41354132094145,178.71071913002302,176.11279762734003,176.80300903320312,28012800
2019-08-28 00:00:00-04:00,176.22778103882771,177.73284667111506,175.3458290491736,177.4356689453125,21792400
2019-08-29 00:00:00-04:00,179.64057020500985,180.66632785735132,178.9599254996151,180.14865112304688,25358900
2019-08-30 00:00:00-04:00,181.1168994889403,181.15525350307374,178.70112319827118,179.71728515625,26319800
2019-09-03 00:00:00-04:00,178.51896914509211,179.43926064882555,177.37817864070257,177.9725341796875,27964200
2019-09-04 00:00:00-04:00,179.68852357801504,180.6951043274031,179.17084679134908,180.54171752929688,21592100
2019-09-05 00:00:00-04:00,182.53570506011067,184.37630278471593,182.46859284940817,183.8490447998047,33932600
2019-09-06 00:00:00-04:00,184.15581923561265,184.2229168188488,183.26427125203722,183.66690063476562,19487800
2019-09-09 00:00:00-04:00,184.24209282724004,184.3187862275017,182.35355990063675,183.283447265625,24407600
2019-09-10 00:00:00-04:00,182.29604927998884,182.85206547866488,181.0977422900243,182.75619506835938,23744700
2019-09-11 00:00:00-04:00,183.1012966204671,184.56802311427336,182.67949024592443,184.47215270996094,25063600
2019-09-12 00:00:00-04:00,185.60334940650097,186.65786527105584,184.98981689287876,185.2390594482422,28689900
2019-09-13 00:00:00-04:00,184.97070025786115,185.40208793314878,184.33799053262663,184.57765197753906,27669800
2019-09-16 00:00:00-04:00,183.38888323385015,184.1366255379646,183.2067382522227,183.75315856933594,20319000
2019-09-17 00:00:00-04:00,183.77229653427298,184.6350860595703,183.37924846034088,184.6350860595703,20953400
2019-09-18 00:00:00-04:00,184.2516675717936,184.63513455968834,182.24810192876714,184.55844116210938,29781300
2019-09-19 00:00:00-04:00,184.88435034340245,186.01554488131265,184.51047922673084,184.86517333984375,26039400
2019-09-20 00:00:00-04:00,185.1240298834248,185.31575605454987,182.29602863296483,182.90956115722656,29086100
2019-09-23 00:00:00-04:00,182.85572345400098,183.53774063673427,182.24095380161046,182.99020385742188,22485900
2019-09-24 00:00:00-04:00,183.82595960392908,184.22940093960443,179.77231590994003,180.55999755859375,40820700
2019-09-25 00:00:00-04:00,180.3774430862392,183.0670660194215,178.86934234990503,182.58677673339844,34704900
2019-09-26 00:00:00-04:00,182.3466862653282,182.50998291221936,180.56960951616958,181.9144287109375,26826000
2019-09-27 00:00:00-04:00,182.2506186443283,182.34668239093853,178.42751897701254,179.6570587158203,40773500
2019-09-30 00:00:00-04:00,180.38705748368295,181.65502833189487,180.0124323980325,181.36685180664062,26307700
2019-10-01 00:00:00-04:00,182.0296132699233,183.07664024539486,179.58975049639847,179.8875274658203,32367600
2019-10-02 00:00:00-04:00,178.66766623271076,178.69648242565054,175.80514536162013,176.79454040527344,48544300
2019-10-03 00:00:00-04:00,176.77528986295624,178.8693589663277,174.65241922959493,178.73487854003906,39392500
2019-10-04 00:00:00-04:00,179.7050548530904,181.62621214509613,179.5129420553432,181.36685180664062,31887600
2019-10-07 00:00:00-04:00,180.84816738652944,182.26021933738292,180.50235844637618,180.81935119628906,21216000
2019-10-08 00:00:00-04:00,179.6858526617765,180.45431856770648,177.9664232055835,178.11050415039062,32379300
2019-10-09 00:00:00-04:00,179.618591618194,180.66561873905292,179.08065530827653,179.84912109375,20147400
2019-10-10 00:00:00-04:00,179.89718476629992,181.96242318878663,179.74348865057271,181.2419891357422,25177700
2019-10-11 00:00:00-04:00,183.30724151971057,185.03628617190788,183.20157727270774,183.57620239257812,40976700
2019-10-14 00:00:00-04:00,183.31680117087058,184.1428992840539,183.13428890697605,183.55694580078125,14975000
2019-10-15 00:00:00-04:00,184.1236985572541,186.32343175388422,184.0084338158643,185.89117431640625,23234200
2019-10-16 00:00:00-04:00,185.2572480963629,185.9008342034644,184.84419154567334,185.43014526367188,20457100
2019-10-17 00:00:00-04:00,186.54436842024356,186.83254494286842,185.20916470077285,185.9199981689453,19045200
2019-10-18 00:00:00-04:00,185.58379984306856,186.03527299962525,183.1919682873401,184.13333129882812,27700800
2019-10-21 00:00:00-04:00,185.11314037913849,185.8912068341584,184.56560344722445,185.76632690429688,15801200
2019-10-22 00:00:00-04:00,186.4963369669579,186.75569730361718,184.22937079180045,184.28701782226562,22392300
2019-10-23 00:00:00-04:00,183.91242145142508,184.68087275706168,183.6146297146314,184.6424560546875,14828400
2019-10-24 00:00:00-04:00,185.95846178091116,186.55403065319715,185.1419785276271,186.43875122070312,18998500
2019-10-25 00:00:00-04:00,185.4781337400711,188.02367603556166,185.4397170420819,187.9276123046875,21507100
2019-10-28 00:00:00-04:00,188.80173036347574,190.03126982235202,188.80173036347574,189.78152465820312,18818700
2019-10-29 00:00:00-04:00,189.4645500499634,189.75271193716878,188.2830276833498,188.3118438720703,18569700
2019-10-30 00:00:00-04:00,188.67687409420128,189.5414037533814,187.5914154291581,189.2244110107422,21764300
2019-10-31 00:00:00-04:00,189.7719410189323,189.85838959119974,188.21580808904255,189.3108673095703,26801800
2019-11-01 00:00:00-04:00,190.12732715187286,191.03988860475167,189.83916527966602,191.0302734375,22131900
2019-11-04 00:00:00-05:00,192.29822528651096,192.62481848089095,191.03025454513113,192.21177673339844,19015900
2019-11-05 00:00:00-05:00,192.45195480141126,192.64406761633995,191.68348888442827,192.31747436523438,15048900
2019-11-06 00:00:00-05:00,192.0965060788165,192.1157217550266,190.95341518921148,191.8851776123047,19725500
2019-11-07 00:00:00-05:00,192.84580136772814,193.76796349723455,191.9716857686282,192.52880859375,17832400
2019-11-08 00:00:00-05:00,192.18299626667957,193.31647214863364,191.6738760478869,193.29725646972656,15258800
2019-11-11 00:00:00-05:00,192.31748400577246,193.1147514948287,192.05812363111994,193.0379180908203,10147600
2019-11-12 00:00:00-05:00,193.20122082433465,194.23864769842962,192.90344373827645,193.5950469970703,14778300
2019-11-13 00:00:00-05:00,192.92261714280346,193.8255634404703,192.79775188227129,193.64305114746094,15774600
2019-11-14 00:00:00-05:00,192.9130109727781,193.61422927937,192.32705741322403,193.48934936523438,16945400
2019-11-15 00:00:00-05:00,194.66125092105418,194.9110107421875,194.03688068275392,194.9110107421875,18427900
2019-11-18 00:00:00-05:00,194.60366988962895,195.37213591761244,193.81600283746684,195.06475830078125,18365900
2019-11-19 00:00:00-05:00,195.80439377470347,195.80439377470347,194.60367018455648,195.35292053222656,16923300
2019-11-20 00:00:00-05:00,194.84380147711423,195.42975513502236,192.71131535536787,194.18099975585938,36629000
2019-11-21 00:00:00-05:00,193.96967780809953,194.10417291645842,193.1435940780313,193.74874877929688,17883600
2019-11-22 00:00:00-05:00,194.22899032490747,194.34426972404816,192.82655377454785,193.8735809326172,17189600
2019-11-25 00:00:00-05:00,194.70931920084348,196.20781977884954,194.6805030095179,196.16940307617188,17752800
2019-11-26 00:00:00-05:00,196.294245925472,196.79373625226233,196.00606940939053,196.5439910888672,14780600
2019-11-27 00:00:00-05:00,197.05313326352393,197.92726348402437,196.81298856496463,197.9176483154297,16963100
2019-11-29 00:00:00-05:00,197.41812021277715,197.71589723698838,196.91861523108324,197.01467895507812,9854600
2019-12-02 00:00:00-05:00,197.02431942492706,197.0915523195465,193.82559024304922,194.99749755859375,28007000
2019-12-03 00:00:00-05:00,192.3174623338657,193.54700186121127,191.37608468225164,193.47015380859375,31104100
2019-12-04 00:00:00-05:00,194.45959685920525,194.91107011942572,194.1714202547901,194.44998168945312,15300100
2019-12-05 00:00:00-05:00,195.14159087234447,195.14159087234447,193.88323490235547,194.83421325683594,14962300
2019-12-06 00:00:00-05:00,196.25585367364764,197.06273635362115,196.1021575468138,196.9186553955078,16555300
2019-12-09 00:00:00-05:00,196.56319018880055,197.48533737377576,195.93880534706807,196.0252685546875,13984100
2019-12-10 00:00:00-05:00,196.1213598759361,196.80337723153923,195.4201414987379,195.86199951171875,21799800
2019-12-11 00:00:00-05:00,196.30390560810596,197.10118785811227,195.99651332302216,196.8994598388672,18780800
2019-12-12 00:00:00-05:00,196.69768222182503,199.14716056081042,196.42872138887336,198.36907958984375,32612000
2019-12-13 00:00:00-05:00,198.26344294889714,199.71392620409247,197.8408006220625,199.02230834960938,32519400
2019-12-16 00:00:00-05:00,200.32870681521547,201.27006991236013,200.26145926535636,201.02032470703125,21296600
2019-12-17 00:00:00-05:00,201.27965528358234,201.44296656173643,200.7993659313518,201.1355743408203,15996100
2019-12-18 00:00:00-05:00,201.30849180171253,201.846413546205,201.07794762952935,201.28927612304688,15443300
2019-12-19 00:00:00-05:00,201.37574585006266,202.6148860947339,201.35653016937798,202.5476531982422,17865900
2019-12-20 00:00:00-05:00,203.5082014236898,204.1421868755069,202.94146351552035,203.36412048339844,27672600
2019-12-23 00:00:00-05:00,204.08415307632347,204.2285463656189,203.72797317003298,203.9012451171875,23774700
2019-12-24 00:00:00-05:00,204.0841405003849,204.17077646862353,203.54505266817773,204.0071258544922,7089000
2019-12-26 00:00:00-05:00,204.33448713896883,205.8266151274795,204.30560847440154,205.80735778808594,17067500
2019-12-27 00:00:00-05:00,206.52934692947355,206.54860426822833,205.08535499282314,205.6340789794922,18134100
2019-12-30 00:00:00-05:00,205.52818831276454,205.65333898272362,203.2755643877755,204.28636169433594,21815500
2019-12-31 00:00:00-05:00,203.63178682538623,204.81585636271788,203.31410676628772,204.6714630126953,18170900
2020-01-02 00:00:00-05:00,206.39455878794698,208.08885192871094,205.99024284000404,208.08885192871094,30969400
2020-01-03 00:00:00-05:00,205.33569868817486,207.4246723581111,205.3164413454475,206.18283081054688,27518900
2020-01-06 00:00:00-05:00,204.56553489290675,207.54015491021366,204.31524823238857,207.5112762451172,21655300
2020-01-07 00:00:00-05:00,207.58826942270514,208.06960004320752,206.82777350549108,207.4823760986328,22139300
2020-01-08 00:00:00-05:00,207.45353046860188,209.99495596195464,207.12622911991602,209.0419158935547,26397300
2020-01-09 00:00:00-05:00,210.7651116677384,211.21756374895173,209.58104213282098,210.81324768066406,23547000
2020-01-10 00:00:00-05:00,211.64107019627426,211.66031284411704,209.8986410895882,210.27407836914062,21898500
2020-01-13 00:00:00-05:00,211.14050559485497,212.72889087103113,210.8035682627954,212.70001220703125,22756900
2020-01-14 00:00:00-05:00,212.59412035993765,212.95031503349864,211.53520173144415,211.8625030517578,24418100
2020-01-15 00:00:00-05:00,211.97799059898475,212.94065178670863,211.25599470819185,211.94911193847656,25742100
2020-01-16 00:00:00-05:00,213.00809446050664,214.01889187956053,212.55564242234962,213.98037719726562,18805000
2020-01-17 00:00:00-05:00,214.94298886984544,215.21253282734727,213.82629836645552,215.0392608642578,24325200
2020-01-21 00:00:00-05:00,214.44243566990113,215.48211168395406,214.34617834894308,214.94302368164062,21146300
2020-01-22 00:00:00-05:00,216.03081637437975,216.7431763041171,215.24142709229287,215.51097106933594,20736400
2020-01-23 00:00:00-05:00,215.38586345788542,216.30038883535866,214.38468739213076,216.20411682128906,26496100
2020-01-24 00:00:00-05:00,217.21490071712287,217.4459447231068,213.39313408295115,214.38467407226562,37436500
2020-01-27 00:00:00-05:00,209.542529844555,211.09241546858343,209.0708204149641,209.95648193359375,42264400
2020-01-28 00:00:00-05:00,211.43895116772254,213.6723326861044,210.88060578812707,213.18136596679688,26731900
2020-01-29 00:00:00-05:00,214.36544962326587,214.60611499136584,212.58453471275507,213.52793884277344,28924500
2020-01-30 00:00:00-05:00,212.15134247948768,214.38470948337894,211.4871037054832,214.2884521484375,39568100
2020-01-31 00:00:00-05:00,215.18370522132247,215.21258388868912,210.13935411159767,210.89024353027344,52015800
2020-02-03 00:00:00-05:00,211.92030830307374,214.56762750653175,211.77591494941387,214.07667541503906,25408600
2020-02-04 00:00:00-05:00,217.00313418106975,219.352030381476,216.2618807793569,218.97659301757812,30691200
2020-02-05 00:00:00-05:00,221.61426389329836,221.6527638820413,218.37972134420056,219.6985626220703,38534800
2020-02-06 00:00:00-05:00,220.2472666224085,221.6527585469502,219.46751333998242,221.59500122070312,22467100
2020-02-07 00:00:00-05:00,220.60345252835998,221.83565773621697,220.00659257305335,220.64195251464844,25884900
2020-02-10 00:00:00-05:00,219.9103546830983,223.3181692987934,219.85259735404267,223.3085479736328,21478900
2020-02-11 00:00:00-05:00,224.54076655472767,225.2820199291705,222.75983712872844,223.34706115722656,30198000
2020-02-12 00:00:00-05:00,224.665906561869,225.62856789472264,224.10756122612838,225.52267456054688,24471300
2020-02-13 00:00:00-05:00,223.95354530665193,226.15803342779785,223.6840012924257,225.23388671875,22773200
2020-02-14 00:00:00-05:00,225.59008960695718,226.09067769372712,224.82959349450255,225.87889099121094,23438500
2020-02-18 00:00:00-05:00,224.78143050256236,226.38907323212206,224.54076515941188,225.9654998779297,24394500
2020-02-19 00:00:00-05:00,227.31321643870044,228.6031790494799,227.0436724510464,228.1314697265625,22230500
2020-02-20 00:00:00-05:00,227.63085866895727,228.10255322458315,223.22186890363966,226.01358032226562,42604000
2020-02-21 00:00:00-05:00,224.8872974103317,225.2723560384982,220.7574870704223,221.67201232910156,66017200
2020-02-24 00:00:00-05:00,213.4027309628316,215.87677733464332,212.03575380103447,213.12356567382812,84522600
2020-02-25 00:00:00-05:00,214.9141610556472,215.62653579132436,206.72191769607358,207.32838439941406,97743000
2020-02-26 00:00:00-05:00,208.61833429356105,212.0550274551949,206.8759050225816,208.39691162109375,79537700
2020-02-27 00:00:00-05:00,203.02526309170432,208.33915760150592,197.82689792690755,197.961669921875,121822600
2020-02-28 00:00:00-05:00,191.22303392584632,199.4345333769781,190.77058195419983,198.11569213867188,148173700
2020-03-02 00:00:00-05:00,201.0806973544826,208.48356511314225,198.25047077787218,208.3391571044922,112933900
2020-03-03 00:00:00-05:00,209.0033738201867,211.4100268213454,199.86771373973244,201.65826416015625,131953500
2020-03-04 00:00:00-05:00,205.35492572157884,210.17785378501702,203.47772434251434,210.07196044921875,73086200
2020-03-05 00:00:00-05:00,204.74841685826274,208.28138176652772,202.25512782838513,203.68948364257812,78705500
2020-03-06 00:00:00-05:00,197.02790140158754,201.34062023865172,195.33362267357404,200.25282287597656,89828400
2020-03-09 00:00:00-04:00,186.25571076647086,193.64895744898524,184.9368694395479,186.3423614501953,116424000
2020-03-10 00:00:00-04:00,193.6008010919967,196.67169277449557,186.44822049487513,196.48878479003906,100599200
2020-03-11 00:00:00-04:00,191.90648948527638,193.25420910277978,185.5336632364019,187.93069458007812,89168800
2020-03-12 00:00:00-04:00,175.2910115179422,183.65654146842257,170.33331116327355,170.69912719726562,137820700
2020-03-13 00:00:00-04:00,180.08503502968375,187.21834325086076,171.47884168071033,185.1582489013672,134882000
2020-03-16 00:00:00-04:00,167.6474599036412,177.78428224075182,162.8437894066201,162.9785614013672,92054400
2020-03-17 00:00:00-04:00,168.918192252125,177.5051299343978,163.44064669091188,175.33914184570312,121257100
2020-03-18 00:00:00-04:00,165.20231138074408,172.52816468747216,160.57191273504014,170.00599670410156,114156300
2020-03-19 00:00:00-04:00,169.12996899580284,176.6387302000776,165.22156640222326,171.0264129638672,120896500
2020-03-20 00:00:00-04:00,174.9540837622137,176.04188112854132,163.7487059331409,164.3262939453125,118983900
2020-03-23 00:00:00-04:00,164.88870592266807,168.06261919939575,159.11007109457017,164.4449462890625,124639800
2020-03-24 00:00:00-04:00,173.56145060791638,177.3431223033954,171.67060740000372,177.1791229248047,94881800
2020-03-25 00:00:00-04:00,177.91232809492413,182.82271258391634,173.6290010211754,175.8671417236328,88754900
2020-03-26 00:00:00-04:00,177.3817006902102,185.9194130709596,177.13088071404565,185.1283416748047,79887600
2020-03-27 00:00:00-04:00,180.33376341717982,183.78743713744916,178.14387587751088,178.76129150390625,58845000
2020-03-30 00:00:00-04:00,180.45917728377884,185.69757553731253,179.76458287756057,185.26344299316406,49356900
2020-03-31 00:00:00-04:00,184.95474821430534,188.36018338676848,182.52366771803807,183.6813201904297,62659300
2020-04-01 00:00:00-04:00,178.24998520367816,181.0380045603474,174.477954685729,175.8767852783203,53715400
2020-04-02 00:00:00-04:00,174.84454356405624,183.39189909121444,174.584067000671,179.4462127685547,56465300
2020-04-03 00:00:00-04:00,179.00248056889478,180.4688482906454,174.89279421614447,176.89939880371094,47487600
2020-04-06 00:00:00-04:00,183.75850613958147,190.675495755822,182.51403299538356,189.54678344726562,64763500
2020-04-07 00:00:00-04:00,195.22889441832402,195.50866933043082,189.08367954366585,189.4695587158203,69904500
2020-04-08 00:00:00-04:00,191.15784412216092,194.07128103230755,189.24771681302164,193.49246215820312,45940400
2020-04-09 00:00:00-04:00,195.20962881995843,196.04892419321612,192.0067754575091,193.77220153808594,68252600
2020-04-13 00:00:00-04:00,192.9425977023208,196.24191435658824,191.7367064666813,195.8656768798828,42853900
2020-04-14 00:00:00-04:00,199.9174236171041,205.0014640471716,199.13600862705067,204.38404846191406,63959600
2020-04-15 00:00:00-04:00,201.1233207046582,204.35511447733495,199.8113107060023,202.039794921875,47036000
2020-04-16 00:00:00-04:00,204.22008677410423,206.80551041475772,202.29066087378916,205.72503662109375,64657400
2020-04-17 00:00:00-04:00,208.54197570294068,208.86997454013388,204.59630366636645,207.69302368164062,62863200
2020-04-20 00:00:00-04:00,205.8311036176268,208.2621837593495,205.06898705655595,205.2329864501953,38249100
2020-04-21 00:00:00-04:00,203.1684888216273,203.70872554729658,196.44444051177538,197.65997314453125,72932800
2020-04-22 00:00:00-04:00,201.72144351385245,204.856759976232,200.97861056876033,203.52545166015625,40089100
2020-04-23 00:00:00-04:00,204.3165137465589,206.8730114526164,202.6861615090846,203.09133911132812,43278500
2020-04-24 00:00:00-04:00,203.5254683224947,206.73796383493092,202.10733927501343,206.294189453125,34231900
2020-04-27 00:00:00-04:00,208.5612649924583,208.98574098460935,206.93089798640045,207.9534912109375,36451700
2020-04-28 00:00:00-04:00,209.65136266091562,209.65136266091562,203.75696771039384,204.03672790527344,46862800
2020-04-29 00:00:00-04:00,208.56125422254138,212.20786728265963,207.54830287909775,211.2720947265625,48716400
2020-04-30 00:00:00-04:00,212.18856700260577,212.27538761746118,209.68032267790934,211.18527221679688,43359500
2020-05-01 00:00:00-04:00,206.93087551406245,209.02430032042034,204.21037861636245,205.2329864501953,48795000
2020-05-04 00:00:00-04:00,203.99818847470257,207.84738337681773,203.67017491383618,207.62550354003906,32841000
2020-05-05 00:00:00-04:00,209.76710165852185,212.37182262964234,209.1979247803078,209.97933959960938,37783100
2020-05-06 00:00:00-04:00,211.65797394294648,213.2401022826785,210.41350095781186,211.2720947265625,36455200
2020-05-07 00:00:00-04:00,213.99258422851562,214.8704616228657,212.64197757813062,213.99258422851562,38624800
2020-05-08 00:00:00-04:00,215.66153688802146,217.06036742289936,214.6292871860654,216.92530822753906,31852300
2020-05-11 00:00:00-04:00,215.60366075294203,219.8869730565774,215.37212439044205,218.8643798828125,35714100
2020-05-12 00:00:00-04:00,219.4624996841017,220.0509750259804,214.25304221820454,214.281982421875,41054100
2020-05-13 00:00:00-04:00,214.80293566222824,216.68412250371614,209.06289797857121,211.60008239746094,65521200
2020-05-14 00:00:00-04:00,210.2784210438102,214.040794554112,208.36829408629904,214.00221252441406,51549300
2020-05-15 00:00:00-04:00,211.05985293749873,215.44929886641083,210.62573514680375,215.39141845703125,55747200
2020-05-18 00:00:00-04:00,218.29518833515635,220.6104929244377,217.5137734042826,219.40460205078125,42398100
2020-05-19 00:00:00-04:00,219.6650761946719,221.7392173068465,218.71002005422147,218.85472106933594,36237300
2020-05-20 00:00:00-04:00,221.40157751308575,223.58182304242948,221.38227913626724,223.22488403320312,37417000
2020-05-21 00:00:00-04:00,223.27311144943278,223.94840740082608,220.28249616710102,220.79379272460938,43642900
2020-05-22 00:00:00-04:00,220.3886146113909,221.75850488665964,219.47214048530205,221.55592346191406,28762400
2020-05-26 00:00:00-04:00,225.12542237835748,225.32801858181134,220.71667697877723,220.95785522460938,33055300
2020-05-27 00:00:00-04:00,220.6201798492537,222.27948709749987,216.03779389841856,222.16371154785156,55665600
2020-05-28 00:00:00-04:00,221.02531573597636,225.23146347699497,220.96743533225654,221.874267578125,42784300
2020-05-29 00:00:00-04:00,222.25054142350731,225.3569178429785,220.68769666466795,225.12538146972656,50691800
2020-06-01 00:00:00-04:00,224.2570973352647,226.17686598706453,223.81332306258489,225.80062866210938,25776000
2020-06-02 00:00:00-04:00,226.22514694751698,227.37315751116316,223.823006825593,227.31527709960938,33383400
2020-06-03 00:00:00-04:00,227.92302597587337,229.0903348647583,227.04514857254634,228.33786010742188,37228700
2020-06-04 00:00:00-04:00,227.9905797903836,229.39905224734326,225.43408201574843,226.7364501953125,38716100
2020-06-05 00:00:00-04:00,227.88444030684366,231.82046997798105,227.31526333390107,231.23199462890625,47365600
2020-06-08 00:00:00-04:00,231.0873154069286,233.15180036888486,229.5148434318343,233.02639770507812,32937300
2020-06-09 00:00:00-04:00,232.16778889183445,235.5635673917598,231.98449110228037,234.71463012695312,35046300
2020-06-10 00:00:00-04:00,236.4029342341565,239.07519348612885,235.8819809473121,237.53164672851562,58084400
2020-06-11 00:00:00-04:00,233.61481468532207,234.99434668442186,225.7041740406484,225.76205444335938,72919400
2020-06-12 00:00:00-04:00,230.65316186428745,231.91693317865534,223.56253216845573,227.5564422607422,72034800
2020-06-15 00:00:00-04:00,224.23785952148637,231.00049137039335,223.30208686970917,230.3251953125,45307400
2020-06-16 00:00:00-04:00,235.1776934477975,235.76616886523365,230.66284445134943,234.280517578125,48890100
2020-06-17 00:00:00-04:00,235.77582081229858,236.83701086316572,234.16475207714595,235.02334594726562,34749300
2020-06-18 00:00:00-04:00,234.7049632384603,235.90121237208692,233.93320479906112,235.6600341796875,30578600
2020-06-19 00:00:00-04:00,238.02355458718583,238.2840311315775,233.89458550876847,235.62142944335938,49422100
2020-06-22 00:00:00-04:00,235.49002211302061,238.57281006462253,235.20011676944222,238.4471893310547,24068700
2020-06-23 00:00:00-04:00,240.04173550092696,242.70896797011602,239.490900584289,240.4766082763672,32767400
2020-06-24 00:00:00-04:00,239.72280187178637,240.95012181687974,234.02110437194023,235.51901245117188,46032400
2020-06-25 00:00:00-04:00,235.6060007330898,238.06062605115267,233.03539853079238,237.76104736328125,36940800
2020-06-26 00:00:00-04:00,237.51947632844215,237.69343430128964,231.624487873306,232.14634704589844,52824600
2020-06-29 00:00:00-04:00,231.90468714607596,234.68789599689202,229.3727492168145,234.67822265625,34377800
2020-06-30 00:00:00-04:00,234.61059206429056,239.8194355201418,234.42697553635264,239.27825927734375,38909200
2020-07-01 00:00:00-04:00,239.31693302288755,243.06653272793153,238.77575672441694,242.07115173339844,34689200
2020-07-02 00:00:00-04:00,244.51614095976686,245.7241291466241,243.25017169929237,243.7140350341797,31956500
2020-07-06 00:00:00-04:00,246.86442258480614,250.22745701870588,246.84509064810896,249.70562744140625,34589000
2020-07-07 00:00:00-04:00,249.45437549713066,252.11194927639178,247.68586443037847,247.98544311523438,36578200
2020-07-08 00:00:00-04:00,249.3094366837607,251.28085210815678,247.87916809870046,251.25186157226562,30426300
2020-07-09 00:00:00-04:00,253.16532186684177,254.03506742327934,248.9711906126401,253.36825561523438,40312900
2020-07-10 00:00:00-04:00,253.22323825885738,255.34930862434518,250.54634785985292,255.09803771972656,32885300
2020-07-13 00:00:00-04:00,257.939316243743,260.72252586518425,249.02919381294316,249.8506317138672,64108100
2020-07-14 00:00:00-04:00,247.32825858826948,252.02493070965173,244.26480315400752,251.61903381347656,72230500
2020-07-15 00:00:00-04:00,253.03000743431622,253.86111858629354,248.835876273032,252.1312713623047,54523900
2020-07-16 00:00:00-04:00,249.34805164975458,251.04890826795977,247.0287204834085,250.4110870361328,47594100
2020-07-17 00:00:00-04:00,250.86525860780247,251.56106081504362,248.5266105583892,250.70098876953125,35137900
2020-07-20 00:00:00-04:00,251.33883143939602,258.4418076025263,250.09220891281038,257.81365966796875,40610100
2020-07-21 00:00:00-04:00,259.37915619065154,259.3888295312645,254.2862898173855,255.12704467773438,43243800
2020-07-22 00:00:00-04:00,255.61995039275118,256.953573948241,253.72580385416447,256.02581787109375,29865500
2020-07-23 00:00:00-04:00,255.6199786347747,256.32542487475257,247.92748847765114,249.33843994140625,51363500
2020-07-24 00:00:00-04:00,245.50183124176013,248.2946991412925,242.8732627003901,246.9707489013672,54054500
2020-07-27 00:00:00-04:00,248.61360947222738,251.76402219435963,247.83083558953513,251.37747192382812,36445700
2020-07-28 00:00:00-04:00,250.59468688564115,251.11654594816994,247.88880562048064,248.1787109375,31302400
2020-07-29 00:00:00-04:00,249.71529536006983,251.8993472930036,249.2417734599512,251.03924560546875,27556900
2020-07-30 00:00:00-04:00,249.07754362271575,252.91411609768448,247.92753626553005,252.35362243652344,41774500
2020-07-31 00:00:00-04:00,256.97292626384734,257.01159014532055,252.08299221995168,256.8569641113281,53686300
2020-08-03 00:00:00-04:00,258.9926398916783,261.07037345511674,258.86700441481855,260.3262634277344,32081600
2020-08-04 00:00:00-04:00,259.8237008188815,261.3892779920553,259.079590850786,261.2926330566406,24911300
2020-08-05 00:00:00-04:00,261.7757936507683,262.39426807028883,260.8867016510886,261.9400634765625,21612100
2020-08-06 00:00:00-04:00,261.74688693072375,265.73808462954054,261.10906562731947,265.4095153808594,28048200
2020-08-07 00:00:00-04:00,264.8683039499667,265.64143407046015,260.2006506583251,262.3460388183594,44969400
2020-08-10 00:00:00-04:00,262.6359279347779,262.8388911680453,257.70736012153776,261.2250061035156,35088400
2020-08-11 00:00:00-04:00,260.0653338621166,261.3506497453629,255.73592328755478,256.277099609375,43104300
2020-08-12 00:00:00-04:00,258.4320937756136,263.6699124180775,258.38375656795273,262.72283935546875,38773400
2020-08-13 00:00:00-04:00,263.4959951861173,265.59304572073495,262.38465218698923,263.3220520019531,31895700
2020-08-14 00:00:00-04:00,263.94054391818173,264.21113205316004,261.6212128338113,263.0128173828125,30799500
2020-08-17 00:00:00-04:00,264.72338374822584,266.5691934292546,263.0515467980899,266.0666809082031,24803000
2020-08-18 00:00:00-04:00,267.1296700261357,269.1010853753625,265.67041096082534,268.6275634765625,23529500
2020-08-19 00:00:00-04:00,268.5888241263631,269.642185916782,266.3081573856884,266.8203430175781,31999400
2020-08-20 00:00:00-04:00,266.02792784397764,271.00483212604024,265.62203093049936,270.5216369628906,27723400
2020-08-21 00:00:00-04:00,270.71488336187537,272.8505973823798,270.0673889707769,272.3963928222656,34748900
2020-08-24 00:00:00-04:00,275.6628683241252,276.38766114180476,271.8166238212234,274.0973205566406,36418500
2020-08-25 00:00:00-04:00,273.32418807597753,276.445639733258,272.87965674284396,276.2523498535156,34866600
2020-08-26 00:00:00-04:00,277.4989432750522,282.3985487243724,276.2233011180892,282.14727783203125,42216700
2020-08-27 00:00:00-04:00,283.12336564188365,283.97379381939345,279.00653355161637,281.26788330078125,49482700
2020-08-28 00:00:00-04:00,282.50492177324173,283.32635959628595,281.15198097217353,282.6982116699219,28021000
2020-08-31 00:00:00-04:00,283.2200434874042,286.7763531049731,282.78515600775756,284.9692077636719,36321000
2020-09-01 00:00:00-04:00,287.61706739901604,289.95574482852527,285.8485861815919,289.83978271484375,36216200
2020-09-02 00:00:00-04:00,293.086893518757,293.2995005967237,286.9116738996399,292.5843811035156,50836800
2020-09-03 00:00:00-04:00,288.0810222788682,288.5835347363163,274.8511335919454,277.75030517578125,110083300
2020-09-04 00:00:00-04:00,275.9624136196439,279.21914423449357,262.66487356215526,274.0489501953125,123959000
2020-09-08 00:00:00-04:00,263.0708013495206,268.86914387034597,260.5968442333201,260.8771057128906,99568600
2020-09-09 00:00:00-04:00,266.3757620783652,270.63751615865687,263.824478242553,268.54046630859375,64837900
2020-09-10 00:00:00-04:00,271.4977312190594,272.71539260479386,261.4665937831789,263.186767578125,69667500
2020-09-11 00:00:00-04:00,264.935948179579,265.9699930867914,257.9296170941688,261.3603210449219,71809000
2020-09-14 00:00:00-04:00,265.1388268569169,267.90271843303157,263.7858863439443,265.9119567871094,38525200
2020-09-15 00:00:00-04:00,269.6519481845029,271.02423571240985,265.88303101898157,269.6809387207031,41849900
2020-09-16 00:00:00-04:00,270.47335910313967,270.93720763616034,265.03257624671886,265.3804626464844,42321000
2020-09-17 00:00:00-04:00,258.55766907170937,265.1774474012172,257.7169143721508,261.2345886230469,81570800
2020-09-18 00:00:00-04:00,262.6552891264905,262.94519448731836,253.8031483757999,257.900634765625,86251100
2020-09-21 00:00:00-04:00,253.64851809798813,258.65441385696874,251.36782116077168,258.5191345214844,57168600
2020-09-22 00:00:00-04:00,260.91571998677773,263.9018626158336,257.5816909893936,263.3220520019531,41128900
2020-09-23 00:00:00-04:00,263.0030637891631,263.18668027028735,254.40219766762803,255.2816162109375,48837300
2020-09-24 00:00:00-04:00,252.60474564076068,259.6690555624947,252.44044633221165,256.4703063964844,70631700
2020-09-25 00:00:00-04:00,256.9728534724651,263.24471721044983,255.41694972183095,262.4329528808594,55242400
2020-09-28 00:00:00-04:00,267.28426649719216,267.8834533691406,262.53931518411497,267.8834533691406,58438300
2020-09-29 00:00:00-04:00,267.3229106161718,268.3762726245199,266.1149226031265,266.6754455566406,27050000
2020-09-30 00:00:00-04:00,266.86865970226773,271.6426298619708,266.59807161390717,268.5018615722656,49380800
2020-10-01 00:00:00-04:00,272.31914057892124,273.3725025043538,270.43466763014914,272.763671875,50020200
2020-10-02 00:00:00-04:00,266.74306496429404,272.75401437277986,264.2497907332789,265.0905456542969,75497400
2020-10-05 00:00:00-04:00,267.0522485429628,271.06276173751536,266.9459597833522,270.7438659667969,28184600
2020-10-06 00:00:00-04:00,270.0577794053356,271.7392890791808,265.03253808070434,265.9119567871094,49704200
2020-10-07 00:00:00-04:00,268.5502525196212,271.3044416697659,267.96073901764834,270.51202392578125,27539700
2020-10-08 00:00:00-04:00,272.9086212791073,272.97627567976207,270.88886904334345,271.951904296875,25443300
2020-10-09 00:00:00-04:00,273.59477043331975,276.18471910444345,273.20822017389503,276.1073913574219,30201100
2020-10-12 00:00:00-04:00,280.784736791468,287.4624984194463,279.74104806948463,284.6309814453125,79370700
2020-10-13 00:00:00-04:00,286.4285437272974,287.066335614151,283.2587540297559,284.6213684082031,64240000
2020-10-14 00:00:00-04:00,285.42335910272357,286.389749328572,280.50443639218156,282.2439270019531,36949100
2020-10-15 00:00:00-04:00,277.54741796573023,280.9394292331478,276.90959657129963,280.3499450683594,42514200
2020-10-16 00:00:00-04:00,281.9927582527519,283.41335357901045,278.4654385490732,278.8133544921875,40570700
2020-10-19 00:00:00-04:00,280.7267511204607,281.6834977161468,273.28556238406674,274.2615966796875,36756800
2020-10-20 00:00:00-04:00,274.9960268682495,277.95317888560766,273.44015261046803,274.85107421875,32195400
2020-10-21 00:00:00-04:00,275.10242791455397,277.6633571325753,274.1553544997061,274.6385498046875,29306100
2020-10-22 00:00:00-04:00,275.4695696201437,276.36833509912185,271.38175713416496,274.6288146972656,32196200
2020-10-23 00:00:00-04:00,275.1990650037912,275.33437385592936,272.30956629038934,275.1700744628906,24658500
2020-10-26 00:00:00-04:00,272.88932727895894,275.71117074606025,267.4582179216346,271.04351806640625,38421100
2020-10-27 00:00:00-04:00,272.03889571411895,273.9813498420594,270.78259999958595,273.159912109375,30559100
2020-10-28 00:00:00-04:00,268.6662798309558,269.27511067227425,262.2591049647414,262.5103759765625,53413500
2020-10-29 00:00:00-04:00,263.82462976777094,270.09649522850515,263.3607516697765,267.1007080078125,43246300
2020-10-30 00:00:00-04:00,265.1195517888943,265.98929729313636,258.09390385369136,260.3262634277344,65838300
2020-11-02 00:00:00-05:00,262.71327351609733,264.3271291982488,257.9972829744233,260.9061279296875,39987400
2020-11-03 00:00:00-05:00,262.8195357753075,267.5162086489686,261.73718320133173,265.41912841796875,43604100
2020-11-04 00:00:00-05:00,274.05869660957654,279.0645926549374,272.3965036591907,277.2671203613281,75728200
2020-11-05 00:00:00-05:00,283.6645554752687,285.46205684443345,282.1859794339378,284.49566650390625,52054200
2020-11-06 00:00:00-05:00,283.83853694528784,285.4330753238653,280.0889371995587,284.7082824707031,40959800
2020-11-09 00:00:00-05:00,287.64612038680576,289.0860622560611,278.4364202948612,278.890625,86537100
2020-11-10 00:00:00-05:00,275.58562326497946,277.0255358366532,271.18852829378295,273.8944396972656,69024900
2020-11-11 00:00:00-05:00,276.416744711994,280.49491485178925,273.85581512594007,280.0213928222656,36102900
2020-11-12 00:00:00-05:00,280.9876360025549,282.2536048593282,277.5955968181297,278.7069396972656,34414600
2020-11-13 00:00:00-05:00,280.41751038496193,281.77045102265487,278.1947948091362,281.1519470214844,24806900
2020-11-16 00:00:00-05:00,280.8523991483272,283.64528181718896,280.2435684216537,283.345703125,30168400
2020-11-17 00:00:00-05:00,283.5388946021178,283.86746374942425,281.80904778986957,282.4468688964844,21843500
2020-11-18 00:00:00-05:00,281.8960837168814,283.5099391249952,280.27252547573397,280.3594970703125,28069600
2020-11-19 00:00:00-05:00,279.808677529354,282.8624746544085,279.1418658110282,282.55322265625,22718400
2020-11-20 00:00:00-05:00,282.4758752392317,283.2200146512224,280.5334507745859,280.62042236328125,25907300
2020-11-23 00:00:00-05:00,281.6158039352227,282.91076341232724,278.38806383702627,280.6300964355469,26875600
2020-11-24 00:00:00-05:00,281.6930834606231,285.06580547474357,279.8956117585864,284.57293701171875,24516800
2020-11-25 00:00:00-05:00,285.63601463555347,286.95996475108177,284.6889414363206,286.3221435546875,23326800
2020-11-27 00:00:00-05:00,288.28390314138545,290.0814045293684,287.8876795585941,288.96038818359375,17163100
2020-11-30 00:00:00-05:00,289.27930809920895,289.88813878949003,284.87257009285486,289.5498962402344,27836200
2020-12-01 00:00:00-05:00,291.82089105884336,294.8843614016269,290.71919191925224,293.26080322265625,27521300
2020-12-02 00:00:00-05:00,292.09143459430805,293.97590725941365,290.25529913378017,293.6376647949219,23620000
2020-12-03 00:00:00-05:00,293.94696439192273,295.59948362513694,293.3284604146421,294.0532531738281,22828700
2020-12-04 00:00:00-05:00,294.1016103675952,295.3965996013808,293.4251547070318,295.2516174316406,19332100
2020-12-07 00:00:00-05:00,295.4352123826209,297.2906949990062,295.25159584014904,296.9234619140625,20851000
2020-12-08 00:00:00-05:00,296.44995158477576,298.2281065199663,294.7007871841629,297.92852783203125,18341500
2020-12-09 00:00:00-05:00,297.71588317593665,297.9961151441899,290.1200396643177,291.1830749511719,48839300
2020-12-10 00:00:00-05:00,289.1537274532929,293.47349467898437,288.0713746839574,292.35247802734375,27519500
2020-12-11 00:00:00-05:00,290.6999017536818,291.83059152880014,288.43855169534044,291.7049560546875,26760400
2020-12-14 00:00:00-05:00,292.8936244861092,295.76380549706323,292.825999563861,293.8213806152344,28804800
2020-12-15 00:00:00-05:00,296.07303550095884,296.9621276855469,293.8889836609134,296.9621276855469,25709000
2020-12-16 00:00:00-05:00,297.3584494702558,299.37820262520694,296.31473093110526,298.5954284667969,25461900
2020-12-17 00:00:00-05:00,300.18983409404035,300.7793180415245,298.9915195175857,300.5473937988281,23730500
2020-12-18 00:00:00-05:00,301.1852381196582,301.49449012829695,297.2713392718179,299.6390075683594,41173400
2020-12-21 00:00:00-05:00,296.6968099330535,299.6109270127023,293.92793779990836,299.0784606933594,37095500
2020-12-22 00:00:00-05:00,299.9788528813914,300.8114409536031,297.0744264140137,299.8917236328125,26176300
2020-12-23 00:00:00-05:00,299.9401032992736,300.298311151002,298.2265024091057,298.38140869140625,21201300
2020-12-24 00:00:00-05:00,298.6428485834726,300.1434572907375,298.56541020147336,299.6981201171875,16785000
2020-12-28 00:00:00-05:00,302.3024253950215,303.1931292880562,300.4726223133409,302.7187194824219,22497700
2020-12-29 00:00:00-05:00,304.04495619915394,304.6645812057286,302.08932016967725,302.98968505859375,25871900
2020-12-30 00:00:00-05:00,304.15157284244054,304.47104678502245,302.37985597932527,302.9994812011719,18138100
2020-12-31 00:00:00-05:00,302.9025637695061,304.22891349886373,301.8279403988344,303.7448425292969,21611400
2021-01-04 00:00:00-05:00,305.0712985910944,305.24558665535034,295.4576528755489,299.4560852050781,45305900
2021-01-05 00:00:00-05:00,298.4685595752302,302.1959128601963,298.4685595752302,301.9248046875,29323400
2021-01-06 00:00:00-05:00,297.2195657025458,301.9441029399915,296.2320715928881,297.74237060546875,52809600
2021-01-07 00:00:00-05:00,300.39518456721936,305.77805326445394,300.36614148071965,304.9454650878906,30394800
2021-01-08 00:00:00-05:00,307.23026177468654,309.2149711383358,305.04225080878547,308.8664245605469,33955800
2021-01-11 00:00:00-05:00,305.9135892944069,307.08503310784016,303.75462150760245,304.4032897949219,32746400
2021-01-12 00:00:00-05:00,304.44193435888496,305.52624870479366,301.28581143319,303.9191589355469,29266800
2021-01-13 00:00:00-05:00,304.180580307871,306.76550326758513,303.58033691034495,305.9716491699219,22898400
2021-01-14 00:00:00-05:00,306.41701010065316,307.41419539720755,303.8611004791803,304.33551025390625,23500100
2021-01-15 00:00:00-05:00,304.1225063350417,305.08095763432993,300.68558388460093,301.9248046875,35118700
2021-01-19 00:00:00-05:00,304.23864358090657,306.83325722127717,303.14463832144224,306.329833984375,24537000
2021-01-20 00:00:00-05:00,309.9410821773359,314.3945130071572,306.42672099095483,313.4554138183594,30728100
2021-01-21 00:00:00-05:00,314.791416370408,316.7083484771748,313.4166710531678,315.9628601074219,25130600
2021-01-22 00:00:00-05:00,314.92684070163955,316.05955001299714,314.36530193666323,315.0527038574219,21609400
2021-01-25 00:00:00-05:00,318.43163593412686,319.7967199017761,311.1705698585587,317.6571044921875,39080600
2021-01-26 00:00:00-05:00,318.37358312762797,319.25459611588326,316.79550654126723,318.1218566894531,25498100
2021-01-27 00:00:00-05:00,315.8660588444002,315.8757201748006,307.2495703041456,309.2536315917969,55264000
2021-01-28 00:00:00-05:00,310.4541485856806,316.02096581092127,309.83452344318874,311.08343505859375,42836300
2021-01-29 00:00:00-05:00,309.39881972207684,310.5025158279426,302.79611347273107,304.53875732421875,55259000
2021-02-01 00:00:00-05:00,307.9756871077355,313.2327214700414,305.9522735468466,312.1484069824219,35646000
2021-02-02 00:00:00-05:00,315.11088888284706,318.39287510847345,314.94629173240133,317.24078369140625,33930800
2021-02-03 00:00:00-05:00,319.31258844148124,319.68048711365606,315.924091580384,315.982177734375,24824500
2021-02-04 00:00:00-05:00,317.3763812339645,319.80639805087463,316.0596924861001,319.7192687988281,22350900
2021-02-05 00:00:00-05:00,320.6680338165414,321.81043442600395,319.03187127190756,320.8035583496094,22732000
2021-02-08 00:00:00-05:00,322.4881000643742,323.107695569179,320.85193775141437,322.9527893066406,20462800
2021-02-09 00:00:00-05:00,322.02344061396997,324.1436743085384,322.01374973785425,322.8851013183594,17597500
2021-02-10 00:00:00-05:00,324.31789017397597,324.7729181112913,319.00279986741936,322.1492614746094,28068700
2021-02-11 00:00:00-05:00,323.67889346135837,324.3275615844806,321.5393079695732,323.9209289550781,22046100
2021-02-12 00:00:00-05:00,323.07868540357345,325.89598240320623,322.033104956612,325.7314147949219,20346800
2021-02-16 00:00:00-05:00,326.52533107659025,327.4160349603375,323.6886813310575,324.8504638671875,27080800
2021-02-17 00:00:00-05:00,321.87814703853144,324.9665221434078,319.65143242881066,323.2916259765625,31360300
2021-02-18 00:00:00-05:00,319.7096058137298,323.2336280192509,317.8991551016132,321.87823486328125,32236200
2021-02-19 00:00:00-05:00,323.22388506357134,323.3497482551594,319.45782791752555,320.474365234375,39157700
2021-02-22 00:00:00-05:00,316.09844076794053,317.35701385944066,311.96448404721184,312.16778564453125,47256900
2021-02-23 00:00:00-05:00,306.9010850029575,312.90357860980123,301.0922316590529,311.2383728027344,97241900
2021-02-24 00:00:00-05:00,308.5855040708416,314.1136149532949,305.8940710818563,313.8038024902344,58206300
2021-02-25 00:00:00-05:00,311.15121547282814,313.70709534994387,301.32454914976546,302.8638916015625,110182600
2021-02-26 00:00:00-05:00,305.7876556554205,308.9437784747402,300.9759887486125,304.13214111328125,104739800
2021-03-01 00:00:00-05:00,309.09862613451503,313.61986140314093,307.8110105226165,313.281005859375,49164500
2021-03-02 00:00:00-05:00,313.9200142552748,313.99745260810704,308.00468136811355,308.2563781738281,48370000
2021-03-03 00:00:00-05:00,307.16250258530573,308.10160181554886,299.25279639291,299.3108825683594,86301100
2021-03-04 00:00:00-05:00,298.9429157486575,302.09906844170035,290.5491107615687,294.4120178222656,139131600
2021-03-05 00:00:00-05:00,297.0259576251309,299.7464343167037,287.97385344428346,298.8460693359375,121523700
2021-03-08 00:00:00-05:00,298.30397886158335,300.1821771494048,289.96828845196154,290.38458251953125,88409800
2021-03-09 00:00:00-05:00,297.6746172502684,303.73519552966866,297.14215097676424,301.8376159667969,80391100
2021-03-10 00:00:00-05:00,306.0878331967325,306.38795490696515,300.28867103051203,300.9760437011719,76798100
2021-03-11 00:00:00-05:00,305.7101663433619,309.66986328829904,304.81949231390325,307.9078674316406,53484800
2021-03-12 00:00:00-05:00,303.8611226884961,308.09192928230254,301.469839613597,305.41015625,69315600
2021-03-15 00:00:00-04:00,305.72962903843666,308.8373571812603,304.09346638127744,308.6727600097656,42955700
2021-03-16 00:00:00-04:00,310.8607663565972,313.8717038740802,308.93417288948405,310.36700439453125,54925900
2021-03-17 00:00:00-04:00,307.33677366413497,313.53287824746974,305.62314294705027,311.6449890136719,78258700
2021-03-18 00:00:00-04:00,306.7752042507634,307.75303729560653,301.6440625750953,302.0990905761719,82718100
2021-03-19 00:00:00-04:00,301.9345029977423,304.7034050515938,299.7949170097811,303.1640625,78446200
2021-03-22 00:00:00-04:00,305.5534698013982,310.9140559529081,305.5534698013982,308.84930419921875,56194800
2021-03-23 00:00:00-04:00,309.9350378767081,311.25335988892084,306.68765967352556,307.5019226074219,53455400
2021-03-24 00:00:00-04:00,308.8688361390431,308.90761902990795,302.17051910635433,302.31591796875,64803700
2021-03-25 00:00:00-04:00,300.4740363467963,303.3045948439506,297.97308794522104,301.7923583984375,78729000
2021-03-26 00:00:00-04:00,301.5790668600298,306.63915226798906,300.1832087727299,306.31927490234375,63519600
2021-03-29 00:00:00-04:00,305.7862170590706,307.27901793753904,302.8974985583857,306.23211669921875,54608000
2021-03-30 00:00:00-04:00,304.2739151212453,305.26265651500455,301.9959020456259,304.69073486328125,44635700
2021-03-31 00:00:00-04:00,306.47437891354315,310.914056684004,306.1350953167934,309.3533935546875,55032500
2021-04-01 00:00:00-04:00,313.1726619288036,314.7624046599102,312.92061763938574,314.626708984375,55685600
2021-04-05 00:00:00-04:00,317.1083398561629,321.6740401855826,316.86599863468905,320.9082336425781,42172500
2021-04-06 00:00:00-04:00,320.5980024249018,322.63364465762453,319.90973217862893,320.68524169921875,33537200
2021-04-07 00:00:00-04:00,320.2102959020985,322.2944541130064,319.2797138768823,321.4607849121094,32046400
2021-04-08 00:00:00-04:00,324.31069923260867,324.99893998740856,323.5158129621822,324.81475830078125,29940800
2021-04-09 00:00:00-04:00,323.45770841704103,326.9862112419978,322.7210111279812,326.7826232910156,36664900
2021-04-12 00:00:00-04:00,325.74534404855524,326.7728683332673,324.47547857249293,326.3560485839844,25833000
2021-04-13 00:00:00-04:00,327.87799376647325,330.63098669592097,327.66473229251113,330.16571044921875,30374000
2021-04-14 00:00:00-04:00,330.40802884439285,330.53405101338524,325.3867258114292,326.20098876953125,42564300
2021-04-15 00:00:00-04:00,329.07034959881554,331.5325450707448,325.9199132352182,331.144775390625,36342800
2021-04-16 00:00:00-04:00,331.6681358645209,331.74570160907507,329.6615437771417,331.5324401855469,40860100
2021-04-19 00:00:00-04:00,329.9621023825836,331.115619292203,326.5789990742722,328.49835205078125,34533100
2021-04-20 00:00:00-04:00,327.8392364774025,329.1187757229305,324.1362552848905,326.10406494140625,38081800
2021-04-21 00:00:00-04:00,324.82437830701275,329.07990307504997,323.7386946947796,328.8957214355469,36598100
2021-04-22 00:00:00-04:00,328.50808062439205,329.4871190436578,323.7775752444874,324.9311218261719,45936100
2021-04-23 00:00:00-04:00,325.5612409559132,330.3305001865313,325.5612409559132,329.0218811035156,36381900
2021-04-26 00:00:00-04:00,329.2642373680509,331.4453087160983,328.5178073515859,331.1641845703125,30812000
2021-04-27 00:00:00-04:00,331.45483796031067,331.6680993603668,328.77941172093244,329.7293701171875,33187200
2021-04-28 00:00:00-04:00,329.3998682226513,330.4080159525857,327.9651975909243,328.61468505859375,33615700
2021-04-29 00:00:00-04:00,331.88149212607755,332.2983119785086,326.5790643638636,329.79736328125,37708900
2021-04-30 00:00:00-04:00,327.35458658962574,329.83615873108647,326.72447564604624,327.63568115234375,38263400
2021-05-03 00:00:00-04:00,328.83768586553776,329.58408623460167,325.44490850724037,325.89080810546875,29729700
2021-05-04 00:00:00-04:00,323.34130340556635,323.6612103391232,316.2164665817739,320.0260925292969,65147000
2021-05-05 00:00:00-04:00,322.0714596460376,322.93420853069864,318.17462374116377,318.9501037597656,46219300
2021-05-06 00:00:00-04:00,318.68843337457514,321.5092889550731,316.4492026859882,321.35418701171875,46814300
2021-05-07 00:00:00-04:00,324.12650640824586,326.33665698916013,321.52861582031727,323.96173095703125,53324500
2021-05-10 00:00:00-04:00,322.58526574806535,322.7597443386134,315.57674653434634,315.78033447265625,60700500
2021-05-11 00:00:00-04:00,309.90593294309514,316.1389413976423,309.2467424078614,315.34405517578125,71963600
2021-05-12 00:00:00-04:00,310.4197431979524,312.73651000523404,306.31931888089315,307.18206787109375,91164900
2021-05-13 00:00:00-04:00,310.1192550864064,312.52326128582257,307.19175393590643,309.5570068359375,69877800
2021-05-14 00:00:00-04:00,312.7171204997074,317.30219751217567,312.2130318222759,316.3910217285156,44370000
2021-05-17 00:00:00-04:00,314.68488007831405,316.37156525838355,311.6023073069235,314.47161865234375,39395000
2021-05-18 00:00:00-04:00,315.4216545891111,316.64303422977486,312.07733389792406,312.3487548828125,36528500
2021-05-19 00:00:00-04:00,306.95913102284595,313.0079592859146,306.61014423238356,312.70745849609375,66319100
2021-05-20 00:00:00-04:00,314.190525497534,319.6092713737214,313.96759051845436,318.7562255859375,46466100
2021-05-21 00:00:00-04:00,320.30721556639253,320.7240353459111,316.6333441385424,316.99200439453125,50330400
2021-05-24 00:00:00-04:00,319.2797272359701,323.4480142495234,316.8853946382542,322.32354736328125,32475800
2021-05-25 00:00:00-04:00,323.8357164110421,324.5530369200139,321.59648601653095,322.7694091796875,31280300
2021-05-26 00:00:00-04:00,323.43828770635344,324.3591665878998,322.7500469283273,323.8938903808594,25444900
2021-05-27 00:00:00-04:00,323.4480270791408,324.2913698816061,322.4786620955859,322.6822204589844,27931700
2021-05-28 00:00:00-04:00,323.8841633687067,325.2897541666594,323.38010432071417,323.6999816894531,29927400
2021-06-01 00:00:00-04:00,325.02809087441415,325.50309986724034,321.2766528474929,322.62408447265625,31145400
2021-06-02 00:00:00-04:00,323.040888905565,324.0974932143302,321.5383849762825,323.254150390625,22047900
2021-06-03 00:00:00-04:00,320.4235502295139,321.6934158595787,318.22310259495436,319.8904113769531,37057800
2021-06-04 00:00:00-04:00,321.6836993136331,325.7647166420639,321.61583668105953,325.3188171386719,38736500
2021-06-07 00:00:00-04:00,324.78567477026974,326.346367531055,324.09743402345566,326.2882080078125,32611900
2021-06-08 00:00:00-04:00,328.03310255552793,328.89585158541155,324.7663473137233,326.443359375,27282800
2021-06-09 00:00:00-04:00,327.810176563199,328.58565673367104,326.3367228235608,326.5209045410156,21485300
2021-06-10 00:00:00-04:00,326.8601735349406,330.0299863073459,326.41427393607114,329.9233703613281,33702100
2021-06-11 00:00:00-04:00,329.93302592497895,330.795774892879,329.28356800283944,330.78607177734375,21222800
2021-06-14 00:00:00-04:00,331.21255267389915,333.9655451136697,330.02992645276777,333.95587158203125,27827700
2021-06-15 00:00:00-04:00,333.6069869652531,333.9171908912527,331.05755206704157,331.77490234375,35963800
2021-06-16 00:00:00-04:00,332.2402152651931,333.30652288915945,327.11229471716786,330.563232421875,55399500
2021-06-17 00:00:00-04:00,329.5549527607095,335.76858468846024,329.5064963536992,334.76043701171875,59722700
2021-06-18 00:00:00-04:00,333.1028793451108,334.24672287543035,331.3870844669612,332.1335144042969,55414900
2021-06-21 00:00:00-04:00,332.32462521783617,334.51794039002993,330.1119109228464,334.1976623535156,32992600
2021-06-22 00:00:00-04:00,333.9939621290701,337.75946620250755,333.69311274745945,337.31304931640625,28941600
2021-06-23 00:00:00-04:00,337.25471171207795,338.6231050395058,336.6432987767399,337.4779052734375,27188500
2021-06-24 00:00:00-04:00,339.4092323186821,341.0881598467166,338.8657606820142,339.56451416015625,32581600
2021-06-25 00:00:00-04:00,340.12738996069703,340.37001228841126,338.54548764528295,339.1471862792969,28682800
2021-06-28 00:00:00-04:00,340.42823251693966,343.40764175017654,340.3700055288033,343.2717590332031,39130300
2021-06-29 00:00:00-04:00,343.09713179112106,344.5431515845643,342.2625250858279,344.5140380859375,29426000
2021-06-30 00:00:00-04:00,344.3586792692265,344.7468986534807,343.3881900425526,343.9704895019531,32724000
2021-07-01 00:00:00-04:00,343.6211091724462,344.6109974684653,342.2721150035482,344.1063537597656,29290000
2021-07-02 00:00:00-04:00,345.99875167757864,348.3764617397068,345.7658437788146,348.05621337890625,32727200
2021-07-06 00:00:00-04:00,348.6579076085896,349.841905441156,345.9696339695875,349.5604553222656,38842400
2021-07-07 00:00:00-04:00,351.75392146589843,352.05477083328077,348.34749393697075,350.2981872558594,35265200
2021-07-08 00:00:00-04:00,345.2418224398353,349.0364388088404,343.9607991902347,348.1824035644531,50890000
2021-07-09 00:00:00-04:00,347.6002282403716,350.83194516016465,347.01792863206083,350.3564147949219,35184500
2021-07-12 00:00:00-04:00,351.753875458604,352.1808931403898,350.18165783912826,351.7247619628906,25717700
2021-07-13 00:00:00-04:00,351.3462569016323,354.68474262269365,350.8707265993189,351.7247619628906,39723000
2021-07-14 00:00:00-04:00,354.0636320114519,354.70415856449887,351.53066891334356,352.3555908203125,35336400
2021-07-15 00:00:00-04:00,352.2681619352426,352.4719563637608,347.8815320272811,349.8807373046875,53391600
2021-07-16 00:00:00-04:00,350.7348447491291,351.7150484688974,346.6976055038964,347.0469970703125,47262000
2021-07-19 00:00:00-04:00,343.6017628999815,344.69842066924264,341.65109933033574,344.2034912109375,64404600
2021-07-20 00:00:00-04:00,345.13512395324045,349.6478933984783,343.3591119000733,348.2018737792969,42183700
2021-07-21 00:00:00-04:00,347.77478337195515,350.8900451660156,347.551560211411,350.8900451660156,30259900
2021-07-22 00:00:00-04:00,351.09390553080846,353.2192794800728,351.09390553080846,353.2095947265625,30252200
2021-07-23 00:00:00-04:00,354.52940894558446,357.61555750798505,353.1804443520867,357.3341369628906,31960800
2021-07-26 00:00:00-04:00,356.64508082972117,358.0037894573996,355.78136080816336,357.6155700683594,28438100
2021-07-27 00:00:00-04:00,357.3535470119616,357.3535470119616,349.53140615344574,353.6753845214844,57933100
2021-07-28 00:00:00-04:00,354.810955547077,356.60636698689643,352.52058500096996,355.0341491699219,42066200
2021-07-29 00:00:00-04:00,354.47123494762224,356.8295169591154,354.47123494762224,355.6649475097656,25672500
2021-07-30 00:00:00-04:00,351.74419309731246,354.39363991627397,351.71507959894967,353.81134033203125,36484600
2021-08-02 00:00:00-04:00,355.47083858690587,356.0531381213734,353.13195569506735,353.8404235839844,27334100
2021-08-03 00:00:00-04:00,354.50029066124284,356.1015919037081,351.3170872980283,355.9851379394531,35558500
2021-08-04 00:00:00-04:00,355.94635621743237,357.4506324293252,354.8400137966244,356.4995422363281,29602200
2021-08-05 00:00:00-04:00,357.3147843777116,358.99374172153244,356.6063460622678,358.7608337402344,21443900
2021-08-06 00:00:00-04:00,357.49925396975704,358.46974358266925,356.0823474276631,357.1886901855469,33332100
2021-08-09 00:00:00-04:00,357.64471717626753,358.3725841736592,356.5480891117972,357.8485412597656,25960200
2021-08-10 00:00:00-04:00,358.3629100233557,358.6540449841331,354.83031454200466,356.0143127441406,35130800
2021-08-11 00:00:00-04:00,357.27599068075955,357.77092014732835,354.0733578121451,355.4029235839844,34249800
2021-08-12 00:00:00-04:00,354.89829342400446,357.04306684042984,353.5492988568263,356.6839904785156,25969200
2021-08-13 00:00:00-04:00,357.0333345975948,358.26584538723085,356.53837556079554,357.9358825683594,19336200
2021-08-16 00:00:00-04:00,356.8198173800413,358.12995425400317,352.96697363746,358.0911560058594,34856900
2021-08-17 00:00:00-04:00,355.3446922389644,356.31518165085123,352.5108797417673,354.9371032714844,44793900
2021-08-18 00:00:00-04:00,354.4032895790549,355.80079659606537,351.19097223749185,351.52093505859375,38541900
2021-08-19 00:00:00-04:00,349.5896483819814,354.8885115391661,349.3373116926452,353.2192687988281,48499400
2021-08-20 00:00:00-04:00,354.28686251287087,357.27598648850346,353.9762987928336,356.8780822753906,39486000
2021-08-23 00:00:00-04:00,357.9164386915184,362.9047678636542,357.9067539381562,362.2157287597656,34034700
2021-08-24 00:00:00-04:00,362.8077243638605,363.9237811600913,362.341878827467,363.32208251953125,21732900
2021-08-25 00:00:00-04:00,363.5744742938503,364.31205576728763,362.8271784482925,363.73944091796875,20441900
2021-08-26 00:00:00-04:00,362.88539100832384,363.56471578355405,360.9929249278574,361.4296569824219,29133300
2021-08-27 00:00:00-04:00,362.0604858868606,365.44748439971636,361.5752411891111,364.9428405761719,27104700
2021-08-30 00:00:00-04:00,365.7288667468394,369.52348313309056,365.7094380076639,369.0382385253906,27295700
2021-08-31 00:00:00-04:00,369.28089840437747,369.3488101474605,367.19432268536974,368.7374267578125,29628200
2021-09-01 00:00:00-04:00,369.79526233368057,371.4159629281201,369.1450214515688,369.34881591796875,28138300
2021-09-02 00:00:00-04:00,370.69780864908336,371.02777146554007,367.9610216445504,369.17413330078125,25453400
2021-09-03 00:00:00-04:00,368.0290057631559,370.70756608874484,368.0096066365166,370.3096618652344,24605400
2021-09-07 00:00:00-04:00,370.4164063611562,371.48395068011064,369.26152154569473,370.8337097167969,23970200
2021-09-08 00:00:00-04:00,370.65905629528083,370.65905629528083,367.28177171117153,369.5429992675781,32949200
2021-09-09 00:00:00-04:00,369.76607645992596,370.87241867795257,368.02889260774145,368.2715148925781,29399000
2021-09-10 00:00:00-04:00,369.9796779687276,370.69783063437353,365.146630181552,365.4765930175781,40249400
2021-09-13 00:00:00-04:00,367.8057176495254,368.2327352961627,363.17649451023095,365.2242126464844,48741800
2021-09-14 00:00:00-04:00,366.70907000117154,367.43693697085075,363.2347313640418,364.1858215332031,41826600
2021-09-15 00:00:00-04:00,364.64188983703866,367.24279358566645,362.3515200997111,366.8934020996094,34097900
2021-09-16 00:00:00-04:00,365.56391065491147,367.71839813414806,363.6423607524732,367.14581298828125,35193100
2021-09-17 00:00:00-04:00,366.67024577672095,366.71875839113625,361.7595726718765,362.7979736328125,60912300
2021-09-20 00:00:00-04:00,357.0113567892473,358.75046688054283,350.66703692248456,355.3014221191406,76203200
2021-09-21 00:00:00-04:00,357.12794816062376,358.3229841141822,354.61159767451653,355.7386169433594,41927500
2021-09-22 00:00:00-04:00,356.6519087067731,360.5187493428805,355.55403515444647,359.0614013671875,46972900
2021-09-23 00:00:00-04:00,360.21751377392695,363.4042463619607,359.5762772004437,362.3743896484375,44652000
2021-09-24 00:00:00-04:00,360.1105986324942,363.13218151347377,359.7413991502703,362.7143859863281,36056800
2021-09-27 00:00:00-04:00,359.6734850025232,360.69361670499325,357.2737175316514,359.8192138671875,43338100
2021-09-28 00:00:00-04:00,355.2722726687899,359.77059480277074,349.1319732652067,349.6371765136719,97701600
2021-09-29 00:00:00-04:00,350.9002680921135,353.0376940575205,348.4422089595116,349.0639953613281,58076600
2021-09-30 00:00:00-04:00,350.7058843035633,352.3672524598552,346.94593179993717,347.7814636230469,61384600
2021-10-01 00:00:00-04:00,348.40332487128245,350.97796700376824,344.3033180915017,349.9383850097656,56375500
2021-10-04 00:00:00-04:00,348.32555161560936,348.6558802320663,340.3587346103022,342.59332275390625,76766000
2021-10-05 00:00:00-04:00,343.6523598204089,349.4623310874055,343.42891877348393,347.218017578125,47232900
2021-10-06 00:00:00-04:00,344.01185558060564,349.7149692484246,343.10830689611487,349.44293212890625,56806500
2021-10-07 00:00:00-04:00,352.4839297160224,355.2917680690915,351.949580584037,352.64910888671875,39411200
2021-10-08 00:00:00-04:00,353.72742604039263,353.96062183778866,350.35609379081643,350.8904724121094,41822300
2021-10-11 00:00:00-04:00,349.35538452132647,352.87247527953656,348.11178231200773,348.1992492675781,34847200
2021-10-12 00:00:00-04:00,349.64691210021607,350.0840986793097,346.3435961311823,346.9848327636719,43905100
2021-10-13 00:00:00-04:00,349.28740081060675,350.4338405855879,347.2665286701431,349.7634582519531,40120800
2021-10-14 00:00:00-04:00,353.3485519783858,356.41870158590115,352.687894754568,356.2049560546875,43433900
2021-10-15 00:00:00-04:00,357.4194230091557,358.56586286925926,356.3895662331551,358.44927978515625,40419900
2021-10-18 00:00:00-04:00,357.15710508473506,362.2675480418583,356.5547393437458,362.0538024902344,34513500
2021-10-19 00:00:00-04:00,363.12257694031103,364.84223706552996,362.1024451058263,364.7936706542969,29091000
2021-10-20 00:00:00-04:00,365.25022970588054,365.86232053598303,362.84073729606274,364.3175354003906,31390300
2021-10-21 00:00:00-04:00,363.5208959360905,366.73677488164685,363.2197130487294,366.5424499511719,25469300
2021-10-22 00:00:00-04:00,365.2891022902149,366.2509423706017,361.8011867064768,363.4625549316406,36275800
2021-10-25 00:00:00-04:00,364.8810498429271,368.0969285094743,362.9379193060493,367.18365478515625,32597800
2021-10-26 00:00:00-04:00,369.41826607898804,371.8277289256972,367.16422758060594,368.3398132324219,47191300
2021-10-27 00:00:00-04:00,368.7866927678403,372.2551875273893,368.5243808468804,369.19476318359375,45760500
2021-10-28 00:00:00-04:00,371.0893573713803,373.54741625645437,370.32181252550123,373.2947998046875,38007000
2021-10-29 00:00:00-04:00,370.22467997203256,375.29625214903933,369.8749306873248,375.1310729980469,37310100
2021-11-01 00:00:00-04:00,375.5682561701875,376.53982140855203,373.48912197799297,376.41351318359375,30765300
2021-11-02 00:00:00-04:00,375.80146575410737,378.4635749766438,375.7528993465057,377.98748779296875,25135300
2021-11-03 00:00:00-04:00,378.47324379942285,382.41779647294356,377.4336914813911,382.0000305175781,33748900
2021-11-04 00:00:00-04:00,383.26311407298033,387.84890376040164,382.7190398431017,386.8967590332031,40265300
2021-11-05 00:00:00-04:00,388.66492530845403,389.5878943977676,385.86681297279597,387.265869140625,43383800
2021-11-08 00:00:00-05:00,387.2367186387448,388.256850159151,386.0999743975993,386.7412109375,29256300
2021-11-09 00:00:00-05:00,387.81006185572306,388.20840724129505,382.71906847393984,384.0792541503906,50490700
2021-11-10 00:00:00-05:00,381.31027352271906,384.118082109329,376.51073807726664,378.4344482421875,54937400
2021-11-11 00:00:00-05:00,381.4073523210302,381.58222693861705,379.1435888329395,379.483642578125,32243000
2021-11-12 00:00:00-05:00,380.63012828503423,384.0111862152096,379.0367766051723,383.4768371582031,34730600
2021-11-15 00:00:00-05:00,384.6523346212401,384.97293805192265,380.950674036111,383.3892822265625,33716900
2021-11-16 00:00:00-05:00,382.66070698024396,386.6149849927974,382.46641170396464,386.1195068359375,27872900
2021-11-17 00:00:00-05:00,386.44009993829405,388.35408477451546,385.3616766820078,386.3235168457031,28703300
2021-11-18 00:00:00-05:00,388.36380376999676,390.83155825697514,386.1486360963617,390.32635498046875,45721500
2021-11-19 00:00:00-05:00,391.9585808347099,393.77540319697215,391.1327444019126,392.5026550292969,45191700
2021-11-22 00:00:00-05:00,394.03774784218194,397.08844748180036,387.83915645266666,387.9460144042969,61715400
2021-11-23 00:00:00-05:00,386.789887223981,388.84963077816195,381.7474900750113,386.1778259277344,70098700
2021-11-24 00:00:00-05:00,383.7003052575749,387.7031498463432,381.3782794363445,387.4214172363281,46954400
2021-11-26 00:00:00-05:00,384.84671448351963,386.23607538819647,378.6869940757919,380.07635498046875,51533300
2021-11-29 00:00:00-05:00,384.6330147582925,389.3353874223647,383.9043407569417,388.324951171875,54447100
2021-11-30 00:00:00-05:00,387.440812314893,389.78228826501027,380.6107093860575,382.6218566894531,81332700
2021-12-01 00:00:00-05:00,386.9550069636954,389.09246237572006,375.6460028605043,376.1123352050781,77766500
2021-12-02 00:00:00-05:00,374.8298193835273,380.6009186906761,373.41134258019963,378.8229675292969,84416600
2021-12-03 00:00:00-05:00,380.18326851446955,381.18397972788637,368.126137891757,372.2358703613281,105349100
2021-12-06 00:00:00-05:00,372.72148514436793,376.57859937467276,368.5145920966772,375.2184143066406,67588800
2021-12-07 00:00:00-05:00,381.8542300925048,387.1298214699017,381.8153591865543,386.5177307128906,56005300
2021-12-08 00:00:00-05:00,386.8481656391627,388.4512424421491,384.9536014584753,388.2471923828125,39204000
2021-12-09 00:00:00-05:00,387.0230508591578,388.8204526297621,382.3400989043438,382.534423828125,49973700
2021-12-10 00:00:00-05:00,385.3421980821005,386.95499992733414,382.17488593364493,386.69268798828125,52545800
2021-12-13 00:00:00-05:00,386.6829143889607,387.00351782984734,380.73694065036705,381.10614013671875,50166400
2021-12-14 00:00:00-05:00,376.28715825033214,378.99783323084364,372.72153087203185,377.1615905761719,75199200
2021-12-15 00:00:00-05:00,376.90903385524365,386.1194833044048,372.9644812243369,385.7599792480469,73858000
2021-12-16 00:00:00-05:00,386.72184428250864,387.14933536877277,374.2566453963507,375.8403015136719,82591400
2021-12-17 00:00:00-05:00,372.4300593705942,378.1234466204989,370.91442009447013,373.96514892578125,80492500
2021-12-20 00:00:00-05:00,369.24804728232675,371.1255560766206,367.20514837555993,370.33758544921875,65336800
2021-12-21 00:00:00-05:00,373.60626178435757,378.93725119775377,369.86098113771806,378.6259460449219,48899500
2021-12-22 00:00:00-05:00,378.3341083954941,383.44134156093884,377.67260722482564,383.237060546875,37042200
2021-12-23 00:00:00-05:00,383.58721159285807,387.5951683998454,383.42185116342694,386.1262512207031,29595500
2021-12-27 00:00:00-05:00,387.42011631971087,392.5079040527344,387.3909333176653,392.5079040527344,32820700
2021-12-28 00:00:00-05:00,393.4027971113481,393.57789509151775,389.813140079433,390.68865966796875,33113700
2021-12-29 00:00:00-05:00,390.82494423540373,392.0895805930732,388.2567212665021,390.63037109375,32248500
2021-12-30 00:00:00-05:00,390.4163132880544,392.59541944240806,388.8792924991095,389.4629821777344,23850100
2021-12-31 00:00:00-05:00,388.7917829486263,390.1537058784763,386.53486512905016,387.031005859375,34752900
2022-01-03 00:00:00-05:00,388.19832024519195,391.00974454371743,386.0873473183604,390.7568054199219,40575900
2022-01-04 00:00:00-05:00,391.30155766728365,391.34047822796384,382.5949599614313,385.6884765625,58027200
2022-01-05 00:00:00-05:00,384.00556051490355,385.1243115425501,373.5868130518578,373.8397521972656,75739800
2022-01-06 00:00:00-05:00,372.020529806364,376.81645685721696,369.7927954770154,373.5769958496094,70814300
2022-01-07 00:00:00-05:00,373.5867354584606,375.26970074436014,367.7596362625609,369.5301208496094,72652300
2022-01-10 00:00:00-05:00,364.62713230821646,370.28887004679734,359.26696203829744,369.77325439453125,91770500
2022-01-11 00:00:00-05:00,369.0437150608484,375.49342437997234,366.9619254037455,375.32806396484375,68295700
2022-01-12 00:00:00-05:00,377.89626785911645,379.5889707439038,374.54010446184316,376.81646728515625,54576400
2022-01-13 00:00:00-05:00,378.19778366956683,378.87875975497025,366.45603763408764,367.3899230957031,77994000
2022-01-14 00:00:00-05:00,364.87051187811494,370.0069285995206,364.66620115432386,369.6761779785156,80121200
2022-01-18 00:00:00-05:00,363.8684414821431,365.98915188546283,359.71453998380207,360.47332763671875,75450900
2022-01-19 00:00:00-05:00,362.02986377818786,364.50080012803306,356.25139189864086,356.5140686035156,81791500
2022-01-20 00:00:00-05:00,359.73406878042016,363.70310562915995,351.34848278642613,351.8835144042969,88610700
2022-01-21 00:00:00-05:00,349.6946206883517,352.33091698772046,341.84406809533505,342.1261901855469,143388900
2022-01-24 00:00:00-05:00,336.5034209388335,344.35397467492515,325.0632096858729,343.69244384765625,198685800
2022-01-25 00:00:00-05:00,337.2427024792045,341.48412280913794,332.38837987086396,335.72509765625,124398400
2022-01-26 00:00:00-05:00,343.3130289963466,347.17507067851926,331.51288540493397,335.1998291015625,146559500
2022-01-27 00:00:00-05:00,339.8984675125725,341.7176102878764,330.80272394836476,331.8241882324219,95255700
2022-01-28 00:00:00-05:00,333.7017154948516,342.4472338873204,328.7598729741147,342.23321533203125,108167900
2022-01-31 00:00:00-05:00,343.5951593572345,353.7609662648605,341.96082238980597,353.1772766113281,94326400
2022-02-01 00:00:00-05:00,354.51972302915703,356.2318712803387,349.37360008983933,355.580078125,74433000
2022-02-02 00:00:00-05:00,359.70475140294946,360.03550187614525,354.3835014643365,358.4692687988281,78777100
2022-02-03 00:00:00-05:00,348.78022424897017,352.0877595673493,342.87528317586026,343.9356384277344,95384800
2022-02-04 00:00:00-05:00,344.45123232666253,351.5721813751419,342.3986253392621,348.2743835449219,86318300
2022-02-07 00:00:00-05:00,348.86774024734893,351.2316520904139,344.2177279914136,345.47265625,58198100
2022-02-08 00:00:00-05:00,344.3345030373818,350.4437252968105,343.206044188482,349.35418701171875,64720900
2022-02-09 00:00:00-05:00,353.8679667596408,356.8350135761256,352.2725504590075,356.7572021484375,55766400
2022-02-10 00:00:00-05:00,349.7433081789407,356.5237692365518,346.8443644225489,348.6829528808594,112468500
2022-02-11 00:00:00-05:00,348.68287051394003,350.27828670953545,336.39632517138085,337.6220703125,101569100
2022-02-14 00:00:00-05:00,337.0676599665158,341.43558063007725,334.53838722726806,338.04046630859375,80254400
2022-02-15 00:00:00-05:00,343.31311876682923,346.6790206823974,342.2527633268516,346.445556640625,55128800
2022-02-16 00:00:00-05:00,344.1982793145098,347.379344739258,341.1728367486853,346.35791015625,58947100
2022-02-17 00:00:00-05:00,343.14770623389774,343.8481280012333,335.63763994045877,336.05596923828125,61801400
2022-02-18 00:00:00-05:00,336.98979739395264,337.3789139342087,329.9175070476172,332.2230529785156,80001500
2022-02-22 00:00:00-05:00,329.28523725335987,334.6843307239925,325.25783409201006,328.8863830566406,85967100
2022-02-23 00:00:00-05:00,332.038210028671,332.8748090871975,320.1505174094211,320.4618225097656,86215400
2022-02-24 00:00:00-05:00,310.1695541857817,331.76586571589667,309.60533959972105,331.2308044433594,130614100
2022-02-25 00:00:00-05:00,332.0285404288966,336.57155924840185,328.2151560760343,336.36724853515625,78842100
2022-02-28 00:00:00-05:00,333.19582386799624,339.0618434116752,332.0381822442066,337.369140625,77515500
2022-03-01 00:00:00-05:00,336.34771581519976,338.61434101103964,329.68398795912555,332.20355224609375,67407000
2022-03-02 00:00:00-05:00,333.750339065548,339.11051074418504,330.98757301152676,337.77777099609375,70609000
2022-03-03 00:00:00-05:00,340.41407433832154,340.5210984604028,331.09460378869966,332.9526672363281,71089400
2022-03-04 00:00:00-05:00,330.5984076269794,332.0284337216448,325.81221844037054,328.1274719238281,76936300
2022-03-07 00:00:00-05:00,328.1178218819508,329.2754636715576,315.8215368751897,316.02581787109375,89933800
2022-03-08 00:00:00-05:00,315.2378618637905,324.14877091450364,311.2396423195089,314.5569152832031,116153900
2022-03-09 00:00:00-05:00,322.7284579772235,327.2325554489857,320.1407899136627,325.8803405761719,64723400
2022-03-10 00:00:00-05:00,321.82376014149736,323.4678050248186,317.8255111481958,322.2615051269531,69362700
2022-03-11 00:00:00-05:00,325.2284952433668,325.5398002751999,315.09184409095394,315.5782470703125,66228400
2022-03-14 00:00:00-04:00,314.34274768905607,317.7086474957433,308.8172177859871,309.51763916015625,79802600
2022-03-15 00:00:00-04:00,312.15408832569585,320.00464224223913,310.54896387835566,319.22637939453125,76471000
2022-03-16 00:00:00-04:00,323.1370646980165,331.1821616873152,319.4695661402415,331.0654296875,105243000
2022-03-17 00:00:00-04:00,329.16842359825154,335.13173025381406,327.8746044366326,335.0733642578125,67810000
2022-03-18 00:00:00-04:00,333.41961616057836,342.2235308402903,332.2619743080111,341.9316711425781,85446300
2022-03-21 00:00:00-04:00,341.0979546293715,343.31869390140747,336.5980082004085,340.9810485839844,73799100
2022-03-22 00:00:00-04:00,341.4777583376518,348.5490720835401,341.0979103437439,347.68218994140625,63345900
2022-03-23 00:00:00-04:00,344.80887821456724,348.3640045280012,342.6270782050995,342.6855163574219,70615500
2022-03-24 00:00:00-04:00,344.6043789419513,350.35105593205935,342.4518273333575,350.3023376464844,53555300
2022-03-25 00:00:00-04:00,350.243853940656,351.29580018977583,345.71471853730384,350.0101013183594,57584200
2022-03-28 00:00:00-04:00,350.0003012291695,355.52294392941155,348.76332081543086,355.425537109375,56833900
2022-03-29 00:00:00-04:00,359.3118697413128,362.16570862470064,356.5456880901624,361.5423583984375,68073000
2022-03-30 00:00:00-04:00,359.6820322233208,361.3378593665474,356.0684672576992,357.5489501953125,68757700
2022-03-31 00:00:00-04:00,357.69501139905674,358.04567005236385,352.27952440693844,353.1171875,67011400
2022-04-01 00:00:00-04:00,353.3801696236196,354.1593648604611,349.269850841836,352.44512939453125,54527800
2022-04-04 00:00:00-04:00,353.28270198196543,359.7111656148351,353.0197303227817,359.701416015625,45950200
2022-04-05 00:00:00-04:00,358.250252800888,358.9612900813736,350.5750570202456,351.71466064453125,62738700
2022-04-06 00:00:00-04:00,346.4062655140077,347.5069003465268,341.4485636915753,344.0783996582031,90077100
2022-04-07 00:00:00-04:00,343.08487346263547,347.08806535874953,339.627153877945,344.89654541015625,63777400
2022-04-08 00:00:00-04:00,343.16281654814475,343.9127926867397,339.4420954838791,340.0751953125,61956100
2022-04-11 00:00:00-04:00,335.84794372082325,336.7635142938174,331.688937195183,332.02984619140625,66107400
2022-04-12 00:00:00-04:00,336.77334394794974,338.6531740869484,329.2539936675608,330.6273498535156,72790200
2022-04-13 00:00:00-04:00,330.96815586695936,338.39984726201305,330.2473989157264,337.3479309082031,61367800
2022-04-14 00:00:00-04:00,337.4357027348784,337.9519263501664,329.41959743203574,329.6338806152344,73519400
2022-04-18 00:00:00-04:00,328.58191656925595,332.1760118780032,327.062465025245,329.8870849609375,58560600
2022-04-19 00:00:00-04:00,329.2442411729046,337.8350071673093,328.2215436745014,337.2603454589844,56515700
2022-04-20 00:00:00-04:00,338.06876059500115,338.52654598737115,331.12407207271315,332.3415832519531,65500000
2022-04-21 00:00:00-04:00,336.2180605493968,338.8283966928681,324.5397059212321,325.4649963378906,75801000
2022-04-22 00:00:00-04:00,325.62083409350055,326.8383449235365,316.51384713995463,316.9424133300781,82562100
2022-04-25 00:00:00-04:00,315.3159264323357,321.3255449766904,314.04969696933296,321.01385498046875,101755900
2022-04-26 00:00:00-04:00,318.95877932925333,319.1438434467438,308.62452673307644,308.89727783203125,105819600
2022-04-27 00:00:00-04:00,308.99454377699504,314.48796770473507,306.8127735656662,308.52703857421875,111204200
2022-04-28 00:00:00-04:00,313.4847216823124,321.31576034389815,309.26724715521,319.484619140625,99450000
2022-04-29 00:00:00-04:00,315.28671241202,318.72496285370096,304.47520700530265,305.1083068847656,91977900
2022-05-02 00:00:00-04:00,304.69921802742374,310.4361452229706,301.60187658563825,310.202392578125,115511800
2022-05-03 00:00:00-04:00,310.22181833531886,312.8224350402843,307.7673267371829,310.53350830078125,78185500
2022-05-04 00:00:00-04:00,311.01076573447637,321.7053936845587,305.73165437547124,321.0333251953125,116083400
2022-05-05 00:00:00-04:00,316.71844594551925,316.79635356866515,301.57259168354466,304.86474609375,154607400
2022-05-06 00:00:00-04:00,302.8680460761537,306.90042702253174,297.17980856751376,301.21221923828125,139572800
2022-05-09 00:00:00-04:00,295.59225120251307,301.30967906735975,288.0339321273305,289.4267578125,113387300
2022-05-10 00:00:00-04:00,296.59546557688515,297.81297672621145,288.86183237841306,292.94293212890625,124124600
2022-05-11 00:00:00-04:00,290.6831631683839,296.18630646109506,283.38784740770296,284.25469970703125,140326100
2022-05-12 00:00:00-04:00,279.9788270613995,288.0630877961864,277.53405558723375,283.5826416015625,120910900
2022-05-13 00:00:00-04:00,288.0339179888043,295.12470171225505,286.43652909796657,294.0922546386719,83684900
2022-05-16 00:00:00-04:00,292.3487744870589,294.40394878669343,289.4072782183106,290.6832275390625,59190400
2022-05-17 00:00:00-04:00,296.5370143344921,298.5921587961595,292.7383559367014,298.2123107910156,62715300
2022-05-18 00:00:00-04:00,293.70262261227504,294.3941605391823,282.3164573337348,283.57293701171875,79477100
2022-05-19 00:00:00-04:00,281.77105612186665,286.73850768800816,280.1054794237619,282.0534973144531,79920700
2022-05-20 00:00:00-04:00,285.51113837908883,286.1637074787609,272.9269345098866,281.1767883300781,91764200
2022-05-23 00:00:00-04:00,282.21913869993335,286.2320514641114,279.82308461999776,285.8522033691406,63648400
2022-05-24 00:00:00-04:00,280.6411741346291,281.3521815700702,274.913997352395,279.7742919921875,73491100
2022-05-25 00:00:00-04:00,278.28402259688585,285.76443214434636,278.0794890888608,283.6897888183594,67144500
2022-05-26 00:00:00-04:00,282.89118504350165,293.0988103784084,282.60871410197825,291.55010986328125,59462200
2022-05-27 00:00:00-04:00,294.6766659935086,301.21225750200745,294.5597896794027,301.066162109375,66985600
2022-05-31 00:00:00-04:00,301.0369313919927,303.2381712461334,296.4201090925534,300.2674560546875,60968300
2022-06-01 00:00:00-04:00,302.4004814429057,304.52381326918936,295.8356723348379,298.0466613769531,65341700
2022-06-02 00:00:00-04:00,296.92656050861325,306.3841767382333,295.51423599259175,306.2088623046875,59291300
2022-06-03 00:00:00-04:00,300.99794802786283,302.40052312325975,296.9947859978607,298.24151611328125,60914700
2022-06-06 00:00:00-04:00,302.67323523378644,304.23165526192764,297.6765653234213,299.2349853515625,51785000
2022-06-07 00:00:00-04:00,295.91358022347396,302.5952953498359,294.82269523738705,301.8160705566406,44900300
2022-06-08 00:00:00-04:00,301.01749167247647,303.61810897224757,298.79675217832056,299.6441650390625,38342100
2022-06-09 00:00:00-04:00,297.9590006363622,301.017372453056,291.4526297491504,291.6181945800781,55900500
2022-06-10 00:00:00-04:00,286.01768266023385,287.20597460384334,280.8846669045221,281.33270263671875,85963500
2022-06-13 00:00:00-04:00,272.47896468943065,275.001643941255,267.39463751053967,268.25177001953125,94442000
2022-06-14 00:00:00-04:00,270.44334634056844,271.4173553543754,266.2356202670673,268.73883056640625,64697500
2022-06-15 00:00:00-04:00,272.1575215881491,279.37489983286076,269.4205298192977,275.44964599609375,86051400
2022-06-16 00:00:00-04:00,268.4271544639436,268.8849399131413,262.2811596461525,264.3363342285156,81910300
2022-06-17 00:00:00-04:00,265.1056742683673,269.9854672463517,263.4790964252964,267.5504455566406,82703400
2022-06-21 00:00:00-04:00,272.02683895071556,276.61349173532,271.9195063318225,274.3006286621094,51633700
2022-06-22 00:00:00-04:00,271.8024357299077,278.30180844546015,271.2071624610074,273.9006042480469,67472900
2022-06-23 00:00:00-04:00,276.37936806015966,278.82883994949555,273.5493179041933,277.9798278808594,57457800
2022-06-24 00:00:00-04:00,280.80003470957627,287.92398502775217,280.5658327618819,287.50433349609375,58422300
2022-06-27 00:00:00-04:00,288.8608200227862,289.42681798517424,284.26442815111665,285.3964538574219,54151500
2022-06-28 00:00:00-04:00,285.9331824998259,288.5192616412146,276.5159351758475,276.70135498046875,61609800
2022-06-29 00:00:00-04:00,276.56473159358586,278.45794354155225,274.06647805469794,276.955078125,57302700
2022-06-30 00:00:00-04:00,273.97862381270477,277.09168696089944,269.12849346614837,273.51995849609375,79313600
2022-07-01 00:00:00-04:00,272.2220832289671,275.71572495682835,270.34837814829655,275.32537841796875,56675100
2022-07-05 00:00:00-04:00,271.5974532153894,280.1559193205776,270.075081156703,280.038818359375,61829300
2022-07-06 00:00:00-04:00,280.4193717221738,283.93254878255703,278.7018118745375,281.8343811035156,63194700
2022-07-07 00:00:00-04:00,282.64444764131935,288.56805306343966,282.64444764131935,287.86541748046875,56620100
2022-07-08 00:00:00-04:00,285.0353510679023,289.5927291083753,284.0985135096991,288.22650146484375,59895500
2022-07-11 00:00:00-04:00,285.81604417604984,286.0404777553998,281.19037756980873,282.06866455078125,55273900
2022-07-12 00:00:00-04:00,283.3178239465647,285.2305426707223,277.74552111118555,279.3362121582031,55797100
2022-07-13 00:00:00-04:00,273.83221927188373,281.1025149781684,273.2661916044825,278.7604064941406,73939400
2022-07-14 00:00:00-04:00,276.16462427336086,280.62440871511484,273.0515607161218,279.7558898925781,63741800
2022-07-15 00:00:00-04:00,282.74204373662945,284.9377762264799,281.13181608551673,284.8304138183594,63818100
2022-07-18 00:00:00-04:00,287.611677482635,289.0169486418252,281.24894346518283,282.41998291015625,59519600
2022-07-19 00:00:00-04:00,286.0405209277583,291.39812890521887,284.44009126466915,291.1053466796875,55172600
2022-07-20 00:00:00-04:00,291.52494548414666,296.90202960971567,290.744222805503,295.7212219238281,67769400
2022-07-21 00:00:00-04:00,296.1798855228456,300.02485907162793,293.5254879934556,299.96630859375,55049400
2022-07-22 00:00:00-04:00,299.0391819603703,301.10804473737164,292.88137576256025,294.7062683105469,57127700
2022-07-25 00:00:00-04:00,294.7355627102361,295.2039963017495,291.027226900708,293.02777099609375,40582400
2022-07-26 00:00:00-04:00,291.32977998348684,291.58351859643307,286.4601428848884,287.2701110839844,50074100
2022-07-27 00:00:00-04:00,291.82750935090854,301.09838033677926,291.26148160253575,299.41009521484375,69304400
2022-07-28 00:00:00-04:00,299.1953693285458,302.91347376867895,295.4479896479993,302.33770751953125,55139900
2022-07-29 00:00:00-04:00,303.879687273535,308.7590936927906,302.4548791564084,307.85150146484375,57501000
2022-08-01 00:00:00-04:00,306.0850930494122,311.120642967431,304.9921110110565,307.666015625,46358800
2022-08-02 00:00:00-04:00,305.3727520054132,310.86693803333435,304.3187836531633,306.74871826171875,48676500
2022-08-03 00:00:00-04:00,308.42718156480026,315.92197036204516,308.3686310866716,315.10223388671875,53735700
2022-08-04 00:00:00-04:00,315.1803332975884,316.88812529432516,313.0333828747934,316.5758361816406,38973700
2022-08-05 00:00:00-04:00,311.4914928430166,316.0195656918979,310.7107998702354,313.98974609375,53894000
2022-08-08 00:00:00-04:00,314.90717043855096,318.5960009286301,311.5110924550112,312.97491455078125,43878500
2022-08-09 00:00:00-04:00,311.08158384527434,311.335322442048,307.8124062343552,309.4323425292969,39764200
2022-08-10 00:00:00-04:00,316.76123163675936,318.36169088012,314.29225373105913,318.06890869140625,51459600
2022-08-11 00:00:00-04:00,320.3915377881437,322.39208223187165,315.56091418583384,316.2635498046875,45897700
2022-08-12 00:00:00-04:00,318.31293577249124,322.6165756154438,317.25899713697703,322.4214172363281,40928400
2022-08-15 00:00:00-04:00,321.4747554105668,325.5246558976248,321.4552187289758,325.0269470214844,38266600
2022-08-16 00:00:00-04:00,324.0510520527076,326.35414676715345,321.22100302538877,324.2657470703125,41186900
2022-08-17 00:00:00-04:00,321.13322746982783,323.43629276250306,318.48856802587005,320.56719970703125,47842200
2022-08-18 00:00:00-04:00,320.5183981966612,322.5189425848019,318.90820030114213,321.338134765625,41937200
2022-08-19 00:00:00-04:00,318.30322313147957,318.95704693798035,314.31184232639384,315.0730285644531,51770600
2022-08-22 00:00:00-04:00,310.81820872214865,311.05241071511335,305.96807724093725,306.7780456542969,51098900
2022-08-23 00:00:00-04:00,306.54376837538723,309.35431072684594,305.7728139625083,306.5242614746094,39497100
2022-08-24 00:00:00-04:00,306.0460655965721,309.2274475970766,305.4410240635622,307.4123229980469,38057100
2022-08-25 00:00:00-04:00,309.18843732695433,312.86752862816047,308.1442670437042,312.8479919433594,38098300
2022-08-26 00:00:00-04:00,312.5551491185306,313.75549340701093,299.9370155969766,300.02484130859375,69047700
2022-08-29 00:00:00-04:00,297.2728893341187,299.81018609423813,295.9652122628593,297.0679626464844,48321900
2022-08-30 00:00:00-04:00,298.7172280617715,299.33203795561866,291.24197482667506,293.7597351074219,51184500
2022-08-31 00:00:00-04:00,296.6581011353187,297.555924896819,291.9446082866473,292.05194091796875,50044000
2022-09-01 00:00:00-04:00,289.56341798178005,292.5496115259869,285.88435725091745,292.17877197265625,57990700
2022-09-02 00:00:00-04:00,295.0478932133879,296.42388916155085,286.4406146175746,288.05084228515625,64666800
2022-09-06 00:00:00-04:00,288.52899865452224,289.44632923624584,283.85452002401945,285.98193359375,57005400
2022-09-07 00:00:00-04:00,286.46015834522314,292.7545738330587,286.19665137708756,291.7591857910156,49260400
2022-09-08 00:00:00-04:00,289.69032244366866,294.58923504644343,288.32409480360485,293.27178955078125,55649800
2022-09-09 00:00:00-04:00,295.52602604158943,300.1809974074277,293.2717433452684,299.68328857421875,56125200
2022-09-12 00:00:00-04:00,301.0593663354785,303.57712686254604,300.7470771871738,303.2453308105469,45905700
2022-09-13 00:00:00-04:00,294.52097861083143,295.7115550454282,285.7283079258399,286.6163635253906,79562200
2022-09-14 00:00:00-04:00,287.7581412480046,289.76845453268044,285.99179831128987,288.8901672363281,54907200
2022-09-15 00:00:00-04:00,286.9773474007332,289.37800644389927,282.47852027572605,284.0789794921875,65299400
2022-09-16 00:00:00-04:00,280.7805336223577,282.73229597764134,278.731177193004,282.3419494628906,79920400
2022-09-19 00:00:00-04:00,279.70137415696615,284.6970745912991,279.6427184448839,284.5406494140625,52613800
2022-09-20 00:00:00-04:00,282.0378693199994,284.5601839494864,279.9750741000764,282.27252197265625,51271100
2022-09-21 00:00:00-04:00,283.11330785148755,287.37581184198143,277.0813167842155,277.2181701660156,82931000
2022-09-22 00:00:00-04:00,275.69307230182534,276.7000351668306,272.58420013628125,273.8062438964844,62757100
2022-09-23 00:00:00-04:00,271.3426208032038,271.63592924583816,265.9362996797736,269.3482666015625,74815200
2022-09-26 00:00:00-04:00,268.8789462776998,273.2391899171992,267.4418216694611,268.23370361328125,71176700
2022-09-27 00:00:00-04:00,271.59675876301304,273.94307663877163,266.0242277024173,268.34124755859375,69780100
2022-09-28 00:00:00-04:00,268.32168776244924,274.9598376182292,266.84547923320525,273.67913818359375,79652100
2022-09-29 00:00:00-04:00,269.69036575980726,270.0716577150531,262.8273790808432,265.78961181640625,81216000
2022-09-30 00:00:00-04:00,264.9683877032516,269.0353524973825,261.12628967839305,261.28271484375,78482400
2022-10-03 00:00:00-04:00,263.0522322436455,269.0060252619339,261.54666612929276,267.4124755859375,61267400
2022-10-04 00:00:00-04:00,272.75043212962663,276.5241194775163,272.75043212962663,275.8202209472656,66696900
2022-10-05 00:00:00-04:00,272.05626158200477,277.46258183875364,269.26023985446955,275.67352294921875,55766300
2022-10-06 00:00:00-04:00,274.67631791285686,277.8243037680566,273.18053757441095,273.503173828125,53489400
2022-10-07 00:00:00-04:00,268.86912454819236,268.9962218517526,261.75194406425254,263.08154296875,71354700
2022-10-10 00:00:00-04:00,263.277039731882,263.66811751995755,257.7436530181784,260.4516906738281,60393000
2022-10-11 00:00:00-04:00,258.7799348868607,261.64439759517603,255.19200216277682,256.87353515625,66522500
2022-10-12 00:00:00-04:00,257.50899316310165,259.4251489637878,256.0914406437089,256.7855529785156,50580200
2022-10-13 00:00:00-04:00,249.45336296356115,264.1276746127699,248.5734824679555,262.807861328125,112894100
2022-10-14 00:00:00-04:00,265.13452711251534,265.73086992391836,254.32189034786515,254.908447265625,77244300
2022-10-17 00:00:00-04:00,260.8721154137595,264.1960683906086,260.77434594840025,263.32598876953125,64576500
2022-10-18 00:00:00-04:00,270.34543152432246,271.0102162282568,262.72964578334796,265.40838623046875,69781000
2022-10-19 00:00:00-04:00,263.89289567299016,267.5590253570758,262.0745096705027,264.44036865234375,53115400
2022-10-20 00:00:00-04:00,263.55082875225395,268.6931983717576,261.9279809158459,263.0913391113281,60605500
2022-10-21 00:00:00-04:00,261.986617180999,269.7979106618397,260.85255709108765,269.2602233886719,77897700
2022-10-24 00:00:00-04:00,269.52422125739656,273.15123909970674,265.88741751693567,272.2225036621094,63963600
2022-10-25 00:00:00-04:00,273.16094157940734,278.2348685509283,271.68470349213027,277.85357666015625,59014500
2022-10-26 00:00:00-04:00,272.2322261526919,277.6287902965968,271.2252633241817,271.7140808105469,63492400
2022-10-27 00:00:00-04:00,270.59961549604924,272.05628218222876,266.24912756295623,266.76727294921875,57760300
2022-10-28 00:00:00-04:00,266.14152342908994,275.3997258683495,265.9753123912375,274.9304504394531,62651300
2022-10-31 00:00:00-04:00,272.6818884119261,273.50309799405767,269.8173960162846,271.73358154296875,47742000
2022-11-01 00:00:00-04:00,275.2041616767264,275.7614206032316,268.5953417105619,268.9570617675781,45895900
2022-11-02 00:00:00-04:00,268.9277993452256,271.9878014034031,259.6695955048992,259.738037109375,79803100
2022-11-03 00:00:00-04:00,257.1277827515424,258.58444930817916,254.28286141146174,254.66412353515625,70038900
2022-11-04 00:00:00-04:00,259.59143276846174,260.64726549152124,253.28567478294306,258.76043701171875,78313200
2022-11-07 00:00:00-05:00,259.80653216343387,262.1430944122781,257.6752947702583,261.6053771972656,47333800
2022-11-08 00:00:00-05:00,263.1206402855354,266.747656983105,259.58157730334085,263.5116882324219,63213800
2022-11-09 00:00:00-05:00,261.77151778448103,262.55361373285587,257.14729418920933,257.4308166503906,64862100
2022-11-10 00:00:00-05:00,269.83701981536905,276.71954806888135,267.7253248392745,276.42626953125,99256700
2022-11-11 00:00:00-05:00,276.24055218615365,282.18458988685967,274.9011969662566,281.519775390625,66961800
2022-11-14 00:00:00-05:00,279.4667729214906,282.741856679245,278.07854769991235,279.0561828613281,55290700
2022-11-15 00:00:00-05:00,285.67472427703444,286.7012589614155,279.5742912260636,282.9178161621094,73985400
2022-11-16 00:00:00-05:00,280.96258336011186,283.005837267264,278.23497290594577,279.0561828613281,48859800
2022-11-17 00:00:00-05:00,274.5980575633067,279.9163930716426,274.4416324207033,278.4401550292969,55462100
2022-11-18 00:00:00-05:00,281.45132801777515,281.5490676405468,276.00589441916804,278.4499816894531,53588600
2022-11-21 00:00:00-05:00,277.061687951734,278.2152898203425,274.7544842145169,275.5854797363281,40083500
2022-11-22 00:00:00-05:00,276.3187789752924,279.71114388498205,274.1875119369852,279.55474853515625,41873400
2022-11-23 00:00:00-05:00,279.574178431824,282.98611376890665,279.3982113575138,282.3604431152344,46390000
2022-11-25 00:00:00-05:00,280.7669413787728,281.47083963013006,280.0141733212983,280.50299072265625,15498800
2022-11-28 00:00:00-05:00,278.52816875015134,280.5420941973852,275.45841076977536,276.38714599609375,38714200
2022-11-29 00:00:00-05:00,276.6120032182411,277.0128370816902,272.92633062269323,274.2950134277344,35618900
2022-11-30 00:00:00-05:00,274.55900161910057,286.9065360739054,273.70846396811334,286.7989807128906,74718100
2022-12-01 00:00:00-05:00,287.1216731151047,289.13559916202377,284.3745206966843,287.1510009765625,51547300
2022-12-02 00:00:00-05:00,282.0868445878577,286.8870365853,281.91084759242034,286.00714111328125,53583200
2022-12-05 00:00:00-05:00,283.88568080095115,285.15659447763073,279.75027365012517,281.20697021484375,41482100
2022-12-06 00:00:00-05:00,281.05045709162715,281.1873104465043,273.9919327917334,275.3801574707031,53937600
2022-12-07 00:00:00-05:00,274.19729521334705,276.2503347220623,272.54508964298054,274.2559509277344,45614300
2022-12-08 00:00:00-05:00,275.60503402306153,278.4694968679625,273.5324529907776,277.50164794921875,42594900
2022-12-09 00:00:00-05:00,276.48491532642936,279.25163871744275,275.2921995910729,275.7321472167969,47860500
2022-12-12 00:00:00-05:00,275.908093532643,279.2516176649539,274.87180303489004,279.19293212890625,35732500
2022-12-13 00:00:00-05:00,290.0153845506873,290.2402513163145,279.5155953648504,282.1943054199219,80667700
2022-12-14 00:00:00-05:00,281.607678370785,284.89254665162576,276.856387797035,280.1021423339844,64984400
2022-12-15 00:00:00-05:00,276.01563277082005,276.68044714031987,269.5046109553816,270.69732666015625,60554100
2022-12-16 00:00:00-05:00,270.0227634589525,271.55762753266515,266.5130280152086,268.1163635253906,68300400
2022-12-19 00:00:00-05:00,268.3858829093709,268.47407711477496,263.11360998326035,264.348388671875,44167900
2022-12-20 00:00:00-05:00,263.18222187170676,265.8869638627262,261.6044756479317,264.1426086425781,51064200
2022-12-21 00:00:00-05:00,265.1813077297633,269.27759708328415,264.3385134662635,267.9742431640625,46394700
2022-12-22 00:00:00-05:00,264.96578045041497,265.0931820504398,257.2043613322855,261.41827392578125,60278400
2022-12-23 00:00:00-05:00,260.1540269074568,262.67257043969306,258.2528725584856,262.00616455078125,39373600
2022-12-27 00:00:00-05:00,261.39866722805584,261.50648008934456,257.76296633096587,258.30194091796875,38009000
2022-12-28 00:00:00-05:00,257.90016402550407,260.15409570007984,254.52904593217914,254.89163208007812,47139000
2022-12-29 00:00:00-05:00,257.6943798967325,262.0454740291402,256.9986055824122,261.1047058105469,45893600
2022-12-30 00:00:00-05:00,258.34113754746767,261.07527757710335,257.03778328615977,260.9478759765625,37858300
2023-01-03 00:00:00-05:00,263.27050350230917,264.74046726268665,256.8810717902045,259.18402099609375,42335300
2023-01-04 00:00:00-05:00,261.30061125663116,262.094388805196,257.2728974856996,260.4186096191406,47754900
2023-01-05 00:00:00-05:00,258.7526488467858,258.91922787586554,256.0283191063877,256.3418884277344,45396700
2023-01-06 00:00:00-05:00,258.0765107602251,264.5345446367725,255.1267754282982,263.4173583984375,54659700
2023-01-09 00:00:00-05:00,265.40672993298676,269.7774418403852,264.5149786181728,265.12255859375,45568700
2023-01-10 00:00:00-05:00,264.0935545337913,267.4744815439094,263.5839781045529,267.3666687011719,35247800
2023-01-11 00:00:00-05:00,268.4349015637978,272.1000003561461,267.65090322153156,271.9921875,44077000
2023-01-12 00:00:00-05:00,272.55075772684324,274.4911198155303,268.25846062265697,273.4621276855469,60600000
2023-01-13 00:00:00-05:00,270.96322776853043,275.5887133592469,270.6300396848258,275.3437194824219,44802900
2023-01-17 00:00:00-05:00,275.14768251608376,277.18604809737275,273.98150939661457,275.90228271484375,36269700
2023-01-18 00:00:00-05:00,277.4408347282873,278.9892126837552,272.1097958051242,272.3155822753906,47754500
2023-01-19 00:00:00-05:00,270.6888397747378,271.8256149685803,268.4055099682429,269.6402587890625,44150400
2023-01-20 00:00:00-05:00,271.24737024419835,277.3525971911707,270.18898017810113,277.0194091796875,60613600
2023-01-23 00:00:00-05:00,277.8622257606587,284.39864475391676,277.06844810068554,283.1736755371094,52799900
2023-01-24 00:00:00-05:00,281.55677882468814,283.7519145329774,281.0373929684775,282.5955505371094,44875100
2023-01-25 00:00:00-05:00,278.08762887043525,282.5857126972859,275.54949598721333,281.9683532714844,50872000
2023-01-26 00:00:00-05:00,285.38849048457257,287.6424223629357,282.7425444478146,287.4660339355469,51596300
2023-01-27 00:00:00-05:00,286.152809973951,292.28746540168373,286.0352177137922,290.3275146484375,56441900
2023-01-30 00:00:00-05:00,287.06416594239596,288.48514213201554,284.08506247493875,284.4574279785156,49405800
2023-01-31 00:00:00-05:00,284.4966454883634,288.81834043174297,284.38886255344715,288.7203369140625,46705100
2023-02-01 00:00:00-05:00,288.5145464564292,297.35391334937026,286.4467829160311,294.8941955566406,67562200
2023-02-02 00:00:00-05:00,301.41104382361254,307.3986792194791,300.58786806855676,305.4779357910156,83070600
2023-02-03 00:00:00-05:00,298.8336987253652,306.134527365596,298.44171454947156,300.0488586425781,76170800
2023-02-06 00:00:00-05:00,297.4323878201747,299.7843231515215,296.16821099081466,297.5107727050781,40802300
2023-02-07 00:00:00-05:00,297.3833489851689,304.80177050137615,296.2661924961063,303.6748046875,67584000
2023-02-08 00:00:00-05:00,302.36159572104424,303.30236366101053,297.58912066430577,298.27508544921875,56720900
2023-02-09 00:00:00-05:00,302.65560463543113,302.8025949668986,294.18863257166754,295.63897705078125,49137800
2023-02-10 00:00:00-05:00,293.48307362724574,295.53121883431214,291.297717495013,293.69866943359375,50050100
2023-02-13 00:00:00-05:00,295.0999539885517,298.99045695593253,293.92397171731164,298.4024658203125,39636700
2023-02-14 00:00:00-05:00,296.8247315897238,301.55799910783185,294.88436973843034,300.607421875,64079100
2023-02-15 00:00:00-05:00,298.7944917715508,303.0769794600468,298.1085269393555,302.910400390625,43100600
2023-02-16 00:00:00-05:00,298.2849528065457,302.2538416898936,297.0795721536685,297.2265625,59498600
2023-02-17 00:00:00-05:00,295.04113931726596,295.88390363037774,292.13061179007104,295.12933349609375,58230700
2023-02-21 00:00:00-05:00,291.3075128776228,292.7480779905276,288.0050003843626,288.1421813964844,46526700
2023-02-22 00:00:00-05:00,288.72037423239385,290.42552201582805,286.70162711443794,288.3577880859375,51389200
2023-02-23 00:00:00-05:00,292.00324737529,292.1600470153091,286.6917679806115,290.87628173828125,69294400
2023-02-24 00:00:00-05:00,285.9176956757983,287.10345779892566,284.24191583753463,286.0058898925781,74332000
2023-02-27 00:00:00-05:00,289.1613320021509,290.55288024334476,287.4659638902868,288.053955078125,48995000
2023-02-28 00:00:00-05:00,287.4267764126198,290.1903142523565,287.0935883612757,287.68157958984375,48243100
2023-03-01 00:00:00-05:00,287.3875822887834,288.0441490292622,284.38886009383884,285.36883544921875,58287000
2023-03-02 00:00:00-05:00,282.8797300624582,288.5341779040145,282.59552879500677,287.7305908203125,53565900
2023-03-03 00:00:00-05:00,289.4749733262371,293.914261084036,288.96536693308644,293.6790466308594,60511500
2023-03-06 00:00:00-05:00,294.9138281640149,297.91255078931,293.8162603935119,294.0122375488281,56736300
2023-03-07 00:00:00-05:00,294.06123341389787,294.9824127073463,289.7983343272335,290.4059143066406,65955800
2023-03-08 00:00:00-05:00,290.8272701587182,292.45403280782995,288.975132322113,291.85626220703125,50876300
2023-03-09 00:00:00-05:00,292.356034581254,294.9529931979204,285.98619477194666,286.7995910644531,71456700
2023-03-10 00:00:00-05:00,286.9662364321143,288.45581845645546,281.62538745570544,282.7719421386719,98593600
2023-03-13 00:00:00-04:00,280.9883548940412,288.573354857497,279.47918441665786,284.8690490722656,97123600
2023-03-14 00:00:00-04:00,288.4165306342406,291.96403646575504,287.57376622408987,291.4152526855469,73602500
2023-03-15 00:00:00-04:00,288.8085334957989,293.2772187994073,287.36796850276227,292.94403076171875,83631500
2023-03-16 00:00:00-04:00,292.0326489647935,301.0288153358868,291.2388713383132,300.6662292480469,98198100
2023-03-17 00:00:00-04:00,300.5780825063804,302.9594157617402,297.2951586443175,299.24530029296875,89923700
2023-03-20 00:00:00-04:00,298.62893759374526,300.6311608615665,296.4205793211497,300.3072814941406,56359500
2023-03-21 00:00:00-04:00,302.2407985358672,305.04785266850337,300.7292917206466,304.59637451171875,49757000
2023-03-22 00:00:00-04:00,304.5276555015175,309.4154987468772,300.28763082839566,300.4544677734375,75791900
2023-03-23 00:00:00-04:00,304.18420090621953,308.33589544993333,301.3280538352292,304.017333984375,74576000
2023-03-24 00:00:00-04:00,303.59524962715017,305.23432523324425,301.26911732991573,305.1361999511719,57195200
2023-03-27 00:00:00-04:00,305.8330279937311,306.91267558955946,302.1916996936268,303.04559326171875,50287400
2023-03-28 00:00:00-04:00,302.466559225668,302.49600280278304,299.1294607378363,301.43597412109375,48585900
2023-03-29 00:00:00-04:00,305.1264302220419,307.5507181893601,304.31177457462326,306.932373046875,53274300
2023-03-30 00:00:00-04:00,309.4057262969123,310.46575510812926,307.0207064008411,309.83758544921875,58354800
2023-03-31 00:00:00-04:00,310.06333534027965,315.2259960757609,309.7590750261057,314.99041748046875,62138100
2023-04-03 00:00:00-04:00,312.8703585335609,314.48984514713516,311.54536759921757,314.2248229980469,47126800
2023-04-04 00:00:00-04:00,314.66653846035115,315.6774746560139,311.94778474615265,313.16485595703125,45875400
2023-04-05 00:00:00-04:00,312.2127972814154,313.15502177624506,308.25738336194655,310.0731506347656,62795700
2023-04-06 00:00:00-04:00,308.4241818849287,312.65441200282,307.03047936148835,312.1636657714844,46916500
2023-04-10 00:00:00-04:00,309.2388628884362,312.03612262814016,307.452539270489,311.9870300292969,45134700
2023-04-11 00:00:00-04:00,311.9477260723513,312.0066431747439,309.47437592996783,309.9847412109375,40113600
2023-04-12 00:00:00-04:00,311.93793154691537,312.52683299595236,306.7850962851923,307.24639892578125,62813300
2023-04-13 00:00:00-04:00,309.0032361199437,313.73403663078875,307.82546322301357,313.262939453125,54613800
2023-04-14 00:00:00-04:00,311.7122292583174,314.4309529600365,309.7688631396703,312.6741027832031,56278300
2023-04-17 00:00:00-04:00,312.261854645645,313.2924398141298,310.19091970365525,312.9390869140625,43007000
2023-04-18 00:00:00-04:00,315.0492322620022,315.4712967532463,311.7612567220938,312.9586486816406,46746900
2023-04-19 00:00:00-04:00,310.55407195884237,313.87152168372256,310.4264731305352,312.8114929199219,38960100
2023-04-20 00:00:00-04:00,309.84740610563057,313.3611364890163,309.14073022453687,310.4264831542969,62462100
2023-04-21 00:00:00-04:00,310.0633088936985,311.52572317920414,308.2868098097779,310.7503356933594,59002300
2023-04-24 00:00:00-04:00,310.524573610328,311.85938891120855,307.9334192694122,310.1025390625,44043100
2023-04-25 00:00:00-04:00,308.4732736850432,309.1406813692748,304.15471285096964,304.2528381347656,57121600
2023-04-26 00:00:00-04:00,307.63903402208973,309.11127287941105,305.5778936312846,306.09808349609375,55400500
2023-04-27 00:00:00-04:00,309.8571781627747,314.92165284170386,309.21918410864004,314.4211120605469,65430400
2023-04-28 00:00:00-04:00,314.18551113317454,316.67851016315626,313.0568008876314,316.5901794433594,59712600
2023-05-01 00:00:00-04:00,316.1289260550677,317.6404329412085,315.1474335230133,316.2270812988281,41013400
2023-05-02 00:00:00-04:00,316.15836561209886,316.48227491711145,311.7318247639411,313.4690856933594,56519400
2023-05-03 00:00:00-04:00,313.83224897780207,316.5019099639338,311.3098058864839,311.41778564453125,59882100
2023-05-04 00:00:00-04:00,311.1920859618002,312.3404456476123,309.2879876486706,310.3185729980469,50224500
2023-05-05 00:00:00-04:00,312.5759135629798,317.7680172064844,310.3577309572595,316.91412353515625,51806100
2023-05-08 00:00:00-04:00,316.45282560845146,318.04283866891797,315.3731778659205,317.6993103027344,36465800
2023-05-09 00:00:00-04:00,316.0406398785521,316.90435822097544,315.37323205132657,315.68731689453125,31768800
2023-05-10 00:00:00-04:00,318.121416845694,319.97645247101127,315.64806596471846,319.12255859375,60446600
2023-05-11 00:00:00-04:00,319.67212605397896,320.7026812198648,318.1213510973268,320.1628723144531,44278500
2023-05-12 00:00:00-04:00,320.6928089058947,321.11487339109647,316.96314986336023,319.01446533203125,48432800
2023-05-15 00:00:00-04:00,319.4856341539702,320.9774919751465,317.9643028030483,320.741943359375,33375600
2023-05-16 00:00:00-04:00,320.0254243410232,322.81285929154046,319.98615625643214,321.1050720214844,40019200
2023-05-17 00:00:00-04:00,322.1650875880521,325.5708677503054,320.9873145634712,324.9917907714844,47486100
2023-05-18 00:00:00-04:00,325.3844024044097,331.24391418025004,325.36478333622733,331.0279846191406,64213500
2023-05-19 00:00:00-04:00,331.2439481288907,331.95062404196796,329.2220756461821,330.2821044921875,61554900
2023-05-22 00:00:00-04:00,330.0268852313511,332.40211049164327,330.0170607205077,331.39117431640625,43015900
2023-05-23 00:00:00-04:00,329.6735737600976,330.82190336326596,326.8370456829929,327.19036865234375,48216700
2023-05-24 00:00:00-04:00,325.2371462045606,326.7486529543009,323.46064727807794,325.511962890625,62891200
2023-05-25 00:00:00-04:00,332.8634256751795,334.6988121050236,330.43913767543575,333.43267822265625,66862800
2023-05-26 00:00:00-04:00,334.4534083996253,342.7862705013703,334.3552531548107,341.9519958496094,63007000
2023-05-30 00:00:00-04:00,346.18217110868756,347.37959301782007,342.079540123524,343.5027160644531,72652200
2023-05-31 00:00:00-04:00,341.9225630348241,344.11130225670985,340.0970012254624,341.5495910644531,65105400
2023-06-01 00:00:00-04:00,341.2943614506893,346.82013847671067,340.24415739889935,345.4951477050781,50488600
2023-06-02 00:00:00-04:00,347.25199866394627,349.24442703511033,345.49514883634424,348.0862731933594,53372100
2023-06-05 00:00:00-04:00,347.87036238875686,350.8835514034604,347.3011099461194,348.3316650390625,47266200
2023-06-06 00:00:00-04:00,347.7231936940905,349.23470066993315,346.3981727066274,348.2728271484375,41390400
2023-06-07 00:00:00-04:00,348.55747375650026,350.5106344564043,341.73608816769587,342.3642578125,69225900
2023-06-08 00:00:00-04:00,342.6587214194635,347.07543850228194,342.43299727167624,346.6141357421875,47153900
2023-06-09 00:00:00-04:00,348.06671625868603,351.04063755935596,346.49632214996257,347.9391174316406,53196900
2023-06-12 00:00:00-04:00,349.59783135014015,353.9163925495602,348.62616331728384,353.8182373046875,44606500
2023-06-13 00:00:00-04:00,356.5664003624832,357.371201406959,353.36672539225424,356.5369567871094,57097800
2023-06-14 00:00:00-04:00,356.54681293006774,359.41278455684176,353.7495829280698,359.1281433105469,69525600
2023-06-15 00:00:00-04:00,357.86201338240306,364.88950420626855,357.2436981859481,363.407470703125,71138800
2023-06-16 00:00:00-04:00,365.8218711900571,365.94947000240563,360.67886028031626,361.1205139160156,80932000
2023-06-20 00:00:00-04:00,359.66992816528324,361.9992516934067,357.6452823141966,360.6036071777344,49204700
2023-06-21 00:00:00-04:00,359.46348986847545,359.89594138420165,354.76552112387077,355.68939208984375,53378300
2023-06-22 00:00:00-04:00,354.4411428136905,360.04330568608754,354.03817532737975,359.8860778808594,47603000
2023-06-23 00:00:00-04:00,355.99406677913646,358.6182598188581,354.6279363156579,356.31842041015625,48922900
2023-06-26 00:00:00-04:00,355.78764942462146,358.57890804736354,351.4533266707655,351.5417785644531,52685500
2023-06-27 00:00:00-04:00,353.0849142436982,358.31362497396304,352.35762297453897,357.5863037109375,49428100
2023-06-28 00:00:00-04:00,355.76805334391855,360.23012057412603,355.6894094314815,358.28411865234375,46498000
2023-06-29 00:00:00-04:00,357.9892028503114,358.6280720795625,355.92526531964336,357.56658935546875,46151000
2023-06-30 00:00:00-04:00,361.2423581538513,364.1319063790845,360.9278725599883,363.0802917480469,58712500
2023-07-03 00:00:00-04:00,363.7192295463051,364.5644566744181,362.6381006665026,363.9354553222656,19432900
2023-07-05 00:00:00-04:00,362.372725830964,365.62592029282894,362.33340387544496,363.92559814453125,34460900
2023-07-06 00:00:00-04:00,360.220251816887,361.5962201137862,358.26438224364455,361.1539306640625,49374700
2023-07-07 00:00:00-04:00,360.92792588819304,364.12215218790664,359.7288612774692,359.95489501953125,47133700
2023-07-10 00:00:00-04:00,359.67971589726346,360.7510067003448,357.1734886966623,360.0728454589844,48498800
2023-07-11 00:00:00-04:00,360.4954841759857,362.3039041308839,358.3627105914411,361.851806640625,38214100
2023-07-12 00:00:00-04:00,365.9501931335994,367.7684509021404,363.9451935946004,366.4219665527344,61975400
2023-07-13 00:00:00-04:00,369.5965346545085,373.46892209273324,369.0166633368068,372.6433410644531,46960000
2023-07-14 00:00:00-04:00,373.0757626248382,376.2896345835833,371.68995636908795,372.564697265625,55148500
2023-07-17 00:00:00-04:00,373.28223122359674,376.91874743367106,372.8006497232177,376.04400634765625,40868900
2023-07-18 00:00:00-04:00,375.4051399126897,380.48643025096686,373.4787840563649,379.1202697753906,55262000
2023-07-19 00:00:00-04:00,380.18170336657397,381.32179994850327,377.7049304495396,379.0317687988281,54093000
2023-07-20 00:00:00-04:00,376.0439558023817,377.50840607614344,369.27221176229006,370.29437255859375,71941700
2023-07-21 00:00:00-04:00,372.6728429155879,373.4001640896318,368.7513253445873,369.18377685546875,60499600
2023-07-24 00:00:00-04:00,370.15675956883325,371.1002764580917,367.9158882106813,369.7734680175781,40380100
2023-07-25 00:00:00-04:00,370.48111172850344,373.9406936381096,370.46143575568584,372.2796936035156,38894400
2023-07-26 00:00:00-04:00,371.2378700393192,372.7317742066789,368.74145110717086,371.0412902832031,47075700
2023-07-27 00:00:00-04:00,376.4960914801021,378.10793162303287,368.8692522842773,370.1567687988281,63940200
2023-07-28 00:00:00-04:00,374.206049043493,377.9211786460314,373.69498364625855,376.8990478515625,56902900
2023-07-31 00:00:00-04:00,377.2037699714263,378.2750608303682,375.77864149278133,377.09564208984375,44019900
2023-08-01 00:00:00-04:00,375.7491432709596,376.97769191496076,374.1569490273522,376.2209167480469,41060600
2023-08-02 00:00:00-04:00,372.7515087651388,372.7515087651388,366.72670121894356,367.965087890625,72687100
2023-08-03 00:00:00-04:00,365.5571082205294,369.4983018652998,365.39001240778197,367.3753662109375,47666400
2023-08-04 00:00:00-04:00,369.30171945598914,371.6113968871545,365.1541380670017,365.6553955078125,61702800
2023-08-07 00:00:00-04:00,367.4638261668701,368.84963266580394,365.13450268771936,368.7513427734375,37230400
2023-08-08 00:00:00-04:00,366.24508962124304,366.2647356007834,362.490637952567,365.6160583496094,44726500
2023-08-09 00:00:00-04:00,365.9010914931724,366.05834931171427,360.83947730891896,361.59625244140625,51150900
2023-08-10 00:00:00-04:00,364.6036873595908,367.93549508025467,360.7411383228196,362.2645263671875,72035300
2023-08-11 00:00:00-04:00,359.70918530416867,361.6847010137196,358.4315067818279,359.95489501953125,48707200
2023-08-14 00:00:00-04:00,359.1587440602677,364.1122595771322,358.4412909951128,363.99432373046875,42130800
2023-08-15 00:00:00-04:00,363.02135465299926,363.8174817408834,359.4634827031511,360.1318359375,45539900
2023-08-16 00:00:00-04:00,359.59126072419207,361.12448699666004,356.2201305221544,356.31842041015625,53190500
2023-08-17 00:00:00-04:00,357.71400821234437,358.058007797812,352.01355505893343,352.42633056640625,62604300
2023-08-18 00:00:00-04:00,349.1633272225095,353.2421023084122,348.6227478776219,351.98406982421875,61191400
2023-08-21 00:00:00-04:00,353.4485407972548,358.33325161164004,352.9866052878671,357.65509033203125,50696500
2023-08-22 00:00:00-04:00,360.2595642550805,360.269402241501,356.4559827490985,357.14398193359375,44530200
2023-08-23 00:00:00-04:00,358.3233759596713,363.86660148965944,358.1071502121783,362.775634765625,51770600
2023-08-24 00:00:00-04:00,366.24509019972004,366.3433500914388,354.81466936489005,355.02105712890625,66842500
2023-08-25 00:00:00-04:00,355.85652272428956,359.46352504551834,352.42639423006847,357.7730407714844,69960500
2023-08-28 00:00:00-04:00,360.6920066314646,361.3996517770629,357.99903788003854,360.4659729003906,40910000
2023-08-29 00:00:00-04:00,360.2694025048502,368.6923385554893,359.94507888520656,368.3385009765625,58492400
2023-08-30 00:00:00-04:00,368.4465766948579,370.9724793526567,367.44406202468116,370.392578125,41731500
2023-08-31 00:00:00-04:00,370.471296535716,373.2035874718416,370.402490614343,371.5032653808594,35730700
2023-09-01 00:00:00-04:00,373.87188211383943,374.2944956090259,369.6260112017312,371.110107421875,39801200
2023-09-05 00:00:00-04:00,370.30417020396686,372.800589196893,369.380299316676,371.5818786621094,32344200
2023-09-06 00:00:00-04:00,370.805440073003,371.149439669224,366.3040513379726,368.30902099609375,42998700
2023-09-07 00:00:00-04:00,363.8567300824944,366.4514388140844,362.8149233931356,365.67498779296875,52060700
2023-09-08 00:00:00-04:00,365.62590082593965,368.41715964189956,365.2229332864503,366.18609619140625,35800100
2023-09-11 00:00:00-04:00,369.2132160323528,371.0117977846171,367.2475384918476,370.500732421875,39936600
2023-09-12 00:00:00-04:00,368.8299383335772,370.4811304591035,366.10748541432696,366.39251708984375,41391000
2023-09-13 00:00:00-04:00,366.6284346570997,369.39020987536315,365.4981757945069,367.7881774902344,46300700
2023-09-14 00:00:00-04:00,369.5376520057161,371.7785238835873,367.47371395562885,370.7956848144531,48039400
2023-09-15 00:00:00-04:00,369.45898724728664,369.8619548094555,363.5127937007819,364.4465026855469,69811200
2023-09-18 00:00:00-04:00,363.5075394553146,365.93866706384733,363.2220951509311,364.8264465332031,36903500
2023-09-19 00:00:00-04:00,363.5074962674378,364.84607760693416,361.0271378460605,364.048828125,37621700
2023-09-20 00:00:00-04:00,365.11188593011985,365.4662057206334,358.72400713649756,358.8027648925781,45514200
2023-09-21 00:00:00-04:00,355.12154499734396,355.9089722370328,352.0605060828978,352.2278137207031,69734800
2023-09-22 00:00:00-04:00,353.9700308914129,356.10586190471264,351.9621286645115,352.277099609375,51589700
2023-09-25 00:00:00-04:00,351.31250337092115,354.0389273640815,350.3282417213544,353.9503173828125,39168000
2023-09-26 00:00:00-04:00,351.37156116070526,351.9129230972597,347.65105327925147,348.63531494140625,53657700
2023-09-27 00:00:00-04:00,349.78688532316824,351.36170985960024,345.8301345452568,349.4522399902344,56066000
2023-09-28 00:00:00-04:00,348.536874378989,354.50152754238655,347.68057155948935,352.3755187988281,56453300
2023-09-29 00:00:00-04:00,355.84993269784667,357.23774510147166,351.4010512242257,352.6313781738281,64829600
2023-10-02 00:00:00-04:00,352.8971784631042,356.9720060523361,352.2869410494211,355.5743713378906,51625100
2023-10-03 00:00:00-04:00,353.1333414353524,355.3282554041325,347.71990315980014,349.3341064453125,60478500
2023-10-04 00:00:00-04:00,350.1707021569454,354.9345242004373,349.708098051623,354.08807373046875,54786700
2023-10-05 00:00:00-04:00,354.07826248177054,354.48181334692805,349.55068309904425,353.0447998046875,45897400
2023-10-06 00:00:00-04:00,350.05264964515703,360.15118378118626,349.2652523404519,358.9602355957031,75049100
2023-10-09 00:00:00-04:00,356.597960109658,361.3322559289201,355.1018933143861,360.7909240722656,45304800
2023-10-10 00:00:00-04:00,361.12556647967915,365.436636991541,360.62361350091794,362.7889709472656,46968800
2023-10-11 00:00:00-04:00,364.1177707543256,365.5646366351608,362.39531280272575,365.37762451171875,38215100
2023-10-12 00:00:00-04:00,365.87956850775583,367.8579138612387,361.71613120455214,364.1078796386719,49587900
2023-10-13 00:00:00-04:00,364.7378190364302,365.3185297611744,358.13340224170594,359.53106689453125,52469900
2023-10-16 00:00:00-04:00,360.8500317257421,364.64929763429143,360.7023984732574,363.59613037109375,44201100
2023-10-17 00:00:00-04:00,360.0527212874597,364.0980519457113,357.93656492665207,362.4051208496094,50999100
2023-10-18 00:00:00-04:00,359.91497339834217,362.11970989850084,356.3223943198003,357.6511535644531,54280500
2023-10-19 00:00:00-04:00,359.0685105524273,360.2594588062133,353.5074379211459,354.3046875,72274200
2023-10-20 00:00:00-04:00,353.8027238095211,354.373612451153,348.79283505601506,349.01922607421875,72559700
2023-10-23 00:00:00-04:00,347.7003132878632,353.6058837517017,345.5939787378642,350.0723876953125,60665200
2023-10-24 00:00:00-04:00,351.88334538295214,354.2455670218574,350.1904143682358,353.47784423828125,47082100
2023-10-25 00:00:00-04:00,351.08612173446545,351.26328161200416,344.2454916580146,344.8262023925781,71190500
2023-10-26 00:00:00-04:00,343.62540266266313,344.56046319125295,336.9619624891379,338.2513427734375,78621400
2023-10-27 00:00:00-04:00,340.9777343824353,343.34980841162735,338.664713645482,339.8753662109375,63476700
2023-10-30 00:00:00-04:00,342.3556989748793,345.02306953665595,340.9974431987372,343.70416259765625,55298500
2023-10-31 00:00:00-04:00,343.7336660603702,345.72186354405744,341.1647278392773,345.34783935546875,47671900
2023-11-01 00:00:00-04:00,346.18448935280355,351.9030468160759,346.0860571858595,351.3420104980469,58992700
2023-11-02 00:00:00-04:00,355.84991038203907,357.9562143682843,354.6294056992231,357.7200012207031,58162400
2023-11-03 00:00:00-04:00,359.0094454192966,363.21223195183893,358.7830544209634,361.9228515625,53280500
2023-11-06 00:00:00-05:00,362.6905613761771,363.9602672996411,361.1354412045345,363.39923095703125,38848700
2023-11-07 00:00:00-05:00,364.44251116996185,367.7004144783928,363.24171088450566,366.83428955078125,50777400
2023-11-08 00:00:00-05:00,367.20830712864307,367.90715449646547,364.7870319858255,367.0705261230469,35663400
2023-11-09 00:00:00-05:00,367.7595489495898,368.90126606687403,363.7535966985052,364.2457275390625,53859400
2023-11-10 00:00:00-05:00,365.96817762056844,372.5824171770866,365.43666791374335,372.4347839355469,58309800
2023-11-13 00:00:00-05:00,370.8599423722135,372.3264825668153,369.3343188464061,371.2733154296875,40733500
2023-11-14 00:00:00-05:00,377.6710039696422,380.1808890311,377.14934653163624,379.2655029296875,67792600
2023-11-15 00:00:00-05:00,381.155284969226,381.6474157438796,378.19264809388204,379.5509338378906,54141400
2023-11-16 00:00:00-05:00,378.7831865533611,380.1119455665151,377.52333305315267,379.875732421875,45343500
2023-11-17 00:00:00-05:00,379.14740152203535,380.9781437125755,378.241897673309,379.96435546875,46571900
2023-11-20 00:00:00-05:00,379.97414315566067,385.24980045802454,379.97414315566067,384.59033203125,44429600
2023-11-21 00:00:00-05:00,382.8875887400645,383.104127478915,380.6139470007728,382.3560791015625,43337000
2023-11-22 00:00:00-05:00,384.42303401897493,386.8836878506186,382.91711507550013,383.9210510253906,44121000
2023-11-24 00:00:00-05:00,383.51751122375975,384.1080741677964,382.3856164361023,383.3797302246094,15718800
2023-11-27 00:00:00-05:00,382.8876500230149,384.9939544223412,382.16912817517203,383.0451354980469,34139700
2023-11-28 00:00:00-05:00,382.2970268974436,384.62972193238,381.9426771250106,384.04901123046875,35491100
2023-11-29 00:00:00-05:00,386.50963508582805,387.9368262175739,383.33045975697513,383.6749572753906,38811700
2023-11-30 00:00:00-05:00,383.94077629753497,384.4033804806494,379.74784203838783,382.71044921875,52834400
2023-12-01 00:00:00-05:00,381.6474431647872,384.3935414950963,379.99389085209225,383.802978515625,40490100
2023-12-04 00:00:00-05:00,380.01353822930184,380.5155212317235,376.6375283217996,380.23992919921875,51186900
2023-12-05 00:00:00-05:00,378.34028879793397,382.38558910649584,378.1630989012916,381.19464111328125,42933000
2023-12-06 00:00:00-05:00,384.1277451859132,384.2261773485947,378.64543116817373,378.9898986816406,41994100
2023-12-07 00:00:00-05:00,381.9624351866648,385.1120545223201,380.86988910871304,384.2852783203125,49593500
2023-12-08 00:00:00-05:00,382.5529786032287,386.44079399552544,382.36596649169275,385.9978942871094,46687500
2023-12-11 00:00:00-05:00,385.5745976420608,389.56087481431933,385.3679111336152,389.29510498046875,41198000
2023-12-12 00:00:00-05:00,389.3344997805244,392.51367542874294,388.20260499540507,392.39556884765625,39221200
2023-12-13 00:00:00-05:00,393.3306498850675,397.99604066159475,392.56292697200246,397.38580322265625,55408100
2023-12-14 00:00:00-05:00,398.6062319416691,399.905434289617,394.0392441768575,397.041259765625,55447800
2023-12-15 00:00:00-05:00,397.8187634312074,400.14163594284275,397.21837839813526,398.96051025390625,62896600
2023-12-18 00:00:00-05:00,399.35309710444824,402.3709508674687,399.0276552700058,401.4734802246094,46610000
2023-12-19 00:00:00-05:00,401.92718799546697,403.6432143177387,401.739802351394,403.5248718261719,35711900
2023-12-20 00:00:00-05:00,402.7260335176809,404.8168311468239,397.3510812317631,397.5285949707031,54042400
2023-12-21 00:00:00-05:00,401.45380904002565,402.5189517146843,398.89948313848276,402.1540222167969,45568900
2023-12-22 00:00:00-05:00,403.36707150520004,404.32371344102273,400.8817888923147,402.755615234375,34314000
2023-12-26 00:00:00-05:00,403.61363564115584,405.8918189348546,403.5150068640605,405.22119140625,22722500
2023-12-27 00:00:00-05:00,405.5034136279449,406.33227692599,404.64491903161536,406.0461120605469,31980500
2023-12-28 00:00:00-05:00,407.20056141612145,407.4472479623729,405.493479675344,405.84869384765625,27029200
2023-12-29 00:00:00-05:00,405.8289987195395,406.18424303030133,402.1780255292888,404.0923156738281,42662100
2024-01-02 00:00:00-05:00,400.46110631543075,400.7077928852175,394.93532112958644,397.2541809082031,58026900
2024-01-03 00:00:00-05:00,394.6294287174648,395.6852544540013,392.61648800716534,393.0506286621094,47002800
2024-01-04 00:00:00-05:00,391.1857150566472,394.29395995431605,390.8107466354673,391.02783203125,39432800
2024-01-05 00:00:00-05:00,391.19556531681906,394.2643317193187,390.10026131361894,391.4915771484375,44922800
2024-01-08 00:00:00-05:00,392.7151405016946,399.86905099818864,392.5671345830091,399.5829162597656,42473800
2024-01-09 00:00:00-05:00,396.5831820153857,401.2998278033739,396.385820723595,400.3722839355469,39132900
2024-01-10 00:00:00-05:00,400.68812044220664,404.0923774761502,399.8000546991392,403.0859069824219,33962800
2024-01-11 00:00:00-05:00,404.3587923820562,405.75010833943963,398.88233210983117,403.92462158203125,54536200
2024-01-12 00:00:00-05:00,404.96063810423556,405.79937840440965,402.7404591342418,404.13177490234375,39595000
2024-01-16 00:00:00-05:00,402.8983611364545,405.67111570510156,401.43796583773303,404.0923156738281,43903000
2024-01-17 00:00:00-05:00,400.7867328397497,402.1878956347256,397.57980756543736,401.81292724609375,54386000
2024-01-18 00:00:00-05:00,405.0790624458076,408.0985035821571,403.7371019910327,407.5163269042969,59562500
2024-01-19 00:00:00-05:00,409.71680918810495,415.7556918630463,409.13463247146666,415.5978088378906,70325100
2024-01-22 00:00:00-05:00,417.79832130435386,419.10083385577707,415.53866348435463,416.1405944824219,44880600
2024-01-23 00:00:00-05:00,416.831207947934,418.08439494816366,414.9958743913693,417.8673095703125,33003800
2024-01-24 00:00:00-05:00,421.77483440398146,424.1528965640352,419.6927840841391,420.1861572265625,46948000
2024-01-25 00:00:00-05:00,422.68261931824196,423.3536296702719,418.36069593474804,420.69927978515625,44367200
2024-01-26 00:00:00-05:00,418.8145565309628,420.5610864517094,417.54164551043004,418.1929016113281,37137000
2024-01-29 00:00:00-05:00,418.6468527875806,422.6727946600037,417.995596599009,422.4754333496094,38694700
2024-01-30 00:00:00-05:00,421.4394001414047,422.0116998127057,418.7554486863462,419.6632385253906,36739000
2024-01-31 00:00:00-05:00,415.2721839553905,417.2654006290457,411.2659964098067,411.443603515625,64010600
2024-02-01 00:00:00-05:00,413.2395011756799,416.7819168628328,412.2724789381055,416.2885437011719,51008600
2024-02-02 00:00:00-05:00,418.1830356435856,424.53768370415844,417.1864424391243,423.3240051269531,59602400
2024-02-05 00:00:00-05:00,423.3832622919812,423.9160836378695,419.3671974329479,422.771484375,39889200
2024-02-06 00:00:00-05:00,423.9160376085168,424.5179684735846,419.5842372747902,421.9228210449219,35846100
2024-02-07 00:00:00-05:00,424.7054500501672,427.0933590723248,423.4029377945693,426.2644958496094,37712700
2024-02-08 00:00:00-05:00,426.3829751534842,427.8137694878013,425.7021478372285,427.0539855957031,29889900
2024-02-09 00:00:00-05:00,428.1886798363185,432.0468613748132,427.39929486367424,431.2574462890625,36943900
2024-02-12 00:00:00-05:00,431.1488682331389,433.3197218237021,428.88921110202125,429.570068359375,33203300
2024-02-13 00:00:00-05:00,421.6169297930613,425.5540376317795,419.6927625909073,422.8700866699219,64491700
2024-02-14 00:00:00-05:00,425.5442569952469,427.90256520413857,423.19579577332206,427.478271484375,45092700
2024-02-15 00:00:00-05:00,428.16901342001694,429.2149622005433,425.6133137308573,428.7511901855469,38796100
2024-02-16 00:00:00-05:00,429.1260933343297,429.2247438693549,424.15288377696066,424.86334228515625,53716500
2024-02-20 00:00:00-05:00,422.87014237875525,424.37986311162143,417.8870852842458,421.6564636230469,53999500
2024-02-21 00:00:00-05:00,418.9231370059664,420.05791936146005,416.04185462250535,419.9690856933594,49779000
2024-02-22 00:00:00-05:00,428.73134774848637,433.29998748267104,427.9616869153111,432.263916015625,53887800
2024-02-23 00:00:00-05:00,433.82301548242646,434.75055943637386,430.01418912468716,430.9910583496094,39853900
2024-02-26 00:00:00-05:00,431.80017024641353,432.7869165083509,430.576584404699,430.7640686035156,33043200
2024-02-27 00:00:00-05:00,431.86928088648324,432.185016827134,429.2642561126333,431.8002014160156,33713200
2024-02-28 00:00:00-05:00,429.6589511430398,430.88253708025496,428.5439229619259,429.5010681152344,32938800
2024-02-29 00:00:00-05:00,432.4218263244893,434.2571599221341,429.2543491340669,433.1816101074219,42495200
2024-03-01 00:00:00-05:00,434.06966686859715,440.6611245537349,434.01046450298435,439.7039794921875,43853000
2024-03-04 00:00:00-05:00,439.7040243935232,440.1283482078863,437.88841473208,438.1351013183594,34325700
2024-03-05 00:00:00-05:00,435.0959254018696,435.1058025012789,427.9025362866196,430.2707214355469,57917100
2024-03-06 00:00:00-05:00,434.48408568692633,436.13193494601705,431.0995535129151,432.974365234375,46234500
2024-03-07 00:00:00-05:00,436.5563328635165,440.7993301178958,435.01698085540727,439.5461730957031,44526700
2024-03-08 00:00:00-05:00,439.9013398799173,442.69384860902386,432.5303442452579,433.2013244628906,72096000
2024-03-11 00:00:00-04:00,431.71139180076773,432.8461440453612,429.6688196926347,431.5929870605469,45860000
2024-03-12 00:00:00-04:00,433.901940644511,438.1350603881726,430.67526112502065,437.77984619140625,55300900
2024-03-13 00:00:00-04:00,436.7832854213928,436.80303962166965,433.3000718539814,434.41510009765625,37928700
2024-03-14 00:00:00-04:00,435.64850056359603,436.17147490901215,430.60624131940546,433.3197937011719,52195200
2024-03-15 00:00:00-04:00,430.29050506130005,433.0533829051464,427.00462272271886,428.16900634765625,73069800
2024-03-18 00:00:00-04:00,433.4876272298241,435.77002263361766,432.0154107319482,432.2525634765625,47323800
2024-03-19 00:00:00-04:00,430.2468145521752,433.7346333318046,428.15212113029696,433.32952880859375,43004100
2024-03-20 00:00:00-04:00,434.5250629102318,438.803310427028,432.8256140023546,438.4673767089844,43653500
2024-03-21 00:00:00-04:00,443.51637126483735,443.97086631640985,440.34473575766197,440.5423278808594,39345700
2024-03-22 00:00:00-04:00,440.02851230460703,442.142925733488,439.17877277778564,441.04620361328125,28253900
2024-03-25 00:00:00-04:00,438.2500236979711,440.9276637079466,437.2521126584658,439.4455871582031,27789200
2024-03-26 00:00:00-04:00,440.967169447926,441.8860798362607,437.79553403539165,438.0227966308594,34142000
2024-03-27 00:00:00-04:00,441.1055485052493,441.2043596487488,436.64942826389364,439.5147705078125,41359200
2024-03-28 00:00:00-04:00,439.4653172142628,440.31505674341986,438.3488147734117,438.70452880859375,36839600
2024-04-01 00:00:00-04:00,439.65308146497904,442.18248976686664,437.7263698364116,439.6333312988281,38729000
2024-04-02 00:00:00-04:00,434.8214810155187,436.15535592740196,432.7959884791613,435.83917236328125,44259700
2024-04-03 00:00:00-04:00,433.71485768745384,438.6946431607458,433.7049976814608,436.8173522949219,39949800
2024-04-04 00:00:00-04:00,440.9967934965204,441.6094104504409,429.910859971514,430.13812255859375,57267700
2024-04-05 00:00:00-04:00,431.5609373498813,437.8745980464935,430.7507282504202,435.20684814453125,54744600
2024-04-08 00:00:00-04:00,436.1355849917124,437.2125569373429,433.9520007772844,435.33526611328125,28144900
2024-04-09 00:00:00-04:00,437.66708927505294,437.94374236584986,432.21305827665964,436.9458312988281,39443600
2024-04-10 00:00:00-04:00,431.77833281863883,433.9915576445621,431.0669348170311,433.1319580078125,61502200
2024-04-11 00:00:00-04:00,434.9993827274123,440.99682993017785,432.7268471276374,440.0483093261719,45474600
2024-04-12 00:00:00-04:00,435.82934357135736,436.95570613893716,431.6597667487768,433.03314208984375,53665000
2024-04-15 00:00:00-04:00,436.7778637813603,436.8667847613836,425.0694522981349,425.9093017578125,63453600
2024-04-16 00:00:00-04:00,425.75116924302756,428.57701077839033,424.5655261365261,425.94879150390625,47619000
2024-04-17 00:00:00-04:00,427.92490809219123,427.94465825778315,419.82287756668256,420.75164794921875,56880500
2024-04-18 00:00:00-04:00,421.39392278181145,423.1230122839189,417.77765197619533,418.3507385253906,46549400
2024-04-19 00:00:00-04:00,417.1748963589334,417.6985621852426,408.1342356976317,409.6953430175781,75231000
2024-04-22 00:00:00-04:00,412.3235850098198,416.1473377835961,408.9938577655325,413.8155517578125,47807700
2024-04-23 00:00:00-04:00,415.7422677634582,421.1864391995663,413.86497662605376,419.99090576171875,44384700
2024-04-24 00:00:00-04:00,423.0835051077627,424.5952221276178,419.13130059541714,421.4136962890625,48440300
2024-04-25 00:00:00-04:00,414.23046773958583,420.23783435931756,413.1436358245047,419.37823486328125,57392200
2024-04-26 00:00:00-04:00,422.51041898043206,427.38150380995216,421.8188012818527,425.85003662109375,41874900
2024-04-29 00:00:00-04:00,427.9545352500877,428.5770122057127,424.84218062488617,427.5790710449219,30022200
2024-04-30 00:00:00-04:00,425.99815221246456,427.3913076413745,419.4375097202712,419.51654052734375,43665900
2024-05-01 00:00:00-04:00,418.0937738009243,425.00027078139163,415.6335364646761,416.4832458496094,52251700
2024-05-02 00:00:00-04:00,420.2181538330717,422.6981719381448,415.60397171865054,421.7990417480469,36559000
2024-05-03 00:00:00-04:00,429.2489077059209,431.26454032422834,427.45064752834196,430.2764892578125,48515300
2024-05-06 00:00:00-04:00,432.074678486083,435.0783618871992,431.3039999331629,434.98944091796875,30227200
2024-05-07 00:00:00-04:00,435.4341190165748,436.6889330215927,434.32747648868434,435.05865478515625,30996100
2024-05-08 00:00:00-04:00,432.44030104834115,436.20477300365775,432.32170959807235,434.8017272949219,24896700
2024-05-09 00:00:00-04:00,435.06854747339855,436.32339172560376,433.2208966564502,435.75030517578125,24580100
2024-05-10 00:00:00-04:00,437.2521379272072,439.0009775019168,435.23650526025403,436.7778625488281,27116600
2024-05-13 00:00:00-04:00,438.6847746021528,438.78358573741383,436.3727387710848,437.78564453125,22994200
2024-05-14 00:00:00-04:00,437.36078681259016,441.1351490219814,437.1730547027617,440.6015930175781,34478300
2024-05-15 00:00:00-04:00,443.0717828278273,447.7353855974094,441.56006573053315,447.4883728027344,41464700
2024-05-16 00:00:00-04:00,447.30057313923777,449.2569250327754,446.41133324323863,446.5793151855469,34780400
2024-05-17 00:00:00-04:00,446.70770167002837,447.3104284305846,444.16843363827496,446.3619079589844,35803700
2024-05-20 00:00:00-04:00,446.5793218760035,450.1362815132888,446.39158976534486,449.47430419921875,24474200
2024-05-21 00:00:00-04:00,447.62663741534305,450.54136979919565,447.42901515243744,450.3536376953125,23167700
2024-05-22 00:00:00-04:00,450.6105944327446,451.36152293797704,447.66619122011053,450.2647705078125,25120000
2024-05-23 00:00:00-04:00,455.04694507409687,455.0765854024799,446.4509181608015,448.2392883300781,40899200
2024-05-24 00:00:00-04:00,449.84974703722804,453.7426703791155,448.15029811562783,452.47796630859375,29669500
2024-05-28 00:00:00-04:00,453.6932608661482,454.2465670260158,451.2330234712752,454.1872863769531,26216800
2024-05-29 00:00:00-04:00,450.0375023855627,452.7645027751896,449.899160765381,450.98602294921875,29739200
2024-05-30 00:00:00-04:00,450.05723247359657,450.19557408760653,444.8304342178574,446.1544189453125,30536800
2024-05-31 00:00:00-04:00,446.3817152995183,447.07336311604297,437.76590868384545,445.3244934082031,55941300
2024-06-03 00:00:00-04:00,449.1383414785647,450.136252464962,442.54802817081566,447.7155456542969,32997500
2024-06-04 00:00:00-04:00,447.4586887576052,450.1362987474651,445.73948952356676,448.9407653808594,23767400
2024-06-05 00:00:00-04:00,452.507661370221,458.07036382987604,448.9803116462065,457.9913330078125,33817400
2024-06-06 00:00:00-04:00,458.67307087921665,458.9892544596683,456.6673284046728,457.8332214355469,21966800
2024-06-07 00:00:00-04:00,457.467661590533,460.17491196915165,456.3215186904431,457.4281311035156,25829700
2024-06-10 00:00:00-04:00,456.3017436759834,459.6314708938704,456.01520042833266,459.2757568359375,20660800
2024-06-11 00:00:00-04:00,458.001193404112,462.5462342770449,456.5092266656226,462.4276428222656,22053300
2024-06-12 00:00:00-04:00,466.3502419815798,470.80636221517653,465.658624284143,468.48443603515625,34532600
2024-06-13 00:00:00-04:00,472.01173265680745,472.6737401049363,468.7511763645749,471.023681640625,25859000
2024-06-14 00:00:00-04:00,470.8260932107854,473.5333736936647,470.36170799369097,473.4642028808594,23372600
2024-06-17 00:00:00-04:00,473.7310065268115,481.0425791696818,472.4268018958803,479.26409912109375,37054500
2024-06-18 00:00:00-04:00,479.21463933122305,480.09398906770866,477.65350181941676,479.4122314453125,24438600
2024-06-20 00:00:00-04:00,480.6077834849521,481.0227480217305,473.8890185540874,475.7169189453125,33918700
2024-06-21 00:00:00-04:00,475.44026293593026,476.7741378160484,472.9503852718537,474.44232177734375,37456800
2024-06-24 00:00:00-04:00,473.2172505120753,474.9490883159995,468.90251482270855,469.0410461425781,37751000
2024-06-25 00:00:00-04:00,471.129109923321,474.7016290052878,470.1889574276186,474.4047546386719,29014700
2024-06-26 00:00:00-04:00,473.583311724655,475.928739825408,473.1676876466421,475.3844299316406,22737100
2024-06-27 00:00:00-04:00,475.1370763918568,478.0861593754013,474.32557950230506,476.6116027832031,26222100
2024-06-28 00:00:00-04:00,477.4033117975724,482.1436072423702,473.49429478929665,474.1375427246094,34881600
2024-07-01 00:00:00-04:00,475.05793318372764,477.4824878396145,471.3171649653183,476.9184265136719,24898300
2024-07-02 00:00:00-04:00,475.42405251727433,481.98524767467785,475.2953968944467,481.9258728027344,26723600
2024-07-03 00:00:00-04:00,481.17380338161604,486.0724422579742,481.17380338161604,485.94378662109375,18064900
2024-07-05 00:00:00-04:00,486.78497732709985,491.4460865494729,486.48807273024266,491.0106506347656,28495900
2024-07-08 00:00:00-04:00,491.37678420928336,492.73256089290976,490.35747522663445,492.1783752441406,22109400
2024-07-09 00:00:00-04:00,493.6924409381137,494.8107179929136,491.089731729335,492.6038513183594,25614500
2024-07-10 00:00:00-04:00,494.52378120012463,498.2942369269607,493.2175036938141,497.74005126953125,28046900
2024-07-11 00:00:00-04:00,497.84889132768484,498.05670338480786,485.6369657380776,486.8244934082031,49966600
2024-07-12 00:00:00-04:00,487.39851644367485,494.4347111271838,486.9333931098234,489.6845397949219,37109400
2024-07-15 00:00:00-04:00,491.4559193387255,495.8102781057871,488.9620840273778,491.0007019042969,31151400
2024-07-16 00:00:00-04:00,492.45540439048864,493.2669012001299,488.03179545120366,491.1886901855469,25950600
2024-07-17 00:00:00-04:00,483.21237345638946,483.72696575198995,476.70067742779014,476.7699279785156,56268800
2024-07-18 00:00:00-04:00,480.49093325016867,480.6690578747681,471.32702835165105,474.51361083984375,49347400
2024-07-19 00:00:00-04:00,474.17716317121153,476.69081038315727,469.0212433135794,470.3077392578125,42042900
2024-07-22 00:00:00-04:00,476.16627496100256,478.3335484183621,472.7520687745181,477.3142395019531,40300000
2024-07-23 00:00:00-04:00,476.41370644097475,479.40235260218805,475.1568979647483,475.63189697265625,23282500
2024-07-24 00:00:00-04:00,468.90248253079744,469.2686376662744,457.7098653963061,458.5708312988281,58818600
2024-07-25 00:00:00-04:00,458.90727360561084,463.08347745644176,450.9012394618867,453.5138244628906,59256800
2024-07-26 00:00:00-04:00,457.848383450134,461.0943407799324,454.9982686823399,458.1650695800781,39992100
2024-07-29 00:00:00-04:00,460.8766312425985,463.05381067459047,456.8290828356766,459.0854187011719,28218500
2024-07-30 00:00:00-04:00,461.01518280406907,461.7178056143378,449.4365991488919,452.7815246582031,41317200
2024-07-31 00:00:00-04:00,463.01422923671885,467.88318054552457,461.56939023161044,466.1810302734375,44552100
2024-08-01 00:00:00-04:00,466.8638300127631,470.6144736045948,451.2476045693235,454.889404296875,56653900
2024-08-02 00:00:00-04:00,446.2104865521691,448.8626651255824,439.8571027508125,444.0926818847656,66323200
2024-08-05 00:00:00-04:00,420.3021625718776,437.69972643798087,419.05525994795903,430.8515319824219,87483500
2024-08-06 00:00:00-04:00,432.6922054571562,442.4300770811271,430.04990284842074,434.96832275390625,63164400
2024-08-07 00:00:00-04:00,441.85608592677744,444.3400455113918,429.8618783945526,430.2577209472656,54929200
2024-08-08 00:00:00-04:00,436.48245194310226,444.33014311023425,432.61302829327946,443.4197082519531,47890100
2024-08-09 00:00:00-04:00,442.1034884926195,447.36828199277033,440.98521139268263,445.73541259765625,33574000
2024-08-12 00:00:00-04:00,446.7052488965294,449.6543015423584,443.8946973509151,446.6953430175781,27795000
2024-08-13 00:00:00-04:00,451.08926269593627,458.0463003756158,450.9507011946519,457.7790832519531,40084500
2024-08-14 00:00:00-04:00,458.69948537304487,460.2828556615313,453.6425036465701,457.9275817871094,34733700
2024-08-15 00:00:00-04:00,463.89498501162524,469.8920888985799,463.5189240086724,469.4962463378906,38280600
2024-08-16 00:00:00-04:00,467.71489267478665,471.46556648913753,466.75495864422777,470.0998840332031,38383600
2024-08-19 00:00:00-04:00,470.23844913548015,476.314709281999,468.4571123615935,476.2751159667969,23737700
2024-08-20 00:00:00-04:00,475.36469707718084,477.92781315701507,473.5833602435094,475.275634765625,29209300
2024-08-21 00:00:00-04:00,476.0573769337116,479.34292733029224,474.3453511879504,477.4923400878906,25658800
2024-08-22 00:00:00-04:00,479.8080615794647,480.50080867680515,468.89253816247736,469.9217529296875,37739600
2024-08-23 00:00:00-04:00,474.2661580883122,477.72983304685914,470.34726573430817,475.0182800292969,36061500
2024-08-26 00:00:00-04:00,474.47403729011756,475.3943780311616,468.32846606891127,470.40667724609375,27452600
2024-08-27 00:00:00-04:00,468.77380546465093,472.8807286031664,466.8143440444415,471.81195068359375,27510000
2024-08-28 00:00:00-04:00,471.3468319839668,472.06923634933787,463.0340174366107,466.4580993652344,37372400
2024-08-29 00:00:00-04:00,468.3680414193151,472.96977514887374,464.4986179028176,465.7752380371094,41081500
2024-08-30 00:00:00-04:00,470.1098112366977,471.9504927515124,465.626826998042,471.3270263671875,33466500
2024-09-03 00:00:00-04:00,468.28892418329235,468.41754961460447,454.6420347086688,457.0171203613281,44985200
2024-09-04 00:00:00-04:00,453.9096605609189,459.62967104153984,452.97941402939506,455.8294982910156,32505100
2024-09-05 00:00:00-04:00,454.2065727199707,460.5302382843721,453.18726380172785,456.2550964355469,34452400
2024-09-06 00:00:00-04:00,455.5524424798757,456.4332200932518,443.53845342028677,444.03326416015625,50624400
2024-09-09 00:00:00-04:00,448.3579744751556,450.73306035335935,445.1516100496232,449.7434387207031,32981200
2024-09-10 00:00:00-04:00,451.50488306344096,454.40449687986967,447.53652156460316,453.8997802734375,29680300
2024-09-11 00:00:00-04:00,455.13684408962206,464.4986553607296,446.5964054047374,463.7564392089844,57843000
2024-09-12 00:00:00-04:00,463.7861380430132,469.12021274769836,462.004831315396,468.3087158203125,40067800
2024-09-13 00:00:00-04:00,467.57637427019046,471.5843292398022,467.34875045430647,470.40667724609375,29111800
2024-09-16 00:00:00-04:00,468.2789916995769,468.94202118034616,465.0132528878114,468.3284606933594,22585600
2024-09-17 00:00:00-04:00,471.3468556724097,472.64325748454945,466.082061787513,468.5758972167969,30084400
2024-09-18 00:00:00-04:00,469.7733253245315,473.8604366394035,465.9434648552166,466.5471496582031,39909200
2024-09-19 00:00:00-04:00,477.6012591522515,481.18371466250795,475.50326622193984,478.3434753417969,52782500
2024-09-20 00:00:00-04:00,477.4824523914932,478.670010233335,473.33593602484865,477.4329833984375,34577700
2024-09-23 00:00:00-04:00,478.60932938150205,479.78863625808964,477.2714569319046,478.6985168457031,24843000
2024-09-24 00:00:00-04:00,480.10571320215763,481.9589009890899,475.85429307094455,481.0075378417969,25952600
2024-09-25 00:00:00-04:00,480.3832116885974,483.40581684032236,480.2048367630411,481.4535217285156,26549900
2024-09-26 00:00:00-04:00,488.935650492815,489.26270143246154,481.4336813987619,485.0707092285156,32020200
2024-09-27 00:00:00-04:00,486.0915095677545,486.2302657998046,481.19590662379613,482.3752136230469,22851100
2024-09-30 00:00:00-04:00,481.41386237049977,484.020229062973,478.5795822480605,483.68328857421875,30281100
2024-10-01 00:00:00-04:00,483.31662795419345,483.6139194959118,473.1091848680393,476.94439697265625,42735400
2024-10-02 00:00:00-04:00,476.0426111384499,479.53099347672526,473.42635462803594,477.61834716796875,23744000
2024-10-03 00:00:00-04:00,475.42821792692047,480.19498453813804,474.6849587225523,477.2615966796875,25337200
2024-10-04 00:00:00-04:00,483.0688998990654,483.4950278786583,478.0543806808698,482.9400634765625,30686600
2024-10-07 00:00:00-04:00,481.0274369696279,482.19682413323716,476.548042370329,477.7669982910156,24975100
2024-10-08 00:00:00-04:00,480.3040015929436,485.5860835880583,479.5012840884385,484.90228271484375,28272000
2024-10-09 00:00:00-04:00,484.6049568617026,489.29245536882917,483.5644061682119,488.7176513671875,24995000
2024-10-10 00:00:00-04:00,486.4383376827158,490.0257969581118,485.13019433844016,488.1626892089844,25750400
2024-10-11 00:00:00-04:00,486.32933403584406,489.9465528845827,485.7644800473663,488.92578125,20644500
2024-10-14 00:00:00-04:00,491.3140416541778,494.3465361602604,490.80864606535613,493.02850341796875,26060100
2024-10-15 00:00:00-04:00,493.3555385326402,494.0195299441258,484.2877839012804,486.43829345703125,34784500
2024-10-16 00:00:00-04:00,486.76533460642946,487.2707604745814,483.18779530560226,486.4977722167969,22996800
2024-10-17 00:00:00-04:00,491.97807225486406,492.02761076485535,486.7752584875692,486.834716796875,27210700
2024-10-18 00:00:00-04:00,489.6194382436373,491.1158762002441,488.866259365882,490.0257568359375,25335000
2024-10-21 00:00:00-04:00,488.81674495745733,491.7699720639436,486.894178959246,490.9672546386719,30336500
2024-10-22 00:00:00-04:00,488.301460782079,492.9790396580823,487.5482818189782,491.5024108886719,26685800
2024-10-23 00:00:00-04:00,489.15364612603236,489.807717724267,480.6903945433638,483.97064208984375,39346600
2024-10-24 00:00:00-04:00,487.68697675640317,488.56899209054706,485.0409912405532,487.8951110839844,22024900
2024-10-25 00:00:00-04:00,490.68978912710674,495.7835760452956,489.98614869868027,490.8681640625,38762100
2024-10-28 00:00:00-04:00,493.9799130042475,494.0393713144082,490.65012666208736,490.9474182128906,20477800
2024-10-29 00:00:00-04:00,491.2645761995589,496.8439798063239,489.41138819730327,495.6646728515625,28014100
2024-10-30 00:00:00-04:00,494.9015658306743,495.85292901449105,491.43302334965017,491.9186096191406,29756000
2024-10-31 00:00:00-04:00,487.9546149950835,488.00415351011384,479.40217446492693,479.50128173828125,41245200
2024-11-01 00:00:00-04:00,481.13639556987664,486.33920932217706,480.83910402420423,483.0490417480469,33655800
2024-11-04 00:00:00-05:00,482.4445631601672,484.9815519553387,479.8976545652101,481.641845703125,23291600
2024-11-05 00:00:00-05:00,483.2274401655053,488.45009377025474,483.1382526974681,487.7861022949219,24353600
2024-11-06 00:00:00-05:00,496.06107920229374,501.85850679379894,495.10971593005127,501.03594970703125,43082200
2024-11-07 00:00:00-05:00,503.83053009542596,509.70725465257993,503.77107179071777,508.92431640625,32853100
2024-11-08 00:00:00-05:00,508.4288323181187,510.29193992816494,507.8044898484447,509.51898193359375,22924500
2024-11-11 00:00:00-05:00,510.7379579512957,510.94609229061626,506.3279717617133,509.22174072265625,24167500
2024-11-12 00:00:00-05:00,509.1523958719933,510.03435082691743,505.24777484581546,508.3000793457031,25835300
2024-11-13 00:00:00-05:00,507.7946721174008,510.3514400261562,505.36668014613633,507.64599609375,24567400
2024-11-14 00:00:00-05:00,507.30910276162007,508.1811681685992,503.20629738236613,504.1180419921875,28679500
2024-11-15 00:00:00-05:00,498.41964553643646,498.80612454252906,490.04558089937717,492.1069030761719,51461100
2024-11-18 00:00:00-05:00,493.6529120920853,497.6268806924794,492.265501060555,495.5259094238281,27080800
2024-11-19 00:00:00-05:00,492.94930559999926,499.42061410574536,492.6123348353257,498.93499755859375,24523000
2024-11-20 00:00:00-05:00,498.63769372570533,498.9548248827178,492.0970072679585,498.6476135253906,29565500
2024-11-21 00:00:00-05:00,501.6900305990874,502.40356062716495,493.0880515474197,500.4413757324219,34526700
2024-11-22 00:00:00-05:00,499.8863672514566,501.9773883931018,498.2610927916357,501.2440490722656,23826600
2024-11-25 00:00:00-05:00,505.3171131868859,506.8532002381663,499.727820122481,502.036865234375,26375200
2024-11-26 00:00:00-05:00,503.51346597969416,505.5549789384047,502.6711298031389,504.732421875,26557100
2024-11-27 00:00:00-05:00,503.6026837920866,503.6720316612962,497.41874708868886,500.7584533691406,24957400
2024-11-29 00:00:00-05:00,501.3827848330466,505.75315217485644,500.7683621205399,505.1585388183594,15334000
2024-12-02 00:00:00-05:00,506.4171600748149,511.6199741872277,506.03065079539806,510.6586608886719,25147200
2024-12-03 00:00:00-05:00,509.33062714398557,512.5018776266475,508.7558232504012,512.224365234375,18597900
2024-12-04 00:00:00-05:00,515.6434288103802,518.8146796626284,514.9298686374995,518.5570068359375,26086200
2024-12-05 00:00:00-05:00,518.6065744020088,519.3299939278061,516.733546890651,517.1200561523438,18169600
2024-12-06 00:00:00-05:00,517.7839983547849,521.9858801083601,517.6551619389516,521.748046875,23762600
2024-12-09 00:00:00-05:00,520.8264281316256,521.6192257616104,516.5353285463648,517.6849365234375,20674400
2024-12-10 00:00:00-05:00,518.9137744707876,520.6579655236552,514.4938385293885,515.9208984375,24350000
2024-12-11 00:00:00-05:00,520.2814024633593,525.8409663614733,519.8751140774373,525.1571655273438,32168600
2024-12-12 00:00:00-05:00,522.9373315206931,524.2058562213963,521.2922778164673,521.7679443359375,23577500
2024-12-13 00:00:00-05:00,525.6923406392922,528.3779449247531,522.5607082907461,525.76171875,28780400
2024-12-16 00:00:00-05:00,528.2887896903175,534.3042408794819,528.2094917796982,533.3330078125,31979900
2024-12-17 00:00:00-05:00,531.5393394651472,532.6492683954417,529.3294014053522,530.984375,28579100
2024-12-18 00:00:00-05:00,530.3401942657196,532.0546259876975,510.38119437057514,511.8280334472656,54703200
2024-12-19 00:00:00-05:00,516.5056307829288,517.0705149732767,509.21179579232137,509.5487060546875,46441800
2024-12-20 00:00:00-05:00,505.852260942774,520.1030209685301,504.71260298135905,513.9983520507812,60530000
2024-12-23 00:00:00-05:00,515.7106302984251,519.3833002478667,512.3159202923702,519.006103515625,29672800
2024-12-24 00:00:00-05:00,520.9516666586724,526.1330632045123,520.3163815436208,526.0437622070312,17558200
2024-12-26 00:00:00-05:00,524.4158307733787,527.3142356084127,522.4206745678785,525.6863403320312,19090500
2024-12-27 00:00:00-05:00,522.1228814363513,522.559632331355,514.0330843757536,518.6983642578125,33839600
2024-12-30 00:00:00-05:00,511.7004458401546,515.5219705176164,508.0476176252374,511.7996826171875,34584000
2024-12-31 00:00:00-05:00,513.0802618771279,513.8345947756108,506.4893152844088,507.4521484375,29117000
2025-01-02 00:00:00-05:00,510.49940358547883,512.8221380642742,501.9728857721829,506.4595031738281,36389800
2025-01-03 00:00:00-05:00,509.5564103096281,515.8099028942349,508.74252327822325,514.747802734375,29059500
2025-01-06 00:00:00-05:00,520.1475802181556,524.0187233784725,518.1722957509822,520.6636962890625,36109700
2025-01-07 00:00:00-05:00,521.7059688320093,522.1029765213256,509.4869409310254,511.37286376953125,36690300
2025-01-08 00:00:00-05:00,511.2736208982677,513.0999895323981,506.7969397096138,511.46221923828125,30777800
2025-01-10 00:00:00-05:00,507.700292461824,507.799529251394,500.1961615298894,503.4419860839844,40532500
2025-01-13 00:00:00-05:00,497.4962392396563,502.28059733248006,496.00732395497107,501.8240051269531,31694200
2025-01-14 00:00:00-05:00,504.98052179626774,506.39004165996994,497.8833646668992,501.3475646972656,33737200
2025-01-15 00:00:00-05:00,509.2388513156959,514.0231792721111,507.680415704871,512.8817138671875,34957600
2025-01-16 00:00:00-05:00,515.144815906314,515.2242416848954,509.15940797728683,509.2884521484375,28229000
2025-01-17 00:00:00-05:00,518.9861821179226,520.1971979799845,509.3181691473964,517.8843994140625,51837900
2025-01-21 00:00:00-05:00,520.6042324328826,522.0832120911833,516.2169118563148,520.921875,23628000
2025-01-22 00:00:00-05:00,525.6565483001042,529.8751413083515,525.3488415863966,527.5822143554688,33593000
2025-01-23 00:00:00-05:00,525.1304853393235,528.8230268358762,524.5448792406889,528.7039184570312,23096600
2025-01-24 00:00:00-05:00,529.0810884811151,529.8453571094432,524.2470818339253,525.7161254882812,19878300
2025-01-27 00:00:00-05:00,507.223825099109,514.1621608800974,506.3801003492405,510.4101257324219,60771700
2025-01-28 00:00:00-05:00,511.4125906777684,519.135127001106,507.9980395084438,517.9539184570312,33194200
2025-01-29 00:00:00-05:00,518.5991606876129,518.7282048637726,513.0802502522747,516.981201171875,26649000
2025-01-30 00:00:00-05:00,519.8398489654351,522.2121410225601,514.380493502768,519.1846923828125,27431300
2025-01-31 00:00:00-05:00,523.0262105298103,527.5922543320232,517.3385728083707,518.430419921875,38755200
2025-02-03 00:00:00-05:00,509.6755241871737,517.000992221849,507.27342449560086,514.28125,40580800
2025-02-04 00:00:00-05:00,514.7974890430145,521.2295844539116,514.4004206860424,520.5942993164062,26046800
2025-02-05 00:00:00-05:00,517.9638671852232,523.11551659981,516.7727228160936,522.9566650390625,21134100
2025-02-06 00:00:00-05:00,523.4629031663001,525.8948102853632,521.8548794809367,525.6863403320312,19434500
2025-02-07 00:00:00-05:00,526.2224024701397,528.1678797493125,518.3311390158517,519.0557250976562,29605500
2025-02-10 00:00:00-05:00,523.3239005134812,526.4407109622551,522.8574028177311,525.3389282226562,20852800
2025-02-11 00:00:00-05:00,522.0733504071393,526.0040485358071,521.94430621765,524.0883178710938,19325500
2025-02-12 00:00:00-05:00,518.4402137606293,525.2793115026069,518.0928244789425,524.3958740234375,25009400
2025-02-13 00:00:00-05:00,526.0635234537466,532.2574012792994,525.2793832223591,531.9398193359375,28714800
2025-02-14 00:00:00-05:00,532.0490173479468,534.8581212532781,531.7115032138299,534.1732177734375,17862600
2025-02-18 00:00:00-05:00,535.7414193270516,536.0094434356852,532.0786857068766,535.3840942382812,20565000
2025-02-19 00:00:00-05:00,534.590089236306,536.8135264180986,532.4956962288245,535.5330810546875,19666900
2025-02-20 00:00:00-05:00,534.7488027980122,535.1160636766159,528.5251788659228,533.2598876953125,26550800
2025-02-21 00:00:00-05:00,534.4014759647268,534.421347555334,521.8251218909734,522.1923828125,47093800
2025-02-24 00:00:00-05:00,523.9790766643296,525.1602852244356,515.6908057368098,516.0282592773438,39268400
2025-02-25 00:00:00-05:00,515.4029386213022,515.4823644051806,505.67537024840186,509.5267028808594,48940000
2025-02-26 00:00:00-05:00,511.72043188204816,515.8198568025589,507.5911389871664,510.757568359375,34457600
2025-02-27 00:00:00-05:00,514.3010917647001,515.2341477107384,496.35468364163813,496.57305908203125,52448000
2025-02-28 00:00:00-05:00,496.4341695072467,505.02024211700774,493.2578045883236,504.4147644042969,47654000
2025-03-03 00:00:00-05:00,507.73993161461107,509.2486881332856,489.93250314963643,493.3768615722656,44587200
2025-03-04 00:00:00-05:00,490.5280988504062,500.0174498903787,484.1356867718227,491.8879699707031,67875400
2025-03-05 00:00:00-05:00,492.5331693757525,499.9082555325708,487.6296728031353,498.30023193359375,46323700
2025-03-06 00:00:00-05:00,490.04176688317693,494.895615354215,482.60712565033873,484.59234619140625,57574300
2025-03-07 00:00:00-05:00,483.5599718062666,489.6347411717219,476.9789615630039,488.15576171875,54714700
2025-03-10 00:00:00-04:00,479.8773847046623,480.393531072757,465.1966722399011,469.2366027832031,76668000
2025-03-11 00:00:00-04:00,468.8594173402994,475.27167052229146,463.5588826960084,468.1149597167969,68760800
2025-03-12 00:00:00-04:00,475.61912817116786,477.50508157643935,468.3035955192933,473.39569091796875,46971100
2025-03-13 00:00:00-04:00,472.7306091786664,472.760386273074,462.98316971511383,464.8790588378906,46563300
2025-03-14 00:00:00-04:00,470.2292160585815,477.0087300371878,469.6237081167645,476.1153869628906,43563000
2025-03-17 00:00:00-04:00,476.06577117794853,482.2497437290607,474.26914911026887,479.2024230957031,41744400
2025-03-18 00:00:00-04:00,475.86727110411596,476.0657749736721,468.91899953639006,471.03326416015625,39072300
2025-03-19 00:00:00-04:00,473.28646764378425,481.74349565345614,471.3608014299573,477.3363342285156,40430300
2025-03-20 00:00:00-04:00,473.35596661844284,480.96927004322396,472.6611273475336,475.7183837890625,36780500
2025-03-21 00:00:00-04:00,470.57665761140777,478.0510116397219,469.4153205735283,477.2867126464844,42234900
2025-03-24 00:00:00-04:00,484.8576491349716,488.60538941404207,481.5373907904982,487.7604064941406,34567200
2025-03-25 00:00:00-04:00,488.4861096315565,490.70291186860106,487.5218407035887,490.5438537597656,26035200
2025-03-26 00:00:00-04:00,489.390696139039,490.24562966600536,479.96673847902554,481.51751708984375,34627100
2025-03-27 00:00:00-04:00,479.5591741727875,483.70451433059617,477.41193517577676,478.7738342285156,33469800
2025-03-28 00:00:00-04:00,476.9745201773356,477.6803158784236,465.2840071747282,466.16876220703125,46363800
2025-03-31 00:00:00-04:00,459.19026229129486,467.08331235256605,454.6273605455005,466.1488952636719,53000300
2025-04-01 00:00:00-04:00,464.53850295868483,470.83111314364737,461.6755476513158,469.9066162109375,41156200
2025-04-02 00:00:00-04:00,463.3654253458386,476.7260031222664,463.1069521266998,473.3361511230469,49894500
2025-04-03 00:00:00-04:00,453.7426680201873,457.35122137143543,447.47991003581626,447.996826171875,70456300
2025-04-04 00:00:00-04:00,435.5508223213529,437.76762470061965,420.1722412109375,420.1722412109375,117088400
2025-04-07 00:00:00-04:00,406.24500940343484,440.52125924890055,400.01207316550386,421.1861877441406,161557000
2025-04-08 00:00:00-04:00,435.5706616527368,440.52124286102435,407.3683213181599,413.60125732421875,101248100
2025-04-09 00:00:00-04:00,413.11415290728195,465.06529634282225,412.97496569005153,463.2461242675781,142876900
2025-04-10 00:00:00-04:00,450.8796973929854,452.8976999510687,430.0733899256375,443.5433044433594,108384100
2025-04-11 00:00:00-04:00,442.0223093443537,453.09649143953806,438.7219217931667,451.7146911621094,52483800
2025-04-14 00:00:00-04:00,461.7152208667026,462.3017305650004,449.95514472763216,454.7764892578125,43941200
2025-04-15 00:00:00-04:00,455.83024573579985,459.64754944257936,453.4543549864483,455.2834777832031,35404200
2025-04-16 00:00:00-04:00,446.37639807774553,449.9451788691767,435.17301051795084,441.5550537109375,48980600
2025-04-17 00:00:00-04:00,444.52738951906616,445.10394856637134,438.7516967485791,441.47552490234375,44837000
2025-04-21 00:00:00-04:00,435.6402443758458,436.4851969411389,425.40109511314887,430.55047607421875,44149300
2025-04-22 00:00:00-04:00,436.22677695266526,444.9349886334612,435.03385628214005,441.85333251953125,52304400
2025-04-23 00:00:00-04:00,455.46243104941027,460.641633756553,450.20368411807647,451.8737487792969,55801100
2025-04-24 00:00:00-04:00,453.7823774307529,464.89630034955155,453.13619442842605,464.588134765625,45956100
2025-04-25 00:00:00-04:00,464.2104027176438,470.29423120888106,462.63975320893314,469.7673645019531,38697100
2025-04-28 00:00:00-04:00,470.2346173749268,472.0040972114499,463.2759840321813,469.6182861328125,33550800
2025-04-29 00:00:00-04:00,467.3915381780168,473.60460372916896,466.81494870601875,472.7198486328125,30613100
2025-04-30 00:00:00-04:00,464.36944608517086,474.37994353629085,459.6972091439361,472.66015625,46810600
2025-05-01 00:00:00-04:00,480.5532529218463,484.30096287876717,477.89901815565884,478.8334655761719,43316500
2025-05-02 00:00:00-04:00,483.66477784831574,488.00894827712347,481.9648613296433,485.94122314453125,39218100
2025-05-05 00:00:00-04:00,481.73622270162116,486.14003597307794,481.2391774925475,483.058349609375,28309500
2025-05-06 00:00:00-04:00,476.7260205679887,482.1835675083398,475.36412148604,478.5650939941406,32786300
2025-05-07 00:00:00-04:00,479.2311171129095,482.9291348492083,473.9624497932624,480.44390869140625,38006300
2025-05-08 00:00:00-04:00,485.642990937839,489.78836133137906,481.30877127503675,485.4044189453125,39577600
2025-05-09 00:00:00-04:00,487.31305654497106,488.63521379310254,483.326774588034,485.0863037109375,27767400
2025-05-12 00:00:00-04:00,503.99391286415016,504.88861854839246,498.51649505607935,504.8488464355469,45090600
2025-05-13 00:00:00-04:00,506.15118710497205,514.3325638836975,505.41556974916824,512.543212890625,53269600
2025-05-14 00:00:00-04:00,513.7161211405411,516.1615447200978,512.7021295054291,515.6148071289062,47014500
2025-05-15 00:00:00-04:00,513.46754933804,518.845551249811,512.1254910070218,516.181396484375,50153300
2025-05-16 00:00:00-04:00,517.5831482665423,518.6170412486316,514.0441884093638,518.4281616210938,48394600
2025-05-19 00:00:00-04:00,511.201128732598,519.4421784495908,511.201128732598,518.9252319335938,52536200
2025-05-20 00:00:00-04:00,516.4000527652197,517.8514464284522,513.6066614830175,517.1953735351562,42517600
2025-05-21 00:00:00-04:00,513.2190709308395,519.9092799162278,508.21876708820884,510.00811767578125,71292800
2025-05-22 00:00:00-04:00,510.6245069423915,514.6506220653856,509.2725584046473,510.9625244140625,55607200
2025-05-23 00:00:00-04:00,503.1886765918508,508.8152319544728,502.59221627823973,506.2305908203125,58368100
2025-05-27 00:00:00-04:00,513.099785560271,518.6269257716245,511.5490069592283,518.1397705078125,47226300
2025-05-28 00:00:00-04:00,519.0940785672615,520.5852140545883,515.3264980787542,515.8433837890625,46637200
2025-05-29 00:00:00-04:00,523.21968658337,523.3687637584553,514.2629211840699,516.8574829101562,58513300
2025-05-30 00:00:00-04:00,516.3703642123456,517.6030267064441,508.9047349583655,516.0422973632812,67662800
2025-06-02 00:00:00-04:00,514.1832909592489,520.3566139720011,512.9207767791972,520.1180419921875,44762800
2025-06-03 00:00:00-04:00,520.4660102317107,525.6153916465726,519.6011563664897,524.1838989257812,44070300
2025-06-04 00:00:00-04:00,524.8896842213366,526.708886650537,522.8617009643712,525.6452026367188,41359300
2025-06-05 00:00:00-04:00,527.0468212855055,529.8998557728775,519.5712423411791,521.6886596679688,61031200
2025-06-06 00:00:00-04:00,526.8679353376542,528.6572860020211,525.0885352856423,526.7883911132812,42467000
2025-06-09 00:00:00-04:00,527.0070935472497,529.2039944759547,525.8837665533798,527.5637817382812,33688700
2025-06-10 00:00:00-04:00,528.0309659877803,531.7389643345455,525.7644714899908,531.0530395507812,40664800
2025-06-11 00:00:00-04:00,532.4546626717411,533.6078414430042,526.9772151943893,529.2636108398438,53701000
2025-06-12 00:00:00-04:00,527.9514667987352,531.4804753804111,527.7029442130614,530.5062255859375,34104900
2025-06-13 00:00:00-04:00,524.5616632957901,528.7269048823287,522.6231747023902,523.845947265625,55814400
2025-06-16 00:00:00-04:00,527.3649873706377,532.2062030416474,527.3152949826874,531.132568359375,37622100
2025-06-17 00:00:00-04:00,528.5678317630843,530.1782533672921,524.7902396796701,525.953369140625,42180900
2025-06-18 00:00:00-04:00,526.9673174269449,529.4028511373086,524.2833217813045,525.8638916015625,43983500
2025-06-20 00:00:00-04:00,529.1145785233912,530.4068839390565,521.7781863439574,523.7166748046875,61643500
2025-06-23 00:00:00-04:00,524.2849177292203,529.6192118620138,521.1400908129034,529.1017456054688,50666100
2025-06-24 00:00:00-04:00,534.3166475371182,538.1083833993794,533.6996241180443,537.1928100585938,45442000
2025-06-25 00:00:00-04:00,539.4618115177252,540.7058200544818,536.7946645040316,538.5661010742188,44804200
2025-06-26 00:00:00-04:00,540.745568102249,544.0496618306095,538.9243834682991,543.601806640625,43811400
2025-06-27 00:00:00-04:00,544.6369129629151,547.3538082383178,541.9299187322695,545.4629516601562,57577100
2025-06-30 00:00:00-04:00,548.6177271894713,550.150323841353,546.3785118204822,548.9959106445312,45548700
2025-07-01 00:00:00-04:00,547.0950823478822,548.0704264374054,542.0493759591154,544.3682250976562,56166700
2025-07-02 00:00:00-04:00,543.5421378206258,548.3589656247289,543.5023514145969,548.159912109375,36538300
2025-07-03 00:00:00-04:00,550.528547956803,554.5292991491806,550.528547956803,553.553955078125,26443500
2025-07-07 00:00:00-04:00,550.8668816007689,551.682958457329,546.9457644201566,549.384033203125,45349300
2025-07-08 00:00:00-04:00,550.7276203014773,551.3546055319305,548.4585193260065,549.692626953125,36153300
2025-07-09 00:00:00-04:00,551.8222657361728,554.957191559505,550.448875446199,553.5838012695312,43045500
2025-07-10 00:00:00-04:00,554.2207589895446,554.6287670725607,550.1005880395711,552.7876586914062,34710900
2025-07-11 00:00:00-04:00,550.6479296881262,553.1259849885996,549.4039211443059,551.5436401367188,39618600
2025-07-14 00:00:00-04:00,551.3346156245823,554.2804496744797,548.9859421113066,553.5440063476562,36453300
2025-07-15 00:00:00-04:00,557.5646229155932,558.1119745200461,553.9918036921638,554.051513671875,43277700
2025-07-16 00:00:00-04:00,554.608995438005,557.5249447079008,548.9163797161671,554.618896484375,52314700
2025-07-17 00:00:00-04:00,555.3453275516479,559.6147429299454,554.5392124594489,559.107177734375,40423800
2025-07-18 00:00:00-04:00,560.4208944407413,562.0231629422733,557.2959302535468,558.56982421875,50484700
2025-07-21 00:00:00-04:00,559.3958946507648,563.3468370391857,559.3660092861638,561.4658813476562,39595200
2025-07-22 00:00:00-04:00,561.5952444003194,561.6449925970527,555.9325146805868,558.5598754882812,43270600
2025-07-23 00:00:00-04:00,559.6446191045442,561.1473303500087,556.8978386154415,561.1075439453125,40215300
2025-07-24 00:00:00-04:00,562.4212388074466,563.5259038068097,560.590031519654,562.3018188476562,42275500
2025-07-25 00:00:00-04:00,562.2222340881906,564.9789766749151,561.5654242523398,563.6553344726562,30630800
2025-07-28 00:00:00-04:00,565.0187630549528,566.3125198933016,564.1529379000713,565.4168701171875,31498700
2025-07-29 00:00:00-04:00,568.0243008153843,569.3678058353573,563.8145950597007,564.5410766601562,45463300
2025-07-30 00:00:00-04:00,565.4566306884598,567.88493787487,562.3416283337683,565.2974243164062,43433800
2025-07-31 00:00:00-04:00,571.7861083195327,571.8757036606775,561.1672684870435,562.3018188476562,64613600
2025-08-01 00:00:00-04:00,556.1514446022372,556.3405363278684,549.0356915374143,551.2251586914062,69400800
2025-08-04 00:00:00-04:00,556.3703965814645,561.6151562999452,556.2709001900665,561.3961791992188,47669800
2025-08-05 00:00:00-04:00,562.6800492447384,563.8444243211386,557.047144120063,557.5845947265625,48666600
2025-08-06 00:00:00-04:00,558.4205728770752,565.0387235781728,557.9428929652461,564.600830078125,41823700
2025-08-07 00:00:00-04:00,568.9298809926769,570.5719965866228,562.4013265086303,566.5115356445312,44463000
2025-08-08 00:00:00-04:00,567.7158183687225,572.0151196938974,567.4172684314073,571.796142578125,35255500
2025-08-11 00:00:00-04:00,571.9353942373868,574.0352659921666,568.8303539029688,570.1041870117188,33112900
2025-08-12 00:00:00-04:00,572.4031383383943,577.568264258411,569.7459530883017,577.2697143554688,42143300
2025-08-13 00:00:00-04:00,579.9667943828545,580.5241078283162,576.1650966595718,577.5584106445312,41209300
2025-08-14 00:00:00-04:00,575.5082052969016,579.0909254041386,575.139922905491,577.1104736328125,45425000
2025-08-15 00:00:00-04:00,577.0209851959504,577.060832349756,572.8112791786587,574.5728149414062,49480200
2025-08-18 00:00:00-04:00,573.6771004174088,575.0007426774456,572.4828399211221,574.3438720703125,29831000
2025-08-19 00:00:00-04:00,573.6272360152775,573.7964041556768,565.5262384524466,566.5513305664062,53752600
2025-08-20 00:00:00-04:00,565.6059063070504,565.7253262654696,556.1614033493433,563.1875610351562,76781100
2025-08-21 00:00:00-04:00,561.6450181787756,563.774775630925,558.2911756152315,560.5802001953125,46436900
2025-08-22 00:00:00-04:00,561.9634564557491,571.238791941298,560.5702032580724,569.2284545898438,51502100
2025-08-25 00:00:00-04:00,567.6661203876056,570.5422225712209,566.4320126331755,567.5864868164062,34044700
2025-08-26 00:00:00-04:00,567.0987131018536,570.1738681264644,566.0736209319145,569.8653564453125,34103000
2025-08-27 00:00:00-04:00,568.8503542214644,571.6567843025553,567.6361701841732,570.7412109375,36927100
2025-08-28 00:00:00-04:00,571.3581690220095,575.2295381040836,569.716114225579,574.31396484375,46787900
2025-08-29 00:00:00-04:00,571.9055458127416,572.273828233091,565.8148847062891,567.666015625,56030400
2025-09-02 00:00:00-04:00,558.6195961337324,563.257233673264,556.8580604404501,562.908935546875,65876800
2025-09-03 00:00:00-04:00,566.5015849549442,568.9597775003773,564.0135677896833,567.3375854492188,54230200
2025-09-04 00:00:00-04:00,568.0043701424134,572.8410610450118,566.3026052373926,572.4728393554688,47526300
2025-09-05 00:00:00-04:00,577.7076484747704,578.3346336864022,568.7906334517568,573.2988891601562,68342500
2025-09-08 00:00:00-04:00,575.5977945125156,578.0559870759845,575.0006946855148,576.0953979492188,46371400
2025-09-09 00:00:00-04:00,576.8915385805233,578.1554707195171,574.274139701763,577.7275390625,44007600
2025-09-10 00:00:00-04:00,580.942094267134,580.9719796320359,575.7769677758832,577.9166870117188,49308000
2025-09-11 00:00:00-04:00,580.4444560297375,582.0766099053841,578.8322257294989,581.2804565429688,44745800
2025-09-12 00:00:00-04:00,582.2358530939185,585.0423439865303,581.3003561297145,583.8480834960938,50745900
2025-09-15 00:00:00-04:00,585.6195335974215,588.9534523182087,585.4702282697297,588.843994140625,44360300
2025-09-16 00:00:00-04:00,589.7695130089575,590.018314719858,587.6596793599289,588.3463745117188,36942100
2025-09-17 00:00:00-04:00,588.2668225233333,588.913731358415,581.5690989748401,587.172119140625,69384800
2025-09-18 00:00:00-04:00,592.0585449007204,595.2731046813599,590.1179399259114,592.4666137695312,61069300
2025-09-19 00:00:00-04:00,594.4669572446983,597.1738908683575,592.9940097211341,596.4772338867188,58196100
2025-09-22 00:00:00-04:00,595.56457167487,600.6759063866804,595.5446250028239,600.0083618164062,57154800
2025-09-23 00:00:00-04:00,600.1777560752951,600.3770403666388,594.8073576106723,596.02294921875,64635500
2025-09-24 00:00:00-04:00,597.3979183069385,597.7167610032964,591.2005236200914,593.9305419921875,49850300
2025-09-25 00:00:00-04:00,590.0447574609248,592.9541133753095,586.358211090951,591.3699340820312,70920200
2025-09-26 00:00:00-04:00,592.1869260081028,594.1298414316656,588.9089213733314,593.801025390625,54337400
2025-09-29 00:00:00-04:00,596.929586249639,599.858888854889,595.2357610619866,596.5509643554688,48332900
2025-09-30 00:00:00-04:00,596.2521164355429,598.5238479838199,593.9305790157047,598.18505859375,46533800
2025-10-01 00:00:00-04:00,594.9966151966095,601.592517201177,594.1696797218984,601.0545043945312,46899600
2025-10-02 00:00:00-04:00,604.8506282086944,604.9502399376884,600.7356543050928,603.5254516601562,43765400
2025-10-03 00:00:00-04:00,604.3027001978111,605.1197232184186,599.2013385970163,600.9848022460938,46482100
2025-10-06 00:00:00-04:00,606.2355880916678,607.1422494333636,603.7645725777412,605.498291015625,41962100
2025-10-07 00:00:00-04:00,606.8035324139453,607.4910236381941,600.835342343377,602.3099365234375,58209500
2025-10-08 00:00:00-04:00,603.2066381307736,609.523591030116,603.0572205300643,609.2147216796875,50629800
2025-10-09 00:00:00-04:00,609.2545466200572,609.3840783602061,605.2691043090726,608.4774169921875,45551000
2025-10-10 00:00:00-04:00,609.174937229752,610.9484275974415,586.9062397942465,587.3546142578125,97614800
2025-10-13 00:00:00-04:00,597.497493628088,600.7556121211176,595.056398092238,599.8190307617188,65872600
2025-10-14 00:00:00-04:00,593.1434568492728,600.4966033203683,587.9823159734815,595.8236694335938,69203200
2025-10-15 00:00:00-04:00,601.8117836952674,604.4919961772353,593.7611729131481,600.0282592773438,62805500
2025-10-16 00:00:00-04:00,602.9077579751356,606.0961241101174,593.3327470469682,597.806396484375,70982000
2025-10-17 00:00:00-04:00,595.7738386787643,603.306322454893,594.1995718879336,601.7320556640625,72024900
2025-10-20 00:00:00-04:00,604.9303809627713,610.5697551235123,604.8606284241672,609.3143310546875,45761700
2025-10-21 00:00:00-04:00,609.41403175621,610.4900574537519,607.1024677916307,609.1549682617188,44538200
2025-10-22 00:00:00-04:00,608.5969960402966,609.1848147458128,597.5573034367524,603.286376953125,61478800
2025-10-23 00:00:00-04:00,602.7084409478078,609.1449520725764,602.3199065464308,608.3578491210938,42844300
2025-10-24 00:00:00-04:00,613.7481193370727,616.1692681518385,612.8912638677524,614.8540649414062,47632500
2025-10-27 00:00:00-04:00,622.2471236453642,626.262425126202,621.7589166953564,625.8041381835938,54098600
2025-10-28 00:00:00-04:00,628.0658962701283,632.3701816547181,626.9599505234498,630.6165771484375,61195700
2025-10-29 00:00:00-04:00,633.2769001713006,634.6917152842577,627.9563074763624,633.4562377929688,67422800
2025-10-30 00:00:00-04:00,629.869267455657,631.1944440896802,623.6619603385896,623.7715454101562,61628600
2025-10-31 00:00:00-04:00,631.8620549483691,631.8919749599486,624.409296291661,626.7806396484375,66305100
2025-11-03 00:00:00-05:00,632.7985429356352,633.5059808284601,627.5576766411583,629.7796020507812,37154300
2025-11-04 00:00:00-05:00,621.0116391030107,624.6682653310116,616.2091739056606,616.9962768554688,63830800
2025-11-05 00:00:00-05:00,616.2391121345779,624.3195827183903,614.9638020768305,621.01171875,48688500
2025-11-06 00:00:00-05:00,619.5270737190788,619.7761638844125,608.078899450419,609.4439086914062,72115100
2025-11-07 00:00:00-05:00,606.0961466218313,607.7301926884926,596.4912153281726,607.5209350585938,81835400
2025-11-10 00:00:00-05:00,616.6675408883244,622.037939599601,614.6449603115116,620.9618530273438,55919900
2025-11-11 00:00:00-05:00,618.3115007347396,620.4536395227035,615.2726130875191,619.307861328125,44868800
2025-11-12 00:00:00-05:00,622.5659665942537,622.5858524528388,615.5615225825271,618.8196411132812,47444400
2025-11-13 00:00:00-05:00,615.2925422980531,615.8704485105809,603.8742880136988,606.1858520507812,71333600
2025-11-14 00:00:00-05:00,597.3679891941105,611.1177533949825,594.9966460866717,606.6441040039062,80087300
2025-11-17 00:00:00-05:00,604.0934805750228,610.2509824067986,597.686888568112,601.4630737304688,63850400
2025-11-18 00:00:00-05:00,597.4376601960547,600.1178722930534,589.1878271266753,594.1397094726562,83327300
2025-11-19 00:00:00-05:00,594.897031094223,603.9539148983285,592.4260762649179,597.6868286132812,73111500
2025-11-20 00:00:00-05:00,609.3940199569162,611.7952828795123,582.6218174922989,583.5384521484375,117743200
2025-11-21 00:00:00-05:00,585.3319113971087,594.807310091711,578.6264242609341,587.9224853515625,103344200
2025-11-24 00:00:00-05:00,593.1135933516537,604.4720682054578,592.9939741263881,602.9575805664062,60168100
2025-11-25 00:00:00-05:00,601.3136469136847,608.0390815394395,595.1461718391749,606.674072265625,57560900
2025-11-26 00:00:00-05:00,610.2808195033393,613.9474190856081,608.1685399702174,612.034423828125,42393600
2025-11-28 00:00:00-05:00,613.8676901015607,617.06602939224,613.1801988825557,616.9962768554688,23034400
2025-12-01 00:00:00-05:00,611.3967336448243,617.1855860502521,610.2907880213397,614.923828125,40957600
2025-12-02 00:00:00-05:00,617.2055331651553,621.4798980663827,615.3423437866954,619.7362670898438,54541800
2025-12-03 00:00:00-05:00,617.3649020590889,621.9481361371779,615.7807228836753,621.250732421875,47841600
2025-12-04 00:00:00-05:00,622.6556605829674,622.665633919662,617.285262025035,620.6729125976562,47067800
2025-12-05 00:00:00-05:00,622.1076409382764,626.6310962033638,621.440096358939,623.20361328125,53614200
2025-12-08 00:00:00-05:00,624.9273247300189,626.5513972974647,619.4273950138578,622.0079956054688,43462400
2025-12-09 00:00:00-05:00,620.7425928652799,623.5921694288306,618.7398984397635,622.775146484375,37156000
2025-12-10 00:00:00-05:00,621.5795410824109,626.920080160108,618.7299643381673,625.3258666992188,55031400
2025-12-11 00:00:00-05:00,621.5496792982444,623.5025679748155,615.4718431258982,623.3032836914062,58272800
2025-12-12 00:00:00-05:00,619.8160122611713,621.2706598008424,609.1349951238292,611.3867797851562,75158700
2025-12-15 00:00:00-05:00,616.1195138735233,616.1693197420918,607.102462393675,608.3179931640625,49538200
2025-12-16 00:00:00-05:00,606.0462710202155,611.2771638485672,604.7011478051123,609.5235595703125,55152800
2025-12-17 00:00:00-05:00,610.8288396926666,611.4167192166101,598.0953825829183,598.224853515625,70654300
2025-12-18 00:00:00-05:00,607.5806797208244,610.6992932536183,604.7111563372118,606.8931884765625,78875800
2025-12-19 00:00:00-05:00,609.722906345813,615.3722541519244,609.6431804668954,614.8043212890625,60369800
2025-12-22 00:00:00-05:00,619.8862552767364,620.1855972768566,616.3147325600856,617.7513427734375,43703100
2025-12-23 00:00:00-05:00,616.7437078609482,620.9437513214359,616.3247143117193,620.6444702148438,41120400
2025-12-24 00:00:00-05:00,620.524833532521,622.8094781897531,620.2554500580117,622.4602661132812,18468700
2025-12-26 00:00:00-05:00,623.1884327551913,624.0464530908596,621.672054895625,622.4202880859375,28959800
2025-12-29 00:00:00-05:00,618.6392040742111,621.312944373981,617.2724362589381,619.4074096679688,32458300
2025-12-30 00:00:00-05:00,618.3798323976478,620.7142858196408,617.7612369489017,617.9707641601562,31226800
2025-12-31 00:00:00-05:00,618.1903012408169,618.4995685313527,612.6034567489972,612.8628540039062,40746500
2026-01-02 00:00:00-05:00,618.5993746796253,621.3827805917631,608.7127456204436,611.6757202148438,61859200
2026-01-05 00:00:00-05:00,617.8610636312775,619.3475438678657,615.2671519649484,616.5341796875,46828400
2026-01-06 00:00:00-05:00,617.7712838046286,622.550039153126,617.0829067758982,621.951416015625,43137500
2026-01-07 00:00:00-05:00,621.5723159557587,626.4607976434537,621.0934661514185,622.550048828125,44880300
2026-01-08 00:00:00-05:00,621.5623898130801,621.9514248328863,616.3446684463296,619.0083618164062,50435900
2026-01-09 00:00:00-05:00,619.946120817708,626.4108973206594,617.6016810573577,625.173828125,49688700
2026-01-12 00:00:00-05:00,620.8440291770474,627.368601054656,620.7941591397378,625.6925659179688,37388700
2026-01-13 00:00:00-05:00,625.7923733874012,627.9871421828441,622.2307758506613,624.7647705078125,44481400
2026-01-14 00:00:00-05:00,620.7741807448011,621.9813522711377,613.1122798122711,618.0905151367188,72598700
2026-01-15 00:00:00-05:00,625.1238996016858,628.5159146085045,619.2877047511574,620.3153076171875,53934900
2026-01-16 00:00:00-05:00,624.0265108868263,624.6051616315584,617.4221104790464,619.7965087890625,61058100
2026-01-20 00:00:00-05:00,609.0918377338978,613.611135001854,605.6199939698072,606.6276245117188,81988900
2026-01-21 00:00:00-05:00,608.0342310571399,618.958448118544,606.4280383777512,614.8282470703125,79837900
2026-01-22 00:00:00-05:00,620.8838887514372,620.9936758988773,616.3247080096578,619.2976684570312,42254800
2026-01-23 00:00:00-05:00,618.2701049354484,623.9267921630139,617.1926928942361,621.2530517578125,43645800
2026-01-26 00:00:00-05:00,621.7419335987944,626.1315320367429,620.654474506515,623.9866333007812,35983000
2026-01-27 00:00:00-05:00,627.428447510711,630.5510790290263,625.8621995501378,629.6432495117188,38997200
2026-01-28 00:00:00-05:00,633.9631070350727,635.1003753282191,630.3216807638972,631.7283325195312,50691700
2026-01-29 00:00:00-05:00,631.159712042883,632.1772678570734,616.8135816536253,627.947265625,79944000
2026-01-30 00:00:00-05:00,624.2360714484229,626.780052376051,617.8411370320566,620.4050903320312,65650700
2026-02-02 00:00:00-05:00,617.2425627681274,627.0094788951942,617.2026180242116,624.6650390625,49020300
2026-02-03 00:00:00-05:00,626.8199062679399,628.4959413976924,609.5207880738473,615.0676879882812,81234000
2026-02-04 00:00:00-05:00,613.5712416010163,613.6510093064408,599.0554677378625,604.3230590820312,81850700
2026-02-05 00:00:00-05:00,598.7961590682759,603.3852988890579,593.3589849842447,595.6236572265625,89354500
2026-02-06 00:00:00-05:00,598.7761302609774,609.9696699932801,597.3594924154261,608.2138671875,78019300
2026-02-09 00:00:00-05:00,606.1088060763491,615.0078372205985,603.6446538426547,612.8728637695312,56797600
2026-02-10 00:00:00-05:00,613.8605219833995,615.566515685603,609.5706636004911,610.029541015625,53938900
2026-02-11 00:00:00-05:00,614.9280269463444,616.0653561148772,606.2584951427149,611.6657104492188,58575100
2026-02-12 00:00:00-05:00,613.2619605146361,614.3593449076634,598.1576109292407,599.22509765625,81378900
2026-02-13 00:00:00-05:00,599.0155948438262,605.0513310342399,595.0150312237765,600.5020751953125,69237500
2026-02-17 00:00:00-05:00,596.9703796848319,602.527265543405,591.9422745141455,599.8834838867188,69013800
2026-02-18 00:00:00-05:00,600.691591343514,608.3335807359596,599.3048511606997,604.3629150390625,64250700
2026-02-19 00:00:00-05:00,601.3899824064425,604.3929016136949,599.3348375008546,602.0484008789062,60960800
2026-02-20 00:00:00-05:00,598.7063226521155,608.912204870808,597.818404566386,607.3758544921875,74127300
2026-02-23 00:00:00-05:00,605.1809875790976,606.5777139403463,597.6387991893799,599.9932250976562,63859100
2026-02-24 00:00:00-05:00,600.9809641013653,607.5554060860559,598.3172099190714,606.4380493164062,55023700
2026-02-25 00:00:00-05:00,609.6305248735758,615.3769659271486,609.5606824638733,615.227294921875,55710700
2026-02-26 00:00:00-05:00,614.1398874724765,614.1398874724765,602.5571907580546,607.8048095703125,96178900
2026-02-27 00:00:00-05:00,601.5595305738112,606.8869778398549,600.7714135107487,605.859375,68125200
2026-03-02 00:00:00-05:00,597.449233707877,608.4831769130049,596.5812880631398,606.6575317382812,75264600
2026-03-03 00:00:00-05:00,594.925270014521,602.5373012472795,590.4757543096065,600.1629028320312,97015500
2026-03-04 00:00:00-05:00,602.7367763187228,611.4362666076488,602.0085154373871,609.311279296875,70943900
2026-03-05 00:00:00-05:00,605.9691332548557,611.316491745462,600.8412272682934,607.4755249023438,89602400
2026-03-06 00:00:00-05:00,598.8958365654587,604.5724349663923,596.9205203720956,598.337158203125,86302300
2026-03-09 00:00:00-04:00,592.83015152989,607.8347607375977,589.9370196014203,606.3283081054688,93068200
2026-03-10 00:00:00-04:00,606.3483040570791,611.8452732023572,603.9938171455258,606.3383178710938,64078900
2026-03-11 00:00:00-04:00,607.5155254821397,610.9873082570145,603.6047767674571,606.2584838867188,60114800
2026-03-12 00:00:00-04:00,601.3401324342583,602.7168865412752,595.6435611395323,595.8530883789062,71836600
2026-03-13 00:00:00-04:00,598.3172021392496,602.1780807449821,591.1740956767717,592.3213500976562,63145500
2026-03-16 00:00:00-04:00,598.6264723831473,602.4374809704295,597.6986704778886,598.9656982421875,49077200
2026-03-17 00:00:00-04:00,601.7192114600242,604.4727195335382,600.4521836848432,601.8887939453125,47106600
2026-03-18 00:00:00-04:00,600.0730994941966,601.7391485345295,593.1594313501803,593.4986572265625,56128000
2026-03-19 00:00:00-04:00,588.1213056121308,594.3964663870662,585.6970372512312,591.623046875,75597600
2026-03-20 00:00:00-04:00,589.6676415345306,589.777367794347,577.177115328303,580.6888427734375,91964700
2026-03-23 00:00:00-04:00,589.8718065319924,594.426798587646,585.316814476339,587.3545532226562,89936100
2026-03-24 00:00:00-04:00,584.168034177979,587.2846043834495,581.291190762444,583.3389282226562,57750900
2026-03-25 00:00:00-04:00,588.4933019738706,590.7208345412774,585.0470769253521,587.1747436523438,60475500
2026-03-26 00:00:00-04:00,581.9604215239336,583.9882223389391,572.8005050402526,573.1600952148438,81492100
2026-03-27 00:00:00-04:00,570.1834096572744,570.3932010852176,560.953562318283,561.9624633789062,82702200
2026-03-30 00:00:00-04:00,566.7571613464482,567.4264087803426,554.990063621082,557.6671752929688,70602600
2026-03-31 00:00:00-04:00,563.6705222317372,578.0048059355398,563.5906539497258,576.54638671875,95878000
2026-04-01 00:00:00-04:00,580.8416686249938,587.0948065489223,579.7828346644924,583.6685791015625,79435100
2026-04-02 00:00:00-04:00,573.3399058573888,585.4066623334502,571.2921684003409,584.3378295898438,50941700
2026-04-06 00:00:00-04:00,585.5864761740653,589.9616731281693,584.04818857967,587.85400390625,35108500
2026-04-07 00:00:00-04:00,584.9971348275072,588.33343423744,577.7650922119919,587.9439086914062,49948200
2026-04-08 00:00:00-04:00,608.0418015962135,609.2304976949432,601.4590090396181,605.4246826171875,63086000
2026-04-09 00:00:00-04:00,605.2648690435934,609.8298599139192,602.3680889271087,609.5202026367188,37837500
2026-04-10 00:00:00-04:00,611.1684052317679,612.9963525292593,608.9108762966896,610.3992309570312,34038500
2026-04-13 00:00:00-04:00,608.8109292631304,626.0519920071752,607.4424380458482,616.7122802734375,32972100
2026-04-14 00:00:00-04:00,619.5391066149297,627.909912109375,619.4192432257902,627.909912109375,49921100
2026-04-15 00:00:00-04:00,628.389443361703,637.1298380333551,627.5104045058445,636.7003173828125,50102400
2026-04-16 00:00:00-04:00,638.508341093032,641.4750515662109,634.5626649382287,639.7669067382812,42320600
2026-04-17 00:00:00-04:00,644.8813252169399,649.2864572780229,643.3629742993419,648.1376953125,53488900
2026-04-20 00:00:00-04:00,647.3285838511964,648.0478251654257,641.8146849601577,646.0799560546875,37138500
2026-04-21 00:00:00-04:00,647.6981578004061,649.4862317832127,641.5050128476822,643.6226806640625,39580500
2026-04-22 00:00:00-04:00,649.4363527672372,654.6106593494021,647.8081371457112,654.390869140625,37368400
2026-04-23 00:00:00-04:00,652.8325617169355,656.1988574654163,644.8114082493845,650.7048950195312,40099800
2026-04-24 00:00:00-04:00,657.7871447947734,663.7805584259092,655.8093378063087,663.1512451171875,45563100
2026-04-27 00:00:00-04:00,662.6718094811696,663.7006471456002,659.9647623025988,663.5008544921875,32717000
2026-04-28 00:00:00-04:00,656.6883250827437,658.9159186391063,653.0923012400261,656.8281860351562,34147900
2026-04-29 00:00:00-04:00,657.906975030037,660.9935487523345,655.8692364466933,660.84375,31724900
2026-04-30 00:00:00-04:00,664.6195670718752,668.165718724101,656.8381407338443,667.0069580078125,40622200
2026-05-01 00:00:00-04:00,668.425399726581,675.2279215792395,668.0658095505829,673.4099731445312,39172600
2026-05-04 00:00:00-04:00,673.9193717407993,675.9871067346722,668.165745937857,672.141357421875,34542000
2026-05-05 00:00:00-04:00,677.2157986999623,682.0205161358222,676.7662804889583,680.8617553710938,37101100
2026-05-06 00:00:00-04:00,687.0250065058129,695.1660231170968,685.7263848294704,695.0062255859375,38778500
2026-05-07 00:00:00-04:00,695.8153383268437,700.4701959320079,691.0106209986512,694.1771240234375,43779100
2026-05-08 00:00:00-04:00,699.1516368844667,710.44921875,698.7321150158692,710.44921875,44320400
2026-05-11 00:00:00-04:00,709.5801817559162,713.805579696499,708.1317613118729,712.5069580078125,36019100
2026-05-12 00:00:00-04:00,707.4425277497028,709.4003981235137,695.8752835015275,706.463623046875,45873000
2026-05-13 00:00:00-04:00,709.1806902070881,715.8633489513101,704.0563165931343,713.9254760742188,40012500
2026-05-14 00:00:00-04:00,713.8355094170396,721.2374091114184,713.4359241362712,718.9998168945312,33327500
2026-05-15 00:00:00-04:00,709.3604881552494,714.3450008365951,704.7754998097428,708.1517944335938,51792700
2026-05-18 00:00:00-04:00,710.7588622671137,711.2883097073819,698.0827906816122,705.1051025390625,49834500
2026-05-19 00:00:00-04:00,699.0418050981273,705.714465040699,694.4868131207006,700.7599487304688,46827500
2026-05-20 00:00:00-04:00,704.5157692199168,712.3671875,703.0174157954351,712.3671875,36779200
2026-05-21 00:00:00-04:00,708.2116871156971,716.3327671783537,705.9941534147096,713.7256469726562,36415400
2026-05-22 00:00:00-04:00,717.2817668085307,721.3273088449104,715.1640988544713,716.7523193359375,33118600
2026-05-26 00:00:00-04:00,725.1631283460116,730.3673702569255,723.3650554496121,729.4783935546875,34254700
2026-05-27 00:00:00-04:00,732.155448805963,732.515039000156,724.6436840304248,728.6492919921875,35148700
2026-05-28 00:00:00-04:00,728.9289290608506,735.7913827320126,725.6125662306399,734.79248046875,32840000
2026-05-29 00:00:00-04:00,737.0300569298091,740.815874477768,734.4428732975097,737.49951171875,37541700
2026-06-01 00:00:00-04:00,736.2309273283665,744.8315224447946,735.1820921097265,741.9246826171875,33890600
2026-06-02 00:00:00-04:00,741.5850600741305,745.6206032443648,738.4184960219842,745.3408813476562,30085200
2026-06-03 00:00:00-04:00,746.4896389980919,747.828194840854,740.1965670083828,743.39306640625,40270200
2026-06-04 00:00:00-04:00,734.6726235372454,742.6838392688934,731.815777671541,739.7969970703125,40782600
2026-06-05 00:00:00-04:00,729.2585667367451,730.8867822650427,703.5468328396532,704.2860107421875,99606600
2026-06-08 00:00:00-04:00,717.0220156925686,722.2363170978037,712.2872288217055,715.283935546875,47401500
2026-06-09 00:00:00-04:00,722.1863106332692,724.863361278284,685.6165148330579,707.052978515625,91932200
2026-06-10 00:00:00-04:00,700.8897497708573,710.4992458337158,692.1693523412803,692.9285278320312,65334300
2026-06-11 00:00:00-04:00,698.5223198057862,717.5813914617661,694.2370511794155,716.332763671875,71798900
2026-06-12 00:00:00-04:00,716.8222099862159,723.2152086039907,710.4992028084189,720.5481567382812,51168400
2026-06-15 00:00:00-04:00,737.2897407963812,743.9424640540115,736.5705604269921,743.1832885742188,46710200
2026-06-16 00:00:00-04:00,741.4351902855873,743.4029984406948,728.8390476265988,729.0587768554688,45348700
2026-06-17 00:00:00-04:00,734.38293083454,734.8723831709506,720.058646070882,721.7168579101562,51669300
2026-06-18 00:00:00-04:00,736.390778085872,741.005701773832,731.7059239216511,739.8070068359375,50154600
2026-06-22 00:00:00-04:00,742.02001953125,745.4500122070312,734.3900146484375,737.9500122070312,43518600
2026-06-23 00:00:00-04:00,715.739990234375,723.6099853515625,712.1099853515625,713.6500244140625,53354200
2026-06-24 00:00:00-04:00,715.3699951171875,719.9299926757812,704.4500122070312,710.6199951171875,52480400
2026-06-25 00:00:00-04:00,725.9000244140625,726.8300170898438,705.2999877929688,716.3800048828125,49668000
2026-06-26 00:00:00-04:00,707.1300048828125,715.5599975585938,702.8099975585938,706.52001953125,47081800
2026-06-29 00:00:00-04:00,713.989990234375,724.5800170898438,705.1699829101562,724.0800170898438,44939100
2026-06-30 00:00:00-04:00,724.1799926757812,737.6199951171875,723.9099731445312,736.4000244140625,42121800
2026-07-01 00:00:00-04:00,729.1900024414062,731.9199829101562,724.5999755859375,725.1699829101562,40803800
2026-07-02 00:00:00-04:00,725.5800170898438,730.8300170898438,707.5599975585938,712.5999755859375,50959800
2026-07-06 00:00:00-04:00,719.9299926757812,726.0800170898438,718.4500122070312,722.8200073242188,30220400
2026-07-07 00:00:00-04:00,714.1699829101562,716.3499755859375,704.9000244140625,709.4299926757812,42483100
2026-07-08 00:00:00-04:00,704.9500122070312,712.260009765625,700.9099731445312,711.4400024414062,35603200
2026-07-09 00:00:00-04:00,718.3300170898438,724.22998046875,715.1300048828125,723.280029296875,33654700
2026-07-10 00:00:00-04:00,720.7000122070312,726.3900146484375,717.0,725.510009765625,26415900
2026-07-13 00:00:00-04:00,717.719970703125,718.739990234375,710.0800170898438,711.739990234375,36552400
2026-07-14 00:00:00-04:00,720.219970703125,722.2899780273438,714.3400268554688,719.6900024414062,29448100
2026-07-15 00:00:00-04:00,723.8499755859375,724.3599853515625,710.22998046875,717.739990234375,32627600
2026-07-16 00:00:00-04:00,712.010009765625,713.5999755859375,702.6099853515625,705.9400024414062,39402000
2026-07-17 00:00:00-04:00,691.6500244140625,702.2999877929688,686.760009765625,695.3300170898438,54109300
2026-07-20 00:00:00-04:00,702.1599731445312,705.7999877929688,695.510009765625,696.0599975585938,29687600
2026-07-21 00:00:00-04:00,706.5700073242188,710.0499877929688,702.7999877929688,708.969970703125,33728300
2026-07-22 00:00:00-04:00,703.6199951171875,709.6500244140625,703.6199951171875,705.3499755859375,23692200
2026-07-23 00:00:00-04:00,694.6699829101562,698.6599731445312,687.7899780273438,691.9600219726562,44028600
2026-07-24 00:00:00-04:00,690.4099731445312,692.6300048828125,682.47998046875,684.22998046875,42876700
2026-07-27 00:00:00-04:00,691.6799926757812,692.2999877929688,675.9500122070312,682.1199951171875,42681500
2026-07-28 00:00:00-04:00,676.22998046875,679.4000244140625,667.8800048828125,675.489990234375,51398700
2026-07-29 00:00:00-04:00,675.510009765625,680.0499877929688,661.1400146484375,661.72998046875,57233300
2026-07-30 00:00:00-04:00,674.760009765625,685.1199951171875,673.2999877929688,683.5499877929688,66753700
2026-07-31 00:00:00-04:00,692.1099853515625,695.77001953125,680.0499877929688,687.989990234375,50540500
2026-08-03 00:00:00-04:00,688.2999877929688,701.5900268554688,685.8200073242188,700.0700073242188,44965100
2026-08-04 00:00:00-04:00,708.1599731445312,725.6599731445312,707.530029296875,723.8499755859375,59778600
2026-08-05 00:00:00-04:00,726.25,728.5399780273438,716.9199829101562,717.2999877929688,33540200
2026-08-06 00:00:00-04:00,710.8200073242188,719.3200073242188,708.5,714.6500244140625,33035900
2026-08-07 00:00:00-04:00,720.1500244140625,723.6300048828125,716.510009765625,723.030029296875,31070400
2026-08-10 00:00:00-04:00,722.3900146484375,724.6699829101562,720.3300170898438,720.8699951171875,26243200
2026-08-11 00:00:00-04:00,723.2899780273438,723.3499755859375,715.5,718.4500122070312,29286100
2026-08-12 00:00:00-04:00,727.0800170898438,727.25,722.9199829101562,723.7000122070312,29066000
2026-08-13 00:00:00-04:00,725.1500244140625,733.9600219726562,724.030029296875,732.0700073242188,31599700
2026-08-14 00:00:00-04:00,733.4099731445312,734.3900146484375,728.3200073242188,731.0700073242188,23790600
2026-08-17 00:00:00-04:00,732.9500122070312,734.5800170898438,729.27001953125,729.8699951171875,26452600
2026-08-18 00:00:00-04:00,720.2100219726562,722.1300048828125,715.9199829101562,717.510009765625,48997200
2026-08-19 00:00:00-04:00,720.3900146484375,721.5,712.6099853515625,716.0800170898438,35801700
2026-08-20 00:00:00-04:00,712.0900268554688,714.9400024414062,708.52001953125,710.9299926757812,33396400
2026-08-21 00:00:00-04:00,715.22998046875,715.6699829101562,709.2000122070312,713.4400024414062,33399400
2026-08-24 00:00:00-04:00,709.6599731445312,709.7899780273438,702.7000122070312,706.3200073242188,37443100
2026-08-25 00:00:00-04:00,711.219970703125,714.0399780273438,707.4500122070312,710.719970703125,23869600
2026-08-26 00:00:00-04:00,708.4099731445312,713.02001953125,707.969970703125,711.3699951171875,20392400
2026-08-27 00:00:00-04:00,716.9299926757812,721.3499755859375,714.530029296875,721.1099853515625,28723500
2026-08-28 00:00:00-04:00,719.739990234375,724.1300048828125,715.0900268554688,716.4299926757812,34105400
2026-08-31 00:00:00-04:00,715.1699829101562,717.5800170898438,713.1599731445312,716.760009765625,32237200
2026-09-01 00:00:00-04:00,707.3900146484375,712.2999877929688,704.6599731445312,707.6400146484375,35236100
2026-09-02 00:00:00-04:00,707.0999755859375,709.7999877929688,705.0999755859375,709.239990234375,23476200
2026-09-03 00:00:00-04:00,710.8499755859375,718.9199829101562,709.6900024414062,717.6699829101562,29449800
2026-09-04 00:00:00-04:00,719.3499755859375,721.8599853515625,716.5599975585938,718.9600219726562,32784600
