Date,Open,High,Low,Close,Volume
2015-01-01 00:00:00+05:30,188.78457111724998,189.99868207601952,188.22010080582226,189.1253662109375,2963643
2015-01-02 00:00:00+05:30,189.16795801328362,190.86134044216575,188.35855547947352,188.6248016357422,7331366
2015-01-05 00:00:00+05:30,188.50767957176805,189.76440426058238,186.185941672097,186.55870056152344,10103941
2015-01-06 00:00:00+05:30,185.3126532132128,185.95165834174796,177.2185266371568,178.0918426513672,18627980
2015-01-07 00:00:00+05:30,178.3048583526284,182.9270206858142,178.2835586550967,181.968505859375,20720312
2015-01-08 00:00:00+05:30,183.2038861888668,183.8003060577635,178.95448349019216,179.35919189453125,19872227
2015-01-09 00:00:00+05:30,180.71175573354262,183.60859950458453,179.9875519001595,183.24649047851562,13392787
2015-01-12 00:00:00+05:30,183.28909490697473,183.3955933743806,179.26333908900085,181.116455078125,10100113
2015-01-13 00:00:00+05:30,181.69155191961207,182.10691014044292,179.0290192740664,179.59347534179688,9948711
2015-01-14 00:00:00+05:30,179.56154614157887,180.41356237216016,177.0481110582435,177.8468780517578,11380041
2015-01-15 00:00:00+05:30,178.92252706998613,185.54691648630015,178.92252706998613,184.0878448486328,16927085
2015-01-16 00:00:00+05:30,183.1825920482193,186.37764577308207,181.4892236693579,185.2487335205078,19136963
2015-01-19 00:00:00+05:30,185.35522508539012,188.72066202305834,182.9163390480819,187.36810302734375,13339962
2015-01-20 00:00:00+05:30,187.76215928286896,192.88487777380465,187.1976889657768,192.3523712158203,13361320
2015-01-21 00:00:00+05:30,192.76772777789918,194.13093659194718,190.00933217222018,193.14047241210938,17084297
2015-01-22 00:00:00+05:30,192.79970277402143,193.23636076478942,187.3361742935064,188.24143981933594,23721627
2015-01-23 00:00:00+05:30,189.57268879755253,191.23410766531313,186.80365735128487,188.91238403320312,18080494
2015-01-27 00:00:00+05:30,190.1903985652724,190.9998154322086,187.54916522810714,189.37034606933594,17939876
2015-01-28 00:00:00+05:30,188.74195929972706,193.79014307908727,188.74195929972706,193.16177368164062,19298126
2015-01-29 00:00:00+05:30,193.21503739003552,199.05132448698697,193.17243799972977,197.9650115966797,36117653
2015-01-30 00:00:00+05:30,198.0928096325485,198.3590700405331,193.6197456846964,194.95101928710938,21746801
2015-02-02 00:00:00+05:30,195.12140709820193,195.94147375756123,192.91683188652132,193.41738891601562,19302710
2015-02-03 00:00:00+05:30,194.51435748660288,200.4038937014132,194.51435748660288,199.71163940429688,17092333
2015-02-04 00:00:00+05:30,200.03112935050476,201.03224341239962,197.21949863079746,197.8372039794922,14072894
2015-02-05 00:00:00+05:30,199.37084932455588,200.20155171757074,195.45159136774754,196.75091552734375,12365643
2015-02-06 00:00:00+05:30,196.8360735125005,198.09278379928662,192.34171045561953,193.81143188476562,9045844
2015-02-09 00:00:00+05:30,191.9583163020205,195.53676442070753,189.99868758151854,190.9998016357422,8839692
2015-02-10 00:00:00+05:30,191.2767338192018,192.66124252376267,183.45951773438406,187.86868286132812,13651008
2015-02-11 00:00:00+05:30,188.72066728777244,192.71448796110394,188.08166223629144,191.85182189941406,9781008
2015-02-12 00:00:00+05:30,193.40677161657598,194.67413206476877,188.98695638363156,193.65171813964844,8709626
2015-02-13 00:00:00+05:30,194.68474960215633,196.1331714588112,193.63038630553888,195.43026733398438,7393680
2015-02-16 00:00:00+05:30,195.68587009015613,196.85739596168185,191.70271340822947,192.29913330078125,12266698
2015-02-18 00:00:00+05:30,191.70267906322715,193.40671121879055,190.50986792933463,192.05413818359375,9835036
2015-02-19 00:00:00+05:30,193.18307193453714,193.32153416038068,189.05081766521658,192.1393585205078,9550637
2015-02-20 00:00:00+05:30,190.6909410725933,190.85070299548755,185.58952219951283,185.97293090820312,18717199
2015-02-23 00:00:00+05:30,185.3019768066479,186.75039865082314,180.4348545538407,181.36141967773438,14104463
2015-02-24 00:00:00+05:30,181.9578459824675,182.50100245834744,178.28354882945453,179.2313995361328,19946218
2015-02-25 00:00:00+05:30,180.79695061946094,182.43706959161682,179.14616758234467,179.59347534179688,15274116
2015-02-26 00:00:00+05:30,180.22182759469933,181.0525440230303,178.19829997280607,179.34852600097656,21459750
2015-02-27 00:00:00+05:30,180.5307077376429,183.3956019574645,179.90235253178665,182.23472595214844,18659378
2015-03-02 00:00:00+05:30,185.09960871120293,186.48413142281302,182.23471466876626,184.0878448486328,14579511
2015-03-03 00:00:00+05:30,185.09959178362945,193.0765536423123,184.75879672424819,191.8730926513672,20636925
2015-03-04 00:00:00+05:30,192.9807236541101,193.75819089585264,187.45329684510713,189.11471557617188,14476047
2015-03-05 00:00:00+05:30,190.1051941558906,191.43646774219923,187.04860262798033,188.4970245361328,10716702
2015-03-09 00:00:00+05:30,188.52898547503017,189.94545792648736,184.06657115897588,185.2380828857422,14065391
2015-03-10 00:00:00+05:30,185.08893718017865,186.54800864690574,182.20274378272023,183.0015106201172,15234060
2015-03-11 00:00:00+05:30,183.38494414542797,185.22741029401843,181.56376347163638,182.31993103027344,11635873
2015-03-12 00:00:00+05:30,182.75660885529913,184.75883714218253,182.24538771688725,183.9920196533203,11782380
2015-03-13 00:00:00+05:30,185.0996082869568,185.22740644561915,180.41354783388658,181.0738525390625,12936157
2015-03-16 00:00:00+05:30,181.37207064705345,181.89392737056428,178.98643381725202,179.36984252929688,13839990
2015-03-17 00:00:00+05:30,181.16970385507284,183.16128206555757,179.13552625773318,182.51162719726562,19070082
2015-03-18 00:00:00+05:30,182.54358470406092,185.7918876247925,182.05367751509428,185.0250701904297,9269885
2015-03-19 00:00:00+05:30,186.49478794005842,186.73973442015077,181.92587562519967,182.36253356933594,13934612
2015-03-20 00:00:00+05:30,182.73526005125544,183.4275284723957,180.75433183845908,181.9258575439453,10405717
2015-03-23 00:00:00+05:30,182.4371124290799,184.03463239151574,178.51785435456634,179.33792114257812,13251683
2015-03-24 00:00:00+05:30,179.36981489540716,181.9684482655775,179.36981489540716,180.61587524414062,9238431
2015-03-25 00:00:00+05:30,180.83957878285128,180.94607726187047,179.13554624352201,179.9662628173828,10264941
2015-03-26 00:00:00+05:30,179.1568371752872,180.89281917340102,175.53578953448115,176.64340209960938,20621346
2015-03-27 00:00:00+05:30,177.6232064472012,177.85751729508084,170.7112568254394,172.89454650878906,23326922
2015-03-30 00:00:00+05:30,173.938259172148,174.17255580025198,169.64624297036656,172.6921844482422,17330588
2015-03-31 00:00:00+05:30,174.23644322571658,177.4101968708332,174.23644322571658,175.9404754638672,20235395
2015-04-01 00:00:00+05:30,175.70615955275932,178.70950135597803,173.19272487103203,178.08114624023438,14588531
2015-04-06 00:00:00+05:30,178.07050983680634,178.4965179161862,174.96066934171316,175.65292358398438,12334096
2015-04-07 00:00:00+05:30,175.95114477522606,178.0918209370022,175.95114477522606,177.39956665039062,21275454
2015-04-08 00:00:00+05:30,177.5380303963939,185.20613433963354,177.41023221869557,184.4393310546875,24821205
2015-04-09 00:00:00+05:30,184.35411639991418,191.48971310307226,182.92699421553164,190.65899658203125,27276420
2015-04-10 00:00:00+05:30,190.62708963662539,193.5771832896218,189.38102879538198,192.6293182373047,25323219
2015-04-13 00:00:00+05:30,193.15113344797666,196.97454238182422,191.4364653750179,196.4952850341797,20177342
2015-04-15 00:00:00+05:30,196.17574884773205,200.13760526043478,193.23632029456007,196.74021911621094,22231264
2015-04-16 00:00:00+05:30,196.92128163426204,199.7968255520395,195.74977006128037,197.74134826660156,20177302
2015-04-17 00:00:00+05:30,199.1684774406183,201.13875616308573,196.51659423865746,197.42185974121094,23958678
2015-04-20 00:00:00+05:30,199.64772313550145,199.67967267710503,187.12314735802735,188.6461181640625,37628162
2015-04-21 00:00:00+05:30,189.60462092323263,190.7441971583434,185.8344757198747,186.6864776611328,17707007
2015-04-22 00:00:00+05:30,187.84734664074568,188.8804101535762,184.67359296053945,187.38938903808594,14761313
2015-04-23 00:00:00+05:30,188.2627224030284,189.44488387194738,185.11026812132016,186.81430053710938,13337818
2015-04-24 00:00:00+05:30,186.80361886629143,188.39048847456047,185.02503782359088,187.20831298828125,12709854
2015-04-27 00:00:00+05:30,187.45330750431003,189.04017739917586,185.62147690419397,186.44154357910156,11042925
2015-04-28 00:00:00+05:30,186.3137500689618,187.8686704609745,182.87374979352262,184.29022216796875,14687371
2015-04-29 00:00:00+05:30,183.60860098849895,185.42978176208146,180.4987602468445,181.0525665283203,16387960
2015-04-30 00:00:00+05:30,181.05253775391486,184.4392882074335,180.61587986279665,183.68312072753906,34802149
2015-05-04 00:00:00+05:30,184.50319420457845,190.40337955077277,183.28908331542618,189.7750244140625,15078502
2015-05-05 00:00:00+05:30,190.36079912815666,192.0861170191386,188.52896854714126,190.0306396484375,17846755
2015-05-06 00:00:00+05:30,189.57268777269337,191.01045983497983,185.7386289399295,187.49591064453125,22438208
2015-05-07 00:00:00+05:30,186.37764705705703,187.11250074539757,183.1825933101832,185.47238159179688,16735535
2015-05-08 00:00:00+05:30,187.86308256939228,192.76995821202658,185.72778790218808,191.89642333984375,17104443
2015-05-11 00:00:00+05:30,192.57585311645389,193.99938785476854,190.53761444961006,193.24449157714844,14214007
2015-05-12 00:00:00+05:30,193.01800796512248,193.01800796512248,186.60133936729392,187.3670196533203,16650201
2015-05-13 00:00:00+05:30,188.36996337123963,191.66997630196153,184.8866219879941,190.90428161621094,16701434
2015-05-14 00:00:00+05:30,191.0983821246725,191.14153262634503,187.71211159101858,189.41603088378906,12329713
2015-05-15 00:00:00+05:30,190.21409223822505,191.3033077381425,187.6689899301933,188.49937438964844,8331715
2015-05-18 00:00:00+05:30,188.7042894122208,192.82390291273086,188.12193755585287,192.29547119140625,9847540
2015-05-19 00:00:00+05:30,192.23076328331737,195.14253690631463,191.22781999525608,193.15821838378906,14513036
2015-05-20 00:00:00+05:30,194.20429649932248,196.490567757141,193.6219302602409,196.02684020996094,8708891
2015-05-21 00:00:00+05:30,196.54450767583904,197.43961078012197,192.84548535066503,193.41705322265625,10759523
2015-05-22 00:00:00+05:30,193.47092488272767,195.32583479337748,193.47092488272767,194.94837951660156,8349048
2015-05-25 00:00:00+05:30,194.1179885242109,195.84349020230397,192.46798942280014,192.9317169189453,6617337
2015-05-26 00:00:00+05:30,193.0395829575526,193.25527789507234,190.3866403307286,190.79644775390625,9510249
2015-05-27 00:00:00+05:30,191.0983945859448,192.15527239102204,189.84741869912585,190.94741821289062,8078236
2015-05-28 00:00:00+05:30,191.06602319333055,192.87779707844655,188.0787617267393,188.89837646484375,26538868
2015-05-29 00:00:00+05:30,189.78269919655378,191.19544976676133,188.3160284974717,189.15721130371094,29277517
2015-06-01 00:00:00+05:30,189.8042657306145,195.1748689004608,189.37289030516885,194.60328674316406,19594976
2015-06-02 00:00:00+05:30,195.3582028879292,198.17290566214237,192.27388506594002,193.8268280029297,20178960
2015-06-03 00:00:00+05:30,193.90234789841784,196.37196224470344,191.63764447745166,193.33078002929688,15546279
2015-06-04 00:00:00+05:30,195.02389663700615,197.61213503722428,192.51114642376737,196.85723876953125,15931395
2015-06-05 00:00:00+05:30,196.25329352662837,197.77388429021727,195.07779157322864,195.78956604003906,13066337
2015-06-08 00:00:00+05:30,195.58467572183218,196.27488221056336,190.47290320455636,190.97976684570312,10846953
2015-06-09 00:00:00+05:30,190.56992844988346,192.10130315072547,189.23268059150675,190.602294921875,9153355
2015-06-10 00:00:00+05:30,191.09841398790115,196.25333762530144,190.8827334330689,195.3690185546875,13509379
2015-06-11 00:00:00+05:30,195.4121312307913,196.167041877973,188.4346645481308,189.1895751953125,14676438
2015-06-12 00:00:00+05:30,189.58858086039226,192.5434758206847,189.42680608088114,191.92877197265625,21543824
2015-06-15 00:00:00+05:30,193.0179981192392,195.1964433694674,191.96113477120412,194.49545288085938,12858570
2015-06-16 00:00:00+05:30,193.90232329466608,195.19644965522482,192.6513474375684,194.969970703125,13929305
2015-06-17 00:00:00+05:30,195.20722348368895,203.2523371171076,192.82388178639968,200.84742736816406,26232634
2015-06-18 00:00:00+05:30,201.13859022259066,211.80429381166599,201.1278061970768,211.14645385742188,49366799
2015-06-19 00:00:00+05:30,211.91216080142698,217.06706927613607,211.91216080142698,214.96412658691406,45710935
2015-06-22 00:00:00+05:30,215.02882060348534,217.5631386167604,212.7748872566716,213.89646911621094,19394187
2015-06-23 00:00:00+05:30,214.10135176214365,216.26899836586162,213.7454645413596,214.60821533203125,16007498
2015-06-24 00:00:00+05:30,214.60825700052484,217.07787117984907,212.80726689494824,213.72393798828125,18603004
2015-06-25 00:00:00+05:30,212.88275109807321,217.62785216251115,212.45137565623364,216.6680450439453,27175118
2015-06-26 00:00:00+05:30,215.66508768021433,218.7278372787678,214.69449659918988,215.837646484375,20966796
2015-06-29 00:00:00+05:30,213.07686283011645,214.36020512509336,209.6474417573692,213.713134765625,20168946
2015-06-30 00:00:00+05:30,213.50825289436335,216.3013878250147,213.0984454780706,215.708251953125,23184864
2015-07-01 00:00:00+05:30,215.90236075089544,217.94059923695067,215.90236075089544,216.90530395507812,14824266
2015-07-02 00:00:00+05:30,217.6278473727771,219.9464849224223,217.21803999215396,218.02687072753906,15931202
2015-07-03 00:00:00+05:30,217.7896390781332,218.66317409429686,216.34453621123913,217.23963928222656,13831096
2015-07-06 00:00:00+05:30,214.84553221876087,219.7631784052861,214.65140532327783,219.04063415527344,12237733
2015-07-07 00:00:00+05:30,218.05924744476775,219.26708727349657,215.68668949772905,216.38768005371094,11294999
2015-07-08 00:00:00+05:30,214.79157908329177,217.56316033506758,213.88570644178205,214.95335388183594,15190654
2015-07-09 00:00:00+05:30,214.8239049609263,215.90235069404918,212.0523384451034,212.96900939941406,16245867
2015-07-10 00:00:00+05:30,213.76706695749212,216.5494322256614,213.58373850410788,216.07492065429688,16110573
2015-07-13 00:00:00+05:30,216.07488950143934,218.38274286550654,214.64057096747064,217.1964569091797,9860248
2015-07-14 00:00:00+05:30,217.6062994136482,218.16708320810758,214.65138966745465,215.21217346191406,9942927
2015-07-15 00:00:00+05:30,215.63273818499832,218.7925440498951,215.5896020829163,218.09156799316406,13532911
2015-07-16 00:00:00+05:30,218.27488233927852,221.68273496909788,218.0915539172621,220.7984161376953,14854295
2015-07-17 00:00:00+05:30,221.13277538559225,222.405319341326,219.5690483089231,220.36708068847656,10195142
2015-07-20 00:00:00+05:30,221.6828034944453,222.14653110314046,219.54750832755684,221.02496337890625,6348354
2015-07-21 00:00:00+05:30,221.72591019242597,221.8229664329722,216.27981831821407,217.36903381347656,7923338
2015-07-22 00:00:00+05:30,216.76509798739664,227.32296173340805,216.67882577991844,226.55728149414062,17309440
2015-07-23 00:00:00+05:30,227.2258834068714,230.32098493660624,224.57294129536967,225.45726013183594,18642915
2015-07-24 00:00:00+05:30,226.0396577930844,226.39553068662536,220.23767845085933,221.0896453857422,13099664
2015-07-27 00:00:00+05:30,221.05730636558954,222.13573793280804,216.06415755492122,216.8406219482422,20118553
2015-07-28 00:00:00+05:30,217.47688476320798,219.2886444161505,215.7082468185387,217.89747619628906,13382878
2015-07-29 00:00:00+05:30,217.73567146920158,218.42587786888075,213.98272996279803,214.8238983154297,14790821
2015-07-30 00:00:00+05:30,215.7082406319693,217.41217436851056,214.02588934579455,215.71902465820312,11701228
2015-07-31 00:00:00+05:30,215.68666999560452,217.3906037117329,213.52980718308112,216.085693359375,16634259
2015-08-03 00:00:00+05:30,215.9023816269619,218.67394853987463,215.5572783670028,216.21511840820312,9887787
2015-08-04 00:00:00+05:30,216.42001531596114,216.90531089473407,211.37294705588226,213.0984344482422,12006872
2015-08-05 00:00:00+05:30,213.15236541438256,215.85924252602445,212.25726239502848,213.04452514648438,14345010
2015-08-06 00:00:00+05:30,213.74547599575453,213.96117090392985,210.83371711751957,211.14645385742188,8708037
2015-08-07 00:00:00+05:30,211.15725373384046,214.39256241615172,210.7582303619759,212.31118774414062,8608888
2015-08-10 00:00:00+05:30,212.34355327085018,213.27099399129602,208.02981288721188,208.9788360595703,9288894
2015-08-11 00:00:00+05:30,209.43176393534605,210.00333172185398,206.6278307359085,208.35333251953125,8762464
2015-08-12 00:00:00+05:30,207.8356725850833,208.35332021000772,202.86409282153707,203.37095642089844,9650325
2015-08-13 00:00:00+05:30,204.2553136630186,205.7543366914271,200.4592207689018,201.31118774414062,9340350
2015-08-14 00:00:00+05:30,202.79941404955733,209.64745831183663,201.5160716532434,208.55824279785156,12739366
2015-08-17 00:00:00+05:30,208.35332692288597,208.35332692288597,204.05037100351115,205.05331420898438,10857430
2015-08-18 00:00:00+05:30,206.19647701410463,206.19647701410463,203.22001347977385,203.6298065185547,6630334
2015-08-19 00:00:00+05:30,203.60823029809814,207.27490023070197,202.62685505404917,205.89451599121094,8877298
2015-08-20 00:00:00+05:30,207.04839415164244,207.04839415164244,197.08366733246916,197.6336669921875,19008087
2015-08-21 00:00:00+05:30,196.2748620737898,196.68466943482375,193.47092909652383,195.83270263671875,20050521
2015-08-24 00:00:00+05:30,189.80428166737124,189.80428166737124,176.43169994733043,178.92288208007812,35635706
2015-08-25 00:00:00+05:30,181.36013560358816,185.63073951637352,177.55327360847633,182.9346466064453,49504268
2015-08-26 00:00:00+05:30,182.85917761777594,188.68272509251156,181.17682617742796,184.06703186035156,18955515
2015-08-27 00:00:00+05:30,186.95721714946367,190.07388730409656,184.85427431699722,187.46408081054688,26997546
2015-08-28 00:00:00+05:30,188.72585337025782,190.45134084789547,186.80623901277752,188.16506958007812,10770215
2015-08-31 00:00:00+05:30,188.262117387575,188.262117387575,184.15328818730984,184.60623168945312,20708942
2015-09-01 00:00:00+05:30,184.1748681867301,184.1748681867301,180.11995885489355,181.14447021484375,21645696
2015-09-02 00:00:00+05:30,183.3336895459562,184.8650646079722,181.7376103204902,183.23663330078125,19652369
2015-09-03 00:00:00+05:30,184.20719860289094,185.6523012434321,182.12582404681015,184.1640625,11659978
2015-09-04 00:00:00+05:30,183.26897343967389,183.26897343967389,177.96307400563813,180.29249572753906,16199949
2015-09-07 00:00:00+05:30,180.79937487135666,182.03958122334282,178.52388748498888,179.7101593017578,10234633
2015-09-08 00:00:00+05:30,180.314046094147,183.96993151753745,177.96305654976982,183.0316925048828,12900468
2015-09-09 00:00:00+05:30,185.70623219148123,189.52387830503704,183.441514668271,188.52093505859375,17340694
2015-09-10 00:00:00+05:30,185.7062389471499,187.7552616199805,184.51995281168513,187.00035095214844,11074406
2015-09-11 00:00:00+05:30,188.0787618110009,188.9630807028417,184.6709233461719,185.6954345703125,10634833
2015-09-14 00:00:00+05:30,185.8679641574111,186.71993090462797,183.74345369961657,186.32090759277344,7964072
2015-09-15 00:00:00+05:30,185.92191948201648,187.6474213525472,184.5415208651718,187.00035095214844,11509788
2015-09-16 00:00:00+05:30,188.10037722461686,189.23272890281734,186.6121382426189,188.1974334716797,13424811
2015-09-18 00:00:00+05:30,189.46993947794317,194.01014370482557,189.18955482048258,193.12583923339844,34261453
2015-09-21 00:00:00+05:30,189.80426232276508,191.57288569764955,188.9522955128591,189.3944549560547,12732187
2015-09-22 00:00:00+05:30,189.80428403509734,190.86114745030764,182.14740908923733,182.8807373046875,15745524
2015-09-23 00:00:00+05:30,181.8238844724135,184.8003624101719,181.17682843313136,183.4091796875,15221260
2015-09-24 00:00:00+05:30,182.9022950231763,182.9022950231763,180.04445611206017,180.60523986816406,29076982
2015-09-28 00:00:00+05:30,181.13370053353768,181.3709491461309,178.73957436241017,179.93663024902344,11624639
2015-09-29 00:00:00+05:30,179.01993888157423,183.3875844978456,178.1787560764428,181.33856201171875,15853471
2015-09-30 00:00:00+05:30,183.54937047979286,186.52583376082114,180.85327748774904,185.9866180419922,17292020
2015-10-01 00:00:00+05:30,188.49935959019533,188.49935959019533,185.18857724328515,186.50425720214844,8663393
2015-10-05 00:00:00+05:30,186.09446166706783,191.96113006773058,185.8895507793684,191.52975463867188,16015412
2015-10-06 00:00:00+05:30,193.17978578918817,194.2258651809335,191.0444765007486,193.6974334716797,12330294
2015-10-07 00:00:00+05:30,192.97485419825088,198.01113813542733,192.17682190547805,197.09446716308594,11515191
2015-10-08 00:00:00+05:30,197.33174481258874,197.33174481258874,191.1523249053749,191.76702880859375,10753149
2015-10-09 00:00:00+05:30,192.83469023993652,195.29352042949287,190.12782742493596,191.38958740234375,9327873
2015-10-12 00:00:00+05:30,191.52976176995912,194.46310327845762,191.52976176995912,192.33859252929688,6212395
2015-10-13 00:00:00+05:30,190.89349896532667,193.31997696159476,190.4297714194666,192.7376251220703,6162561
2015-10-14 00:00:00+05:30,193.21211363366797,195.19643190062985,192.8130902956141,194.7542724609375,8002587
2015-10-15 00:00:00+05:30,195.77879703001514,196.49055715351653,194.13958186220378,194.91604614257812,9048478
2015-10-16 00:00:00+05:30,195.08858410334375,197.31016540527344,194.91603969072716,197.31016540527344,15246935
2015-10-19 00:00:00+05:30,202.96117655055616,208.2454937713963,202.96117655055616,207.8141326904297,33505855
2015-10-20 00:00:00+05:30,208.13764953130874,208.50432084103667,205.5494111053754,206.3474578857422,18091895
2015-10-21 00:00:00+05:30,206.0886294541208,210.25137904196845,205.5494137084685,205.9807891845703,14404450
2015-10-23 00:00:00+05:30,207.91117766022953,209.87392806380248,202.99351762485776,206.1209716796875,12153422
2015-10-26 00:00:00+05:30,207.46902843434154,207.70627702773717,203.02587974056115,203.36019897460938,10938775
2015-10-27 00:00:00+05:30,202.48661609851808,204.52485430580722,202.18464901681375,202.64837646484375,11601798
2015-10-28 00:00:00+05:30,202.07683194113875,203.80233363803075,200.5670251553073,202.08761596679688,11958727
2015-10-29 00:00:00+05:30,201.88275011536263,203.823932619995,201.6562711442754,202.961181640625,13280382
2015-10-30 00:00:00+05:30,203.19842629036413,206.17490415320938,202.76706520696624,204.40628051757812,13366359
2015-11-02 00:00:00+05:30,204.68666097218568,207.3827540748474,203.86706053284587,207.01608276367188,7222044
2015-11-03 00:00:00+05:30,207.76018442337065,209.3131272982727,207.32880900291485,208.6121368408203,11373522
2015-11-04 00:00:00+05:30,208.78468833562633,210.29449505539574,204.0827093754405,205.18270874023438,10033187
2015-11-05 00:00:00+05:30,204.68664112906717,205.11801655958982,201.23566648068254,202.0121307373047,10767454
2015-11-06 00:00:00+05:30,202.62683384699596,205.9268465194878,202.29252904796547,205.41998291015625,8367190
2015-11-09 00:00:00+05:30,201.34350460645436,208.13762797101077,199.1758434509827,207.3288116455078,17031699
2015-11-10 00:00:00+05:30,206.4121614010071,206.95137713814407,197.6337044360297,199.02488708496094,11486238
2015-11-13 00:00:00+05:30,197.36409530174072,202.43273165218142,197.24547101219613,201.2464599609375,13682323
2015-11-16 00:00:00+05:30,199.7258758805231,203.17685080895376,199.45626081535536,201.5160675048828,15346549
2015-11-17 00:00:00+05:30,202.3248678970926,202.5081963232844,199.76898196599075,200.10328674316406,8588142
2015-11-18 00:00:00+05:30,200.07092457367585,200.86897118439413,196.2640631307165,196.7062225341797,11249222
2015-11-19 00:00:00+05:30,198.19449073032067,202.4650802639852,197.83860346988237,201.6131134033203,12183206
2015-11-20 00:00:00+05:30,201.45136404949199,205.5062732825881,199.62880594078462,204.22293090820312,11304265
2015-11-23 00:00:00+05:30,204.90234999270405,206.60626938126526,204.0827351791231,205.71116638183594,10499517
2015-11-24 00:00:00+05:30,205.5493959240544,209.56116878742728,205.1288045112978,208.71998596191406,14806176
2015-11-26 00:00:00+05:30,209.43174008416327,213.95037612851868,208.8386043128044,213.2386016845703,23805828
2015-11-27 00:00:00+05:30,213.31412394792108,214.06903461239565,210.10039760530512,211.1680450439453,10891864
2015-11-30 00:00:00+05:30,211.0494060769643,212.32196433224058,207.55528088530042,208.590576171875,29919205
2015-12-01 00:00:00+05:30,207.92194921378302,211.1141072357572,207.32881339729641,208.33175659179688,12981379
2015-12-02 00:00:00+05:30,208.40725202011174,211.30824144657555,208.02979670634872,210.9307861328125,7573628
2015-12-03 00:00:00+05:30,210.27291762408112,213.30331516110917,210.10037321698408,210.7689971923828,11361395
2015-12-04 00:00:00+05:30,209.71215022905062,210.5533330749296,207.36117490774097,208.2346954345703,13443688
2015-12-07 00:00:00+05:30,208.23467314588257,209.86311853192214,204.84840286805243,205.344482421875,14483909
2015-12-08 00:00:00+05:30,204.66507781826277,205.6788050642084,201.9042951560251,202.93959045410156,7532164
2015-12-09 00:00:00+05:30,201.925868596896,203.48959561180683,196.8895843109621,197.54742431640625,9174419
2015-12-10 00:00:00+05:30,198.9709240627979,205.7219105475677,198.431708441889,204.97779846191406,18592203
2015-12-11 00:00:00+05:30,205.2797881208182,206.84351503321815,203.37095798984026,205.53860473632812,18155513
2015-12-14 00:00:00+05:30,204.3847026745497,207.81412390861303,204.0395994264599,206.00234985351562,10563900
2015-12-15 00:00:00+05:30,206.41215502033035,210.93079168455452,205.689596452289,210.48863220214844,15718833
2015-12-16 00:00:00+05:30,210.48862077128237,213.0013707874934,209.97097313182812,211.08175659179688,12097338
2015-12-17 00:00:00+05:30,211.38373854933639,218.9219891270214,210.94157905991057,217.77883911132812,19369032
2015-12-18 00:00:00+05:30,216.50627580899342,217.62784327322527,213.5297983399872,213.93960571289062,16016139
2015-12-21 00:00:00+05:30,213.07684016221603,215.47096568259636,212.31115999542914,213.98272705078125,12331769
2015-12-22 00:00:00+05:30,214.13373570455065,216.24746249815573,212.2356894417627,212.9474639892578,11579277
2015-12-23 00:00:00+05:30,213.91804834442092,217.17491064318043,213.5298090034453,216.50628662109375,12919467
2015-12-24 00:00:00+05:30,216.52787171819853,217.23963190110007,214.88865641358592,215.80531311035156,11901877
2015-12-28 00:00:00+05:30,215.8160685597931,218.65235368458278,215.68666025238315,217.9298095703125,12885935
2015-12-29 00:00:00+05:30,217.92982357801964,219.72001513928487,217.2288330720293,219.0082550048828,14913870
2015-12-30 00:00:00+05:30,218.92197450909973,219.13765502715017,216.11804138705364,216.65725708007812,8151610
2015-12-31 00:00:00+05:30,216.4200139053956,219.93570722254987,215.49255885886123,218.835693359375,18483713
2016-01-01 00:00:00+05:30,217.80042729912438,219.7631779174807,217.4553384152996,218.99749755859375,5416562
2016-01-04 00:00:00+05:30,216.7651017747287,218.66314796400553,212.81803303045032,214.67294311523438,30170947
2016-01-05 00:00:00+05:30,215.75137549950432,217.84353416846446,215.03961537425454,216.79745483398438,14946239
2016-01-06 00:00:00+05:30,217.32589080292544,223.9690526265442,215.77294780981822,222.6317901611328,26759864
2016-01-07 00:00:00+05:30,220.22687642671337,221.72589926161513,217.42295762633168,218.54452514648438,19739943
2016-01-08 00:00:00+05:30,220.00040879500355,222.78275950402073,219.28863428025832,221.2406005859375,21313199
2016-01-11 00:00:00+05:30,219.1268745139818,228.80041946368618,218.0592271367203,226.81610107421875,29016443
2016-01-12 00:00:00+05:30,227.54943047624425,229.79256536172463,224.55138501337092,225.4896240234375,23373377
2016-01-13 00:00:00+05:30,227.13962050408026,235.04454143558135,225.86706232172926,232.26217651367188,71802356
2016-01-14 00:00:00+05:30,229.45826093793698,233.15729708893838,227.12885369897384,228.98374938964844,27823189
2016-01-15 00:00:00+05:30,230.73081025404883,234.99061559913002,229.83570732296806,231.49649047851562,28767318
2016-01-18 00:00:00+05:30,231.86316598278572,233.79356421462063,217.4337361564748,219.32098388671875,27254669
2016-01-19 00:00:00+05:30,221.94158478624166,226.42785467690007,218.72784433069734,225.09060668945312,21489315
2016-01-20 00:00:00+05:30,223.2141360584312,223.2141360584312,213.52980706188325,216.6680450439453,45114225
2016-01-21 00:00:00+05:30,219.47195391465115,221.24057719266384,210.66114640560986,212.27879333496094,31768619
2016-01-22 00:00:00+05:30,214.4033561023053,218.05924197594297,214.4033561023053,216.581787109375,23682648
2016-01-25 00:00:00+05:30,217.84354654946597,219.73080882841978,215.68668360088998,216.5386505126953,13099564
2016-01-27 00:00:00+05:30,217.43372504438798,217.8435180085244,215.0288153969411,215.5464630126953,17251028
2016-01-28 00:00:00+05:30,215.90236515806583,220.38864960372396,215.0611823251616,219.33177185058594,23074633
2016-01-29 00:00:00+05:30,219.77391532965314,224.31411957557316,219.569018848342,223.32196044921875,19177163
2016-02-01 00:00:00+05:30,224.30334416513048,224.70236751564363,221.19745836279253,222.2219696044922,9918809
2016-02-02 00:00:00+05:30,222.22195166001512,222.76116730168903,213.63762309483792,215.9346923828125,14771279
2016-02-03 00:00:00+05:30,213.09843087395132,214.3925571949391,210.2945121086591,211.67489624023438,15691478
2016-02-04 00:00:00+05:30,213.09844223625564,215.90237554895083,208.28863677561003,209.87393188476562,18203784
2016-02-05 00:00:00+05:30,211.17879479345598,211.8042826381615,207.3611491776557,209.41017150878906,20998404
2016-02-08 00:00:00+05:30,209.45333721959173,212.40824685964114,206.6170518707073,207.2856903076172,12078110
2016-02-09 00:00:00+05:30,205.52782981447368,208.95725090717173,204.9023419013875,206.51998901367188,19603494
2016-02-10 00:00:00+05:30,205.2690085627429,209.86313316911526,204.61115418820788,207.63076782226562,16883350
2016-02-11 00:00:00+05:30,207.67387914287812,208.34251746350168,197.46111989439285,199.4130859375,17114833
2016-02-12 00:00:00+05:30,201.42981286687578,201.42981286687578,191.551355598244,195.53077697753906,29319458
2016-02-15 00:00:00+05:30,198.00036707592992,205.19351419702687,198.00036707592992,204.20135498046875,19283523
2016-02-16 00:00:00+05:30,205.1395792927458,206.62781801041044,199.9415350054045,200.7072296142578,13024856
2016-02-17 00:00:00+05:30,201.68862525021606,206.50922947829056,197.65528381834986,205.46315002441406,15442221
2016-02-18 00:00:00+05:30,207.69548914215466,208.93569541465416,201.8827403350539,202.76705932617188,14433087
2016-02-19 00:00:00+05:30,202.74549109405953,205.49548990804146,202.17390887983822,203.6837158203125,10235503
2016-02-22 00:00:00+05:30,203.62976696289454,208.84939355665816,203.62976696289454,207.55526733398438,12770834
2016-02-23 00:00:00+05:30,207.72781813044693,208.61213702325975,203.33860453889886,204.82684326171875,18989787
2016-02-24 00:00:00+05:30,203.80232511114744,206.74643598212677,203.17682285335056,205.47389221191406,15186204
2016-02-25 00:00:00+05:30,205.80825202999645,206.31511571270465,202.9288303437924,203.6298065185547,24826958
2016-02-26 00:00:00+05:30,205.54936615620372,206.78957216282174,203.67288830853457,204.97779846191406,8349402
2016-02-29 00:00:00+05:30,205.18273335873187,214.52197385064125,201.66703994090304,208.4935302734375,31032353
2016-03-01 00:00:00+05:30,208.07292300826185,212.46215103275813,208.06213898260236,211.6533203125,16453192
2016-03-02 00:00:00+05:30,214.1553131506892,216.92689448064934,212.9366893023238,216.01022338867188,20105967
2016-03-03 00:00:00+05:30,217.843548882792,219.56905077845437,215.14747016819425,218.45826721191406,15880459
2016-03-04 00:00:00+05:30,218.70629286708612,218.9219877961261,216.44158969851134,217.06707763671875,8987660
2016-03-08 00:00:00+05:30,217.30429356481224,222.35136121403235,217.30429356481224,221.51019287109375,13222993
2016-03-09 00:00:00+05:30,220.00041953737903,225.15532821742445,219.69845239548502,224.68081665039062,11854901
2016-03-10 00:00:00+05:30,224.7563001815026,225.58669900608842,217.62785719495903,218.2209930419922,20706353
2016-03-11 00:00:00+05:30,218.90038877099852,222.06019449252787,217.9729338225196,218.81410217285156,15319044
2016-03-14 00:00:00+05:30,219.8062806910677,221.38079167842244,218.47981669924275,219.9464874267578,11880095
2016-03-15 00:00:00+05:30,220.86315737076126,221.69355621746982,218.94355743599894,220.10826110839844,10487788
2016-03-16 00:00:00+05:30,220.21607775258948,221.2513729943125,216.86215944141694,220.37783813476562,11064129
2016-03-17 00:00:00+05:30,224.00423595077953,226.1635723375128,220.73250047511655,221.60496520996094,16832997
2016-03-18 00:00:00+05:30,222.09573381387875,224.69130267333813,221.53954152685228,224.04786682128906,14030979
2016-03-21 00:00:00+05:30,224.21146253337307,227.16692584346504,223.07726699710415,226.25083923339844,12708074
2016-03-22 00:00:00+05:30,226.18537137790238,229.5116193452213,225.89090981331717,228.5519256591797,15333442
2016-03-23 00:00:00+05:30,228.34473003362487,228.34473003362487,223.00091604888885,224.48410034179688,16806372
2016-03-28 00:00:00+05:30,224.65857040008586,225.02937008513632,221.52862036688163,222.56466674804688,18070240
2016-03-29 00:00:00+05:30,223.3062314082837,227.27592945707445,222.52102488962478,226.0217742919922,15871250
2016-03-30 00:00:00+05:30,227.4286385324405,229.40258239818098,227.4286385324405,228.37744140625,14453294
2016-03-31 00:00:00+05:30,227.05783556514257,230.3295563021594,225.2474735231891,227.97390747070312,30833349
2016-04-01 00:00:00+05:30,226.64340105787832,228.2138286684031,223.56797850059996,225.62916564941406,12381116
2016-04-04 00:00:00+05:30,226.83973906346898,227.31959324244218,223.6334506130625,225.76007080078125,8632568
2016-04-05 00:00:00+05:30,224.95300956318894,227.36317087592028,222.9572551136387,223.99330139160156,10259495
2016-04-06 00:00:00+05:30,225.1166224693275,226.11995255526406,223.04452962576372,225.4765167236328,6990781
2016-04-07 00:00:00+05:30,225.72734344881053,228.5846574914566,222.9354766382923,226.2399139404297,8789163
2016-04-08 00:00:00+05:30,225.9454765580158,229.99151369759295,224.92035002497823,226.04364013671875,13411752
2016-04-11 00:00:00+05:30,226.18536223296698,228.03934598241958,225.31289757910628,226.90513610839844,10308361
2016-04-12 00:00:00+05:30,226.90517933907176,230.64586388318307,226.41441969777478,228.45379638671875,11164859
2016-04-13 00:00:00+05:30,229.57709376826315,233.36138541765928,229.57709376826315,232.52163696289062,16038542
2016-04-18 00:00:00+05:30,232.46711251129145,232.68523599202348,230.19872149572976,232.23809814453125,19065716
2016-04-20 00:00:00+05:30,233.2087178193704,233.2087178193704,225.92366128408653,226.25083923339844,21687934
2016-04-21 00:00:00+05:30,227.14510340065289,229.45711614086673,225.7491626639155,227.090576171875,11380697
2016-04-22 00:00:00+05:30,226.62162321898975,228.47559264289401,224.5059085418241,226.6107177734375,11705087
2016-04-25 00:00:00+05:30,227.81031337500926,227.81031337500926,220.79790904611647,221.80123901367188,61157544
2016-04-26 00:00:00+05:30,221.47408027700897,223.3280494745498,219.75096185011125,221.81214904785156,26429236
2016-04-27 00:00:00+05:30,222.01936377780646,223.7751839514983,221.60494234351737,222.34652709960938,14502641
2016-04-28 00:00:00+05:30,221.16872579985477,222.3029211830321,216.14117012941722,217.3953399658203,61949033
2016-04-29 00:00:00+05:30,216.68648023097595,217.79887940409643,213.50200263578907,214.3417510986328,23479680
2016-05-02 00:00:00+05:30,213.53469854433757,216.45744515563885,213.3165896449897,215.2687225341797,10620873
2016-05-03 00:00:00+05:30,215.4977477217923,217.01364832855614,212.17149947932916,212.8367462158203,17571826
2016-05-04 00:00:00+05:30,212.45505442025672,214.55986377723275,212.2260400500194,213.3384246826172,13546285
2016-05-05 00:00:00+05:30,213.75282803737144,214.50531832136906,211.76797875725225,212.71678161621094,21665684
2016-05-06 00:00:00+05:30,212.22602155255407,213.0548499516573,210.9173244423811,211.3426513671875,14748329
2016-05-09 00:00:00+05:30,212.66227486974438,215.0615313013766,212.18242067141625,214.4290008544922,15347096
2016-05-10 00:00:00+05:30,214.42899616183746,214.77798499662282,213.31661154096884,214.3090362548828,7248302
2016-05-11 00:00:00+05:30,211.96429048810913,213.91642355872239,211.5716798727887,212.74951171875,12339923
2016-05-12 00:00:00+05:30,212.88036149168548,216.85006001829018,212.67315803321173,216.54469299316406,12786216
2016-05-13 00:00:00+05:30,215.70495395980603,216.05394278081627,212.66226182165124,213.3493194580078,14648291
2016-05-16 00:00:00+05:30,213.09847541380296,214.29811809218634,211.81160373190966,212.8694610595703,9327335
2016-05-17 00:00:00+05:30,213.80732705929677,214.42895191798985,210.77552631268262,211.38624572753906,12157600
2016-05-18 00:00:00+05:30,210.67739962761758,212.11694748650254,210.28478904791865,211.69163513183594,8228838
2016-05-19 00:00:00+05:30,211.94243222886837,211.98605400304288,206.24963053904148,207.4710693359375,9134784
2016-05-20 00:00:00+05:30,207.64560815253944,208.19089498730926,203.14152812293528,203.76315307617188,18544619
2016-05-23 00:00:00+05:30,204.4502360413172,205.1809301000736,201.89828867911154,202.8470916748047,18365734
2016-05-24 00:00:00+05:30,202.42173550289587,205.9006744655126,202.42173550289587,205.12637329101562,12283217
2016-05-25 00:00:00+05:30,207.17662236025947,207.82005808933837,205.27901694364894,207.4710693359375,9240115
2016-05-26 00:00:00+05:30,207.209395861224,207.7328718557532,205.92250948800168,206.52232360839844,14190024
2016-05-27 00:00:00+05:30,207.00216317090113,213.07667119097007,206.93673049621555,212.59681701660156,13401594
2016-05-30 00:00:00+05:30,212.96761402277878,214.07999859829175,210.48109961633403,211.2881317138672,9633652
2016-05-31 00:00:00+05:30,211.35355691648334,212.22602165702816,208.62712280228962,208.92156982421875,23332727
2016-06-01 00:00:00+05:30,208.94338601127544,210.7210318731968,207.60198709069198,207.9945831298828,9042808
2016-06-02 00:00:00+05:30,208.190880235493,208.76888336579293,206.1405983876339,208.57257080078125,10253825
2016-06-03 00:00:00+05:30,209.39050131852932,210.02303165142766,208.48532031661978,209.3141632080078,8643295
2016-06-06 00:00:00+05:30,209.60862143177584,210.04485378955368,207.76555755617267,208.25631713867188,8672842
2016-06-07 00:00:00+05:30,208.79069091210604,209.597708368657,207.55833199817468,208.3108367919922,18954268
2016-06-08 00:00:00+05:30,208.95429226899543,208.95429226899543,207.023970162108,208.10365295410156,12135516
2016-06-09 00:00:00+05:30,209.39052262579244,212.97851610545297,208.5616796500626,211.822509765625,15643495
2016-06-10 00:00:00+05:30,212.44411146859454,214.71251667813507,211.2008617010621,213.03302001953125,16316760
2016-06-13 00:00:00+05:30,211.54982931589012,214.50529198262217,210.05573981661985,213.9927215576172,10214469
2016-06-14 00:00:00+05:30,213.96001639179048,214.93063007277325,211.41897502202798,212.93487548828125,10923848
2016-06-15 00:00:00+05:30,213.75283443541477,215.17057148364384,212.38961005518647,214.75616455078125,11129082
2016-06-16 00:00:00+05:30,213.97091111581898,214.54891420564593,210.92820489125435,212.94577026367188,9372207
2016-06-17 00:00:00+05:30,213.09848518400435,213.4583794600206,211.5934899643093,212.64044189453125,10534878
2016-06-20 00:00:00+05:30,212.04061781884715,216.50107603810687,211.13545128848992,215.97760009765625,10758608
2016-06-21 00:00:00+05:30,216.82825870980668,216.83916415547142,213.68740299831282,215.30145263671875,13933068
2016-06-22 00:00:00+05:30,214.84338128420026,215.0396792805146,213.1202628543072,213.8618621826172,12788710
2016-06-23 00:00:00+05:30,213.74192821039682,214.1890514784339,211.57167174354558,213.85098266601562,9837526
2016-06-24 00:00:00+05:30,210.4592869790671,210.4592869790671,203.58866700142238,207.525634765625,24985097
2016-06-27 00:00:00+05:30,205.137274220309,209.04152546268156,205.137274220309,208.44171142578125,9163399
2016-06-28 00:00:00+05:30,208.60530732956065,209.7285972863339,208.29994030907554,208.91065979003906,7604977
2016-06-29 00:00:00+05:30,209.82674508694757,211.34264561564038,209.39051272876168,210.8955078125,7523987
2016-06-30 00:00:00+05:30,212.00787058623214,213.20751308827693,210.92820252639544,211.38624572753906,12758283
2016-07-01 00:00:00+05:30,212.17149673837937,213.05485237378142,211.57166812272655,212.3241729736328,6610193
2016-07-04 00:00:00+05:30,212.77129454574796,216.71916739015768,212.77129454574796,215.21417236328125,7803505
2016-07-05 00:00:00+05:30,215.0833318473131,218.7476635564476,213.81827101440084,216.61013793945312,11359882
2016-07-07 00:00:00+05:30,216.47928232726036,218.2241974139048,215.09424696823115,215.4759521484375,12029091
2016-07-08 00:00:00+05:30,215.27961854475262,215.7158363243316,212.95668606846462,213.40382385253906,7140617
2016-07-11 00:00:00+05:30,216.15207014993547,217.01362939053905,214.95244212783402,216.479248046875,8266601
2016-07-12 00:00:00+05:30,217.07907416750916,219.2056942162327,216.1520822078074,218.85671997070312,9767494
2016-07-13 00:00:00+05:30,219.2493201224054,221.75764535938146,219.0203057694674,220.0236358642578,14915296
2016-07-14 00:00:00+05:30,219.88187658653115,221.1905592204233,217.7334309345446,219.18389892578125,10758372
2016-07-15 00:00:00+05:30,220.07817520305275,222.69555503785514,218.8785470254373,220.77613830566406,13992989
2016-07-18 00:00:00+05:30,224.22234753064464,226.5670910735215,218.4968285799074,219.4783477783203,32106850
2016-07-19 00:00:00+05:30,219.42381601129358,223.1208638168102,217.08997796202542,221.99757385253906,16649300
2016-07-20 00:00:00+05:30,222.46652817503784,224.2877812311067,221.72492877016592,223.13177490234375,12265316
2016-07-21 00:00:00+05:30,223.34986107126636,223.5679845163783,219.20567577420246,219.50013732910156,6711097
2016-07-22 00:00:00+05:30,219.42381918648286,221.99757706497212,219.2275066120175,221.35414123535156,6899519
2016-07-25 00:00:00+05:30,221.16871374874017,223.2953336163233,219.71824598428452,223.0772247314453,8241568
2016-07-26 00:00:00+05:30,223.13177970977202,225.70553767153058,221.4304865160695,223.3607940673828,10516399
2016-07-27 00:00:00+05:30,223.14268453545603,223.78612038410625,220.06726152461027,220.97244262695312,11030767
2016-07-28 00:00:00+05:30,221.37597254829356,224.76765369325682,220.96155103064308,223.8624725341797,15610838
2016-07-29 00:00:00+05:30,223.3499014213819,223.54621401344878,220.73252152722608,221.3650665283203,9629597
2016-08-01 00:00:00+05:30,222.0412093617356,222.54287442689485,219.21661154877083,220.18722534179688,7978251
2016-08-02 00:00:00+05:30,219.8600458440736,222.47742543554978,219.4892461552792,220.90699768066406,7710138
2016-08-03 00:00:00+05:30,221.2559602020233,221.2559602020233,216.26113563281416,216.79551696777344,11872282
2016-08-04 00:00:00+05:30,217.8969996407805,218.11510853219008,214.49439901474827,216.5883026123047,10187608
2016-08-05 00:00:00+05:30,217.67891099608946,222.25932948815176,217.47170751611864,221.65951538085938,12109001
2016-08-08 00:00:00+05:30,222.45558839102415,225.53101086942524,222.182937738965,224.49496459960938,13556347
2016-08-09 00:00:00+05:30,224.00423129235458,225.640091716163,222.69553421730384,224.81124877929688,13290768
2016-08-10 00:00:00+05:30,224.93123554964967,225.65100951633352,218.55136061946686,218.9112548828125,13471958
2016-08-11 00:00:00+05:30,218.54045568158332,223.09906297452372,218.02788517926714,221.1905517578125,14169454
2016-08-12 00:00:00+05:30,221.82306604022682,227.47226116073028,221.82306604022682,225.9236297607422,16365425
2016-08-16 00:00:00+05:30,226.02179716356284,227.88667193409114,221.49590645940378,223.5461883544922,13367575
2016-08-17 00:00:00+05:30,223.3716865996531,224.39682754685194,219.68554427972663,221.01605224609375,15486572
2016-08-18 00:00:00+05:30,221.60497094047827,223.2735477770104,221.60497094047827,222.05210876464844,7749690
2016-08-19 00:00:00+05:30,222.04121875430815,222.91368357236286,219.6637586771128,221.3650665283203,8177802
2016-08-22 00:00:00+05:30,220.73249966063074,222.41199645300998,219.68554780668342,220.6997833251953,6684236
2016-08-23 00:00:00+05:30,220.73249322812407,221.3868490377773,219.20568727227726,220.39442443847656,7320433
2016-08-24 00:00:00+05:30,220.66705507567644,222.9027440097572,220.51437885188764,222.5864715576172,8719596
2016-08-25 00:00:00+05:30,222.73916224608712,224.44046994738392,220.07816080150351,220.88519287109375,14960746
2016-08-26 00:00:00+05:30,222.019398867878,224.83307668011062,221.2996103261385,224.20054626464844,9639663
2016-08-29 00:00:00+05:30,224.05878009520293,231.14752384106325,223.8079402769915,230.64585876464844,16193208
2016-08-30 00:00:00+05:30,231.63828357413973,233.05602067593378,229.67524505164582,232.59799194335938,18170724
2016-08-31 00:00:00+05:30,232.27078908187295,234.25563828343348,228.36652334781346,231.2020263671875,23295502
2016-09-01 00:00:00+05:30,229.67523808697118,233.98300561180895,223.7206900239731,224.48410034179688,42621045
2016-09-02 00:00:00+05:30,224.8984817190122,225.21475416788323,218.61677099941394,221.02694702148438,28124615
2016-09-06 00:00:00+05:30,222.45562744140625,223.5680120122679,221.38686465293074,222.45562744140625,11510431
2016-09-07 00:00:00+05:30,222.91366185799777,224.0151409394907,220.96152893376458,221.96485900878906,12927438
2016-09-08 00:00:00+05:30,223.14267635288076,225.95636856686406,222.52105141816577,225.40016174316406,12206479
2016-09-09 00:00:00+05:30,225.74913989229165,228.99904975967794,224.65856630672587,227.83213806152344,15269894
2016-09-12 00:00:00+05:30,224.74582152530684,230.32956963873107,224.4731853947723,228.25747680664062,33684893
2016-09-14 00:00:00+05:30,228.5846765842298,230.9839330024172,227.036059534669,227.87579345703125,18604842
2016-09-15 00:00:00+05:30,228.3665408728151,233.42681326863752,228.3665408728151,232.29261779785156,31371009
2016-09-16 00:00:00+05:30,232.72882949801365,238.58521346795038,231.00571099363268,234.5937042236328,39324529
2016-09-19 00:00:00+05:30,233.93938329636953,237.30926792478982,233.60131448096698,236.0878143310547,16678060
2016-09-20 00:00:00+05:30,236.4368115536536,236.6003932443385,233.17599582595273,234.29928588867188,11531268
2016-09-21 00:00:00+05:30,234.25565229591953,236.63309765406137,233.16507862631195,233.8739471435547,10943394
2016-09-22 00:00:00+05:30,236.2186719437638,239.01053856878045,235.3462072534434,237.51644897460938,18761415
2016-09-23 00:00:00+05:30,237.52737839301415,241.98783673646628,237.52737839301415,240.53736877441406,31085948
2016-09-26 00:00:00+05:30,240.66824254681805,246.3719655830976,239.9811848818014,241.49708557128906,38213411
2016-09-27 00:00:00+05:30,243.63457887869546,245.58671171327163,241.36618814891267,242.21682739257812,19374535
2016-09-28 00:00:00+05:30,241.6497486904658,241.67155958150352,236.9384651862504,237.88726806640625,24820234
2016-09-29 00:00:00+05:30,238.8360580256888,242.27136053832746,232.81607770486463,233.9175567626953,21260295
2016-09-30 00:00:00+05:30,232.9469415437521,238.73790748377385,232.57614185855147,236.37135314941406,11199883
2016-10-03 00:00:00+05:30,237.0911003755309,241.66061229687375,234.74637175489258,237.89813232421875,18125170
2016-10-04 00:00:00+05:30,238.41071927449184,241.7369671726673,238.18169038235172,239.1304931640625,13113580
2016-10-05 00:00:00+05:30,240.79911612418718,241.34440297540988,236.8294173640802,237.6146240234375,10789932
2016-10-06 00:00:00+05:30,238.18169414440447,245.65214206781874,238.18169414440447,242.2822723388672,21111045
2016-10-07 00:00:00+05:30,242.9802372809243,244.95416644191027,241.3443769039714,241.88966369628906,15280380
2016-10-10 00:00:00+05:30,242.98023151284224,244.72516085484094,238.6179227178514,239.1304931640625,11553662
2016-10-13 00:00:00+05:30,237.5273403994015,237.53824584338668,229.45707889029313,230.58038330078125,21938040
2016-10-14 00:00:00+05:30,231.85635996003558,236.00054534377966,231.56189839897752,235.05174255371094,15265659
2016-10-17 00:00:00+05:30,235.56433492299126,235.7388366109687,230.92938954621997,231.34381103515625,9826781
2016-10-18 00:00:00+05:30,232.51066878254954,236.16410865533686,231.64912422843304,235.80421447753906,11073137
2016-10-19 00:00:00+05:30,236.5349348480837,238.77062384438344,235.86968815162695,237.16746520996094,17073242
2016-10-20 00:00:00+05:30,238.60703143109822,239.49040159889924,236.4476950742572,237.2111053466797,10125508
2016-10-21 00:00:00+05:30,239.27229411104634,239.27229411104634,230.85304297465063,232.1181182861328,43608816
2016-10-24 00:00:00+05:30,233.383202695029,234.25566751138666,231.34382601479857,231.9218292236328,10513017
2016-10-25 00:00:00+05:30,232.29261702155662,232.34714424977685,229.93696796240553,231.38743591308594,7658966
2016-10-26 00:00:00+05:30,230.34048348340244,231.08208290551306,229.47892415948226,229.9042510986328,10945927
2016-10-27 00:00:00+05:30,229.26081114543476,229.87153064918294,227.58132887012542,228.73733520507812,12842476
2016-10-28 00:00:00+05:30,229.02088722237718,230.7658021388114,227.66856833413595,230.10055541992188,8127969
2016-11-01 00:00:00+05:30,229.30441582195954,230.31865129074313,228.4537620223326,229.23898315429688,10223897
2016-11-02 00:00:00+05:30,227.0578130947427,227.46132906464308,222.69550465042275,223.29531860351562,7039997
2016-11-03 00:00:00+05:30,223.31717836601754,225.69463837170628,222.60830982267387,223.3389892578125,7311872
2016-11-04 00:00:00+05:30,222.53197205271658,223.98244003939422,218.1151354171956,219.32568359375,11535892
2016-11-07 00:00:00+05:30,221.16872363406884,221.72491587537291,217.90790829936384,218.36595153808594,9506040
2016-11-08 00:00:00+05:30,219.35837891455245,219.35837891455245,217.74431483379163,218.87852478027344,13432073
2016-11-09 00:00:00+05:30,207.20935836046777,220.0781469636534,202.8470494888762,219.11843872070312,21640144
2016-11-10 00:00:00+05:30,222.17206638137736,224.42956636996118,219.64193025891092,220.38352966308594,9764091
2016-11-11 00:00:00+05:30,217.64615712724017,221.93212782976445,217.04634312337697,218.49681091308594,14775330
2016-11-15 00:00:00+05:30,217.35173049490948,218.11512623681472,213.6546680053739,214.93064880371094,14487470
2016-11-16 00:00:00+05:30,217.02456667895902,217.41717730089272,213.90552171583516,215.18148803710938,16550762
2016-11-17 00:00:00+05:30,215.06151186323157,217.7116078808309,212.5313757443697,213.26206970214844,12628378
2016-11-18 00:00:00+05:30,214.8433850933422,216.5228672160478,214.18902930734805,215.388671875,18163751
2016-11-21 00:00:00+05:30,215.3995948743663,216.70827743299952,214.4507920113533,216.2611541748047,13232434
2016-11-22 00:00:00+05:30,217.61345896353697,219.8164171631175,216.65375065322283,218.431396484375,17646355
2016-11-23 00:00:00+05:30,219.20570599564596,220.4053487091396,218.01698328791883,220.0781707763672,13107911
2016-11-24 00:00:00+05:30,219.32568639249493,219.32568639249493,214.2326974852652,215.35598754882812,18913793
2016-11-25 00:00:00+05:30,215.93396458545544,217.2208361838988,214.70162021067438,216.74098205566406,10454964
2016-11-28 00:00:00+05:30,216.5882974364724,218.24596865159003,214.6470701092924,215.20326232910156,8312777
2016-11-29 00:00:00+05:30,215.71584345277975,219.0530114968794,215.5086400006326,217.6134490966797,9885281
2016-11-30 00:00:00+05:30,218.1042062918196,218.1042062918196,215.20327063341747,215.9448699951172,27596098
2016-12-01 00:00:00+05:30,218.11511871945842,221.38685416345433,217.02454509146204,217.62435913085938,12627845
2016-12-02 00:00:00+05:30,217.2208417147253,219.20569094659677,216.3265806638875,216.9700164794922,12481430
2016-12-05 00:00:00+05:30,217.02455266257851,218.049693655859,215.17056869430255,216.7737274169922,3987213
2016-12-06 00:00:00+05:30,217.24263810771973,219.54375965133346,216.93728566781272,219.24929809570312,6726369
2016-12-07 00:00:00+05:30,218.98759060370128,219.772797235121,217.319013771928,217.9297332763672,4930865
2016-12-08 00:00:00+05:30,219.21660670809848,222.870047438481,219.06393047077154,222.48834228515625,8750556
2016-12-09 00:00:00+05:30,222.91368000735392,225.06211111944657,222.54288028160954,224.42958068847656,8239158
2016-12-12 00:00:00+05:30,222.5864934271383,227.21053341340274,222.5864934271383,224.04786682128906,9023848
2016-12-13 00:00:00+05:30,224.22233900511569,227.05784203938563,224.1241900010077,226.7960968017578,10365823
2016-12-14 00:00:00+05:30,226.79611047056923,232.1726552908185,226.44713621270844,231.09298706054688,24139260
2016-12-15 00:00:00+05:30,229.54434675169307,232.85968922402927,228.7264092980544,229.664306640625,19331986
2016-12-16 00:00:00+05:30,229.45707889029313,231.63824048735304,229.45707889029313,230.58038330078125,14942206
2016-12-19 00:00:00+05:30,230.1114434438035,232.71791745589903,229.96965810657227,231.75820922851562,15009634
2016-12-20 00:00:00+05:30,230.0460402048843,231.42015549531862,229.7079568251703,230.74400329589844,11688169
2016-12-21 00:00:00+05:30,231.22384631858503,232.79427411762782,230.59131593286094,231.91090393066406,20367894
2016-12-22 00:00:00+05:30,230.7657918775645,231.78002735864462,229.22808048883033,229.75155639648438,28892834
2016-12-23 00:00:00+05:30,229.45712295644648,233.1541856574639,229.45712295644648,230.61314392089844,10265033
2016-12-26 00:00:00+05:30,229.96968635445938,232.5107280122672,227.85397164057773,228.46469116210938,15321770
2016-12-27 00:00:00+05:30,228.55192091410248,232.75063348338534,228.36651379950698,232.22715759277344,17442849
2016-12-28 00:00:00+05:30,232.92512743081676,233.28502166617852,228.38833139233955,228.95542907714844,9637310
2016-12-29 00:00:00+05:30,229.0208923187473,233.1214562956236,228.91182330403737,232.39076232910156,8772325
2016-12-30 00:00:00+05:30,232.24899553933412,236.65492662529346,231.87819582694956,236.0878143310547,15711974
2017-01-02 00:00:00+05:30,236.43679294079746,237.74549004327724,233.89575141215497,236.67672729492188,7097888
2017-01-03 00:00:00+05:30,237.71278759586397,239.272310028762,235.80427633658056,237.6146240234375,6434204
2017-01-04 00:00:00+05:30,238.37803083895733,238.39984173028458,232.13994119927543,232.76156616210938,10392483
2017-01-05 00:00:00+05:30,233.60131200968934,235.542524996326,233.11055240025695,234.9972381591797,8734164
2017-01-06 00:00:00+05:30,234.29927842195005,236.6549274927825,234.05934405658374,234.46286010742188,7845839
2017-01-09 00:00:00+05:30,234.9099916110201,236.87303002381526,233.6013090424948,235.0626678466797,5228980
2017-01-10 00:00:00+05:30,235.5643230993557,238.7051786052128,235.5643230993557,237.7127685546875,11349916
2017-01-11 00:00:00+05:30,238.83605928418487,238.9887355139938,236.43678858715455,236.88392639160156,11475958
2017-01-12 00:00:00+05:30,237.0911361628406,237.82183011640626,235.52070836294743,236.28411865234375,4371992
2017-01-13 00:00:00+05:30,236.55673721287027,239.3813346898162,236.55673721287027,237.8327178955078,7234429
2017-01-16 00:00:00+05:30,237.73457818651454,238.6070283379646,234.24473390069468,234.74639892578125,12013154
2017-01-17 00:00:00+05:30,232.29258196304224,232.94692316293663,226.51253648396354,227.1123504638672,39234251
2017-01-18 00:00:00+05:30,227.4068201585827,228.58465190800652,224.38592450942386,225.2147674560547,15867619
2017-01-19 00:00:00+05:30,225.78186459618755,227.9957427433623,224.87668353620998,225.46560668945312,15284274
2017-01-20 00:00:00+05:30,225.52012311665266,226.2835187942939,223.3280559645556,223.7424774169922,8784907
2017-01-23 00:00:00+05:30,222.87004664760184,224.87669229680026,220.90700822033472,221.58316040039062,13708502
2017-01-24 00:00:00+05:30,221.82307709246723,224.3968349908142,221.82307709246723,224.06967163085938,9419288
2017-01-25 00:00:00+05:30,225.0948075019197,225.2474837330992,221.63767949016483,221.88851928710938,23856654
2017-01-27 00:00:00+05:30,222.53197112189497,224.4186714972763,222.25932041516026,223.58982849121094,21861796
2017-01-30 00:00:00+05:30,223.55712475703766,228.24659778518793,223.524408417586,227.88670349121094,15678126
2017-01-31 00:00:00+05:30,228.33380170217706,229.84970218019618,226.90514478087738,227.97390747070312,15125194
2017-02-01 00:00:00+05:30,228.17024833860086,229.21720026912456,225.79278832303294,228.94454956054688,11312284
2017-02-02 00:00:00+05:30,229.02087035165306,229.19535746244085,226.45801811192754,227.60311889648438,9099129
2017-02-03 00:00:00+05:30,228.1483988891492,229.1190125340376,224.6803657453914,225.45468139648438,13219481
2017-02-06 00:00:00+05:30,226.18537997086602,227.9084839653648,225.10571179304637,227.19961547851562,9991907
2017-02-07 00:00:00+05:30,227.27593984833976,227.35227795892135,224.04784095514063,224.8548583984375,9905562
2017-02-08 00:00:00+05:30,224.854863257337,226.45802185421633,222.91365043772575,223.6007080078125,16230826
2017-02-09 00:00:00+05:30,224.22234591645233,225.53104302491718,223.96061523076355,225.25839233398438,9861688
2017-02-10 00:00:00+05:30,225.74915676916052,225.86911666933952,223.6879693351467,224.69129943847656,12518554
2017-02-13 00:00:00+05:30,225.31292738477654,225.5310508570991,222.91367110928076,224.62586975097656,8565757
2017-02-14 00:00:00+05:30,225.74916506624677,229.65343116835373,224.63678046732463,228.97726440429688,18244623
2017-02-15 00:00:00+05:30,229.65340162480157,230.65673163593493,227.98481038106493,229.30441284179688,15236663
2017-02-16 00:00:00+05:30,229.5770902478851,233.2632328276043,229.5770902478851,232.83790588378906,19655195
2017-02-17 00:00:00+05:30,232.61978563094056,235.1717326094403,230.86395071256717,234.5828094482422,14847356
2017-02-20 00:00:00+05:30,233.50313211617075,235.31349418974352,232.61977652895155,234.5609893798828,11650581
2017-02-21 00:00:00+05:30,234.5173717033126,237.95268878928093,234.0484230095452,237.35287475585938,14186476
2017-02-22 00:00:00+05:30,238.39981202202412,264.2791593572124,238.18168857592565,263.3739929199219,127323130
2017-02-23 00:00:00+05:30,264.7045269407625,266.5367001056425,257.2340780434942,257.9756774902344,62249698
2017-02-27 00:00:00+05:30,259.66604802756177,274.12707611713836,259.63334625180096,270.22283935546875,83422197
2017-02-28 00:00:00+05:30,268.71781208116585,272.20767081469455,267.95440184320495,270.03741455078125,36111716
2017-03-01 00:00:00+05:30,270.48456150874114,271.42245889117874,268.28160339650844,269.26312255859375,24385665
2017-03-02 00:00:00+05:30,270.0047169453847,273.66906324335594,267.63819150796195,269.75390625,18063590
2017-03-03 00:00:00+05:30,270.8008502100597,280.8886639986305,270.8008502100597,274.5087890625,84305639
2017-03-06 00:00:00+05:30,276.78807609229557,286.1670205494475,275.9701531854544,284.716552734375,66724743
2017-03-07 00:00:00+05:30,287.6611038781255,289.43873499321745,282.7098865263874,284.6293029785156,42071555
2017-03-08 00:00:00+05:30,285.2291023287309,285.2291023287309,280.51783411551656,281.6302185058594,43336972
2017-03-09 00:00:00+05:30,281.36850450430023,283.11340473985325,279.51452070401393,280.65960693359375,31094457
2017-03-10 00:00:00+05:30,281.42303602587214,282.67720590423187,275.0867830828697,279.5472412109375,24785585
2017-03-14 00:00:00+05:30,287.63933564170037,287.6938774317287,280.3324829788653,281.25946044921875,27765035
2017-03-15 00:00:00+05:30,281.5975020789058,287.1049116543847,281.45574586188116,284.6293029785156,24107889
2017-03-16 00:00:00+05:30,285.73085803592187,285.8181016097939,282.15375502709685,283.0371398925781,15924023
2017-03-17 00:00:00+05:30,285.2945555765743,287.9010296392679,283.124328418439,283.70233154296875,22727289
2017-03-20 00:00:00+05:30,284.8583365858974,284.9128783687409,278.82746558001566,279.3618469238281,12869337
2017-03-21 00:00:00+05:30,279.66725149289954,280.0380366772965,274.67241135005304,275.6539306640625,22596181
2017-03-22 00:00:00+05:30,273.08014660775535,276.11194799714235,271.8914384175392,274.7596435546875,20291685
2017-03-23 00:00:00+05:30,275.51210453375325,278.65296004986203,274.3888291401525,277.7259826660156,11807911
2017-03-24 00:00:00+05:30,277.9004566821145,281.8047222831855,276.6680977767457,280.65960693359375,16282523
2017-03-27 00:00:00+05:30,277.24608305065016,278.91468874752735,272.03313532840855,272.8837890625,32452615
2017-03-28 00:00:00+05:30,274.38879491616166,275.69747727130755,270.92074736301197,271.7168884277344,21707345
2017-03-29 00:00:00+05:30,273.0147080436769,274.82507030535544,269.01230747335387,274.0943908691406,18924345
2017-03-30 00:00:00+05:30,273.73447353291084,278.0422553459146,273.29825573311905,277.1479797363281,27862325
2017-03-31 00:00:00+05:30,276.1337475475613,291.76170259699813,276.1337475475613,288.1082763671875,45390562
2017-04-03 00:00:00+05:30,292.7105545699474,301.10798170990057,291.63087163823036,299.8320007324219,44886623
2017-04-05 00:00:00+05:30,304.31426121502307,309.28729048960577,301.02072896528307,308.6329345703125,40323877
2017-04-06 00:00:00+05:30,307.32418851912024,316.0269661161793,305.841018959726,313.7585754394531,50620850
2017-04-07 00:00:00+05:30,310.00703758207186,312.77707890149367,305.9173645940852,306.80072021484375,31875272
2017-04-10 00:00:00+05:30,307.54234627690647,310.79225658671766,300.4099806611396,301.2933654785156,30768410
2017-04-11 00:00:00+05:30,302.71112873865724,305.45938876335964,298.83959310450695,299.3303527832031,32249647
2017-04-12 00:00:00+05:30,301.60959220948064,302.40573341379314,294.7062559036888,295.327880859375,27448279
2017-04-13 00:00:00+05:30,295.327838935369,299.5592676835759,293.87737120466784,297.6835021972656,12713918
2017-04-17 00:00:00+05:30,297.7271725898525,304.3905892359677,297.7271725898525,303.58355712890625,11837502
2017-04-18 00:00:00+05:30,305.3502567714873,307.5422947584775,298.1633505689374,298.861328125,16016414
2017-04-19 00:00:00+05:30,298.59962154088436,301.5550993963854,296.1022015481623,298.5559997558594,11572557
2017-04-20 00:00:00+05:30,300.78080669318985,302.48208547749056,297.53086713647616,298.7196044921875,8393496
2017-04-21 00:00:00+05:30,301.10792229562276,309.9415946920145,300.68259538705485,305.9064636230469,30230907
2017-04-24 00:00:00+05:30,307.3351203293265,312.9952360104729,305.40481273218376,309.1564025878906,25512511
2017-04-25 00:00:00+05:30,318.4481183849275,320.13850624665304,311.05402193066243,312.515380859375,36764315
2017-04-26 00:00:00+05:30,312.9952088172394,314.0966733133538,305.9282766741984,308.94915771484375,16763153
2017-04-27 00:00:00+05:30,309.06916371802555,310.6286861796481,305.8410643345287,307.43328857421875,12571594
2017-04-28 00:00:00+05:30,307.48779533622826,309.78888786542814,303.3981225026031,304.314208984375,11848658
2017-05-02 00:00:00+05:30,305.79736636197384,305.79736636197384,298.01067525842427,298.9376525878906,18591411
2017-05-03 00:00:00+05:30,300.32267755770084,301.16241130403563,297.7271236508428,298.8395080566406,9500038
2017-05-04 00:00:00+05:30,299.9083119533474,300.9116420574184,295.3387992576331,296.189453125,14365934
2017-05-05 00:00:00+05:30,296.98554531092043,298.23971513700036,289.0025267950224,289.7113952636719,15598448
2017-05-08 00:00:00+05:30,290.09314119198274,292.16523422563927,287.5520994081821,288.21734619140625,16066733
2017-05-09 00:00:00+05:30,288.78442889553264,290.8892234921245,287.96647682824334,290.1694641113281,21106150
2017-05-10 00:00:00+05:30,291.14005478726995,297.4217657380991,290.23488830512395,296.44024658203125,22906024
2017-05-11 00:00:00+05:30,297.53083171020285,298.7631907054439,294.8153030385768,296.5384216308594,13783848
2017-05-12 00:00:00+05:30,296.6474927159638,297.5090375004031,293.1576626746752,294.5535888671875,7523427
2017-05-15 00:00:00+05:30,295.8513755846946,295.8513755846946,290.85653585687714,293.1685485839844,6738085
2017-05-16 00:00:00+05:30,293.5938399125287,300.3226883694539,292.49234635104966,295.82952880859375,12655992
2017-05-17 00:00:00+05:30,295.10971987449096,297.9343025705111,293.9646046150187,295.13153076171875,9844573
2017-05-18 00:00:00+05:30,292.3287675790319,294.4553728265061,288.806207267769,289.51507568359375,9790379
2017-05-19 00:00:00+05:30,290.74747580449014,291.3363698606198,285.7308252818308,287.6611328125,12813204
2017-05-22 00:00:00+05:30,289.3297091687695,290.87834066492604,286.86502025349535,288.817138671875,8801430
2017-05-23 00:00:00+05:30,289.15518738956195,290.060382934759,283.9858612582353,284.7601623535156,9223001
2017-05-24 00:00:00+05:30,285.1854990011535,286.53783236317406,282.48089051713663,283.0479736328125,14326531
2017-05-25 00:00:00+05:30,283.5496640476299,286.2542726351033,282.77533377620387,284.08404541015625,25922008
2017-05-26 00:00:00+05:30,284.4112134677526,293.23396609799767,283.54966874247975,291.68536376953125,21430443
2017-05-29 00:00:00+05:30,291.61993500131155,297.8252935233701,291.3145534135725,295.9604187011719,24022633
2017-05-30 00:00:00+05:30,295.7423216973924,297.6617383832214,294.12825749157685,296.49481201171875,9658309
2017-05-31 00:00:00+05:30,298.16337991135885,298.3705979337097,291.35817815007647,292.42694091796875,16423338
2017-06-01 00:00:00+05:30,290.6820235262946,292.2742475795672,288.56630900508816,289.7113952636719,9534069
2017-06-02 00:00:00+05:30,291.1836871211805,291.99071918898,287.2576103546006,288.947998046875,11495005
2017-06-05 00:00:00+05:30,289.27518686653826,292.4923659717972,287.00679604519996,289.9513244628906,10835031
2017-06-06 00:00:00+05:30,290.95465656746495,290.95465656746495,285.94892619036233,286.3415222167969,9591064
2017-06-07 00:00:00+05:30,285.99255005999987,292.71050817926755,285.51271046863064,292.05615234375,11199223
2017-06-08 00:00:00+05:30,292.2742905571139,293.32124252691807,289.6678160789554,290.46392822265625,7903123
2017-06-09 00:00:00+05:30,293.3866467010995,295.09884529203276,290.3112237685909,291.33636474609375,13836547
2017-06-12 00:00:00+05:30,289.34062365411125,290.0386012706135,287.2576108098692,287.7919921875,8432435
2017-06-13 00:00:00+05:30,288.0428202288354,289.43874628483593,285.94891658482817,286.6795959472656,6025338
2017-06-14 00:00:00+05:30,287.01768570940146,296.6365503289753,287.01768570940146,296.0912780761719,52939271
2017-06-15 00:00:00+05:30,296.6364843819186,304.2705271841041,296.44018641454954,301.8603515625,28290813
2017-06-16 00:00:00+05:30,302.9837065925329,304.44506526999805,298.6650049868653,302.91827392578125,32710880
2017-06-19 00:00:00+05:30,303.2236466084416,308.80738014397826,303.2236466084416,307.37872314453125,15236956
2017-06-20 00:00:00+05:30,307.32422170884666,310.1815358121526,306.9861383357052,308.0549011230469,10142474
2017-06-21 00:00:00+05:30,307.06246484412753,311.4683809650011,306.2881345935681,310.1596984863281,19992472
2017-06-22 00:00:00+05:30,311.78465791003055,315.26359672528025,311.40295278158476,312.4826354980469,22118609
2017-06-23 00:00:00+05:30,313.21333392377994,314.5220165009504,312.0355166923251,313.18060302734375,31143289
2017-06-27 00:00:00+05:30,312.3408360033211,314.74009199339844,310.81401555871804,313.464111328125,32591540
2017-06-28 00:00:00+05:30,314.074889223181,314.074889223181,304.39059123489363,305.0340270996094,15567803
2017-06-29 00:00:00+05:30,305.3611741463324,307.5423214382329,303.2018377449507,303.7689208984375,12898245
2017-06-30 00:00:00+05:30,303.61620509317356,303.7034486438776,299.9191577120531,300.99884033203125,7814271
2017-07-03 00:00:00+05:30,302.78739708416896,304.2051631862772,299.0358366121598,301.2278747558594,9195278
2017-07-04 00:00:00+05:30,303.18000489723477,311.27207765374163,302.9618960078436,310.1487731933594,18816782
2017-07-05 00:00:00+05:30,311.7846630042028,315.7107396809208,310.59592582019263,314.6637878417969,27209010
2017-07-06 00:00:00+05:30,315.9833826758562,316.2669533848606,313.6495590495309,314.6419982910156,13590313
2017-07-07 00:00:00+05:30,314.74015053099635,326.68194916082825,314.0858237501943,325.2424011230469,35845310
2017-07-10 00:00:00+05:30,326.1038882208501,327.3689780131679,324.79520577087874,325.6131286621094,3504540
2017-07-11 00:00:00+05:30,327.39083665128106,328.13240697974794,324.3372244093103,325.94036865234375,20995547
2017-07-12 00:00:00+05:30,327.0417886226503,332.6255509361608,326.6273817309498,329.59375,17104482
2017-07-13 00:00:00+05:30,331.69719769206,335.26974492424296,331.12557722025053,334.6321716308594,23010262
2017-07-14 00:00:00+05:30,334.170509308723,337.6880812587091,333.19216507304014,337.19342041015625,20530867
2017-07-17 00:00:00+05:30,337.90791271272013,342.8765053065951,337.90791271272013,341.15069580078125,18749450
2017-07-18 00:00:00+05:30,340.0624456806391,341.1616887626977,332.19186990933974,334.1485290527344,19640167
2017-07-19 00:00:00+05:30,332.5435855651652,338.12776687565776,332.5435855651652,337.01751708984375,11790198
2017-07-20 00:00:00+05:30,338.51253526414393,340.7659969567694,334.9839561985099,336.127197265625,13626050
2017-07-21 00:00:00+05:30,340.7659924844178,349.9336997167253,339.6557718734784,348.4607238769531,97142371
2017-07-24 00:00:00+05:30,351.75844033158796,357.2326715970578,348.4607110072266,355.11114501953125,43429394
2017-07-25 00:00:00+05:30,357.1886956404528,357.24367100289487,351.23078109410665,352.2311096191406,20063064
2017-07-26 00:00:00+05:30,352.6818238295933,358.3319295298749,352.0002819207915,356.760009765625,21954323
2017-07-27 00:00:00+05:30,357.91418814527617,358.683637720449,349.19717418449613,350.6152038574219,18409364
2017-07-28 00:00:00+05:30,349.83474288721385,353.0665487377584,346.92175305334956,350.53826904296875,14331863
2017-07-31 00:00:00+05:30,352.1871686895664,355.8916219933319,350.8790602164746,355.10015869140625,16567422
2017-08-01 00:00:00+05:30,356.759956688582,356.759956688582,349.8896806628475,352.54986572265625,12311920
2017-08-02 00:00:00+05:30,353.9569411452772,359.6070468448205,353.53921054903253,358.17803955078125,20786240
2017-08-03 00:00:00+05:30,357.6613815881096,366.0266478093563,355.5068639103855,362.7728576660156,19707381
2017-08-04 00:00:00+05:30,365.6088766903527,365.6088766903527,355.07811649712875,356.6280517578125,18579866
2017-08-07 00:00:00+05:30,358.7056415909039,358.7056415909039,354.51753451555027,355.35296630859375,9537088
2017-08-08 00:00:00+05:30,355.7157345874601,356.3862696685581,348.8564351443782,352.3190612792969,10961296
2017-08-09 00:00:00+05:30,352.08820316656966,356.1554114571411,348.4607097285341,351.4945983886719,10436651
2017-08-10 00:00:00+05:30,350.230470076191,353.2204193855858,346.9107566578007,348.3177795410156,10188164
2017-08-11 00:00:00+05:30,340.97481852222666,347.36141138197297,337.0285093628311,339.9415283203125,16996281
2017-08-14 00:00:00+05:30,343.1843174949378,348.3507690384517,343.1843174949378,345.83349609375,13440617
2017-08-16 00:00:00+05:30,345.6027047526509,346.48210520503886,340.8099854953141,344.30560302734375,13576650
2017-08-17 00:00:00+05:30,344.9431223855997,351.2418082296169,343.21731269638735,344.5254211425781,15828719
2017-08-18 00:00:00+05:30,343.8438621373288,346.8777801218553,341.45849493678236,346.3501281738281,7935890
2017-08-21 00:00:00+05:30,346.7018690872631,348.273788599654,343.01940071000473,343.9317626953125,7573558
2017-08-22 00:00:00+05:30,345.60265805485136,347.33944509592527,342.09606353362403,342.9754638671875,9533641
2017-08-23 00:00:00+05:30,344.03072019418977,348.8014249254596,341.45847215325404,347.8121032714844,8320052
2017-08-24 00:00:00+05:30,349.55990098588995,350.2414134114105,343.9537355702024,344.73419189453125,12654347
2017-08-28 00:00:00+05:30,347.1525716639717,347.79011558597875,343.228246820904,344.4044494628906,12316426
2017-08-29 00:00:00+05:30,343.371180448652,344.61333598676276,336.36899822657466,336.8416748046875,15164812
2017-08-30 00:00:00+05:30,340.22731433093554,344.8991043819137,338.84227579326404,343.8658142089844,10334911
2017-08-31 00:00:00+05:30,346.2621752131938,351.1978061253657,346.0423324747119,350.54925537109375,25104625
2017-09-01 00:00:00+05:30,351.7254507639491,355.4079195948004,351.53859910026716,353.9789123535156,15431918
2017-09-04 00:00:00+05:30,355.16606645096164,359.7059510333545,350.8460246046774,354.6933898925781,21560532
2017-09-05 00:00:00+05:30,358.35388610738715,359.42016744025676,356.3862495264694,358.9255065917969,25216776
2017-09-06 00:00:00+05:30,357.56243333503215,363.30050521525425,356.77099943555487,361.73956298828125,48745984
2017-09-07 00:00:00+05:30,361.8714657564821,366.0485950376591,358.353864666123,359.7169189453125,16205339
2017-09-08 00:00:00+05:30,360.5523854654127,361.9814220530865,357.07878193740225,359.1893310546875,13248413
2017-09-11 00:00:00+05:30,361.1239871378895,363.5643002551419,359.0354224046733,359.6289978027344,12690592
2017-09-12 00:00:00+05:30,361.7615180943989,362.7508397404784,359.2332679719178,362.20123291015625,6500191
2017-09-13 00:00:00+05:30,362.31121898376716,378.09637024228743,361.4318185466942,373.3036804199219,29377106
2017-09-14 00:00:00+05:30,376.29363347946594,378.799899798418,370.2257968265762,371.0392150878906,11867640
2017-09-15 00:00:00+05:30,370.225754482086,374.99645952368064,367.0379465789162,370.1378173828125,28595395
2017-09-18 00:00:00+05:30,373.74331069035946,374.20500979350754,370.7093928393166,371.7866516113281,5061995
2017-09-19 00:00:00+05:30,373.1717751881323,373.19375946529686,368.02730757409233,368.7308044433594,7718697
2017-09-20 00:00:00+05:30,376.42550656543386,383.63655436704994,371.588819213282,372.4902038574219,24942703
2017-09-21 00:00:00+05:30,372.4242218722812,374.49080230392065,367.697456267361,369.9399108886719,12950541
2017-09-22 00:00:00+05:30,369.30242853896993,369.30242853896993,357.56247220255096,359.4092102050781,12294087
2017-09-25 00:00:00+05:30,358.3538589436711,364.04796167580025,354.04482409314045,361.23388671875,14229631
2017-09-26 00:00:00+05:30,361.2999007079691,363.65227698559784,357.1227707862714,360.59637451171875,10564143
2017-09-27 00:00:00+05:30,363.01473922293127,363.0587077764853,349.7798230336181,351.38470458984375,18448855
2017-09-28 00:00:00+05:30,351.60446895608953,353.0334758601644,343.05232374719395,345.8004455566406,29547622
2017-09-29 00:00:00+05:30,348.13096578073163,348.8564763121598,342.5687966437991,343.3602600097656,16666208
2017-10-03 00:00:00+05:30,349.5599830769659,353.4512881523021,345.3168708673597,351.032958984375,18345748
2017-10-04 00:00:00+05:30,351.40669827894175,362.7289239889092,349.82380095709567,360.0467834472656,18907611
2017-10-05 00:00:00+05:30,362.7508994541874,364.26787325859016,359.9588375935405,362.3771667480469,10631751
2017-10-06 00:00:00+05:30,362.3111534490549,369.06053077049916,361.6955644489999,368.0492248535156,12997688
2017-10-09 00:00:00+05:30,368.90663031690275,369.2584080569421,364.0699725684971,365.23516845703125,8850408
2017-10-10 00:00:00+05:30,365.3890474118601,372.5561260737543,365.3890474118601,370.75335693359375,14732024
2017-10-11 00:00:00+05:30,371.6767621056397,377.4368184671019,367.5875694059078,369.4123229980469,15420644
2017-10-12 00:00:00+05:30,370.26971810699587,385.52724490054436,370.26971810699587,383.7464599609375,18642942
2017-10-13 00:00:00+05:30,386.6265144876887,391.6390468293051,384.0102975852104,385.37335205078125,21509701
2017-10-16 00:00:00+05:30,386.49462024036904,392.2106789352874,378.71195148280214,385.52728271484375,32009221
2017-10-17 00:00:00+05:30,386.0548324179771,388.6930331759308,381.30608279425985,384.449951171875,13898844
2017-10-18 00:00:00+05:30,385.791079527061,403.5988419456188,384.73580493449094,402.1038818359375,36671941
2017-10-19 00:00:00+05:30,402.67544083968835,405.357610334306,397.0473199127622,400.08123779296875,8014767
2017-10-23 00:00:00+05:30,401.4003587024283,415.38276917369177,399.72949502172276,413.20623779296875,27455320
2017-10-24 00:00:00+05:30,416.7018491061896,416.7018491061896,408.1277467684974,410.78790283203125,13857773
2017-10-25 00:00:00+05:30,413.36015390028865,415.9103886022918,408.69934066184766,413.272216796875,10011782
2017-10-26 00:00:00+05:30,413.3161551285705,421.1427622206605,409.35886835828296,416.5699157714844,16840049
2017-10-27 00:00:00+05:30,417.71316852405994,420.6591496176772,407.02848732165654,408.8532409667969,11498547
2017-10-30 00:00:00+05:30,410.67799142410144,415.75650599319505,409.18303128823794,414.4154357910156,7823263
2017-10-31 00:00:00+05:30,415.4927108310701,415.84445926459415,409.88654406275253,413.68994140625,9504986
2017-11-01 00:00:00+05:30,416.7238319399557,421.1427887477525,415.8444315632219,418.8343811035156,17571371
2017-11-02 00:00:00+05:30,418.94427772003394,420.57117272355947,415.1848494033608,416.2181396484375,10277678
2017-11-03 00:00:00+05:30,420.32931321375895,420.32931321375895,413.3821064679399,415.64654541015625,4798537
2017-11-06 00:00:00+05:30,414.4154346102954,414.4154346102954,408.4795039332275,410.0184326171875,9757496
2017-11-07 00:00:00+05:30,410.39219632174775,411.1176774385511,397.0693433345378,398.6742248535156,20447574
2017-11-08 00:00:00+05:30,396.82747358890566,398.3664021134632,388.7370259814017,390.3638916015625,17752793
2017-11-09 00:00:00+05:30,393.41980994231596,400.0812506693049,392.23262975124413,395.9480895996094,15007224
2017-11-10 00:00:00+05:30,396.14593286877397,396.14593286877397,386.5825095313214,388.6271057128906,13923102
2017-11-13 00:00:00+05:30,389.1327540645319,392.1666720043009,384.076224164917,384.845703125,9088619
2017-11-14 00:00:00+05:30,384.73575190719316,393.52969584939234,383.8563516426734,389.8802185058594,12481463
2017-11-15 00:00:00+05:30,388.9128750686924,391.5950150144635,386.0328473190869,388.5611267089844,15272059
2017-11-16 00:00:00+05:30,389.3525876503477,398.36640415948153,389.3525876503477,397.4210510253906,15160866
2017-11-17 00:00:00+05:30,404.06056448903047,406.6767521703506,399.4657038116165,400.960693359375,12219276
2017-11-20 00:00:00+05:30,398.4543962914145,406.4349236727002,397.9267736422081,404.8959655761719,9231195
2017-11-21 00:00:00+05:30,407.5120942227907,413.16219895689915,406.9404737919459,410.04034423828125,13082246
2017-11-22 00:00:00+05:30,412.1949447025352,412.72259669516274,406.03917111373835,409.2489929199219,11058315
2017-11-23 00:00:00+05:30,409.35889972798043,417.6691908418121,407.4462090190028,416.3940734863281,16031638
2017-11-24 00:00:00+05:30,417.7131233150486,421.89025278710903,416.56991171389,418.19677734375,13987125
2017-11-27 00:00:00+05:30,416.5039922114032,421.0108861544857,415.07495558200895,418.3067321777344,10237135
2017-11-28 00:00:00+05:30,417.6472286469186,418.306756959709,412.48077677253656,414.7891845703125,10153618
2017-11-29 00:00:00+05:30,414.129622538219,417.7131770726038,413.7558898315795,415.9543762207031,8038351
2017-11-30 00:00:00+05:30,413.9537427541948,413.9537427541948,404.30238117845596,405.2037658691406,20637767
2017-12-01 00:00:00+05:30,406.4788524582643,409.4688018990885,399.1139149064519,400.169189453125,11114967
2017-12-04 00:00:00+05:30,401.66416710828804,401.7960727634677,394.56304054392774,396.4317626953125,10103208
2017-12-05 00:00:00+05:30,396.18990704611383,404.8519459226566,393.7276096242593,401.7520751953125,18306627
2017-12-06 00:00:00+05:30,400.1252583403562,409.05110959665984,399.59760634189985,407.44622802734375,24078081
2017-12-07 00:00:00+05:30,408.94118087702634,411.5573978424175,405.841309827271,409.6007385253906,12095301
2017-12-08 00:00:00+05:30,410.6119874260927,411.9750417346528,404.104466360806,404.96185302734375,12224184
2017-12-11 00:00:00+05:30,405.59945239690927,407.16039461887163,401.6861340560478,402.829345703125,10792248
2017-12-12 00:00:00+05:30,402.74144486990264,408.4795172484126,399.24585678915236,402.5875549316406,15782031
2017-12-13 00:00:00+05:30,403.15915207658975,406.6987085056366,400.4330138454182,402.1698303222656,9147866
2017-12-14 00:00:00+05:30,404.08255000159204,406.67675341371495,399.5756264189133,405.1817932128906,10983157
2017-12-15 00:00:00+05:30,409.3589013418954,410.21631745807645,403.510907812253,404.41229248046875,24408414
2017-12-18 00:00:00+05:30,400.98261146916843,410.0843355105695,379.30550141571325,404.96185302734375,18581421
2017-12-19 00:00:00+05:30,406.1051374177366,407.60009752730775,404.52221085324663,407.138427734375,8891691
2017-12-20 00:00:00+05:30,407.11642020309387,407.77594844103834,403.20310191861756,403.708740234375,10443493
2017-12-21 00:00:00+05:30,403.840600364743,406.25895835246854,400.12517032192085,401.4222717285156,9071450
2017-12-22 00:00:00+05:30,402.16980881811315,405.5774594112423,399.81740339823574,404.69805908203125,10658428
2017-12-26 00:00:00+05:30,406.654705470742,412.8324625046236,403.7087247332023,408.8312072753906,11596338
2017-12-27 00:00:00+05:30,410.23825907165235,412.216873058955,404.0824863179319,406.1710510253906,9520350
2017-12-28 00:00:00+05:30,406.83065787470065,410.85389815116287,404.12653298008263,406.3689880371094,15511891
2017-12-29 00:00:00+05:30,407.3802301791146,409.9304647272447,403.8626288487955,404.9838562011719,11089700
2018-01-01 00:00:00+05:30,405.7093321656008,405.7093321656008,399.0259371678456,400.0152587890625,9453202
2018-01-02 00:00:00+05:30,401.4443374776237,404.3243657644046,398.54232491426063,400.6308898925781,9499419
2018-01-03 00:00:00+05:30,406.72071925017923,407.1604341426632,401.4663302779535,402.2358093261719,13507800
2018-01-04 00:00:00+05:30,403.7087301164242,405.31364082486886,402.6314713366122,404.6540832519531,9008932
2018-01-05 00:00:00+05:30,405.3136888871881,407.55614380891217,404.6321469594076,405.95123291015625,7441284
2018-01-08 00:00:00+05:30,407.20435740385597,409.3588750180191,406.06114577296336,408.2816162109375,8827020
2018-01-09 00:00:00+05:30,408.10576609193913,415.0310189592634,406.28104170943914,413.7339172363281,14294571
2018-01-10 00:00:00+05:30,414.6352523601828,416.5699272501448,411.3375230779073,414.3494567871094,11727682
2018-01-11 00:00:00+05:30,414.1075988695826,414.48136089217263,411.11764944637065,412.32684326171875,7849171
2018-01-12 00:00:00+05:30,414.63526572971494,418.9443011456159,412.54670084844645,417.2734375,15071161
2018-01-15 00:00:00+05:30,417.713148018475,421.4505628794267,415.6025988835957,417.3393859863281,11120925
2018-01-16 00:00:00+05:30,416.70178197294064,416.70178197294064,404.52214297553,405.8192443847656,10825151
2018-01-17 00:00:00+05:30,407.16041211948584,408.47949802257943,398.8061231292183,406.5008544921875,13204016
2018-01-18 00:00:00+05:30,408.4794818607916,408.7432931606718,402.3676773045552,404.3902893066406,9381821
2018-01-19 00:00:00+05:30,405.84121618303146,410.85377684008597,405.44549929622343,409.49072265625,9973533
2018-01-22 00:00:00+05:30,416.83372365050184,428.39777467576323,413.31615174542833,427.1666259765625,45700733
2018-01-23 00:00:00+05:30,428.70557564182593,435.71873504339794,428.70557564182593,432.33306884765625,22526810
2018-01-24 00:00:00+05:30,431.67352374907864,431.67352374907864,423.27529616245386,424.9021911621094,14289485
2018-01-25 00:00:00+05:30,425.5837167012259,427.3864859503366,420.4172653298735,424.704345703125,13669901
2018-01-29 00:00:00+05:30,424.8362397967424,429.7168661094507,421.802321881315,424.0887451171875,9897064
2018-01-30 00:00:00+05:30,424.6603695937107,424.6603695937107,417.2734185291451,417.8890075683594,9182956
2018-01-31 00:00:00+05:30,417.7131392989015,424.08875512111547,413.997679439338,422.6817321777344,12551686
2018-02-01 00:00:00+05:30,423.5391347095605,427.6502820339128,411.82116435876986,415.00897216796875,16524809
2018-02-02 00:00:00+05:30,411.1176413978391,415.0529439106164,396.16792392595465,397.6408996582031,28965593
2018-02-05 00:00:00+05:30,393.0900590160554,401.2244757796737,387.72574902559705,396.673583984375,19191099
2018-02-06 00:00:00+05:30,385.61518115300373,394.8488405971772,382.9769801611679,392.2546081542969,24062503
2018-02-07 00:00:00+05:30,396.8494536721968,398.10258662281103,391.33122487236,393.2658996582031,15532284
2018-02-08 00:00:00+05:30,394.80488402114116,400.4110209404907,392.364541425599,397.7288513183594,13825894
2018-02-09 00:00:00+05:30,390.89156386035035,396.60762212940665,389.5724486546818,394.78289794921875,11580639
2018-02-12 00:00:00+05:30,397.0473331188459,403.73072877633416,396.6296025455643,402.5435485839844,11877059
2018-02-14 00:00:00+05:30,405.8412810361191,414.4154124505737,404.961880684521,410.5240783691406,22247829
2018-02-15 00:00:00+05:30,412.2828732395473,415.84441379405536,408.1057142906776,411.4034729003906,13363743
2018-02-16 00:00:00+05:30,413.14022993041374,414.4593450190421,403.6867283365745,405.0937805175781,9628162
2018-02-19 00:00:00+05:30,404.9618661783807,409.798553263164,401.68612126585737,407.6000671386719,8941900
2018-02-20 00:00:00+05:30,408.47946153904,408.72128855189936,403.9945522581919,405.0058288574219,8458450
2018-02-21 00:00:00+05:30,408.919157384304,410.0184004584889,405.4675382405737,408.63336181640625,11917390
2018-02-22 00:00:00+05:30,405.4016156779068,409.3589027809596,404.52221528261697,406.4349060058594,11196908
2018-02-23 00:00:00+05:30,406.89656862590834,412.4367822130504,405.7313726619427,410.78790283203125,10610664
2018-02-26 00:00:00+05:30,412.8764429998568,415.4706754324035,411.8211684776262,412.7445373535156,8435611
2018-02-27 00:00:00+05:30,412.87642325542,420.2633445577793,412.5906277020147,417.9329528808594,14021366
2018-02-28 00:00:00+05:30,415.9323326302963,420.83497242871914,414.7231682238602,419.7137451171875,56650480
2018-03-01 00:00:00+05:30,417.60324837104173,422.0661739016729,415.93238465586256,417.0096435546875,8956590
2018-03-05 00:00:00+05:30,414.6353039469495,417.7791436964025,405.2257689761773,406.32501220703125,12325694
2018-03-06 00:00:00+05:30,408.47945805302135,411.64528152157317,397.97068170526603,400.4989318847656,16019726
2018-03-07 00:00:00+05:30,399.79544642431404,399.79544642431404,390.47384926054247,391.2213439941406,15853546
2018-03-08 00:00:00+05:30,394.69495055104676,402.1038864106876,392.7822891783494,400.7627868652344,13283967
2018-03-09 00:00:00+05:30,402.2797139318743,404.23637298120116,400.5868661651983,401.4882507324219,10638527
2018-03-12 00:00:00+05:30,404.52220822330077,410.28226456860386,403.44494936195815,409.05108642578125,8315150
2018-03-13 00:00:00+05:30,409.7546197741428,411.5573891170152,405.1158201118897,409.7326354980469,11148731
2018-03-14 00:00:00+05:30,408.39154346914756,409.8205506904809,404.1704452784072,408.50146484375,14724464
2018-03-15 00:00:00+05:30,406.72068120112385,408.67734037844394,400.12522259441727,400.9166564941406,12711836
2018-03-16 00:00:00+05:30,399.68551751496886,399.99332672388886,389.5944708832624,395.750244140625,30814962
2018-03-19 00:00:00+05:30,396.1679322023547,398.76213533161535,392.21064533256566,393.7496032714844,12630833
2018-03-20 00:00:00+05:30,392.78230526138793,397.48705794665955,390.0341825811421,391.24334716796875,15192983
2018-03-21 00:00:00+05:30,393.4637582500549,396.76148735593546,392.7822457661031,394.3651428222656,14715126
2018-03-22 00:00:00+05:30,393.9694722069794,400.9826617944784,393.85955082567887,399.3117980957031,22129723
2018-03-23 00:00:00+05:30,391.5950606869405,395.728221801563,390.93553243556585,393.04608154296875,23469999
2018-03-26 00:00:00+05:30,393.06807460615215,397.6189370483925,392.43050126406655,396.2119140625,13227705
2018-03-27 00:00:00+05:30,398.89407945730454,400.4549923552289,394.409140538242,395.6402893066406,15179544
2018-03-28 00:00:00+05:30,393.8814852028125,393.90346947628746,386.93424932420874,388.1214294433594,19160609
2018-04-02 00:00:00+05:30,392.6503412089737,396.14595840040124,389.79232670657075,392.62835693359375,12494499
2018-04-03 00:00:00+05:30,391.7709356595587,396.4756875821662,389.24265615921826,395.53033447265625,13922126
2018-04-04 00:00:00+05:30,397.7948759559653,400.9167316445609,392.2327065827906,393.48583984375,14214534
2018-04-05 00:00:00+05:30,397.97074672539765,400.1252646038529,397.26722050027786,399.33380126953125,8527915
2018-04-06 00:00:00+05:30,399.245794611347,403.8626094462106,397.92670885160027,400.56488037109375,9664888
2018-04-09 00:00:00+05:30,401.2464528798263,404.08251242890424,401.2464528798263,402.7633972167969,7813897
2018-04-10 00:00:00+05:30,403.81864252477226,406.2370006707926,401.9499499207339,403.2250671386719,8455132
2018-04-11 00:00:00+05:30,405.3136971880992,410.1283712799641,402.78541726658824,409.29296875,13140816
2018-04-12 00:00:00+05:30,408.85320300777926,411.8431523766241,406.3689213009491,408.3475646972656,10822592
2018-04-13 00:00:00+05:30,410.10633206375496,414.0636188184211,408.3475607795151,412.81048583984375,12616816
2018-04-16 00:00:00+05:30,410.8758008716018,413.31614329755917,408.2596136082108,412.0190124511719,8934275
2018-04-17 00:00:00+05:30,413.3161523209842,416.4819758454091,411.55735169024786,415.1848449707031,9599816
2018-04-18 00:00:00+05:30,415.62457549700974,416.92167706918997,411.1396366544429,412.436767578125,7360987
2018-04-19 00:00:00+05:30,412.92040138394316,415.5146337526287,411.1176322253227,414.32745361328125,9802587
2018-04-20 00:00:00+05:30,412.43675877211217,414.12957725683026,405.0498370939298,407.99578857421875,7326696
2018-04-23 00:00:00+05:30,408.9191416419167,415.22880427622164,408.2596134336968,411.5573425292969,7674482
2018-04-24 00:00:00+05:30,411.4694140760855,429.0133637586765,411.11763633948044,426.529052734375,19921115
2018-04-25 00:00:00+05:30,428.1119979069819,431.69552279157006,423.67105694467574,426.7269592285156,14079382
2018-04-26 00:00:00+05:30,427.82620678159736,434.4216654685655,423.09944084321853,428.8594970703125,34096999
2018-04-27 00:00:00+05:30,435.2131231902759,444.53471994533214,433.3224168389882,438.0711669921875,25518647
2018-04-30 00:00:00+05:30,431.78344910065806,436.444232379967,422.11007547124456,423.56109619140625,19406069
2018-05-02 00:00:00+05:30,425.1880099606535,430.5523199353733,424.33059386541703,427.6943054199219,13381914
2018-05-03 00:00:00+05:30,429.98067703758335,429.98067703758335,421.7803084580587,422.8135986328125,8634812
2018-05-04 00:00:00+05:30,423.3632093090976,424.1766567629071,417.71310438150084,419.4499206542969,8302649
2018-05-07 00:00:00+05:30,421.60451233335067,427.9361601911576,420.5052691365719,426.94683837890625,7683268
2018-05-08 00:00:00+05:30,429.80477832237835,431.7834214676075,424.39647140461994,425.2319030761719,10792648
2018-05-09 00:00:00+05:30,424.70434319711154,432.7947617924149,423.0994324320435,429.45306396484375,9831044
2018-05-10 00:00:00+05:30,430.9040906760938,432.9267026903479,428.37581098252514,431.40972900390625,8781584
2018-05-11 00:00:00+05:30,431.4536816629702,435.8726382057994,429.91475310958987,434.9712829589844,8774740
2018-05-14 00:00:00+05:30,436.15846621363016,436.15846621363016,429.45305704028226,433.8060607910156,5642499
2018-05-15 00:00:00+05:30,432.2451520389496,439.6980266146841,429.43107682589437,430.4423828125,10501479
2018-05-16 00:00:00+05:30,428.26588784406755,428.26588784406755,418.7904011418488,420.4172668457031,18840763
2018-05-17 00:00:00+05:30,421.82429077015496,422.1100863263397,413.9756702998503,415.66851806640625,10353948
2018-05-18 00:00:00+05:30,415.7784506940116,419.2520540639039,409.79855201674053,410.61199951171875,11440117
2018-05-21 00:00:00+05:30,409.24894505794754,411.425446901046,405.4455482253105,409.51275634765625,14491208
2018-05-22 00:00:00+05:30,410.30424868426456,410.677981371206,406.7206943387555,407.49017333984375,11310073
2018-05-23 00:00:00+05:30,407.16035304643475,407.16035304643475,399.75141834457224,401.114501953125,9991028
2018-05-24 00:00:00+05:30,401.88403164552074,404.9619184876834,400.19121296080937,402.6974792480469,11632489
2018-05-25 00:00:00+05:30,402.76341320101454,406.01717410710506,402.08190064426464,404.87396240234375,17782410
2018-05-28 00:00:00+05:30,406.67670248488076,407.60007136297725,403.68675310616374,404.69805908203125,11369679
2018-05-29 00:00:00+05:30,405.1817554488862,408.0397699209851,402.05990032352247,403.4009704589844,17878384
2018-05-30 00:00:00+05:30,402.25776615814925,405.9292282293453,398.6302432865486,402.807373046875,13105124
2018-05-31 00:00:00+05:30,404.96186442106887,405.5334848996768,402.12583435665135,405.11578369140625,37080158
2018-06-01 00:00:00+05:30,404.52215193752386,411.44740328342453,403.8406101338102,409.1609802246094,19174278
2018-06-04 00:00:00+05:30,410.4141960645434,415.07498021475556,409.16106291860933,413.68994140625,12250151
2018-06-05 00:00:00+05:30,414.54733712934325,419.9116472336744,413.75587384142466,416.67987060546875,17436812
2018-06-06 00:00:00+05:30,416.394066312243,420.3513239660994,414.48137563621924,419.6478271484375,9164022
2018-06-07 00:00:00+05:30,419.86764578856315,429.14527370213693,419.6697873199599,427.1006774902344,14999572
2018-06-08 00:00:00+05:30,424.90219876680175,433.7840805465304,422.3739191249521,432.8167724609375,14289325
2018-06-11 00:00:00+05:30,434.02599534977486,439.676101458772,430.4864092449722,432.0693359375,15018718
2018-06-12 00:00:00+05:30,432.3990337241269,439.6980182380766,431.03597936866976,438.44488525390625,16285583
2018-06-13 00:00:00+05:30,439.6980590796212,442.2922917374588,435.08124365073724,440.79730224609375,12962502
2018-06-14 00:00:00+05:30,438.5767896943391,444.8864524978692,434.1578331747486,443.1936340332031,11997529
2018-06-15 00:00:00+05:30,442.336232799825,450.0309344869239,439.36826762935056,445.9417419433594,24705890
2018-06-18 00:00:00+05:30,443.56743486340764,448.68991829604107,442.77597151918195,446.535400390625,12363932
2018-06-19 00:00:00+05:30,445.80980318698073,446.20554945788956,436.90590833677953,437.9612121582031,13881382
2018-06-20 00:00:00+05:30,437.9392496522937,449.76714228658346,437.433611307361,448.1622314453125,15735681
2018-06-21 00:00:00+05:30,450.00895474351086,455.52718391629855,449.06360156036607,453.74639892578125,22988909
2018-06-22 00:00:00+05:30,452.1854504134907,452.53722816258426,443.4134899365319,445.19427490234375,35370008
2018-06-25 00:00:00+05:30,444.71062662098865,446.9530815357164,440.70937087641374,441.65472412109375,11369371
2018-06-26 00:00:00+05:30,442.3362276303299,442.3362276303299,428.81551713496145,430.4423828125,17649122
2018-06-27 00:00:00+05:30,433.1205591247422,436.17475776935953,426.12688301200467,427.5212097167969,19595831
2018-06-28 00:00:00+05:30,425.8170683951717,428.69421733753336,416.21184731295983,418.2701110839844,18770484
2018-06-29 00:00:00+05:30,420.1070751127927,431.7927219188633,420.0628126422111,430.4426574707031,17425606
2018-07-02 00:00:00+05:30,430.39834460059154,430.39834460059154,423.60387887568197,425.1973571777344,14570004
2018-07-03 00:00:00+05:30,427.1450000737451,433.0984794484109,425.0867361670919,429.9336242675781,11084063
2018-07-04 00:00:00+05:30,430.15489012665074,439.09617383964246,429.80079041244744,438.2551574707031,10938521
2018-07-05 00:00:00+05:30,441.30939123835054,446.35546030550455,424.3121308417971,426.9236755371094,40946479
2018-07-06 00:00:00+05:30,427.0343607283014,435.11249803152606,426.92370455129407,432.70013427734375,20039239
2018-07-09 00:00:00+05:30,436.9272426740533,442.63724815616905,435.33373490601286,441.3536071777344,11309207
2018-07-10 00:00:00+05:30,443.8545299681209,455.252440135157,442.63728258968735,454.0130615234375,22846197
2018-07-11 00:00:00+05:30,453.7031872971072,460.741125742649,450.5383325519175,459.81158447265625,18953870
2018-07-12 00:00:00+05:30,462.2682305141414,486.4583471820609,461.4936078305945,479.08843994140625,52736376
2018-07-13 00:00:00+05:30,478.26957749632805,490.884734386246,478.048235627263,486.8124694824219,39301408
2018-07-16 00:00:00+05:30,486.81250988481946,490.840512658671,474.9719451369637,476.36627197265625,14427529
2018-07-17 00:00:00+05:30,477.29580809640555,485.10834043675396,473.44485523669994,483.5148620605469,14150770
2018-07-18 00:00:00+05:30,486.1928377125174,488.9371995484613,476.8531904333908,483.6034240722656,10241565
2018-07-19 00:00:00+05:30,483.93532808698376,493.54054891068466,480.8589981297776,489.04779052734375,11885426
2018-07-20 00:00:00+05:30,492.8324080601286,503.94258356066035,492.16844145922533,499.5826416015625,17538801
2018-07-23 00:00:00+05:30,500.09161892617885,500.09161892617885,492.69960928487313,495.8865661621094,12779803
2018-07-24 00:00:00+05:30,496.63904445000685,498.7415411032088,490.1765176707463,491.7478942871094,9775749
2018-07-25 00:00:00+05:30,491.32741834828016,497.081716684575,488.76013601515234,493.60699462890625,13014255
2018-07-26 00:00:00+05:30,491.3716687277913,496.41776742607743,490.3536024039706,491.6151123046875,14053674
2018-07-27 00:00:00+05:30,495.5324865625892,503.4557052518658,492.27910630153576,500.1138000488281,14610585
2018-07-30 00:00:00+05:30,500.1801842762957,512.2641939145209,499.29493482093454,509.65264892578125,30344461
2018-07-31 00:00:00+05:30,509.47555662545886,526.9154422077543,507.77142201803036,524.9678344726562,30350826
2018-08-01 00:00:00+05:30,526.915416799906,532.4484024548143,524.702234357026,527.778564453125,21227054
2018-08-02 00:00:00+05:30,527.4022972477499,527.4022972477499,516.0929133280641,517.1552124023438,13668930
2018-08-03 00:00:00+05:30,520.0987664974149,523.8611939947633,517.6863736518786,520.9619140625,14536058
2018-08-06 00:00:00+05:30,520.8512529511331,529.3941449850735,520.2537392278248,527.8892211914062,8785462
2018-08-07 00:00:00+05:30,528.9072836683633,531.7844621932755,520.9840657513095,524.1710815429688,8879612
2018-08-08 00:00:00+05:30,524.5252096295219,541.1241082944092,524.5252096295219,538.9994506835938,17307566
2018-08-09 00:00:00+05:30,540.6814545371221,545.196344330461,536.476402010622,539.110107421875,14976885
2018-08-10 00:00:00+05:30,536.0337082134338,537.8042657481574,532.1827559171065,533.0237426757812,7833494
2018-08-13 00:00:00+05:30,530.0802170660986,531.1425752585429,523.5070936646752,525.7202758789062,10211072
2018-08-14 00:00:00+05:30,526.7383264846779,538.7780711428649,524.2153069668918,535.856689453125,11592139
2018-08-16 00:00:00+05:30,532.6033178447335,538.2469297718325,529.1728291288373,531.518798828125,13086024
2018-08-17 00:00:00+05:30,535.1484549846034,537.9813709699346,531.1868756757327,532.8246459960938,8379864
2018-08-20 00:00:00+05:30,534.6615725949496,547.4537798214348,534.5508868824152,546.61279296875,16639535
2018-08-21 00:00:00+05:30,547.6530465225219,553.9605963018237,543.1159955616758,552.0572509765625,15923396
2018-08-23 00:00:00+05:30,551.6587985281662,563.9198554134165,548.1620048381349,561.9058837890625,17429373
2018-08-24 00:00:00+05:30,560.0468770289477,566.553637289523,557.7451695344503,565.4691772460938,14550512
2018-08-27 00:00:00+05:30,566.3101408198725,573.5915235392732,566.0224643295545,571.6660766601562,12188510
2018-08-28 00:00:00+05:30,573.6579598387789,585.6091808781202,573.2153351548222,583.838623046875,19018790
2018-08-29 00:00:00+05:30,582.6434454777053,588.2649559431339,571.0906463804185,572.8611450195312,24230135
2018-08-30 00:00:00+05:30,572.5955483345114,574.1669544597751,562.3485219230006,564.1190795898438,21545859
2018-08-31 00:00:00+05:30,562.1493197768216,562.1493197768216,547.3652428141869,549.6005859375,33479841
2018-09-03 00:00:00+05:30,551.0834966452451,556.7935328284533,542.69549225871,544.0676879882812,26686176
2018-09-04 00:00:00+05:30,546.723432492321,555.4212731824157,544.0012612256086,549.7333984375,19333815
2018-09-05 00:00:00+05:30,549.9768884474632,554.4696772047962,534.9272339284342,543.1160278320312,22584608
2018-09-06 00:00:00+05:30,544.5101868864455,560.2459352866191,542.3855296226509,558.3425903320312,24487897
2018-09-07 00:00:00+05:30,559.8917984608557,567.1731797848039,555.2883845438259,565.9559326171875,23389269
2018-09-10 00:00:00+05:30,564.3626403829389,565.2479489943303,553.3409884320575,555.8861694335938,15440786
2018-09-11 00:00:00+05:30,557.2804361881091,561.4412268741748,546.3251490083154,547.8522338867188,23787332
2018-09-12 00:00:00+05:30,554.0934239013724,557.147652775573,543.9349202642948,554.4033203125,17642490
2018-09-14 00:00:00+05:30,557.4574108229871,564.628107824439,552.2564231675549,554.69091796875,17233514
2018-09-17 00:00:00+05:30,553.6286379041651,553.6286379041651,540.7257440969619,542.6290893554688,14773803
2018-09-18 00:00:00+05:30,542.6733577249023,548.6047059094601,537.5166323023844,538.7559814453125,16660044
2018-09-19 00:00:00+05:30,541.7880203228374,541.7880203228374,531.607416524799,535.923095703125,24642640
2018-09-21 00:00:00+05:30,539.5748867726132,547.7194178254392,523.8612958858874,538.9109497070312,41713856
2018-09-24 00:00:00+05:30,537.5608273075529,548.82594937841,533.1565644174077,545.3512573242188,22098277
2018-09-25 00:00:00+05:30,546.8783314029075,551.0833835775716,528.951502034145,544.7094116210938,21250513
2018-09-26 00:00:00+05:30,548.4275959714746,555.0449821591765,543.1823461846037,553.916259765625,13992341
2018-09-27 00:00:00+05:30,555.5097923127173,559.0509078246089,547.7636242912354,554.9564819335938,23642923
2018-09-28 00:00:00+05:30,557.6787605123563,562.9019092990245,552.1015119629488,556.8156127929688,24220992
2018-10-01 00:00:00+05:30,556.7048838080634,556.7048838080634,532.9352324594645,545.1962890625,16039441
2018-10-03 00:00:00+05:30,544.2226390246745,548.6932669178199,531.1869568120767,533.4222412109375,16135428
2018-10-04 00:00:00+05:30,526.5171257913485,526.9154880477572,489.5568971735651,496.749755859375,50774608
2018-10-05 00:00:00+05:30,486.6797218717258,493.67336908457037,459.52390003318254,464.2601318359375,47998260
2018-10-08 00:00:00+05:30,464.76915488394985,494.42583411836944,453.946657039451,491.0617980957031,53983473
2018-10-09 00:00:00+05:30,496.48411948822644,497.2144797488349,478.57944909427255,482.4967956542969,24042005
2018-10-10 00:00:00+05:30,484.2009259167395,493.91683291284284,479.9516108884304,487.83056640625,20784941
2018-10-11 00:00:00+05:30,470.9661217456406,493.4299456169422,461.67073718064023,481.5008850097656,28926389
2018-10-12 00:00:00+05:30,489.0920567053838,499.73747508395496,487.7420219664262,498.65301513671875,19814528
2018-10-15 00:00:00+05:30,500.13590944604493,507.66076601238575,494.93495083345624,504.49591064453125,19406012
2018-10-16 00:00:00+05:30,507.26240112320806,516.7348063938479,504.6065346457416,515.141357421875,16358598
2018-10-17 00:00:00+05:30,521.8693644996696,522.0242535824618,504.60647095666945,509.6083068847656,27967162
2018-10-19 00:00:00+05:30,486.9010283540417,491.7700475018947,473.73256019501423,487.4764404296875,55606079
2018-10-22 00:00:00+05:30,491.32736792200456,493.45202534091646,468.0225300115831,470.3684997558594,28798142
2018-10-23 00:00:00+05:30,465.9864311784535,471.27594387522913,461.95842837507354,466.8495788574219,23128845
2018-10-24 00:00:00+05:30,475.7908654180512,476.2556509134501,456.536158583615,462.88800048828125,29869514
2018-10-25 00:00:00+05:30,458.5722447244144,460.63050852172944,449.896535320371,456.2705078125,30833933
2018-10-26 00:00:00+05:30,457.20001437553316,467.8675930652,452.3752876806667,462.51165771484375,20085933
2018-10-29 00:00:00+05:30,462.99864081915166,484.1788235216352,462.99864081915166,481.5008850097656,16781215
2018-10-30 00:00:00+05:30,480.4828032954299,480.4828032954299,465.6986956749193,467.8676452636719,19263668
2018-10-31 00:00:00+05:30,468.75287477267574,471.784942364411,463.44123106576563,469.7488098144531,35999348
2018-11-01 00:00:00+05:30,472.6923389405378,472.6923389405378,464.76915084726494,467.5356140136719,20552752
2018-11-02 00:00:00+05:30,472.2939483061466,478.4908703381473,470.5897844056496,475.790771484375,36739798
2018-11-05 00:00:00+05:30,475.1490197847463,483.66978116030407,471.4087230901009,482.6074523925781,16585905
2018-11-06 00:00:00+05:30,484.2451636297323,492.21264367437743,483.1828349269601,488.7158203125,18886485
2018-11-07 00:00:00+05:30,493.54058276769933,493.54058276769933,489.8667092816277,491.6372375488281,2808599
2018-11-09 00:00:00+05:30,489.6675433841292,493.0094484640914,480.2615027153108,484.00177001953125,23712291
2018-11-12 00:00:00+05:30,485.8829720740352,486.3698592250039,475.6359151924671,478.04827880859375,12690610
2018-11-13 00:00:00+05:30,475.39246962124497,488.2289399381306,473.64404303650656,486.6575927734375,14899604
2018-11-14 00:00:00+05:30,489.1363149600316,492.5003509359988,480.4827666892778,485.99359130859375,17034346
2018-11-15 00:00:00+05:30,485.5509763329752,488.228914608546,480.92540091962326,485.5067138671875,14943663
2018-11-16 00:00:00+05:30,485.993616173096,500.1580193355547,485.6173852021472,499.029296875,24131016
2018-11-19 00:00:00+05:30,501.46374979580054,509.78532931071237,500.6227629897791,509.0328674316406,15987574
2018-11-20 00:00:00+05:30,506.8197543507155,511.64448171893866,500.1801475414441,503.4556884765625,12511640
2018-11-21 00:00:00+05:30,503.4999146912165,507.0410301884581,490.0216095734906,492.61102294921875,16422494
2018-11-22 00:00:00+05:30,493.31926178986436,498.12188722093686,486.94528922504816,488.16253662109375,12670591
2018-11-26 00:00:00+05:30,490.88473683856927,494.6471349635808,485.75014321886636,491.2167053222656,13969873
2018-11-27 00:00:00+05:30,490.39787561445803,500.18014730249286,489.31341556409285,499.3834228515625,14896607
2018-11-28 00:00:00+05:30,501.26446819618764,512.4632244423275,498.5422975301708,510.2057800292969,17507771
2018-11-29 00:00:00+05:30,513.9018766068516,522.2677189108547,513.4592519548756,517.2216796875,27640198
2018-11-30 00:00:00+05:30,518.9037053513254,524.9678409771739,514.4773401972819,516.8012084960938,23443212
2018-12-03 00:00:00+05:30,520.0545716674077,520.0545716674077,508.36892549379166,511.887939453125,12182825
2018-12-04 00:00:00+05:30,512.574014835583,512.574014835583,505.58036707556204,510.0509948730469,11358720
2018-12-05 00:00:00+05:30,506.2664903392404,512.9281994461835,504.2967216220395,511.3125305175781,12729759
2018-12-06 00:00:00+05:30,508.590247631458,508.590247631458,494.9791838295669,497.36944580078125,12831451
2018-12-07 00:00:00+05:30,499.936644435788,503.25638815354296,490.59696955454234,501.8620910644531,15779984
2018-12-10 00:00:00+05:30,491.3274009700011,493.23074619157273,479.4204720397295,482.5853271484375,20521072
2018-12-11 00:00:00+05:30,471.85136663265433,487.83059080270107,466.9823768220481,485.81658935546875,29518062
2018-12-12 00:00:00+05:30,486.45834436397206,492.8766085719846,481.47869890016324,491.5486755371094,27572962
2018-12-13 00:00:00+05:30,499.29485901164674,499.29485901164674,484.7099627810662,490.0216064453125,20337275
2018-12-14 00:00:00+05:30,488.27314514681257,493.49626350676584,483.2713391013265,492.3011474609375,15795834
2018-12-17 00:00:00+05:30,493.961072137774,501.5080292498539,491.9913333510003,500.1358337402344,11077711
2018-12-18 00:00:00+05:30,497.2145007564432,504.1638857257209,495.97509252010303,503.0130615234375,12841994
2018-12-19 00:00:00+05:30,505.2704890755681,507.8377713026574,501.596586058375,503.1900939941406,16118419
2018-12-20 00:00:00+05:30,496.19640838128,501.2867696752321,494.0496490564129,499.4941101074219,12609700
2018-12-21 00:00:00+05:30,497.9669505886336,500.7334434966957,485.1304802268269,486.98956298828125,18115814
2018-12-24 00:00:00+05:30,487.29943786495147,488.31750426070846,480.94759589631184,482.09844970703125,9065704
2018-12-26 00:00:00+05:30,480.61559723152027,486.90104509867547,471.6964438229025,486.1706848144531,15771193
2018-12-27 00:00:00+05:30,490.0879864744526,498.85222043678067,488.671558052731,495.8422546386719,27294221
2018-12-28 00:00:00+05:30,498.18822740334554,502.50396548742816,496.2848823093823,498.21038818359375,16768547
2018-12-31 00:00:00+05:30,500.600676170901,501.8843468967366,494.07178455752864,496.3070983886719,15799099
2019-01-01 00:00:00+05:30,498.0776241124587,498.9850342368502,491.37165350447594,496.1963806152344,9746670
2019-01-02 00:00:00+05:30,493.31926575244586,498.8522514846727,487.343655344541,489.7339172363281,15628818
2019-01-03 00:00:00+05:30,490.22078553274525,493.3635092523611,482.51890963809075,483.69189453125,16288287
2019-01-04 00:00:00+05:30,485.7501859420517,488.8707786063825,478.535196761192,486.303466796875,18516544
2019-01-07 00:00:00+05:30,489.99947507255644,495.06767517209585,487.3436384673368,489.0035400390625,12060290
2019-01-08 00:00:00+05:30,489.1585011828274,491.3052900675144,485.1304982327441,488.9593200683594,12304389
2019-01-09 00:00:00+05:30,492.21264263185543,494.4258249623011,486.32555754042943,491.6593322753906,12614237
2019-01-10 00:00:00+05:30,490.3314508444639,491.7700401073639,488.2289245811867,490.2207946777344,8925160
2019-01-11 00:00:00+05:30,490.2650868480433,493.0094485923321,481.8549812853927,486.03790283203125,14139060
2019-01-14 00:00:00+05:30,484.6878346813324,487.1223294251018,480.88114438580243,485.4845886230469,8994060
2019-01-15 00:00:00+05:30,489.11424457328434,501.0654661570828,489.11424457328434,500.0252685546875,22011407
2019-01-16 00:00:00+05:30,502.393296235088,506.8197201745907,500.3350619936165,502.7917175292969,13961606
2019-01-17 00:00:00+05:30,506.5762673652518,508.10335206954045,500.1801338609765,502.14990234375,16379077
2019-01-18 00:00:00+05:30,508.5017364096409,526.6941435340066,502.5040239545783,524.2374877929688,56181172
2019-01-21 00:00:00+05:30,528.509001172476,548.8481690848818,526.1408702049339,547.8522338867188,48206814
2019-01-22 00:00:00+05:30,545.7054129345357,551.9465982608722,539.8404290416297,546.7234497070312,36207430
2019-01-23 00:00:00+05:30,545.9045229540942,550.7293089254705,540.9027462181267,542.8060913085938,19313542
2019-01-24 00:00:00+05:30,542.2307176885093,554.7130882758987,540.0617976543355,552.1679077148438,28775487
2019-01-25 00:00:00+05:30,553.4957079436691,559.8032558772323,546.8340012546289,551.5259399414062,18703992
2019-01-28 00:00:00+05:30,553.5179429525717,555.9303361110078,541.0798348240664,544.2446899414062,18744303
2019-01-29 00:00:00+05:30,544.8865233857091,545.1742589755294,531.7623174984154,535.8788452148438,20405845
2019-01-30 00:00:00+05:30,537.8043656072043,542.2307307181926,527.2252808955305,529.2614135742188,17164298
2019-01-31 00:00:00+05:30,532.0500376390211,544.3110954962458,531.6074129717023,543.182373046875,22279301
2019-02-01 00:00:00+05:30,546.2144033623265,555.509757122941,543.1380734914077,553.2744140625,20187323
2019-02-04 00:00:00+05:30,551.9687571483934,574.0785419874636,549.7777351893427,571.4005737304688,25528059
2019-02-05 00:00:00+05:30,571.8874430916759,577.3761668533017,565.9560946142955,571.688232421875,20479210
2019-02-06 00:00:00+05:30,573.7685318299614,583.2409946417941,572.883282546338,579.9654541015625,20586783
2019-02-07 00:00:00+05:30,579.9655679526219,584.8124564704674,569.2759148250642,571.1792602539062,20150710
2019-02-08 00:00:00+05:30,568.7004338733668,575.6498783770401,563.1453458844361,565.5577392578125,14230054
2019-02-11 00:00:00+05:30,564.7609421263937,564.8052045928157,553.7392334148291,554.7351684570312,16457901
2019-02-12 00:00:00+05:30,553.9604748587062,563.1894638560586,553.9604748587062,556.12939453125,13998153
2019-02-14 00:00:00+05:30,549.3128564552972,549.3128564552972,539.1321939259117,541.8765258789062,14496604
2019-02-15 00:00:00+05:30,544.3331455070256,553.252297636153,537.3616008246254,550.8399047851562,20994460
2019-02-18 00:00:00+05:30,553.2966619176988,554.4032827800006,537.8043835134239,540.0618286132812,21106139
2019-02-19 00:00:00+05:30,539.1322466913853,548.7374981100645,536.1223396511388,538.291259765625,13658461
2019-02-20 00:00:00+05:30,541.7215860680074,548.8701804018691,539.5747680518498,546.3692626953125,13776558
2019-02-21 00:00:00+05:30,547.0997112247437,556.7492248237998,544.1561684297326,551.9244384765625,23142949
2019-02-22 00:00:00+05:30,550.9064312740302,551.2162685698074,542.673375318835,545.484130859375,19152470
2019-02-25 00:00:00+05:30,547.0997456286915,550.1982368058309,540.3052494604813,545.4619750976562,17176522
2019-02-26 00:00:00+05:30,535.369810658872,546.5685699194651,533.8206242395728,540.128173828125,22160532
2019-02-27 00:00:00+05:30,543.5807423314526,551.039174906928,535.1484763797688,541.5667114257812,24308835
2019-02-28 00:00:00+05:30,546.1038372836208,548.8039072567752,542.9168210075819,544.90869140625,24688859
2019-03-01 00:00:00+05:30,547.5423224852349,549.910453132345,541.0134608104729,542.6954345703125,17329606
2019-03-05 00:00:00+05:30,541.5224694607421,548.7817507558763,539.397811854067,547.830078125,15577500
2019-03-06 00:00:00+05:30,548.7817436696697,563.5215593191119,546.7013485588425,559.84765625,26332276
2019-03-07 00:00:00+05:30,559.493577776652,566.4872253380775,556.9041346329068,562.2600708007812,17738092
2019-03-08 00:00:00+05:30,560.4009981991971,564.1191639460266,558.6083385798502,560.8657836914062,13211934
2019-03-11 00:00:00+05:30,562.1715332234376,580.7401413223661,561.2641230591577,577.2433471679688,21258869
2019-03-12 00:00:00+05:30,582.9090423710314,590.4781607218365,581.7360574304449,589.30517578125,24561597
2019-03-13 00:00:00+05:30,591.8060215375222,601.9866242361073,587.8665442066667,596.3651733398438,24577591
2019-03-14 00:00:00+05:30,597.4496475061777,602.871946999757,591.4076144308954,593.8200073242188,22753310
2019-03-15 00:00:00+05:30,595.3471487793354,601.4555465859182,580.3860210833575,585.0115966796875,34764353
2019-03-18 00:00:00+05:30,589.1501929738362,601.0793114262324,588.2649436727448,597.5824584960938,22104063
2019-03-19 00:00:00+05:30,601.9866738940681,610.8394625509037,594.5061398709255,609.3123779296875,21448030
2019-03-20 00:00:00+05:30,609.8656981021215,614.3805883246756,603.7572998317772,608.8255004882812,21639437
2019-03-22 00:00:00+05:30,607.5196617727818,611.2378271135251,591.6732852516752,593.9085693359375,25078643
2019-03-25 00:00:00+05:30,588.9730231465209,591.7395152920492,582.8203644709208,586.2507934570312,17394088
2019-03-26 00:00:00+05:30,588.8403780475189,607.1213086670006,588.7075906473199,605.1958618164062,20734876
2019-03-27 00:00:00+05:30,609.9319516707408,609.9319516707408,595.015089459713,597.228271484375,22079870
2019-03-28 00:00:00+05:30,597.6708939259498,606.324470477621,594.3732521300802,601.986572265625,22930248
2019-04-01 00:00:00+05:30,606.4131620781352,622.7021649241899,603.1155193758486,616.0847778320312,22088854
2019-04-02 00:00:00+05:30,618.806959600837,621.0644045184021,610.8837416081006,615.133056640625,17526740
2019-04-03 00:00:00+05:30,616.48305202846,621.0201023548342,607.2983247627387,608.7147827148438,17169813
2019-04-04 00:00:00+05:30,610.3968974724891,612.4772926682142,596.3431199622236,598.9104614257812,18320845
2019-04-05 00:00:00+05:30,602.4072750227529,603.713047483883,594.4619545291577,599.2866821289062,14717266
2019-04-08 00:00:00+05:30,600.2161424166632,600.8800793688172,585.9189530457305,588.3755493164062,19081843
2019-04-09 00:00:00+05:30,588.2206517980837,593.4437406042086,584.7237990427792,590.6773071289062,20774977
2019-04-10 00:00:00+05:30,592.2265507481526,596.6750764335661,587.1583505228762,589.3272705078125,16651949
2019-04-11 00:00:00+05:30,590.0133624275286,598.888252928807,588.264965445455,596.1439208984375,12558520
2019-04-12 00:00:00+05:30,597.5603952687154,600.614624046917,591.65120748071,594.5062255859375,12948769
2019-04-15 00:00:00+05:30,595.3471988570321,597.0956551150056,590.9208335400103,593.200439453125,9285737
2019-04-16 00:00:00+05:30,595.3471966535134,601.9867446044715,593.1340140031939,594.7939453125,17360317
2019-04-18 00:00:00+05:30,608.6262569615424,615.1551181712927,604.1998923495519,613.47314453125,39286534
2019-04-22 00:00:00+05:30,601.9866741912256,605.0851649965012,593.7093566824035,595.5020751953125,23607922
2019-04-23 00:00:00+05:30,596.67504937718,607.7409611357401,595.7898000746608,603.6908569335938,19807450
2019-04-24 00:00:00+05:30,606.5458650761914,617.3904643392481,604.7531466235507,615.0444946289062,16101112
2019-04-25 00:00:00+05:30,614.8674093124826,625.1808584075831,603.1375023418105,607.475341796875,30469914
2019-04-26 00:00:00+05:30,608.6263518787861,617.8996055066781,606.7230065254395,616.5052490234375,15069884
2019-04-30 00:00:00+05:30,618.0987570789824,618.0987570789824,604.996711056551,616.5052490234375,22348580
2019-05-02 00:00:00+05:30,616.1510924873053,625.8448682453895,611.768990059855,621.9275512695312,18992003
2019-05-03 00:00:00+05:30,623.211134884836,627.4383480359272,620.865165141616,623.6094970703125,14240262
2019-05-06 00:00:00+05:30,618.8069835524767,620.9316411509761,609.9984567813605,613.0084228515625,15832114
2019-05-07 00:00:00+05:30,617.3905240382364,617.4790489756616,593.2225069761276,594.6832275390625,19417647
2019-05-08 00:00:00+05:30,593.1339293378248,593.1339293378248,571.9758802189367,575.1849975585938,31958919
2019-05-09 00:00:00+05:30,570.4709655524047,570.4709655524047,554.0712771743898,556.1516723632812,42670173
2019-05-10 00:00:00+05:30,559.9361634824019,565.5576740793575,551.083433698049,553.8056640625,24557430
2019-05-13 00:00:00+05:30,552.3670646760603,558.0770407016413,543.3372265765931,545.3512573242188,17603659
2019-05-14 00:00:00+05:30,547.3209945199728,561.8616578495395,545.107812119542,557.9221801757812,28438234
2019-05-15 00:00:00+05:30,563.4772624034616,565.6904447842285,553.5621746080103,556.3507690429688,24419559
2019-05-16 00:00:00+05:30,557.700832340462,562.9903444412419,556.881947222031,560.091064453125,14451308
2019-05-17 00:00:00+05:30,560.8214852839767,565.2256894999022,554.1818786920556,560.99853515625,17276949
2019-05-20 00:00:00+05:30,581.4484201856392,592.1159710878152,576.9777333643875,586.892822265625,26979100
2019-05-21 00:00:00+05:30,589.6812823270877,605.0850307170048,588.7296099732798,593.0452880859375,30343560
2019-05-22 00:00:00+05:30,595.6348421452735,601.8538661321671,590.96500441242,593.3109741210938,24689918
2019-05-23 00:00:00+05:30,607.2983091066549,616.15103811441,586.4943604811834,590.433837890625,38766006
2019-05-24 00:00:00+05:30,596.6749749729242,599.2422567255087,582.7318865290257,591.7395629882812,22269265
2019-05-27 00:00:00+05:30,591.8503232509513,592.0273731116835,578.5269075629556,580.1425170898438,16076686
2019-05-28 00:00:00+05:30,584.1927649339189,590.8323129584585,581.337746873328,585.941162109375,42594251
2019-05-29 00:00:00+05:30,584.7238497637976,590.1683104518131,577.265417294087,581.2048950195312,15558515
2019-05-30 00:00:00+05:30,582.6214347720608,594.0193465659813,582.6214347720608,588.5970458984375,23494381
2019-05-31 00:00:00+05:30,592.204416473568,593.9749741568739,584.3697238404902,588.7739868164062,25724066
2019-06-03 00:00:00+05:30,590.920760397822,605.1958488284881,584.8123628335076,602.0752563476562,18556942
2019-06-04 00:00:00+05:30,600.8578701490094,608.2941997952747,596.719241504449,598.2905883789062,15442761
2019-06-06 00:00:00+05:30,602.8277324367702,602.8277324367702,584.7681141139942,587.5346069335938,16764835
2019-06-07 00:00:00+05:30,586.9149542153037,587.4903663054001,577.9072759524873,582.0238037109375,14722419
2019-06-10 00:00:00+05:30,584.6795909812258,587.3796605611984,579.89912635872,583.9049682617188,11768468
2019-06-11 00:00:00+05:30,585.1000798331271,590.6994293154609,583.3959454068723,588.331298828125,11492074
2019-06-12 00:00:00+05:30,590.788085432952,592.4258560740252,586.4945072440522,589.6593627929688,10297599
2019-06-13 00:00:00+05:30,588.707726178724,590.7881216895374,579.2574214262172,587.490478515625,15686169
2019-06-14 00:00:00+05:30,585.1222242324548,586.4944198237544,579.5892975904819,583.19677734375,14942768
2019-06-17 00:00:00+05:30,584.2812339912606,584.2812339912606,565.911778180256,567.5938110351562,14908257
2019-06-18 00:00:00+05:30,566.0887397819506,570.0946401914822,561.7509004667241,567.018310546875,16797371
2019-06-19 00:00:00+05:30,569.6299846715991,576.3137950100071,558.8739088523005,565.4027709960938,14492763
2019-06-20 00:00:00+05:30,566.575698269597,575.428486953255,565.6904489489388,573.9898681640625,10748848
2019-06-21 00:00:00+05:30,573.6358142299943,573.6579750124874,564.6060340567591,566.3544311523438,23236832
2019-06-24 00:00:00+05:30,563.100957025972,565.0043019951196,556.4393087293655,558.7852783203125,11267228
2019-06-25 00:00:00+05:30,557.2360676913559,574.543164242957,555.1777744289116,573.5914916992188,14966899
2019-06-26 00:00:00+05:30,571.4447530500222,577.4646257823792,569.3864597139271,572.8390502929688,11593027
2019-06-27 00:00:00+05:30,572.3964952020063,574.0563674458016,562.5920326523112,563.9863891601562,24905533
2019-06-28 00:00:00+05:30,565.2920488190996,567.837229088313,552.6989939576308,554.6687622070312,18942165
2019-07-01 00:00:00+05:30,556.8599174491309,563.3224158949637,551.7253523095914,561.6404418945312,13478857
2019-07-02 00:00:00+05:30,563.8978322942693,567.0184250293855,559.1837315656976,565.9118041992188,10146746
2019-07-03 00:00:00+05:30,567.8594770169232,569.4529851929734,564.3847841285344,567.7045288085938,8806492
2019-07-04 00:00:00+05:30,567.1954892433374,571.4448046030109,566.5757555607951,568.3463134765625,9351405
2019-07-05 00:00:00+05:30,568.8332252636018,571.2235169653313,557.723049208124,559.2058715820312,10926753
2019-07-08 00:00:00+05:30,556.8377460255429,561.3083734997786,552.4999059557646,554.2040405273438,14009219
2019-07-09 00:00:00+05:30,552.8319115410211,568.1250393463115,551.3048266580228,566.6200561523438,17535754
2019-07-10 00:00:00+05:30,566.5978610200226,570.7143885662242,561.5739233692843,566.0667114257812,12018196
2019-07-11 00:00:00+05:30,569.674111463222,570.9135194386862,566.2657838522506,567.26171875,8608376
2019-07-12 00:00:00+05:30,567.9036197336648,575.4284751870541,565.7125390667155,566.7970581054688,15692436
2019-07-15 00:00:00+05:30,568.7887831311907,570.7806528565226,562.3041852308054,564.849365234375,10659498
2019-07-16 00:00:00+05:30,566.5535569034281,573.171001945822,565.2698863829655,572.3299560546875,10070773
2019-07-17 00:00:00+05:30,572.90535550275,574.1005010711244,566.5756461560046,567.39453125,9482233
2019-07-18 00:00:00+05:30,567.4610232119414,569.4086308695252,556.8377355775831,558.5418701171875,11942908
2019-07-19 00:00:00+05:30,561.3525721722013,563.4550687182115,550.0652895035726,552.8539428710938,16336536
2019-07-22 00:00:00+05:30,553.7392172248569,568.5675567105824,543.2487175124882,566.7970581054688,29092589
2019-07-23 00:00:00+05:30,568.7889053842914,572.7283832232471,557.9000427899266,563.7207641601562,20316348
2019-07-24 00:00:00+05:30,563.6986188429327,566.044588804399,554.8679903139908,557.3246459960938,15189179
2019-07-25 00:00:00+05:30,559.4935652480942,561.7289085810165,543.1159789159576,545.1078491210938,21805071
2019-07-26 00:00:00+05:30,545.1078873216514,549.9768774552333,535.5911603200976,537.273193359375,20387504
2019-07-29 00:00:00+05:30,538.645363328299,540.9028083982834,533.422214571478,536.0116577148438,17626045
2019-07-30 00:00:00+05:30,537.3395773958161,540.0175454119949,520.5193664215706,522.7103881835938,20853117
2019-07-31 00:00:00+05:30,520.4308831584165,524.5252505096948,514.5216362429514,516.225830078125,21229950
2019-08-01 00:00:00+05:30,514.9642372860822,525.9416845388708,509.1878371492463,522.4227294921875,22628222
2019-08-02 00:00:00+05:30,523.532441715617,533.5738082205122,517.4764342690546,527.3842163085938,23766807
2019-08-05 00:00:00+05:30,519.6583111824154,519.6583111824154,502.2918571615806,509.12713623046875,30399133
2019-08-06 00:00:00+05:30,505.29760041612724,511.91023878797483,499.62011264743677,502.4254455566406,29067994
2019-08-07 00:00:00+05:30,501.62398206269296,506.9897732425716,491.20406705572293,494.0094299316406,25349369
2019-08-08 00:00:00+05:30,493.54184479656,515.6506970351464,487.7307721921939,513.1348266601562,31198568
2019-08-09 00:00:00+05:30,517.3650887436063,523.4433298981054,513.1125017553761,517.4763793945312,21970009
2019-08-13 00:00:00+05:30,549.1145484399736,580.1292670325504,545.9306965304685,567.6387939453125,104827144
2019-08-14 00:00:00+05:30,580.6635984452768,580.8639453730791,570.1323651578565,573.6502075195312,31688983
2019-08-16 00:00:00+05:30,574.9639544714397,575.2311234055627,566.8595923358139,569.0860595703125,21977767
2019-08-19 00:00:00+05:30,570.4441302772058,577.4575220402612,569.9765549729664,575.5872802734375,16317602
2019-08-20 00:00:00+05:30,574.3405138780473,575.5873021365318,566.6814339182407,568.1731567382812,14969299
2019-08-21 00:00:00+05:30,568.0395990053597,569.3755030810053,563.9651837223562,565.9467163085938,10677848
2019-08-22 00:00:00+05:30,565.9467035825179,565.9689379340402,551.6750440617036,555.1705932617188,14031953
2019-08-23 00:00:00+05:30,551.719531948119,571.7577344689116,546.1533348561654,568.1286010742188,21307915
2019-08-26 00:00:00+05:30,576.2107721314826,576.2107721314826,560.6255006974678,564.0988159179688,19202504
2019-08-27 00:00:00+05:30,572.2030462418404,572.2030462418404,561.6050487465466,567.683349609375,28401906
2019-08-28 00:00:00+05:30,567.1935628958161,570.4219432426154,559.3118418211694,562.5402221679688,11605488
2019-08-29 00:00:00+05:30,559.4899082583771,561.1820374243057,550.0719369198647,552.944091796875,18890222
2019-08-30 00:00:00+05:30,554.6139685195744,558.5770931023615,543.7042736035451,555.9721069335938,24735240
2019-09-03 00:00:00+05:30,553.1667296097228,553.5007204611325,534.3530213828047,537.2029418945312,18730619
2019-09-04 00:00:00+05:30,534.5980654192097,536.6909483563797,528.1413039705059,534.865234375,32949395
2019-09-05 00:00:00+05:30,537.3811642891079,540.2310259329639,531.3696844363129,533.729736328125,22995486
2019-09-06 00:00:00+05:30,535.6889646599803,547.266641257182,532.2379435925851,544.3721923828125,23186819
2019-09-09 00:00:00+05:30,543.5483703495372,549.0477457084417,540.2086995227424,544.2385864257812,11747929
2019-09-11 00:00:00+05:30,544.3721751701554,552.1648395776373,544.3721751701554,549.6712036132812,12127900
2019-09-12 00:00:00+05:30,549.9384316970572,552.3652459694027,536.8913250448002,538.9619140625,11880005
2019-09-13 00:00:00+05:30,539.6965569354265,547.0438797819412,537.4255619137671,545.7525634765625,12947715
2019-09-16 00:00:00+05:30,529.4548132897087,542.8581433798865,528.1634374665119,539.1399536132812,20547730
2019-09-17 00:00:00+05:30,539.2513017834867,539.2513017834867,531.4586376216965,533.217529296875,15640772
2019-09-18 00:00:00+05:30,536.5572445060574,541.6113380873621,533.1062237529914,536.8912353515625,14933909
2019-09-19 00:00:00+05:30,537.8486354259852,538.6724360290432,522.174308515453,525.024169921875,13766222
2019-09-20 00:00:00+05:30,528.9873404481931,565.4792074708721,522.9090980619258,558.5548706054688,48165560
2019-09-23 00:00:00+05:30,567.3717536957056,570.4220218464667,549.938473640637,551.8087158203125,21610844
2019-09-24 00:00:00+05:30,553.7679670566171,578.3481633555577,553.3894480019216,569.3977661132812,34958974
2019-09-25 00:00:00+05:30,571.7578389113681,576.6561146490986,565.0116743389566,569.7763061523438,18192270
2019-09-26 00:00:00+05:30,575.3201696805687,578.3481436646135,571.5351576129076,577.4575805664062,18350457
2019-09-27 00:00:00+05:30,575.5427970097883,585.5619288812624,571.7577850305494,582.9124145507812,19058663
2019-09-30 00:00:00+05:30,583.3355036590597,594.8018310804109,581.3539114942233,593.2432861328125,25263770
2019-10-01 00:00:00+05:30,595.3584688773351,597.5849362038297,575.8990695365911,581.0645141601562,17920384
2019-10-03 00:00:00+05:30,572.6484099833085,585.4283468989939,570.5555272924099,583.8030395507812,13524851
2019-10-04 00:00:00+05:30,587.7438189170942,591.6178868813973,580.5968427407329,582.4893188476562,14992253
2019-10-07 00:00:00+05:30,582.4893823323844,588.1446363696328,579.6395209613231,583.3800048828125,10061584
2019-10-09 00:00:00+05:30,582.7567068046495,592.2192088311317,575.5429067022577,589.9036254882812,17588647
2019-10-10 00:00:00+05:30,590.0148247146693,609.6077461918198,588.233639225813,606.82470703125,35006390
2019-10-11 00:00:00+05:30,607.2477366748323,608.0938310517881,595.1580158763934,602.3049926757812,16597126
2019-10-14 00:00:00+05:30,607.8043293742732,607.8043293742732,601.5256817061605,604.7095336914062,13394275
2019-10-15 00:00:00+05:30,606.7133758781993,610.0531062053814,603.0619484845057,607.4481201171875,9672791
2019-10-16 00:00:00+05:30,610.0085788805053,614.3501629165811,607.2477145302422,611.0995483398438,19403660
2019-10-17 00:00:00+05:30,612.2795424439064,622.9665957225824,610.9436384902717,621.8533325195312,16038940
2019-10-18 00:00:00+05:30,625.1931896364645,635.8357169262007,622.8331377508903,630.6925659179688,28121951
2019-10-22 00:00:00+05:30,634.5442231374791,639.820957644229,624.9036109424554,629.7128295898438,27786502
2019-10-23 00:00:00+05:30,630.6702340196068,634.967289889059,615.9087056654171,620.0276489257812,18446160
2019-10-24 00:00:00+05:30,623.8572069872114,641.8471160772802,617.4227401722367,639.6428833007812,22642488
2019-10-25 00:00:00+05:30,641.7135207744709,641.8693395842341,628.4214807350571,637.3051147460938,13539957
2019-10-27 00:00:00+05:30,641.6690699300784,643.450255707178,636.7707941805185,638.663330078125,3014841
2019-10-29 00:00:00+05:30,643.6728963240666,659.0355270409135,642.1588794964196,653.2689819335938,25768505
2019-10-30 00:00:00+05:30,659.0353968990061,661.0615168704819,650.2631136728371,658.6346435546875,16341366
2019-10-31 00:00:00+05:30,660.8165771280641,663.3325067228137,650.8865026462532,652.0665283203125,19463741
2019-11-01 00:00:00+05:30,647.9030496511755,650.9310231992381,641.6689305109226,648.7490844726562,13904301
2019-11-04 00:00:00+05:30,652.7568529986388,655.0278484266997,643.494758660676,649.0831909179688,14063434
2019-11-05 00:00:00+05:30,651.5101133118455,654.1150403827486,641.669092754645,644.4744262695312,12685356
2019-11-06 00:00:00+05:30,642.4260127980896,644.0958483615741,636.1028363395386,638.9526977539062,14625505
2019-11-07 00:00:00+05:30,638.9973436683599,651.4655256502805,637.7504957450947,649.5062866210938,14084039
2019-11-08 00:00:00+05:30,645.2314576228689,649.9737957622194,641.8026704574303,643.6729125976562,12019353
2019-11-11 00:00:00+05:30,640.8229996945832,643.1162891024297,633.4533811627655,635.7911987304688,11357841
2019-11-13 00:00:00+05:30,636.7708042321007,657.2098236579902,636.7708042321007,655.6067504882812,25225749
2019-11-14 00:00:00+05:30,657.254254782022,659.7478907611141,648.2593302163147,651.3541259765625,14258133
2019-11-15 00:00:00+05:30,652.6455360789673,662.0635083106531,651.5322727628634,654.9610595703125,15691605
2019-11-18 00:00:00+05:30,655.7625002501892,661.7071569205408,648.081186273856,649.7733154296875,14076051
2019-11-19 00:00:00+05:30,653.2465495956901,674.5761867834334,652.3559866213146,672.2828979492188,30176255
2019-11-20 00:00:00+05:30,692.4548091499332,700.1806517569983,687.1780744035942,689.1596069335938,43538120
2019-11-21 00:00:00+05:30,687.9795281342566,692.8777434782081,680.6544394680069,684.684326171875,14897371
2019-11-22 00:00:00+05:30,686.6882237413482,698.889294670371,684.6843973559228,688.6475219726562,22352865
2019-11-25 00:00:00+05:30,690.7181960629307,696.7964379518986,690.6513741041939,695.3492431640625,15146156
2019-11-26 00:00:00+05:30,698.2658738469718,701.9395355965804,692.8777890541031,694.7703247070312,35330983
2019-11-27 00:00:00+05:30,694.6368205516004,701.5611571283956,692.9223973101485,699.0452270507812,9642739
2019-11-28 00:00:00+05:30,700.2919340451285,705.4128499201177,696.417925337267,703.698486328125,13747479
2019-11-29 00:00:00+05:30,704.4331672085468,704.4331672085468,689.2486511776627,690.7181396484375,18559594
2019-12-02 00:00:00+05:30,712.4708915683119,718.90535931023,702.2291175230677,706.4594116210938,31225364
2019-12-03 00:00:00+05:30,709.2424307785986,709.7990029904348,700.2697400300401,703.0750732421875,12990426
2019-12-04 00:00:00+05:30,700.4478393142873,702.4516656991397,682.9700335019947,691.4083862304688,20987607
2019-12-05 00:00:00+05:30,700.8930681166133,703.4535259601828,687.5342661895404,690.5845336914062,19942460
2019-12-06 00:00:00+05:30,691.5420265271395,698.2214285325554,686.2429974104203,692.3880615234375,13085234
2019-12-09 00:00:00+05:30,692.9446250588585,702.4071251649631,688.6475096381411,700.2697143554688,12642677
2019-12-10 00:00:00+05:30,700.024683446313,700.7148994528499,692.0539072984722,695.5272216796875,10173333
2019-12-11 00:00:00+05:30,692.6997496186247,701.1158091150277,690.4732823124417,695.727783203125,12364641
2019-12-12 00:00:00+05:30,699.2232816841165,700.8263546736185,693.1672744072167,698.3104248046875,10326606
2019-12-13 00:00:00+05:30,703.5648862571924,708.0178801238153,700.1806870147386,704.8562622070312,12668303
2019-12-16 00:00:00+05:30,708.9084095503324,709.7544444582198,696.5960482571616,697.5979614257812,11892718
2019-12-17 00:00:00+05:30,697.664748110966,703.1195956735934,692.6774758966036,695.861328125,20324601
2019-12-18 00:00:00+05:30,695.9949630752343,703.5649282550722,695.549681497034,701.7169799804688,14742077
2019-12-19 00:00:00+05:30,700.7595267067665,719.1056609955814,699.9134917904707,716.9014282226562,20507816
2019-12-20 00:00:00+05:30,719.150161810269,720.2856594061476,710.734103320188,712.0700073242188,21271510
2019-12-23 00:00:00+05:30,694.703552662622,702.4739238931126,693.6794050834533,699.7354125976562,25107772
2019-12-24 00:00:00+05:30,698.6221435556297,700.0248101711578,686.8663538680914,688.6253051757812,18048449
2019-12-26 00:00:00+05:30,686.4878562421779,691.5196564072455,672.461071963697,674.7988891601562,29761019
2019-12-27 00:00:00+05:30,679.9642205190581,688.5138629847464,677.4260565589568,686.7994995117188,17677571
2019-12-30 00:00:00+05:30,688.4026855518733,689.1596642144276,680.4319077161741,687.6234130859375,17123749
2019-12-31 00:00:00+05:30,686.6437622004211,687.4008003439995,671.526065985025,674.1978149414062,22203005
2020-01-01 00:00:00+05:30,675.9566091562889,680.0087898882745,670.3904712564104,672.2161254882812,14004468
2020-01-02 00:00:00+05:30,673.2849207275859,686.1762083080744,673.2849207275859,683.6602783203125,17710316
2020-01-03 00:00:00+05:30,682.6360622006584,686.4878962665452,678.1831277621862,684.4840698242188,20984698
2020-01-06 00:00:00+05:30,676.8472602327319,680.3650438391912,667.0507691289934,668.6093139648438,24519177
2020-01-07 00:00:00+05:30,676.4018734988883,683.3039746836643,673.9527657511211,678.8955688476562,16683622
2020-01-08 00:00:00+05:30,674.6207976476823,683.2817317108661,672.3943304886236,673.7969970703125,16047902
2020-01-09 00:00:00+05:30,685.1297860788776,690.2061149022059,681.8568773480174,689.3155517578125,14982742
2020-01-10 00:00:00+05:30,691.0520831577536,693.7461255846073,685.5972357997355,689.1596069335938,12478359
2020-01-13 00:00:00+05:30,688.0019166618636,694.0801585291999,685.0407051379933,687.4007568359375,18282382
2020-01-14 00:00:00+05:30,685.7531846503401,690.2061193009722,677.6711159879618,681.0330810546875,15816535
2020-01-15 00:00:00+05:30,683.9052640096224,685.7086841864183,676.068070171922,678.5617065429688,15817859
2020-01-16 00:00:00+05:30,680.8548672498658,687.2448055274269,680.4095262908653,684.8179321289062,12847975
2020-01-17 00:00:00+05:30,691.764654072348,705.7691458267952,691.6310696018056,704.01025390625,29463471
2020-01-20 00:00:00+05:30,716.4784286658733,716.4784286658733,679.6971043882497,682.3466186523438,32545850
2020-01-21 00:00:00+05:30,680.6767527586403,688.3580668407448,677.737775908007,683.0368041992188,18922720
2020-01-22 00:00:00+05:30,687.5343897202368,688.7589438110633,681.790078890447,682.7919921875,10322817
2020-01-23 00:00:00+05:30,684.1945779592724,686.6214514994721,677.1589513580537,679.8975219726562,11247739
2020-01-24 00:00:00+05:30,679.9642896946181,684.1278207028573,676.201571520967,677.5374755859375,14628445
2020-01-27 00:00:00+05:30,674.5762817936037,678.8288097703885,670.1678160991427,670.8580322265625,13387750
2020-01-28 00:00:00+05:30,671.7708247894806,672.3942783497732,651.7326219117568,655.3617553710938,24532236
2020-01-29 00:00:00+05:30,656.385997983268,665.4477454950623,651.9330633649719,658.96875,24746565
2020-01-30 00:00:00+05:30,658.5902371528151,658.9019342560167,641.2237800875757,642.8936157226562,22402689
2020-01-31 00:00:00+05:30,647.0125063572486,647.1238564671794,626.6180767993984,628.599609375,34750310
2020-02-03 00:00:00+05:30,610.0086294911721,623.3897268292178,606.9583616221806,616.9552001953125,30712290
2020-02-04 00:00:00+05:30,623.411935184783,637.8840014691701,622.4323157911366,635.167724609375,25383901
2020-02-05 00:00:00+05:30,638.9527807514428,646.9235594560772,636.9044853235893,645.0087890625,18472100
2020-02-06 00:00:00+05:30,647.5024824459969,653.2467341538742,641.2683615136813,649.1500244140625,15538577
2020-02-07 00:00:00+05:30,646.121961162775,646.7231209827357,636.0137726868787,638.3961181640625,12209212
2020-02-10 00:00:00+05:30,635.8802065407942,643.6728717218461,628.0653070065835,639.2644653320312,15142476
2020-02-11 00:00:00+05:30,644.5188387872203,652.8903691202153,643.4723974955958,646.9011840820312,13999816
2020-02-12 00:00:00+05:30,648.4152429768247,656.742245701073,647.9031394730254,654.7161254882812,13533565
2020-02-13 00:00:00+05:30,658.0336151395259,658.0336151395259,651.2873910883294,656.4305419921875,13565659
2020-02-14 00:00:00+05:30,657.8109867132612,668.5870984643474,647.0571093166483,662.4197998046875,21227841
2020-02-17 00:00:00+05:30,663.0430895240688,670.6798756802237,656.4972728187931,658.2561645507812,13149130
2020-02-18 00:00:00+05:30,657.2097556655767,657.2097556655767,648.97180932506,653.4247436523438,11127161
2020-02-19 00:00:00+05:30,658.7460829667918,670.8135708716961,656.8536064661794,669.633544921875,14084409
2020-02-20 00:00:00+05:30,666.6055073331329,671.5037233050037,660.7276124968037,661.6849975585938,16892268
2020-02-24 00:00:00+05:30,654.4711971958799,657.699577615814,641.0233376549481,643.4279174804688,21370214
2020-02-25 00:00:00+05:30,646.3000526686237,646.3000526686237,627.8648619763386,630.7147827148438,27745062
2020-02-26 00:00:00+05:30,627.8648537048206,628.9112950285784,617.7789594939649,619.8495483398438,29362748
2020-02-27 00:00:00+05:30,618.0683364567957,620.6510881290094,609.6077499205786,617.2891235351562,25054993
2020-02-28 00:00:00+05:30,603.329103417816,604.264254045817,590.014829470249,591.64013671875,39315769
2020-03-02 00:00:00+05:30,603.4182603911414,609.6078528086264,579.3724007114388,586.0740966796875,29500495
2020-03-03 00:00:00+05:30,592.1077172942299,602.8838272617827,588.6789307113166,597.9633178710938,27398798
2020-03-04 00:00:00+05:30,602.0378717145262,602.8393785511545,582.400359715697,596.5607299804688,22105261
2020-03-05 00:00:00+05:30,602.1267827512869,604.6872403701782,581.5541844067214,583.8474731445312,30510390
2020-03-06 00:00:00+05:30,565.5236515774449,573.6057788366949,552.654658716733,565.9689331054688,33734039
2020-03-09 00:00:00+05:30,552.1870935973562,552.6101407818697,487.59719353402716,496.12457275390625,88187018
2020-03-11 00:00:00+05:30,493.385961606044,524.7569350107589,493.385961606044,513.6691284179688,59578576
2020-03-12 00:00:00+05:30,483.14423842846696,490.26892105164063,466.98004375854214,473.3477478027344,55970485
2020-03-13 00:00:00+05:30,444.40363928088584,507.6354013912499,419.64530200918597,492.1837158203125,73297403
2020-03-16 00:00:00+05:30,472.2567802513006,480.7841591374453,447.5206784786443,452.28533935546875,38482258
2020-03-17 00:00:00+05:30,466.3344054216944,472.0119237181846,446.7192174587202,448.85662841796875,45445979
2020-03-18 00:00:00+05:30,456.5601919681001,461.28032501489446,427.9277857781092,431.2674865722656,44730415
2020-03-19 00:00:00+05:30,409.715250893795,430.5995508438921,397.29153849959346,408.64654541015625,61404010
2020-03-20 00:00:00+05:30,418.3538872632153,460.83496091441367,414.12359413052815,453.2872314453125,63360475
2020-03-23 00:00:00+05:30,407.9785404343475,423.02950129195114,389.9218699453738,393.662353515625,40670949
2020-03-24 00:00:00+05:30,414.1236553813101,431.9354232678665,398.8946097412174,420.0906066894531,45734887
2020-03-25 00:00:00+05:30,429.17456609975056,512.7785178891949,428.9296612692312,481.9196472167969,73130298
2020-03-26 00:00:00+05:30,487.95336242013315,497.34906927588145,464.15238337884045,474.77264404296875,45744488
2020-03-27 00:00:00+05:30,487.59721846033517,493.0743302616386,465.86685415365895,474.50555419921875,41657940
2020-03-30 00:00:00+05:30,463.37318015277566,478.6022243792753,454.2001132600208,458.8534240722656,30229866
2020-03-31 00:00:00+05:30,478.2237612689132,503.0934193486525,466.668378147016,495.94647216796875,44292810
2020-04-01 00:00:00+05:30,499.7314374197435,500.7778787446454,465.42154418897144,481.1181640625,41597459
2020-04-03 00:00:00+05:30,505.16401523449554,505.16401523449554,470.3642552950806,479.7822265625,41367807
2020-04-07 00:00:00+05:30,490.7587797499459,540.587180545846,489.82365880229355,537.0693969726562,54373624
2020-04-08 00:00:00+05:30,525.4471639311407,547.2666119015739,516.5412959187852,530.8574829101562,49880330
2020-04-09 00:00:00+05:30,540.5871800325931,548.9587106749909,531.2360300150857,543.2366943359375,33032857
2020-04-13 00:00:00+05:30,536.1120125498173,541.0325221376103,525.4471928092958,529.5216674804688,23673784
2020-04-15 00:00:00+05:30,533.0394274350746,550.3836477833194,508.97127785494433,512.0215454101562,35321842
2020-04-16 00:00:00+05:30,512.0215540116548,528.7646148704049,509.8619089009577,520.1259155273438,37455706
2020-04-17 00:00:00+05:30,541.4778491032873,547.7119694676354,531.0801974114287,545.0401611328125,33269335
2020-04-20 00:00:00+05:30,545.9307453957434,559.7348298724658,535.2436911572639,553.8569946289062,36030932
2020-04-21 00:00:00+05:30,538.8059664932713,557.5083250081677,518.3224819342147,550.9848022460938,61371628
2020-04-22 00:00:00+05:30,587.7884356237253,616.6880417343276,578.8825664491623,607.2032470703125,142683366
2020-04-23 00:00:00+05:30,608.8731391707544,617.1110859522549,602.6167250854138,610.4539184570312,65464502
2020-04-24 00:00:00+05:30,601.2140016546114,665.6926093550011,599.9003914322975,630.98193359375,134986308
2020-04-27 00:00:00+05:30,638.5519000387314,656.8089776563307,633.6536843523593,636.659423828125,58482901
2020-04-28 00:00:00+05:30,645.6766910891598,648.1035053145215,619.9164097345322,635.947021484375,78453401
2020-04-29 00:00:00+05:30,643.4057306477636,647.3020336819599,632.3178625081999,635.4126586914062,37494672
2020-04-30 00:00:00+05:30,647.4355395070829,665.6926172797448,640.3553848329962,652.8013305664062,71345899
2020-05-04 00:00:00+05:30,641.2237145072914,652.3560500195231,631.1822890196224,639.0863037109375,53456868
2020-05-05 00:00:00+05:30,647.3242698899517,658.5901902105282,644.4298209519568,650.4190063476562,44903763
2020-05-06 00:00:00+05:30,651.9108178555344,661.2397341507669,643.6728711176166,650.463623046875,40489094
2020-05-07 00:00:00+05:30,647.9031324834183,674.0196380436263,643.4501981639638,671.0361328125,50026966
2020-05-08 00:00:00+05:30,687.9796035544326,703.5203455803562,684.4617604589652,695.4605712890625,84262770
2020-05-11 00:00:00+05:30,703.564854514178,719.1501837188379,700.1361272712575,702.1399536132812,67085063
2020-05-12 00:00:00+05:30,696.79641276918,698.3772514173569,652.3560664564766,658.7014770507812,100683202
2020-05-13 00:00:00+05:30,686.4096242663011,686.4096242663011,653.5949941007319,672.6769409179688,66430125
2020-05-14 00:00:00+05:30,660.3377943598729,672.7893884091039,642.8291930409412,645.4813232421875,49266771
2020-05-15 00:00:00+05:30,649.0999085460102,659.3039301915819,636.1089238922658,656.0224609375,62152260
2020-05-18 00:00:00+05:30,660.7873884161261,666.1815376925038,641.9077470485184,647.6390380859375,62796089
2020-05-19 00:00:00+05:30,654.9437434364836,657.0564828327746,630.7823111177379,633.322021484375,42315854
2020-05-20 00:00:00+05:30,633.8164459231173,650.3810982575258,626.1746653038855,644.469970703125,55320985
2020-05-21 00:00:00+05:30,645.054274887475,656.9439458804737,640.5591310175457,647.86376953125,39167981
2020-05-22 00:00:00+05:30,652.6061253460508,655.393088211482,641.2333740246893,643.50341796875,37828973
2020-05-26 00:00:00+05:30,650.9653812121286,651.6621368125705,636.6483020759156,640.132080078125,33216635
2020-05-27 00:00:00+05:30,643.2562252592883,653.5950802585778,634.7154397533718,649.7966918945312,35667956
2020-05-28 00:00:00+05:30,654.0445650157022,665.1700639694456,651.3474905739236,661.7987060546875,40126278
2020-05-29 00:00:00+05:30,659.8881910632169,661.68626027676,652.9881710532761,658.2699584960938,40022527
2020-06-01 00:00:00+05:30,665.2825298829506,691.5117545227077,663.4619881609007,683.4204711914062,39943702
2020-06-02 00:00:00+05:30,685.9601831154127,692.2533963499591,683.622663148201,690.3204345703125,22153960
2020-06-03 00:00:00+05:30,694.5010503906053,701.2437669142711,689.264146584744,692.9951782226562,25381289
2020-06-04 00:00:00+05:30,694.0514268333575,714.5044150378368,692.7029193183236,710.1441040039062,34202350
2020-06-05 00:00:00+05:30,716.976712812966,727.3155677405333,707.4020299835134,710.9981689453125,33076685
2020-06-08 00:00:00+05:30,727.4954954288702,727.4954954288702,703.491368893509,705.51416015625,31414953
2020-06-09 00:00:00+05:30,701.3784997663072,711.5825211649343,689.1067431761999,690.9722290039062,25857161
2020-06-10 00:00:00+05:30,693.6468614517847,710.0317358884901,692.2758817982025,706.705322265625,22132647
2020-06-11 00:00:00+05:30,703.9408658151709,704.8173987803085,688.2078600528312,691.2196044921875,20385805
2020-06-12 00:00:00+05:30,674.2727936948124,716.0777164159133,672.9242267053721,714.1897583007812,38548899
2020-06-15 00:00:00+05:30,703.491240249132,731.3386948164322,701.7381151752447,725.7647094726562,53107403
2020-06-16 00:00:00+05:30,738.5534772559045,741.0482428927804,712.6163922222294,727.1807250976562,51187003
2020-06-17 00:00:00+05:30,722.9327480146142,735.159560417052,720.1682571993283,726.1243286132812,41782053
2020-06-18 00:00:00+05:30,722.3709004133316,748.4427585087822,721.74156125064,744.3521728515625,40471557
2020-06-19 00:00:00+05:30,750.6903261392612,804.0927203501327,747.0942467519249,790.8770141601562,105804173
2020-06-22 00:00:00+05:30,797.1701824968853,811.015227066077,779.9087764994645,784.9208984375,60198705
2020-06-23 00:00:00+05:30,786.6514901886577,792.8323423074329,771.4129344994001,773.5706176757812,37962078
2020-06-24 00:00:00+05:30,780.3134967914926,796.8556784989252,769.4352494733766,776.6948852539062,51586221
2020-06-25 00:00:00+05:30,776.3127539840192,786.2021069841788,770.0420123108671,772.22216796875,39679374
2020-06-26 00:00:00+05:30,777.1218366018753,787.5505795010465,771.8175170961591,782.8980712890625,30921913
2020-06-29 00:00:00+05:30,776.7847199037966,782.0440358258111,771.1657900960829,774.5820922851562,25621946
2020-06-30 00:00:00+05:30,780.807914512527,782.6059245493964,762.1754677566296,766.0188598632812,30276420
2020-07-01 00:00:00+05:30,773.1660690211988,786.201997392839,767.7943331649622,781.0775146484375,28464103
2020-07-02 00:00:00+05:30,786.6934075977497,797.7964904471671,783.1051979902952,794.5242309570312,28789533
2020-07-03 00:00:00+05:30,803.3028398448629,809.2606454481156,797.9769941642788,806.958740234375,29434266
2020-07-06 00:00:00+05:30,814.6766894354603,838.5979258395846,808.8543255351691,835.7996215820312,47016185
2020-07-07 00:00:00+05:30,839.5005827702558,841.463914285067,815.2633981823944,823.00390625,35189589
2020-07-08 00:00:00+05:30,823.2748204715693,828.1944614496679,807.9065609306946,811.517333984375,26204095
2020-07-09 00:00:00+05:30,816.4820787561033,828.2170013060332,806.2139692943585,823.3650512695312,36418942
2020-07-10 00:00:00+05:30,825.2832912510764,850.6037089763864,823.3650271392274,847.6473999023438,43759967
2020-07-13 00:00:00+05:30,859.0664743104608,879.083612842342,857.5544741941235,873.3515625,69608392
2020-07-14 00:00:00+05:30,872.9001111198423,876.3754426124376,851.8223070969156,865.2272338867188,67331128
2020-07-15 00:00:00+05:30,874.6828596649843,893.1203044400035,811.5172588286548,832.279052734375,139669773
2020-07-16 00:00:00+05:30,833.6330575264801,843.5626520640972,818.0391046628453,832.0082397460938,60961724
2020-07-17 00:00:00+05:30,832.7305263268679,866.5813597597964,829.5710849624811,862.835205078125,49726765
2020-07-20 00:00:00+05:30,865.5883422314392,871.9974193757844,857.3964422325445,866.5361328125,36592938
2020-07-21 00:00:00+05:30,875.156852095807,892.3079337086934,874.0284930342241,889.8480834960938,42173371
2020-07-22 00:00:00+05:30,895.0159986639695,907.202312550526,884.9510213382299,904.4942626953125,59771457
2020-07-23 00:00:00+05:30,904.4715545647441,938.6608971636242,898.7846324946036,928.7764892578125,58333751
2020-07-24 00:00:00+05:30,928.8668185460966,976.2579590026274,928.776564146926,968.65283203125,120597372
2020-07-27 00:00:00+05:30,983.389323046393,992.4161962400035,960.4158758519521,973.1889038085938,80304827
2020-07-28 00:00:00+05:30,973.1888610354255,990.2496888244225,970.6838835389933,982.8927612304688,55114422
2020-07-29 00:00:00+05:30,982.9829747863479,985.1945058663708,934.4859826797366,946.3112182617188,72663399
2020-07-30 00:00:00+05:30,947.372003332624,965.7416994124951,935.1856889845394,951.8177490234375,72857444
2020-07-31 00:00:00+05:30,954.3678150249528,960.9122737981927,926.5198556854664,932.9740600585938,74958061
2020-08-03 00:00:00+05:30,925.8428264432459,928.4154946857375,904.0879942280135,906.7509765625,46715383
2020-08-04 00:00:00+05:30,911.9865832893145,978.0633706821992,902.8017056351508,970.6613159179688,92041055
2020-08-05 00:00:00+05:30,978.9660179222315,991.1522713264957,956.0828280071764,959.7612915039062,74549993
2020-08-06 00:00:00+05:30,973.549973124917,978.379359794549,951.3438079467057,963.2141723632812,49322975
2020-08-07 00:00:00+05:30,961.2732749175092,973.9109194619942,956.940407442753,968.7881469726562,32984416
2020-08-10 00:00:00+05:30,974.497761802115,977.1606844285126,951.4791890501768,956.782470703125,26958997
2020-08-11 00:00:00+05:30,963.5300059793976,974.9039101007246,947.9811795142966,963.0786743164062,46828306
2020-08-12 00:00:00+05:30,957.3014618538515,968.1337801877427,950.8923849420117,960.2803344726562,30264617
2020-08-13 00:00:00+05:30,960.4609378961798,965.3805786775785,952.3367286962583,957.7754516601562,24830322
2020-08-14 00:00:00+05:30,958.0010455824508,973.5498723174301,942.9713010071719,954.0518188476562,33224635
2020-08-17 00:00:00+05:30,950.0799458521248,950.0799458521248,934.3280471075294,943.9191284179688,30979066
2020-08-18 00:00:00+05:30,941.0531171539242,963.3044077157676,939.8570673079405,956.1957397460938,30547672
2020-08-19 00:00:00+05:30,966.3284079855683,972.1958989128857,957.4594807962734,962.0631713867188,34087543
2020-08-20 00:00:00+05:30,956.8501235506358,958.6103827292058,942.4070922309022,946.4917602539062,22537845
2020-08-21 00:00:00+05:30,955.9475181738237,957.7529046597705,937.4423813079499,939.6314086914062,25280895
2020-08-24 00:00:00+05:30,943.9417586729289,949.854317250222,934.5086218851164,945.9050903320312,32717218
2020-08-25 00:00:00+05:30,950.5313951315512,952.9235547016002,937.8937489378307,939.7442626953125,19388008
2020-08-26 00:00:00+05:30,941.0531605726751,969.4652701628314,923.9020783795879,964.658447265625,59870421
2020-08-27 00:00:00+05:30,969.4877405831154,970.3904635913942,949.290096731151,952.6074829101562,28085062
2020-08-28 00:00:00+05:30,956.8501848269598,962.6725488024437,950.6442396447251,955.112548828125,27166900
2020-08-31 00:00:00+05:30,981.2227882057733,981.2227882057733,929.9274882908779,939.1123657226562,62076132
2020-09-01 00:00:00+05:30,947.8232778251647,957.9333821236513,930.8527051045198,942.0686645507812,38616258
2020-09-02 00:00:00+05:30,944.2124754240062,964.9743291453718,941.0530940448734,960.5511474609375,26949439
2020-09-03 00:00:00+05:30,960.4609660708118,965.3129161947521,949.177375013291,953.2846069335938,18586429
2020-09-04 00:00:00+05:30,940.3986668867657,946.4466666938623,935.2758940537118,937.55517578125,28475945
2020-09-07 00:00:00+05:30,940.6018292728933,950.4185474757394,922.6608419794579,939.9924926757812,21926473
2020-09-08 00:00:00+05:30,944.2125515075138,957.3015291324416,939.0220876589311,951.0278930664062,27397082
2020-09-09 00:00:00+05:30,941.053135941398,978.4244265500107,939.4508218895586,975.5132446289062,55310877
2020-09-10 00:00:00+05:30,985.3299004503288,1058.3800235694275,981.83194598064,1044.410888671875,140304404
2020-09-11 00:00:00+05:30,1043.5083899488072,1055.175562246342,1032.269926063605,1047.0062255859375,59470807
2020-09-14 00:00:00+05:30,1049.3758922384438,1065.1729199258552,1029.9679721043801,1039.2431640625,44063445
2020-09-15 00:00:00+05:30,1043.4858431799203,1049.7143521325797,1032.7437783357252,1046.60009765625,27178393
2020-09-16 00:00:00+05:30,1047.1189617708817,1069.3928153950412,1042.8538446608136,1049.172607421875,33952295
2020-09-17 00:00:00+05:30,1047.1190390154095,1053.3025400234242,1034.4137023752521,1037.528076171875,25828669
2020-09-18 00:00:00+05:30,1044.52376716858,1046.8707395543606,1027.5080681415218,1040.664794921875,33074915
2020-09-21 00:00:00+05:30,1038.092044133767,1054.3404610706277,1014.3287552558285,1018.165283203125,33627381
2020-09-22 00:00:00+05:30,1027.7111483287306,1027.7111483287306,993.6572461097632,997.9901733398438,34792254
2020-09-23 00:00:00+05:30,1020.0383606869218,1027.5983602691515,995.3498434566727,1006.8590698242188,42988708
2020-09-24 00:00:00+05:30,996.5233454684201,1004.6926220511629,982.1480045429355,984.4724731445312,29826318
2020-09-25 00:00:00+05:30,987.9929866283342,998.7349916951074,978.1988318727759,993.7250366210938,28374935
2020-09-28 00:00:00+05:30,1005.1440644113056,1010.1088922605071,996.1397551110359,1000.2921142578125,19666849
2020-09-29 00:00:00+05:30,1004.2413960622814,1021.8437503790619,1000.2921093414723,1013.2908325195312,25842539
2020-09-30 00:00:00+05:30,1020.0383427428203,1023.1977241154949,1004.2413164953268,1008.46142578125,24465159
2020-10-01 00:00:00+05:30,1021.7534684542669,1021.7534684542669,999.2765413206039,1004.3541870117188,20783227
2020-10-05 00:00:00+05:30,1012.8168908433682,1015.1412998899507,995.6658680054296,998.4641723632812,18922799
2020-10-06 00:00:00+05:30,1004.3541775876134,1008.2582772733267,993.7024274130506,997.629150390625,18412175
2020-10-07 00:00:00+05:30,1008.7548642742527,1042.154366526615,1001.9847094184659,1018.91015625,53170865
2020-10-08 00:00:00+05:30,1019.5870284539118,1023.6491928550894,1002.9324648078214,1010.6729736328125,21077808
2020-10-09 00:00:00+05:30,1008.7548278164428,1016.8790372265936,1000.6757456073183,1008.0552368164062,18545499
2020-10-12 00:00:00+05:30,1008.7548267067875,1018.1201535189876,1004.8055997006869,1009.6800537109375,14226473
2020-10-13 00:00:00+05:30,1006.7689180188713,1031.6606295627953,1004.6250177214829,1029.38134765625,23112012
2020-10-14 00:00:00+05:30,1028.5689032035948,1039.8976215416956,1023.8748385588287,1032.450439453125,26742011
2020-10-15 00:00:00+05:30,1033.5787209899615,1033.5787209899615,990.7010157207518,995.8914794921875,20036197
2020-10-16 00:00:00+05:30,999.7279451318866,1007.6263990747995,980.6134716986062,982.0352172851562,21583600
2020-10-19 00:00:00+05:30,988.4668301104947,1005.9112981674255,972.7149304876791,982.2156982421875,31200385
2020-10-20 00:00:00+05:30,983.4795214556434,989.798344269808,971.40602552376,973.053466796875,18482288
2020-10-21 00:00:00+05:30,978.5147603722606,989.3470196032074,946.8077683832299,958.9263916015625,34082321
2020-10-22 00:00:00+05:30,960.1901490428081,962.4919944695694,943.7612212611413,950.9601440429688,30802210
2020-10-23 00:00:00+05:30,950.5313131498879,963.6202899304686,946.1984454833869,953.7133178710938,23422125
2020-10-26 00:00:00+05:30,948.7034169019341,948.7034169019341,911.0387387404159,915.822998046875,37324416
2020-10-27 00:00:00+05:30,918.4407016571695,929.7017279504099,904.9455209838884,918.2601928710938,36478896
2020-10-28 00:00:00+05:30,921.5550042670169,928.7314227324945,906.028800472741,907.8567504882812,29924017
2020-10-29 00:00:00+05:30,901.3347749825296,921.6452970796064,898.6267252669395,914.8299560546875,30655304
2020-10-30 00:00:00+05:30,917.8088456567091,932.0713684328344,912.5281277212341,927.287109375,34021563
2020-11-02 00:00:00+05:30,914.8751840367496,914.8751840367496,839.1170566069392,847.3766479492188,99366895
2020-11-03 00:00:00+05:30,853.0409611809424,861.6165021715815,828.2621884933044,835.167724609375,88691623
2020-11-04 00:00:00+05:30,829.1196689111366,870.6433759833506,829.1196689111366,863.5120849609375,80180117
2020-11-05 00:00:00+05:30,882.3557933334056,885.063843200435,871.9974294692396,882.3783569335938,37205373
2020-11-06 00:00:00+05:30,898.175475948344,920.7426584675038,892.8270071314915,915.8455810546875,66674086
2020-11-09 00:00:00+05:30,930.7172966945931,933.8315508837121,918.9371879060812,925.5719604492188,35838510
2020-11-10 00:00:00+05:30,937.4424565059559,943.3099481329342,921.2843506217042,940.85009765625,36934242
2020-11-11 00:00:00+05:30,942.8584390211519,945.5664886118119,892.8043204833926,901.4249877929688,56724780
2020-11-12 00:00:00+05:30,894.1132565805676,906.5026417774758,886.8917113461868,893.661865234375,40046527
2020-11-13 00:00:00+05:30,894.564633496026,919.2305871473199,894.4518154997988,901.06396484375,45388670
2020-11-14 00:00:00+05:30,909.4139110537326,909.5944198559474,900.5901107359409,903.7269287109375,5226220
2020-11-17 00:00:00+05:30,941.0531655438715,941.0531655438715,895.9186819311539,899.6422729492188,46542562
2020-11-18 00:00:00+05:30,899.6422344929193,905.6226031588405,884.6801802584594,896.91162109375,30402290
2020-11-19 00:00:00+05:30,896.9116378432019,907.4053832429535,888.3360969077845,890.5702514648438,27796343
2020-11-20 00:00:00+05:30,891.4052025799142,895.3770527052618,855.2976532438502,857.3287353515625,57471248
2020-11-23 00:00:00+05:30,880.5730036765486,889.1485449890283,869.4022304000791,880.4376220703125,45327567
2020-11-24 00:00:00+05:30,886.4405101290448,890.953946718642,871.9974772270936,886.4630737304688,30936268
2020-11-25 00:00:00+05:30,893.6619486348033,899.5068761620935,876.6011807335245,879.128662109375,32637879
2020-11-26 00:00:00+05:30,881.4982370696008,886.8917730806558,871.1173098416299,881.2951049804688,25838637
2020-11-27 00:00:00+05:30,875.8338420233673,882.8748194602481,867.2131737985623,871.0044555664062,47336811
2020-12-01 00:00:00+05:30,875.7661696758335,887.456025013745,871.1173516152288,882.333251953125,19750687
2020-12-02 00:00:00+05:30,883.9581161119759,885.5378667077028,873.3515518250487,883.8001708984375,22188887
2020-12-03 00:00:00+05:30,890.0512832775495,894.1585153494483,884.0257869322113,886.4630737304688,27785372
2020-12-04 00:00:00+05:30,888.6971374121213,888.6971374121213,875.6081607043218,878.6547241210938,18464552
2020-12-07 00:00:00+05:30,875.8790518310219,886.891820126114,875.8790518310219,883.8226928710938,18242188
2020-12-08 00:00:00+05:30,885.1540651059471,909.1204263018327,880.1215470992155,899.8678588867188,43403061
2020-12-09 00:00:00+05:30,907.1797819467947,917.9443506509773,902.3503953551077,914.8526000976562,29175254
2020-12-10 00:00:00+05:30,912.437912349106,915.552166728337,903.1402167199674,905.8482666015625,16065507
2020-12-11 00:00:00+05:30,908.556276462948,919.8399265746882,891.0666814664153,905.306640625,26944202
2020-12-14 00:00:00+05:30,906.2770801525107,909.4590851843236,896.5280523361688,898.76220703125,17312747
2020-12-15 00:00:00+05:30,898.0399769590505,898.0399769590505,885.1315087967429,891.1118774414062,18551265
2020-12-16 00:00:00+05:30,897.2726359718845,900.4095133302656,887.2076595531021,892.104736328125,18561011
2020-12-17 00:00:00+05:30,895.6930552499342,904.9456238899453,892.3756687000254,896.1895141601562,20252358
2020-12-18 00:00:00+05:30,893.7071594170455,904.9004961820984,886.8918178223723,898.875,18466344
2020-12-21 00:00:00+05:30,907.2022710782971,912.6183705411303,837.3567098855556,875.4727172851562,44135540
2020-12-22 00:00:00+05:30,879.6703154945026,884.13862467934,852.3413781920493,874.1187744140625,28140001
2020-12-23 00:00:00+05:30,871.0946936975114,880.7760293674728,866.8745845082068,877.3458251953125,19501410
2020-12-24 00:00:00+05:30,878.7675857883312,902.1472362313513,878.2711268911072,900.0485229492188,20776988
2020-12-28 00:00:00+05:30,905.7127860779514,910.8129948797642,900.5674500804482,904.17822265625,17221499
2020-12-29 00:00:00+05:30,906.7509753463718,908.2404117114976,894.8128611333499,898.197998046875,18611939
2020-12-30 00:00:00+05:30,900.5450189082468,905.9385552751692,891.6535274403722,900.6578369140625,22043630
2020-12-31 00:00:00+05:30,899.7551656628455,908.0598840441618,893.0301381174847,896.0541381835938,18781189
2021-01-01 00:00:00+05:30,897.2726941006515,901.3347986266252,894.5646443140231,897.0470581054688,10015175
2021-01-04 00:00:00+05:30,900.4772865018267,902.1923588792536,888.2458453983129,898.55908203125,24513534
2021-01-05 00:00:00+05:30,888.6971735420237,895.286819208082,882.8296824610696,887.3883056640625,24123091
2021-01-06 00:00:00+05:30,887.2980461940915,887.3431733969305,859.8789129484342,863.9861450195312,46401468
2021-01-07 00:00:00+05:30,866.8069025676972,877.8648566159659,859.878803357666,862.5868530273438,32325918
2021-01-08 00:00:00+05:30,865.6787259580677,874.8861684054011,863.0158029244144,872.7648315429688,27540187
2021-01-11 00:00:00+05:30,875.0665690475399,875.0665690475399,854.1693322211945,856.313232421875,33307825
2021-01-12 00:00:00+05:30,858.9084582491231,884.6350813991116,857.5092762592445,883.3036499023438,41161546
2021-01-13 00:00:00+05:30,886.2373008139729,891.3826371793065,865.8817107313442,875.0665283203125,26619458
2021-01-14 00:00:00+05:30,877.8649064942006,887.7493749036234,875.1794202704835,884.9058837890625,21553242
2021-01-15 00:00:00+05:30,884.9059553680901,890.8637012770374,866.6039495178113,874.4573364257812,20593268
2021-01-18 00:00:00+05:30,879.7153669541436,901.3347564198895,868.0932632925311,895.4447021484375,35100458
2021-01-19 00:00:00+05:30,900.2741041573885,916.6804669801634,900.2741041573885,910.0908813476562,32006615
2021-01-20 00:00:00+05:30,912.3476352561834,928.8668167227358,903.3207030552749,927.3773803710938,30924537
2021-01-21 00:00:00+05:30,939.6990432246472,956.8501242760648,936.5396618324675,947.5524291992188,39087742
2021-01-22 00:00:00+05:30,952.7880800202875,954.7514714069698,918.5536065523528,925.0755615234375,30532660
2021-01-25 00:00:00+05:30,918.4633177239738,918.4633177239738,871.9974047459384,876.0595092773438,54207104
2021-01-27 00:00:00+05:30,868.8380990078514,868.8380990078514,852.1383477435087,855.2977294921875,42370131
2021-01-28 00:00:00+05:30,848.5952159319003,868.0707665841978,844.0140887864603,846.9703979492188,34067814
2021-01-29 00:00:00+05:30,854.9817319108826,863.4670185270817,825.9602859922227,831.3538818359375,43712383
2021-02-01 00:00:00+05:30,839.2297544881135,859.8110390936073,834.0844184137254,855.4330444335938,34180952
2021-02-02 00:00:00+05:30,863.9861301874793,875.6082351731134,837.2214015345261,869.1991577148438,41470034
2021-02-03 00:00:00+05:30,870.3275762318168,881.0243952288587,857.5544879536694,871.3882446289062,30301696
2021-02-04 00:00:00+05:30,868.3865924082124,875.6081377765653,859.8110520523379,868.5220336914062,25626981
2021-02-05 00:00:00+05:30,871.1173559922115,877.7070019033696,866.5813559125976,868.2738647460938,20248046
2021-02-08 00:00:00+05:30,872.4712846072483,888.6971388465231,870.6659579070334,880.7760620117188,21183400
2021-02-09 00:00:00+05:30,885.5152551213864,897.9948961529354,881.1597638793062,882.8973999023438,19604141
2021-02-10 00:00:00+05:30,881.8142219915239,895.8058629486737,869.8761074541144,891.0892944335938,21234156
2021-02-11 00:00:00+05:30,893.6619528050209,931.6652040177879,890.1640575276463,927.8287353515625,42539278
2021-02-12 00:00:00+05:30,927.7384783498696,937.8937101488065,909.6395460369704,921.4647827148438,30497029
2021-02-15 00:00:00+05:30,924.3759353313053,930.3562442810988,913.9724445678881,917.4026489257812,15791099
2021-02-16 00:00:00+05:30,920.6297689320974,938.5255683500038,918.4858688517324,929.5438232421875,21421660
2021-02-17 00:00:00+05:30,929.7693797732454,945.995232692275,925.5267668656501,940.26318359375,23742994
2021-02-18 00:00:00+05:30,941.0531321070791,951.6145681859424,929.3632772705301,933.244873046875,18646877
2021-02-19 00:00:00+05:30,928.4155145358285,950.0574695218014,926.745509641073,938.9318237304688,23403483
2021-02-22 00:00:00+05:30,938.7964367473062,943.2647459186029,900.4096042931712,906.3447265625,23804335
2021-02-23 00:00:00+05:30,924.3534067368045,926.5649977273687,908.8271426020757,913.2728881835938,25644108
2021-02-24 00:00:00+05:30,916.2291858661802,932.1390906998175,914.4914901976813,930.2208862304688,10807663
2021-02-25 00:00:00+05:30,936.9909986645049,971.2931609562635,935.6369439506498,967.8403930664062,34855693
2021-02-26 00:00:00+05:30,955.4961387654923,963.123829134179,934.5988434646592,941.4141845703125,37481215
2021-03-01 00:00:00+05:30,952.4269850885058,953.2394537638484,930.897848571293,948.590576171875,17680764
2021-03-02 00:00:00+05:30,957.752856616694,961.3635697154016,942.9036206682259,950.5313110351562,17150760
2021-03-03 00:00:00+05:30,957.3241328149178,1001.9395335212855,951.0730007855624,993.9055786132812,31924461
2021-03-04 00:00:00+05:30,983.9307553112692,988.4216276043541,973.8657789482086,982.0576782226562,21435754
2021-03-05 00:00:00+05:30,973.0985692708165,998.3512962856287,971.7670781260525,983.3440551757812,25511666
2021-03-08 00:00:00+05:30,978.7403773670584,1007.3556183257853,978.5147413680846,988.9407958984375,19506841
2021-03-09 00:00:00+05:30,992.957815333975,999.1863843088685,968.856067882206,988.9182739257812,15154484
2021-03-10 00:00:00+05:30,996.1171885060364,999.7730887336929,979.5302558776189,984.8109741210938,11519358
2021-03-12 00:00:00+05:30,990.7010162557301,995.8463528292266,958.6104430105866,964.7938842773438,16864952
2021-03-15 00:00:00+05:30,965.899600131311,969.8939539882846,939.0219967848262,951.8402099609375,16698099
2021-03-16 00:00:00+05:30,954.1421160708194,959.5582754400099,945.7922708635552,948.0941162109375,13873801
2021-03-17 00:00:00+05:30,946.9431947370554,949.1773492874154,918.5310260738679,927.6707763671875,19210236
2021-03-18 00:00:00+05:30,935.591956651123,940.9629894194235,903.1403030928562,906.7962036132812,20647480
2021-03-19 00:00:00+05:30,898.6267780925764,945.9502287147974,894.9257507304794,939.6990966796875,41787429
2021-03-22 00:00:00+05:30,934.7342566902689,936.0882516774249,917.6734303772165,930.8526611328125,18572478
2021-03-23 00:00:00+05:30,930.6497285616952,952.2014305220086,927.9642420903879,942.1815795898438,17421165
2021-03-24 00:00:00+05:30,938.6835805295864,938.6835805295864,920.9232211318065,924.0374755859375,16822814
2021-03-25 00:00:00+05:30,927.0614339788925,927.0614339788925,895.9186520687285,898.829833984375,22001648
2021-03-26 00:00:00+05:30,908.1049928320286,908.8722746334809,890.818529006779,900.274169921875,20180202
2021-03-30 00:00:00+05:30,906.2996230548414,924.7596332154852,898.8750045089173,915.9132690429688,20441701
2021-03-31 00:00:00+05:30,910.8130382876154,925.2108826971944,902.2374380883726,904.0879516601562,16250796
2021-04-01 00:00:00+05:30,910.813084242052,916.2291839450849,904.1105608753422,912.5507202148438,11723312
2021-04-05 00:00:00+05:30,913.9499774544976,913.9725410564147,885.5829932474485,899.3489990234375,14875099
2021-04-06 00:00:00+05:30,904.4942743627021,904.9230424620014,888.6971873373794,895.602783203125,14009194
2021-04-07 00:00:00+05:30,902.6889153894526,923.8569756395913,899.664915309728,903.9752197265625,24266353
2021-04-08 00:00:00+05:30,907.6536814191865,912.6184496390974,899.5294718287386,905.1035766601562,15369188
2021-04-09 00:00:00+05:30,901.9892738152234,905.5548598128081,893.661932570132,894.5872192382812,14037885
2021-04-12 00:00:00+05:30,884.1836789732539,885.2669107795369,857.6672125480122,862.5868530273438,20901482
2021-04-13 00:00:00+05:30,868.3866470158723,875.8790157297038,865.6109063786529,871.9071655273438,19411189
2021-04-15 00:00:00+05:30,869.4247410901053,885.0863863250735,863.421868505896,877.5489501953125,19723716
2021-04-16 00:00:00+05:30,874.0736236379038,880.0764962565872,869.492436882543,872.0425415039062,15656948
2021-04-19 00:00:00+05:30,859.3598210383852,864.9564895083129,853.0409979470431,858.3217163085938,18478808
2021-04-20 00:00:00+05:30,862.2934748740392,866.1298835841033,853.2440391612164,858.0734252929688,17203668
2021-04-22 00:00:00+05:30,854.05647971313,864.0763296197583,847.0380660893645,860.4429931640625,14490954
2021-04-23 00:00:00+05:30,860.2624793969826,866.084783440233,855.4556567138424,859.5177612304688,11828857
2021-04-26 00:00:00+05:30,866.581418789522,885.5378891909199,862.7449497505725,874.6378784179688,20846778
2021-04-27 00:00:00+05:30,875.6082559520604,901.4251348981196,874.8184105130574,897.566162109375,19992524
2021-04-28 00:00:00+05:30,901.7184130880825,906.2995399608012,893.729645559396,901.4701538085938,17122437
2021-04-29 00:00:00+05:30,913.0245579839406,922.7736442808828,905.9836407520165,913.5436401367188,17412606
2021-04-30 00:00:00+05:30,906.5253048610995,918.9372550182458,897.0696639164535,900.2064819335938,19828769
2021-05-03 00:00:00+05:30,887.3431167617707,893.2106078294329,877.0073762854873,884.206298828125,23640186
2021-05-04 00:00:00+05:30,880.1214997433957,888.1554533667976,862.5190888499852,865.0465698242188,21849830
2021-05-05 00:00:00+05:30,868.0933376376232,874.9311830141904,861.1877417678091,866.62646484375,12393609
2021-05-06 00:00:00+05:30,867.4162861727356,873.351467984722,860.5332540943049,871.5460815429688,14624666
2021-05-07 00:00:00+05:30,874.5926935213764,882.6717759114722,869.2894115930914,871.8846435546875,12288548
2021-05-10 00:00:00+05:30,875.1568139833493,878.6772726130321,867.0100416182049,869.3795776367188,13941237
2021-05-11 00:00:00+05:30,864.3245192383586,874.9536451693982,862.0677416161577,872.5164184570312,13478264
2021-05-12 00:00:00+05:30,871.1398768410697,872.4036175039552,860.7138223730607,863.4895629882812,13177961
2021-05-14 00:00:00+05:30,870.2144835826157,876.5107419101814,860.2623853127697,874.3894653320312,13291616
2021-05-17 00:00:00+05:30,874.3895393110239,886.1921519936135,871.2752254332202,884.7930297851562,11873078
2021-05-18 00:00:00+05:30,894.1133650520243,903.8623926091062,890.2768962963072,897.2501831054688,12064918
2021-05-19 00:00:00+05:30,893.661980396703,910.1135316770341,890.0512670062741,901.357421875,16317002
2021-05-20 00:00:00+05:30,901.7410386469029,907.6085298258828,894.1133478678807,896.0992431640625,11422532
2021-05-21 00:00:00+05:30,899.0780871843959,907.0217278069957,896.3700373777015,903.8397827148438,10785605
2021-05-24 00:00:00+05:30,906.2995151967815,907.1119838096187,894.5645936578591,896.2119750976562,8551760
2021-05-25 00:00:00+05:30,901.0640676586617,901.33489057257,884.6351390826914,886.056884765625,14780102
2021-05-26 00:00:00+05:30,891.4052973188182,893.4363796423949,887.0273019371077,889.171142578125,7480204
2021-05-27 00:00:00+05:30,889.2839988316376,899.5294855338184,885.6506620923865,891.9017944335938,26819294
2021-05-28 00:00:00+05:30,898.1753741090896,950.0799477100439,898.1753741090896,945.4762573242188,56469931
2021-05-31 00:00:00+05:30,948.7260309716555,989.2116388880302,941.0757761481069,975.0394287109375,59124142
2021-06-01 00:00:00+05:30,977.611970938607,993.8603885283871,968.8107347954659,978.9208984375,28013832
2021-06-02 00:00:00+05:30,973.5499025688986,997.2455024822107,973.5499025688986,993.5219116210938,24630162
2021-06-03 00:00:00+05:30,1002.4359457378657,1015.5249829566307,991.197541606595,997.313232421875,23974257
2021-06-04 00:00:00+05:30,999.6376236399614,1000.38234182816,985.8490553582253,988.6699829101562,14468646
2021-06-07 00:00:00+05:30,993.8604848949419,1011.9142309078353,986.1876070242225,1005.3245849609375,16336573
2021-06-08 00:00:00+05:30,1004.9635226595291,1005.2117222594065,992.1227450436447,999.54736328125,9674735
2021-06-09 00:00:00+05:30,1001.5332028305284,1002.4358661639994,973.9786315641471,981.674072265625,11409161
2021-06-10 00:00:00+05:30,989.97879594458,1006.4980364625192,982.8250009526113,985.2848510742188,14155653
2021-06-11 00:00:00+05:30,988.6745196444147,1009.1011338517071,987.4063134106076,1002.375244140625,13762778
2021-06-14 00:00:00+05:30,1003.2133236938203,1022.8019971914159,994.1775627019242,1016.7555541992188,20332436
2021-06-15 00:00:00+05:30,1024.0475051449755,1030.3430126999276,1014.6720508016263,1019.0653686523438,15174215
2021-06-16 00:00:00+05:30,1016.7554197633551,1017.7291568032897,999.0689384128791,1001.6732177734375,10797349
2021-06-17 00:00:00+05:30,996.419402245226,1012.2715613635339,987.315775310826,1003.507568359375,15745975
2021-06-18 00:00:00+05:30,1007.9688163777718,1012.2715649781592,989.331239663787,1008.0367431640625,29369026
2021-06-21 00:00:00+05:30,998.0046654296643,1017.9329709190221,996.4873942658087,1013.2905883789062,12186448
2021-06-22 00:00:00+05:30,1020.8768841757212,1024.0473996901744,1005.1832816303848,1008.0819702148438,12871913
2021-06-23 00:00:00+05:30,1019.0653035968686,1019.3370107371757,997.1893446925246,998.842529296875,16653951
2021-06-24 00:00:00+05:30,999.5219522378009,1003.0320420254984,969.24439537304,975.3587646484375,91461975
2021-06-25 00:00:00+05:30,975.3587188779936,975.3587188779936,942.5674531142881,953.14306640625,55355022
2021-06-28 00:00:00+05:30,961.0918688993542,963.1299720367883,942.5222185353294,944.7868041992188,20277042
2021-06-29 00:00:00+05:30,946.3720075153033,955.2039275943256,943.9262837366043,945.60205078125,27144063
2021-06-30 00:00:00+05:30,949.4291830957576,961.3862145219897,947.0740283906408,955.9512329101562,19762858
2021-07-01 00:00:00+05:30,959.280142195751,961.6126545352091,948.863024683412,950.1991577148438,12534407
2021-07-02 00:00:00+05:30,949.7688254664646,966.0286046961062,947.9345027993265,964.2848510742188,14086620
2021-07-05 00:00:00+05:30,967.6364346091955,975.3813457995719,965.3944913619939,973.8640747070312,11702287
2021-07-06 00:00:00+05:30,971.4863144110957,973.2752927037599,960.2765977537204,962.3599853515625,10070124
2021-07-07 00:00:00+05:30,963.6960603661638,963.6960603661638,950.2217589268929,955.6793823242188,10454892
2021-07-08 00:00:00+05:30,958.8045791709611,958.8045791709611,942.5221577829742,947.7760009765625,11185460
2021-07-09 00:00:00+05:30,945.692616426164,947.3684433649398,935.7737479702222,938.0836181640625,9037675
2021-07-12 00:00:00+05:30,941.9560333000883,951.8070347554016,939.5782363454429,943.92626953125,8585292
2021-07-13 00:00:00+05:30,951.1276138236502,952.5090313833667,945.7152147930674,950.9917602539062,6717133
2021-07-14 00:00:00+05:30,951.2861518765445,954.2301252196338,942.6354298484742,944.7868041992188,8532544
2021-07-15 00:00:00+05:30,948.8630578642602,948.8630578642602,941.3899132919198,943.1336669921875,9448356
2021-07-16 00:00:00+05:30,945.5794632937067,957.8082625960851,945.5115365015023,956.743896484375,8828185
2021-07-19 00:00:00+05:30,951.1275859545519,961.9976083202988,947.6174964042133,950.6520385742188,8354449
2021-07-20 00:00:00+05:30,950.9011562369292,954.7509997157346,943.8809767465054,948.3195190429688,6741464
2021-07-22 00:00:00+05:30,959.7330950269046,961.9523961689722,950.2897739918685,960.5030517578125,7972397
2021-07-23 00:00:00+05:30,966.7306251488294,966.7306251488294,952.0560439551456,953.709228515625,9937030
2021-07-26 00:00:00+05:30,954.750983452507,960.6388700312618,938.0382987131833,940.642578125,12389668
2021-07-27 00:00:00+05:30,940.6198584710684,943.7449695480559,924.8583297259997,930.7462158203125,10824523
2021-07-28 00:00:00+05:30,932.1050710097164,932.1050710097164,913.1957274047861,922.7523193359375,12897848
2021-07-29 00:00:00+05:30,930.2933681370648,939.5329082786225,925.4924300252735,929.9536743164062,13765738
2021-07-30 00:00:00+05:30,932.1050565925411,936.6115854453042,919.9215431668897,921.8238525390625,11350608
2021-08-02 00:00:00+05:30,930.4293835078141,941.7975969636952,924.4735097135498,938.6724853515625,10925104
2021-08-03 00:00:00+05:30,946.5984882609035,947.051393415347,934.9132237953986,945.5794067382812,11817299
2021-08-04 00:00:00+05:30,948.5912889902256,957.468493410625,945.239695070289,952.8261108398438,13169800
2021-08-05 00:00:00+05:30,957.6042553564475,975.9474211617123,953.0524422703517,966.6400146484375,21252078
2021-08-06 00:00:00+05:30,964.6925186543999,972.3921457790564,941.5031281309346,946.168212890625,16620987
2021-08-09 00:00:00+05:30,942.5221349162108,946.5078316871239,935.9548011334763,940.7783813476562,7494143
2021-08-10 00:00:00+05:30,942.9750770172923,957.0155553586313,939.238504866793,945.7152099609375,11919198
2021-08-11 00:00:00+05:30,949.7462363911606,960.1859966454768,943.6092248291548,958.963134765625,9184963
2021-08-12 00:00:00+05:30,962.4052906590396,962.9941092821113,953.3922326146494,955.88330078125,8137612
2021-08-13 00:00:00+05:30,958.9630848706249,973.7282353115995,955.181228214771,971.8032836914062,12780901
2021-08-16 00:00:00+05:30,973.4791642916643,997.7782056289792,963.8772875225334,984.4171142578125,21935444
2021-08-17 00:00:00+05:30,982.3110475847799,989.716205298415,972.7997402220516,980.2276000976562,12658169
2021-08-18 00:00:00+05:30,984.6435653646352,990.4408829212671,974.9511198541776,984.0321044921875,10075860
2021-08-20 00:00:00+05:30,970.6031001945055,983.7377088016336,967.8856094241049,972.98095703125,9426282
2021-08-23 00:00:00+05:30,984.6434896207061,984.6434896207061,965.7567897152866,979.3670043945312,9854395
2021-08-24 00:00:00+05:30,980.5899239821464,992.7960796490014,976.3098177521405,989.036865234375,11864472
2021-08-25 00:00:00+05:30,989.8068486851395,1005.4778098902966,987.4063495975512,997.5969848632812,13380559
2021-08-26 00:00:00+05:30,1000.0427010414176,1016.7553848783828,998.6839258042111,1010.210693359375,18589616
2021-08-27 00:00:00+05:30,1013.1773788430729,1015.7817181947378,1003.6887734868195,1008.829345703125,10480636
2021-08-30 00:00:00+05:30,1019.0653841621985,1030.7733511879242,1013.086868200183,1028.2369384765625,14027062
2021-08-31 00:00:00+05:30,1031.2486961976206,1034.351165067264,1015.5550939662595,1022.7565307617188,26485463
2021-09-01 00:00:00+05:30,1029.482446811587,1038.495504793424,1024.9532755584123,1026.8101806640625,11145486
2021-09-02 00:00:00+05:30,1021.3299483032399,1045.2440116453542,1021.3299483032399,1039.1749267578125,9956770
2021-09-03 00:00:00+05:30,1046.2403322593964,1084.7384068201698,1042.8435137983438,1081.79443359375,30664428
2021-09-06 00:00:00+05:30,1092.890848363497,1123.2363883848902,1092.4378833660398,1098.59765625,33641710
2021-09-07 00:00:00+05:30,1100.5906136768078,1113.2723180946527,1092.4380808510261,1105.5274658203125,17349882
2021-09-08 00:00:00+05:30,1110.5545921591392,1111.460402276985,1090.0147098003558,1101.2017822265625,14301651
2021-09-09 00:00:00+05:30,1099.6393200037396,1104.1458485171872,1094.2949080752658,1098.59765625,8963249
2021-09-13 00:00:00+05:30,1101.949452386577,1101.949452386577,1072.5324776130421,1074.11767578125,16311160
2021-09-14 00:00:00+05:30,1075.6801166083583,1084.2854942866497,1071.6037904973264,1072.7135009765625,8908356
2021-09-15 00:00:00+05:30,1072.7360805602518,1085.0780298856923,1072.7360805602518,1077.1746826171875,9071075
2021-09-16 00:00:00+05:30,1078.6465641491313,1103.647571826163,1072.0565884901453,1099.775146484375,13448882
2021-09-17 00:00:00+05:30,1107.837242193017,1112.2984866148895,1075.9517858407112,1082.722900390625,34882133
2021-09-20 00:00:00+05:30,1074.3664868663025,1095.3139316833478,1073.415392150155,1084.4439697265625,11779819
2021-09-21 00:00:00+05:30,1089.2676895218028,1094.5215333838828,1079.7563812162018,1089.1318359375,9915736
2021-09-22 00:00:00+05:30,1090.6263219107966,1106.025455452025,1086.210362198153,1100.8170166015625,10995912
2021-09-23 00:00:00+05:30,1108.4711801776828,1130.9358947742098,1107.6106545484265,1127.72021484375,15748397
2021-09-24 00:00:00+05:30,1133.9026086017536,1134.7631343059459,1119.613065939266,1124.459228515625,15192163
2021-09-27 00:00:00+05:30,1126.4068411721403,1145.8370159244848,1121.1077134942575,1143.3685302734375,15373834
2021-09-28 00:00:00+05:30,1147.6939414575027,1161.689135216267,1138.092065214608,1154.0574951171875,18035258
2021-09-29 00:00:00+05:30,1163.9991145771864,1163.9991145771864,1141.3758992926414,1144.90869140625,9719875
2021-09-30 00:00:00+05:30,1143.617767070168,1147.965800183617,1132.4533348800387,1141.013427734375,13590654
2021-10-01 00:00:00+05:30,1133.1779894261922,1150.320936930379,1130.0302358504632,1143.0289306640625,8958928
2021-10-04 00:00:00+05:30,1156.2993722307872,1166.1955973057436,1149.075293250508,1157.72607421875,10918552
2021-10-05 00:00:00+05:30,1157.2506571555696,1183.021746414647,1153.7405072590436,1181.7535400390625,13533634
2021-10-06 00:00:00+05:30,1186.6221652780882,1186.6221652780882,1155.438860897584,1159.40185546875,10258881
2021-10-07 00:00:00+05:30,1175.3220421537414,1177.020571318369,1162.9574494692135,1165.086181640625,6336665
2021-10-08 00:00:00+05:30,1170.9061333611987,1215.8130517029124,1169.2077239223584,1209.857177734375,15772493
2021-10-11 00:00:00+05:30,1223.5124154081877,1231.9366542030143,1198.1263679197398,1201.4326171875,14768666
2021-10-12 00:00:00+05:30,1197.9680041586355,1215.1788796176056,1196.2694750157295,1208.29443359375,6682011
2021-10-13 00:00:00+05:30,1213.3669853963502,1231.7102112927382,1208.9736680853593,1220.591064453125,9959762
2021-10-14 00:00:00+05:30,1223.0369280495506,1230.7818997818822,1217.0810544912147,1223.0595703125,8623469
2021-10-18 00:00:00+05:30,1208.6567177514992,1243.2596035729455,1205.8033136478314,1226.320556640625,13594479
2021-10-19 00:00:00+05:30,1233.6577079515857,1246.1356302424738,1226.5016753447112,1237.3037109375,8833409
2021-10-20 00:00:00+05:30,1242.2406818392346,1242.2406818392346,1219.0286485058555,1223.0595703125,12710570
2021-10-21 00:00:00+05:30,1235.2883536749923,1235.5600608138357,1179.0358711096487,1187.7772216796875,20831669
2021-10-22 00:00:00+05:30,1186.6449281501523,1206.9810344630644,1182.7951444896785,1189.99658203125,11027475
2021-10-25 00:00:00+05:30,1213.8201056097269,1213.8201056097269,1163.9990998346134,1178.40185546875,17198417
2021-10-26 00:00:00+05:30,1185.3315195274101,1208.7926167498356,1179.013250231775,1205.2371826171875,9750178
2021-10-27 00:00:00+05:30,1201.138372284091,1212.3707315877277,1186.6222858874532,1189.99658203125,9896298
2021-10-28 00:00:00+05:30,1186.644837678606,1194.77472717133,1173.283867099268,1176.952392578125,9886181
2021-10-29 00:00:00+05:30,1175.843002928945,1175.843002928945,1133.0649360229452,1148.7132568359375,14233025
2021-11-01 00:00:00+05:30,1148.7131311991511,1157.6582624374937,1129.6225892164332,1149.4151611328125,15481114
2021-11-02 00:00:00+05:30,1152.6760985535552,1154.0348738636576,1130.143454028727,1132.6571044921875,10569130
2021-11-03 00:00:00+05:30,1135.0348760961226,1141.3531452072293,1114.6309640383438,1124.866943359375,11989430
2021-11-04 00:00:00+05:30,1129.1016597099565,1134.514118637374,1127.7656464746356,1131.77392578125,1705656
2021-11-08 00:00:00+05:30,1141.0813257713814,1141.3531527093287,1112.5475239087214,1133.177978515625,20337183
2021-11-09 00:00:00+05:30,1134.5593339553402,1145.384011549245,1126.429444729638,1142.123046875,15682497
2021-11-10 00:00:00+05:30,1139.8585280650227,1158.56403111527,1133.9479393972968,1154.8953857421875,10253470
2021-11-11 00:00:00+05:30,1150.4341308509872,1164.2254244154967,1148.3959679290283,1157.00146484375,10722478
2021-11-12 00:00:00+05:30,1160.783463915503,1177.0206028987552,1158.111197547698,1174.4615478515625,8712341
2021-11-15 00:00:00+05:30,1177.586582367733,1178.583081524526,1163.9990683781703,1167.5318603515625,4803269
2021-11-16 00:00:00+05:30,1164.927627982119,1166.2637612012684,1130.0303872332545,1140.4022216796875,11337581
2021-11-17 00:00:00+05:30,1131.819202659116,1131.819202659116,1114.6309708056715,1115.98974609375,10202029
2021-11-18 00:00:00+05:30,1114.1781038166205,1127.3127730233773,1109.6715745881545,1120.201904296875,8505625
2021-11-22 00:00:00+05:30,1103.3532149230834,1109.1958761849858,1064.809860242095,1070.5845947265625,24124307
2021-11-23 00:00:00+05:30,1056.6800550508478,1087.5691305828452,1045.7874503355001,1080.5941162109375,25326999
2021-11-24 00:00:00+05:30,1077.944744457766,1091.4869745646124,1061.4358986030797,1064.9913330078125,16820296
2021-11-25 00:00:00+05:30,1074.7742721480843,1133.2006528139436,1067.5954770563671,1129.1016845703125,42401936
2021-11-26 00:00:00+05:30,1117.7108501017365,1122.149452357917,1087.6824179851199,1092.7098388671875,15763138
2021-11-29 00:00:00+05:30,1104.712245845007,1132.2949564813318,1086.5954393266575,1105.7991943359375,24325354
2021-11-30 00:00:00+05:30,1117.8013949441001,1121.3794713466475,1081.9529437331894,1089.44873046875,32172299
2021-12-01 00:00:00+05:30,1101.9493776790864,1120.519028933976,1098.3713010103995,1117.3486328125,10104610
2021-12-02 00:00:00+05:30,1118.571348380323,1130.5736640269113,1114.9027029403865,1124.5272216796875,12720411
2021-12-03 00:00:00+05:30,1131.5700865288095,1131.6153710496726,1087.0029299803193,1090.739501953125,19222481
2021-12-06 00:00:00+05:30,1094.2498569399281,1098.326063585159,1067.5955985919252,1070.06396484375,10332254
2021-12-07 00:00:00+05:30,1076.2010153934032,1088.8146726752468,1068.8863664494722,1078.7825927734375,11235122
2021-12-08 00:00:00+05:30,1097.9184786382343,1101.4058665244686,1089.8565147837464,1095.200927734375,8744178
2021-12-09 00:00:00+05:30,1102.85522364802,1120.926625884508,1098.326051956675,1112.5703125,13213547
2021-12-10 00:00:00+05:30,1105.2328712872275,1116.8955527047663,1100.7489847314073,1113.7025146484375,8364414
2021-12-13 00:00:00+05:30,1120.2924973928066,1120.5642045309762,1088.8146024741634,1091.3736572265625,12901733
2021-12-14 00:00:00+05:30,1077.9447685198427,1089.7206627192115,1074.9555104415622,1078.0126953125,12991523
2021-12-15 00:00:00+05:30,1079.7563157042177,1089.2676234327396,1069.38448219365,1074.8648681640625,9366969
2021-12-16 00:00:00+05:30,1089.5846504628314,1094.0232528934675,1072.8040976676455,1088.7694091796875,9761279
2021-12-17 00:00:00+05:30,1086.1199416955528,1090.6264710688479,1050.7696168986836,1060.0318603515625,21049821
2021-12-20 00:00:00+05:30,1049.7958677716224,1049.7958677716224,1017.7519129116022,1031.4527587890625,14325846
2021-12-21 00:00:00+05:30,1046.8518030785813,1062.5454064146618,1038.1784989493156,1046.8065185546875,12836561
2021-12-22 00:00:00+05:30,1052.988828746117,1074.276029474332,1051.6754577350616,1071.6490478515625,17658543
2021-12-23 00:00:00+05:30,1075.2271551661324,1077.944705915956,1068.0031950967277,1071.26416015625,9072401
2021-12-24 00:00:00+05:30,1073.4155095265614,1083.3796623765666,1058.718285237532,1074.6837158203125,7886494
2021-12-27 00:00:00+05:30,1069.5884556164642,1077.038958550713,1063.4967281365457,1073.52880859375,4017223
2021-12-28 00:00:00+05:30,1075.9517717574063,1089.1996512774408,1074.7968966086662,1086.2783203125,6374613
2021-12-29 00:00:00+05:30,1082.926817028114,1095.6085205634522,1078.8957755234705,1088.1353759765625,15425312
2021-12-30 00:00:00+05:30,1087.003127167027,1089.245070757408,1062.3643899373753,1068.478759765625,29333171
2021-12-31 00:00:00+05:30,1074.7741732718725,1079.710904759357,1068.8862272626782,1072.5775146484375,9477290
2022-01-03 00:00:00+05:30,1071.150790940942,1090.6036067166367,1070.4940456132024,1088.74658203125,5421611
2022-01-04 00:00:00+05:30,1094.2043208037267,1114.6308734629547,1088.8145046450295,1113.3173828125,10847728
2022-01-05 00:00:00+05:30,1115.0840198447643,1121.877776996668,1101.9267085410534,1118.526123046875,11643813
2022-01-06 00:00:00+05:30,1110.1924425923644,1111.4606489189575,1091.0792578429503,1094.4761962890625,14447422
2022-01-07 00:00:00+05:30,1101.0207557139988,1113.294777565113,1092.2341211399646,1103.3079833984375,13112115
2022-01-10 00:00:00+05:30,1110.5547786779957,1112.8193642531028,1094.2723568788356,1104.2138671875,9246731
2022-01-11 00:00:00+05:30,1103.3080358803265,1120.9491128479206,1102.8550708538112,1112.16259765625,16205164
2022-01-12 00:00:00+05:30,1119.2961508769274,1143.595254204983,1116.4427463358454,1141.8514404296875,14800442
2022-01-13 00:00:00+05:30,1141.9194026287705,1150.8645340891296,1136.0993826537385,1148.2828369140625,11856712
2022-01-14 00:00:00+05:30,1148.1469975068374,1162.7761757448827,1144.0027445379585,1149.9586181640625,19930176
2022-01-17 00:00:00+05:30,1149.5057137125311,1161.7344520199854,1149.0527486713804,1155.959716796875,8036453
2022-01-18 00:00:00+05:30,1157.0919805047831,1160.5340832716051,1139.4281422634044,1142.1683349609375,6215029
2022-01-19 00:00:00+05:30,1145.882379974198,1151.3173615953267,1136.3710722869748,1142.077880859375,9755485
2022-01-20 00:00:00+05:30,1132.3175229917704,1136.8014098425185,1111.913489734347,1122.08154296875,16494486
2022-01-21 00:00:00+05:30,1110.5548482538704,1133.3139167394952,1110.5548482538704,1122.2626953125,13338594
2022-01-24 00:00:00+05:30,1120.971622898134,1134.4460429942571,1066.6668610593797,1076.993408203125,21868937
2022-01-25 00:00:00+05:30,1064.1532222498897,1081.8623458947789,1043.9757327083191,1074.887451171875,24510205
2022-01-27 00:00:00+05:30,1058.0161903944513,1067.1198169153088,1046.7159051568356,1058.96728515625,20020431
2022-01-28 00:00:00+05:30,1071.1510836690384,1076.0878164055234,1054.5743095293699,1057.948486328125,14667727
2022-01-31 00:00:00+05:30,1068.9770491049403,1089.9018567259823,1067.1653084734821,1080.93408203125,12143683
2022-02-01 00:00:00+05:30,1090.6264803582178,1096.3331695818495,1063.0437697429202,1077.35595703125,13200509
2022-02-02 00:00:00+05:30,1090.1733881906252,1090.1733881906252,1075.725349000261,1079.552490234375,10017691
2022-02-03 00:00:00+05:30,1083.3795890325775,1087.6596951339798,1063.0888887078768,1065.6025390625,9572839
2022-02-04 00:00:00+05:30,1060.2808911532845,1063.6551874088461,1051.2678326966015,1055.8875732421875,11061241
2022-02-07 00:00:00+05:30,1060.7338205814565,1067.4370085401163,1043.9757907846413,1049.4561767578125,10714467
2022-02-08 00:00:00+05:30,1055.5931024543218,1068.8862659765236,1046.240291320876,1067.09716796875,12060849
2022-02-09 00:00:00+05:30,1073.936188431649,1081.2055520274612,1067.9804353407576,1079.52978515625,11486225
2022-02-10 00:00:00+05:30,1085.0554293647551,1085.0554293647551,1071.1962083846827,1078.4202880859375,12464491
2022-02-11 00:00:00+05:30,1074.887506839841,1079.982854527415,1061.6849113374171,1076.314208984375,15943370
2022-02-14 00:00:00+05:30,1059.9410992209632,1066.599001885618,1047.5990308751595,1059.171142578125,10719633
2022-02-15 00:00:00+05:30,1064.9006018983252,1097.8278430466569,1057.880422222606,1095.1329345703125,11212671
2022-02-16 00:00:00+05:30,1100.5906182455715,1101.9493936888987,1085.1688404247225,1092.868408203125,10392840
2022-02-17 00:00:00+05:30,1096.1065786813085,1111.8681080705421,1091.5321231787168,1106.704833984375,12853252
2022-02-18 00:00:00+05:30,1107.1126644779383,1112.5476464311962,1096.129369451274,1098.0543212890625,6775458
2022-02-21 00:00:00+05:30,1092.4380298945582,1103.9875007758346,1080.0281530233087,1086.957763671875,11107193
2022-02-22 00:00:00+05:30,1065.6705251768456,1085.146105195485,1063.066305633856,1082.0208740234375,13494914
2022-02-23 00:00:00+05:30,1087.5012562225045,1089.9696221846223,1072.5096827529123,1075.249755859375,7310110
2022-02-24 00:00:00+05:30,1043.975653416375,1059.7825863000533,1016.0759568434702,1021.66943359375,24846650
2022-02-25 00:00:00+05:30,1032.698202879161,1045.3119804850721,1030.954508957098,1034.4420166015625,14570089
2022-02-28 00:00:00+05:30,1015.8948766365417,1072.2151647642706,1015.8948766365417,1068.682373046875,21297446
2022-03-02 00:00:00+05:30,1057.3142599474093,1087.4560239699686,1054.9364629191114,1086.3463134765625,21471786
2022-03-03 00:00:00+05:30,1087.002981514595,1093.7288113845136,1073.4381104672327,1077.1746826171875,10186748
2022-03-04 00:00:00+05:30,1065.7157207883167,1070.8337101992126,1050.9280486616494,1053.283203125,10805667
2022-03-07 00:00:00+05:30,1032.0639824642974,1047.1915288477956,1006.3835848910501,1014.3323364257812,17983310
2022-03-08 00:00:00+05:30,1001.6279025675499,1017.2536381523959,987.361002125067,1012.4979248046875,21289374
2022-03-09 00:00:00+05:30,1012.7244638561707,1072.05665089973,1011.8864606126765,1066.2139892578125,20414228
2022-03-10 00:00:00+05:30,1087.0029472759036,1089.267532756051,1068.8862634347242,1083.4927978515625,17980493
2022-03-11 00:00:00+05:30,1076.1555181267943,1091.9850941858494,1076.1555181267943,1086.617919921875,12257423
2022-03-14 00:00:00+05:30,1081.0697243173254,1098.0541754406872,1075.2270625884603,1095.5404052734375,8340678
2022-03-15 00:00:00+05:30,1099.6620420875429,1099.6620420875429,1060.2128731362302,1070.4488525390625,15925769
2022-03-16 00:00:00+05:30,1078.850581492875,1090.581191192119,1076.6312801930274,1088.5203857421875,11149828
2022-03-17 00:00:00+05:30,1101.8359811947334,1131.1170954708805,1093.8419456429745,1124.00634765625,21422098
2022-03-21 00:00:00+05:30,1106.9315283978274,1125.0482148088292,1104.6669425964524,1117.52978515625,11999466
2022-03-22 00:00:00+05:30,1114.2231553251663,1148.1241274347842,1111.2793022913736,1146.403076171875,22557065
2022-03-23 00:00:00+05:30,1142.7117802254184,1161.6663456315202,1142.7117802254184,1150.0489501953125,15462187
2022-03-24 00:00:00+05:30,1136.823891628139,1170.407753742212,1136.823891628139,1167.9166259765625,13168266
2022-03-25 00:00:00+05:30,1169.6604672992412,1184.8331776508987,1167.169339474114,1175.7069091796875,14222488
2022-03-28 00:00:00+05:30,1182.1158606493575,1191.060992805179,1171.4723190412603,1187.5283203125,9891424
2022-03-29 00:00:00+05:30,1194.7973413665754,1194.7973413665754,1180.9381215710694,1187.7998046875,8684065
2022-03-30 00:00:00+05:30,1195.6580225208536,1217.4433519238278,1185.3314742474283,1210.626953125,15811550
2022-03-31 00:00:00+05:30,1207.0036419353132,1209.1550162306944,1190.5400818204482,1193.325439453125,13223718
2022-04-01 00:00:00+05:30,1193.891542920345,1207.094137293246,1187.5507515318518,1202.8819580078125,7922880
2022-04-04 00:00:00+05:30,1202.7009276541294,1211.555489970758,1196.45070474843,1206.4375,7929162
2022-04-05 00:00:00+05:30,1200.7305793203723,1209.2455069018179,1186.9619284827404,1189.385009765625,13149870
2022-04-06 00:00:00+05:30,1171.744039651222,1193.2122590361132,1171.744039651222,1186.2147216796875,12257215
2022-04-07 00:00:00+05:30,1175.3672812713683,1180.3041331292436,1162.6402930619627,1165.2899169921875,15496499
2022-04-08 00:00:00+05:30,1159.4698932414146,1188.9096265891387,1159.4698932414146,1184.6748046875,15152495
2022-04-11 00:00:00+05:30,1177.5864392090166,1195.0464967892808,1169.886872844364,1182.206298828125,9254209
2022-04-12 00:00:00+05:30,1171.6986884850992,1178.7642727503164,1157.3865016457235,1159.945556640625,13217742
2022-04-13 00:00:00+05:30,1166.0371790472568,1174.2349955581562,1152.9025109003892,1155.68798828125,10354235
2022-04-18 00:00:00+05:30,1147.2410619855225,1159.3792305452218,1142.1683569783831,1152.1551513671875,9974224
2022-04-19 00:00:00+05:30,1158.5638600771326,1208.3848547587156,1155.4161069847771,1196.0654296875,26141820
2022-04-20 00:00:00+05:30,1203.4481327307994,1238.2775602010167,1199.8247720277507,1231.234619140625,25072240
2022-04-21 00:00:00+05:30,1245.9319403276972,1263.1880996959114,1237.3717275306717,1260.06298828125,21708633
2022-04-22 00:00:00+05:30,1249.5551722154648,1269.075915209395,1242.8972695502077,1249.5098876953125,15054154
2022-04-25 00:00:00+05:30,1242.0821076628993,1249.3287095526507,1206.414795351199,1220.61376953125,17063215
2022-04-26 00:00:00+05:30,1227.4075203143414,1265.9055943331985,1226.3658564890222,1257.1416015625,12227666
2022-04-27 00:00:00+05:30,1248.1738072854712,1280.8518611647926,1247.8114113086813,1258.364501953125,19338945
2022-04-28 00:00:00+05:30,1272.6767577965609,1291.269050141953,1261.874601680994,1277.16064453125,25614076
2022-04-29 00:00:00+05:30,1293.6015662528664,1293.6015662528664,1257.8889681093667,1263.7542724609375,18214862
2022-05-02 00:00:00+05:30,1250.9593611931234,1270.6612443033114,1249.1702630612974,1259.315673828125,9467006
2022-05-04 00:00:00+05:30,1261.3764403153348,1263.6410258882418,1212.1442565160846,1220.0023193359375,19247660
2022-05-05 00:00:00+05:30,1233.5219702392728,1236.4659436174286,1192.0800401164388,1196.1109619140625,17210669
2022-05-06 00:00:00+05:30,1183.112189870724,1204.3087009820067,1174.6651887519583,1186.9393310546875,19649948
2022-05-09 00:00:00+05:30,1166.2410086662385,1176.2732081933118,1135.4652620079833,1140.583251953125,18083752
2022-05-10 00:00:00+05:30,1130.0303130323607,1144.3424996019623,1113.2722828322585,1120.8133544921875,19511677
2022-05-11 00:00:00+05:30,1119.9075231154202,1125.478478168712,1096.9445548183617,1109.3319091796875,16643899
2022-05-12 00:00:00+05:30,1099.4581878859078,1102.7870793042052,1073.4153958980505,1086.731201171875,20490321
2022-05-13 00:00:00+05:30,1098.7789520224087,1122.3306194635952,1093.9553113783713,1099.0506591796875,19308778
2022-05-16 00:00:00+05:30,1102.6059947530612,1123.6892942266647,1094.54403200538,1099.3223876953125,13437911
2022-05-17 00:00:00+05:30,1102.9005084688652,1150.36636198311,1101.4964484721288,1145.4974365234375,16551828
2022-05-18 00:00:00+05:30,1150.2530031709177,1163.9990123371506,1136.0313867118257,1149.6641845703125,17276788
2022-05-19 00:00:00+05:30,1125.0481241931686,1137.956250241304,1116.918234266966,1123.16845703125,14699118
2022-05-20 00:00:00+05:30,1137.956229855782,1197.6961004424857,1133.2006360812218,1188.660400390625,21793091
2022-05-23 00:00:00+05:30,1191.8535854335655,1201.8405013117845,1174.4162863101842,1180.7119140625,15252755
2022-05-24 00:00:00+05:30,1180.7569797022973,1194.7973375363194,1176.5448004718992,1184.7652587890625,13527818
2022-05-25 00:00:00+05:30,1193.4387237828619,1203.2670225299603,1178.2658929997126,1183.0216064453125,12714544
2022-05-26 00:00:00+05:30,1188.6376579513867,1193.393371125466,1154.0347740615534,1171.743896484375,17882023
2022-05-27 00:00:00+05:30,1174.4388502012214,1179.9191164627784,1150.4568600156867,1166.3089599609375,16521973
2022-05-30 00:00:00+05:30,1184.3803827895526,1211.1025664956994,1174.9597635821942,1206.935791015625,13853398
2022-05-31 00:00:00+05:30,1196.3373846577454,1213.2765527152142,1184.697464521731,1192.3743896484375,70620653
2022-06-01 00:00:00+05:30,1193.121675611818,1202.587698682473,1184.9238588339676,1192.7593994140625,9776989
2022-06-02 00:00:00+05:30,1192.98576447725,1237.5755649319342,1192.98576447725,1233.88427734375,22126569
2022-06-03 00:00:00+05:30,1242.8068535360608,1276.0283243723425,1241.9009234208313,1258.8853759765625,23939791
2022-06-06 00:00:00+05:30,1259.1119042533815,1274.5110388345443,1246.3395117355965,1253.4730224609375,11093152
2022-06-07 00:00:00+05:30,1254.5372764842177,1264.139152836091,1246.4527910651425,1255.828125,12358255
2022-06-08 00:00:00+05:30,1255.8280315270272,1259.564603425916,1230.2608467946977,1233.77099609375,12479250
2022-06-09 00:00:00+05:30,1227.4076388685442,1269.528957983228,1227.4076388685442,1267.6041259765625,17278305
2022-06-10 00:00:00+05:30,1255.4431162995847,1263.595647717919,1223.5576627478845,1229.3323974609375,18093057
2022-06-13 00:00:00+05:30,1200.2324095352897,1210.5588374187555,1184.9690106078476,1206.074951171875,17620803
2022-06-14 00:00:00+05:30,1200.2552293704455,1210.1288135182253,1183.6783373201108,1190.3135986328125,14714312
2022-06-15 00:00:00+05:30,1185.535162159316,1194.4802922065517,1170.520948203621,1175.91064453125,11195535
2022-06-16 00:00:00+05:30,1188.0036507794862,1204.331357067944,1156.752298028243,1159.4698486328125,17111475
2022-06-17 00:00:00+05:30,1159.4698594973618,1188.8415454022556,1157.7035234680366,1173.057373046875,24457187
2022-06-20 00:00:00+05:30,1179.851164692969,1185.331550638825,1141.8513382748356,1151.79296875,12066797
2022-06-21 00:00:00+05:30,1159.4697654774316,1174.597191210546,1145.1122963870148,1170.3851318359375,11720049
2022-06-22 00:00:00+05:30,1158.6093864513275,1158.6999555030718,1132.7477291666964,1134.8311767578125,10617206
2022-06-23 00:00:00+05:30,1139.1111811125647,1143.6177098347453,1107.3842221697334,1116.419921875,19446323
2022-06-24 00:00:00+05:30,1123.2365200121847,1137.2768791745684,1117.8014186070498,1132.3175048828125,14240234
2022-06-27 00:00:00+05:30,1152.6534598644344,1152.6534598644344,1123.9383995696694,1128.9658203125,15474529
2022-06-28 00:00:00+05:30,1124.187598454475,1147.67133814574,1124.187598454475,1144.840576171875,13572847
2022-06-29 00:00:00+05:30,1135.555858296585,1176.2279518820312,1132.7477384681235,1168.59619140625,19205146
2022-06-30 00:00:00+05:30,1168.5282289340553,1184.7880089664673,1162.1874370508547,1175.616455078125,23112959
2022-07-01 00:00:00+05:30,1166.218468693317,1173.9633211779058,1071.1510274067675,1090.9434814453125,81997149
2022-07-04 00:00:00+05:30,1077.4691189892487,1106.025565464495,1071.6490989100685,1093.2080078125,41857728
2022-07-05 00:00:00+05:30,1097.42011751126,1116.3973279805082,1094.7478514073186,1102.0625,17647327
2022-07-06 00:00:00+05:30,1096.106567126978,1106.0027924376789,1081.5679595799388,1092.3699951171875,23943726
2022-07-07 00:00:00+05:30,1098.7335863010783,1102.0624779330788,1075.6800503518655,1081.61328125,23301033
2022-07-08 00:00:00+05:30,1095.155633472675,1095.155633472675,1079.0996326989614,1083.1080322265625,19010108
2022-07-11 00:00:00+05:30,1076.3594210782474,1100.046939975301,1073.4154479368833,1097.8277587890625,13847467
2022-07-12 00:00:00+05:30,1088.8145132177926,1104.9837222205626,1088.8145132177926,1096.2650146484375,10778989
2022-07-13 00:00:00+05:30,1099.3678502402163,1102.4023929174853,1074.7743973152858,1076.8350830078125,14224132
2022-07-14 00:00:00+05:30,1081.568146854285,1102.3797424093775,1076.5633677805536,1085.7122802734375,16970315
2022-07-15 00:00:00+05:30,1093.796752824721,1093.796752824721,1079.3487135847495,1087.8182373046875,9603210
2022-07-18 00:00:00+05:30,1096.5142680086967,1098.3258884954794,1083.5154537448523,1097.0804443359375,15160908
2022-07-19 00:00:00+05:30,1087.1389350761635,1108.2902834767385,1087.1389350761635,1103.806396484375,16439888
2022-07-20 00:00:00+05:30,1150.4114709277653,1151.543703777921,1126.0670869457035,1133.6534423828125,23924246
2022-07-21 00:00:00+05:30,1129.577351299841,1132.2949020971544,1117.484465892399,1126.08984375,16523230
2022-07-22 00:00:00+05:30,1132.29491466853,1139.6774905895736,1130.0303289124045,1133.698974609375,10969995
2022-07-25 00:00:00+05:30,1117.5522733397709,1117.5522733397709,1088.361726850526,1096.242431640625,23110452
2022-07-26 00:00:00+05:30,1096.5595845623452,1106.886133119494,1092.143624721455,1096.74072265625,11303288
2022-07-27 00:00:00+05:30,1096.0387306174957,1099.2317688342157,1087.908840568981,1095.6990966796875,8655086
2022-07-28 00:00:00+05:30,1103.3081533989875,1117.7788361232904,1096.5143960795697,1112.86474609375,12496073
2022-07-29 00:00:00+05:30,1120.8359411287292,1140.0396942059215,1115.989778235377,1136.5748291015625,15130683
2022-08-01 00:00:00+05:30,1140.968245399228,1172.038463313215,1135.7370437974075,1166.19580078125,15700044
2022-08-02 00:00:00+05:30,1165.1313691654111,1181.1193216829413,1160.1718752661886,1170.63427734375,13917913
2022-08-03 00:00:00+05:30,1177.5865998850716,1182.1157712823,1162.8442104812696,1180.462646484375,14250977
2022-08-04 00:00:00+05:30,1182.1156551708407,1185.6258045890304,1148.1468730281574,1164.8594970703125,14467127
2022-08-05 00:00:00+05:30,1166.7164604960217,1167.9845468317753,1144.5008098568317,1147.69384765625,13942438
2022-08-08 00:00:00+05:30,1146.3351396535795,1170.1359894573532,1146.3351396535795,1162.7081298828125,10165178
2022-08-10 00:00:00+05:30,1167.1241099957583,1173.0120563323646,1158.1336946618562,1169.6605224609375,10724688
2022-08-11 00:00:00+05:30,1178.9905230785732,1182.070349687536,1168.6186906335156,1173.5555419921875,8198226
2022-08-12 00:00:00+05:30,1173.1931102851886,1196.314571208688,1169.5245850188705,1192.53271484375,12650587
2022-08-16 00:00:00+05:30,1198.511296976361,1203.5387175050762,1189.9512045412775,1200.8211669921875,6607378
2022-08-17 00:00:00+05:30,1207.0263114935751,1212.4160085847718,1202.746205068067,1207.09423828125,6595965
2022-08-18 00:00:00+05:30,1208.6925853891362,1212.7820913718717,1199.6955520359063,1209.2833251953125,7410035
2022-08-19 00:00:00+05:30,1204.148579928399,1209.464997552082,1183.6779742626552,1187.72216796875,9460724
2022-08-22 00:00:00+05:30,1189.1536549981986,1195.6514326976853,1175.0673642837935,1184.4278564453125,9471680
2022-08-23 00:00:00+05:30,1178.7024907985585,1205.6027266806439,1177.4982950302235,1202.694580078125,9678484
2022-08-24 00:00:00+05:30,1199.6500999587201,1213.2365143204822,1197.4917062121833,1199.490966796875,10369622
2022-08-25 00:00:00+05:30,1203.671444195302,1210.0102083418858,1191.6981161929027,1195.9921875,7871946
2022-08-26 00:00:00+05:30,1196.4237108559755,1204.1485194816453,1184.6095168359632,1189.6077880859375,10742038
2022-08-29 00:00:00+05:30,1174.6128173581192,1206.4205794013706,1171.4547933496005,1180.3609619140625,19838975
2022-08-30 00:00:00+05:30,1187.790261371782,1201.990130578996,1170.795826558723,1198.6729736328125,23139054
2022-09-01 00:00:00+05:30,1173.54493369258,1183.6778930178739,1159.026918701398,1163.4345703125,19909939
2022-09-02 00:00:00+05:30,1163.4346809089884,1170.2278880627014,1147.6671567250864,1149.8482666015625,12999345
2022-09-05 00:00:00+05:30,1150.0753260593585,1173.022349910166,1150.0753260593585,1167.7059326171875,11327815
2022-09-06 00:00:00+05:30,1169.1601553219334,1184.1552111927028,1168.7057123414318,1179.9974365234375,10899618
2022-09-07 00:00:00+05:30,1170.0688269822717,1179.1112920563703,1167.7968526449285,1173.135986328125,7488501
2022-09-08 00:00:00+05:30,1176.0896159479148,1180.519984126391,1168.2513462113554,1174.7945556640625,7057077
2022-09-09 00:00:00+05:30,1185.9728273387254,1185.9728273387254,1165.0706121863568,1167.47900390625,8314850
2022-09-12 00:00:00+05:30,1168.046804859231,1186.8816091364133,1168.046804859231,1180.542724609375,7435419
2022-09-13 00:00:00+05:30,1189.607891122723,1194.9243089400052,1181.8832020191865,1190.403076171875,8888657
2022-09-14 00:00:00+05:30,1170.0688394223355,1185.9726599528265,1169.046493026583,1176.135009765625,8678219
2022-09-15 00:00:00+05:30,1173.704175948456,1183.041952132411,1161.7762789427293,1164.47998046875,10365600
2022-09-16 00:00:00+05:30,1155.8691822283704,1160.0723896563331,1131.8998062386554,1135.6258544921875,20217708
2022-09-19 00:00:00+05:30,1135.6257495827476,1146.3040180403946,1127.5147655140897,1137.1025390625,7580254
2022-09-20 00:00:00+05:30,1146.1903481529216,1153.119972213298,1133.5808482063046,1137.2841796875,8411448
2022-09-21 00:00:00+05:30,1134.512398474311,1150.9842421176709,1133.7172134827065,1140.4195556640625,9207309
2022-09-22 00:00:00+05:30,1129.6276634257686,1137.3523524884633,1123.3116153435435,1129.673095703125,10308170
2022-09-23 00:00:00+05:30,1129.1733426023927,1134.1488981287762,1106.9533532004177,1108.498291015625,9528051
2022-09-26 00:00:00+05:30,1087.845960638479,1098.6379294477279,1079.257938059937,1080.257568359375,12479523
2022-09-27 00:00:00+05:30,1087.8232365030442,1102.3639690673094,1072.4192906698377,1088.845703125,16154822
2022-09-28 00:00:00+05:30,1072.5327497220442,1080.5528678614462,1057.4241154049128,1059.8551025390625,16997059
2022-09-29 00:00:00+05:30,1072.3738473223364,1075.7817488504493,1051.0171916607421,1056.6063232421875,14671827
2022-09-30 00:00:00+05:30,1050.108360317172,1091.458340177691,1050.108360317172,1080.4393310546875,18613024
2022-10-03 00:00:00+05:30,1086.687337582096,1098.2516553264609,1073.7370949613044,1076.690673828125,11852723
2022-10-04 00:00:00+05:30,1089.5500767240444,1098.7288394831442,1086.0739063841288,1096.5477294921875,8948850
2022-10-06 00:00:00+05:30,1103.7271026820092,1113.269322563035,1098.7968595905177,1100.5916748046875,13352162
2022-10-07 00:00:00+05:30,1097.2065545320427,1110.4976589700225,1097.2065545320427,1105.2493896484375,7714340
2022-10-10 00:00:00+05:30,1092.821480233315,1098.5469079284153,1085.096792225,1093.18505859375,6329527
2022-10-11 00:00:00+05:30,1096.9110251312234,1096.9110251312234,1068.32955827905,1071.41943359375,9215177
2022-10-12 00:00:00+05:30,1068.7386577474495,1082.2342073300697,1064.6944639855953,1079.3033447265625,7417103
2022-10-13 00:00:00+05:30,1077.5538882747444,1087.8231445652352,1072.419200033899,1082.7340087890625,7328492
2022-10-14 00:00:00+05:30,1097.3654596284905,1097.9789154976827,1076.508681223135,1077.2357177734375,9106089
2022-10-17 00:00:00+05:30,1070.1018190034106,1096.911067683068,1064.9216983657,1094.5255126953125,16729355
2022-10-18 00:00:00+05:30,1100.5462980220425,1119.1765361724479,1099.7056807153497,1113.83740234375,12415820
2022-10-19 00:00:00+05:30,1115.3142054707246,1148.6441893082867,1109.497912475689,1133.2174072265625,19247142
2022-10-20 00:00:00+05:30,1129.173323936751,1144.6227018334394,1129.173323936751,1136.2618408203125,8717053
2022-10-21 00:00:00+05:30,1139.4880471639096,1143.6231056125362,1120.9942254138175,1123.0843505859375,8243452
2022-10-24 00:00:00+05:30,1117.8133802746593,1137.1252236758137,1115.6778227953112,1126.8331298828125,3370033
2022-10-25 00:00:00+05:30,1135.5348605120162,1135.5348605120162,1107.8167232856267,1109.4298095703125,12233241
2022-10-27 00:00:00+05:30,1116.90446154382,1121.6529753517277,1105.4537260220727,1113.7918701171875,12513059
2022-10-28 00:00:00+05:30,1120.0852998000876,1151.893061521459,1117.5634478847232,1147.8717041015625,17609592
2022-10-31 00:00:00+05:30,1154.6195667238408,1163.684748855419,1150.620804946696,1158.52734375,12419943
2022-11-01 00:00:00+05:30,1181.428769564145,1181.428769564145,1139.6244632866772,1149.552978515625,13963166
2022-11-02 00:00:00+05:30,1150.666129478395,1158.7998289194838,1142.8051438822936,1156.7322998046875,8981896
2022-11-03 00:00:00+05:30,1149.5529038103175,1163.048452941367,1147.3717940343818,1161.049072265625,6693449
2022-11-04 00:00:00+05:30,1160.4810755593053,1181.428720196316,1159.2088516372303,1178.1343994140625,12575815
2022-11-07 00:00:00+05:30,1177.3393389028124,1186.1092114125374,1169.614649236392,1184.4278564453125,11789748
2022-11-09 00:00:00+05:30,1186.109174333478,1191.4028762322173,1176.9075752515669,1183.2464599609375,11254205
2022-11-10 00:00:00+05:30,1176.8847111507705,1179.8610058478407,1164.6160741722886,1168.932861328125,5966242
2022-11-11 00:00:00+05:30,1181.428793587036,1197.787058206641,1175.9760787775724,1195.878662109375,12310132
2022-11-14 00:00:00+05:30,1195.4013783558953,1200.5133505404451,1183.7687931045677,1190.0849609375,9043112
2022-11-15 00:00:00+05:30,1191.561895358841,1193.4248592098502,1176.8848651845096,1184.7459716796875,7086433
2022-11-16 00:00:00+05:30,1185.972635134196,1188.6763362500183,1172.954245151571,1177.95263671875,9716161
2022-11-17 00:00:00+05:30,1174.5901593039591,1187.3359568517499,1172.3409009131724,1180.9971923828125,6661451
2022-11-18 00:00:00+05:30,1184.495900066872,1185.518366679259,1168.2967693410817,1180.3609619140625,5303197
2022-11-21 00:00:00+05:30,1175.9760614312995,1175.9760614312995,1155.5737233322704,1159.1180419921875,6390268
2022-11-22 00:00:00+05:30,1156.4369938334312,1167.1152613187112,1152.5746494360667,1165.547607421875,6611488
2022-11-23 00:00:00+05:30,1170.0688915510787,1171.3866679891707,1159.7313656787815,1161.9124755859375,6413408
2022-11-24 00:00:00+05:30,1165.9792953074673,1178.702375351731,1157.8910283853108,1171.931884765625,9389439
2022-11-25 00:00:00+05:30,1176.430472976704,1192.7431844497548,1173.295044904841,1189.4261474609375,7349922
2022-11-28 00:00:00+05:30,1185.472920181286,1236.4333911015242,1136.8980043426527,1230.299072265625,31527484
2022-11-29 00:00:00+05:30,1228.6632233258865,1241.2500078770877,1224.1419904117938,1232.4119873046875,11058913
2022-11-30 00:00:00+05:30,1232.54834119291,1247.5206802015884,1226.0504438987869,1241.1136474609375,26164986
2022-12-01 00:00:00+05:30,1245.8619813701127,1251.8600031393141,1234.1386516701657,1237.4556884765625,9485801
2022-12-02 00:00:00+05:30,1240.5001400003844,1248.6792715763747,1227.1408877532265,1236.93310546875,11589592
2022-12-05 00:00:00+05:30,1232.3212015923184,1234.4795955595694,1216.8718218980066,1218.893798828125,14828536
2022-12-06 00:00:00+05:30,1211.0098577338963,1225.5050364637573,1209.146773966004,1222.4151611328125,8594245
2022-12-07 00:00:00+05:30,1220.0523915216042,1224.5963402295367,1200.5815364526634,1204.375732421875,8462111
2022-12-08 00:00:00+05:30,1208.6924277820037,1210.9644019630948,1199.6499633297894,1203.8076171875,7757008
2022-12-09 00:00:00+05:30,1202.3309977712286,1208.6925984914808,1182.2694016212881,1185.5638427734375,12655763
2022-12-12 00:00:00+05:30,1174.8401159938364,1191.8798642806923,1174.6128344148897,1187.38134765625,9479842
2022-12-13 00:00:00+05:30,1187.381293975718,1196.4237590933476,1184.473147579326,1192.7886962890625,8333348
2022-12-14 00:00:00+05:30,1198.5367354613884,1199.127475241392,1186.4271108317469,1188.471923828125,7268947
2022-12-15 00:00:00+05:30,1182.5646387349402,1188.2445139678211,1168.251189688057,1171.5909423828125,8688551
2022-12-16 00:00:00+05:30,1168.2513090093973,1189.9714223850988,1162.412300039899,1165.7974853515625,15837349
2022-12-19 00:00:00+05:30,1172.7952889779006,1183.2463953663826,1166.2973916450521,1181.1107177734375,7729933
2022-12-20 00:00:00+05:30,1174.1129983269077,1193.242990634255,1165.9792991040035,1191.3345947265625,7467588
2022-12-21 00:00:00+05:30,1190.9710448813423,1196.4237592798247,1170.5687080191292,1174.3856201171875,8527550
2022-12-22 00:00:00+05:30,1180.5199485444361,1183.541675654874,1166.3200787009303,1171.3411865234375,7451122
2022-12-23 00:00:00+05:30,1164.7524600759673,1177.112082738486,1132.4676588679463,1136.9888916015625,10257115
2022-12-26 00:00:00+05:30,1142.6915558359974,1155.0737739248264,1132.5357596211306,1146.9173583984375,5990242
2022-12-27 00:00:00+05:30,1149.6209117724798,1158.1635005411677,1142.9185703008357,1156.300537109375,5763271
2022-12-28 00:00:00+05:30,1153.2562711921107,1158.6181211536698,1145.7587436629801,1156.1871337890625,7459393
2022-12-29 00:00:00+05:30,1148.2580090394192,1158.2092411945277,1147.576404624278,1155.6646728515625,6930648
2022-12-30 00:00:00+05:30,1156.4823255378853,1170.9775038842033,1154.6647942823151,1157.4365234375,7289476
2023-01-02 00:00:00+05:30,1158.708901395193,1171.88642405352,1157.8910002870925,1170.477783203125,5316175
2023-01-03 00:00:00+05:30,1165.5476587645308,1169.160125804233,1157.7093889350726,1161.9124755859375,7658932
2023-01-04 00:00:00+05:30,1161.8896870062515,1163.7300547153022,1142.3506838068283,1144.418212890625,9264891
2023-01-05 00:00:00+05:30,1146.6673617360877,1152.5290861752228,1137.80662667146,1142.373291015625,13637099
2023-01-06 00:00:00+05:30,1148.0989399434065,1157.777577935928,1144.3047436595773,1152.7564697265625,6349597
2023-01-09 00:00:00+05:30,1156.5732620005954,1182.3375684218504,1155.687212453628,1179.974609375,10722753
2023-01-10 00:00:00+05:30,1184.1552520379166,1184.1552520379166,1156.8915568565494,1162.5260009765625,8047142
2023-01-11 00:00:00+05:30,1159.8450319996036,1162.3441677767541,1145.5768933771294,1147.8717041015625,11509553
2023-01-12 00:00:00+05:30,1147.2810049505638,1150.7570549852321,1120.0853394706564,1123.0843505859375,17688773
2023-01-13 00:00:00+05:30,1117.0862332620186,1123.6749947373953,1106.2716693328798,1121.2667236328125,20618583
2023-01-16 00:00:00+05:30,1123.5840516608462,1126.7420752597088,1102.8181384631341,1110.58837890625,13623855
2023-01-17 00:00:00+05:30,1116.9046027544262,1128.2644751675343,1113.5421334042796,1126.3560791015625,10751000
2023-01-18 00:00:00+05:30,1123.947732620178,1131.9450149571076,1117.9724269094495,1124.492919921875,13448286
2023-01-19 00:00:00+05:30,1123.674992689111,1127.4237562572607,1116.2910462380278,1123.288818359375,11940054
2023-01-20 00:00:00+05:30,1124.6293134044963,1124.6293134044963,1107.475983857866,1109.9296875,14930286
2023-01-23 00:00:00+05:30,1112.8150268033937,1120.6305800710875,1101.9094778576764,1104.3177490234375,10954118
2023-01-24 00:00:00+05:30,1108.7253859560433,1110.3839043654414,1084.8014472016187,1097.7972412109375,16488755
2023-01-25 00:00:00+05:30,1096.2067717974144,1097.2291180769223,1081.4615961665293,1082.6202392578125,12385018
2023-01-27 00:00:00+05:30,1083.4611595770739,1084.8015319770323,1050.403768536496,1062.081787109375,25830975
2023-01-30 00:00:00+05:30,1059.5145777715713,1077.7812395145372,1045.564583725004,1072.2603759765625,21772103
2023-01-31 00:00:00+05:30,1082.3705756526113,1084.9379802131518,1063.7403362487162,1069.579345703125,22691594
2023-02-01 00:00:00+05:30,1081.4391134749721,1081.4391134749721,1047.382090519888,1063.2406005859375,19347800
2023-02-02 00:00:00+05:30,1053.2891691648742,1066.9210156997124,1050.1084290116537,1057.3560791015625,13662663
2023-02-03 00:00:00+05:30,1067.3753725425988,1067.3753725425988,1041.929212987467,1058.2874755859375,24699575
2023-02-06 00:00:00+05:30,1051.9259524136774,1054.6523697762398,1047.7455820077842,1050.3128662109375,14837879
2023-02-07 00:00:00+05:30,1050.5628652677376,1057.560517598404,1041.9292904027159,1047.791015625,15135435
2023-02-08 00:00:00+05:30,1051.017186057536,1072.3284093286718,1048.290888887822,1068.7159423828125,21160332
2023-02-09 00:00:00+05:30,1069.3976200283605,1077.3040386110727,1060.559599329042,1070.5789794921875,13172763
2023-02-10 00:00:00+05:30,1070.0563840638993,1070.0563840638993,1054.7886158361225,1061.763671875,10790445
2023-02-13 00:00:00+05:30,1063.3767549774948,1067.8298390073717,1051.267130813873,1055.72021484375,10352493
2023-02-14 00:00:00+05:30,1058.7192622894795,1082.3250555378218,1055.8565481440585,1080.598388671875,14321920
2023-02-15 00:00:00+05:30,1079.6440602664363,1107.4531801088635,1078.2809718116707,1105.0675048828125,33503591
2023-02-16 00:00:00+05:30,1113.019527781497,1119.5401413378127,1101.9322491792432,1104.2042236328125,17264487
2023-02-17 00:00:00+05:30,1099.6375221146495,1112.1334412904273,1095.3661670147737,1108.8162841796875,11809520
2023-02-20 00:00:00+05:30,1110.9974583087273,1113.1558521216361,1095.1390690194628,1097.093017578125,8836937
2023-02-21 00:00:00+05:30,1101.4552961916092,1111.8154187780797,1096.1614739086865,1106.044677734375,13311592
2023-02-22 00:00:00+05:30,1102.3412867389513,1104.1815344089787,1079.212530949885,1080.9619140625,11024335
2023-02-23 00:00:00+05:30,1080.5528460297141,1088.1639533747034,1072.987170955967,1075.7816162109375,9851910
2023-02-24 00:00:00+05:30,1077.8265267799054,1088.800224148405,1076.0089953829322,1083.1429443359375,9434053
2023-02-27 00:00:00+05:30,1082.3705449963543,1085.8467152410444,1068.6024012348664,1075.9407958984375,11199715
2023-02-28 00:00:00+05:30,1070.6016220746747,1075.55458156191,1051.3126158801917,1055.356689453125,21994038
2023-03-01 00:00:00+05:30,1065.1034156724897,1065.7850199744744,1055.6746563210354,1065.0579833984375,11551145
2023-03-02 00:00:00+05:30,1061.9228195758383,1068.57973034707,1054.925046511839,1056.9471435546875,9333535
2023-03-03 00:00:00+05:30,1067.443561368033,1087.5733043694927,1063.9902277008234,1083.9154052734375,14643807
2023-03-06 00:00:00+05:30,1090.5495987349282,1101.7277412564927,1090.5495987349282,1094.5028076171875,10171916
2023-03-08 00:00:00+05:30,1094.5028585607813,1099.1832244435238,1083.7337262043,1098.4334716796875,15782657
2023-03-09 00:00:00+05:30,1097.8199821583767,1098.2288726400263,1070.147279158801,1072.032958984375,16235128
2023-03-10 00:00:00+05:30,1063.967514713159,1065.1034417835135,1051.9486346812796,1055.4248046875,13334091
2023-03-13 00:00:00+05:30,1058.2876262665352,1065.1035499544928,1033.7502288751577,1038.0670166015625,12771592
2023-03-14 00:00:00+05:30,1036.0221323528851,1047.3592882483779,1031.0465769110588,1034.181884765625,16027522
2023-03-15 00:00:00+05:30,1037.885231401589,1044.3375763114452,1012.1209234658597,1016.505859375,21728555
2023-03-16 00:00:00+05:30,1019.2095726723305,1024.207844384365,1000.6701985245505,1011.4393310546875,18363159
2023-03-17 00:00:00+05:30,1020.0047649704466,1023.2763697645565,1005.4413760837782,1010.1671142578125,34014213
2023-03-20 00:00:00+05:30,1006.4864237654998,1008.7583980790381,990.5825434751304,1000.2384643554688,19524589
2023-03-21 00:00:00+05:30,1008.2811925498517,1033.2957451749278,1007.3951430408976,1031.341796875,21400360
2023-03-22 00:00:00+05:30,1038.2942074878824,1041.2250703817986,1031.4782836063534,1034.477294921875,10920094
2023-03-23 00:00:00+05:30,1030.5695716560392,1031.4329052327173,1019.2324140681607,1021.3908081054688,16249370
2023-03-24 00:00:00+05:30,1020.231887763167,1022.3902814688943,998.7617116838695,1001.1699829101562,12375945
2023-03-27 00:00:00+05:30,1007.6224178329715,1024.207782359069,999.7613722312702,1016.7329711914062,14054323
2023-03-28 00:00:00+05:30,1020.1183586375283,1025.3439120336418,1016.4831753805086,1021.4815673828125,12576424
2023-03-29 00:00:00+05:30,1017.391938716083,1020.0274916428302,1004.71434981678,1015.4381103515625,18804065
2023-03-31 00:00:00+05:30,1024.6623383806666,1064.8536804760474,1024.5260415402947,1059.2191162109375,28171201
2023-04-03 00:00:00+05:30,1065.5580347791372,1067.3755664241319,1051.9260666767912,1059.40087890625,10293043
2023-04-05 00:00:00+05:30,1066.9211362151764,1066.9211362151764,1048.9953365251422,1056.8563232421875,16262928
2023-04-06 00:00:00+05:30,1053.3572991214214,1069.6474143387793,1053.3572991214214,1063.9447021484375,18435046
2023-04-10 00:00:00+05:30,1067.829873819937,1068.0116029231133,1054.9022279148219,1056.4017333984375,12961408
2023-04-11 00:00:00+05:30,1060.559540630498,1063.7402807994256,1056.0383079017138,1061.6273193359375,10542367
2023-04-12 00:00:00+05:30,1061.6273731304518,1075.9181086673711,1058.7647789480902,1066.3077392578125,18179087
2023-04-13 00:00:00+05:30,1069.1930541875877,1075.0093475188144,1064.1947822733791,1070.3291015625,12378208
2023-04-17 00:00:00+05:30,1101.8867990924884,1101.8867990924884,1067.3981721567704,1075.759033203125,17929479
2023-04-18 00:00:00+05:30,1080.0985197030036,1080.0985197030036,1056.9243329412964,1063.4449462890625,10405576
2023-04-19 00:00:00+05:30,1062.8542061722762,1071.4195123263064,1059.741614492453,1068.7386474609375,12273475
2023-04-20 00:00:00+05:30,1069.692811176778,1071.9193532094926,1059.6961482625013,1066.034912109375,7007330
2023-04-21 00:00:00+05:30,1068.1253632194423,1072.8283257021726,1061.6501811091248,1067.3756103515625,7647317
2023-04-24 00:00:00+05:30,1079.1897769115358,1081.8706418346944,1066.9210188410907,1071.465087890625,12936186
2023-04-25 00:00:00+05:30,1075.1000833366595,1081.7342770992536,1068.0569991057368,1079.666748046875,9236126
2023-04-26 00:00:00+05:30,1081.0073822687018,1084.2336751201349,1069.6702254865136,1073.328125,8617834
2023-04-27 00:00:00+05:30,1079.189733985385,1083.2792397187284,1074.191342363561,1080.1212158203125,9167125
2023-04-28 00:00:00+05:30,1082.3704342762564,1101.409681900637,1082.2568535921685,1099.8646240234375,15565210
2023-05-02 00:00:00+05:30,1106.9986888116582,1111.3609082117491,1103.3180737047812,1109.2025146484375,12981805
2023-05-03 00:00:00+05:30,1110.997299985596,1110.997299985596,1096.4794053699195,1099.682861328125,7061872
2023-05-04 00:00:00+05:30,1100.1602273210067,1114.5645439655561,1097.1839321641876,1112.3607177734375,8635233
2023-05-05 00:00:00+05:30,1109.1797657715506,1118.4266754436653,1106.9077915916328,1109.5205078125,8746585
2023-05-08 00:00:00+05:30,1113.2692311404737,1128.5597141757223,1110.6110827431748,1123.2205810546875,9153782
2023-05-09 00:00:00+05:30,1124.6292481933926,1129.9912183396398,1119.290114376559,1126.69677734375,6464721
2023-05-10 00:00:00+05:30,1131.4453248412979,1135.9211253467272,1127.446563252221,1134.4443359375,10872255
2023-05-11 00:00:00+05:30,1135.51203899488,1140.3058651251242,1125.3335267806174,1127.03759765625,10557860
2023-05-12 00:00:00+05:30,1122.2664514997994,1130.2638545526538,1116.2229969798393,1128.8779296875,6955341
2023-05-15 00:00:00+05:30,1131.3998000896127,1138.056589765274,1123.7885720856236,1131.1043701171875,6833343
2023-05-16 00:00:00+05:30,1133.2628763872494,1135.8074445597895,1113.3375770795326,1114.9962158203125,8717229
2023-05-17 00:00:00+05:30,1119.1766035619933,1120.085369338175,1103.7272247932553,1108.407470703125,8798967
2023-05-18 00:00:00+05:30,1113.0649351771951,1116.4502407386783,1102.8864225456616,1106.0218505859375,10525531
2023-05-19 00:00:00+05:30,1106.0219413561279,1111.4292240517473,1099.1150328365684,1109.611572265625,8050447
2023-05-22 00:00:00+05:30,1106.4534840047638,1120.5397737195674,1105.2494084549478,1115.5413818359375,7434906
2023-05-23 00:00:00+05:30,1118.1086413363598,1121.4483940779485,1113.9281511842048,1115.3367919921875,6092034
2023-05-24 00:00:00+05:30,1111.4062712432678,1119.630834331706,1105.748992019405,1108.8388671875,8112254
2023-05-25 00:00:00+05:30,1105.9536236071287,1112.8149786046417,1097.842640709934,1108.70263671875,11487863
2023-05-26 00:00:00+05:30,1116.904610291511,1140.0787982471202,1113.6102893364032,1138.94287109375,12626260
2023-05-29 00:00:00+05:30,1145.5314605509366,1149.6210865747194,1139.2608448772517,1145.3497314453125,10010304
2023-05-30 00:00:00+05:30,1145.3496310598186,1153.1198717474913,1142.50963326853,1145.0543212890625,11342504
2023-05-31 00:00:00+05:30,1135.9892890678166,1140.4650896335454,1118.2678159183406,1122.3118896484375,27107927
2023-06-01 00:00:00+05:30,1126.969292454815,1129.127685777368,1116.9043623276352,1119.2899169921875,14592692
2023-06-02 00:00:00+05:30,1122.8117036497752,1128.1962696801756,1113.7238061790024,1115.6322021484375,15800644
2023-06-05 00:00:00+05:30,1121.085068396339,1128.6053121788445,1117.1090229973545,1125.6517333984375,10908682
2023-06-06 00:00:00+05:30,1128.4689187387335,1130.4000307352399,1118.7221336360576,1126.6058349609375,7493309
2023-06-07 00:00:00+05:30,1130.0821412207565,1135.9892989888378,1123.5388113588674,1135.148681640625,10312545
2023-06-08 00:00:00+05:30,1138.7156307485393,1143.6458744813403,1131.8997070078415,1135.8302001953125,12071109
2023-06-09 00:00:00+05:30,1139.1698179304815,1139.8741383055774,1125.9922962095304,1127.7872314453125,5877018
2023-06-12 00:00:00+05:30,1124.8564945620458,1131.0816777652867,1120.0852643496842,1128.7869873046875,6391969
2023-06-13 00:00:00+05:30,1133.7173319025067,1146.6448585440896,1129.741286337972,1145.46337890625,11248016
2023-06-14 00:00:00+05:30,1145.5314201372407,1160.9809175855808,1143.7138887627082,1159.549560546875,13277380
2023-06-15 00:00:00+05:30,1159.5268135380984,1164.4116242878063,1152.1201510303479,1159.86767578125,11813494
2023-06-16 00:00:00+05:30,1163.3439930100872,1173.431642744514,1163.3439930100872,1171.15966796875,24171579
2023-06-19 00:00:00+05:30,1174.1585755296505,1174.1585755296505,1155.369322961202,1159.5269775390625,6798554
2023-06-20 00:00:00+05:30,1157.5957972211602,1165.070488566,1151.893084884151,1161.9351806640625,6921096
2023-06-21 00:00:00+05:30,1161.889751966922,1167.728761153971,1157.800246036839,1165.2069091796875,6961603
2023-06-22 00:00:00+05:30,1161.4354185434336,1169.296404389101,1150.52986917785,1152.1202392578125,7619166
2023-06-23 00:00:00+05:30,1149.1212794125972,1151.1660925456156,1141.4420223330224,1142.691650390625,6628570
2023-06-26 00:00:00+05:30,1139.1700001634836,1142.9869124040958,1130.8545713330911,1133.9671630859375,12641159
2023-06-27 00:00:00+05:30,1134.4216529822017,1140.305974461151,1129.9231362063101,1134.376220703125,9689466
2023-06-28 00:00:00+05:30,1141.896393407388,1153.1881169201986,1135.0122016455275,1149.3939208984375,11354006
2023-06-30 00:00:00+05:30,1157.0731268247234,1161.7306560822208,1151.1886857801614,1158.822509765625,11151555
2023-07-03 00:00:00+05:30,1162.3669506539804,1191.425580555085,1161.1400387375704,1188.5628662109375,12154387
2023-07-04 00:00:00+05:30,1192.7887391966194,1192.7887391966194,1169.2736896643748,1176.31689453125,8061643
2023-07-05 00:00:00+05:30,1185.5183304828597,1185.5183304828597,1170.432411192628,1174.3856201171875,10248062
2023-07-06 00:00:00+05:30,1170.546016490242,1201.6266214253383,1170.546016490242,1199.03662109375,19117987
2023-07-07 00:00:00+05:30,1197.3325831480681,1210.9417123971473,1194.15172307179,1196.6964111328125,13375267
2023-07-10 00:00:00+05:30,1221.8245601360636,1252.3145466417043,1215.5085119378625,1242.794921875,33240016
2023-07-11 00:00:00+05:30,1250.9058502676546,1258.6759714064597,1243.9536302912918,1256.2677001953125,20069348
2023-07-12 00:00:00+05:30,1256.9947982953927,1273.2167658916628,1254.8818367760516,1257.6536865234375,18733835
2023-07-13 00:00:00+05:30,1264.9920307015198,1271.8533855353082,1243.7945103332902,1246.4072265625,14682934
2023-07-14 00:00:00+05:30,1249.5881074417618,1254.5410670168455,1238.2736675009803,1245.3623046875,15124144
2023-07-17 00:00:00+05:30,1248.225023984058,1279.1466167196916,1239.5914489485467,1270.8084716796875,22220040
2023-07-18 00:00:00+05:30,1280.0326878114854,1289.3250310279557,1269.127138140066,1281.600341796875,25867313
2023-07-19 00:00:00+05:30,1285.9397747939042,1297.7540895736324,1270.944719940005,1291.3243408203125,39122156
2023-07-20 00:00:00+05:30,1270.1421687973038,1295.224991076979,1270.1421687973038,1289.760498046875,38717624
2023-07-21 00:00:00+05:30,1284.4190157057792,1287.3235564344566,1242.3763715855305,1249.834716796875,30249238
2023-07-24 00:00:00+05:30,1221.4041174807796,1238.117785416934,1215.6441946530279,1224.5548095703125,23727866
2023-07-25 00:00:00+05:30,1227.8041962368873,1233.3179681079685,1220.9119513502328,1223.767333984375,12026020
2023-07-26 00:00:00+05:30,1223.3733833366434,1253.8961800235134,1223.3733833366434,1243.65625,12911012
2023-07-27 00:00:00+05:30,1247.5209111436616,1249.2931304965796,1226.0072859774648,1232.087158203125,17226898
2023-07-28 00:00:00+05:30,1236.6902137331379,1251.853175548335,1231.0287272255082,1244.4686279296875,20827852
2023-07-31 00:00:00+05:30,1244.4686660676819,1257.2930680054526,1239.594792375287,1255.00390625,8551174
2023-08-01 00:00:00+05:30,1257.8346449464532,1259.803857697837,1233.3672005487501,1237.25634765625,9536632
2023-08-02 00:00:00+05:30,1235.2871417271826,1236.665614699006,1212.8381883521488,1224.0380859375,12748214
2023-08-03 00:00:00+05:30,1218.5982448556042,1231.2011357970357,1210.1060138900245,1218.8935546875,10168350
2023-08-04 00:00:00+05:30,1230.1672134573323,1238.6348041373592,1216.776590964359,1235.45947265625,22885610
2023-08-07 00:00:00+05:30,1241.096521418228,1244.739517474421,1233.219669239453,1242.4996337890625,5982870
2023-08-08 00:00:00+05:30,1244.5424722858313,1247.7178038434138,1230.536470478926,1235.016357421875,9844072
2023-08-09 00:00:00+05:30,1233.1456430382627,1245.034716513302,1221.453442754676,1243.1639404296875,11486586
2023-08-10 00:00:00+05:30,1243.0409059369185,1255.3731247892663,1234.9179033647526,1248.702392578125,15470598
2023-08-11 00:00:00+05:30,1246.733138146324,1259.7300139419374,1236.837916549459,1253.969970703125,22179330
2023-08-14 00:00:00+05:30,1249.9577340453427,1271.274485095857,1243.065489745762,1268.788330078125,9575812
2023-08-16 00:00:00+05:30,1255.8654425931288,1271.5207081344915,1255.8654425931288,1267.7545166015625,10203112
2023-08-17 00:00:00+05:30,1263.7916479940673,1269.2069834305885,1246.9302626576266,1249.465576171875,13673744
2023-08-18 00:00:00+05:30,1246.142454602955,1268.960755625946,1234.9671961841154,1258.7208251953125,18639978
2023-08-21 00:00:00+05:30,1254.8424457661688,1262.5000997685252,1242.8371963360953,1244.986328125,9221746
2023-08-22 00:00:00+05:30,1243.4548358358238,1253.8544488619668,1234.6115281978846,1244.68994140625,7713044
2023-08-23 00:00:00+05:30,1247.061326610869,1256.2752862282496,1243.4795205761563,1246.0732421875,9517952
2023-08-24 00:00:00+05:30,1254.8178429548684,1254.8178429548684,1220.778380707161,1225.1259765625,14140020
2023-08-25 00:00:00+05:30,1213.3677682361918,1237.5758385308063,1206.7476503203045,1219.46923828125,22222400
2023-08-28 00:00:00+05:30,1221.272366528133,1227.2008731617648,1201.0660879981488,1207.315673828125,12580826
2023-08-29 00:00:00+05:30,1211.4162410930335,1212.107851949824,1189.7277154191993,1195.755126953125,16876644
2023-08-30 00:00:00+05:30,1201.5106390304122,1206.9451032694478,1193.1119215700844,1194.6187744140625,12168946
2023-08-31 00:00:00+05:30,1197.0642209023324,1198.0523052778192,1185.6517981191516,1189.1595458984375,21638600
2023-09-01 00:00:00+05:30,1188.937220765019,1198.3733539411996,1186.5163417372542,1191.9508056640625,18112842
2023-09-04 00:00:00+05:30,1191.950907028467,1197.3853714174265,1188.3197691016735,1190.987548828125,9347626
2023-09-05 00:00:00+05:30,1195.582117616625,1202.4739821466742,1191.852074903386,1197.3607177734375,8675876
2023-09-06 00:00:00+05:30,1196.125722417537,1203.5609616798479,1194.2236115362405,1199.88037109375,8200370
2023-09-07 00:00:00+05:30,1196.421961377583,1204.5983838407617,1191.1357340059783,1201.5106201171875,13652572
2023-09-08 00:00:00+05:30,1205.463038004146,1213.3677136631895,1197.039593881822,1209.51416015625,23109288
2023-09-11 00:00:00+05:30,1211.391482722607,1223.668479723262,1211.391482722607,1222.556884765625,13271074
2023-09-12 00:00:00+05:30,1226.70693716321,1226.70693716321,1203.4622246012573,1204.89501953125,16255666
2023-09-13 00:00:00+05:30,1205.4630504045967,1216.653058753229,1198.6699696902265,1210.9222412109375,12803338
2023-09-14 00:00:00+05:30,1215.3437498538372,1218.2092185904667,1207.933117232777,1212.03369140625,9209636
2023-09-15 00:00:00+05:30,1219.2962186489121,1219.2962186489121,1210.156437431325,1214.28173828125,25468592
2023-09-18 00:00:00+05:30,1205.487828880595,1210.8975674516837,1201.535490839137,1203.709228515625,7516300
2023-09-20 00:00:00+05:30,1197.0889665350091,1199.3368826488254,1163.4693709910728,1176.882568359375,57081884
2023-09-21 00:00:00+05:30,1173.3256379048928,1180.8104504919372,1165.9397302621942,1168.3111572265625,12226182
2023-09-22 00:00:00+05:30,1173.8444381665738,1177.03098669753,1160.9993390957275,1163.44482421875,19176786
2023-09-25 00:00:00+05:30,1161.1968240581607,1166.2854832156668,1153.638074334712,1156.2811279296875,14254884
2023-09-26 00:00:00+05:30,1155.3423807263628,1161.0979239595738,1153.8849803976213,1157.2938232421875,10087782
2023-09-27 00:00:00+05:30,1157.7879239120957,1171.7693426359385,1155.3177128519035,1170.3365478515625,11722778
2023-09-28 00:00:00+05:30,1177.3025356797164,1177.3025356797164,1148.648088734931,1153.1439208984375,14518346
2023-09-29 00:00:00+05:30,1156.9481416896208,1170.435518964013,1153.1440405649926,1158.529052734375,12342014
2023-10-03 00:00:00+05:30,1151.0935156022144,1153.8849261975774,1144.201651539282,1145.2637939453125,8859056
2023-10-04 00:00:00+05:30,1140.7434506187415,1145.683872665596,1133.8763122199225,1143.2877197265625,10286386
2023-10-05 00:00:00+05:30,1145.8073305142325,1150.821810414835,1140.743398149127,1143.2630615234375,10953682
2023-10-06 00:00:00+05:30,1144.7205033692,1148.5493304183171,1142.2502923697696,1145.1898193359375,5431026
2023-10-09 00:00:00+05:30,1140.2988590719287,1142.200849187487,1133.826857954507,1135.4324951171875,7576878
2023-10-10 00:00:00+05:30,1139.5331157395624,1145.1404226117538,1138.1497733893898,1140.447021484375,10236032
2023-10-11 00:00:00+05:30,1143.4359710357805,1160.8509589721596,1142.7196339530417,1158.5537109375,9814118
2023-10-12 00:00:00+05:30,1157.9609209243824,1165.6185754357678,1155.1447837404767,1160.7027587890625,12554450
2023-10-13 00:00:00+05:30,1156.058947078756,1164.7046870675929,1150.6985400393603,1160.653564453125,10150316
2023-10-16 00:00:00+05:30,1158.5290083696577,1163.2471357038708,1154.0826283801794,1158.0596923828125,5929036
2023-10-17 00:00:00+05:30,1163.9634271590728,1165.791359182136,1156.701030917525,1163.5928955078125,7928180
2023-10-18 00:00:00+05:30,1163.5929949263082,1169.3979912920374,1146.6720480730119,1148.1541748046875,8918320
2023-10-19 00:00:00+05:30,1142.2256445327594,1147.0672825471008,1136.7911799610206,1139.33544921875,12032556
2023-10-20 00:00:00+05:30,1136.2971288231192,1143.559525479833,1134.4691966955595,1135.8525390625,8913312
2023-10-23 00:00:00+05:30,1131.356812199955,1139.38499918609,1114.1888431065277,1118.116455078125,7853962
2023-10-25 00:00:00+05:30,1111.6196977984057,1127.0090643806484,1108.1366760976812,1115.5225830078125,11620688
2023-10-26 00:00:00+05:30,1112.089019549233,1115.5473150342816,1096.9219477593886,1099.9849853515625,15222534
2023-10-27 00:00:00+05:30,1106.654565590137,1123.204979852311,1104.6536704890175,1119.40087890625,11771084
2023-10-30 00:00:00+05:30,1123.4519103673986,1148.6480613914696,1121.4510154276281,1142.4725341796875,16813304
2023-10-31 00:00:00+05:30,1150.1303563093797,1150.1303563093797,1127.8490026208185,1130.3192138671875,12808438
2023-11-01 00:00:00+05:30,1130.9367248364767,1144.9428703315039,1124.0448598372486,1135.0125732421875,10309190
2023-11-02 00:00:00+05:30,1143.1889695269997,1148.302354744411,1140.2247162104195,1146.2767333984375,10562104
2023-11-03 00:00:00+05:30,1149.7349795725816,1153.5638066087804,1144.078220526126,1146.0296630859375,8850156
2023-11-06 00:00:00+05:30,1152.2546386732256,1156.0587394619763,1148.9445800808262,1155.564697265625,10647304
2023-11-07 00:00:00+05:30,1153.1192304428853,1155.614167696399,1145.9556184844287,1148.0552978515625,6960204
2023-11-08 00:00:00+05:30,1152.1063647972594,1156.5527444212626,1147.0424324477003,1154.0330810546875,7884494
2023-11-09 00:00:00+05:30,1154.0085696526105,1154.0331752710283,1138.3720609954937,1141.50927734375,14513610
2023-11-10 00:00:00+05:30,1139.0389810755562,1144.3746607841822,1135.333664696756,1143.658203125,7734954
2023-11-13 00:00:00+05:30,1147.610585630105,1148.4505538682092,1142.0773370771153,1143.5101318359375,3854810
2023-11-15 00:00:00+05:30,1156.0588204395372,1166.9030232858888,1149.6362714370953,1164.185791015625,12220648
2023-11-16 00:00:00+05:30,1161.542667627995,1172.9302438744137,1159.4923201233041,1166.285400390625,13134910
2023-11-17 00:00:00+05:30,1162.4319266451018,1172.4857343750468,1162.012063114762,1163.7412109375,7758634
2023-11-20 00:00:00+05:30,1160.282964728199,1165.1492085814864,1154.2802789468988,1160.67822265625,4490186
2023-11-21 00:00:00+05:30,1168.9038812090425,1179.7728099438689,1166.0384122376151,1175.2769775390625,8214450
2023-11-22 00:00:00+05:30,1173.3503703767312,1182.9594682341328,1171.9670279221825,1179.8717041015625,8534814
2023-11-23 00:00:00+05:30,1179.8716170501546,1185.7013394254852,1179.8716170501546,1183.4781494140625,8531542
2023-11-24 00:00:00+05:30,1181.5514214570694,1186.9858858764198,1181.2796741129466,1182.6876220703125,6749486
2023-11-28 00:00:00+05:30,1182.6876712625676,1185.5531403805655,1173.4738317237427,1182.9346923828125,13792174
2023-11-29 00:00:00+05:30,1189.6536514263266,1191.605094048659,1184.7379555197092,1186.047119140625,12531306
2023-11-30 00:00:00+05:30,1183.0828973645985,1186.0471507278282,1170.8306260067593,1174.5606689453125,28439984
2023-12-01 00:00:00+05:30,1174.8323419889748,1183.9226701483003,1174.6347733568996,1182.88525390625,14342842
2023-12-04 00:00:00+05:30,1210.403389884879,1210.403389884879,1185.009669053603,1195.680908203125,15590990
2023-12-05 00:00:00+05:30,1204.9688710813314,1205.8828973561333,1196.3971910542703,1204.351318359375,12693624
2023-12-06 00:00:00+05:30,1208.9707381739393,1221.7416569101222,1202.9927791973269,1215.8873291015625,16422442
2023-12-07 00:00:00+05:30,1215.3438750518303,1215.813191043024,1206.4511149904754,1213.886474609375,8142096
2023-12-08 00:00:00+05:30,1217.2460531905654,1223.594423771572,1207.9333084760417,1213.2442626953125,10204894
2023-12-11 00:00:00+05:30,1213.367615499601,1219.098553135076,1211.5890153738967,1215.022705078125,7066138
2023-12-12 00:00:00+05:30,1215.3439244936176,1217.7894094868202,1195.6562927549994,1197.5831298828125,9197124
2023-12-13 00:00:00+05:30,1196.570218805253,1204.6478570918039,1188.8137803209581,1202.4739990234375,10031182
2023-12-14 00:00:00+05:30,1212.3795628682321,1222.7297228698085,1206.7721356331074,1217.39404296875,16972354
2023-12-15 00:00:00+05:30,1224.2366929375116,1235.1056224147617,1220.3090811813895,1232.931884765625,15932152
2023-12-18 00:00:00+05:30,1232.9318442845902,1252.3476075388428,1230.6344755328585,1245.48046875,14165188
2023-12-19 00:00:00+05:30,1262.2777471951172,1271.6150959828576,1247.5552663727806,1263.809326171875,16820604
2023-12-20 00:00:00+05:30,1270.207325538083,1283.9417239360823,1244.9864450577063,1248.518798828125,17736722
2023-12-21 00:00:00+05:30,1248.44470925444,1271.4176728398502,1244.1218397625619,1266.0079345703125,13765454
2023-12-22 00:00:00+05:30,1264.5504141598008,1275.07341611771,1258.6465136069178,1267.242919921875,16541784
2023-12-26 00:00:00+05:30,1268.7003790735205,1280.5326657287192,1266.0819312708138,1273.66552734375,7465664
2023-12-27 00:00:00+05:30,1275.6169087042356,1284.4602154795425,1271.2199815487345,1278.0130615234375,9204156
2023-12-28 00:00:00+05:30,1279.4704228166715,1290.4381347546032,1278.0130225533287,1287.2515869140625,12302636
2023-12-29 00:00:00+05:30,1289.9937398232034,1291.4264140714613,1274.2831724837226,1277.074462890625,10864584
2024-01-01 00:00:00+05:30,1274.9008072558752,1287.8941431135045,1271.244822078984,1279.6929931640625,4030540
2024-01-02 00:00:00+05:30,1277.099135940161,1291.920402508132,1271.1706293129728,1290.2900390625,7448800
2024-01-03 00:00:00+05:30,1289.450180352941,1301.3071935056118,1273.2455715878027,1276.25927734375,9037536
2024-01-04 00:00:00+05:30,1278.5811975278393,1289.376067708453,1274.1842702494187,1282.8546142578125,9612778
2024-01-05 00:00:00+05:30,1285.9424160498672,1294.3165279752034,1283.521657474919,1288.3138427734375,8086406
2024-01-08 00:00:00+05:30,1289.4502625359673,1300.2944657165137,1269.1698042070248,1278.26025390625,7734652
2024-01-09 00:00:00+05:30,1284.5096770702141,1287.8691880410897,1273.2454911635218,1274.8758544921875,5403074
2024-01-10 00:00:00+05:30,1273.146817539874,1313.658280108081,1272.1834593214687,1309.2613525390625,11102740
2024-01-11 00:00:00+05:30,1313.6583733689063,1346.2651626289091,1312.6702888458758,1343.6961669921875,23725852
2024-01-12 00:00:00+05:30,1343.6960023683716,1356.9609630954171,1329.714583957277,1354.3919677734375,15012164
2024-01-15 00:00:00+05:30,1358.616069177015,1379.8104316098675,1349.723309451493,1377.51318359375,8610594
2024-01-16 00:00:00+05:30,1373.412554424991,1379.662260463631,1354.169635353321,1358.2454833984375,9069024
2024-01-17 00:00:00+05:30,1343.30084717423,1369.7568331827044,1338.8791932605309,1345.35107421875,12197382
2024-01-18 00:00:00+05:30,1335.2972997496222,1354.663730119792,1335.1490629645289,1351.6500244140625,10279438
2024-01-19 00:00:00+05:30,1359.6041759840746,1359.6041759840746,1342.8067406703178,1351.156005859375,10422704
2024-01-23 00:00:00+05:30,1355.4048574857818,1355.4048574857818,1306.791150318716,1312.7442626953125,20055420
2024-01-24 00:00:00+05:30,1319.314984194113,1333.4199132911328,1308.1497027138623,1327.8619384765625,21919128
2024-01-25 00:00:00+05:30,1326.9479158139593,1347.895377764627,1319.2902616038493,1336.9522705078125,11808872
2024-01-29 00:00:00+05:30,1348.241269998228,1435.192704047216,1343.9678528779282,1430.7957763671875,23893438
2024-01-30 00:00:00+05:30,1442.5537625848374,1442.5784888178382,1387.690473107798,1390.852294921875,14093978
2024-01-31 00:00:00+05:30,1387.2704457772934,1417.159997760743,1385.7883192326594,1409.6258544921875,15130226
2024-02-01 00:00:00+05:30,1417.9011153905622,1426.1515960154993,1401.1531330404457,1409.650634765625,13349362
2024-02-02 00:00:00+05:30,1416.0980132616144,1457.3258137867138,1416.0980132616144,1440.3306884765625,19652588
2024-02-05 00:00:00+05:30,1443.3442832345067,1452.9781061073709,1414.4675408489986,1421.878173828125,8814432
2024-02-06 00:00:00+05:30,1424.6695010773788,1424.6695010773788,1402.9069175392074,1410.7869873046875,9047984
2024-02-07 00:00:00+05:30,1418.8151411125152,1432.2283386037336,1412.2196294925052,1424.9659423828125,9296568
2024-02-08 00:00:00+05:30,1432.7224367107362,1442.0845126481563,1410.515263064875,1432.845947265625,14694634
2024-02-09 00:00:00+05:30,1436.6746688077615,1454.4354611714164,1433.660963243804,1443.34423828125,12556798
2024-02-12 00:00:00+05:30,1443.3443671360003,1443.5913882496639,1425.163589047209,1435.04443359375,6674430
2024-02-13 00:00:00+05:30,1438.1567484987418,1461.3767303535824,1436.674621997369,1447.642333984375,7715594
2024-02-14 00:00:00+05:30,1440.1329959711338,1465.9714268487612,1440.1329959711338,1463.7235107421875,7117888
2024-02-15 00:00:00+05:30,1465.6751036103208,1467.0337197836,1449.050630318146,1453.0770263671875,10006782
2024-02-16 00:00:00+05:30,1458.8819534815811,1459.4007219371786,1441.170612214809,1443.17138671875,9767498
2024-02-19 00:00:00+05:30,1444.6288410678121,1461.8708655513933,1436.2053974591388,1456.4364013671875,6729828
2024-02-20 00:00:00+05:30,1457.4492860314679,1457.9186020207894,1444.3818933388152,1453.4969482421875,7117496
2024-02-21 00:00:00+05:30,1456.4365283424868,1470.7884795851646,1440.1825868389801,1450.2115478515625,12720292
2024-02-22 00:00:00+05:30,1450.6561919754163,1467.2559381666686,1440.6271108051608,1464.0941162109375,18493728
2024-02-23 00:00:00+05:30,1471.7517883622584,1479.7059164315408,1465.6750448712426,1475.82763671875,14438584
2024-02-26 00:00:00+05:30,1475.753583346703,1476.7169415654328,1464.8352018923576,1469.6026611328125,7513106
2024-02-27 00:00:00+05:30,1465.3539102526265,1482.0771665679397,1460.4382144226488,1467.9476318359375,10826044
2024-02-28 00:00:00+05:30,1465.3292067243183,1473.5056294891751,1432.8953836215212,1438.2803955078125,8647950
2024-02-29 00:00:00+05:30,1447.5437052316252,1461.352161163495,1437.1935448412644,1443.393798828125,23628976
2024-03-01 00:00:00+05:30,1446.061542580972,1482.1266237591103,1445.0734581651325,1474.345458984375,12132926
2024-03-04 00:00:00+05:30,1472.7150995331629,1494.4282305064353,1469.503825173054,1489.4384765625,10024420
2024-03-05 00:00:00+05:30,1487.832984359659,1489.4386216961695,1468.3430414288637,1482.3243408203125,7107668
2024-03-06 00:00:00+05:30,1475.6545662551582,1491.0193265812127,1460.8827530485903,1485.0908203125,7805676
2024-03-07 00:00:00+05:30,1485.0662153094684,1485.1897258668157,1457.968071396935,1461.3028564453125,8315726
2024-03-11 00:00:00+05:30,1471.2577496463198,1471.2577496463198,1446.0615961097308,1449.1246337890625,11277130
2024-03-12 00:00:00+05:30,1449.1245651727334,1470.269595576354,1447.568380480176,1457.844482421875,9432678
2024-03-13 00:00:00+05:30,1462.142657909758,1465.4279903850718,1410.7622676768488,1415.10986328125,13522134
2024-03-14 00:00:00+05:30,1422.5450608782721,1431.2649780682007,1408.514310659922,1414.4180908203125,18571102
2024-03-15 00:00:00+05:30,1408.9589780840722,1416.1473166057365,1396.0645483366263,1401.3260498046875,19223818
2024-03-18 00:00:00+05:30,1403.0799549430176,1424.5460660460144,1399.6463855144648,1422.3228759765625,9169392
2024-03-19 00:00:00+05:30,1411.7256294896865,1420.4701525728194,1400.3626585436627,1408.267333984375,8275764
2024-03-20 00:00:00+05:30,1410.935092987457,1427.7819805194806,1407.056934025752,1426.546875,8488806
2024-03-21 00:00:00+05:30,1435.2173701383908,1440.5283239841642,1427.460931435626,1433.685791015625,13006936
2024-03-22 00:00:00+05:30,1432.697625631682,1442.6031956703118,1430.1039041326171,1437.6875,19527608
2024-03-26 00:00:00+05:30,1427.7820647176966,1435.0939139473653,1421.853557874578,1424.3978271484375,11415906
2024-03-27 00:00:00+05:30,1430.74620650665,1482.1265951381042,1429.7581221098912,1475.061767578125,16326644
2024-03-28 00:00:00+05:30,1475.0865810929813,1488.0057370987279,1461.0311038405712,1468.145263671875,21854364
2024-04-01 00:00:00+05:30,1474.6912092837645,1476.1733358521226,1464.8350917273362,1467.0830078125,5013880
2024-04-02 00:00:00+05:30,1466.3172549197961,1476.198098955644,1457.4244952875333,1469.2320556640625,8910166
2024-04-03 00:00:00+05:30,1464.4152240453116,1466.7619246317818,1451.397283687729,1454.0650634765625,7008292
2024-04-04 00:00:00+05:30,1462.117879861305,1462.117879861305,1432.7223691832353,1445.493408203125,14490272
2024-04-05 00:00:00+05:30,1443.467815909923,1453.274601948929,1438.6509043996564,1442.7020263671875,7442298
2024-04-08 00:00:00+05:30,1445.5427357963142,1473.2090987059642,1443.5912932499484,1468.2686767578125,8357118
2024-04-09 00:00:00+05:30,1471.2577557160955,1472.0482715276003,1445.0735176190665,1446.2098388671875,7071414
2024-04-10 00:00:00+05:30,1448.8776750369068,1469.281643980642,1448.8776750369068,1461.945068359375,9138330
2024-04-12 00:00:00+05:30,1458.289226116748,1468.76289779902,1445.6416961431235,1449.668212890625,15551012
2024-04-15 00:00:00+05:30,1443.591352839028,1464.4646364315843,1429.0911655763507,1447.3707275390625,12902062
2024-04-16 00:00:00+05:30,1436.0323976352518,1453.645073932083,1433.636365403093,1448.28466796875,9366184
2024-04-18 00:00:00+05:30,1446.0615875622616,1468.2934876101954,1441.9610129858208,1446.876708984375,19005692
2024-04-19 00:00:00+05:30,1439.4167626045175,1456.4364932961696,1425.8306012864564,1452.607666015625,15741778
2024-04-22 00:00:00+05:30,1454.9048261235944,1465.1562017707047,1450.3103301575065,1462.2166748046875,10350362
2024-04-23 00:00:00+05:30,1461.3770126451404,1475.7042382593086,1438.2064787775075,1441.9364013671875,14605554
2024-04-24 00:00:00+05:30,1446.0615625184662,1451.051437133562,1432.2283805059903,1432.8953857421875,10462776
2024-04-25 00:00:00+05:30,1425.3117405225619,1450.483166375014,1424.3236561270523,1442.5784912109375,15943926
2024-04-26 00:00:00+05:30,1446.5061312694434,1447.5436681516292,1432.7224019248206,1435.2420654296875,9413848
2024-04-29 00:00:00+05:30,1432.7223672737166,1450.4091019997668,1432.7223672737166,1447.568359375,7247974
2024-04-30 00:00:00+05:30,1450.5079819172845,1465.403306850403,1445.4440490785064,1449.5198974609375,11474262
2024-05-02 00:00:00+05:30,1454.460206935621,1459.7217080112785,1446.6790424453916,1449.0751953125,14512646
2024-05-03 00:00:00+05:30,1453.4722101911175,1457.3750954799905,1399.275802819383,1416.9130859375,17226958
2024-05-06 00:00:00+05:30,1418.3952205864964,1422.841600588335,1401.1037428015688,1402.610595703125,7394208
2024-05-07 00:00:00+05:30,1399.1028593353728,1403.8209867220144,1375.4135586957902,1384.775634765625,14517472
2024-05-08 00:00:00+05:30,1380.8479912935143,1415.8755361000522,1380.8479912935143,1401.647216796875,9439002
2024-05-09 00:00:00+05:30,1396.1632769069981,1406.7851843569276,1373.437335386219,1377.51318359375,11009612
2024-05-10 00:00:00+05:30,1380.106935558881,1393.1990543318577,1371.535254832905,1390.65478515625,10505096
2024-05-13 00:00:00+05:30,1383.2195197456997,1390.2101693574684,1367.5089520262873,1385.986083984375,8456620
2024-05-14 00:00:00+05:30,1384.2815424166113,1410.070521585227,1383.342910466477,1403.1539306640625,7188300
2024-05-15 00:00:00+05:30,1403.5740469957013,1412.9361236084007,1396.188139403763,1399.3994140625,5046534
2024-05-16 00:00:00+05:30,1401.6471872524828,1410.4904944706304,1381.3667306256436,1408.3660888671875,14711774
2024-05-17 00:00:00+05:30,1406.093722836626,1420.0750222861304,1396.4104463053004,1418.5928955078125,10916476
2024-05-21 00:00:00+05:30,1408.6132041549795,1424.6448506468714,1408.6132041549795,1419.0128173828125,11176128
2024-05-22 00:00:00+05:30,1419.1609264752628,1451.2736690394956,1419.1609264752628,1443.2454833984375,10281604
2024-05-23 00:00:00+05:30,1441.1705740518107,1474.4442444107415,1437.6628261266358,1468.3428955078125,14608260
2024-05-24 00:00:00+05:30,1465.9467233388211,1470.7636348065282,1458.5113640783345,1462.6119384765625,7094776
2024-05-27 00:00:00+05:30,1462.587264504762,1467.2066075031105,1444.134859977049,1448.77880859375,6629010
2024-05-28 00:00:00+05:30,1450.5079553599196,1460.8828419616084,1435.4396676765145,1438.8485107421875,7820162
2024-05-29 00:00:00+05:30,1429.264181324664,1440.6271526936466,1421.310053120064,1423.607421875,7383556
2024-05-30 00:00:00+05:30,1418.3951935729253,1423.2368313836507,1403.178669288835,1407.8720703125,13206858
2024-05-31 00:00:00+05:30,1414.245257118902,1425.0647331073133,1405.3030450073677,1413.35595703125,31069832
2024-06-03 00:00:00+05:30,1465.3292536675044,1496.4539141466187,1441.6152266357983,1492.32861328125,21527942
2024-06-04 00:00:00+05:30,1480.1999676014107,1480.1999676014107,1343.1032493273078,1380.625732421875,36709098
2024-06-05 00:00:00+05:30,1405.0560283617258,1414.0970248192752,1367.6076051704213,1403.8209228515625,17464890
2024-06-06 00:00:00+05:30,1417.9011371144834,1426.4974232883105,1404.4137607114592,1414.5416259765625,17855722
2024-06-07 00:00:00+05:30,1411.478521453965,1454.4601915157414,1409.5023527154926,1452.4345703125,18558696
2024-06-10 00:00:00+05:30,1452.4346368701142,1475.5558362929214,1450.5819785928986,1453.867431640625,9251760
2024-06-11 00:00:00+05:30,1451.4960860069511,1456.1154291491666,1437.3418242246385,1439.3179931640625,11774902
2024-06-12 00:00:00+05:30,1440.1330064471847,1458.41256776401,1437.835758473946,1445.8885498046875,10081742
2024-06-13 00:00:00+05:30,1454.4603416652449,1454.7073627830548,1442.7021123343332,1447.790771484375,9181160
2024-06-14 00:00:00+05:30,1452.4841280922399,1462.0438933040555,1439.8613252368543,1459.9442138671875,8157998
2024-06-18 00:00:00+05:30,1469.6273935638167,1469.6768460329972,1453.8180422457062,1463.3778076171875,7196766
2024-06-19 00:00:00+05:30,1469.7756214798555,1469.7756214798555,1438.650961260282,1441.2694091796875,8725874
2024-06-20 00:00:00+05:30,1441.6152213906755,1465.181011544537,1432.8212456085912,1456.1400146484375,16113776
2024-06-21 00:00:00+05:30,1456.0659025463858,1457.1280450509373,1423.4096642387256,1436.872314453125,31170360
2024-06-24 00:00:00+05:30,1428.3007403004744,1432.2283517054532,1420.3713387903338,1424.2989501953125,8878386
2024-06-25 00:00:00+05:30,1425.8058325289194,1438.576872033328,1423.8296636688654,1436.822998046875,7045386
2024-06-26 00:00:00+05:30,1428.8194845866847,1500.875466568816,1427.905458276952,1495.9844970703125,22014882
2024-06-27 00:00:00+05:30,1495.7128766848623,1519.1798830077462,1488.0552219900264,1512.312744140625,28383030
2024-06-28 00:00:00+05:30,1512.782033239127,1562.1615299634889,1512.782033239127,1546.7474365234375,28957336
2024-07-01 00:00:00+05:30,1543.9066370278445,1560.5805616644209,1537.138282854078,1541.5599365234375,7724306
2024-07-02 00:00:00+05:30,1550.798441129772,1554.750778666898,1538.4473863262538,1546.5250244140625,7749246
2024-07-03 00:00:00+05:30,1547.661278880494,1556.2329594590622,1524.391963189475,1533.927001953125,9049620
2024-07-04 00:00:00+05:30,1538.447461634288,1548.822348177101,1532.321386398175,1535.5079345703125,6837176
2024-07-05 00:00:00+05:30,1535.3101717849263,1579.4528899457323,1529.5546284867023,1569.695556640625,12269710
2024-07-08 00:00:00+05:30,1570.0661123316786,1589.6302317071045,1563.6682899618515,1581.8243408203125,9500806
2024-07-09 00:00:00+05:30,1578.5637202787966,1581.4291893561121,1561.6675000170792,1571.3260498046875,6960002
2024-07-10 00:00:00+05:30,1575.9946562525065,1578.4648673124634,1544.5241914718106,1565.3480224609375,7134578
2024-07-11 00:00:00+05:30,1568.5840280306456,1585.1344421846698,1551.786592769845,1561.815673828125,11940946
2024-07-12 00:00:00+05:30,1565.619788574804,1586.023756297877,1555.7389442164904,1577.6990966796875,12924784
2024-07-15 00:00:00+05:30,1585.332123675554,1586.7154660951303,1566.607970695329,1578.1932373046875,5329688
2024-07-16 00:00:00+05:30,1574.5125966882063,1580.9351457176842,1550.4280378276635,1557.4681396484375,9386838
2024-07-18 00:00:00+05:30,1557.2210712967385,1574.9078068261192,1539.2625884242743,1567.7689208984375,12298374
2024-07-19 00:00:00+05:30,1567.1018870092746,1571.0294984478235,1534.2975325767013,1536.6195068359375,13140390
2024-07-22 00:00:00+05:30,1518.9328421942273,1519.1798633102128,1481.4103587992008,1482.793701171875,19674376
2024-07-23 00:00:00+05:30,1483.1146576505776,1487.8080584659276,1445.5674511277782,1470.1707763671875,18052044
2024-07-24 00:00:00+05:30,1467.3053526491226,1491.5134207568017,1458.8078508242754,1477.8778076171875,11913362
2024-07-25 00:00:00+05:30,1463.353122317903,1482.5960435405543,1459.474842467878,1474.6173095703125,12519876
2024-07-26 00:00:00+05:30,1474.6172851615388,1494.4037007697482,1472.59166375446,1491.044189453125,9859940
2024-07-29 00:00:00+05:30,1493.9341486268256,1509.2989091727318,1493.7613062276428,1501.987060546875,7538550
2024-07-30 00:00:00+05:30,1498.9488223237445,1506.8287716127938,1492.0075050067665,1495.1199951171875,8228208
2024-07-31 00:00:00+05:30,1486.0788700242824,1492.4519658681731,1483.2628537354879,1487.4869384765625,10057346
2024-08-01 00:00:00+05:30,1493.983779705346,1499.9122867676688,1486.3755772216791,1497.2445068359375,10764222
2024-08-02 00:00:00+05:30,1487.067144475012,1491.3405616106625,1475.4818780540024,1481.459716796875,10268248
2024-08-05 00:00:00+05:30,1462.3650548737628,1466.2186085334113,1416.1721046606897,1430.079345703125,17046704
2024-08-06 00:00:00+05:30,1437.8110173129378,1459.8946792000177,1434.0315221699125,1438.7003173828125,10236186
2024-08-07 00:00:00+05:30,1451.4960282823629,1454.954323788822,1444.0853950542364,1447.3707275390625,8174568
2024-08-08 00:00:00+05:30,1440.1577210643813,1447.5436277380477,1428.6959662921352,1431.8577880859375,12387192
2024-08-09 00:00:00+05:30,1442.603254689353,1458.9066476361847,1438.6509170052725,1456.73291015625,6249776
2024-08-12 00:00:00+05:30,1452.4841167562581,1455.4483700557605,1440.3800824499558,1443.2208251953125,8184584
2024-08-13 00:00:00+05:30,1443.3444377180147,1452.5582774619256,1440.6272053348387,1446.1851806640625,6265064
2024-08-14 00:00:00+05:30,1446.1109681889411,1454.460233101401,1436.3782403810737,1444.43115234375,6267466
2024-08-16 00:00:00+05:30,1451.1502913945535,1462.7602840003062,1440.676620060605,1460.58642578125,9416902
2024-08-19 00:00:00+05:30,1469.8067419652286,1485.47150978375,1467.8238660907393,1475.65625,13797742
2024-08-20 00:00:00+05:30,1484.4057091952604,1491.0484162933285,1477.2674041310693,1483.1416015625,8411808
2024-08-21 00:00:00+05:30,1480.464784262564,1494.964564922092,1477.2426107826689,1485.8433837890625,7769996
2024-08-22 00:00:00+05:30,1490.1312336221058,1493.6012664349316,1477.8869991875908,1485.2979736328125,10445782
2024-08-23 00:00:00+05:30,1490.8749048344312,1498.3849993365056,1485.5955458508122,1487.1322021484375,9249654
2024-08-26 00:00:00+05:30,1494.0723308917522,1509.9601498448217,1490.1313888488291,1499.649169921875,8816114
2024-08-27 00:00:00+05:30,1497.5671500638725,1500.516654009415,1486.6117113802566,1487.6031494140625,6251156
2024-08-28 00:00:00+05:30,1492.1142662167426,1494.5680511870519,1480.2170096090344,1485.4716796875,9610286
2024-08-29 00:00:00+05:30,1490.2303777286736,1523.8401488737275,1481.2083164719252,1507.90283203125,38335358
2024-08-30 00:00:00+05:30,1520.865886117465,1526.5418444404818,1490.4534771750382,1496.6995849609375,41620730
2024-09-02 00:00:00+05:30,1497.9389648135596,1513.7276641806195,1493.7253530981907,1503.2679443359375,11240852
2024-09-03 00:00:00+05:30,1508.2250430567562,1509.9600595401412,1494.5927706873033,1496.203857421875,10923800
2024-09-04 00:00:00+05:30,1487.850885016148,1504.50709100704,1486.6612078847159,1501.5823974609375,11983304
2024-09-05 00:00:00+05:30,1506.0439573959175,1512.7113538076746,1474.3179410781217,1480.192138671875,16264168
2024-09-06 00:00:00+05:30,1479.721175380084,1484.182646260627,1449.110527949692,1452.2830810546875,19394228
2024-09-09 00:00:00+05:30,1453.943839140462,1457.3395627288749,1443.1371406451965,1449.928466796875,9010298
2024-09-10 00:00:00+05:30,1447.995226435091,1459.446383962114,1445.0952218200862,1449.011474609375,10768260
2024-09-11 00:00:00+05:30,1450.5234230036904,1456.1745712275017,1435.1561339115874,1439.072265625,9760202
2024-09-12 00:00:00+05:30,1444.5250498204912,1473.2767495080643,1433.4953029575859,1467.1298828125,22349376
2024-09-13 00:00:00+05:30,1463.7590600068495,1470.451266381587,1456.918113729867,1460.016357421875,8711328
2024-09-16 00:00:00+05:30,1464.8993077290233,1468.2206009201684,1452.2088525514882,1458.7523193359375,5481774
2024-09-17 00:00:00+05:30,1461.3796100548857,1464.8248328952707,1454.0677548146177,1459.6942138671875,5935328
2024-09-18 00:00:00+05:30,1457.413766699014,1469.3110219373734,1448.0447266088618,1450.9197998046875,8574714
2024-09-19 00:00:00+05:30,1453.6959512825117,1463.8581906691413,1443.0876132109174,1457.0916748046875,16955902
2024-09-20 00:00:00+05:30,1461.3795684407844,1482.1997658201985,1458.7770437683578,1473.2025146484375,30897320
2024-09-23 00:00:00+05:30,1478.2340798324108,1488.6441789861601,1476.2015834923338,1480.5887451171875,8832314
2024-09-24 00:00:00+05:30,1475.7554165819738,1487.6526722077606,1475.1357678514642,1476.6229248046875,17137444
2024-09-25 00:00:00+05:30,1471.1948125268714,1483.6869066134093,1467.5264194610884,1481.15869140625,7069002
2024-09-26 00:00:00+05:30,1477.8870868947113,1491.122760061236,1475.309372285805,1485.12451171875,18818998
2024-09-27 00:00:00+05:30,1486.1655345930462,1520.345334807694,1479.2254687210307,1513.10791015625,20597478
2024-09-30 00:00:00+05:30,1506.3908994638518,1511.9181178232873,1461.7761901136828,1463.9324951171875,27008814
2024-10-01 00:00:00+05:30,1467.9726595996829,1475.2100841908111,1450.3002051077794,1452.2830810546875,16431642
2024-10-03 00:00:00+05:30,1424.2750076222521,1436.9902726871705,1390.070396353704,1394.928466796875,37757294
2024-10-04 00:00:00+05:30,1391.9046094477658,1405.2145916660443,1369.9442340651563,1374.653564453125,37072876
2024-10-07 00:00:00+05:30,1381.568793209071,1384.5431070803497,1349.7188488374588,1358.98876953125,22181340
2024-10-08 00:00:00+05:30,1361.2194430814652,1389.004514771482,1353.4118695241307,1385.3857421875,17020808
2024-10-09 00:00:00+05:30,1385.5594536683957,1388.979866453412,1360.7486928237201,1362.8306884765625,14310610
2024-10-10 00:00:00+05:30,1368.209166456891,1374.132983939481,1357.699948504806,1359.31103515625,22358646
2024-10-11 00:00:00+05:30,1358.2700551936466,1371.4314188021033,1357.1050671377104,1360.35205078125,7980122
2024-10-14 00:00:00+05:30,1367.6390728953818,1368.2587216327886,1356.5350159311083,1360.7734375,12221432
2024-10-15 00:00:00+05:30,1346.8933067731043,1359.9554295521655,1329.2208521541709,1332.5174560546875,33762794
2024-10-16 00:00:00+05:30,1328.5270030007441,1352.3215164873245,1326.1723376036346,1342.4814453125,20034438
2024-10-17 00:00:00+05:30,1354.0067695283685,1356.7332239102464,1340.4737382347967,1344.811279296875,15543660
2024-10-18 00:00:00+05:30,1340.5976258716714,1356.70849216764,1329.840427555484,1347.66162109375,12082452
2024-10-21 00:00:00+05:30,1355.4197431686716,1362.2358797577067,1346.1002013000875,1357.4769287109375,14067408
2024-10-22 00:00:00+05:30,1357.4767913068545,1364.2186177698431,1328.749900940748,1331.84814453125,15831960
2024-10-23 00:00:00+05:30,1326.048205061888,1345.8521531156357,1323.5696102860716,1327.064453125,17214742
2024-10-24 00:00:00+05:30,1323.8424540123256,1332.1952468902052,1311.7964576126847,1328.3287353515625,22155934
2024-10-25 00:00:00+05:30,1331.996862815434,1332.8395608533488,1310.6809472586556,1316.4808349609375,18597496
2024-10-28 00:00:00+05:30,1325.552505604476,1341.4155124030337,1310.7800563182918,1322.9251708984375,10824350
2024-10-29 00:00:00+05:30,1316.728719636798,1331.6994085045892,1308.995576227512,1328.52685546875,12008361
2024-10-30 00:00:00+05:30,1323.569732267355,1338.4413022928309,1314.0023313459362,1332.3935546875,11984423
2024-10-31 00:00:00+05:30,1328.5269031210519,1331.5012170832633,1314.7955112005386,1320.64501953125,9331650
2024-11-01 00:00:00+05:30,1321.6364480777281,1330.4601492824747,1321.5868277686543,1327.1884765625,2127335
2024-11-04 00:00:00+05:30,1326.3952636738204,1328.52687951389,1274.0969107675833,1291.0009765625,19796890
2024-11-05 00:00:00+05:30,1281.9292880644173,1298.337634786513,1275.1379622128013,1294.1240234375,16267479
2024-11-06 00:00:00+05:30,1298.7837703539942,1316.9271340293028,1289.0676296160968,1314.0023193359375,21625209
2024-11-07 00:00:00+05:30,1312.6639327180499,1312.6639327180499,1291.4471349781516,1294.4710693359375,9611974
2024-11-08 00:00:00+05:30,1286.5394340693545,1290.505185727704,1264.0833410989228,1272.7584228515625,19814406
2024-11-11 00:00:00+05:30,1267.9994654475693,1274.9891511168566,1256.151830843746,1261.802978515625,9056552
2024-11-12 00:00:00+05:30,1264.6287615317467,1278.2610337323058,1256.6476373969983,1263.33984375,10671091
2024-11-13 00:00:00+05:30,1259.374078659472,1264.5295076822267,1238.8017408266169,1241.3299560546875,14633633
2024-11-14 00:00:00+05:30,1242.866693712679,1261.7040163358736,1240.38809863068,1256.746826171875,12612633
2024-11-18 00:00:00+05:30,1256.7467703539512,1262.0014401044657,1233.24973843027,1249.9554443359375,13620611
2024-11-19 00:00:00+05:30,1249.9553610165642,1270.5276979121372,1224.5745744010292,1231.0189208984375,14183746
2024-11-21 00:00:00+05:30,1231.0190296194417,1233.299264427905,1206.8279179645579,1212.5286865234375,19433843
2024-11-22 00:00:00+05:30,1218.8737871048172,1257.9859641270039,1211.983221035894,1254.5655517578125,20471957
2024-11-25 00:00:00+05:30,1278.9549045518283,1293.2811339485756,1271.4694999174592,1275.9805908203125,28923341
2024-11-26 00:00:00+05:30,1283.8626226527838,1286.737817131633,1273.2046638791435,1284.606201171875,9247557
2024-11-27 00:00:00+05:30,1282.4250432843673,1292.6864023015983,1274.9892583407009,1282.1275634765625,9572746
2024-11-28 00:00:00+05:30,1278.905374093644,1285.4984608667178,1258.184417128475,1259.91943359375,15027412
2024-11-29 00:00:00+05:30,1269.0406134614407,1288.3736540571424,1264.3312830599236,1281.1361083984375,13202307
2024-12-02 00:00:00+05:30,1276.9722229086012,1300.1222774340952,1266.1160245478172,1297.941162109375,11024152
2024-12-03 00:00:00+05:30,1305.7237413234882,1315.4398813546288,1295.8093621182986,1311.9698486328125,16869482
2024-12-04 00:00:00+05:30,1314.6467414933138,1317.0262168141671,1292.884726573221,1297.74267578125,19608540
2024-12-05 00:00:00+05:30,1303.0964459866593,1318.5628538088617,1294.966703202915,1310.7305908203125,16858723
2024-12-06 00:00:00+05:30,1312.5646685095264,1312.5646685095264,1298.783657405313,1300.3204345703125,9037514
2024-12-09 00:00:00+05:30,1291.8436769577456,1303.7409326166044,1282.0284168341586,1284.0609130859375,14650002
2024-12-10 00:00:00+05:30,1278.2113501165884,1283.812998621138,1269.238788448007,1273.8489990234375,16043729
2024-12-11 00:00:00+05:30,1273.9978081396894,1278.9549980546296,1265.1244866020038,1267.2559814453125,11724373
2024-12-12 00:00:00+05:30,1259.1262215126183,1267.25596445406,1249.8066803924569,1252.0870361328125,20906813
2024-12-13 00:00:00+05:30,1249.2119494931856,1264.2817595214547,1228.986588963027,1261.951904296875,28630222
2024-12-16 00:00:00+05:30,1264.0835044447913,1270.0321327010022,1255.7059013940218,1257.44091796875,9486781
2024-12-17 00:00:00+05:30,1250.2528426173371,1253.078416496042,1232.1591005022085,1234.6376953125,17462791
2024-12-18 00:00:00+05:30,1230.027558928225,1249.162239402372,1230.027558928225,1242.5196533203125,12670179
2024-12-19 00:00:00+05:30,1228.3916379278016,1234.2411461229626,1218.4772582835096,1219.914794921875,14244653
2024-12-20 00:00:00+05:30,1213.5200660980383,1228.8873545167635,1191.2127119418244,1194.980224609375,20312896
2024-12-23 00:00:00+05:30,1204.5971709809228,1216.6926661807136,1202.8125341694108,1211.834716796875,10052824
2024-12-24 00:00:00+05:30,1211.834663048231,1222.9883400626134,1210.5457452942906,1212.28076171875,6734917
2024-12-26 00:00:00+05:30,1213.767935093776,1217.1883476811242,1203.8535553911518,1206.1339111328125,10016178
2024-12-27 00:00:00+05:30,1207.86900439277,1217.3867853075249,1206.5800865394056,1210.595458984375,7000397
2024-12-30 00:00:00+05:30,1205.9852538075309,1212.7269598518426,1197.756269680847,1200.333984375,8818766
2024-12-31 00:00:00+05:30,1197.6570485426987,1208.6619856280877,1195.8229125326573,1205.043212890625,6405475
2025-01-01 00:00:00+05:30,1204.4483521073844,1215.800389087432,1201.2261788160188,1210.7935791015625,5892590
2025-01-02 00:00:00+05:30,1210.7936258321927,1233.7949384205442,1209.554328364606,1231.167724609375,15486276
2025-01-03 00:00:00+05:30,1233.2498182568117,1251.244443122699,1224.921714407087,1240.437744140625,15521102
2025-01-06 00:00:00+05:30,1243.213556672038,1251.1946805005002,1204.5970973122883,1207.5714111328125,14816766
2025-01-07 00:00:00+05:30,1211.5371275851955,1233.8444805890147,1210.7935491517349,1230.2257080078125,10070505
2025-01-08 00:00:00+05:30,1238.3060678446636,1260.167324257905,1234.6872949225542,1254.664794921875,19346579
2025-01-09 00:00:00+05:30,1256.1518282285128,1258.8782824728921,1237.364128300027,1244.0067138671875,12794704
2025-01-10 00:00:00+05:30,1243.114481097643,1245.9896754309787,1225.4173374439545,1231.266845703125,8120332
2025-01-13 00:00:00+05:30,1219.4687349455062,1234.5881643828388,1215.899582365329,1229.234375,13764861
2025-01-14 00:00:00+05:30,1233.4479678208604,1242.6187691440975,1216.742262047884,1228.143798828125,13095266
2025-01-15 00:00:00+05:30,1234.2905907014622,1246.2374660533972,1231.2171573529768,1241.478515625,9578856
2025-01-16 00:00:00+05:30,1248.1212833322295,1264.0834104275011,1240.586378973141,1255.6065673828125,14117603
2025-01-17 00:00:00+05:30,1310.9288585996749,1314.6467509950228,1273.997794139219,1291.19921875,29366277
2025-01-20 00:00:00+05:30,1304.7324245206253,1304.7324245206253,1289.1172758229052,1294.272705078125,14040244
2025-01-21 00:00:00+05:30,1299.2795231523412,1301.7581181984158,1259.324522599558,1262.7945556640625,14562976
2025-01-22 00:00:00+05:30,1267.3552034506358,1271.9157939003728,1257.83730213362,1266.1654052734375,10273590
2025-01-23 00:00:00+05:30,1259.126173066555,1266.4132176584087,1250.7980702365203,1252.83056640625,8720682
2025-01-24 00:00:00+05:30,1255.1605533566642,1262.1006196074513,1232.8531975505623,1235.6292724609375,14235970
2025-01-27 00:00:00+05:30,1228.4907387555406,1229.8291557820492,1209.5542981292017,1218.82421875,9536019
2025-01-28 00:00:00+05:30,1227.400329601704,1234.0925365684338,1208.0672872533735,1223.8311767578125,10568025
2025-01-29 00:00:00+05:30,1225.4173498520336,1232.1095562529247,1217.53546627882,1224.921630859375,5928156
2025-01-30 00:00:00+05:30,1224.971246456504,1246.237542749693,1221.8481926097397,1242.3214111328125,9269259
2025-01-31 00:00:00+05:30,1245.09738698474,1256.1519448799122,1238.306060895825,1254.2681884765625,6584612
2025-02-01 00:00:00+05:30,1254.2681799336815,1259.6715896071485,1230.374548522757,1253.7724609375,7118453
2025-02-03 00:00:00+05:30,1240.2889757645512,1245.2461659154887,1226.9541826685895,1235.232666015625,9252345
2025-02-04 00:00:00+05:30,1237.3642207434832,1277.7653184740125,1235.9265630557768,1274.196044921875,16691069
2025-02-05 00:00:00+05:30,1271.6679530846961,1279.4507170461238,1265.7688244708304,1267.2559814453125,10112028
2025-02-06 00:00:00+05:30,1262.7945076095025,1276.9721191435924,1259.4732145791813,1270.577392578125,9956001
2025-02-07 00:00:00+05:30,1265.2236540965398,1272.7089385364054,1251.1947819010975,1255.8544921875,8764283
2025-02-10 00:00:00+05:30,1253.673337746878,1255.6562137259161,1234.8856362555493,1242.916259765625,6970972
2025-02-11 00:00:00+05:30,1253.7230036544372,1253.7230036544372,1219.567891058193,1224.2772216796875,8859714
2025-02-12 00:00:00+05:30,1209.0089844264594,1216.3952699200001,1183.1324776076385,1206.1339111328125,21131654
2025-02-13 00:00:00+05:30,1206.629682868639,1217.4858807075602,1201.622872489872,1205.687744140625,8511216
2025-02-14 00:00:00+05:30,1208.56289732395,1213.5200872227356,1195.1288642881832,1206.827880859375,10298145
2025-02-17 00:00:00+05:30,1200.7304615718228,1216.9900679473901,1194.1869953911457,1214.412353515625,8166683
2025-02-18 00:00:00+05:30,1214.362863790828,1219.3696743222742,1205.6877809072391,1214.908203125,6673250
2025-02-19 00:00:00+05:30,1209.0586678925579,1222.1952216847485,1207.125412159616,1216.9405517578125,6217338
2025-02-20 00:00:00+05:30,1213.4704313005311,1228.738599945727,1211.5371757067999,1222.4429931640625,7795582
2025-02-21 00:00:00+05:30,1218.1797397323817,1229.3830367840985,1211.6858938870325,1217.634521484375,6904025
2025-02-24 00:00:00+05:30,1206.1338768607443,1212.7764626626977,1200.1356289010387,1204.1510009765625,7172498
2025-02-25 00:00:00+05:30,1200.6313497853835,1210.5457292220917,1191.2126893205104,1193.6912841796875,11552182
2025-02-27 00:00:00+05:30,1202.416039651657,1204.597154814102,1190.370043898487,1196.7647705078125,11509215
2025-02-28 00:00:00+05:30,1191.7084634163882,1206.9270123506615,1183.0830013175257,1189.82470703125,23007298
2025-03-03 00:00:00+05:30,1193.6912720117396,1196.1202465389174,1146.1022512006402,1161.2216796875,17944938
2025-03-04 00:00:00+05:30,1152.2491409974891,1163.948157257321,1149.6219272411693,1151.9517822265625,11377373
2025-03-05 00:00:00+05:30,1151.0595745918054,1172.8712116641736,1147.0938223968292,1165.5345458984375,8664095
2025-03-06 00:00:00+05:30,1186.75131332057,1203.5561393973805,1175.002796955133,1199.243408203125,14468014
2025-03-07 00:00:00+05:30,1205.5885908312287,1244.0564330934674,1201.622838887705,1239.0992431640625,16474965
2025-03-10 00:00:00+05:30,1234.3402190424754,1247.2289120927182,1224.8224391488623,1227.7967529296875,11931051
2025-03-11 00:00:00+05:30,1229.3830600118497,1238.801720552263,1219.2208210077197,1236.62060546875,10089838
2025-03-12 00:00:00+05:30,1247.2289270068015,1252.1861167007874,1233.3487958636417,1246.287109375,11977555
2025-03-13 00:00:00+05:30,1249.2615727756533,1253.326444606414,1233.2002036288977,1237.215576171875,9505270
2025-03-17 00:00:00+05:30,1231.5145912773855,1246.6340190017775,1222.5420300210542,1228.2427978515625,16640917
2025-03-18 00:00:00+05:30,1228.2427978515625,1228.2427978515625,1228.2427978515625,1228.2427978515625,0
2025-03-19 00:00:00+05:30,1230.4241762433128,1242.5196714129374,1228.1934407470596,1236.471923828125,16162399
2025-03-20 00:00:00+05:30,1241.1316434245866,1262.1005814534499,1239.347127629136,1258.2835693359375,15971477
2025-03-21 00:00:00+05:30,1264.0833359554676,1270.0319634187874,1259.2252659887295,1265.4217529296875,21780769
2025-03-24 00:00:00+05:30,1279.9463572168718,1294.8179260458828,1273.254151243817,1290.9512939453125,20299319
2025-03-25 00:00:00+05:30,1296.50346593687,1296.50346593687,1271.6183955406093,1274.4439697265625,13713899
2025-03-26 00:00:00+05:30,1279.9464094999762,1282.7224842048433,1257.8869148358597,1262.150146484375,12074747
2025-03-27 00:00:00+05:30,1267.2064821612498,1273.9978081396894,1260.4151561828103,1267.2559814453125,15028056
2025-03-28 00:00:00+05:30,1269.0405652360093,1284.6557128160619,1258.1347478785124,1264.1824951171875,18147129
2025-04-01 00:00:00+05:30,1253.7723771839194,1266.9585500115554,1238.603449529153,1241.8751220703125,12099648
2025-04-02 00:00:00+05:30,1236.8685913550723,1244.8000957785905,1233.2498182568117,1240.437744140625,10142590
2025-04-03 00:00:00+05:30,1222.4927580494818,1241.08222182284,1222.4927580494818,1238.0086669921875,7434366
2025-04-04 00:00:00+05:30,1230.473619610667,1234.7863505024063,1182.9342181609516,1194.38525390625,17908652
2025-04-07 00:00:00+05:30,1122.5059464290011,1161.2216449878495,1105.304523000697,1155.7191162109375,22156106
2025-04-08 00:00:00+05:30,1161.9653833278503,1186.3547349162204,1153.3399207865864,1172.0780029296875,19555040
2025-04-09 00:00:00+05:30,1159.4867811653644,1179.613021672609,1157.9996241138485,1175.2010498046875,10223104
2025-04-11 00:00:00+05:30,1184.917153801556,1212.1816988912137,1184.917153801556,1208.5133056640625,11224242
2025-04-15 00:00:00+05:30,1240.288998738938,1240.288998738938,1226.5079856590305,1229.4822998046875,13378535
2025-04-16 00:00:00+05:30,1223.5336585713449,1230.2754856402491,1218.477348782242,1228.689208984375,8248464
2025-04-17 00:00:00+05:30,1229.5813957339365,1269.238916912585,1217.0893007676923,1263.5877685546875,15398401
2025-04-21 00:00:00+05:30,1259.126169726638,1289.7616259352505,1256.1518559398821,1284.4078369140625,10429964
2025-04-22 00:00:00+05:30,1288.8694787336528,1292.7361113748846,1275.2868257139828,1280.144775390625,13051707
2025-04-23 00:00:00+05:30,1285.8950708007812,1294.8180126953125,1274.3944143417477,1288.869384765625,10480888
2025-04-24 00:00:00+05:30,1281.3345072026398,1293.3308829080645,1279.2525115884996,1290.4556884765625,10468940
2025-04-25 00:00:00+05:30,1292.3394247863746,1313.85358083958,1277.071255478384,1289.2659912109375,14431012
2025-04-28 00:00:00+05:30,1328.5269802313521,1362.8307123815491,1308.8964585313056,1357.0804443359375,31104496
2025-04-29 00:00:00+05:30,1359.2614765022709,1398.8198762816546,1358.2700385179512,1387.7156982421875,32538970
2025-04-30 00:00:00+05:30,1389.9960230274132,1400.3070020394923,1357.2785702742715,1392.9703369140625,25480745
2025-05-02 00:00:00+05:30,1401.8932881277126,1414.4845019236116,1397.0352178747166,1407.6436767578125,13007841
2025-05-05 00:00:00+05:30,1418.747808269532,1427.1750314493302,1414.6829365878357,1419.0452880859375,12685649
2025-05-06 00:00:00+05:30,1418.7477523435755,1419.7391903256466,1398.5223933042987,1408.7342529296875,14084117
2025-05-07 00:00:00+05:30,1408.7342420156256,1412.2042749259901,1390.6899982666434,1393.9617919921875,13440169
2025-05-08 00:00:00+05:30,1392.0780527042998,1408.6351396947061,1386.030305191398,1394.9532470703125,16106175
2025-05-09 00:00:00+05:30,1373.637308764333,1382.8577303043132,1362.731491083779,1365.4083251953125,13668904
2025-05-12 00:00:00+05:30,1388.013077711669,1426.6791563050656,1388.013077711669,1424.2005615234375,10674081
2025-05-13 00:00:00+05:30,1421.226256646525,1435.304626683893,1400.3069407641844,1403.57861328125,11407896
2025-05-14 00:00:00+05:30,1407.8419941921477,1417.6572548355593,1403.3805230837922,1412.204345703125,5570160
2025-05-15 00:00:00+05:30,1412.7992032271827,1448.8875719918406,1400.6044669576877,1441.7491455078125,20177211
2025-05-16 00:00:00+05:30,1440.757623701411,1448.4908883531898,1434.9082364412498,1443.9302978515625,9036695
2025-05-19 00:00:00+05:30,1439.667043567546,1442.1456384779733,1425.886031660542,1428.4638671875,6195791
2025-05-20 00:00:00+05:30,1425.88599760598,1432.6278240113834,1409.6265122020175,1412.4024658203125,11270560
2025-05-21 00:00:00+05:30,1411.708464386899,1423.9030780659657,1405.9580760983038,1416.9630126953125,6136364
2025-05-22 00:00:00+05:30,1409.031659643212,1411.6094953044076,1384.9397884743898,1397.332763671875,12134466
2025-05-23 00:00:00+05:30,1394.5567410207764,1421.5239286750705,1394.5567410207764,1414.5838623046875,6474883
2025-05-26 00:00:00+05:30,1419.7391840414937,1428.6621258406371,1412.898237790455,1422.5152587890625,4842944
2025-05-27 00:00:00+05:30,1413.8897021801247,1424.696400543767,1401.794207036506,1409.9239501953125,12640414
2025-05-28 00:00:00+05:30,1407.9411620533203,1410.4197571984832,1398.621620102477,1400.8028564453125,5944611
2025-05-29 00:00:00+05:30,1400.0096192804465,1407.842003929875,1396.5395861721686,1405.660888671875,13771917
2025-05-30 00:00:00+05:30,1405.8590585766528,1418.3511529457182,1397.6300749154059,1408.7342529296875,13788484
2025-06-02 00:00:00+05:30,1400.0095486308933,1405.3633379328091,1383.650821945961,1401.5958251953125,8098668
2025-06-03 00:00:00+05:30,1410.1222707307113,1414.2862617875367,1391.3840689247124,1393.466064453125,11252626
2025-06-04 00:00:00+05:30,1402.5871874772963,1413.493004678654,1394.0608455067168,1411.3118896484375,8126827
2025-06-05 00:00:00+05:30,1415.7734397380668,1442.244785474372,1411.4110884077945,1430.0501708984375,13716817
2025-06-06 00:00:00+05:30,1428.6620302216834,1439.0721282906131,1424.6962785763767,1431.140625,8182161
2025-06-09 00:00:00+05:30,1444.5251287223314,1445.0208477095387,1432.9253528317358,1436.3953857421875,7885125
2025-06-10 00:00:00+05:30,1437.5850079496329,1441.4516401070769,1423.704876838395,1426.1834716796875,7913181
2025-06-11 00:00:00+05:30,1433.4210733170682,1456.0257865422643,1430.7441181682645,1436.4945068359375,8195700
2025-06-12 00:00:00+05:30,1441.055094094315,1444.5251270006308,1422.1186530105915,1429.2569580078125,8828114
2025-06-13 00:00:00+05:30,1411.8076840776937,1423.2092208521976,1402.1907840779525,1415.67431640625,9757276
2025-06-16 00:00:00+05:30,1414.6828043278585,1430.050092219024,1412.204209506703,1425.489501953125,8458093
2025-06-17 00:00:00+05:30,1435.602128554236,1435.602128554236,1413.5922548276174,1418.9459228515625,10366599
2025-06-18 00:00:00+05:30,1417.7563491543892,1430.4468040463896,1413.4931173168031,1417.85546875,6681735
2025-06-19 00:00:00+05:30,1417.8554020854735,1427.5715425014369,1413.4930508573852,1421.028076171875,10007230
2025-06-20 00:00:00+05:30,1418.7477927518771,1458.4053131642288,1415.8725983169522,1453.6463623046875,29010635
2025-06-23 00:00:00+05:30,1440.5593915455418,1451.266970188698,1429.6535737155343,1444.326904296875,5989078
2025-06-24 00:00:00+05:30,1452.4565437947847,1462.3709229333156,1430.7440292763747,1438.378173828125,16402744
2025-06-25 00:00:00+05:30,1451.4652666586912,1459.7933702625824,1447.9952335758323,1454.737060546875,7525851
2025-06-26 00:00:00+05:30,1456.5214458748073,1485.9672251547677,1452.55569413543,1482.4971923828125,14657893
2025-06-27 00:00:00+05:30,1486.5620421012081,1508.9685148979506,1484.0834473001275,1502.425048828125,11117052
2025-06-30 00:00:00+05:30,1500.838885203447,1511.7447031481738,1483.191240482831,1487.7518310546875,8409527
2025-07-01 00:00:00+05:30,1487.7518183386467,1518.2881567329412,1487.256099345396,1515.3138427734375,10368523
2025-07-02 00:00:00+05:30,1515.3139235508756,1516.9002002088087,1495.7825215605471,1505.796142578125,6361002
2025-07-03 00:00:00+05:30,1507.7788792727886,1518.783816287235,1500.0456148706696,1504.8045654296875,11283291
2025-07-04 00:00:00+05:30,1510.9515946827762,1516.900223008299,1504.2097675037892,1514.223388671875,6603501
2025-07-07 00:00:00+05:30,1513.5291857359532,1531.5734294639212,1511.9429091838053,1528.3016357421875,7251074
2025-07-08 00:00:00+05:30,1522.8487819842126,1531.6726044702705,1517.0983931213486,1524.43505859375,7171261
2025-07-09 00:00:00+05:30,1523.5426661942138,1537.7202774459709,1497.1704406377573,1505.9942626953125,8870660
2025-07-10 00:00:00+05:30,1506.688311848956,1511.6455019531181,1494.5928164048603,1504.209716796875,10047129
2025-07-11 00:00:00+05:30,1499.0542783474266,1502.0285923917668,1477.540121836759,1482.3980712890625,7234991
2025-07-14 00:00:00+05:30,1479.4236826617216,1487.1569471972039,1466.4358695278945,1470.9964599609375,10311846
2025-07-15 00:00:00+05:30,1473.4750846086956,1483.6869442622558,1469.7076928815193,1472.6820068359375,8132454
2025-07-16 00:00:00+05:30,1460.388154594461,1478.234038357326,1458.9009976142222,1472.8802490234375,10409983
2025-07-17 00:00:00+05:30,1474.6648507992907,1476.845965908467,1461.2804382949055,1463.759033203125,11854613
2025-07-18 00:00:00+05:30,1472.0871292027396,1472.0871292027396,1456.521480639079,1463.3624267578125,10296318
2025-07-21 00:00:00+05:30,1452.4566531183941,1463.362470991638,1410.9153771961905,1416.3682861328125,22442744
2025-07-22 00:00:00+05:30,1415.178583447059,1419.640054314783,1398.6214967228645,1400.70361328125,20396320
2025-07-23 00:00:00+05:30,1413.7905031420296,1413.7905031420296,1402.2898472373465,1412.4024658203125,8354596
2025-07-24 00:00:00+05:30,1407.0486714179167,1410.8161839876018,1384.0473596954969,1390.8883056640625,14740507
2025-07-25 00:00:00+05:30,1386.9226057137396,1389.0046012536307,1372.2492752918665,1379.7841796875,11854722
2025-07-28 00:00:00+05:30,1380.379191620021,1395.746480796028,1373.1416457270684,1375.7193603515625,7748361
2025-07-29 00:00:00+05:30,1371.1587845273314,1408.0402305383973,1371.1587845273314,1404.966796875,10750072
2025-07-30 00:00:00+05:30,1405.9582375902166,1411.1137879299629,1389.3021514025702,1398.0267333984375,7209849
2025-07-31 00:00:00+05:30,1376.215001569177,1390.5908519212596,1370.365493427784,1378.2969970703125,17065827
2025-08-01 00:00:00+05:30,1375.025384070285,1393.8627060383,1372.4476694796913,1381.76708984375,10321171
2025-08-04 00:00:00+05:30,1383.155066191865,1403.975263237478,1379.7841529413568,1399.4146728515625,6312820
2025-08-05 00:00:00+05:30,1398.918980991344,1398.918980991344,1376.2150271869518,1379.7841796875,9315972
2025-08-06 00:00:00+05:30,1379.9825595355662,1383.9483114870873,1371.456217044825,1380.8748779296875,5834312
2025-08-07 00:00:00+05:30,1375.818389126872,1381.7670168023217,1354.3042341107182,1377.50390625,9976705
2025-08-08 00:00:00+05:30,1373.1415514013454,1385.2370458989403,1353.312792536344,1356.0888671875,8793606
2025-08-11 00:00:00+05:30,1358.2700517359046,1376.1159356273254,1349.5453489789295,1374.331298828125,9997486
2025-08-12 00:00:00+05:30,1370.0682117041065,1389.8969719255274,1363.4255044148417,1368.5810546875,12244664
2025-08-13 00:00:00+05:30,1376.115874093997,1379.8833867126677,1365.7057756228248,1370.7620849609375,7457021
2025-08-14 00:00:00+05:30,1370.961308962897,1374.3455639562076,1363.794372575189,1367.4774169921875,7126128
2025-08-18 00:00:00+05:30,1383.602791829514,1388.4802648218374,1370.6626218339861,1375.3409423828125,11785109
2025-08-19 00:00:00+05:30,1383.6027633741608,1414.460091190419,1382.7068811681168,1413.564208984375,14384719
2025-08-20 00:00:00+05:30,1406.4969482421875,1418.342205158243,1403.510755146132,1406.4969482421875,8725641
2025-08-21 00:00:00+05:30,1418.4417067156319,1425.3099750709036,1413.7633861810953,1418.24267578125,11021323
2025-08-22 00:00:00+05:30,1413.464698965694,1416.84907536351,1401.4204113959267,1402.71435546875,5818868
2025-08-25 00:00:00+05:30,1408.1890657335161,1412.9670232567023,1399.230486508923,1406.0987548828125,5979407
2025-08-26 00:00:00+05:30,1401.519906786198,1403.5107021083375,1375.241384232256,1378.5262451171875,12145259
2025-08-28 00:00:00+05:30,1383.50331940736,1385.7926612650012,1360.2109883890075,1379.521728515625,13161813
2025-08-29 00:00:00+05:30,1374.7437651325777,1397.0406983353935,1343.7869203796088,1350.9537353515625,18758842
2025-09-01 00:00:00+05:30,1349.759256141992,1356.9260708455383,1334.430107544873,1347.6689453125,11232238
2025-09-02 00:00:00+05:30,1348.5648331807902,1378.128095842481,1348.2661652716795,1360.2109375,11517006
2025-09-03 00:00:00+05:30,1363.3961593284287,1370.1649121838109,1354.2385492379765,1366.2828369140625,7847563
2025-09-04 00:00:00+05:30,1365.4865379446771,1367.6763641601647,1350.8541196588233,1353.0440673828125,13223177
2025-09-05 00:00:00+05:30,1356.7271022727273,1374.6442613636364,1353.0441792852228,1368.671875,5777575
2025-09-08 00:00:00+05:30,1373.6488583038629,1379.6212446443146,1366.0838599076599,1372.15576171875,6986720
2025-09-09 00:00:00+05:30,1370.2643943031567,1374.843199236951,1362.4007284883235,1369.8662109375,9754452
2025-09-10 00:00:00+05:30,1377.5308659113482,1382.1096709119122,1367.7759200987732,1370.66259765625,7790815
2025-09-11 00:00:00+05:30,1369.6672638548873,1379.1235422027225,1368.6718661340626,1376.9337158203125,9766072
2025-09-12 00:00:00+05:30,1376.9337291414593,1389.873899637371,1374.146566892781,1388.579833984375,7403368
2025-09-15 00:00:00+05:30,1386.5889315301856,1394.3530818320328,1382.2091575524387,1392.8599853515625,5396697
2025-09-16 00:00:00+05:30,1398.2350616507645,1401.5199225726963,1391.7649767809332,1398.8323974609375,8686961
2025-09-17 00:00:00+05:30,1400.5245819104894,1409.6821922648512,1400.4250664409112,1407.2933349609375,7519417
2025-09-18 00:00:00+05:30,1413.8628424954393,1415.4554544293837,1404.2074124117412,1408.4876708984375,9332642
2025-09-19 00:00:00+05:30,1408.3882121473878,1410.4785229891424,1397.1401696768169,1400.9227294921875,13461373
2025-09-22 00:00:00+05:30,1397.4387885526373,1404.2074196840813,1381.6119415772491,1384.199951171875,7757970
2025-09-23 00:00:00+05:30,1384.5982372618869,1388.5798281670254,1370.4636381520502,1383.40380859375,14014702
2025-09-24 00:00:00+05:30,1378.9244730635044,1389.5751797778832,1374.0470000648747,1376.635009765625,5922759
2025-09-25 00:00:00+05:30,1374.942926360271,1378.128150477363,1362.6994857374575,1366.0838623046875,11411143
2025-09-26 00:00:00+05:30,1365.685684712474,1376.3363918134596,1359.7132983361805,1371.2598876953125,9879109
2025-09-29 00:00:00+05:30,1375.2413599514077,1382.6073268149732,1361.7039763015719,1366.48193359375,14231999
2025-09-30 00:00:00+05:30,1370.7620971908361,1370.7620971908361,1356.5279835173724,1357.722412109375,14604684
2025-10-01 00:00:00+05:30,1360.7086293823172,1372.255218175594,1356.4283707523282,1362.4007568359375,12045916
2025-10-03 00:00:00+05:30,1356.926091696157,1365.287456651113,1350.6551591113212,1357.125244140625,12842347
2025-10-06 00:00:00+05:30,1353.740909090909,1371.0608538471567,1352.7455113636363,1368.671875,12396580
2025-10-07 00:00:00+05:30,1369.667209612737,1389.47564777439,1369.5676941462978,1378.4267578125,11244040
2025-10-08 00:00:00+05:30,1378.426755451918,1382.6073771032557,1358.2201339506064,1361.1068115234375,8525081
2025-10-09 00:00:00+05:30,1367.676424553763,1373.6488106871855,1362.7989515764332,1371.458984375,8826633
2025-10-10 00:00:00+05:30,1371.45898859096,1381.6119964455866,1368.7713419175536,1375.3409423828125,6373084
2025-10-13 00:00:00+05:30,1370.5631549835205,1371.3594002602317,1361.505059967041,1368.671875,7600682
2025-10-14 00:00:00+05:30,1373.6488553790207,1381.612037149334,1363.7943936365562,1369.5677490234375,9768174
2025-10-15 00:00:00+05:30,1376.6350089791804,1377.6304066718624,1366.382364141153,1367.97509765625,10882743
2025-10-16 00:00:00+05:30,1368.7713249510273,1394.0544503152107,1368.671809484766,1391.8646240234375,12315932
2025-10-17 00:00:00+05:30,1394.5522084059296,1416.7496262080865,1392.6609284325848,1410.279541015625,19335561
2025-10-20 00:00:00+05:30,1433.3726108781723,1467.0170999313523,1426.7034952504036,1460.04931640625,24721978
2025-10-21 00:00:00+05:30,1461.2438272093502,1467.2162134241023,1453.2806455896807,1458.4566650390625,2066169
2025-10-23 00:00:00+05:30,1468.2115624957596,1476.0752283864208,1437.9514490416038,1441.7340087890625,18707090
2025-10-24 00:00:00+05:30,1443.3266994671071,1453.0816457634617,1434.3681199531734,1444.9193115234375,9700837
2025-10-27 00:00:00+05:30,1456.266786847925,1478.16553552233,1451.289798512833,1477.2696533203125,14113867
2025-10-28 00:00:00+05:30,1477.26972256393,1485.1333888036675,1470.79963742504,1480.056884765625,17631577
2025-10-29 00:00:00+05:30,1483.1425015536738,1501.3583271895798,1481.2512217130793,1497.277099609375,11884745
2025-10-30 00:00:00+05:30,1493.0964871305005,1496.1821955688695,1477.1701246011085,1481.6494140625,9318663
2025-10-31 00:00:00+05:30,1483.540795005222,1490.6080945575152,1475.4780977270138,1479.5592041015625,8758053
2025-11-03 00:00:00+05:30,1479.1610089962214,1488.1195884585134,1472.4918928888083,1477.866943359375,8452085
2025-11-04 00:00:00+05:30,1477.07065615293,1485.9297198935935,1463.334119430687,1466.3203125,10007806
2025-11-06 00:00:00+05:30,1477.1701896475465,1494.6891648996161,1469.406038969176,1489.2144775390625,16772678
2025-11-07 00:00:00+05:30,1487.7213309001133,1491.5038906434634,1469.1074431042953,1471.19775390625,7821765
2025-11-10 00:00:00+05:30,1471.0982430243503,1494.0919049344996,1468.7092643110286,1482.44580078125,7068438
2025-11-11 00:00:00+05:30,1490.1103850249956,1491.9021495222175,1473.3876547459602,1486.5269775390625,7127506
2025-11-12 00:00:00+05:30,1498.0734942427068,1517.6827797499902,1493.0965058897411,1504.5435791015625,12384459
2025-11-13 00:00:00+05:30,1508.0275174062697,1515.0948167835015,1499.8653048593553,1503.9464111328125,7196443
2025-11-14 00:00:00+05:30,1498.5711928131457,1513.900341239272,1498.5711928131457,1511.9095458984375,7682823
2025-11-17 00:00:00+05:30,1513.900387650411,1516.6874283079178,1504.5436249599409,1511.3123779296875,5871416
2025-11-18 00:00:00+05:30,1514.696568271851,1520.7685911952462,1503.5481631005248,1512.4072265625,11045042
2025-11-19 00:00:00+05:30,1510.4164493928117,1515.2939222795571,1505.0412776708577,1511.9095458984375,5692366
2025-11-20 00:00:00+05:30,1522.9585089376258,1543.7623455509595,1519.6736478639639,1541.9705810546875,18171724
2025-11-21 00:00:00+05:30,1533.9078528560988,1550.6305827884978,1533.0119706260582,1539.4820556640625,9615271
2025-11-24 00:00:00+05:30,1542.8663816107544,1542.8663816107544,1524.7501927010492,1528.831298828125,18433951
2025-11-25 00:00:00+05:30,1528.8313312270848,1552.4222077972818,1518.0809876078647,1532.61376953125,15033482
2025-11-26 00:00:00+05:30,1535.2018536795324,1564.3669320995493,1533.4100892950657,1562.6748046875,14054299
2025-11-27 00:00:00+05:30,1567.7513003642512,1568.2489991897637,1548.8387449947777,1556.2047119140625,9794643
2025-11-28 00:00:00+05:30,1560.7835875199362,1574.0224254817672,1555.806599039324,1560.285888671875,8959508
2025-12-01 00:00:00+05:30,1567.7513979315313,1570.2398922139623,1556.403839701944,1558.892333984375,8920233
2025-12-02 00:00:00+05:30,1553.9152843475838,1560.2858537619331,1534.9032130787248,1539.1834716796875,11389150
2025-12-03 00:00:00+05:30,1538.0884656023031,1545.2554018922647,1525.9446623591427,1531.718017578125,6090883
2025-12-04 00:00:00+05:30,1528.9308982335338,1553.3181423785347,1510.6155558800758,1528.53271484375,11867930
2025-12-05 00:00:00+05:30,1523.356635808528,1538.685784402705,1513.6016899280953,1533.5096435546875,10183266
2025-12-08 00:00:00+05:30,1532.1161217020071,1543.861863398969,1527.9354998822807,1535.898681640625,11301491
2025-12-09 00:00:00+05:30,1533.211064854301,1535.4008911036892,1513.1039592099478,1522.3612060546875,11503971
2025-12-10 00:00:00+05:30,1526.9401045329791,1540.3779737710465,1524.3520947592017,1529.8267822265625,7991629
2025-12-11 00:00:00+05:30,1529.826707449835,1542.8663926602953,1516.9860531705099,1537.889404296875,4706197
2025-12-12 00:00:00+05:30,1543.6628294631555,1552.62140892391,1538.9843872841,1549.3365478515625,5106655
2025-12-15 00:00:00+05:30,1544.060853330096,1551.4268205626304,1539.3825327747268,1549.037841796875,5774543
2025-12-16 00:00:00+05:30,1537.8894294536826,1544.5585453663573,1531.7180123854912,1535.201904296875,11731856
2025-12-17 00:00:00+05:30,1542.8664391614582,1542.8664391614582,1532.2157323461342,1537.292236328125,7116649
2025-12-18 00:00:00+05:30,1528.1345045583196,1544.3595357154854,1528.1345045583196,1537.292236328125,6580829
2025-12-19 00:00:00+05:30,1547.2461442463334,1566.9549449740825,1543.8617679066683,1557.8968505859375,13937275
2025-12-22 00:00:00+05:30,1566.2582562309594,1570.2398469681211,1558.0960438231807,1568.1495361328125,10184852
2025-12-23 00:00:00+05:30,1573.6241984599117,1573.6241984599117,1560.8830596994947,1563.4710693359375,7506564
2025-12-24 00:00:00+05:30,1565.4619535362338,1568.448146711295,1546.4498812900458,1551.0286865234375,8815745
2025-12-26 00:00:00+05:30,1547.5447581940155,1553.8158123179846,1547.1466963201515,1552.0240478515625,2311495
2025-12-29 00:00:00+05:30,1547.7439417510202,1550.9291658570105,1536.495898892566,1538.4866943359375,5972105
2025-12-30 00:00:00+05:30,1539.8801935176687,1546.449793829553,1530.7225835687998,1532.71337890625,8815884
2025-12-31 00:00:00+05:30,1533.9078900841737,1569.7422080874378,1533.9078900841737,1563.172607421875,5771830
2026-01-01 00:00:00+05:30,1566.457230908256,1585.1707553042595,1563.8692213237453,1568.3485107421875,6408128
2026-01-02 00:00:00+05:30,1572.7283614795997,1587.2611435561273,1570.9365970213464,1584.9718017578125,6602230
2026-01-05 00:00:00+05:30,1585.6684856930358,1604.3820104615531,1568.049995566515,1570.8370361328125,8704973
2026-01-06 00:00:00+05:30,1561.77894010158,1561.77894010158,1489.4135782872731,1500.6614990234375,27417125
2026-01-07 00:00:00+05:30,1503.0504545946628,1513.004431115157,1491.1056827700695,1497.277099609375,11199340
2026-01-08 00:00:00+05:30,1493.0965028672745,1496.9785780764303,1462.040144211037,1463.831787109375,16518684
2026-01-09 00:00:00+05:30,1458.2576091430024,1473.0890589574892,1458.2576091430024,1468.51025390625,8335311
2026-01-12 00:00:00+05:30,1468.5102348906719,1478.4642116159973,1444.322022844729,1476.373779296875,8883745
2026-01-13 00:00:00+05:30,1478.165525590484,1478.9618923221497,1438.050951275772,1446.11376953125,13499760
2026-01-14 00:00:00+05:30,1437.3542473990606,1460.2483939989072,1433.5716876182923,1452.086181640625,8321764
2026-01-15 00:00:00+05:30,1452.086181640625,1452.086181640625,1452.086181640625,1452.086181640625,0
2026-01-16 00:00:00+05:30,1452.0861898343726,1473.1885721290346,1448.4031454989463,1451.1903076171875,17167161
2026-01-19 00:00:00+05:30,1443.9238298491432,1443.9238298491432,1396.8415931572963,1407.0941162109375,20392765
2026-01-20 00:00:00+05:30,1404.207443054835,1409.4830993039366,1383.6027599099377,1387.5843505859375,13189498
2026-01-21 00:00:00+05:30,1383.105138772638,1406.3974698374059,1366.681076311502,1398.1356201171875,17352720
2026-01-22 00:00:00+05:30,1403.610286379211,1412.9670491536458,1388.5798052619484,1396.0452880859375,15721693
2026-01-23 00:00:00+05:30,1395.348519642108,1400.5245389866304,1374.6441992470054,1379.720703125,9837802
2026-01-27 00:00:00+05:30,1373.6487855396595,1385.195374217857,1361.7040134914885,1374.146484375,26302396
2026-01-28 00:00:00+05:30,1378.6257466723232,1403.4111724845945,1378.526231208921,1390.2718505859375,11121657
2026-01-29 00:00:00+05:30,1396.4434009824272,1396.4434009824272,1377.6303609139109,1384.59814453125,20846683
2026-01-30 00:00:00+05:30,1376.236766748553,1391.5659148620384,1372.1556606847782,1388.9779052734375,11239835
2026-02-02 00:00:00+05:30,1333.8329085367304,1386.4894707948447,1329.35361891851,1384.0009765625,15711165
2026-02-03 00:00:00+05:30,1467.1166446366906,1482.6448239290096,1423.6176937150067,1430.4859619140625,25456171
2026-02-04 00:00:00+05:30,1437.3543194605445,1457.2622740237098,1433.6713964697635,1450.095458984375,8333387
2026-02-05 00:00:00+05:30,1450.2944646433757,1454.7737543419996,1432.8750047042822,1436.757080078125,11763658
2026-02-06 00:00:00+05:30,1434.865799564727,1446.113842295832,1426.9026178813986,1444.123046875,8277304
2026-02-09 00:00:00+05:30,1451.2898835062008,1459.153549837875,1446.3128948796364,1454.873291015625,5775864
2026-02-10 00:00:00+05:30,1464.2299462371711,1464.2299462371711,1445.5164217743147,1451.7874755859375,10259630
2026-02-11 00:00:00+05:30,1452.882456999606,1463.234617369774,1446.91007080626,1461.9405517578125,7106877
2026-02-12 00:00:00+05:30,1463.2345557130195,1466.2207486838624,1438.8473131178025,1442.231689453125,11135399
2026-02-13 00:00:00+05:30,1438.8473526451965,1444.0233720001163,1409.7817888672503,1413.0665283203125,10755693
2026-02-16 00:00:00+05:30,1413.564201587246,1432.9744560797708,1402.8139796964888,1430.4859619140625,5896514
2026-02-17 00:00:00+05:30,1424.5136248062843,1425.2104761017015,1412.0711535507119,1416.450927734375,10731630
2026-02-18 00:00:00+05:30,1420.4325123887006,1435.4629932986807,1412.6683617554224,1434.666748046875,5521096
2026-02-19 00:00:00+05:30,1436.3588845536149,1436.3588845536149,1393.5567833507007,1403.0130615234375,11884664
2026-02-20 00:00:00+05:30,1403.013091941889,1420.8307355027325,1399.6287153786739,1412.8675537109375,8177670
2026-02-23 00:00:00+05:30,1418.4416634695872,1428.2961245911818,1411.772547760535,1421.4278564453125,7758856
2026-02-24 00:00:00+05:30,1418.7403513100855,1426.7035326906043,1408.4877066792656,1422.2242431640625,12529409
2026-02-25 00:00:00+05:30,1428.395737725409,1433.8704252219175,1387.0867320699354,1392.063720703125,10728792
2026-02-26 00:00:00+05:30,1392.0637118415314,1406.397463315574,1385.4941111892442,1400.3255615234375,16683858
2026-02-27 00:00:00+05:30,1391.5659695052796,1403.9089251530934,1381.711508080472,1387.48486328125,12031440
2026-03-02 00:00:00+05:30,1369.1694587628867,1372.2551671563263,1335.3259388807069,1351.75,23728722
2026-03-04 00:00:00+05:30,1323.8789706886037,1346.5740873609554,1300.9848230751916,1338.8099365234375,32495007
2026-03-05 00:00:00+05:30,1346.8726294272453,1392.5614090361375,1346.8726294272453,1383.005615234375,25957532
2026-03-06 00:00:00+05:30,1390.0728674061675,1417.7449716586152,1383.9014503612218,1398.334716796875,19311971
2026-03-09 00:00:00+05:30,1368.6718029922313,1422.8214608086796,1363.6948146177142,1417.4462890625,24870822
2026-03-10 00:00:00+05:30,1424.015880450879,1424.9117626543534,1394.1539503917586,1402.3162841796875,18071259
2026-03-11 00:00:00+05:30,1418.34212900751,1427.4002232775151,1377.2321576556008,1383.8017578125,21848087
2026-03-12 00:00:00+05:30,1383.6027762448114,1404.4066120742223,1374.7437125844203,1385.7926025390625,20939959
2026-03-13 00:00:00+05:30,1378.8248707870416,1394.3531723993444,1372.0562392077015,1374.3455810546875,17265090
2026-03-16 00:00:00+05:30,1373.6488401657623,1390.8692691567512,1357.224777946389,1388.6793212890625,22837802
2026-03-17 00:00:00+05:30,1392.5613056143347,1399.429573667814,1381.8109624429321,1391.167724609375,19007744
2026-03-18 00:00:00+05:30,1390.7696473738063,1406.3974645008152,1390.7696473738063,1401.6195068359375,9559327
2026-03-19 00:00:00+05:30,1381.6119817895922,1409.1844489610974,1369.7667250791762,1378.4267578125,16498373
2026-03-20 00:00:00+05:30,1391.5659566755692,1423.4186824363833,1389.6746767818195,1407.8905029296875,22994918
2026-03-23 00:00:00+05:30,1393.5567722314413,1409.0849519631759,1384.598192981382,1401.3209228515625,18979554
2026-03-24 00:00:00+05:30,1413.4647025895886,1415.8536813182018,1400.1263494042955,1405.302490234375,18620893
2026-03-25 00:00:00+05:30,1413.464703831985,1423.9163794589117,1401.9181150601291,1406.596435546875,19041331
2026-03-27 00:00:00+05:30,1394.552193095842,1398.235116023098,1338.809921280448,1341.8956298828125,23266517
2026-03-30 00:00:00+05:30,1328.855902170806,1358.7178325566667,1327.960019957529,1337.7149658203125,24393861
2026-04-01 00:00:00+05:30,1377.8294025098971,1378.028554948465,1356.6275051009459,1362.8984375,14404619
2026-04-02 00:00:00+05:30,1350.7546307176451,1351.9490593116357,1321.8880984473344,1344.2845458984375,21280051
2026-04-06 00:00:00+05:30,1352.7454554606609,1352.7454554606609,1284.0630151171836,1298.6953125,29274881
2026-04-07 00:00:00+05:30,1289.040031502862,1302.2788696189978,1285.058440671965,1298.5958251953125,28388922
2026-04-08 00:00:00+05:30,1342.7914745147666,1344.3840865060406,1320.0963587364665,1341.5970458984375,21817543
2026-04-09 00:00:00+05:30,1339.8052690319548,1343.7868597274437,1320.195983460075,1323.87890625,20725390
2026-04-10 00:00:00+05:30,1330.8467605257397,1346.0763943468285,1325.3720730291864,1343.9859619140625,19364461
2026-04-13 00:00:00+05:30,1315.1193869938081,1321.4899565481755,1303.970981405046,1309.0474853515625,28753269
2026-04-15 00:00:00+05:30,1330.8467629297493,1340.8007402141902,1328.059600686701,1337.9140625,15313779
2026-04-16 00:00:00+05:30,1345.7777093601655,1347.5694738488123,1323.8789596516422,1337.1177978515625,30211012
2026-04-17 00:00:00+05:30,1333.832952366644,1362.1022720767137,1333.832952366644,1358.7178955078125,13869105
2026-04-20 00:00:00+05:30,1356.9261198573818,1366.6810660920328,1346.5740808024586,1357.0257568359375,13614733
2026-04-21 00:00:00+05:30,1352.7454957201878,1363.4958396538184,1343.8864317482064,1347.07177734375,27293629
2026-04-22 00:00:00+05:30,1344.085556855853,1359.7132520720183,1342.8910067161314,1355.8311767578125,9525953
2026-04-23 00:00:00+05:30,1339.8052948565,1349.261572940554,1334.529638479888,1337.21728515625,16385079
2026-04-24 00:00:00+05:30,1333.8328899956957,1339.7057606040942,1318.9019248091768,1321.6890869140625,11744802
2026-04-27 00:00:00+05:30,1306.9571155871217,1365.2873936261717,1304.9663202853897,1359.51416015625,24673098
2026-04-28 00:00:00+05:30,1351.7500009887617,1388.7787447541255,1350.75460334444,1382.5078125,41027699
2026-04-29 00:00:00+05:30,1385.5935377241706,1427.2012083655534,1384.896807968084,1418.83984375,30542143
2026-04-30 00:00:00+05:30,1402.5153692729207,1430.386505071105,1386.6885214286783,1424.215087890625,30957881
2026-05-01 00:00:00+05:30,1424.215087890625,1424.215087890625,1424.215087890625,1424.215087890625,0
2026-05-04 00:00:00+05:30,1426.8030702776819,1460.6465916696056,1426.8030702776819,1456.3663330078125,24035700
2026-05-05 00:00:00+05:30,1453.280606341501,1466.6189594959255,1443.3266295857375,1456.864013671875,23543341
2026-05-06 00:00:00+05:30,1456.2668061036345,1466.519450812893,1420.9301884572374,1431.2823486328125,14221786
2026-05-07 00:00:00+05:30,1432.1782190445704,1442.828925531327,1423.717338832762,1429.590087890625,19816903
2026-05-08 00:00:00+05:30,1419.4371163507371,1436.1598462687914,1410.9762359236815,1428.5947265625,8663105
2026-05-11 00:00:00+05:30,1413.4647305422184,1421.427912122738,1375.6396180347506,1381.81103515625,15261787
2026-05-12 00:00:00+05:30,1385.593546668805,1387.0866431630602,1354.0394893602804,1357.722412109375,24357500
2026-05-13 00:00:00+05:30,1355.1343963286624,1366.0837705701026,1346.1758174038478,1352.54638671875,13797989
2026-05-14 00:00:00+05:30,1358.9168476375535,1371.6579863902991,1352.148216400817,1355.5325927734375,17303059
2026-05-15 00:00:00+05:30,1350.5556491178086,1358.5188307246153,1323.082575367519,1330.24951171875,19976192
2026-05-18 00:00:00+05:30,1327.860551095503,1335.8237328112184,1312.6309174607939,1329.7518310546875,13022473
2026-05-19 00:00:00+05:30,1332.5387892026445,1337.8144453658963,1312.3322897558653,1316.6124267578125,21665501
2026-05-20 00:00:00+05:30,1312.6308349443716,1356.6274840630256,1306.558933569541,1353.442138671875,13248515
2026-05-21 00:00:00+05:30,1360.9076465750106,1364.590690861155,1339.0088978228712,1343.388671875,17150630
2026-05-22 00:00:00+05:30,1343.7868238683554,1361.106767233248,1342.8909416840763,1348.26611328125,7105813
2026-05-25 00:00:00+05:30,1360.5095872329855,1364.7897243191815,1350.7546414401118,1360.7086181640625,6750071
2026-05-26 00:00:00+05:30,1353.8404218493883,1362.2017870434288,1346.1759079681497,1350.0579833984375,13769747
2026-05-27 00:00:00+05:30,1346.7730400596713,1354.736221375619,1342.393266034199,1344.2845458984375,13215138
2026-05-28 00:00:00+05:30,1344.2845458984375,1344.2845458984375,1344.2845458984375,1344.2845458984375,0
2026-05-29 00:00:00+05:30,1357.7224546740495,1362.6994431442622,1310.9387630540493,1315.119384765625,42634247
2026-06-01 00:00:00+05:30,1326.3673976551404,1329.353590670499,1312.4318302501333,1313.9249267578125,10700603
2026-06-02 00:00:00+05:30,1301.6815361898255,1321.689127358814,1294.3156903458798,1308.5498046875,23302785
2026-06-03 00:00:00+05:30,1308.9480145168118,1317.906594083847,1295.0124463014238,1307.15625,20012293
2026-06-04 00:00:00+05:30,1295.0124259474096,1305.1654340270677,1287.1487597049047,1297.699951171875,23474327
2026-06-05 00:00:00+05:30,1304.5,1306.0,1288.0,1291.0,17785223
2026-06-08 00:00:00+05:30,1277.0,1282.5999755859375,1259.199951171875,1263.300048828125,16494759
2026-06-09 00:00:00+05:30,1269.0,1274.199951171875,1257.5,1269.199951171875,23620214
2026-06-10 00:00:00+05:30,1275.0,1300.5,1254.4000244140625,1258.800048828125,21012796
2026-06-11 00:00:00+05:30,1258.0,1276.0,1253.199951171875,1263.0,13117486
2026-06-12 00:00:00+05:30,1277.0,1297.0,1262.5,1293.0,11988785
2026-06-15 00:00:00+05:30,1315.300048828125,1325.0,1303.300048828125,1307.0,18633321
2026-06-16 00:00:00+05:30,1313.4000244140625,1333.4000244140625,1306.4000244140625,1328.800048828125,18513223
2026-06-17 00:00:00+05:30,1333.0,1334.0,1317.0,1332.699951171875,10029170
2026-06-18 00:00:00+05:30,1330.0,1333.9000244140625,1322.0,1328.0999755859375,15494549
2026-06-19 00:00:00+05:30,1328.0,1338.199951171875,1305.300048828125,1309.5,24887034
2026-06-22 00:00:00+05:30,1316.699951171875,1344.9000244140625,1314.0999755859375,1326.5,12931213
2026-06-23 00:00:00+05:30,1328.9000244140625,1333.0,1304.0,1309.5,15400184
2026-06-24 00:00:00+05:30,1305.699951171875,1322.0,1297.5,1313.5999755859375,11030917
2026-06-25 00:00:00+05:30,1318.0,1328.0,1314.5999755859375,1318.0999755859375,12694362
2026-06-26 00:00:00+05:30,1318.0999755859375,1318.0999755859375,1318.0999755859375,1318.0999755859375,0
2026-06-29 00:00:00+05:30,1308.0,1313.699951171875,1292.5999755859375,1301.0,13757656
2026-06-30 00:00:00+05:30,1306.9000244140625,1306.9000244140625,1290.0,1293.9000244140625,15695263
2026-07-01 00:00:00+05:30,1298.9000244140625,1312.199951171875,1296.5,1308.0,7001401
2026-07-02 00:00:00+05:30,1310.0,1313.199951171875,1299.0,1303.5,17795024
2026-07-03 00:00:00+05:30,1312.0,1312.0,1302.0,1304.0,7839550
2026-07-06 00:00:00+05:30,1304.0,1325.5999755859375,1299.4000244140625,1321.300048828125,7610709
2026-07-07 00:00:00+05:30,1323.5,1328.0,1304.0999755859375,1308.4000244140625,14335554
2026-07-08 00:00:00+05:30,1297.0,1302.300048828125,1271.5999755859375,1275.9000244140625,19960868
2026-07-09 00:00:00+05:30,1277.0999755859375,1296.5,1274.199951171875,1279.800048828125,14651963
2026-07-10 00:00:00+05:30,1291.9000244140625,1311.0999755859375,1287.800048828125,1307.800048828125,8412537
2026-07-13 00:00:00+05:30,1300.0,1306.4000244140625,1295.0,1296.9000244140625,9488352
2026-07-14 00:00:00+05:30,1290.0,1308.0,1286.9000244140625,1293.0,13511284
2026-07-15 00:00:00+05:30,1294.0999755859375,1310.9000244140625,1294.0999755859375,1295.5,9577965
2026-07-16 00:00:00+05:30,1295.5,1309.4000244140625,1291.800048828125,1296.5999755859375,15631046
2026-07-17 00:00:00+05:30,1300.0,1330.300048828125,1296.0999755859375,1327.199951171875,18302218
2026-07-20 00:00:00+05:30,1317.199951171875,1345.9000244140625,1314.9000244140625,1323.0999755859375,14305844
2026-07-21 00:00:00+05:30,1321.0,1326.9000244140625,1302.699951171875,1303.699951171875,12753410
2026-07-22 00:00:00+05:30,1302.0,1304.5999755859375,1280.699951171875,1288.5999755859375,10840383
2026-07-23 00:00:00+05:30,1283.0,1287.300048828125,1268.0,1272.199951171875,12580741
2026-07-24 00:00:00+05:30,1265.0,1283.4000244140625,1249.800048828125,1278.0,9817000
2026-07-27 00:00:00+05:30,1288.199951171875,1288.699951171875,1278.0,1280.0,7163132
2026-07-28 00:00:00+05:30,1275.0,1279.199951171875,1265.9000244140625,1267.699951171875,9312184
2026-07-29 00:00:00+05:30,1275.0,1282.4000244140625,1268.699951171875,1275.9000244140625,9448307
2026-07-30 00:00:00+05:30,1279.800048828125,1297.0,1275.300048828125,1292.9000244140625,12158451
2026-07-31 00:00:00+05:30,1295.0,1309.699951171875,1293.5999755859375,1307.800048828125,8624996
2026-08-03 00:00:00+05:30,1315.199951171875,1319.0,1306.0,1319.0,7508023
2026-08-04 00:00:00+05:30,1315.0,1315.0,1286.4000244140625,1290.9000244140625,10759546
2026-08-05 00:00:00+05:30,1293.0,1299.0,1270.0999755859375,1280.0,24820782
2026-08-06 00:00:00+05:30,1285.0,1325.199951171875,1281.199951171875,1325.0,20342297
2026-08-07 00:00:00+05:30,1320.0,1337.0,1316.5999755859375,1334.800048828125,9885638
2026-08-10 00:00:00+05:30,1330.0999755859375,1332.9000244140625,1321.300048828125,1327.300048828125,8207102
2026-08-11 00:00:00+05:30,1326.5999755859375,1328.699951171875,1314.0999755859375,1323.9000244140625,9953124
2026-08-12 00:00:00+05:30,1323.9000244140625,1329.0,1309.199951171875,1329.0,7901012
2026-08-13 00:00:00+05:30,1327.800048828125,1327.800048828125,1307.199951171875,1317.0,9397301
2026-08-14 00:00:00+05:30,1317.0,1317.5,1301.5,1310.0,10497358
2026-08-17 00:00:00+05:30,1314.0,1320.800048828125,1298.0999755859375,1316.0,13383867
2026-08-18 00:00:00+05:30,1314.0,1328.5999755859375,1311.199951171875,1322.0,10180567
2026-08-19 00:00:00+05:30,1320.300048828125,1321.5999755859375,1303.5,1311.0,7489365
2026-08-20 00:00:00+05:30,1315.5,1316.5,1307.0,1313.199951171875,5546227
2026-08-21 00:00:00+05:30,1314.0,1316.0,1308.0,1316.0,5434871
2026-08-24 00:00:00+05:30,1316.5999755859375,1320.0,1302.4000244140625,1309.800048828125,7277167
2026-08-25 00:00:00+05:30,1304.300048828125,1317.0999755859375,1300.0,1317.0,7115355
2026-08-26 00:00:00+05:30,1310.0,1315.5999755859375,1298.0,1298.0,5744474
2026-08-27 00:00:00+05:30,1305.0,1308.4000244140625,1282.199951171875,1282.199951171875,11271497
2026-08-28 00:00:00+05:30,1284.9000244140625,1291.800048828125,1280.0,1287.0,6830228
2026-08-31 00:00:00+05:30,1278.699951171875,1297.5999755859375,1271.0,1277.0,34871137
2026-09-01 00:00:00+05:30,1285.0,1311.800048828125,1280.0,1309.0,12617528
2026-09-02 00:00:00+05:30,1298.0,1321.9000244140625,1293.0999755859375,1313.0999755859375,13497841
2026-09-03 00:00:00+05:30,1313.0999755859375,1316.800048828125,1302.5,1302.5,9721454
2026-09-04 00:00:00+05:30,1304.0999755859375,1333.0,1304.0999755859375,1322.0,13031534
2026-09-07 00:00:00+05:30,1323.0999755859375,1324.199951171875,1301.9000244140625,1309.5,10210522
2026-09-08 00:00:00+05:30,1304.0999755859375,1306.800048828125,1288.0,1294.9000244140625,9799528
2026-09-09 00:00:00+05:30,1283.5,1294.699951171875,1277.199951171875,1279.0,12152819
2026-09-10 00:00:00+05:30,1278.5,1285.300048828125,1266.300048828125,1274.0,9296079
2026-09-11 00:00:00+05:30,1267.0,1267.4000244140625,1253.0,1257.5,8777736
2026-09-14 00:00:00+05:30,1257.5,1257.5,1257.5,1257.5,0
2026-09-15 00:00:00+05:30,1252.5,1259.4000244140625,1235.300048828125,1235.300048828125,13754376
2026-09-16 00:00:00+05:30,1243.0,1255.0,1240.0,1240.0,10023997
2026-09-17 00:00:00+05:30,1244.800048828125,1253.4000244140625,1238.5,1243.9000244140625,7752895
2026-09-18 00:00:00+05:30,1245.0,1247.300048828125,1226.4000244140625,1226.4000244140625,15122715
2026-09-21 00:00:00+05:30,1234.0999755859375,1249.0999755859375,1232.5,1247.4000244140625,10007218
2026-09-22 00:00:00+05:30,1247.5999755859375,1251.9000244140625,1237.4000244140625,1240.4000244140625,10684376
2026-09-23 00:00:00+05:30,1242.0,1252.800048828125,1238.9000244140625,1248.0,8352048
2026-09-24 00:00:00+05:30,1236.5999755859375,1241.5999755859375,1219.199951171875,1219.199951171875,13923795
2026-09-25 00:00:00+05:30,1210.5,1227.4000244140625,1210.5,1226.0,13138735
2026-09-28 00:00:00+05:30,1218.0,1219.699951171875,1197.0,1197.5999755859375,13602349
2026-09-29 00:00:00+05:30,1193.800048828125,1198.300048828125,1181.800048828125,1182.0,24191416
2026-09-30 00:00:00+05:30,1182.0,1196.5,1181.699951171875,1187.0,16376789
2026-10-01 00:00:00+05:30,1180.0999755859375,1183.9000244140625,1160.800048828125,1167.699951171875,16771221
2026-10-02 00:00:00+05:30,1167.699951171875,1167.699951171875,1167.699951171875,1167.699951171875,0
2026-10-05 00:00:00+05:30,1171.199951171875,1193.0,1171.199951171875,1186.4000244140625,14254907
2026-10-06 00:00:00+05:30,1188.0999755859375,1219.0999755859375,1188.0999755859375,1218.0,17995025
