Date,Open,High,Low,Close,Volume
2015-01-02 00:00:00-05:00,170.47255808561408,170.88556456408185,168.65531949719002,169.68783569335938,121465900
2015-01-05 00:00:00-05:00,168.64711237367317,168.81231249174675,166.3177617197252,166.62338256835938,169632600
2015-01-06 00:00:00-05:00,166.92901130175497,167.4494036720301,164.26099208715965,165.05397033691406,209151400
2015-01-07 00:00:00-05:00,166.3755665766757,167.44938618869952,165.92952502298357,167.1107177734375,125346700
2015-01-08 00:00:00-05:00,168.5149312956221,170.29086705779733,168.4984201081495,170.0760955810547,147217800
2015-01-09 00:00:00-05:00,170.4890728778248,170.5055966664213,168.10189588592164,168.71315002441406,158567300
2015-01-12 00:00:00-05:00,168.84534696175578,169.00229147312052,166.78856973022198,167.3915557861328,144396100
2015-01-13 00:00:00-05:00,168.60577637472915,169.72915460451395,165.62386881945937,166.92071533203125,214553300
2015-01-14 00:00:00-05:00,164.91352813914077,166.11125734633688,164.02144498652336,165.9130096435547,192991100
2015-01-15 00:00:00-05:00,166.54894479946304,166.8628210548975,164.27740987357382,164.39305114746094,176613900
2015-01-16 00:00:00-05:00,164.18659841874955,166.70594044959492,164.00487456052744,166.5489959716797,211879600
2015-01-20 00:00:00-05:00,167.18498561405204,167.4493157598487,165.34298059986864,166.90414428710938,130991100
2015-01-21 00:00:00-05:00,166.441602184859,168.2257931041972,165.9790369696136,167.7467041015625,122942700
2015-01-22 00:00:00-05:00,168.49838416512793,170.3734244640465,167.12719965980176,170.24127197265625,174356000
2015-01-23 00:00:00-05:00,169.98521597655784,170.24129060330148,169.17572673589194,169.30789184570312,117516800
2015-01-26 00:00:00-05:00,169.09316504647256,169.7952686930043,168.38279320153632,169.70440673828125,92009700
2015-01-27 00:00:00-05:00,167.65581498160063,168.60572463711327,166.63982279120685,167.46583557128906,134044600
2015-01-28 00:00:00-05:00,168.64708417164115,168.74620170511815,165.12827308965936,165.31825256347656,168514300
2015-01-29 00:00:00-05:00,165.51650818201227,167.1024518135914,164.1122758358799,166.8463897705078,173585400
2015-01-30 00:00:00-05:00,165.67340346122168,166.99501645954078,164.4839429399654,164.74826049804688,197729700
2015-02-02 00:00:00-05:00,165.24390342208943,166.87940563546837,163.4349329327051,166.78854370117188,163107000
2015-02-03 00:00:00-05:00,167.68068495307872,169.20881446344757,167.3089815220046,169.20054626464844,124212900
2015-02-04 00:00:00-05:00,168.44057206127013,169.64655660572535,168.10190370106497,168.55621337890625,134306700
2015-02-05 00:00:00-05:00,169.2169950571287,170.40645559253682,169.14265692465472,170.2577667236328,97953200
2015-02-06 00:00:00-05:00,170.62127129310568,171.18296677943948,169.26661025471967,169.78700256347656,125672000
2015-02-09 00:00:00-05:00,169.1426493477386,169.86127647070768,168.62225723582003,169.02700805664062,87219000
2015-02-10 00:00:00-05:00,170.05960307410575,171.08385138415224,169.06837714263187,170.82778930664062,96164200
2015-02-11 00:00:00-05:00,170.6624860764059,171.3563337260647,170.01819717258653,170.9268035888672,91087800
2015-02-12 00:00:00-05:00,171.7198709274691,172.62849042176754,170.95994035221958,172.57066345214844,97545900
2015-02-13 00:00:00-05:00,172.69454368851316,173.33056462266381,172.43846907159076,173.281005859375,93670400
2015-02-17 00:00:00-05:00,172.96705327290448,173.7269960437022,172.7192595475938,173.55352783203125,76968200
2015-02-18 00:00:00-05:00,173.18190224563585,173.64446754543653,172.91757201491595,173.57012939453125,80652900
2015-02-19 00:00:00-05:00,172.97536146007414,173.80962993740306,172.83494078194687,173.44618225097656,91462500
2015-02-20 00:00:00-05:00,173.03319335975746,174.56132239525118,172.4136836324964,174.4869842529297,140896400
2015-02-23 00:00:00-05:00,174.2391617104285,174.46218872070312,173.85919023381086,174.46218872070312,74411100
2015-02-24 00:00:00-05:00,174.38785846833633,175.1560571033271,174.090493287688,174.9578094482422,72472300
2015-02-25 00:00:00-05:00,174.83390718824936,175.3129962204007,174.47045946703403,174.8091278076172,73061700
2015-02-26 00:00:00-05:00,174.7182261234912,174.87517056775698,173.99958643679824,174.6025848388672,72697900
2015-02-27 00:00:00-05:00,174.50350429733115,174.76783451094943,173.95834528867053,174.00790405273438,108076000
2015-03-02 00:00:00-05:00,174.10697952292608,175.16427491407825,174.05742077083383,175.10646057128906,87491400
2015-03-03 00:00:00-05:00,174.67695747104125,175.15604648882834,173.52879998833052,174.38784790039062,110325800
2015-03-04 00:00:00-05:00,173.7931764722502,173.86752724107197,172.6863217822364,173.6527557373047,114497200
2015-03-05 00:00:00-05:00,173.9748343708267,174.12352324808586,173.338813507535,173.84268188476562,76873000
2015-03-06 00:00:00-05:00,172.98361779581307,173.41314802743403,171.06727444635007,171.39767456054688,188128000
2015-03-09 00:00:00-04:00,171.5958930964149,172.46319640011455,171.43894865739745,172.10801696777344,89818900
2015-03-10 00:00:00-04:00,170.74515846303427,170.82775220341048,169.27484367841856,169.31614685058594,157121300
2015-03-11 00:00:00-04:00,169.57226848614022,169.74573682864312,168.8371171373669,168.9197235107422,110145700
2015-03-12 00:00:00-04:00,169.54740269157224,171.13334594125118,169.497843934388,171.06727600097656,93993500
2015-03-13 00:00:00-04:00,170.79470371277253,171.7528691698583,168.9857333090318,170.01824951171875,162410900
2015-03-16 00:00:00-04:00,170.74515462838175,172.3806568570192,170.0430385291803,172.289794921875,136099200
2015-03-17 00:00:00-04:00,171.55460667379185,172.15759251056483,170.96813201877035,171.7776336669922,94510400
2015-03-18 00:00:00-04:00,171.30681621137117,174.51175032254008,170.67078274412282,173.84268188476562,228808500
2015-03-19 00:00:00-04:00,173.42974580692123,173.85100802284418,172.66154693793015,173.04977416992188,117917300
2015-03-20 00:00:00-04:00,173.9964219067773,175.08332706439776,173.813886863184,174.57720947265625,177715100
2015-03-23 00:00:00-04:00,174.5854872808226,175.15798235498923,174.2370147705078,174.2370147705078,71784500
2015-03-24 00:00:00-04:00,174.1125550997898,174.56887998481383,173.19158756674477,173.25796508789062,77805300
2015-03-25 00:00:00-04:00,173.46541912579568,173.69773415857858,170.6776260721813,170.71910095214844,159521700
2015-03-26 00:00:00-04:00,170.05532553117254,171.22519296417158,169.35836787678124,170.31253051757812,153067200
2015-03-27 00:00:00-04:00,170.19641226043072,170.87675986583287,170.00557209213895,170.70252990722656,118939000
2015-03-30 00:00:00-04:00,171.73129641311075,173.08371141679822,171.7147115290507,172.78501892089844,96180400
2015-03-31 00:00:00-04:00,171.96367717248643,172.66063503633413,171.2169519772045,171.2750244140625,126768700
2015-04-01 00:00:00-04:00,171.24183724971087,171.2667272448523,169.68199669966828,170.66934204101562,137303600
2015-04-02 00:00:00-04:00,170.60294970108774,171.73134247042432,170.4204146457377,171.28330993652344,86900900
2015-04-06 00:00:00-04:00,170.3955014457633,172.95097921240085,170.26275905467685,172.4365692138672,114368200
2015-04-07 00:00:00-04:00,172.46145215552548,173.20817713321736,171.94704217801407,171.980224609375,81236300
2015-04-08 00:00:00-04:00,172.20423971106177,173.00074463141883,171.81427969330997,172.56100463867188,89351900
2015-04-09 00:00:00-04:00,172.39505043245813,173.5566252703034,171.90553051223876,173.32431030273438,85548900
2015-04-10 00:00:00-04:00,173.57325759435778,174.31169017357283,173.37413767380824,174.27020263671875,72722900
2015-04-13 00:00:00-04:00,174.12917502382024,174.75975527148466,173.43222990187343,173.4820098876953,74436600
2015-04-14 00:00:00-04:00,173.28288096153133,173.99642359516923,172.6606058505757,173.8138885498047,75099900
2015-04-15 00:00:00-04:00,174.2785335608359,175.09992867523593,174.1955584748344,174.59381103515625,99529300
2015-04-16 00:00:00-04:00,174.26191135152382,175.05012391611444,174.06277876943213,174.54400634765625,68934900
2015-04-17 00:00:00-04:00,173.35758646133294,173.59819398304518,171.75625826434415,172.5361785888672,191113200
2015-04-20 00:00:00-04:00,173.45710914574687,174.44445433742973,173.3741467279249,174.11257934570312,92189500
2015-04-21 00:00:00-04:00,174.7928932447818,174.95053826659614,173.6064283504393,173.90512084960938,72559800
2015-04-22 00:00:00-04:00,174.24534286718344,174.94230069064122,173.32437509425588,174.759765625,78264600
2015-04-23 00:00:00-04:00,174.36145775052785,175.84662790681259,174.24530025173053,175.199462890625,102585900
2015-04-24 00:00:00-04:00,175.61429265078135,175.8714976070036,175.15795515092753,175.60598754882812,61327400
2015-04-27 00:00:00-04:00,176.17024581984043,176.2946957863419,174.685075365081,174.87591552734375,79358100
2015-04-28 00:00:00-04:00,174.85100566816996,175.4815731938354,173.68112547509182,175.43179321289062,86863500
2015-04-29 00:00:00-04:00,174.5440107847622,175.30733337852325,173.90515080555448,174.7099609375,125684900
2015-04-30 00:00:00-04:00,174.1374775440112,174.52743764078912,172.2623470377464,172.9593048095703,161304900
2015-05-01 00:00:00-04:00,173.73914072469253,174.87583810981158,173.63958079556656,174.8343505859375,103399700
2015-05-04 00:00:00-04:00,175.25756223646033,175.91303245626554,175.14970982400388,175.33224487304688,70927200
2015-05-05 00:00:00-04:00,175.09157520479977,175.44835275799124,173.18326283386858,173.32431030273438,113326200
2015-05-06 00:00:00-04:00,173.87200317837147,174.17898825634953,171.54883966822416,172.61085510253906,135060200
2015-05-07 00:00:00-04:00,172.51119561378445,173.72256299562105,172.17932072955776,173.29940795898438,88244900
2015-05-08 00:00:00-04:00,174.96717621586973,175.78027883907203,174.8842011346324,175.58114624023438,155877300
2015-05-11 00:00:00-04:00,175.53965118852454,175.8051486295798,174.66846357652057,174.74313354492188,75708100
2015-05-12 00:00:00-04:00,173.91342824033026,174.75972583742453,173.09202063195485,174.2204132080078,119727600
2015-05-13 00:00:00-04:00,174.6269482582543,175.24922321636745,174.02127084388474,174.2535858154297,94667900
2015-05-14 00:00:00-04:00,175.26583815484017,176.1619157026827,174.99203562687012,176.07064819335938,95934000
2015-05-15 00:00:00-04:00,176.261474609375,176.4025220938169,175.78024707763444,176.261474609375,76510100
2015-05-18 00:00:00-04:00,176.0955698911435,177.0580124734228,176.02919235784495,176.80911254882812,74549700
2015-05-19 00:00:00-04:00,176.92524966742405,177.1990522131285,176.46891209125,176.75100708007812,72114600
2015-05-20 00:00:00-04:00,176.85055102371675,177.3732660782015,176.31125108448646,176.6265411376953,76857500
2015-05-21 00:00:00-04:00,176.48551842661584,177.34840098253736,176.31956827412938,177.14097595214844,64764600
2015-05-22 00:00:00-04:00,176.75930935079924,177.17415941398292,176.65145694332057,176.71783447265625,57433500
2015-05-26 00:00:00-04:00,176.228251563113,176.65140660952986,174.40291433724727,174.81776428222656,124308600
2015-05-27 00:00:00-04:00,175.2741862570893,176.70956421388289,174.86762855732204,176.4772491455078,93214000
2015-05-28 00:00:00-04:00,176.1702416142466,176.38595910443956,175.5894540174039,176.27810668945312,74974600
2015-05-29 00:00:00-04:00,176.2117399535306,176.25321483710226,174.91740961261766,175.1829071044922,124919600
2015-06-01 00:00:00-04:00,175.84664258087983,176.17851755936138,174.75143236349666,175.53965759277344,93338800
2015-06-02 00:00:00-04:00,175.0833377129909,176.0540854164766,174.46106257022674,175.3654327392578,91531000
2015-06-03 00:00:00-04:00,175.89644040068288,176.45233800913786,175.34054279222792,175.83006286621094,87820900
2015-06-04 00:00:00-04:00,175.1248145661451,175.78027210602187,174.0296043048185,174.3448944091797,151882800
2015-06-05 00:00:00-04:00,174.19554356303513,174.71825870761285,173.39073340655372,174.04620361328125,121704700
2015-06-08 00:00:00-04:00,173.93834636683118,174.08769898352278,172.90122113504552,172.97589111328125,89063300
2015-06-09 00:00:00-04:00,172.95098876953125,173.49030144767775,172.32042123131572,172.95098876953125,105034700
2015-06-10 00:00:00-04:00,173.71431032637201,175.40690566336218,173.65623790120128,175.02523803710938,134551300
2015-06-11 00:00:00-04:00,175.46496915471943,175.971086709297,175.2326541454266,175.5894317626953,73876400
2015-06-12 00:00:00-04:00,174.7680918906073,175.46503718871605,173.97157393546635,174.24537658691406,135382400
2015-06-15 00:00:00-04:00,173.10860566512972,173.78066063239635,172.403355608492,173.49856567382812,124384200
2015-06-16 00:00:00-04:00,173.34927804965645,174.5274636196936,173.17504807593085,174.44448852539062,85308200
2015-06-17 00:00:00-04:00,174.72659301757812,175.33228338618358,173.70606513573966,174.72659301757812,126708600
2015-06-18 00:00:00-04:00,175.3239341446082,177.00822441202155,174.75974412764305,176.54359436035156,165867900
2015-06-19 00:00:00-04:00,176.3018084335659,176.37684161534378,175.38469380583308,175.75987243652344,130478700
2015-06-22 00:00:00-04:00,176.67695659843193,177.24389083650507,176.45184437011525,176.6602783203125,70696000
2015-06-23 00:00:00-04:00,176.86870276099515,177.1188260321435,176.39347999543156,176.7853240966797,68476800
2015-06-24 00:00:00-04:00,176.51856260613104,176.89374121005542,175.47639274978548,175.50140380859375,92307300
2015-06-25 00:00:00-04:00,176.00167167480106,176.12672698393885,174.89280128717357,174.96783447265625,97107400
2015-06-26 00:00:00-04:00,175.32633823537532,175.56812880012623,174.38422520408892,174.9344940185547,104174800
2015-06-29 00:00:00-04:00,173.45875114834269,174.9427999864751,171.19098855307968,171.26602172851562,202621300
2015-06-30 00:00:00-04:00,172.80014629128402,172.85018114556345,171.1493523105692,171.6245880126953,182925100
2015-07-01 00:00:00-04:00,173.19195405817197,173.44207737125143,172.21648458678231,173.0001983642578,135979900
2015-07-02 00:00:00-04:00,173.47542902098317,173.64217365104963,172.4249136801449,172.84178161621094,104373700
2015-07-06 00:00:00-04:00,171.55783748282298,173.12525230369525,171.35773628956693,172.34988403320312,117975400
2015-07-07 00:00:00-04:00,172.5499731339721,173.55878636499753,170.17382092755489,173.43373107910156,173820200
2015-07-08 00:00:00-04:00,172.09980861176086,172.38327583973646,170.29060275537043,170.5240478515625,164020100
2015-07-09 00:00:00-04:00,172.61674508897667,172.87521400902986,170.72417298873395,170.83255004882812,144113100
2015-07-10 00:00:00-04:00,172.82516963101017,173.40044963894204,170.8742299950883,172.98358154296875,129456900
2015-07-13 00:00:00-04:00,174.24249393444856,175.0011840376992,174.20080458943872,174.89280700683594,106069400
2015-07-14 00:00:00-04:00,174.85107946681126,175.959949648478,174.79271185218707,175.65145874023438,81709600
2015-07-15 00:00:00-04:00,175.69318389756324,176.15174124239255,175.11790402148668,175.5931396484375,97914100
2015-07-16 00:00:00-04:00,176.6436079459637,177.0021209716797,176.40183015050818,177.0021209716797,106683300
2015-07-17 00:00:00-04:00,176.99374882365558,177.2105282508738,176.58522646644715,177.15216064453125,89030000
2015-07-20 00:00:00-04:00,177.37734308080402,177.73584347269255,176.92713121534828,177.2439422607422,70446800
2015-07-21 00:00:00-04:00,177.11054402998832,177.36901289331283,176.2434641305146,176.54360961914062,77965000
2015-07-22 00:00:00-04:00,175.85988456258156,176.56023229667733,175.8265407284811,176.2267303466797,88667900
2015-07-23 00:00:00-04:00,176.36016778288803,176.4602120277821,174.87611878188716,175.234619140625,90509100
2015-07-24 00:00:00-04:00,175.33464818245892,175.39300307541941,173.08356397825546,173.41705322265625,117755000
2015-07-27 00:00:00-04:00,172.5333474647767,173.041926985497,171.96640031164114,172.4082794189453,132361100
2015-07-28 00:00:00-04:00,173.24199465957545,174.66768879097515,172.4166041766928,174.5259552001953,123544800
2015-07-29 00:00:00-04:00,174.65099030361242,175.95161625375798,174.5092567292299,175.7265167236328,105791300
2015-07-30 00:00:00-04:00,175.21795021419427,175.9349636396938,174.6009810316665,175.76821899414062,91304400
2015-07-31 00:00:00-04:00,176.2684392962481,176.2934503550564,175.21793666089977,175.50140380859375,103266900
2015-08-03 00:00:00-04:00,175.46806861139632,175.52642351088926,173.9589958987843,174.90945434570312,113965700
2015-08-04 00:00:00-04:00,174.83446167232952,175.29301908230389,174.0841042536832,174.5676727294922,81820800
2015-08-05 00:00:00-04:00,175.45974010894733,176.1767535837583,174.85944916623106,175.14292907714844,85786800
2015-08-06 00:00:00-04:00,175.32634530357268,175.43473505916185,173.12528267877659,173.7089080810547,116030800
2015-08-07 00:00:00-04:00,173.55050215836098,173.70056854343548,172.47497551144963,173.3754119873047,117858000
2015-08-10 00:00:00-04:00,174.4842877735788,175.64318042898392,174.4842877735788,175.559814453125,80270700
2015-08-11 00:00:00-04:00,174.22573969428817,174.64260751903944,173.21691396079967,173.97561645507812,126081400
2015-08-12 00:00:00-04:00,172.67505252000194,174.36753547494192,171.2160146125157,174.18411254882812,172123700
2015-08-13 00:00:00-04:00,174.025685828599,174.7093553533563,173.42539498015836,173.9673309326172,89383300
2015-08-14 00:00:00-04:00,173.77562504833537,174.6760616449859,173.63389142503914,174.6010284423828,72786500
2015-08-17 00:00:00-04:00,174.00901651227431,175.57643127441406,173.5504592460368,175.57643127441406,79072600
2015-08-18 00:00:00-04:00,175.30130086270307,175.6514684043163,174.83441080721877,175.06785583496094,71692700
2015-08-19 00:00:00-04:00,174.32586652045595,175.09290215490807,172.87517394473667,173.68389892578125,172946000
2015-08-20 00:00:00-04:00,172.1748281472573,173.65887730749114,169.99877653472075,170.05714416503906,194327900
2015-08-21 00:00:00-04:00,168.18956903137342,170.03213129099785,164.67954740121536,164.93800354003906,346588500
2015-08-24 00:00:00-04:00,156.31713079104918,164.64614334806805,152.0734058714553,157.99293518066406,507244300
2015-08-25 00:00:00-04:00,162.9370352578318,162.95371354145988,155.8419458295441,156.13375854492188,369833100
2015-08-26 00:00:00-04:00,160.14395508139316,162.40337170840206,157.05079003103154,162.1282501220703,339257000
2015-08-27 00:00:00-04:00,164.2626290171508,166.26358982576218,162.75356927173493,166.13853454589844,274143900
2015-08-28 00:00:00-04:00,165.49658334975751,166.61378645112822,165.01301498010434,166.1468963623047,160414400
2015-08-31 00:00:00-04:00,165.17141124248494,166.02182537926092,164.2542967104913,164.8045654296875,163298800
2015-09-01 00:00:00-04:00,161.01104897004456,162.3867206333518,159.01842097452524,159.88551330566406,256000400
2015-09-02 00:00:00-04:00,162.26170577699753,162.96205372669115,160.42748901365306,162.9203643798828,160269300
2015-09-03 00:00:00-04:00,163.62905492708597,165.12144978449425,162.54520809159237,163.037109375,152087800
2015-09-04 00:00:00-04:00,160.78599337005926,161.62806215377893,159.75215614582967,160.5692138671875,207081000
2015-09-08 00:00:00-04:00,163.36221854722507,164.75455600996594,162.7202383253575,164.60447692871094,116025700
2015-09-09 00:00:00-04:00,166.1802472312169,166.30530252865324,162.03657875215427,162.40341186523438,149347700
2015-09-10 00:00:00-04:00,162.21162888709986,164.42936908185118,161.9531728346661,163.2871551513672,158611100
2015-09-11 00:00:00-04:00,162.895369450869,164.0959515157723,162.1866886503402,164.0292510986328,119691200
2015-09-14 00:00:00-04:00,164.20432249066465,164.2543446212188,162.93704005547906,163.4206085205078,79452000
2015-09-15 00:00:00-04:00,163.92084010360617,165.90513591068714,163.3789167770044,165.4632568359375,113806200
2015-09-16 00:00:00-04:00,165.76340900711406,167.08904628489455,165.42157417041264,166.89727783203125,99581600
2015-09-17 00:00:00-04:00,166.76390058189295,169.1567191508858,166.14693127954274,166.52210998535156,276046600
2015-09-18 00:00:00-04:00,164.01877931187536,166.50783687324343,163.39022645170527,163.80087280273438,223657500
2015-09-21 00:00:00-04:00,164.6305891335132,165.66978848327827,163.5997658860086,164.64735412597656,105726200
2015-09-22 00:00:00-04:00,162.48509755782862,162.971179937286,161.3788384622485,162.51023864746094,153890900
2015-09-23 00:00:00-04:00,162.67780792921184,163.14712519772604,161.67212624126188,162.25039672851562,92790600
2015-09-24 00:00:00-04:00,161.03521979257943,162.12471385357648,159.70269094597663,161.6637725830078,159378800
2015-09-25 00:00:00-04:00,163.1220430473588,163.42374894153775,160.7503019768851,161.6219024658203,155054800
2015-09-28 00:00:00-04:00,160.72514181152218,160.83409505669493,157.25553083417196,157.56561279296875,178515900
2015-09-29 00:00:00-04:00,157.78352463470284,159.0154891991918,156.66050053114188,157.65780639648438,159045600
2015-09-30 00:00:00-04:00,159.5434342791708,160.7670225082803,158.76403506104677,160.5994110107422,163452000
2015-10-01 00:00:00-04:00,160.9765723137938,161.32018426471683,159.08253771523917,161.0184783935547,131079000
2015-10-02 00:00:00-04:00,159.04061688143545,163.44886240141275,158.4958634709605,163.42372131347656,211003300
2015-10-05 00:00:00-04:00,164.64731598970752,166.55811547378664,164.5383627458455,166.3318328857422,126320800
2015-10-06 00:00:00-04:00,166.1977937404232,166.75929955888773,165.09992320074306,165.76199340820312,110274500
2015-10-07 00:00:00-04:00,166.69226567816438,167.47167811893536,165.50220675758175,167.11968994140625,124307300
2015-10-08 00:00:00-04:00,166.73409610650796,168.91308416476795,166.4323902644095,168.62814331054688,153055200
2015-10-09 00:00:00-04:00,168.77060480397452,169.2063921622075,168.1001459916969,168.72869873046875,107069200
2015-10-12 00:00:00-04:00,168.80411205225855,169.08905287462173,168.3767008187138,168.88792419433594,56395600
2015-10-13 00:00:00-04:00,168.1588314648313,169.4243260345395,167.6559968652406,167.8236083984375,88038700
2015-10-14 00:00:00-04:00,167.76490977995587,168.34318034427724,166.72571077201667,167.01902770996094,99106200
2015-10-15 00:00:00-04:00,167.68114875415054,169.59194848911545,167.31239568460623,169.5835723876953,134142200
2015-10-16 00:00:00-04:00,169.98580024510346,170.37130542131746,169.22315320406815,170.35455322265625,114580100
2015-10-19 00:00:00-04:00,169.7092526096829,170.43836975097656,169.3991706600181,170.43836975097656,76523900
2015-10-20 00:00:00-04:00,170.00258054949444,170.83226203580736,169.75115687960545,170.22047424316406,78448500
2015-10-21 00:00:00-04:00,170.6395042149771,170.79035073953665,168.99688070478732,169.1645050048828,102038000
2015-10-22 00:00:00-04:00,170.1115392319672,172.2318564832243,169.16452830328043,172.0223388671875,174911700
2015-10-23 00:00:00-04:00,173.6900957948435,174.27674253547696,172.89393144770239,173.90798950195312,144442300
2015-10-26 00:00:00-04:00,173.73201452401705,173.79067280838166,173.1118377599379,173.4805908203125,69033000
2015-10-27 00:00:00-04:00,172.8100889227646,173.4805477033603,172.4664770393679,173.14532470703125,77905800
2015-10-28 00:00:00-04:00,173.48054217738942,175.13991769585508,172.8184723049507,175.11477661132812,135906700
2015-10-29 00:00:00-04:00,174.61198147797265,175.3830047490535,174.49465212776337,175.01425170898438,90525500
2015-10-30 00:00:00-04:00,175.2070182725639,175.52548915759263,174.10077185226265,174.25999450683594,131076900
2015-11-02 00:00:00-05:00,174.5868408471371,176.51439263594077,174.46112260790636,176.32164001464844,86270800
2015-11-03 00:00:00-05:00,175.9696437316192,177.3859847602942,175.74336114194094,176.83285522460938,95246100
2015-11-04 00:00:00-05:00,177.1262031778266,177.2519086361511,175.76014418697665,176.2965087890625,96224500
2015-11-05 00:00:00-05:00,176.3551573584658,176.8160986601643,175.23214603282946,176.12049865722656,78408700
2015-11-06 00:00:00-05:00,175.77690939553904,176.26299181489833,174.70418019003608,176.0283203125,110471500
2015-11-09 00:00:00-05:00,175.41650410925396,175.56736342301136,173.43865755824206,174.38568115234375,131008700
2015-11-10 00:00:00-05:00,173.9079873730397,174.82149384506457,173.63981148972155,174.7879638671875,75874600
2015-11-11 00:00:00-05:00,175.05618423722112,175.10646642520203,174.0337371218026,174.1007843017578,67846000
2015-11-12 00:00:00-05:00,173.06156452946777,173.53088198042622,171.65361217659247,171.6703643798828,121315200
2015-11-13 00:00:00-05:00,171.2597162378276,171.5278921550629,169.65899847215078,169.7427978515625,153577100
2015-11-16 00:00:00-05:00,169.55839847536257,172.38269144815004,169.44105635054686,172.3240203857422,117645200
2015-11-17 00:00:00-05:00,172.63407275854118,173.5140361752758,171.703814391536,172.19827270507812,121123700
2015-11-18 00:00:00-05:00,172.6760538291458,175.07293615993984,172.63416053119036,174.9304656982422,121342500
2015-11-19 00:00:00-05:00,174.8131192434579,175.1986372929131,174.48627226611268,174.77960205078125,88220500
2015-11-20 00:00:00-05:00,175.53381797540212,176.0953235296875,175.03935957821705,175.41648864746094,94011500
2015-11-23 00:00:00-05:00,175.47517757537733,175.9780121229308,174.75443654807228,175.2153778076172,64931200
2015-11-24 00:00:00-05:00,174.2096590279183,175.852282346992,173.82415387360422,175.45001220703125,98874400
2015-11-25 00:00:00-05:00,175.5757122250218,175.7768536827793,175.16505321090983,175.42486572265625,51980100
2015-11-27 00:00:00-05:00,175.51708434940895,175.82717910489592,175.03939085313215,175.62603759765625,37317800
2015-11-30 00:00:00-05:00,175.78531019672278,175.90263957043769,174.7880041261747,174.89695739746094,112822700
2015-12-01 00:00:00-05:00,175.52546763035855,176.6820088811428,175.2489028622171,176.56466674804688,97858400
2015-12-02 00:00:00-05:00,176.51438142859806,176.83285226890064,174.51139370825462,174.7628173828125,108441300
2015-12-03 00:00:00-05:00,175.0141843381248,175.282360126253,171.59485672092845,172.3155975341797,166224200
2015-12-04 00:00:00-05:00,172.31564259922158,175.9696297821189,172.31564259922158,175.67630004882812,192913900
2015-12-07 00:00:00-05:00,175.3495082033207,175.7685435036695,173.64822590694013,174.6120147705078,102027100
2015-12-08 00:00:00-05:00,173.05316968576795,174.56168624677528,172.45813404692703,173.4386749267578,103372400
2015-12-09 00:00:00-05:00,172.8017509958119,174.88853826661926,171.11722117910855,172.08938598632812,162401500
2015-12-10 00:00:00-05:00,172.1564553948511,173.8409726411973,171.9217966576867,172.53358459472656,116128900
2015-12-11 00:00:00-05:00,170.42163133411054,171.08370136373824,168.87957198536282,169.18966674804688,211173300
2015-12-14 00:00:00-05:00,169.34889219017325,170.17019760312135,167.5721742429756,170.0444793701172,182385200
2015-12-15 00:00:00-05:00,171.55300981600035,172.7346921593939,170.01933943609507,171.82957458496094,154069600
2015-12-16 00:00:00-05:00,172.9526108886259,174.64551693695873,171.63684680850224,174.34381103515625,197017000
2015-12-17 00:00:00-05:00,174.65388239389682,174.72092956664895,171.67035354010022,171.68711853027344,173092500
2015-12-18 00:00:00-05:00,170.94691963686665,171.08179917599455,168.46832640071943,168.62850952148438,251393500
2015-12-21 00:00:00-05:00,169.800340767622,170.19657911718517,168.6874978631349,170.01953125,99094300
2015-12-22 00:00:00-05:00,170.9047782313083,171.857438219146,169.91840157192314,171.56236267089844,111026200
2015-12-23 00:00:00-05:00,172.56559014783053,173.7290146149224,172.47285322851093,173.68685913085938,110987200
2015-12-24 00:00:00-05:00,173.43390652848993,173.94817246379162,173.18098653564485,173.40017700195312,48539600
2015-12-28 00:00:00-05:00,172.70889178931722,173.0461099010935,171.93327984099471,173.00396728515625,65899900
2015-12-29 00:00:00-05:00,174.09992902631632,175.17904239882662,174.06621236144557,174.85025024414062,92640700
2015-12-30 00:00:00-05:00,174.6057465465948,174.6900574939759,173.46761307717205,173.61093139648438,63317700
2015-12-31 00:00:00-05:00,172.9365137681449,173.57723329901134,171.87425231933594,171.87425231933594,114877900
2016-01-04 00:00:00-05:00,169.0247378144135,169.47998356786456,167.42291956654066,169.4715576171875,222353500
2016-01-05 00:00:00-05:00,169.79192589823398,170.2134550219774,168.6538049825555,169.75820922851562,110845800
2016-01-06 00:00:00-05:00,167.21212890813374,168.66218976902232,166.58827419024678,167.61680603027344,152112600
2016-01-07 00:00:00-05:00,164.67452645671497,166.45337941363837,163.20760085423277,163.5954132080078,213436100
2016-01-08 00:00:00-05:00,164.5565478315544,165.1129693840645,161.513106924341,161.79974365234375,209817200
2016-01-11 00:00:00-05:00,162.71867774379808,163.05590878200323,160.02933257438642,161.95993041992188,187941300
2016-01-12 00:00:00-05:00,163.40153973265294,164.01696859123618,161.14213716090515,163.2666473388672,172330500
2016-01-13 00:00:00-05:00,163.93270144490674,164.27835847235212,158.81534370434633,159.19471740722656,221168900
2016-01-14 00:00:00-05:00,159.80171165185732,162.92945090371774,158.20833189652004,161.8081817626953,240795600
2016-01-15 00:00:00-05:00,157.45797250848364,159.13564997514615,156.40414983282272,158.33474731445312,324846400
2016-01-19 00:00:00-05:00,160.14733520491595,160.27378878445893,156.9774282612069,158.54551696777344,195244400
2016-01-20 00:00:00-05:00,155.9911018299942,158.0734572019925,152.6104421230259,156.5137939453125,286547800
2016-01-21 00:00:00-05:00,156.98582346473114,159.22834779127572,155.66221633433204,157.39048767089844,195772900
2016-01-22 00:00:00-05:00,159.99551732719468,160.82171041611127,159.23677040978748,160.619384765625,168319600
2016-01-25 00:00:00-05:00,160.11359294935863,160.30749271059665,157.99752174755105,158.19142150878906,130371700
2016-01-26 00:00:00-05:00,158.84899758001725,160.62785059511515,158.51177950278483,160.34963989257812,141036800
2016-01-27 00:00:00-05:00,159.82700049285475,161.49625239213077,157.7024898893812,158.6045684814453,185681700
2016-01-28 00:00:00-05:00,160.14732966105083,160.3496553813156,157.78676430027338,159.43072509765625,143798800
2016-01-29 00:00:00-05:00,160.19796246086153,163.45216843377244,160.07993479817773,163.31727600097656,210529300
2016-02-01 00:00:00-05:00,162.31395785495897,164.04222935059738,161.7322457690278,163.2581787109375,136061600
2016-02-02 00:00:00-05:00,161.83350201070309,161.84192796395146,159.79328928812828,160.3159942626953,182564900
2016-02-03 00:00:00-05:00,161.36979075969012,161.6817182112357,157.73621157940443,161.2770538330078,205054900
2016-02-04 00:00:00-05:00,160.77964692255767,162.4994801181011,160.14735322560009,161.52996826171875,139531800
2016-02-05 00:00:00-05:00,161.01572450128157,161.58899802448906,157.82052603971346,158.45281982421875,180788300
2016-02-08 00:00:00-05:00,156.61489968589137,156.9099622889876,154.1110162141271,156.31982421875,191526700
2016-02-09 00:00:00-05:00,154.5831537838088,157.60130371702277,154.44826138293897,156.32827758789062,184513100
2016-02-10 00:00:00-05:00,157.1544910391713,158.781587282469,156.06693869578498,156.1934051513672,148214100
2016-02-11 00:00:00-05:00,153.72322723314252,155.20701788010714,152.66940449594475,154.16162109375,219058900
2016-02-12 00:00:00-05:00,155.93206008196765,157.35681772325216,155.0890018292547,157.3399658203125,127632400
2016-02-16 00:00:00-05:00,159.1440604941082,160.02083514418928,158.18297489934602,159.99554443359375,120250700
2016-02-17 00:00:00-05:00,161.15894819939982,162.97995631628444,161.0324817983692,162.6090087890625,136009500
2016-02-18 00:00:00-05:00,162.8788340130157,162.93785425898483,161.63111153758322,161.9430389404297,102343000
2016-02-19 00:00:00-05:00,161.16743240085756,162.01891654044448,160.56042947582927,161.86717224121094,114793000
2016-02-22 00:00:00-05:00,163.44369040940836,164.3541948162909,163.37624420918957,164.21087646484375,103640300
2016-02-23 00:00:00-05:00,163.5532945241324,163.82307932901813,162.01892239045185,162.136962890625,111455300
2016-02-24 00:00:00-05:00,160.71216217133053,163.1570254008844,159.60775817044836,162.87881469726562,150812200
2016-02-25 00:00:00-05:00,163.3256295149316,164.86000131333842,162.5668824290666,164.8515625,110728300
2016-02-26 00:00:00-05:00,165.72001058523796,165.81273466798723,164.31209161179478,164.47227478027344,129833700
2016-02-29 00:00:00-05:00,164.48913145020424,165.4333527790871,162.98848846792222,163.18238830566406,125918100
2016-03-01 00:00:00-05:00,164.40482419838662,167.10262153774923,163.93271352321347,167.018310546875,141799700
2016-03-02 00:00:00-05:00,166.70633648257544,167.81916663985717,166.29323332513397,167.76858520507812,102415000
2016-03-03 00:00:00-05:00,167.59153048775184,168.44302748531464,167.0182570982276,168.42616271972656,95172200
2016-03-04 00:00:00-05:00,168.62005347841563,169.74976115952904,167.7938601054609,168.97413635253906,129293600
2016-03-07 00:00:00-05:00,168.05518624135055,169.51368590949613,167.97931410528602,169.1090087890625,100219000
2016-03-08 00:00:00-05:00,168.03833529114226,168.54416239847214,167.10254034893043,167.26271057128906,123974900
2016-03-09 00:00:00-05:00,168.07204820145247,168.4345569770791,167.28799754972553,168.0889129638672,94801200
2016-03-10 00:00:00-05:00,168.57792694871588,169.51372208535355,166.40283520236756,168.2238311767578,156838700
2016-03-11 00:00:00-05:00,169.6739195501575,170.98066257055206,168.20700624844133,170.93850708007812,137964500
2016-03-14 00:00:00-04:00,170.43267782574958,171.17456042054744,170.10388558631487,170.7193145751953,73612000
2016-03-15 00:00:00-04:00,169.75822588499912,170.74460258765515,169.4968798608829,170.44110107421875,93169100
2016-03-16 00:00:00-04:00,169.96056173798843,171.83215222958782,169.9184062493571,171.42747497558594,129303200
2016-03-17 00:00:00-04:00,171.34317934497128,173.02085718598437,170.94694090138395,172.51502990722656,134278500
2016-03-18 00:00:00-04:00,173.01497108735393,173.531889532325,172.70143484267174,173.19293212890625,138372400
2016-03-21 00:00:00-04:00,172.9302388198123,173.66747828660118,172.70143545996896,173.4386749267578,72926700
2016-03-22 00:00:00-04:00,172.667500849292,173.913189128969,172.5065045158591,173.34542846679688,97471900
2016-03-23 00:00:00-04:00,172.9641377131054,173.1505681737441,172.03198540991207,172.20147705078125,81052500
2016-03-24 00:00:00-04:00,171.17607690453912,172.15907134055288,170.95575591594056,172.1251678466797,84360900
2016-03-28 00:00:00-04:00,172.5404191676539,172.7522707695527,171.77775857297658,172.2268829345703,62408200
2016-03-29 00:00:00-04:00,171.82009741350487,173.930143763803,171.515030627081,173.81997680664062,92922900
2016-03-30 00:00:00-04:00,174.8199601589143,175.30297513077699,174.21829586616255,174.5826873779297,86365300
2016-03-31 00:00:00-04:00,174.48943875381522,174.91314191454202,173.99794153572478,174.15895080566406,94584100
2016-04-01 00:00:00-04:00,173.16746390532504,175.53172153802493,172.85391481546566,175.3452911376953,114423500
2016-04-04 00:00:00-04:00,175.2690546011857,175.47243677743458,174.47249057387086,174.77755737304688,63497000
2016-04-05 00:00:00-04:00,173.43865755883377,174.78603056334993,172.7776816347166,173.0319061279297,99662200
2016-04-06 00:00:00-04:00,173.03193326593185,174.98097077905592,172.85397221365315,174.92164611816406,91839800
2016-04-07 00:00:00-04:00,173.83692200157756,174.1928310839261,172.0997365590909,172.82850646972656,113859000
2016-04-08 00:00:00-04:00,174.00643500437033,174.4386205635236,172.760746505157,173.29461669921875,95040600
2016-04-11 00:00:00-04:00,173.93018479648154,174.62506433575481,172.794663185393,172.88787841796875,83757500
2016-04-12 00:00:00-04:00,173.05730624126357,174.77753990260072,172.6166513686354,174.49789428710938,115350600
2016-04-13 00:00:00-04:00,175.41309180626502,176.34524384309321,175.27750370447308,176.260498046875,96336400
2016-04-14 00:00:00-04:00,176.3198524369293,176.76897678579215,175.92157040221767,176.2689971923828,65212900
2016-04-15 00:00:00-04:00,176.26896597530424,176.4045540759585,175.7520476556538,176.07406616210938,75761600
2016-04-18 00:00:00-04:00,176.07406054605502,177.3451698557611,175.41308473943926,177.311279296875,82531000
2016-04-19 00:00:00-04:00,177.7350455134596,178.1248452658334,177.05711772147373,177.87062072753906,88316100
2016-04-20 00:00:00-04:00,177.91299661996968,178.73498198033556,177.43845103674758,178.0401153564453,81100300
2016-04-21 00:00:00-04:00,178.05704707885053,178.16721405999155,176.8113585073525,177.08253479003906,85695000
2016-04-22 00:00:00-04:00,176.7266256168106,177.35369814232877,176.18428598183434,177.08253479003906,99251700
2016-04-25 00:00:00-04:00,176.4808531477876,176.81982346782792,175.87071950211055,176.77745056152344,66166500
2016-04-26 00:00:00-04:00,177.14181523808645,177.54857959028388,176.56558513473195,177.04013061523438,75864200
2016-04-27 00:00:00-04:00,176.65880402601422,177.79432543947834,176.30289490822972,177.40452575683594,77329400
2016-04-28 00:00:00-04:00,176.65038356084295,177.752001784273,175.379273674979,175.79449462890625,97216200
2016-04-29 00:00:00-04:00,175.17580955389846,175.5232491969226,173.74369101639257,174.84532165527344,142424100
2016-05-02 00:00:00-04:00,175.34531294727643,176.41304024801133,174.91314038206343,176.23509216308594,62188000
2016-05-03 00:00:00-04:00,175.00642188629445,175.2436947096701,173.95563300391726,174.70135498046875,106422100
2016-05-04 00:00:00-04:00,173.70988307735092,174.43865326842055,173.22685511018216,173.72682189941406,92243800
2016-05-05 00:00:00-04:00,174.19280710418795,174.54871613754133,173.26913749879046,173.69284057617188,67619200
2016-05-06 00:00:00-04:00,172.92171743762816,174.37078781560305,172.76919051910093,174.3284149169922,89315000
2016-05-09 00:00:00-04:00,174.20134033716386,174.90467627236418,174.02337930329685,174.47250366210938,74374900
2016-05-10 00:00:00-04:00,175.17589691129402,176.65885849113394,175.10810283028206,176.64190673828125,77472200
2016-05-11 00:00:00-04:00,176.1842718141911,176.71812906590588,174.9894256591797,174.9894256591797,81727000
2016-05-12 00:00:00-04:00,175.65890163549375,175.82839329326183,174.03188257802506,175.04029846191406,89586300
2016-05-13 00:00:00-04:00,174.7436573056343,175.29446622372728,173.1929022383585,173.51490783691406,96474600
2016-05-16 00:00:00-04:00,173.68439660777403,175.70121475883096,173.62507196166376,175.22666931152344,77486800
2016-05-17 00:00:00-04:00,174.95552656862571,175.24364163397829,173.0658010349655,173.59120178222656,114924900
2016-05-18 00:00:00-04:00,173.24374681139082,174.81992305361686,172.557349774201,173.64202880859375,120062100
2016-05-19 00:00:00-04:00,172.9217383836145,173.32848981268344,171.83705928583413,173.04037475585938,115430500
2016-05-20 00:00:00-04:00,173.65054750262146,174.65049394868106,173.59970517882817,174.13357543945312,104990400
2016-05-23 00:00:00-04:00,174.15046704320636,174.4301126786471,173.7098250695369,173.89625549316406,58682600
2016-05-24 00:00:00-04:00,174.7097869812184,176.46392454670195,174.68436582204296,176.15037536621094,93537800
2016-05-25 00:00:00-04:00,176.82832683808482,177.76047923422786,176.1503989981988,177.34524536132812,76621400
2016-05-26 00:00:00-04:00,177.48075714495775,177.70956044017424,177.08247519529638,177.39601135253906,55280700
2016-05-27 00:00:00-04:00,177.55705770486466,178.16719133268288,177.5062153909457,178.15872192382812,64211200
2016-05-31 00:00:00-04:00,178.42989685111044,178.54006382536642,177.2604718333041,177.81976318359375,109879400
2016-06-01 00:00:00-04:00,177.2096331469243,178.36210643913597,177.0147332834286,178.1841583251953,69936200
2016-06-02 00:00:00-04:00,177.78586458863467,178.74342502410155,177.31131907541297,178.7264862060547,63044700
2016-06-03 00:00:00-04:00,178.1671905374899,178.54005141175855,176.98929619217486,178.19261169433594,101757100
2016-06-06 00:00:00-04:00,178.54851283883448,179.45524382712608,178.38750356574386,179.09933471679688,64887000
2016-06-07 00:00:00-04:00,179.25184625873365,179.9382432647417,179.22642510520694,179.3789520263672,60974800
2016-06-08 00:00:00-04:00,179.51459018821174,180.09083333308234,179.38748438513582,179.96371459960938,66170900
2016-06-09 00:00:00-04:00,179.23489823755855,179.83656238777846,178.96373495084086,179.71792602539062,73786900
2016-06-10 00:00:00-04:00,178.34516695298538,178.6841243604403,177.47232641451623,178.01467895507812,113829200
2016-06-13 00:00:00-04:00,177.41304986309373,178.26892589137205,176.55717383481542,176.64190673828125,117751200
2016-06-14 00:00:00-04:00,176.2604972572832,176.88758252746695,175.34529696987707,176.2943878173828,125059300
2016-06-15 00:00:00-04:00,176.29441769806408,177.413000326839,175.86224509898022,176.04867553710938,109124500
2016-06-16 00:00:00-04:00,176.04869354899654,176.7435730586443,174.2182924766721,176.57408142089844,149533100
2016-06-17 00:00:00-04:00,176.4701927142474,176.4957460782021,175.26061916236992,175.91651916503906,117055700
2016-06-20 00:00:00-04:00,177.8756526087873,178.54857937058586,176.96420617446128,177.0493927001953,82789600
2016-06-21 00:00:00-04:00,177.4326570958626,177.9607770162531,176.98971068005758,177.55191040039062,72461700
2016-06-22 00:00:00-04:00,177.73087715194336,178.4549238079777,177.11757040739812,177.26239013671875,95560500
2016-06-23 00:00:00-04:00,178.71892654071584,179.62184645879435,178.2589531287725,179.57073974609375,102731400
2016-06-24 00:00:00-04:00,173.4547347208247,179.6048273711775,172.67958155075527,173.12252807617188,333444400
2016-06-27 00:00:00-04:00,171.71704230971076,171.72556876131333,169.2127090948055,170.02194213867188,230775800
2016-06-28 00:00:00-04:00,171.6233504543078,173.11402381972314,171.31669712780246,173.08847045898438,159382400
2016-06-29 00:00:00-04:00,174.48541454653184,176.26570103323945,174.38320112073447,176.0357208251953,137328600
2016-06-30 00:00:00-04:00,176.5042289771642,178.48894240865778,175.9505425669414,178.43783569335938,165021900
2016-07-01 00:00:00-04:00,178.43782218963668,179.29816182418008,178.27597560501414,178.8126220703125,106055300
2016-07-05 00:00:00-04:00,177.98640172520842,178.09714162296606,176.93016146096247,177.52642822265625,109803700
2016-07-06 00:00:00-04:00,177.03233631305994,178.71040933220064,176.3764365193641,178.59115600585938,96021500
2016-07-07 00:00:00-04:00,178.7700210654943,179.4344342805806,177.7137810813248,178.48040771484375,85593800
2016-07-08 00:00:00-04:00,179.77516827919834,181.38509461612574,179.5451750888838,181.1380615234375,133971000
2016-07-11 00:00:00-04:00,181.59805826929212,182.34765804487338,181.3936184220505,181.7769317626953,73633900
2016-07-12 00:00:00-04:00,182.73951473729417,183.39541464824282,181.80251486451039,183.09727478027344,101275600
2016-07-13 00:00:00-04:00,183.51458639369696,183.52309984415845,182.58611338565825,183.07164001464844,87324100
2016-07-14 00:00:00-04:00,184.3324092932635,184.56240254403048,183.70207571376685,184.09390258789062,91230900
2016-07-15 00:00:00-04:00,184.65606748793815,184.85198088781613,183.4039010235686,183.8468475341797,107155400
2016-07-18 00:00:00-04:00,183.96611194887564,184.50275846526557,183.71056536975473,184.34091186523438,58725900
2016-07-19 00:00:00-04:00,183.9235254473303,184.18758548966142,183.6765053102707,184.1535186767578,54345700
2016-07-20 00:00:00-04:00,184.1534935758465,185.1586268899919,184.1534935758465,184.9201202392578,58159500
2016-07-21 00:00:00-04:00,184.80938706527985,185.03085380551673,183.7786874330219,184.2216339111328,67777300
2016-07-22 00:00:00-04:00,184.34089084954488,185.0990040493372,184.07683084702495,185.0478973388672,62787500
2016-07-25 00:00:00-04:00,184.84348897979444,184.89459569896835,183.96612230693654,184.54534912109375,55873100
2016-07-26 00:00:00-04:00,184.44310848175783,184.98826840194747,183.78720868792976,184.63050842285156,70080500
2016-07-27 00:00:00-04:00,185.00536004205424,185.07350667583995,183.66800672458692,184.4346466064453,84083900
2016-07-28 00:00:00-04:00,184.23864234264187,184.9371352956895,183.77866900592056,184.64752197265625,65035700
2016-07-29 00:00:00-04:00,184.38350708685488,185.30345398524094,184.10240714659952,184.94569396972656,79519400
2016-08-01 00:00:00-04:00,185.00529642288348,185.39712318535925,184.34088321900114,184.79234313964844,73311400
2016-08-02 00:00:00-04:00,184.5453241214279,184.69865725581784,182.77356410776096,183.60833740234375,92295500
2016-08-03 00:00:00-04:00,183.548737525343,184.20463744599286,183.25061065060416,184.14500427246094,53993600
2016-08-04 00:00:00-04:00,184.25572533964777,184.65607861415472,182.5009920927308,184.34091186523438,46585500
2016-08-05 00:00:00-04:00,184.3408871172442,185.89118029320792,184.3408871172442,185.8485870361328,71892200
2016-08-08 00:00:00-04:00,186.0360266481112,186.1382530864224,185.47383972677943,185.73789978027344,39906500
2016-08-09 00:00:00-04:00,185.80600677669491,186.3426402234022,185.52490687716386,185.8485870361328,51251700
2016-08-10 00:00:00-04:00,185.95932408260404,186.0359841455934,185.03936433382066,185.38861083984375,57941100
2016-08-11 00:00:00-04:00,185.91674052230485,186.49598024514216,185.65268051536748,186.2489471435547,72504300
2016-08-12 00:00:00-04:00,185.9422775017856,186.30005044482607,185.68674396766605,186.08709716796875,61313500
2016-08-15 00:00:00-04:00,186.45341923045174,186.97302588150868,186.44490577630455,186.623779296875,49813500
2016-08-16 00:00:00-04:00,186.20636902959353,186.27450264705396,185.6612091064453,185.6612091064453,53213600
2016-08-17 00:00:00-04:00,185.69528553228906,186.14674550776292,184.86051219996892,186.0104522705078,75134300
2016-08-18 00:00:00-04:00,185.98487945182433,186.46189273466416,185.87415258107467,186.42782592773438,52989300
2016-08-19 00:00:00-04:00,185.95934477450407,186.33414467656135,185.47381799057598,186.15525817871094,75443000
2016-08-22 00:00:00-04:00,185.91673532345644,186.3767217077936,185.5504619041114,186.146728515625,61368800
2016-08-23 00:00:00-04:00,186.76009791143366,187.05823781639228,186.46195800647504,186.52159118652344,53399200
2016-08-24 00:00:00-04:00,186.3767707733863,186.47047076540858,185.15015742241846,185.5675506591797,71728900
2016-08-25 00:00:00-04:00,185.18419646592582,185.85713621615523,185.03087631886928,185.4397430419922,69224800
2016-08-26 00:00:00-04:00,185.62717700379397,186.64935049767715,184.2046501668467,185.0905303955078,122506300
2016-08-29 00:00:00-04:00,185.2182104744571,186.26593676671283,185.18413067768137,186.0018768310547,70502200
2016-08-30 00:00:00-04:00,185.9167640174861,186.19786396293492,185.14162380170342,185.69529724121094,58114500
2016-08-31 00:00:00-04:00,185.3630887083761,185.48234204788133,184.3920220873651,185.16717529296875,85269500
2016-09-01 00:00:00-04:00,185.1586345348241,185.46528781237726,184.01720794523555,185.17567443847656,97844200
2016-09-02 00:00:00-04:00,186.02749217457432,186.43635888870114,185.43973896184536,186.0104522705078,79293900
2016-09-06 00:00:00-04:00,186.2916081177802,186.64936822473558,185.57608790386942,186.5727081298828,56702100
2016-09-07 00:00:00-04:00,186.41081159095657,186.7345047905499,185.95083814731663,186.5556182861328,76554900
2016-09-08 00:00:00-04:00,186.22338441350036,186.49597085702842,185.8230311980916,186.1296844482422,74102900
2016-09-09 00:00:00-04:00,184.81793687935007,184.86904359887217,181.64919029258272,181.67474365234375,221589100
2016-09-12 00:00:00-04:00,180.91665064628367,184.6816643799165,180.84850401338392,184.28131103515625,168110900
2016-09-13 00:00:00-04:00,183.00351488487263,183.2675748541307,181.01027544179323,181.63209533691406,182828800
2016-09-14 00:00:00-04:00,181.68324870057552,182.88430854433517,181.01032192860217,181.56399536132812,134185500
2016-09-15 00:00:00-04:00,181.40215693605646,183.76167029972945,181.2232704331191,183.37835693359375,134427900
2016-09-16 00:00:00-04:00,182.76362212584925,182.94341221609312,181.98456657023831,182.66944885253906,155236400
2016-09-19 00:00:00-04:00,183.32009404201395,183.96218093967576,182.37836136679343,182.7036895751953,80250500
2016-09-20 00:00:00-04:00,183.55987049912048,183.71396513879625,182.67807189218635,182.71231079101562,69665300
2016-09-21 00:00:00-04:00,183.41427258495116,184.9467142769323,182.72937726175448,184.76693725585938,110284400
2016-09-22 00:00:00-04:00,185.77716455183224,186.23090496857742,185.52889666963492,185.93125915527344,76678700
2016-09-23 00:00:00-04:00,185.53742121688657,185.67440288302637,184.81828706458867,184.91246032714844,73630900
2016-09-26 00:00:00-04:00,184.08207611232544,184.2618531667787,183.21739054421255,183.414306640625,89827300
2016-09-27 00:00:00-04:00,183.2516479102736,184.6471082252483,182.8835112062276,184.55294799804688,78494800
2016-09-28 00:00:00-04:00,184.7754965742225,185.62305601942785,183.8166509448692,185.4689483642578,87411000
2016-09-29 00:00:00-04:00,185.26353650265202,185.66591215313227,183.24310179121994,183.791015625,128070600
2016-09-30 00:00:00-04:00,184.62141895723138,185.87991058216204,184.37315105327025,185.1779022216797,117202900
2016-10-03 00:00:00-04:00,184.7670400559648,184.95537363791888,184.0992572734226,184.7327880859375,83512100
2016-10-04 00:00:00-04:00,184.84404793411028,185.06663343857537,183.20030643277005,183.791015625,119948100
2016-10-05 00:00:00-04:00,184.4159777481273,185.03238240361438,184.3474868904848,184.6043243408203,72816000
2016-10-06 00:00:00-04:00,184.38177724130227,184.95537363791888,183.84243281471296,184.7327880859375,62927400
2016-10-07 00:00:00-04:00,185.00667607802794,185.1778966683796,183.37149135408836,184.09918212890625,89788300
2016-10-10 00:00:00-04:00,185.0580291748047,185.52032604567063,184.91249102910072,185.0580291748047,51855000
2016-10-11 00:00:00-04:00,184.63000405030357,184.6984949069336,181.99316485487475,182.72085571289062,130367400
2016-10-12 00:00:00-04:00,182.85779797705706,183.48277201024095,182.36124917108424,182.96054077148438,73866100
2016-10-13 00:00:00-04:00,181.63360671311602,182.85784654528132,180.8202989779291,182.36129760742188,101357000
2016-10-14 00:00:00-04:00,183.3372428027531,183.79955277491104,182.37839702834248,182.4554443359375,93346200
2016-10-17 00:00:00-04:00,182.42974969872841,182.68658710349447,181.64212457052741,181.82191467285156,58275700
2016-10-18 00:00:00-04:00,183.41428116838685,183.47420249045146,182.5838476729331,182.96054077148438,76869700
2016-10-19 00:00:00-04:00,183.2259466513188,183.75673438142863,182.86637950544184,183.4485321044922,66519200
2016-10-20 00:00:00-04:00,183.097540097914,183.6625798404998,182.44689658612387,183.10610961914062,73639800
2016-10-21 00:00:00-04:00,183.10609240583523,183.2773129914425,182.14723361250657,183.1916961669922,89089100
2016-10-24 00:00:00-04:00,184.06496797457876,184.33893140659717,183.6197839291966,183.97079467773438,60146600
2016-10-25 00:00:00-04:00,183.79096929824388,184.04780670068533,183.19169073474242,183.35435485839844,66542300
2016-10-26 00:00:00-04:00,182.532511363168,183.56840448294915,182.29278684752947,182.9862518310547,75705500
2016-10-27 00:00:00-04:00,183.70538728812593,183.73962618296824,182.42121318718085,182.49826049804688,77220200
2016-10-28 00:00:00-04:00,182.4725982624079,183.14892428259796,181.24835842102084,181.95892333984375,140623200
2016-10-31 00:00:00-04:00,182.2927681902188,182.51536670410897,181.8047888776386,181.9674530029297,61272500
2016-11-01 00:00:00-04:00,182.2927583487816,182.34413627764692,179.44190380314225,180.64901733398438,122781800
2016-11-02 00:00:00-04:00,180.34088447977118,180.72614724641807,179.1252009612941,179.56182861328125,103330800
2016-11-03 00:00:00-04:00,179.77580479671514,179.989833798208,178.4659483526424,178.73989868164062,88939300
2016-11-04 00:00:00-04:00,178.85124741387716,179.6902376740761,178.39750685026877,178.5430450439453,109122100
2016-11-07 00:00:00-05:00,178.54302887338312,182.51540735756313,178.54302887338312,182.4811553955078,109794900
2016-11-08 00:00:00-05:00,182.08732580286676,183.86804876461554,181.8219319159806,183.30300903320312,106772100
2016-11-09 00:00:00-05:00,181.8133351814696,185.86277292051915,181.78765274873078,185.24636840820312,258429000
2016-11-10 00:00:00-05:00,186.03403802709047,186.8987106173026,184.2533149055971,185.70870971679688,172113300
2016-11-11 00:00:00-05:00,184.98957855253008,185.52036638324668,184.33893498380345,185.28065490722656,100552700
2016-11-14 00:00:00-05:00,185.80284056294064,186.00831309038577,184.68133077679926,185.4261474609375,94580000
2016-11-15 00:00:00-05:00,185.81135185796845,186.87294006347656,185.60589244375282,186.87294006347656,91652600
2016-11-16 00:00:00-05:00,186.25657880926144,186.75312761404004,186.13672310212814,186.52197265625,65617700
2016-11-17 00:00:00-05:00,186.67612946469208,187.5408020750015,186.56483018473205,187.4808807373047,69797200
2016-11-18 00:00:00-05:00,187.5493021104357,187.72052266465573,186.881519741383,187.06130981445312,86265800
2016-11-21 00:00:00-05:00,187.63496313098892,188.49963568487826,187.4894249623122,188.4739532470703,72402600
2016-11-22 00:00:00-05:00,188.78215239591617,189.02186385363086,188.11438289752599,188.8420867919922,67429000
2016-11-23 00:00:00-05:00,188.32843477907736,188.99620435852816,188.13153171418705,188.94483947753906,56620200
2016-11-25 00:00:00-05:00,189.28728337550007,189.6810894836144,189.2102229949598,189.6468505859375,37872300
2016-11-28 00:00:00-05:00,189.33863545407894,189.61258580686132,188.65373997718095,188.7564697265625,76572500
2016-11-29 00:00:00-05:00,188.79073376013366,189.57835903678915,188.4910878875461,189.12461853027344,69886700
2016-11-30 00:00:00-05:00,189.74098234075745,189.90364646152315,188.61090301541208,188.67083740234375,113291800
2016-12-01 00:00:00-05:00,188.97048639352258,188.97048639352258,187.6178215074796,187.97740173339844,79040500
2016-12-02 00:00:00-05:00,188.06303777935497,188.55958672629782,187.7120270139356,188.07159423828125,74840300
2016-12-05 00:00:00-05:00,188.9019990580523,189.5440860882473,188.70509602651484,189.20164489746094,67837800
2016-12-06 00:00:00-05:00,189.3899865481813,189.8351705352663,188.91056366822536,189.80091857910156,59877400
2016-12-07 00:00:00-05:00,189.6468069632402,192.3435669528581,189.52695125399703,192.2836456298828,110738100
2016-12-08 00:00:00-05:00,192.2579960253395,193.22539832109896,191.99258906506745,192.75453186035156,99714400
2016-12-09 00:00:00-05:00,192.9771338845785,193.93597973954576,192.94288192501824,193.91885375976562,88005800
2016-12-12 00:00:00-05:00,193.8246554596792,194.30409138860358,193.27674174705902,193.6962432861328,102016100
2016-12-13 00:00:00-05:00,194.35546564979694,195.48553202149307,194.33833967139873,194.98898315429688,110477500
2016-12-14 00:00:00-05:00,194.68934251772694,195.39135084417444,192.94285856387455,193.37948608398438,142501800
2016-12-15 00:00:00-05:00,193.61921946002988,195.0318057935021,193.38806445632346,194.17568969726562,124972600
2016-12-16 00:00:00-05:00,194.6312573112015,194.6915449704416,193.47730315707153,193.79592895507812,156420200
2016-12-19 00:00:00-05:00,193.97675592107728,194.63985439307436,193.83035994627357,194.21788024902344,90341100
2016-12-20 00:00:00-05:00,194.75179627515462,195.11349590689724,194.51929197797907,194.9670867919922,89838800
2016-12-21 00:00:00-05:00,194.8379146533777,195.010144436063,194.424560546875,194.424560546875,67909000
2016-12-22 00:00:00-05:00,194.27824767763622,194.39880989111575,193.69265039766722,194.0887908935547,56219100
2016-12-23 00:00:00-05:00,194.13181778074988,194.38156221506125,193.94237415718536,194.37295532226562,36697800
2016-12-27 00:00:00-05:00,194.63984255262181,195.25126022547312,194.62261563301922,194.85513305664062,42672500
2016-12-28 00:00:00-05:00,195.11348411321208,195.13069789250957,193.13280884997076,193.2447509765625,64095000
2016-12-29 00:00:00-05:00,193.31364806068328,193.66672764527488,192.76250488924578,193.2017059326172,48696100
2016-12-30 00:00:00-05:00,193.52895156569957,193.61507303026372,191.80662739674145,192.4955596923828,108998300
2017-01-03 00:00:00-05:00,193.79591197608372,194.476237389342,192.79697393302524,193.96815490722656,91366500
2017-01-04 00:00:00-05:00,194.2953794720281,195.26849680321703,194.28677258194588,195.12210083007812,78744400
2017-01-05 00:00:00-05:00,194.85514465863406,195.12210279706622,194.17481926686474,194.9670867919922,78379000
2017-01-06 00:00:00-05:00,195.07904528556946,196.12966407630134,194.5365089692909,195.66464233398438,71559900
2017-01-09 00:00:00-05:00,195.40622745786126,195.54401649971769,194.98425344478338,195.01870727539062,46939700
2017-01-10 00:00:00-05:00,195.03592105040798,195.8712490487688,194.6311739526337,195.01870727539062,63771900
2017-01-11 00:00:00-05:00,194.93268151291917,195.5699462890625,194.26958292128418,195.5699462890625,74650000
2017-01-12 00:00:00-05:00,195.0531762032134,195.2684666846739,193.72699261914352,195.07901000976562,72113200
2017-01-13 00:00:00-05:00,195.2512620548958,195.82823903423753,195.2168213556575,195.52684020996094,62717900
2017-01-17 00:00:00-05:00,194.88958876507553,195.2943359950259,194.4504008335571,194.83792114257812,61240800
2017-01-18 00:00:00-05:00,195.08764384121375,195.31155438264042,194.53650065817047,195.26849365234375,54793300
2017-01-19 00:00:00-05:00,195.34600995331297,195.48379904463542,194.11455444288248,194.54513549804688,66608800
2017-01-20 00:00:00-05:00,195.22541859869793,195.7507279330802,194.59677403141717,195.25987243652344,129168600
2017-01-23 00:00:00-05:00,195.2599267517825,195.3202012743101,193.99401723548334,194.7518310546875,75061600
2017-01-24 00:00:00-05:00,194.96709848500868,196.41385767787654,194.85515634493692,196.00050354003906,95555300
2017-01-25 00:00:00-05:00,196.94774059731128,197.69696044921875,196.78411771999484,197.69696044921875,84437700
2017-01-26 00:00:00-05:00,197.55058518442826,197.8175564796249,197.21473248304858,197.4903106689453,59970700
2017-01-27 00:00:00-05:00,197.56781818965763,197.71421417781394,196.99944801896262,197.1802978515625,59711100
2017-01-30 00:00:00-05:00,196.49132894663734,196.51716275501758,194.97568858040952,195.95741271972656,79737300
2017-01-31 00:00:00-05:00,195.46657427051073,196.00050372017813,194.898217258071,195.94021606445312,75880800
2017-02-01 00:00:00-05:00,195.9401682595318,196.8529977813524,195.43208588648642,196.01766967773438,79117700
2017-02-02 00:00:00-05:00,196.0177446598415,196.4311119956221,195.3288253807931,196.1469268798828,69657600
2017-02-03 00:00:00-05:00,197.0511370106404,197.67978172491428,196.74111809916565,197.49893188476562,80563200
2017-02-06 00:00:00-05:00,197.09413011524674,197.49027039160933,196.80994509660826,197.1457977294922,57790100
2017-02-07 00:00:00-05:00,197.53336288200782,197.7744872141205,196.964992753332,197.15444946289062,57931200
2017-02-08 00:00:00-05:00,197.15441429595157,197.54193453627462,196.61187807532636,197.4127655029297,51566200
2017-02-09 00:00:00-05:00,197.4128034001183,198.8853832240936,197.4128034001183,198.583984375,65955200
2017-02-10 00:00:00-05:00,198.92842684589928,199.59152528133336,198.60118107303498,199.36761474609375,66015900
2017-02-13 00:00:00-05:00,199.8584786124461,200.7110337232728,199.8326448036595,200.4526824951172,55182100
2017-02-14 00:00:00-05:00,200.27186151936579,201.26220584645884,199.92740192577156,201.2535858154297,71109000
2017-02-15 00:00:00-05:00,201.03827471556946,202.49364065914128,200.98660709584573,202.30418395996094,86785800
2017-02-16 00:00:00-05:00,202.33003687434092,202.51088670074023,201.38276642928537,202.13197326660156,84722400
2017-02-17 00:00:00-05:00,201.4688526018663,202.45057678222656,201.45162568212956,202.45057678222656,77204100
2017-02-21 00:00:00-05:00,202.82093682495986,203.82849508075225,202.81231679267117,203.65626525878906,88946100
2017-02-22 00:00:00-05:00,203.25145966534637,203.69925444598178,203.0878367822995,203.47535705566406,62115200
2017-02-23 00:00:00-05:00,203.99205730062485,204.00927107949298,202.85531716144558,203.61314392089844,74615900
2017-02-24 00:00:00-05:00,202.76924973175792,203.91458385102231,202.72618899532657,203.8715362548828,82381600
2017-02-27 00:00:00-05:00,203.7854077732879,204.36238482880697,203.53567653504197,204.19015502929688,56515400
2017-02-28 00:00:00-05:00,203.8112831793848,204.05240757596513,203.25153293167202,203.63905334472656,96961900
2017-03-01 00:00:00-05:00,205.29236548016343,206.9544146235749,205.27513856450534,206.4893798828125,149158200
2017-03-02 00:00:00-05:00,206.29993416119558,206.3085541896246,205.13737352827027,205.1890411376953,70246000
2017-03-03 00:00:00-05:00,205.10297729567483,205.4818907249212,204.7240638664285,205.31826782226562,81974300
2017-03-06 00:00:00-05:00,204.52599832218158,205.0599146181717,204.10402416355956,204.70684814453125,55391500
2017-03-07 00:00:00-05:00,204.40543208279615,204.75851168969493,203.88872957805205,204.0954132080078,65103700
2017-03-08 00:00:00-05:00,204.38819704453468,204.6465482866462,203.57870261805394,203.71649169921875,78168800
2017-03-09 00:00:00-05:00,203.83709492427994,204.30212988182257,203.01038655132612,203.97488403320312,90683900
2017-03-10 00:00:00-05:00,204.93074530765566,204.97380604057082,203.74233740870923,204.6896209716797,81991700
2017-03-13 00:00:00-04:00,204.62936108568235,204.83604474754756,204.30212837976146,204.79298400878906,57256800
2017-03-14 00:00:00-04:00,204.2504474886715,204.3021282593268,203.39790530710178,204.0093231201172,59880800
2017-03-15 00:00:00-04:00,204.57768905340063,206.1966781857777,204.34517158134187,205.7747039794922,96081800
2017-03-16 00:00:00-04:00,205.91245511123034,205.9899565408601,205.04268618470874,205.3699188232422,78344000
2017-03-17 00:00:00-04:00,205.6320125701059,205.82229351135118,205.00927734375,205.00927734375,89002100
2017-03-20 00:00:00-04:00,205.0092953250212,205.29471676192333,204.39521757687982,204.784423828125,52537000
2017-03-21 00:00:00-04:00,205.38982235241298,205.51090901439778,202.02532881856098,202.15505981445312,131809300
2017-03-22 00:00:00-04:00,202.18969967752707,202.9162197792694,201.56696439104547,202.63079833984375,97569200
2017-03-23 00:00:00-04:00,202.63077792289533,203.54757889187846,202.04264643239952,202.41455078125,100410300
2017-03-24 00:00:00-04:00,202.71722735977934,203.28805685215687,201.48905906185442,202.26747131347656,112504900
2017-03-27 00:00:00-04:00,200.5982389240359,202.3194117347293,200.32147504346014,202.0599365234375,87454500
2017-03-28 00:00:00-04:00,201.75717813101937,203.95403957267877,201.64473582031033,203.53024291992188,93483900
2017-03-29 00:00:00-04:00,203.24483095448198,203.95404898429783,203.01994632268642,203.72052001953125,61950400
2017-03-30 00:00:00-04:00,203.65999883500942,204.5681553695538,203.48701978020478,204.3692169189453,56737900
2017-03-31 00:00:00-04:00,204.03193003110582,204.55952479613492,203.84164908650794,203.8935546875,73733100
2017-04-03 00:00:00-04:00,203.94541794497783,204.14434319591695,202.3107414799695,203.53890991210938,85546500
2017-04-04 00:00:00-04:00,203.25350299956253,203.75515152683073,202.8729411376724,203.6686553955078,56466200
2017-04-05 00:00:00-04:00,204.34327805151034,205.32062888253068,202.85563437139967,203.06321716308594,108800600
2017-04-06 00:00:00-04:00,203.20156378227185,204.15295502034064,202.7604520905961,203.63401794433594,69135800
2017-04-07 00:00:00-04:00,203.38323508840378,204.11841261621606,202.94213649019045,203.42648315429688,74412300
2017-04-10 00:00:00-04:00,203.56489403083373,204.34330651252617,203.01999737517406,203.54759216308594,67615300
2017-04-11 00:00:00-04:00,203.1670161256462,203.40918946743707,201.81776087925203,203.30540466308594,88045300
2017-04-12 00:00:00-04:00,203.02864167040403,203.21892261084852,202.18967930502347,202.41455078125,81864400
2017-04-13 00:00:00-04:00,202.07725025970024,202.81242786863328,201.0998992919922,201.0998992919922,92880400
2017-04-17 00:00:00-04:00,201.61881958860167,202.881591796875,201.41989433024537,202.881591796875,68405400
2017-04-18 00:00:00-04:00,202.1464378130178,202.81242112623795,201.59289684029733,202.2761688232422,83225800
2017-04-19 00:00:00-04:00,202.83836923217876,203.21027359661804,201.67938167431168,201.90426635742188,68699900
2017-04-20 00:00:00-04:00,202.5183487901547,203.98870400717547,202.19833682284133,203.54759216308594,92572200
2017-04-21 00:00:00-04:00,203.46970747536926,203.52159986940245,202.5010142602025,202.89886474609375,110389800
2017-04-24 00:00:00-04:00,205.13900016923373,205.33793863462017,202.87294402881207,205.13035583496094,119209900
2017-04-25 00:00:00-04:00,205.7703726936147,206.66987167555047,205.68387656955395,206.32391357421875,76698300
2017-04-26 00:00:00-04:00,206.28930854770627,207.17151885724383,206.15093322651757,206.1941680908203,84702500
2017-04-27 00:00:00-04:00,206.5142356410269,206.66991285841107,205.83095043817428,206.36720275878906,57410300
2017-04-28 00:00:00-04:00,206.62666817107635,206.65261437439855,205.78770573710236,205.91744995117188,63532800
2017-05-01 00:00:00-04:00,206.4363555908203,206.8601655092565,206.02120320380425,206.4363555908203,66882500
2017-05-02 00:00:00-04:00,206.5747121383258,206.6957987823536,206.1076674249198,206.51417541503906,57375700
2017-05-03 00:00:00-04:00,206.51416698954247,206.60930743435804,205.588708735659,206.26333618164062,73137700
2017-05-04 00:00:00-04:00,206.56604307755512,206.64388165422895,205.65788675733535,206.5054931640625,61462700
2017-05-05 00:00:00-04:00,206.87747439671105,207.33587486401794,206.43636259791836,207.31857299804688,62001300
2017-05-08 00:00:00-04:00,207.3618046589795,207.50883751445906,206.8601561651609,207.28396606445312,48385700
2017-05-09 00:00:00-04:00,207.54342977867722,207.74235501951878,206.74770242040077,207.0936737060547,51363200
2017-05-10 00:00:00-04:00,207.05043905844082,207.46559143066406,206.8428562736012,207.46559143066406,54293800
2017-05-11 00:00:00-04:00,207.0158476249322,207.20612854417598,205.9606582354735,207.0417938232422,62358300
2017-05-12 00:00:00-04:00,206.79098702830493,207.0850527749916,206.42772701225834,206.6958465576172,53912700
2017-05-15 00:00:00-04:00,207.11964874350585,207.9586110815385,207.10234687745015,207.8375244140625,61918900
2017-05-16 00:00:00-04:00,208.1316092876825,208.15755549042336,207.25805633467112,207.6472625732422,51241800
2017-05-17 00:00:00-04:00,207.64724366280345,207.64724366280345,203.90218810458956,203.96273803710938,172174100
2017-05-18 00:00:00-04:00,203.8849114456229,205.63203060599696,203.62543621230657,204.784423828125,107047700
2017-05-19 00:00:00-04:00,205.2686960201495,206.78228560117083,205.21680363182136,206.11630249023438,115011400
2017-05-22 00:00:00-04:00,206.6266353290807,207.32722229980186,206.55745426285634,207.1628875732422,61010600
2017-05-23 00:00:00-04:00,207.53478073115593,207.78561157318967,207.15421890010862,207.62127685546875,48341700
2017-05-24 00:00:00-04:00,207.85480369589155,208.2094061280343,207.51747673301352,208.10562133789062,46927700
2017-05-25 00:00:00-04:00,208.61590365124414,209.37702726719854,208.40833408140554,209.10025024414062,64071700
2017-05-26 00:00:00-04:00,208.91000654420898,209.22137415187208,208.8321679416575,209.0570526123047,46629900
2017-05-30 00:00:00-04:00,208.7369777077566,209.1261838251806,208.58130053976862,208.8753662109375,35201900
2017-05-31 00:00:00-04:00,209.1694902615477,209.2040939957279,208.13160259292346,208.8235321044922,91796000
2017-06-01 00:00:00-04:00,209.28189341336648,210.50141746443626,208.9964720483849,210.48411560058594,68962000
2017-06-02 00:00:00-04:00,210.5359958403654,211.34036749477772,210.2419301591628,211.18467712402344,88666100
2017-06-05 00:00:00-04:00,211.01170509458183,211.29712645256342,210.83006852224628,211.0290069580078,44698800
2017-06-06 00:00:00-04:00,210.466814497772,211.0203553658864,210.27653358709625,210.35438537597656,50375400
2017-06-07 00:00:00-04:00,210.6917141693969,210.96847802447388,210.025730934513,210.7436065673828,54144300
2017-06-08 00:00:00-04:00,210.83875251651543,211.32309917359729,210.3198021282382,210.84739685058594,65950700
2017-06-09 00:00:00-04:00,211.11547509073324,211.91118918567153,209.26457175746387,210.52734375,132256400
2017-06-12 00:00:00-04:00,210.2851903574007,210.53600799468163,209.63650903629403,210.48411560058594,86108100
2017-06-13 00:00:00-04:00,211.02034731862815,211.56524383273413,210.6743892382955,211.5133514404297,60067000
2017-06-14 00:00:00-04:00,211.7815547477338,211.79019908405402,210.4236416902333,211.2453155517578,78602300
2017-06-15 00:00:00-04:00,209.89600002888105,210.9598470447608,209.61923615628442,210.83876037597656,66464900
2017-06-16 00:00:00-04:00,210.99783260155976,211.04997806682266,210.00702897611282,210.8848419189453,84553100
2017-06-19 00:00:00-04:00,211.71048558799038,212.7012891020136,211.61488115848746,212.6404571533203,65123800
2017-06-20 00:00:00-04:00,212.28417318000746,212.29285967179868,211.18907843243318,211.20645141601562,56906400
2017-06-21 00:00:00-04:00,211.59751403942832,211.7104914506489,210.684928689232,211.1542510986328,55977600
2017-06-22 00:00:00-04:00,211.16289790735053,211.65829292296755,210.8847711701662,211.05859375,44148100
2017-06-23 00:00:00-04:00,211.11944486480266,211.64091261892133,210.7370272213611,211.31065368652344,66986800
2017-06-26 00:00:00-04:00,211.97990513698605,212.39709532104865,211.24115571861205,211.44973754882812,56700500
2017-06-27 00:00:00-04:00,211.23249094792286,211.5280040260247,209.7289058715889,209.7462921142578,82247700
2017-06-28 00:00:00-04:00,210.76311067350048,211.82344573453494,210.52844287820562,211.62355041503906,70042600
2017-06-29 00:00:00-04:00,211.77132102248703,211.82346647947858,208.55555631046235,209.76364135742188,106949700
2017-06-30 00:00:00-04:00,210.57193157446784,210.94566280210128,209.96354578022047,210.15475463867188,86820700
2017-07-03 00:00:00-04:00,211.0934061863297,211.52796934909023,210.51109313964844,210.51109313964844,39153800
2017-07-05 00:00:00-04:00,210.8761255787128,211.20638456590143,210.06783119610182,210.997802734375,54427600
2017-07-06 00:00:00-04:00,210.23293954349657,210.35461668308216,208.88579125834767,209.0683135986328,65400800
2017-07-07 00:00:00-04:00,209.64197067450192,210.57192896378987,209.0770305954212,210.42417907714844,57972300
2017-07-10 00:00:00-04:00,210.42419365296854,211.02389299205186,210.11999410763698,210.65016174316406,36663300
2017-07-11 00:00:00-04:00,210.65014975664388,210.80659939619719,209.3290872496961,210.49371337890625,50354600
2017-07-12 00:00:00-04:00,211.45848910877328,212.24069768736183,211.45848910877328,212.0755615234375,59610400
2017-07-13 00:00:00-04:00,212.08422425743714,212.54486018070784,211.85824290969333,212.43186950683594,39471600
2017-07-14 00:00:00-04:00,212.4318497416446,213.77899816590127,212.3362453176828,213.4226531982422,60262700
2017-07-17 00:00:00-04:00,213.34450674777005,213.72692457219998,213.22282955470774,213.3966522216797,33531900
2017-07-18 00:00:00-04:00,212.988101404327,213.56172797868854,212.64914265798896,213.50958251953125,42742500
2017-07-19 00:00:00-04:00,213.8224585033008,214.6741985738077,213.81375875263902,214.66551208496094,51034300
2017-07-20 00:00:00-04:00,214.91756003256464,215.03923718954388,214.21356981991232,214.76112365722656,47135200
2017-07-21 00:00:00-04:00,214.1874828271371,214.59597324018205,213.9615015064993,214.5699005126953,82340800
2017-07-24 00:00:00-04:00,214.4916752404168,214.65681136046095,214.04842559857326,214.51776123046875,46622300
2017-07-25 00:00:00-04:00,215.26521368818368,215.36951787097334,214.81327752275382,215.03924560546875,54915600
2017-07-26 00:00:00-04:00,215.32603937745765,215.36079859402545,214.7871853188609,215.04791259765625,47575400
2017-07-27 00:00:00-04:00,215.50856694803846,215.54332616544713,213.52694674855073,214.8480224609375,70766600
2017-07-28 00:00:00-04:00,214.36998121506053,214.72632615533806,213.91804511998137,214.59596252441406,50088400
2017-07-31 00:00:00-04:00,214.9957873263703,215.09139175817583,214.26572435357318,214.4743194580078,65838700
2017-08-01 00:00:00-04:00,215.07402396682556,215.10878318749505,214.430865659001,214.9523468017578,55050400
2017-08-02 00:00:00-04:00,215.08269809566875,215.1956887645296,214.1266538094975,215.05662536621094,47211200
2017-08-03 00:00:00-04:00,214.9436210594324,214.9696937872359,214.36130803546263,214.63943481445312,40856000
2017-08-04 00:00:00-04:00,215.12615252230128,215.36080708246598,214.6481303893106,215.03054809570312,60191800
2017-08-07 00:00:00-04:00,215.10009986913212,215.43035888671875,214.99579568195313,215.43035888671875,31995000
2017-08-08 00:00:00-04:00,215.11748913836746,216.3342741609409,214.52648950080535,214.90020751953125,61719400
2017-08-09 00:00:00-04:00,214.2135164014434,214.94357916126282,213.85717150850337,214.8914337158203,62632600
2017-08-10 00:00:00-04:00,214.05710373969825,214.18748063761373,211.80606987759083,211.85821533203125,120479500
2017-08-11 00:00:00-04:00,212.0842073860186,212.76212485168887,211.84953956734344,212.17111206054688,74869900
2017-08-14 00:00:00-04:00,213.4487314454998,214.491680385441,213.4139722276217,214.27439880371094,73291900
2017-08-15 00:00:00-04:00,214.65679667125985,214.67418290949976,213.9441200451935,214.24830627441406,55242700
2017-08-16 00:00:00-04:00,214.76977439774194,215.16957828230625,214.19614792668534,214.6220245361328,56715500
2017-08-17 00:00:00-04:00,214.013680686834,214.32656670840692,211.2759246826172,211.2759246826172,128490400
2017-08-18 00:00:00-04:00,211.1107405074695,212.23192068870688,210.5023548433704,210.94561767578125,136748000
2017-08-21 00:00:00-04:00,210.8848412235054,211.3715499134438,210.18085092114322,211.11080932617188,65469700
2017-08-22 00:00:00-04:00,211.6930974516388,213.47479574199497,211.6757112124789,213.318359375,63140100
2017-08-23 00:00:00-04:00,212.35364773887312,212.97941978670568,212.205897847276,212.5535430908203,50203800
2017-08-24 00:00:00-04:00,212.93596411886358,213.09240050234038,211.8495561386653,212.0581512451172,50741700
2017-08-25 00:00:00-04:00,212.8490428740146,213.46612843239413,212.40579319922318,212.5535430908203,64445900
2017-08-28 00:00:00-04:00,213.08367786795816,213.10975059411498,212.14501994087084,212.5622100830078,40565600
2017-08-29 00:00:00-04:00,211.24984420711982,213.0663150587926,211.1368535401398,212.8055877685547,51135700
2017-08-30 00:00:00-04:00,212.78818857668327,214.08319150724105,212.60566622281107,213.81375122070312,62030800
2017-08-31 00:00:00-04:00,214.4308209805419,215.34340615931342,213.84850800748916,215.1000518798828,103803900
2017-09-01 00:00:00-04:00,215.47376752778257,215.83011245528897,215.2564859761538,215.40423583984375,62007000
2017-09-05 00:00:00-04:00,214.9001417922281,215.12612309426453,212.8924623701218,213.85719299316406,91398800
2017-09-06 00:00:00-04:00,214.5352263473023,214.91764420810654,214.00505854242752,214.58737182617188,57916900
2017-09-07 00:00:00-04:00,214.89145995468658,214.90884619256107,214.15269735588026,214.56118774414062,58034700
2017-09-08 00:00:00-04:00,214.27438584760446,214.76979418966545,214.06580402931732,214.3091583251953,63832800
2017-09-11 00:00:00-04:00,215.57812682484715,216.67323468005944,215.56075384371064,216.5950164794922,71364800
2017-09-12 00:00:00-04:00,216.95999602215846,217.3597866815819,216.7774736694203,217.3250274658203,56896000
2017-09-13 00:00:00-04:00,217.03818665019978,217.46406324464596,216.92519600514385,217.42929077148438,59228000
2017-09-14 00:00:00-04:00,217.10773096159318,217.5596803062893,216.93390837111423,217.35977172851562,95446300
2017-09-15 00:00:00-04:00,217.21566977959978,217.7397254791433,217.11086130521687,217.6523895263672,95432400
2017-09-18 00:00:00-04:00,218.01923179186971,218.4646811341499,217.7309951606429,218.1153106689453,46235200
2017-09-19 00:00:00-04:00,218.35991184000716,218.4210590125854,218.0105413121157,218.33370971679688,47108100
2017-09-20 00:00:00-04:00,218.4211117026808,218.52592022080512,217.41664786932944,218.41236877441406,59574100
2017-09-21 00:00:00-04:00,218.25506228819327,218.3423982399205,217.6523869124714,217.8270721435547,48211400
2017-09-22 00:00:00-04:00,217.53014764359605,218.03674424025084,217.50394552028905,217.87078857421875,51214000
2017-09-25 00:00:00-04:00,217.61749654587692,217.9668804234547,216.6829229945747,217.4253387451172,57064400
2017-09-26 00:00:00-04:00,217.85330171224217,218.09786373210036,217.32050302734459,217.55633544921875,54082000
2017-09-27 00:00:00-04:00,218.25508132737005,218.78787999161077,217.37289884285593,218.403564453125,81001400
2017-09-28 00:00:00-04:00,218.1240924786589,218.7442405296163,218.03675650526645,218.66563415527344,44778800
2017-09-29 00:00:00-04:00,218.65685867643668,219.51283905062218,218.4734438302756,219.43421936035156,85578000
2017-10-02 00:00:00-04:00,219.66136543656245,220.38632202148438,219.4866668261174,220.38632202148438,59023000
2017-10-03 00:00:00-04:00,220.38624346921534,220.8840970141619,220.3076237914844,220.85789489746094,66810200
2017-10-04 00:00:00-04:00,220.70946216621985,221.3645418885094,220.5959107495144,221.11997985839844,55953600
2017-10-05 00:00:00-04:00,221.45185340602157,222.44757394086622,221.15488716333428,222.43011474609375,63522800
2017-10-06 00:00:00-04:00,221.98469156749644,222.46508606184125,221.72267032297378,222.17684936523438,80646000
2017-10-09 00:00:00-04:00,222.40389755498163,222.46503138780173,221.54791727447073,221.80995178222656,35803100
2017-10-10 00:00:00-04:00,222.37771292417833,222.77075805290576,221.83617134486326,222.39517211914062,43057400
2017-10-11 00:00:00-04:00,222.29908992244182,222.7445526123047,222.13314760699538,222.7445526123047,47674300
2017-10-12 00:00:00-04:00,222.43010069512647,222.77947115532052,222.17679578300132,222.41262817382812,47065100
2017-10-13 00:00:00-04:00,222.84936629148,222.96291769784074,222.41264651640637,222.68341064453125,54800400
2017-10-16 00:00:00-04:00,222.91051376147277,223.17253496477068,222.56987286955564,222.98037719726562,38221700
2017-10-17 00:00:00-04:00,222.9279734690156,223.18127840295898,222.70961358067885,223.13760375976562,31561000
2017-10-18 00:00:00-04:00,223.5131697489327,223.5568443908322,223.1637992689959,223.35595703125,40888300
2017-10-19 00:00:00-04:00,222.5786196871285,223.45205930604234,222.15937240178653,223.4171142578125,61903800
2017-10-20 00:00:00-04:00,224.21198153918792,224.5962971394155,223.39967568822829,224.570068359375,89176400
2017-10-23 00:00:00-04:00,224.89324417338113,224.9194462959128,223.61800312947534,223.6966094970703,63915300
2017-10-24 00:00:00-04:00,224.12462095301717,224.32549501443242,223.73156244590075,224.0896759033203,66935900
2017-10-25 00:00:00-04:00,223.75773786485246,223.87128927136814,221.85364604019503,222.98037719726562,103715300
2017-10-26 00:00:00-04:00,223.59178214127675,223.86253292591013,223.14631946711546,223.2686004638672,69798000
2017-10-27 00:00:00-04:00,224.01107480102058,225.25137086942868,223.27738867171036,225.09413146972656,85562500
2017-10-30 00:00:00-04:00,224.01105321483814,224.99804421858872,223.95864897174172,224.255615234375,54285700
2017-10-31 00:00:00-04:00,224.63118258968325,224.858285407945,224.30801421308635,224.60498046875,60304800
2017-11-01 00:00:00-04:00,225.38238536234172,225.72301298114465,224.53514779573626,224.9019775390625,54202700
2017-11-02 00:00:00-04:00,224.83209085797372,225.12905712363738,223.76649347870475,224.9893035888672,56449500
2017-11-03 00:00:00-04:00,225.14648888383707,225.7841093106653,224.7359712552437,225.74044799804688,59589700
2017-11-06 00:00:00-05:00,225.60940552844747,226.22082382250312,225.53954209882326,226.08981323242188,49652600
2017-11-07 00:00:00-05:00,226.1946383869873,226.5265496765108,225.4260073281454,225.9326171875,57502200
2017-11-08 00:00:00-05:00,225.75796800014018,226.41304779741046,225.47846088937456,226.31695556640625,50469600
2017-11-09 00:00:00-05:00,225.11159509256848,225.68806842051265,223.91496046403017,225.49591064453125,95085500
2017-11-10 00:00:00-05:00,225.11158468854057,225.6007087038398,224.79713258998552,225.42601013183594,59984700
2017-11-13 00:00:00-05:00,224.74476699576226,225.8627687451596,224.7098219443005,225.6356658935547,50228600
2017-11-14 00:00:00-05:00,224.8320804677906,225.21639600683287,224.05470646441782,225.11158752441406,61315200
2017-11-15 00:00:00-05:00,224.14207601909382,224.66614513383567,223.27737930569037,223.98486328125,80811500
2017-11-16 00:00:00-05:00,224.92818802377593,226.25583346300692,224.8845266997023,225.88897705078125,67777000
2017-11-17 00:00:00-05:00,225.5395802985394,225.86274869389405,225.1465218064658,225.22512817382812,75756800
2017-11-20 00:00:00-05:00,225.4697091570141,225.80159381167795,225.22512048211286,225.60943603515625,48075500
2017-11-21 00:00:00-05:00,226.3781177112362,227.26904335379507,225.5745680337416,227.08560180664062,69176800
2017-11-22 00:00:00-05:00,227.09426049623252,227.22527108469816,226.718687924212,226.8846435546875,45033400
2017-11-24 00:00:00-05:00,227.3738035315452,227.5135570664607,227.23404999662972,227.40872192382812,27856500
2017-11-27 00:00:00-05:00,227.4524856105377,227.74945197536312,227.0943720559709,227.29527282714844,52274900
2017-11-28 00:00:00-05:00,227.7580990977113,229.62724582071488,227.66200688921438,229.60104370117188,98971700
2017-11-29 00:00:00-05:00,229.73208312406396,230.26489516197006,229.01588288160568,229.46131896972656,77512100
2017-11-30 00:00:00-05:00,230.3784306347225,232.37858806797493,230.29982427167096,231.47023010253906,127894400
2017-12-01 00:00:00-05:00,231.25193135757561,231.73231258833513,227.7581721367282,230.98988342285156,164390900
2017-12-04 00:00:00-05:00,232.60575289684377,233.033729872638,230.65797253111054,230.7104034423828,94040600
2017-12-05 00:00:00-05:00,229.88058471679688,231.59251897552159,229.74957409972203,229.88058471679688,77994500
2017-12-06 00:00:00-05:00,229.9766138332505,230.35221308301692,229.46128771759268,229.92420959472656,75898600
2017-12-07 00:00:00-05:00,230.6492462158203,230.96367173815798,229.66225501192756,230.6492462158203,77218600
2017-12-08 00:00:00-05:00,231.60127319694897,231.91569869326315,230.61428207474475,231.906982421875,76563900
2017-12-11 00:00:00-05:00,232.605712890625,232.66686006386954,231.88076970373237,232.605712890625,83077500
2017-12-12 00:00:00-05:00,233.39177744765638,233.48786966002598,232.64063222031234,233.01620483398438,85195800
2017-12-13 00:00:00-05:00,233.26080018071406,233.6975200232834,232.90268671117553,232.9900360107422,102905400
2017-12-14 00:00:00-05:00,233.28696073833632,233.40051214201415,231.98554436904854,232.03794860839844,100666700
2017-12-15 00:00:00-05:00,233.03968429670263,234.43554878182445,232.9870121871894,233.9702606201172,144610300
2017-12-18 00:00:00-05:00,235.36606166584681,235.80501365448455,235.26071747521428,235.453857421875,83653600
2017-12-19 00:00:00-05:00,235.6997196702818,235.74360416189214,234.4794200220112,234.54966735839844,82382900
2017-12-20 00:00:00-05:00,235.51533511923463,235.5680072245659,234.1282583596644,234.42674255371094,76751500
2017-12-21 00:00:00-05:00,235.05004429245363,235.6207034128294,234.66376433012604,234.90957641601562,67032300
2017-12-22 00:00:00-05:00,234.92709163299972,234.96221529101388,234.3125481795073,234.84808349609375,78720900
2017-12-26 00:00:00-05:00,234.4442802725395,234.78667573304617,234.30383919241618,234.56719970703125,45244400
2017-12-27 00:00:00-05:00,234.73400755302202,235.04127935287949,234.40918731573265,234.68133544921875,57751000
2017-12-28 00:00:00-05:00,235.1817292803327,235.20806533022463,234.795449354247,235.16415405273438,45116100
2017-12-29 00:00:00-05:00,235.7435927507426,235.76114118823554,234.08436789215662,234.27748107910156,96007400
2018-01-02 00:00:00-05:00,235.13784025255728,235.9894083349834,234.7515602899202,235.95428466796875,86655700
2018-01-03 00:00:00-05:00,236.12107258166156,237.59597178965154,236.12107258166156,237.44671630859375,90070400
2018-01-04 00:00:00-05:00,238.0876536192369,238.93043423408284,237.5082335741826,238.44757080078125,80636400
2018-01-05 00:00:00-05:00,239.23778574586728,240.15957483855448,238.74616132423122,240.03668212890625,83524000
2018-01-08 00:00:00-05:00,239.93998942067273,240.63354122486592,239.6502928293821,240.47552490234375,57319200
2018-01-09 00:00:00-05:00,240.89679496477285,241.64301854564746,240.6158593216087,241.01971435546875,57254000
2018-01-10 00:00:00-05:00,240.26482777626626,240.91449513696924,239.5976387670871,240.65110778808594,69574300
2018-01-11 00:00:00-05:00,241.20416646404138,242.40689086914062,241.0373625313552,242.40689086914062,62361500
2018-01-12 00:00:00-05:00,242.67031094880144,244.15394452208946,242.37179991942867,243.98716735839844,90816100
2018-01-16 00:00:00-05:00,245.24249201477997,245.892132412774,242.4595244982165,243.153076171875,106555100
2018-01-17 00:00:00-05:00,244.08368740476362,245.85704412576092,243.1531111580364,245.47076416015625,113258800
2018-01-18 00:00:00-05:00,245.35666596416098,245.77804281728476,244.56653078153596,245.0581817626953,100728000
2018-01-19 00:00:00-05:00,245.63756026225914,246.173095703125,245.05816712382477,246.173095703125,140920100
2018-01-22 00:00:00-05:00,245.96244980743063,248.1747589111328,245.90975090331943,248.1747589111328,91322400
2018-01-23 00:00:00-05:00,248.21859845859058,248.99115835882742,247.89377822587898,248.7014617919922,97084700
2018-01-24 00:00:00-05:00,249.342248661288,249.93924365717857,247.42842464583018,248.6048126220703,134816100
2018-01-25 00:00:00-05:00,249.46521648794092,249.5617730729087,247.92009679641455,248.710205078125,84587300
2018-01-26 00:00:00-05:00,249.54424737555524,251.63366347839286,249.28964767784194,251.58975219726562,107743100
2018-01-29 00:00:00-05:00,251.01910249168148,251.45805452351033,249.7637061106124,249.92172241210938,90118300
2018-01-30 00:00:00-05:00,248.09575853461737,249.97445978985772,246.88424632375978,247.3583221435547,131796400
2018-01-31 00:00:00-05:00,248.20984609063984,248.71023108676374,246.41012653639544,247.48117065429688,108364800
2018-02-01 00:00:00-05:00,246.7526043421576,248.49962558295857,246.41020875484568,247.2003173828125,90102500
2018-02-02 00:00:00-05:00,245.88336854660707,246.01507559481632,241.78357140273644,241.81869506835938,173174800
2018-02-05 00:00:00-05:00,240.0628951810938,242.16985973581026,231.1609344386689,231.70523071289062,294681800
2018-02-06 00:00:00-05:00,228.20236948886597,236.77072116167997,227.11377709458372,236.2703094482422,355026800
2018-02-07 00:00:00-05:00,235.71728090980616,239.1059783080259,234.90959724654337,234.98863220214844,167376100
2018-02-08 00:00:00-05:00,235.2870873577438,235.4275552292879,226.1393148107997,226.1744384765625,246449500
2018-02-09 00:00:00-05:00,228.95735588832179,231.42426402168795,222.03948137455444,229.5718994140625,283565300
2018-02-12 00:00:00-05:00,231.6174560445814,234.40921179523755,229.71241891123438,232.94309997558594,143736000
2018-02-13 00:00:00-05:00,231.7403623395533,234.06680300678443,231.16094237859048,233.5225067138672,81223600
2018-02-14 00:00:00-05:00,232.03886114791155,237.03413827941714,232.0300735324697,236.6741943359375,120735700
2018-02-15 00:00:00-05:00,238.41239000673542,239.70290992752416,235.9542427906361,239.69412231445312,111200300
2018-02-16 00:00:00-05:00,239.07084883629025,241.70456111309323,239.02693755677285,239.76437377929688,160420100
2018-02-20 00:00:00-05:00,238.81620632418634,240.25598163725283,237.47301437553378,238.26312255859375,86369700
2018-02-21 00:00:00-05:00,238.70214631468968,241.17784258546794,236.98146158652554,237.07801818847656,98883700
2018-02-22 00:00:00-05:00,237.99978217029056,239.71167891273728,236.71804981892203,237.38523864746094,110511300
2018-02-23 00:00:00-05:00,238.60558689681895,241.16905212402344,238.13151113340072,241.16905212402344,92766400
2018-02-26 00:00:00-05:00,242.24013191492972,244.06618789870637,241.6519510254108,243.9696044921875,86491400
2018-02-27 00:00:00-05:00,244.15388299543363,244.86500992560363,240.8617428010588,240.92320251464844,99099200
2018-02-28 00:00:00-05:00,242.0205568617453,242.46829645388414,238.1665724153138,238.48260498046875,121907800
2018-03-01 00:00:00-05:00,238.27192412429704,239.81704371338597,233.5224603436801,235.01490783691406,176855100
2018-03-02 00:00:00-05:00,233.34684048229914,236.78823547860924,232.4865118268468,236.2263641357422,139083200
2018-03-05 00:00:00-05:00,235.04129618469474,239.57128497673156,234.9359251780348,238.9567413330078,97307400
2018-03-06 00:00:00-05:00,239.93123532163432,240.01027028544524,238.0700824856966,239.56253051757812,79213200
2018-03-07 00:00:00-05:00,237.402920431875,239.82591836576424,237.2097803915671,239.47476196289062,87063500
2018-03-08 00:00:00-05:00,240.15066631212258,240.75642231086204,239.15865714072376,240.63352966308594,66901200
2018-03-09 00:00:00-05:00,242.038240459574,244.82118225097656,241.72218096140145,244.82118225097656,113625300
2018-03-12 00:00:00-04:00,245.11083486984458,245.7341392777814,244.12755977525234,244.5138397216797,71924800
2018-03-13 00:00:00-04:00,245.67260362604392,246.17301523717634,242.3277921899459,242.9335479736328,91968900
2018-03-14 00:00:00-04:00,243.89060599288945,244.07495840526627,241.13400025798666,241.6870574951172,105895100
2018-03-15 00:00:00-04:00,242.19628150832244,242.83713460378348,240.92330935206263,241.42372131347656,83433000
2018-03-16 00:00:00-04:00,241.9498706508836,242.73434762380472,241.63257225654203,241.68545532226562,100343700
2018-03-19 00:00:00-04:00,240.9361891885773,241.8616695320334,236.76706244111185,238.41531372070312,109208400
2018-03-20 00:00:00-04:00,238.8120237467934,239.45547026421977,238.14213569570916,238.8208465576172,59757300
2018-03-21 00:00:00-04:00,238.77674112899192,240.86570282453886,238.150940281105,238.3624725341797,78709600
2018-03-22 00:00:00-04:00,236.14128090528047,236.9874367365729,232.13080299363773,232.40406799316406,148785900
2018-03-23 00:00:00-04:00,232.84475290377557,233.1708740275143,227.25652596079306,227.450439453125,183534800
2018-03-26 00:00:00-04:00,231.04667911183574,233.95535498438946,228.64921511489823,233.6732940673828,141956100
2018-03-27 00:00:00-04:00,234.60765289876343,235.13648355929,228.14682704159767,229.69813537597656,129941400
2018-03-28 00:00:00-04:00,229.8303123233447,231.496209377788,227.91761869403678,229.01939392089844,146452300
2018-03-29 00:00:00-04:00,230.1564576656507,233.80555051179851,229.0282407907725,231.94573974609375,111601600
2018-04-02 00:00:00-04:00,231.41685743848606,231.92809620608446,224.4712755675117,226.9392547607422,186286300
2018-04-03 00:00:00-04:00,228.1732379441203,230.32390533759397,226.38395605270182,229.84793090820312,119956900
2018-04-04 00:00:00-04:00,226.30458457546916,233.01217785146045,226.17237695547792,232.3070526123047,123715300
2018-04-05 00:00:00-04:00,234.06112092397936,235.02189260297175,232.97699130445676,234.14047241210938,82652600
2018-04-06 00:00:00-04:00,232.1837048489923,233.67328013698705,227.40639586017514,228.9224395751953,179521200
2018-04-09 00:00:00-04:00,230.37681089226027,233.43534029483922,229.11638636610888,230.05068969726562,105442900
2018-04-10 00:00:00-04:00,232.93293347707709,234.49306462652993,231.79592065488106,233.70858764648438,103529000
2018-04-11 00:00:00-04:00,232.22779429217832,234.140488069733,232.1572925076709,232.48341369628906,91140200
2018-04-12 00:00:00-04:00,233.80552068394104,235.3391831575739,233.6292258920898,234.39605712890625,68890500
2018-04-13 00:00:00-04:00,235.7006061362064,235.81519507925242,232.703782489798,233.70858764648438,85079200
2018-04-16 00:00:00-04:00,235.33916334821905,236.3968782126774,234.5194491226073,235.63002014160156,63405300
2018-04-17 00:00:00-04:00,237.39291974783774,238.75031455399508,236.8817078046116,238.1509552001953,64682000
2018-04-18 00:00:00-04:00,238.59162476057676,239.12927814561803,237.8688537751826,238.32720947265625,57303900
2018-04-19 00:00:00-04:00,237.67494221124622,237.8776785328516,235.97380774780348,237.0050811767578,77655900
2018-04-20 00:00:00-04:00,236.93458829716045,237.15494337179408,234.11403258232485,234.99545288085938,99953100
2018-04-23 00:00:00-04:00,235.56841780577912,236.12371694531072,233.8849016632746,234.96023559570312,65558000
2018-04-24 00:00:00-04:00,235.98264446982625,236.2029995241592,230.2974733085117,231.7958984375,112885500
2018-04-25 00:00:00-04:00,231.73418132998165,232.8095150189369,229.91845792222574,232.36880493164062,103840900
2018-04-26 00:00:00-04:00,233.39131452250984,235.5596011681044,232.95060432387913,234.73106384277344,67731900
2018-04-27 00:00:00-04:00,235.3391972855658,235.6388769306565,234.0170669637368,234.9513702392578,57053600
2018-04-30 00:00:00-04:00,235.56834497682607,236.1236439446799,233.07391102580115,233.14443969726562,82182300
2018-05-01 00:00:00-04:00,232.5803406831274,233.66449719784265,231.02903254476593,233.55873107910156,74203400
2018-05-02 00:00:00-04:00,233.36482048739748,234.17571200711808,231.60198008945386,231.98980712890625,86368900
2018-05-03 00:00:00-04:00,231.16126305069108,232.13080372140743,228.3318849297842,231.4785614013672,136311500
2018-05-04 00:00:00-04:00,230.5089667454372,235.15406772398305,230.1828456237386,234.47535705566406,91222100
2018-05-07 00:00:00-04:00,235.24225048650933,236.23823271919028,234.55471690649136,235.26869201660156,55304900
2018-05-08 00:00:00-04:00,234.89848369650036,235.63005062825889,233.70856104472983,235.26869201660156,67499200
2018-05-09 00:00:00-04:00,235.9385486756778,237.86886103281918,235.41851399436158,237.54273986816406,59666100
2018-05-10 00:00:00-04:00,238.28310618835678,240.09003352947272,238.1773400803513,239.76388549804688,72063900
2018-05-11 00:00:00-04:00,239.88733180849408,240.75992922415082,239.3760930143519,240.49551391601562,59871500
2018-05-14 00:00:00-04:00,240.9273294031114,241.57957156796445,240.0635281560013,240.6100311279297,54790600
2018-05-15 00:00:00-04:00,239.3849513317959,239.40257005534806,238.00993772791824,238.95306396484375,87036100
2018-05-16 00:00:00-04:00,238.98826881675424,240.4161651346409,238.96180038979318,239.9578094482422,53942600
2018-05-17 00:00:00-04:00,239.69339057117915,240.83043006232478,238.97944242294543,239.75509643554688,56536400
2018-05-18 00:00:00-04:00,239.41141169141412,239.77279729375869,238.80322944586064,239.15579223632812,64368000
2018-05-21 00:00:00-04:00,240.63651331670496,241.49149190105553,240.24868631563004,240.9538116455078,58025900
2018-05-22 00:00:00-04:00,241.473904138964,241.72952356428226,239.95786010756726,240.2839813232422,52966400
2018-05-23 00:00:00-04:00,239.0147370148245,240.9714910129223,238.85606092939213,240.9450225830078,64694200
2018-05-24 00:00:00-04:00,240.54840148842243,240.8216396115561,238.67097206902508,240.45143127441406,76043800
2018-05-25 00:00:00-04:00,239.87844848632812,240.50424915692255,239.37603262880125,239.87844848632812,56374800
2018-05-29 00:00:00-04:00,238.25669904659816,239.01473442804837,236.0090882306861,237.11965942382812,115908600
2018-05-30 00:00:00-04:00,238.42419735328477,240.7246914847085,238.35369556292812,240.2839813232422,69678400
2018-05-31 00:00:00-04:00,239.8784614132531,240.17814100262822,238.2125915048435,238.81195068359375,93519900
2018-06-01 00:00:00-04:00,240.1076326746418,241.45620423939144,240.03710400918308,241.15652465820312,71258400
2018-06-04 00:00:00-04:00,241.97630799995767,242.55804861167155,241.73833420831608,242.30242919921875,45385200
2018-06-05 00:00:00-04:00,242.43464209387946,242.8577335202975,241.66781073878218,242.47872924804688,51135000
2018-06-06 00:00:00-04:00,243.08696838016806,244.6118086371596,242.46996326771264,244.50604248046875,62732200
2018-06-07 00:00:00-04:00,244.9907462065433,245.28160302621228,243.57164575012257,244.47950744628906,72969400
2018-06-08 00:00:00-04:00,244.02117074995135,245.2551535642236,243.85369877171357,245.2022705078125,72139700
2018-06-11 00:00:00-04:00,245.4226609959224,246.24237538751734,245.30807205754232,245.52842712402344,58892500
2018-06-12 00:00:00-04:00,245.94269221780678,246.20710753428884,245.2023024328456,245.8457489013672,72329000
2018-06-13 00:00:00-04:00,246.08374537166932,246.3393648003741,244.85855819513074,245.06129455566406,79070600
2018-06-14 00:00:00-04:00,245.9251261155662,246.20716021388853,245.08776593618862,245.67832946777344,77097600
2018-06-15 00:00:00-04:00,244.8955883333687,245.7012856482646,243.78886570624715,245.36483764648438,120041600
2018-06-18 00:00:00-04:00,243.912852991887,244.9841801616414,243.434768176209,244.86021423339844,52917600
2018-06-19 00:00:00-04:00,242.59360943082888,244.1430211698944,242.17748062583885,243.9216766357422,97531500
2018-06-20 00:00:00-04:00,244.60338642311115,245.0018173571571,244.00133582821002,244.33778381347656,53785500
2018-06-21 00:00:00-04:00,244.32891207392933,244.34663692695875,242.31025125886632,242.80606079101562,71061400
2018-06-22 00:00:00-04:00,244.06330844702353,244.17841191285814,243.0274042741051,243.24874877929688,54898500
2018-06-25 00:00:00-04:00,242.09784043597134,242.2572020425829,238.25530192104247,239.93751525878906,137854200
2018-06-26 00:00:00-04:00,240.50412691413,241.31865965839233,239.7515501037426,240.4687042236328,68547400
2018-06-27 00:00:00-04:00,241.0530156445214,242.4784612120571,238.3260363559265,238.4765625,105110700
2018-06-28 00:00:00-04:00,238.42349268702802,240.60151539893317,237.7151739460364,239.84010314941406,76650500
2018-06-29 00:00:00-04:00,240.92909341827357,242.29258330965268,240.07027554780439,240.1853790283203,97592500
2018-07-02 00:00:00-04:00,238.61832659509102,240.8583327289205,238.37925714920698,240.69894409179688,63554800
2018-07-03 00:00:00-04:00,241.59311867340935,241.69052431494146,239.42395853253888,239.8489227294922,42187100
2018-07-05 00:00:00-04:00,240.97340287322703,241.86761650524355,239.90207576914923,241.80563354492188,56925900
2018-07-06 00:00:00-04:00,241.83215410837596,244.22265843947528,241.4514210425873,243.85081481933594,66493700
2018-07-09 00:00:00-04:00,244.85131916394857,246.0997056110018,244.80706106381928,246.0465850830078,50550400
2018-07-10 00:00:00-04:00,246.4981801075327,247.029412500854,246.20599013238512,246.9320068359375,51966800
2018-07-11 00:00:00-04:00,245.38246904976194,246.17046831634542,244.82467667356698,245.12570190429688,77054700
2018-07-12 00:00:00-04:00,246.38307017591055,247.40124980844712,245.78101942166649,247.34812927246094,60124700
2018-07-13 00:00:00-04:00,247.1710792076155,247.8439483621809,246.71952761499222,247.5429229736328,48216000
2018-07-16 00:00:00-04:00,247.58711703867334,247.72875374151752,246.87879842649093,247.3214874267578,48201000
2018-07-17 00:00:00-04:00,246.55124995828604,248.71157476595965,246.49812943183477,248.32200622558594,52315500
2018-07-18 00:00:00-04:00,248.4017017760098,248.95063192835636,247.95901268287895,248.84439086914062,44593500
2018-07-19 00:00:00-04:00,248.18027247756254,248.56097848294303,247.42769587232033,247.9058074951172,61412100
2018-07-20 00:00:00-04:00,247.70225464991242,248.33089263963382,247.46321225779238,247.62257385253906,82337700
2018-07-23 00:00:00-04:00,247.41895887666095,248.2866122554626,247.0736483951872,248.08299255371094,47047600
2018-07-24 00:00:00-04:00,249.49067214292117,250.17240347028664,248.4636304289784,249.33128356933594,68026900
2018-07-25 00:00:00-04:00,249.08346445678782,251.77502204570084,249.0392063497694,251.456298828125,78882900
2018-07-26 00:00:00-04:00,250.7390067133695,251.5446767435982,250.6416011040404,250.86294555664062,57919500
2018-07-27 00:00:00-04:00,251.1906436131456,251.28804926613427,248.24234607162958,249.16314697265625,76768700
2018-07-30 00:00:00-04:00,249.2427597303272,249.40212127942564,247.33917548870585,247.861572265625,63742500
2018-07-31 00:00:00-04:00,248.6230176642827,249.69431758068527,248.24231157277697,249.08340454101562,68570500
2018-08-01 00:00:00-04:00,249.28708818072533,249.79176024823593,248.0210038173346,248.6673126220703,53853300
2018-08-02 00:00:00-04:00,247.36580775888575,250.19013912469651,247.1621610627142,250.02194213867188,63426400
2018-08-03 00:00:00-04:00,250.14588536337493,251.14636698690998,249.96879892714696,251.09324645996094,53935400
2018-08-06 00:00:00-04:00,251.12865997633756,252.32389880862098,250.73909144654593,252.0140380859375,39400900
2018-08-07 00:00:00-04:00,252.67810121530914,253.22703138431552,252.54527286766023,252.84629821777344,43196600
2018-08-08 00:00:00-04:00,252.6780343107556,253.1384211326269,252.2796034125037,252.739990234375,42114600
2018-08-09 00:00:00-04:00,252.80195010543778,253.1915185420791,252.26188255712407,252.39468383789062,35717000
2018-08-10 00:00:00-04:00,250.9603957161205,251.5004633069356,249.99530995422668,250.70362854003906,77076000
2018-08-13 00:00:00-04:00,250.97805424486992,251.58896710839204,249.4729011278703,249.7650909423828,65732900
2018-08-14 00:00:00-04:00,250.49111165336765,251.5978339589874,250.1015432402225,251.3587646484375,43842000
2018-08-15 00:00:00-04:00,250.01312018325515,250.1547839487945,248.0475793432479,249.4818878173828,102925400
2018-08-16 00:00:00-04:00,250.91618119228193,252.36821443698148,250.88075849812859,251.5005340576172,69967900
2018-08-17 00:00:00-04:00,251.2968851103208,252.82859913857132,250.88961869976814,252.3859100341797,65618500
2018-08-20 00:00:00-04:00,252.8374516517211,253.19159751742657,252.38590013667803,252.92599487304688,39807500
2018-08-21 00:00:00-04:00,253.43949950542424,254.37799819792022,252.96138773126302,253.51918029785156,67272000
2018-08-22 00:00:00-04:00,253.11193086980177,253.89106802965605,252.8463011909792,253.3686981201172,44993300
2018-08-23 00:00:00-04:00,253.19161868002593,254.05043666143328,252.7135068605827,253.03225708007812,49204900
2018-08-24 00:00:00-04:00,253.60773831163402,254.69676324419368,253.5546177802505,254.5550994873047,57487400
2018-08-27 00:00:00-04:00,255.75035100152513,256.6711519566475,255.5909893995617,256.5649108886719,57072400
2018-08-28 00:00:00-04:00,257.02517209815386,257.13144013373443,256.2283374586149,256.6887512207031,46943500
2018-08-29 00:00:00-04:00,256.90130179728936,258.3001872470909,256.66225944752415,258.07000732421875,61485500
2018-08-30 00:00:00-04:00,257.5918929605646,257.96373661193746,256.4320498724357,257.0252380371094,61229500
2018-08-31 00:00:00-04:00,256.617989857108,257.4768077102713,256.13104270122597,257.03411865234375,66140800
2018-09-04 00:00:00-04:00,256.61802144760213,256.94560706766003,255.59097946442648,256.5914611816406,57594400
2018-09-05 00:00:00-04:00,256.23729641245575,256.44094311621893,254.89153133691732,255.90084838867188,72452400
2018-09-06 00:00:00-04:00,256.00711579754653,256.30814116044616,254.10355796237556,255.13059997558594,65909900
2018-09-07 00:00:00-04:00,254.0858507118014,255.6087023274441,253.84678130041397,254.63478088378906,73524800
2018-09-10 00:00:00-04:00,255.6440510008171,255.90968062912165,254.88263884278402,255.07742309570312,50210900
2018-09-11 00:00:00-04:00,254.43116525715587,256.3612835234171,254.08588176015792,255.91859436035156,50530500
2018-09-12 00:00:00-04:00,255.92733297890956,256.5825039770192,255.19248121234787,255.98045349121094,59810800
2018-09-13 00:00:00-04:00,257.04307376010763,257.68054731415685,256.7597461761734,257.4945983886719,51034200
2018-09-14 00:00:00-04:00,257.69811887974004,257.8840406945149,256.75962035999163,257.53875732421875,55079900
2018-09-17 00:00:00-04:00,257.48560091985763,257.5209965808677,255.9007669530286,256.17523193359375,68244000
2018-09-18 00:00:00-04:00,256.3876486559672,258.15840396050885,256.36108840718236,257.5652160644531,61930400
2018-09-19 00:00:00-04:00,257.6184077230567,258.2558808895619,257.4944418480969,257.8397521972656,49080600
2018-09-20 00:00:00-04:00,259.097029795445,260.2480103827484,257.8574789850048,259.92926025390625,100360600
2018-09-21 00:00:00-04:00,260.67010234995365,260.78572685618775,259.5316895177993,259.6917724609375,105479700
2018-09-24 00:00:00-04:00,259.11380324733983,259.25610831339253,258.2510974444625,258.8291931152344,53409600
2018-09-25 00:00:00-04:00,259.2826786788656,259.38940064759277,258.3488343105982,258.5889587402344,44370000
2018-09-26 00:00:00-04:00,258.7312825518188,259.91415398039527,257.3972035619519,257.8152160644531,79739700
2018-09-27 00:00:00-04:00,258.2865870236804,259.6206660004718,258.0108795398294,258.5356140136719,59249500
2018-09-28 00:00:00-04:00,257.913024857578,259.0603403412746,257.87746896148747,258.5622863769531,70091400
2018-10-01 00:00:00-04:00,259.7986068206603,260.52791006634834,258.79362314823425,259.4606628417969,62078900
2018-10-02 00:00:00-04:00,259.3094177246094,260.0209157713873,258.9358907497197,259.3094177246094,47258200
2018-10-03 00:00:00-04:00,260.3587627697148,260.7767751370192,259.09585026723636,259.45159912109375,64694600
2018-10-04 00:00:00-04:00,258.97153493782264,259.0248959524266,255.8409044660722,257.42401123046875,111545900
2018-10-05 00:00:00-04:00,257.6462407924696,258.16207274661025,254.56007018759942,255.98309326171875,105951700
2018-10-08 00:00:00-04:00,255.29824864888656,256.3388422447717,253.9197111613411,255.98309326171875,87742200
2018-10-09 00:00:00-04:00,255.6007284758009,256.9081002124858,255.04928619930556,255.60960388183594,74339000
2018-10-10 00:00:00-04:00,255.10252760650397,255.17369367290726,247.14254065292167,247.5160675048828,214731000
2018-10-11 00:00:00-04:00,246.43108606352877,248.04977526262698,240.4544104484742,242.06422424316406,274840500
2018-10-12 00:00:00-04:00,246.15537764841622,246.4399877104538,242.2420842920822,245.4261016845703,183186500
2018-10-15 00:00:00-04:00,245.07028903016487,246.3954925595385,243.9585565864753,244.04750061035156,102263700
2018-10-16 00:00:00-04:00,246.00423902412305,249.75745003667606,245.53286540334358,249.38389587402344,118255800
2018-10-17 00:00:00-04:00,249.41951847129778,250.0509752010891,246.8580813552923,249.4284210205078,110626000
2018-10-18 00:00:00-04:00,248.49451374033328,249.0904144724787,244.55453915232613,245.82635498046875,134557500
2018-10-19 00:00:00-04:00,246.47553508012004,248.40548741105457,244.99915113163212,245.69287109375,139901600
2018-10-22 00:00:00-04:00,246.3599268625698,246.6800928007739,244.05642033413275,244.59005737304688,82415800
2018-10-23 00:00:00-04:00,240.97915149539128,244.4655294729058,238.89796433649786,243.3448944091797,146352700
2018-10-24 00:00:00-04:00,243.09590366941856,243.47836034056346,235.42052401836114,235.97193908691406,177806700
2018-10-25 00:00:00-04:00,237.8040118236247,241.7439849383375,236.7812234431827,240.20533752441406,138061500
2018-10-26 00:00:00-04:00,236.5055661327389,241.0236356256426,233.2770902132027,235.98080444335938,201574600
2018-10-29 00:00:00-04:00,239.06703251645644,240.35665354022893,231.107041219053,234.6734619140625,160749100
2018-10-30 00:00:00-04:00,234.50443305323765,238.46218471265607,234.01525443786565,238.15089416503906,157116000
2018-10-31 00:00:00-04:00,240.71234277026565,243.0069741099624,240.24096922248452,240.69456481933594,128296300
2018-11-01 00:00:00-04:00,241.55725087311626,243.45164745734314,240.4721988322022,243.2559814453125,99495000
2018-11-02 00:00:00-04:00,244.3588166152821,244.78573168928202,239.76958135193883,241.815185546875,122634100
2018-11-05 00:00:00-05:00,242.30433388342226,243.70067647437028,241.33490636095422,243.14926147460938,65622500
2018-11-06 00:00:00-05:00,243.08702778229969,244.84799497942296,243.0247642380611,244.6879119873047,60085900
2018-11-07 00:00:00-05:00,246.85799876173513,250.00643309191767,246.43108367126504,249.9263916015625,102752100
2018-11-08 00:00:00-05:00,249.12588950722693,250.11312204168914,248.3343501125517,249.47276306152344,65584900
2018-11-09 00:00:00-05:00,248.16533791916257,248.3521013519031,245.6305827643591,247.03582763671875,98812600
2018-11-12 00:00:00-05:00,246.52895798753946,246.76908248561793,241.90413898385665,242.4199981689453,99673600
2018-11-13 00:00:00-05:00,242.88240555311336,244.8746213934451,241.24593866399726,241.96633911132812,98176600
2018-11-14 00:00:00-05:00,243.83406416161853,244.23427156850525,238.75567780247712,240.31210327148438,125335900
2018-11-15 00:00:00-05:00,239.04911180868868,243.2825968590688,237.47490872977272,242.82009887695312,135101400
2018-11-16 00:00:00-05:00,241.72621869757143,244.3587935506492,241.21035963910745,243.45162963867188,126668000
2018-11-19 00:00:00-05:00,242.8468290600021,243.14034163054626,238.41770428548043,239.33377075195312,103061700
2018-11-20 00:00:00-05:00,236.00746255389294,237.46606866293442,234.0419270384769,234.90463256835938,136021300
2018-11-21 00:00:00-05:00,236.4521591402249,237.5994747294918,235.6962027211134,235.705078125,75563700
2018-11-23 00:00:00-05:00,234.06864160649894,235.52724792786714,233.97082215763012,234.1309051513672,42807900
2018-11-26 00:00:00-05:00,236.38091539655437,238.13300620105778,235.98958354180974,237.91065979003906,79981400
2018-11-27 00:00:00-05:00,236.87903362796823,238.71116638183594,236.27425773952518,238.71116638183594,75502400
2018-11-28 00:00:00-05:00,239.7785158641876,244.2076416015625,238.64897806215677,244.2076416015625,127629600
2018-11-29 00:00:00-05:00,243.43381388358048,245.07028072822635,242.29540098548318,243.67396545410156,82346400
2018-11-30 00:00:00-05:00,243.52280408525462,245.71958882183426,243.2026381197173,245.15927124023438,98204200
2018-12-03 00:00:00-05:00,249.277141006927,249.3838629987836,246.81355122186906,248.40553283691406,103176300
2018-12-04 00:00:00-05:00,247.57833023485793,248.00524520620561,240.0452311362065,240.3565216064453,177986000
2018-12-06 00:00:00-05:00,236.50556502661695,240.1075678957514,233.41049160957218,239.991943359375,204185400
2018-12-07 00:00:00-05:00,239.65393555098828,241.21926354147223,233.5794413265767,234.41546630859375,161018900
2018-12-10 00:00:00-05:00,234.23760261616204,235.82961126558462,230.01301882509009,234.8601837158203,151445900
2018-12-11 00:00:00-05:00,238.0530908610672,238.23985434553188,233.44607729820376,234.91355895996094,121504400
2018-12-12 00:00:00-05:00,237.88403349011207,239.24479274981599,236.01631778375912,236.0963592529297,97976700
2018-12-13 00:00:00-05:00,237.03917653874748,237.90188215211614,234.90465530067445,236.01638793945312,96662700
2018-12-14 00:00:00-05:00,233.87293341160515,234.8245829393611,231.10695599803614,231.6583709716797,116961100
2018-12-17 00:00:00-05:00,230.70673052985472,231.81846306627645,225.4860388815235,227.11361694335938,165492300
2018-12-18 00:00:00-05:00,228.75011653111562,229.41715610831534,225.26371106517817,226.86460876464844,134515100
2018-12-19 00:00:00-05:00,226.9446507542669,230.70675017805107,221.7684306807493,223.46714782714844,214992800
2018-12-20 00:00:00-05:00,222.22197924177337,223.78729366508378,217.58827236195947,219.82952880859375,252053400
2018-12-21 00:00:00-05:00,220.72863299677553,223.38553619386457,214.68126458714568,215.3253631591797,255345600
2018-12-24 00:00:00-05:00,213.8402783801348,215.45052421549275,209.57314397918623,209.63575744628906,147311600
2018-12-26 00:00:00-05:00,211.09396462178614,220.2276153564453,209.11693755623702,220.2276153564453,218485400
2018-12-27 00:00:00-05:00,216.998207573705,222.1151909748024,213.76877426318353,221.91839599609375,186267300
2018-12-28 00:00:00-05:00,223.26920838177477,224.89733637571823,220.46916948727355,221.6321258544922,153100200
2018-12-31 00:00:00-05:00,223.2512997725202,223.81488933145144,221.3816315423611,223.57334899902344,144299400
2019-01-02 00:00:00-05:00,220.0487217817502,224.72738367473102,220.02188548142522,223.8059539794922,126925200
2019-01-03 00:00:00-05:00,222.06156390491395,222.36573144390618,217.98228176056196,218.46536254882812,144140700
2019-01-04 00:00:00-05:00,221.4890038398222,226.42708803378295,221.1132819712888,225.78298950195312,142628800
2019-01-07 00:00:00-05:00,226.05139025273738,228.96771572413164,225.15681037989435,227.563232421875,103139100
2019-01-08 00:00:00-05:00,229.7459630162037,230.1842983290865,227.22324173305432,229.7012176513672,102512600
2019-01-09 00:00:00-05:00,230.4079382964577,231.61562631457824,229.18236851303053,230.77471923828125,95006600
2019-01-10 00:00:00-05:00,229.24502671919808,231.83930266140655,228.56513733970846,231.5888214111328,96823900
2019-01-11 00:00:00-05:00,230.51528322053164,231.70508947195933,229.93381189408592,231.67825317382812,73858100
2019-01-14 00:00:00-05:00,229.78172036067835,231.06991726630778,229.37917589042223,230.26480102539062,70908200
2019-01-15 00:00:00-05:00,230.64059880878088,233.21699331608835,230.63164427355437,232.9038848876953,85208300
2019-01-16 00:00:00-05:00,233.3332441885954,234.3530782952415,233.1275083007143,233.4674530029297,77636700
2019-01-17 00:00:00-05:00,232.59965398203775,236.09746354596547,232.55490862113237,235.2386474609375,96118400
2019-01-18 00:00:00-05:00,237.0457902053426,238.8349499938338,235.2745121865881,238.3697509765625,127900300
2019-01-22 00:00:00-05:00,236.90262700516908,237.11731741906,233.53899825203223,235.14923095703125,115531200
2019-01-23 00:00:00-05:00,236.17798861637877,236.87575967051836,233.181141246526,235.6412353515625,86030300
2019-01-24 00:00:00-05:00,235.46232565671974,236.34797816335373,234.4514461827318,235.7664794921875,59204100
2019-01-25 00:00:00-05:00,237.60930774993875,238.5844236749442,235.86489366572147,237.7613983154297,96883400
2019-01-28 00:00:00-05:00,235.62335558879,236.0169455325683,234.19202263725006,235.954345703125,85613700
2019-01-29 00:00:00-05:00,236.0974797217171,236.6610419843488,234.8092828063201,235.6412353515625,66136300
2019-01-30 00:00:00-05:00,237.15317829384898,240.21262679698293,236.39277978620356,239.37171936035156,92473700
2019-01-31 00:00:00-05:00,239.3090095010756,241.95695760539888,239.09429182206264,241.473876953125,104012100
2019-02-01 00:00:00-05:00,241.67070360013417,242.61002867744705,240.80296018796835,241.59019470214844,85782500
2019-02-04 00:00:00-05:00,241.63492373195646,243.35252886814231,240.96398891789138,243.28990173339844,60744800
2019-02-05 00:00:00-05:00,243.71929701903028,244.61387672404788,243.21833456825289,244.30972290039062,79552800
2019-02-06 00:00:00-05:00,244.03240100434138,244.52440891312497,243.25412104298292,243.98765563964844,58347800
2019-02-07 00:00:00-05:00,242.37747243464892,242.9231530517658,240.0068412365628,241.6618194580078,95482000
2019-02-08 00:00:00-05:00,240.41830721543772,242.0553761416929,239.5952818353024,241.9569854736328,75788900
2019-02-11 00:00:00-05:00,242.61002752428735,242.86943598309523,241.56335725463512,242.09115600585938,68021400
2019-02-12 00:00:00-05:00,243.70138226031133,245.5799775461956,243.6298006053734,245.2042694091797,72270200
2019-02-13 00:00:00-05:00,246.0363249000739,246.84144140266025,245.6158712275524,246.0005340576172,65277200
2019-02-14 00:00:00-05:00,244.91806536618728,246.58199805028215,244.1039944428411,245.45481872558594,83234400
2019-02-15 00:00:00-05:00,247.22608897461075,248.16541425333372,247.02035306911316,248.12962341308594,97088700
2019-02-19 00:00:00-05:00,247.3334357653313,249.21203152652333,247.32448123109788,248.5590057373047,59120800
2019-02-20 00:00:00-05:00,248.52310711605233,249.5161044709757,248.0221448236144,249.0598602294922,76610800
2019-02-21 00:00:00-05:00,248.4247976342912,248.7826240600063,247.21710955964718,248.17431640625,64214700
2019-02-22 00:00:00-05:00,248.7915085043155,249.90973295511063,248.1563646603763,249.71295166015625,78114600
2019-02-25 00:00:00-05:00,251.13540926485206,251.65425356184153,249.97243908819044,250.05294799804688,69030700
2019-02-26 00:00:00-05:00,249.70412734225638,250.75077068577144,249.49836410786563,249.8740997314453,56844100
2019-02-27 00:00:00-05:00,249.15831243309327,250.11551920355708,248.22796926031745,249.7666473388672,56921600
2019-02-28 00:00:00-05:00,249.5519796714006,249.99034234875845,248.97946278114267,249.30149841308594,69268300
2019-03-01 00:00:00-05:00,250.87595977067375,251.2695770643132,249.4267448715506,250.8580780029297,78880500
2019-03-04 00:00:00-05:00,251.9136582318563,252.1551849315805,247.65544996733956,249.94557189941406,106494600
2019-03-05 00:00:00-05:00,250.07077439856636,250.26758299106885,249.05989514164,249.60557556152344,59114600
2019-03-06 00:00:00-05:00,249.721876075304,249.73083060693793,247.7716992072064,248.09373474121094,75039800
2019-03-07 00:00:00-05:00,247.646501244507,247.78963728117097,245.17747968817417,246.0183868408203,94885100
2019-03-08 00:00:00-05:00,244.1665398320347,245.69626318879477,243.70136830318856,245.5262908935547,85795800
2019-03-11 00:00:00-04:00,246.2420047220662,249.2477792605108,246.21516842441596,249.08676147460938,65098900
2019-03-12 00:00:00-04:00,249.64141454290714,250.54494879646793,249.453560445773,250.0260772705078,79667500
2019-03-13 00:00:00-04:00,250.91182659164454,252.6115232559573,250.7507814315427,251.68115234375,80639200
2019-03-14 00:00:00-04:00,251.70782780447044,252.1282812585758,251.08163853904514,251.5199737548828,67518400
2019-03-15 00:00:00-04:00,252.07084468455997,253.57135794452324,251.88213571458323,252.7626953125,81309000
2019-03-18 00:00:00-04:00,252.97832411741985,253.9756956908309,252.75369409159345,253.67916870117188,62199800
2019-03-19 00:00:00-04:00,254.73949825355814,255.50321856970672,252.852600145159,253.74212646484375,90268100
2019-03-20 00:00:00-04:00,253.52644405949383,254.73045774743304,251.87317030498068,252.97833251953125,84609200
2019-03-21 00:00:00-04:00,252.1607035260337,256.239965190846,252.11576106694608,255.8356475830078,79550400
2019-03-22 00:00:00-04:00,254.4789155595248,255.00004525839176,250.8488859396825,250.9117889404297,122659300
2019-03-25 00:00:00-04:00,250.5703229974843,251.75637623870716,249.46516070418787,250.72308349609375,85575200
2019-03-26 00:00:00-04:00,252.47516797375593,253.54440914506105,251.19029074123256,252.59197998046875,68125900
2019-03-27 00:00:00-04:00,252.58288836195982,253.16694816974064,249.72560197274035,251.27105712890625,72224700
2019-03-28 00:00:00-04:00,251.90008722201625,252.67280125929813,250.74998272003916,252.22354125976562,56238500
2019-03-29 00:00:00-04:00,253.73313183400046,254.1374494706387,252.60998158668255,253.81399536132812,82186800
2019-04-01 00:00:00-04:00,255.80866998313059,257.12050158234626,255.53909751491526,256.823974609375,77617900
2019-04-02 00:00:00-04:00,257.01270157304134,257.1834225886773,256.1590964948618,256.9497985839844,40070400
2019-04-03 00:00:00-04:00,258.1627579277011,258.5581088983009,256.7520750289998,257.3540954589844,68243200
2019-04-04 00:00:00-04:00,257.6775542854916,258.28854128030713,256.9857037843611,258.0369567871094,48997500
2019-04-05 00:00:00-04:00,258.70203892631594,259.3399808146282,258.4145057803524,259.28607177734375,58621700
2019-04-08 00:00:00-04:00,258.86353970045286,259.5913384881105,258.20761042611184,259.4835205078125,53566300
2019-04-09 00:00:00-04:00,258.52226624870707,258.8457204003386,257.6057853984204,258.15386962890625,66142300
2019-04-10 00:00:00-04:00,258.5670843373598,259.1241897573699,258.1537728250394,259.0343322753906,52601500
2019-04-11 00:00:00-04:00,259.5195414386195,259.528535413988,258.3963913438245,258.96246337890625,55093100
2019-04-12 00:00:00-04:00,260.5708636013834,260.99316920128797,259.0074471943866,260.7146301269531,69727800
2019-04-15 00:00:00-04:00,260.7865053880093,260.88535687304153,259.74421862030886,260.5439147949219,49596700
2019-04-16 00:00:00-04:00,261.42446877799716,261.4783777975032,260.12160349172586,260.7146301269531,52153200
2019-04-17 00:00:00-04:00,261.8286964945726,261.85565099506766,259.6632602193015,260.07659912109375,58268300
2019-04-18 00:00:00-04:00,260.6606420685019,260.8583175536374,259.36677115136985,260.5887451171875,68708500
2019-04-22 00:00:00-04:00,259.8250957710666,260.96620654252615,259.73523826780877,260.8134460449219,40160100
2019-04-23 00:00:00-04:00,261.1818141622424,263.3921933348262,260.94821758401093,263.1585693359375,52246600
2019-04-24 00:00:00-04:00,263.07775411194496,263.41020222021825,262.4308184291265,262.5745849609375,50392900
2019-04-25 00:00:00-04:00,262.47568374884355,263.06871029746924,261.22675508512435,262.41278076171875,57770900
2019-04-26 00:00:00-04:00,262.45770657786915,263.7066351624023,261.6849650923547,263.634765625,50916400
2019-04-29 00:00:00-04:00,263.7246416311188,264.56925271334455,263.6347841375647,264.048095703125,57197700
2019-04-30 00:00:00-04:00,263.7066163248907,264.47036378092696,262.29596081647924,264.1828308105469,81111700
2019-05-01 00:00:00-04:00,264.8119019337827,265.018571472677,262.18821061229863,262.19720458984375,71671900
2019-05-02 00:00:00-04:00,262.0803024726753,262.9968104059952,260.13949601586444,261.63104248046875,65030200
2019-05-03 00:00:00-04:00,263.1047535459904,264.4704947003916,261.7389849709223,264.19195556640625,56543700
2019-05-06 00:00:00-04:00,259.89692165063803,263.54491082051743,259.58243415240935,263.1046447753906,107198100
2019-05-07 00:00:00-04:00,260.705561358726,261.2985878238254,256.8059880160905,258.7108459472656,144729900
2019-05-08 00:00:00-04:00,258.35150146484375,260.0586842910349,257.75847486656824,258.35150146484375,91568300
2019-05-09 00:00:00-04:00,256.2848860812778,258.17175626704255,254.55072152918922,257.56976318359375,103471100
2019-05-10 00:00:00-04:00,256.63536824121263,259.6184622709735,253.6522742114518,258.86370849609375,112429300
2019-05-13 00:00:00-04:00,253.7599925849476,254.72138800173758,251.52265947288163,252.3582763671875,127290500
2019-05-14 00:00:00-04:00,253.37361710141252,256.1680282411555,253.24783857451106,254.64053344726562,77003200
2019-05-15 00:00:00-04:00,253.01424507952993,256.7700521218785,252.80757560681195,256.1321105957031,73956400
2019-05-16 00:00:00-04:00,256.8330106305001,259.86101931664007,256.7611410796038,258.5042724609375,76749600
2019-05-17 00:00:00-04:00,256.2040601319123,259.3129323114473,256.1860721788903,256.8330078125,100353000
2019-05-20 00:00:00-04:00,255.23366598683737,256.9408490176064,254.3890547384436,255.1348419189453,62877600
2019-05-21 00:00:00-04:00,256.8240135080661,257.8123911999107,256.57242895202023,257.4350280761719,46847100
2019-05-22 00:00:00-04:00,256.48256008080267,257.59671617184193,256.1680725781415,256.644287109375,49482500
2019-05-23 00:00:00-04:00,254.42497986634092,254.46989490750192,252.09781586860328,253.5084991455078,98733800
2019-05-24 00:00:00-04:00,254.94603703413463,255.35937594621558,253.4634846287027,254.08346557617188,55268100
2019-05-28 00:00:00-04:00,254.3620492097785,255.31447831235778,251.7024374188396,251.72039794921875,70029400
2019-05-29 00:00:00-04:00,250.6062550151604,251.0105726249219,248.62949974302012,250.03118896484375,104972900
2019-05-30 00:00:00-04:00,250.78588930608086,251.6215336966896,249.61782434295864,250.71401977539062,62523800
2019-05-31 00:00:00-04:00,248.17124628444185,248.997869366568,247.30864730223772,247.33560180664062,86862800
2019-06-03 00:00:00-04:00,247.37165292337866,248.48580946184913,245.37693650796638,246.70675659179688,96428000
2019-06-04 00:00:00-04:00,248.99793224452503,252.19666220448534,248.5486721105906,252.0618896484375,77231900
2019-06-05 00:00:00-04:00,253.67916720875505,254.2721937639268,251.87316045778283,254.2452392578125,71169700
2019-06-06 00:00:00-04:00,254.54179744327325,256.57243446763243,253.89486179658218,255.89854431152344,69430400
2019-06-07 00:00:00-04:00,256.91383395209493,259.53752459010883,256.74311294719047,258.45928955078125,74272200
2019-06-10 00:00:00-04:00,260.0047577816279,261.3076228990596,259.5554977301904,259.6453552246094,60799100
2019-06-11 00:00:00-04:00,261.46039300426,261.8287895891115,258.9355533511188,259.5824890136719,58641300
2019-06-12 00:00:00-04:00,259.3487754640748,259.9058533683014,258.6119826265788,259.1241455078125,47096300
2019-06-13 00:00:00-04:00,260.0317238829631,260.55288092143763,259.3308792682955,260.1934509277344,48945200
2019-06-14 00:00:00-04:00,259.90594482421875,260.50793796326803,259.1421972200491,259.90594482421875,52324700
2019-06-17 00:00:00-04:00,260.13950274162505,260.7684777152376,259.83400922950466,260.0047302246094,39205700
2019-06-18 00:00:00-04:00,261.81980818690425,263.778575596661,261.4603781786856,262.727294921875,85434800
2019-06-19 00:00:00-04:00,262.86214984310493,263.85052783413494,261.89175981051903,263.3204040527344,78674400
2019-06-20 00:00:00-04:00,265.9979055853094,266.240496147716,263.3832087300726,265.8361511230469,116570000
2019-06-21 00:00:00-04:00,265.5671482228351,266.8221515056671,265.23308319547755,265.44976806640625,83309500
2019-06-24 00:00:00-04:00,265.6573967423069,265.97338627298683,264.9711913645555,265.12469482421875,47582700
2019-06-25 00:00:00-04:00,265.1788831412484,265.2059687471691,262.41604112123906,262.5243835449219,82028700
2019-06-26 00:00:00-04:00,263.418210537563,263.92382683504434,262.15416979385975,262.26251220703125,51584900
2019-06-27 00:00:00-04:00,263.02092303525444,263.6980906365372,262.64172460878746,263.1924743652344,40355200
2019-06-28 00:00:00-04:00,264.16764892571615,265.0434536754882,263.6530223625105,264.546875,59350900
2019-07-01 00:00:00-04:00,267.86945491993043,268.08616730223594,265.7476574629136,266.9485168457031,78705600
2019-07-02 00:00:00-04:00,266.9033916424673,267.69793952489164,266.0637102660974,267.6437683105469,61504500
2019-07-03 00:00:00-04:00,268.3208916824014,269.80164477374774,268.1764259500246,269.7835693359375,40898900
2019-07-05 00:00:00-04:00,268.5557157881623,269.63919526156394,267.26458916274504,269.4766540527344,51677300
2019-07-08 00:00:00-04:00,268.1674620091727,269.2960749060107,267.45417094324387,267.99591064453125,45841800
2019-07-09 00:00:00-04:00,266.8401319541879,268.6278366109929,266.7859607557403,268.32989501953125,41101300
2019-07-10 00:00:00-04:00,269.39534519807506,270.5600812739369,268.8626432853066,269.6120300292969,58448500
2019-07-11 00:00:00-04:00,270.25305627246956,270.48778894864506,269.2418238255109,270.2440185546875,50826100
2019-07-12 00:00:00-04:00,270.73161735765416,271.52616509938144,270.4246380127178,271.45391845703125,40326000
2019-07-15 00:00:00-04:00,271.8873226456437,271.8873226456437,271.03860367732375,271.5442199707031,33900000
2019-07-16 00:00:00-04:00,271.4539059829256,271.6615806276131,270.3614166652641,270.66839599609375,36650100
2019-07-17 00:00:00-04:00,270.641387055438,270.8039007082595,268.8265686035156,268.8265686035156,36036300
2019-07-18 00:00:00-04:00,268.3299433311183,270.18989495674094,267.8875359461371,269.8106689453125,51392600
2019-07-19 00:00:00-04:00,270.90314927048956,270.93023487092404,268.14030781010166,268.3118591308594,58678600
2019-07-22 00:00:00-04:00,268.7091014293009,269.51268682028854,268.194475028688,268.970947265625,43638100
2019-07-23 00:00:00-04:00,270.0905766044497,270.8941345214844,269.25990553066293,270.8941345214844,44564500
2019-07-24 00:00:00-04:00,270.13573328679485,272.167236328125,270.04543875193104,272.167236328125,47213200
2019-07-25 00:00:00-04:00,271.71578443902234,271.76995564778645,270.0634799096485,270.8670654296875,55394100
2019-07-26 00:00:00-04:00,271.55330237938404,272.8805522564363,271.42688450822385,272.6819152832031,45084100
2019-07-29 00:00:00-04:00,272.5645593450953,272.68193950616376,271.6345833318975,272.1853332519531,38126500
2019-07-30 00:00:00-04:00,270.7857815620586,271.92343194048675,270.40655558457587,271.5171203613281,45849000
2019-07-31 00:00:00-04:00,271.76097959602436,271.9506064237515,266.53326388586026,268.54669189453125,104245200
2019-08-01 00:00:00-04:00,268.70014633011544,271.65258755474997,265.4136125645929,266.2081604003906,142646600
2019-08-02 00:00:00-04:00,265.314330902532,265.5581013739478,262.650793388134,264.2037658691406,116749700
2019-08-05 00:00:00-04:00,260.1136629564653,260.2220053837113,254.36225615994783,256.2583312988281,178745400
2019-08-06 00:00:00-04:00,258.1453886890081,260.0685495834864,256.67367297899784,259.8518371582031,120711700
2019-08-07 00:00:00-04:00,256.78201534695285,260.7728029003708,254.65120730275834,260.0053405761719,140572300
2019-08-08 00:00:00-04:00,261.4951276540409,265.106689453125,260.9443777056149,265.106689453125,87713900
2019-08-09 00:00:00-04:00,264.1676704197368,264.7635814112252,261.5222080674551,263.3009033203125,93730000
2019-08-12 00:00:00-04:00,261.80202916869314,263.29179245654484,259.1475298322207,260.0955810546875,65527600
2019-08-13 00:00:00-04:00,259.7975434715182,265.5850713146345,259.45444088441707,264.14044189453125,94299800
2019-08-14 00:00:00-04:00,260.09556938065884,260.70049034452813,256.20411507951735,256.33050537109375,135622100
2019-08-15 00:00:00-04:00,257.2154567222614,257.9016623373555,254.9672681362208,257.0077819824219,99556600
2019-08-16 00:00:00-04:00,258.6599596100818,261.23317429061143,257.06182653655287,260.7998046875,83018300
2019-08-19 00:00:00-04:00,263.81550422440336,264.6190622184229,263.13833653723043,263.94189453125,53571800
2019-08-20 00:00:00-04:00,263.43622123692984,263.9689230625115,261.79298227907464,261.91937255859375,51596400
2019-08-21 00:00:00-04:00,264.07731753557846,264.42039264271136,263.3911122132719,264.05023193359375,49524700
2019-08-22 00:00:00-04:00,264.75450123640525,265.38650783914835,262.1993065597355,263.9689636230469,51666400
2019-08-23 00:00:00-04:00,262.66887506036954,264.33019001252563,255.94233087198558,257.1883239746094,149161500
2019-08-26 00:00:00-04:00,259.3733202614595,260.0324401855469,257.84743325188174,260.0324401855469,72423800
2019-08-27 00:00:00-04:00,261.4229061159633,261.7930945034179,258.25375184938554,259.0121765136719,66668900
2019-08-28 00:00:00-04:00,258.3530803749549,260.99854271685837,257.54949466784865,260.8360290527344,59696700
2019-08-29 00:00:00-04:00,263.3911606210267,264.6913248632864,262.3889380553566,264.1676330566406,57899400
2019-08-30 00:00:00-04:00,265.6483375587326,265.6663854420489,263.1202561934248,264.05023193359375,62901200
2019-09-03 00:00:00-04:00,262.3527497186402,263.2646498673304,261.17897620499605,262.5062255859375,69101400
2019-09-04 00:00:00-04:00,264.67330502987176,265.50394876745247,263.9238905677633,265.48590087890625,46887300
2019-09-05 00:00:00-04:00,267.96879736456265,269.8106735830968,265.44972592383255,268.8987731933594,83258100
2019-09-06 00:00:00-04:00,269.2147237052525,269.7474254993275,268.53755620454444,269.1063537597656,49584300
2019-09-09 00:00:00-04:00,270.0906013596085,270.18086834097136,268.3028687534425,269.24188232421875,51260300
2019-09-10 00:00:00-04:00,268.48337640040836,269.24182830225595,267.22837353862485,269.1786193847656,57947100
2019-09-11 00:00:00-04:00,269.4856603743414,271.1740607730114,268.83557827685104,271.0928039550781,68821100
2019-09-12 00:00:00-04:00,271.9956759928493,273.08816543274827,271.23725152228974,272.03179931640625,72908700
2019-09-13 00:00:00-04:00,272.4742232943265,272.8263637238987,271.4810384912023,271.8512268066406,62104800
2019-09-16 00:00:00-04:00,270.72254318691955,271.8963167578884,270.3704304034408,271.011474609375,58191200
2019-09-17 00:00:00-04:00,270.8129115165538,271.7880208906066,270.64136015983695,271.69775390625,41475500
2019-09-18 00:00:00-04:00,271.3095130844703,271.96863296095114,269.2780097922511,271.86029052734375,73375800
2019-09-19 00:00:00-04:00,272.2484746882701,273.2416593963996,271.5080981282079,271.8421630859375,76560500
2019-09-20 00:00:00-04:00,272.44444179650503,272.7256557739762,269.7686322549902,270.5577697753906,89565000
2019-09-23 00:00:00-04:00,269.89566087758845,271.2109087987867,269.6416852140578,270.49432373046875,43476800
2019-09-24 00:00:00-04:00,271.5827953011382,271.9728243964235,267.41031441968806,268.3717956542969,94869400
2019-09-25 00:00:00-04:00,268.4534446997761,270.4036179808236,266.97493260928337,269.95916748046875,71854000
2019-09-26 00:00:00-04:00,269.96814996825674,270.17675595776956,267.99076670726214,269.3966979980469,56179700
2019-09-27 00:00:00-04:00,270.14955226807103,270.25842267385457,266.3943398657859,267.9454040527344,84746600
2019-09-30 00:00:00-04:00,268.4624127579998,269.8955546492936,268.41707085357206,269.18804931640625,51662400
2019-10-01 00:00:00-04:00,270.06797514180766,270.7210593029976,265.7685205613803,265.9862060546875,88242400
2019-10-02 00:00:00-04:00,264.4078541500029,264.4169336033458,259.99955810195115,261.2875671386719,122539500
2019-10-03 00:00:00-04:00,261.0607830524935,263.45543333301697,258.3486841034417,263.42822265625,85278800
2019-10-04 00:00:00-04:00,264.081418140647,267.2470481606347,264.02696908285304,266.9930725097656,65091200
2019-10-07 00:00:00-04:00,266.19480049123445,267.818445039267,265.5598476544299,265.8410339355469,59610500
2019-10-08 00:00:00-04:00,263.990626093179,264.7253421334106,261.6776075713752,261.7138977050781,95708100
2019-10-09 00:00:00-04:00,263.72767961308983,265.1336114585525,263.10180603510383,264.1993408203125,62359400
2019-10-10 00:00:00-04:00,264.1176650870851,266.8660551651619,263.9544009671046,265.9862060546875,55296300
2019-10-11 00:00:00-04:00,268.7346644381994,270.97510381384257,268.61676988687105,268.7437438964844,98720400
2019-10-14 00:00:00-04:00,268.42611599601287,269.09735886128357,268.0995878571728,268.44427490234375,40394800
2019-10-15 00:00:00-04:00,269.48739435763724,271.84575469340325,269.36947218865987,271.1019592285156,46754500
2019-10-16 00:00:00-04:00,270.63941529110076,271.3560002499491,270.23125500917473,270.6666259765625,48928200
2019-10-17 00:00:00-04:00,271.8276621175921,272.3356133684746,270.77546947468795,271.46484375,45736600
2019-10-18 00:00:00-04:00,270.929634312639,271.5736388782995,269.4239120539197,270.27655029296875,64304000
2019-10-21 00:00:00-04:00,271.59179224199676,272.3083493813206,271.1563936773508,272.1087951660156,39048600
2019-10-22 00:00:00-04:00,272.6440336093649,272.93429940069217,271.12925918317654,271.219970703125,48594700
2019-10-23 00:00:00-04:00,270.965950615548,272.0634850874928,270.75731692201106,272.0090637207031,34352200
2019-10-24 00:00:00-04:00,272.94331115214135,273.0884440118041,271.62806364231596,272.4534912109375,35453100
2019-10-25 00:00:00-04:00,271.88215940170795,274.11354696390293,271.8277380154373,273.5693054199219,45205400
2019-10-28 00:00:00-04:00,274.7846473563298,275.61007494387354,274.7574366745982,275.1111755371094,42147000
2019-10-29 00:00:00-04:00,274.83912723810425,275.95482078917917,274.7121255754735,275.02960205078125,44284900
2019-10-30 00:00:00-04:00,275.229106138278,276.24500852902196,273.9229380126746,275.8731384277344,49643900
2019-10-31 00:00:00-04:00,275.8641227568858,275.8641227568858,273.68718460462867,275.1384582519531,69053800
2019-11-01 00:00:00-04:00,276.5807027657832,277.7326588147076,276.41741095435447,277.68731689453125,71141500
2019-11-04 00:00:00-05:00,279.23831607348995,279.3743694834143,278.43101970583336,278.80291748046875,60606900
2019-11-05 00:00:00-05:00,279.0025497152499,279.30189498204095,278.2043325788355,278.4945983886719,42933200
2019-11-06 00:00:00-05:00,278.4946046311865,278.8302123707764,277.61475540627197,278.55810546875,46487100
2019-11-07 00:00:00-05:00,279.89145582645773,280.87106825413883,279.06602806695554,279.5376892089844,54272300
2019-11-08 00:00:00-05:00,279.19295893958304,280.28144163006976,278.49453294996727,280.2270202636719,49032100
2019-11-11 00:00:00-05:00,278.848365987301,279.86426864392786,278.71228485760133,279.6919250488281,35797300
2019-11-12 00:00:00-05:00,280.054668191953,281.1794133049867,279.5104268632624,280.28143310546875,46484600
2019-11-13 00:00:00-05:00,279.2928497962224,280.7713620351493,279.0660847947005,280.37225341796875,53917700
2019-11-14 00:00:00-05:00,280.0910183287371,280.862024736105,279.4560653623706,280.7803649902344,51219900
2019-11-15 00:00:00-05:00,282.1138323591222,282.85762831105296,281.4244854819012,282.8122863769531,62023600
2019-11-18 00:00:00-05:00,282.5762710973889,283.25656578539156,282.1227413053871,283.0207214355469,49228000
2019-11-19 00:00:00-05:00,283.6193815961007,283.6284610498649,282.29508236581955,282.9390869140625,67804700
2019-11-20 00:00:00-05:00,282.3495416770167,282.86657234836355,280.3358680402715,281.8869323730469,79406200
2019-11-21 00:00:00-05:00,281.9959026614513,282.10474543475334,280.63531263262547,281.4335021972656,54664700
2019-11-22 00:00:00-05:00,282.17718732194487,282.3132407351811,281.0524421975064,282.05926513671875,44850200
2019-11-25 00:00:00-05:00,282.9845928218921,284.2453918457031,282.9845928218921,284.2453918457031,48647200
2019-11-26 00:00:00-05:00,284.2816591210013,285.0707968398084,283.9641826057425,284.8893737792969,37569000
2019-11-27 00:00:00-05:00,285.3700145636202,286.1591796875,285.1523291122122,286.1591796875,44444600
2019-11-29 00:00:00-05:00,285.5968026686247,285.84172650261706,284.87116598414514,285.0979309082031,36592700
2019-12-02 00:00:00-05:00,285.3519574335292,285.41545826710006,282.24982822038623,282.6761474609375,75767800
2019-12-03 00:00:00-05:00,279.9640166629559,280.862024736105,278.58529565869156,280.7803649902344,73941700
2019-12-04 00:00:00-05:00,281.8234099210745,283.1114189653201,281.47872286715346,282.51275634765625,49080000
2019-12-05 00:00:00-05:00,283.21122387869605,283.2293551051219,281.71455342008073,283.0207214355469,40709000
2019-12-06 00:00:00-05:00,284.9256011908763,286.00500449632267,284.9165217354681,285.60589599609375,48927000
2019-12-09 00:00:00-05:00,285.21589807283027,285.88711349587976,284.63536648869166,284.70794677734375,34838500
2019-12-10 00:00:00-05:00,284.6534969724014,285.3156328729228,283.73735776823526,284.39044189453125,52649800
2019-12-11 00:00:00-05:00,284.84410921686583,285.4518517214934,284.30894702866425,285.1978759765625,53429100
2019-12-12 00:00:00-05:00,285.2068112141044,288.4359419435748,284.97099448527933,287.6558837890625,96389600
2019-12-13 00:00:00-05:00,287.4199676298921,289.0526914993744,286.64896144274167,287.8281555175781,81503900
2019-12-16 00:00:00-05:00,289.5516883749544,290.3952475141658,287.7647791043134,289.8056640625,82749700
2019-12-17 00:00:00-05:00,290.1865865771561,290.4859041346796,289.78747804627915,289.8691101074219,61097700
2019-12-18 00:00:00-05:00,290.2591048310666,290.4858697567159,289.8327856635954,289.88720703125,48133000
2019-12-19 00:00:00-05:00,290.07766829054526,291.14801972745664,289.8236926929126,291.075439453125,85310500
2019-12-20 00:00:00-05:00,292.10552598899403,293.4819293110863,291.1302212825293,292.3516540527344,147142100
2019-12-23 00:00:00-05:00,293.13550600154747,293.1901949374519,292.65240185614937,292.7982482910156,52990000
2019-12-24 00:00:00-05:00,293.026067710231,293.07163254163527,292.5064951089071,292.80731201171875,20270000
2019-12-26 00:00:00-05:00,293.1901602146185,294.37515192605576,293.1810639379538,294.36602783203125,30911200
2019-12-27 00:00:00-05:00,295.0952628094436,295.149951744562,293.7644523592922,294.2931213378906,42528800
2019-12-30 00:00:00-05:00,294.37524973919426,294.5119721081925,292.18758056574677,292.6706848144531,49729100
2019-12-31 00:00:00-05:00,292.16925296260575,293.6276892705335,291.82287121002,293.3815612792969,57077300
2020-01-02 00:00:00-05:00,294.91290542669935,296.1434618086508,293.99226220909725,296.1252136230469,59151200
2020-01-03 00:00:00-05:00,292.74353546966336,295.00411329960116,292.68884653822107,293.8829345703125,77709700
2020-01-06 00:00:00-05:00,292.1328118215423,295.08615327203825,292.0143098616565,295.0041198730469,55653900
2020-01-07 00:00:00-05:00,294.43903377463585,294.9130417417363,293.7280496413541,294.1747131347656,40496400
2020-01-08 00:00:00-05:00,294.3660286722624,296.9547400028766,294.1199284891358,295.742431640625,68296000
2020-01-09 00:00:00-05:00,297.30119760730037,297.82077038824355,296.71781178644477,297.7478332519531,48473300
2020-01-10 00:00:00-05:00,298.3312381801406,298.4861809242892,296.42616567870095,296.8910217285156,53029300
2020-01-13 00:00:00-05:00,297.51074112791366,298.9418050156996,297.0823260256532,298.9327087402344,47086800
2020-01-14 00:00:00-05:00,298.4953016751799,299.54354357146394,297.9210399203598,298.4770812988281,62832800
2020-01-15 00:00:00-05:00,298.3858164658878,299.9080379561586,298.3037830757557,299.1514892578125,72056600
2020-01-16 00:00:00-05:00,300.5278990481638,301.63995361328125,300.30001924233943,301.63995361328125,54050300
2020-01-17 00:00:00-05:00,302.35097758583424,302.7884890679203,301.5761805798231,302.578857421875,95846000
2020-01-21 00:00:00-05:00,301.621817416512,302.7885613428453,301.5489080912153,301.9864196777344,77742400
2020-01-22 00:00:00-05:00,302.8431278236257,303.4903264792452,301.8678234281699,302.02276611328125,48914900
2020-01-23 00:00:00-05:00,301.37567931823935,302.77942705597485,300.2636244798141,302.3692321777344,51963000
2020-01-24 00:00:00-05:00,303.02546369041266,303.1074970853696,298.3949302922052,299.68017578125,87578400
2020-01-27 00:00:00-05:00,294.44811064824233,296.35318285602233,294.1108529210448,294.87652587890625,84062500
2020-01-28 00:00:00-05:00,296.298487210109,298.84163406721996,294.9676767051918,297.9665832519531,63834000
2020-01-29 00:00:00-05:00,299.32474201380455,299.5526218615138,297.5199236056963,297.720458984375,53888900
2020-01-30 00:00:00-05:00,295.66036446661803,298.89627442765044,294.9129398382602,298.6866149902344,75491800
2020-01-31 00:00:00-05:00,298.06678837146853,298.22175888029057,292.3515728105219,293.2630920410156,113845600
2020-02-03 00:00:00-05:00,294.73979049796515,297.30115767312014,294.6212885304359,295.441650390625,69083000
2020-02-04 00:00:00-05:00,299.0421847479902,300.8105346597248,298.7231473854342,299.944580078125,62573200
2020-02-05 00:00:00-05:00,302.8705625667215,303.6180152040548,301.4121536768775,303.4083557128906,65951100
2020-02-06 00:00:00-05:00,304.3654777307045,304.62070207645655,303.35367662683126,304.4292907714844,50359700
2020-02-07 00:00:00-05:00,303.37183913632214,304.4383010658972,302.2597845544811,302.80670166015625,64139400
2020-02-10 00:00:00-05:00,301.92253597033135,305.13107376686384,301.88606741089336,305.0672607421875,42070000
2020-02-11 00:00:00-05:00,306.41633961218275,307.2002328793031,305.0672809970112,305.5959777832031,54864500
2020-02-12 00:00:00-05:00,307.02712038790895,307.7745731014097,306.6625181282939,307.56494140625,43992700
2020-02-13 00:00:00-05:00,306.1427992264959,308.20284134554566,305.8693546166026,307.23663330078125,54501900
2020-02-14 00:00:00-05:00,307.64687895696886,307.84741430987003,306.4527909338537,307.7289123535156,64582200
2020-02-18 00:00:00-05:00,306.73540821888315,307.7927740817303,305.5504162851949,306.9359436035156,57226200
2020-02-19 00:00:00-05:00,307.9020874174254,309.0779271915285,307.61951868249895,308.4034118652344,48814700
2020-02-20 00:00:00-05:00,307.8565243216202,308.67691395841035,304.15575813081296,307.1364440917969,74163400
2020-02-21 00:00:00-05:00,305.78745621324725,306.0973695137125,303.15315143324005,303.9735412597656,113788200
2020-02-24 00:00:00-05:00,294.54832373659,304.04633809698913,292.81641502565685,293.89202880859375,161088400
2020-02-25 00:00:00-05:00,295.27757219253857,295.8882745622072,284.1114604678439,284.98651123046875,218913200
2020-02-26 00:00:00-05:00,286.3811587759355,289.9634233462724,283.2090890630601,283.93829345703125,194773800
2020-02-27 00:00:00-05:00,278.4327514100049,283.9930261776727,271.1861877441406,271.1861877441406,284353500
2020-02-28 00:00:00-05:00,263.15566832306206,271.5325340386913,260.27526361074985,270.0467529296875,384975800
2020-03-02 00:00:00-05:00,271.8241810091955,281.80532914475464,268.40598340350584,281.74151611328125,238703600
2020-03-03 00:00:00-05:00,282.1152386233994,286.0712292614889,271.2408194618374,273.674560546875,300139100
2020-03-04 00:00:00-05:00,279.0342862432625,285.3967010302959,276.4911395839047,285.17791748046875,176613400
2020-03-05 00:00:00-05:00,277.9951665598652,281.1763600202487,273.4649145191371,275.6981201171875,186366800
2020-03-06 00:00:00-05:00,267.2118873410211,272.3437456449538,264.5502664620457,271.1405334472656,228667200
2020-03-09 00:00:00-04:00,250.94132346367905,259.04474569545937,249.25503453343848,249.9660186767578,309417300
2020-03-10 00:00:00-04:00,259.4548189035631,262.99148976667317,249.3004824278456,262.9003601074219,276444100
2020-03-11 00:00:00-04:00,255.8634838386491,256.9937588920719,246.91235745450595,250.0844268798828,255316300
2020-03-12 00:00:00-04:00,233.34894558391483,243.06574485920348,225.7650981762707,226.1570587158203,392220700
2020-03-13 00:00:00-04:00,239.8116563713259,247.45931815181189,226.53082479595767,245.4904327392578,329566100
2020-03-16 00:00:00-04:00,219.84020754106757,234.1692913616769,216.35821121478764,218.62789916992188,297240000
2020-03-17 00:00:00-04:00,223.35869921057358,233.50392810842425,216.09390266325667,230.43209838867188,262070500
2020-03-18 00:00:00-04:00,215.34645080566406,226.39406110097966,207.8446502974257,218.7646484375,327597100
2020-03-19 00:00:00-04:00,218.08099810602204,225.49165465544974,211.6730183757266,219.22950744628906,289322000
2020-03-20 00:00:00-04:00,222.37076338943308,224.149511692918,209.50694631687315,209.78201293945312,347158800
2020-03-23 00:00:00-04:00,209.22268050674896,210.58882164978553,200.11806218300114,204.41822814941406,326025200
2020-03-24 00:00:00-04:00,214.9348561536564,223.81025556170377,214.3663954320049,222.939208984375,235494500
2020-03-25 00:00:00-04:00,224.5162352253458,235.04201992086357,219.82181757105965,226.27664184570312,299430300
2020-03-26 00:00:00-04:00,228.77974835482536,240.9558914934752,228.34881392408727,239.48890686035156,257632800
2020-03-27 00:00:00-04:00,232.21804924789328,239.13131375893414,230.18257586335054,232.35557556152344,224341200
2020-03-30 00:00:00-04:00,234.44605962945386,240.61665407010992,232.45643301160396,239.9014892578125,171369500
2020-03-31 00:00:00-04:00,238.90205096760556,241.4417963725967,234.9227984498402,236.32562255859375,194881100
2020-04-01 00:00:00-04:00,227.36772539626958,236.24312431481496,223.62685616519354,225.68983459472656,189554600
2020-04-02 00:00:00-04:00,224.80964222485147,231.67705936295383,224.25950903784965,230.89772033691406,177660400
2020-04-03 00:00:00-04:00,229.91666012342145,232.26388300481995,224.83715469449982,227.56028747558594,135561200
2020-04-06 00:00:00-04:00,236.40812276656246,244.80673935456574,227.54190283658446,242.8446044921875,188061200
2020-04-07 00:00:00-04:00,251.41747622455648,252.16932399949252,242.87218203318542,243.09222412109375,201427200
2020-04-08 00:00:00-04:00,245.6870219261838,253.05874090906812,243.20228632655915,251.2524871826172,153774500
2020-04-09 00:00:00-04:00,254.50737795290667,257.8265049685233,252.5727758010134,255.07586669921875,189999200
2020-04-13 00:00:00-04:00,254.10389364132772,254.44313443997197,248.85016619211552,252.7469024658203,114839100
2020-04-14 00:00:00-04:00,257.6248038351175,261.2189556921162,252.60947200950213,260.20123291015625,134143400
2020-04-15 00:00:00-04:00,254.49821499657006,260.3387321420968,252.5635849639978,254.67242431640625,121775000
2020-04-16 00:00:00-04:00,255.9468184845768,256.7536766430272,252.83861260251467,255.90098571777344,131798300
2020-04-17 00:00:00-04:00,261.658962878332,263.4193550866855,258.9266530783905,262.8142395019531,146684800
2020-04-20 00:00:00-04:00,259.11931962908403,262.95189746439894,257.9640704078135,258.1841125488281,100109300
2020-04-21 00:00:00-04:00,253.7280442757594,254.92915404106213,249.40952219223675,250.34475708007812,126385700
2020-04-22 00:00:00-04:00,255.21332633013031,257.64305057028287,253.893018067381,255.90098571777344,92951600
2020-04-23 00:00:00-04:00,257.1754170609283,260.3386612375464,255.58005633581496,255.8826141357422,104709700
2020-04-24 00:00:00-04:00,257.39557038512345,260.11870338954105,255.35091919954365,259.4493713378906,85063200
2020-04-27 00:00:00-04:00,261.42067588061485,264.30884067979105,260.9622361353189,263.19024658203125,77896600
2020-04-28 00:00:00-04:00,266.8302527082662,267.17867138306195,261.67739457497856,261.97998046875,105270000
2020-04-29 00:00:00-04:00,267.29778446877594,270.369335297768,266.27088427087654,268.838134765625,118745600
2020-04-30 00:00:00-04:00,267.462857175173,268.9390474225819,264.60219818898923,266.3351135253906,122901700
2020-05-01 00:00:00-04:00,261.5948274910563,266.5001372793607,258.1198471539412,259.2843017578125,125180000
2020-05-04 00:00:00-04:00,257.4046969992286,260.30203907180845,255.92853469244014,259.9994812011719,80873200
2020-05-05 00:00:00-04:00,262.814248648765,265.20728975991784,260.12777151810104,262.4016418457031,79569900
2020-05-06 00:00:00-04:00,264.09793589455825,264.4830095523587,260.192020908388,260.6229553222656,73632600
2020-05-07 00:00:00-04:00,263.83207158010157,265.69333581380084,263.2636107768448,263.76788330078125,75250400
2020-05-08 00:00:00-04:00,266.89434866344646,268.59975843411314,265.7665772347648,268.13214111328125,76452400
2020-05-11 00:00:00-04:00,266.20676247386785,269.56254444611375,265.7850057832069,268.1872253417969,79514200
2020-05-12 00:00:00-04:00,269.37000418111256,269.7825831185984,262.7042730991444,262.8418273925781,95870800
2020-05-13 00:00:00-04:00,262.2825734797414,263.31865189419375,255.7727227895186,258.19329833984375,144721100
2020-05-14 00:00:00-04:00,255.76353778728304,261.4114906647709,250.29891603317049,261.28314208984375,121977900
2020-05-15 00:00:00-04:00,258.89925085277906,262.53008571070245,257.954866120157,262.4842529296875,111146300
2020-05-18 00:00:00-04:00,268.6914747602291,272.08393945209053,268.3705893815132,270.4794006347656,119703800
2020-05-19 00:00:00-04:00,269.88340997902395,271.58879193513707,267.6829053984864,267.70123291015625,95189300
2020-05-20 00:00:00-04:00,271.2313006225374,273.11089240666524,271.0020807473539,272.2490234375,85861700
2020-05-21 00:00:00-04:00,272.1206276660374,272.92748596370774,269.278296110494,270.369384765625,78293900
2020-05-22 00:00:00-04:00,270.0851928712047,271.05708287336876,268.84739998740986,270.88287353515625,63958200
2020-05-26 00:00:00-04:00,276.83335693039163,277.07175449936034,270.90114681308035,274.2202453613281,88951400
2020-05-27 00:00:00-04:00,277.0075509205538,278.3370370080894,272.1939349208289,278.30035400390625,104817400
2020-05-28 00:00:00-04:00,279.3272767982314,281.3352447299404,277.1175942986496,277.78692626953125,90405200
2020-05-29 00:00:00-04:00,277.3193091660714,279.61150744849493,274.5778489741923,279.02471923828125,119090800
2020-06-01 00:00:00-04:00,278.38292576798335,280.7576401144218,277.8694755298853,280.1524963378906,55758300
2020-06-02 00:00:00-04:00,281.0693740975131,282.5180592457431,279.73991573138625,282.4721984863281,74267200
2020-06-03 00:00:00-04:00,284.45263612777273,287.18494662104723,284.1775835194625,286.23138427734375,92567600
2020-06-04 00:00:00-04:00,285.2503333753304,286.9832488519643,283.38906933428206,285.47955322265625,75794400
2020-06-05 00:00:00-04:00,290.8617534903932,294.56592728354195,290.7975651968073,292.7963562011719,150524700
2020-06-08 00:00:00-04:00,293.60301744179736,296.5278639188232,293.0620621472375,296.3353271484375,73641200
2020-06-09 00:00:00-04:00,293.6764120455833,296.408722278723,292.8145433136846,294.1257019042969,77479200
2020-06-10 00:00:00-04:00,294.70338803982554,295.5927621739855,291.7693627776029,292.4845275878906,95000800
2020-06-11 00:00:00-04:00,285.5712235543959,286.20387252008595,275.0729721884442,275.6230773925781,209243600
2020-06-12 00:00:00-04:00,282.6188503742168,283.3890255846192,273.78014897594073,278.923828125,194678900
2020-06-15 00:00:00-04:00,273.24835223856235,282.6555425806839,272.07474788246594,281.52777099609375,135782700
2020-06-16 00:00:00-04:00,289.2572099624055,289.40391406812944,282.09638193862963,286.9466552734375,137627500
2020-06-17 00:00:00-04:00,287.9643521488298,288.25776030514066,285.021148798676,285.7546691894531,83398900
2020-06-18 00:00:00-04:00,284.2417880969982,286.3414217497539,283.7833484028866,285.8646545410156,80828700
2020-06-19 00:00:00-04:00,289.32367329044104,289.5170574345226,282.28787417657315,284.23101806640625,135549600
2020-06-22 00:00:00-04:00,283.6323430698322,286.4503381503588,282.49041850503755,286.0543518066406,74649400
2020-06-23 00:00:00-04:00,288.6973956071107,289.627527981212,286.9660723422408,287.37127685546875,68471200
2020-06-24 00:00:00-04:00,285.3359654871181,285.9529901790608,278.20810074244577,280.04071044921875,132813500
2020-06-25 00:00:00-04:00,279.46981736237365,283.3100417218154,277.45301313177083,283.04296875,89468000
2020-06-26 00:00:00-04:00,281.94711324330086,282.15893364058905,275.7401601235611,276.3203125,127961000
2020-06-29 00:00:00-04:00,277.5727838921979,280.5196928041572,275.28890629956817,280.3815612792969,79773300
2020-06-30 00:00:00-04:00,279.9486930198918,285.6675903215087,279.792153347328,283.97308349609375,113394800
2020-07-01 00:00:00-04:00,285.08736775765794,287.2238950877985,284.62691073499315,285.96221923828125,72396500
2020-07-02 00:00:00-04:00,289.38803604130976,290.7325908541107,286.8739585501112,287.5370178222656,69344200
2020-07-06 00:00:00-04:00,291.34967608377184,292.5560716657089,290.6037376889581,291.97589111328125,61713800
2020-07-07 00:00:00-04:00,290.4379459868934,292.4086879039096,288.5868993171508,288.9644775390625,82910000
2020-07-08 00:00:00-04:00,289.7288707575168,291.28521836796824,287.9699489555789,291.1747131347656,54638600
2020-07-09 00:00:00-04:00,291.7824392568342,292.0218859318801,286.109604655345,289.5169982910156,83354200
2020-07-10 00:00:00-04:00,289.45251680342045,292.74018697945144,288.02511114921197,292.4731140136719,57550400
2020-07-13 00:00:00-04:00,294.81228763297554,297.1882340667077,289.2868020526864,289.9406433105469,102997500
2020-07-14 00:00:00-04:00,288.5223761645233,294.47150148289853,287.3251990766644,293.69793701171875,93657000
2020-07-15 00:00:00-04:00,296.9120110782605,297.4921916391001,294.020326411243,296.39630126953125,87196500
2020-07-16 00:00:00-04:00,294.4990994168282,295.87125229977755,293.8544483675677,295.4200134277344,54622500
2020-07-17 00:00:00-04:00,296.4238694209868,297.0593024720893,294.45309952821765,296.2765197753906,62774900
2020-07-20 00:00:00-04:00,296.0094126786261,299.4168060932532,295.2634745052949,298.6708679199219,56308800
2020-07-21 00:00:00-04:00,300.632423503006,301.0744442907489,298.3209200855165,299.3063049316406,57292200
2020-07-22 00:00:00-04:00,298.94711028029644,301.323084234717,298.8366050924752,301.00994873046875,57792900
2020-07-23 00:00:00-04:00,300.6507824803938,301.35068608523807,296.055430800531,297.4183654785156,75738000
2020-07-24 00:00:00-04:00,295.56733937292,296.52506963264034,294.0017744381239,295.50286865234375,73766600
2020-07-27 00:00:00-04:00,296.19361733148213,297.83284336537673,295.4016165623497,297.6578674316406,48293000
2020-07-28 00:00:00-04:00,296.93038292448483,298.04470943209714,295.4753507358692,295.7700500488281,57495000
2020-07-29 00:00:00-04:00,296.6449108985429,299.96942614775605,296.60806645726814,299.40765380859375,48454200
2020-07-30 00:00:00-04:00,296.4422441472383,298.7537475391664,294.36099738513786,298.3393249511719,61861700
2020-07-31 00:00:00-04:00,300.1258761780566,300.7981535361253,295.9172923240878,300.69683837890625,84986800
2020-08-03 00:00:00-04:00,302.35458371421714,303.55176103880365,301.81124766050027,302.78741455078125,53077900
2020-08-04 00:00:00-04:00,301.93091720834786,303.9569396972656,301.93091720834786,303.9569396972656,41917900
2020-08-05 00:00:00-04:00,305.2554476092795,306.10270108517585,304.98837460760626,305.8448181152344,42697700
2020-08-06 00:00:00-04:00,305.26457778295924,308.008883470918,304.94225226748324,307.88916015625,43679400
2020-08-07 00:00:00-04:00,306.9223336634307,308.3958022453001,306.0198274823178,308.1103210449219,57308300
2020-08-10 00:00:00-04:00,308.56154419446693,309.2153854806249,306.6276185368531,309.0312194824219,44282100
2020-08-11 00:00:00-04:00,310.21000563915504,310.84543879148185,305.7527835401026,306.48028564453125,69601100
2020-08-12 00:00:00-04:00,308.9114977995642,311.52689106243633,308.8838714944804,310.7533264160156,53774400
2020-08-13 00:00:00-04:00,309.9888955675153,311.4992082489788,309.2705836615696,310.1914978027344,41816100
2020-08-14 00:00:00-04:00,309.80469729931406,310.73482947821054,309.0771673345119,310.20068359375,47260400
2020-08-17 00:00:00-04:00,311.2137224910681,311.5820825212489,310.2099294645962,311.18609619140625,35481000
2020-08-18 00:00:00-04:00,311.5820463337453,312.28194998264934,309.98885496076423,311.85833740234375,38733900
2020-08-19 00:00:00-04:00,312.2360098565189,312.7517196619163,309.9981946540898,310.5599670410156,68054200
2020-08-20 00:00:00-04:00,308.8377736301808,312.0057207368476,308.7088602558769,311.52685546875,42207800
2020-08-21 00:00:00-04:00,311.1953037485117,312.85293788001695,310.8545419255064,312.6319274902344,55106600
2020-08-24 00:00:00-04:00,315.0630871567319,315.87349595788055,312.60426256204136,315.7998352050781,48588700
2020-08-25 00:00:00-04:00,316.36172368925685,316.987938738221,315.20136254835245,316.9050598144531,38463400
2020-08-26 00:00:00-04:00,317.4943564112972,320.34916765874164,316.9510204608459,320.0821228027344,50790200
2020-08-27 00:00:00-04:00,320.94782937860447,322.22788555251475,319.1244090738759,320.78204345703125,58034100
2020-08-28 00:00:00-04:00,321.80414618704947,322.98291482090434,320.61615942116055,322.8539733886719,48588900
2020-08-31 00:00:00-04:00,322.6422984405211,323.5171500758055,321.4543112428884,321.6845397949219,66099200
2020-09-01 00:00:00-04:00,322.51332671022755,324.8156120146118,321.6200388879637,324.7143249511719,54908700
2020-09-02 00:00:00-04:00,326.6206116646277,330.3779287745175,325.47865908576307,329.4109802246094,69540000
2020-09-03 00:00:00-04:00,327.72577971733415,328.19545502122673,315.4960384795062,318.0746154785156,148011100
2020-09-04 00:00:00-04:00,318.7560217314167,320.32155893623025,308.3865193279406,315.4775695800781,139156300
2020-09-08 00:00:00-04:00,310.0810183653904,315.54206103531834,306.5539292774732,306.8578186035156,114465300
2020-09-09 00:00:00-04:00,310.85461330882225,315.37630593191915,309.98895161129644,312.91748046875,91462300
2020-09-10 00:00:00-04:00,314.78685053527204,315.4406916483202,306.52625029812896,307.4840087890625,90569500
2020-09-11 00:00:00-04:00,309.2614738195936,310.32051973572015,304.822659763259,307.6406555175781,84680200
2020-09-14 00:00:00-04:00,310.79933901286097,313.4607946662511,307.78795955439836,311.692626953125,65605700
2020-09-15 00:00:00-04:00,314.14224664496544,314.97106380213984,311.70182964170226,313.26739501953125,52920900
2020-09-16 00:00:00-04:00,314.50146223868563,315.9288682104032,311.7479092776505,312.0242004394531,82096000
2020-09-17 00:00:00-04:00,307.18016277231743,310.9927613539666,306.65523489152685,309.27984619140625,91523300
2020-09-18 00:00:00-04:00,310.0833240814501,310.1942716478776,303.2412847248806,305.7192077636719,105877900
2020-09-21 00:00:00-04:00,301.14238742219266,302.4645593357365,297.4717223903731,302.3166198730469,99450800
2020-09-22 00:00:00-04:00,303.79599750028683,305.95030428150574,301.29030979270976,305.3955383300781,63612100
2020-09-23 00:00:00-04:00,305.95029107636867,306.2276881483939,297.8138181951708,298.3131103515625,93112200
2020-09-24 00:00:00-04:00,297.0002185553226,302.1594777085532,295.68727323191223,299.1083068847656,76681300
2020-09-25 00:00:00-04:00,298.25762343564503,304.7298270780176,297.38852490576954,303.9439392089844,71069400
2020-09-28 00:00:00-04:00,308.0954153354496,309.70421136202526,307.106085914168,308.9922790527344,64584600
2020-09-29 00:00:00-04:00,308.78884527571864,309.52851442541044,306.616028350716,307.3094787597656,51304000
2020-09-30 00:00:00-04:00,307.97519790754353,312.78313211808506,307.781039690102,309.6394958496094,104081100
2020-10-01 00:00:00-04:00,312.22833451482296,313.1991537202758,309.75041203082435,311.6273498535156,88698700
2020-10-02 00:00:00-04:00,306.68994901464,311.5995746419569,306.2183938043288,308.6685791015625,89431100
2020-10-05 00:00:00-04:00,310.7212700191764,314.3272066536649,310.675051276602,314.1423034667969,45713100
2020-10-06 00:00:00-04:00,314.28097349200937,316.37057974539914,309.16793362544905,309.67645263671875,90128900
2020-10-07 00:00:00-04:00,312.6258749568608,315.87123130943417,312.59813807421335,315.06683349609375,56999600
2020-10-08 00:00:00-04:00,316.99928967685366,317.9238901844621,316.083915987055,317.8591613769531,45242500
2020-10-09 00:00:00-04:00,319.5049503113114,321.15999312657567,318.8854837702439,320.69769287109375,59528600
2020-10-12 00:00:00-04:00,323.23113221465513,327.32710625079835,322.7410950073578,325.85699462890625,80388500
2020-10-13 00:00:00-04:00,325.71829333157706,325.89396970025575,322.76881520469266,323.73040771484375,73255500
2020-10-14 00:00:00-04:00,324.30363883511666,325.39466069842285,320.96584443553525,321.6962585449219,57727900
2020-10-15 00:00:00-04:00,317.7944920914556,321.77951876830656,317.2582361118935,321.2987365722656,60357700
2020-10-16 00:00:00-04:00,322.648589773227,324.30363260576735,320.92884634883575,321.1045227050781,89501900
2020-10-19 00:00:00-04:00,322.3620205940744,322.99074228284945,315.325822981665,316.2226867675781,68425600
2020-10-20 00:00:00-04:00,317.56327447111846,320.72542054305353,316.8051235185024,317.48931884765625,60051900
2020-10-21 00:00:00-04:00,317.44313504454004,319.60672543903087,316.583263194965,316.8883972167969,63575000
2020-10-22 00:00:00-04:00,317.10097125484754,319.2090592108434,314.9651464132425,318.6265563964844,55399300
2020-10-23 00:00:00-04:00,319.8470889921267,319.9025627725712,317.25821851614603,319.7084045410156,49143900
2020-10-26 00:00:00-04:00,316.3336287158571,317.11954492115404,310.31446938243005,313.80023193359375,91473000
2020-10-27 00:00:00-04:00,314.142337779827,314.4751804824875,312.5057765086921,312.71844482421875,65994100
2020-10-28 00:00:00-04:00,307.05985871686283,312.7461466489848,301.5399921174108,302.030029296875,127094300
2020-10-29 00:00:00-04:00,302.2612309226505,308.26188068846716,300.57845080596985,305.0997619628906,90597700
2020-10-30 00:00:00-04:00,303.52789396877716,304.8315842442729,298.27616915749184,301.9190979003906,120287300
2020-11-02 00:00:00-05:00,305.3030700683594,307.300182145621,302.56623250835605,305.3030700683594,86068300
2020-11-03 00:00:00-05:00,308.52995012960014,312.746126248305,305.38631400131226,310.6935119628906,93294200
2020-11-04 00:00:00-05:00,315.15934752702685,321.70553558783416,313.9851149209246,317.6372985839844,126959700
2020-11-05 00:00:00-05:00,322.907491721787,325.63507467035436,322.55613899305547,323.83209228515625,82039700
2020-11-06 00:00:00-05:00,323.5454189031764,325.00630337123437,321.43733106964845,323.7580871582031,74973000
2020-11-09 00:00:00-05:00,336.52684917649657,336.9059387720614,327.36405472488747,327.82635498046875,172304200
2020-11-10 00:00:00-05:00,326.83706430106344,328.39964160698554,324.08177251066513,327.3456115722656,85552000
2020-11-11 00:00:00-05:00,329.5276225136965,330.60016251209254,328.2886611922482,329.77728271484375,58649000
2020-11-12 00:00:00-05:00,328.76942360523407,329.82348168786507,324.7751710085161,326.578125,67546200
2020-11-13 00:00:00-05:00,328.48285175165734,331.8391565132532,327.965077662347,331.0994873046875,62892200
2020-11-16 00:00:00-05:00,333.7623711816577,335.4266411567119,332.4771626634018,335.23248291015625,74541100
2020-11-17 00:00:00-05:00,332.82842818706325,334.6314103678308,331.32132492500256,333.4294128417969,66111000
2020-11-18 00:00:00-05:00,333.69765395560677,334.2431650021247,329.37975611691144,329.416748046875,70591300
2020-11-19 00:00:00-05:00,328.7879967400085,331.1734540014024,327.44731451105605,330.8036193847656,59940900
2020-11-20 00:00:00-05:00,330.54466445649757,330.74807768636424,328.46431342145667,328.53826904296875,70417300
2020-11-23 00:00:00-05:00,330.34126910985094,331.7651617960009,328.1129784945893,330.5076904296875,63230600
2020-11-24 00:00:00-05:00,333.0503176608031,336.37888489880055,332.1997010545498,335.8333740234375,62415900
2020-11-25 00:00:00-05:00,335.750145589235,335.7778824723925,334.2245605824417,335.3155822753906,45330900
2020-11-27 00:00:00-05:00,336.40661695536556,336.720977715475,335.2416113846449,336.24945068359375,28514100
2020-11-30 00:00:00-05:00,335.47285766997896,335.7409997721045,332.08884395768695,334.76092529296875,83872700
2020-12-01 00:00:00-05:00,338.00618794494244,339.9570813197066,337.4144301223281,338.4222412109375,74231400
2020-12-02 00:00:00-05:00,337.3127522431998,339.2913825881508,336.7395044630417,339.13421630859375,45927000
2020-12-03 00:00:00-05:00,339.0324624961436,340.42861810719086,337.94144081350913,339.0417175292969,62882000
2020-12-04 00:00:00-05:00,339.6242931462519,341.9635314941406,339.53182744457604,341.9635314941406,50749900
2020-12-07 00:00:00-05:00,341.1960744141505,341.75084037057263,339.99410502237635,341.26080322265625,48944300
2020-12-08 00:00:00-05:00,339.9940864550397,342.82336164005824,339.9478677180988,342.2593688964844,42458900
2020-12-09 00:00:00-05:00,342.9157127208537,343.0728789471781,338.357440692524,339.1895751953125,74098300
2020-12-10 00:00:00-05:00,337.8212640589187,340.1235101648178,336.9521373730438,339.0787353515625,57735400
2020-12-11 00:00:00-05:00,337.38671728522763,339.0879788216525,335.8703871356922,338.68115234375,57698600
2020-12-14 00:00:00-05:00,340.8447147774003,341.91722644158915,336.98911858351033,337.164794921875,69216200
2020-12-15 00:00:00-05:00,339.69829722459764,341.7231750488281,338.3299062242927,341.7231750488281,63865300
2020-12-16 00:00:00-05:00,341.935753088197,343.1747143338236,341.0573713537836,342.2593688964844,58420500
2020-12-17 00:00:00-05:00,343.8959709330282,344.37675311713696,343.07306280359876,344.17333984375,64119500
2020-12-18 00:00:00-05:00,344.46113944048307,344.6282701572163,340.79338813671035,342.7990417480469,136542300
2020-12-21 00:00:00-05:00,338.88995381488303,351.4159755487242,336.1600382375715,341.57342529296875,96386700
2020-12-22 00:00:00-05:00,341.8983673411588,342.0097878229692,339.87415302334546,340.9976806640625,47949000
2020-12-23 00:00:00-05:00,341.9632726635866,343.2075149101956,340.9790209112416,341.30401611328125,46201400
2020-12-24 00:00:00-05:00,341.7776565578183,342.659782611028,341.19269902115246,342.6319274902344,26457900
2020-12-28 00:00:00-05:00,345.17611443159626,345.96538061700096,344.5540073036612,345.5754089355469,39000400
2020-12-29 00:00:00-05:00,347.0981859364546,347.2746111341923,344.33112134700883,344.9161071777344,53680500
2020-12-30 00:00:00-05:00,345.733259466037,346.4389603203097,345.0182924625775,345.40826416015625,49455300
2020-12-31 00:00:00-05:00,345.2133252792332,347.8875306310018,344.7026385411162,347.16326904296875,78520700
2021-01-04 00:00:00-05:00,348.49106429337866,348.62107376333165,338.75066866047587,342.4369812011719,110210800
2021-01-05 00:00:00-05:00,341.79620806023695,345.88178590422,341.74976397277425,344.7953796386719,66426200
2021-01-06 00:00:00-05:00,343.29115366008426,350.0416701451585,342.743317442046,346.85675048828125,107997700
2021-01-07 00:00:00-05:00,349.2245372676321,352.75298437501374,349.0481120785787,352.0101623535156,68766800
2021-01-08 00:00:00-05:00,353.3937031789076,354.2293850911422,350.1531015213458,354.0158386230469,71677200
2021-01-11 00:00:00-05:00,350.8495752953006,353.384476638568,350.72886031003054,351.6295471191406,51034700
2021-01-12 00:00:00-05:00,351.8152452148604,352.7159036317569,349.4660070637659,351.70379638671875,52547700
2021-01-13 00:00:00-05:00,351.62941645625875,353.6443358349037,350.8494449222503,352.65081787109375,45303600
2021-01-14 00:00:00-05:00,353.3936919642144,353.8951124303812,351.0816321351394,351.4158935546875,49989100
2021-01-15 00:00:00-05:00,349.80031300572944,350.5988454547158,346.9961266104406,348.85321044921875,107160000
2021-01-19 00:00:00-05:00,351.3044700083426,352.13088573862603,349.82809207789774,351.5923156738281,51233300
2021-01-20 00:00:00-05:00,353.87654291716206,357.29359819142803,353.48657123958117,356.4579162597656,61836100
2021-01-21 00:00:00-05:00,357.01509447785054,357.4422441883791,355.86371149800453,356.782958984375,47840100
2021-01-22 00:00:00-05:00,354.9350033101625,356.6806659375115,354.55429787872237,355.5199890136719,52860500
2021-01-25 00:00:00-05:00,356.2535985157263,357.2749716933398,351.4158759647186,356.9221496582031,70402000
2021-01-26 00:00:00-05:00,357.869315038569,358.2778757163541,356.1329463264064,356.3650817871094,42665300
2021-01-27 00:00:00-05:00,353.05015999751345,353.14301984374345,345.4268398473695,347.65533447265625,123351100
2021-01-28 00:00:00-05:00,349.46593655582046,354.6379205656578,349.02954916525357,350.64520263671875,94198100
2021-01-29 00:00:00-05:00,348.7881167338835,349.75380801800657,341.9540352154757,343.62542724609375,126765100
2021-02-01 00:00:00-05:00,347.0146573120808,350.37597423640665,343.91333096928156,349.3453063964844,75817600
2021-02-02 00:00:00-05:00,352.5208108168436,355.8357111112943,349.4287797742082,354.2850341796875,64450700
2021-02-03 00:00:00-05:00,355.11152644432576,356.2814981741382,353.2915924599428,354.5636901855469,52427100
2021-02-04 00:00:00-05:00,355.59436662167684,358.63998265068375,354.6751192898168,358.59356689453125,47142600
2021-02-05 00:00:00-05:00,360.45994861198795,360.7106447040377,358.54715471512554,360.00494384765625,48669800
2021-02-08 00:00:00-05:00,361.453356063901,362.65118258809457,360.5991137133926,362.6047668457031,38365200
2021-02-09 00:00:00-05:00,361.76909255507013,362.9576530503986,361.3605603058533,362.3633728027344,35551100
2021-02-10 00:00:00-05:00,364.0998916102627,364.2484617335839,359.8100320204573,362.2056579589844,59154400
2021-02-11 00:00:00-05:00,363.28265332168206,363.700508430255,360.3670470571915,362.79052734375,42913300
2021-02-12 00:00:00-05:00,361.9920325190132,364.82407372216704,361.91773330512245,364.5826721191406,50593300
2021-02-16 00:00:00-05:00,365.80828939947554,366.0033035639086,363.5519398125603,364.26690673828125,50972400
2021-02-17 00:00:00-05:00,362.52129645099154,364.6012209832248,361.5091609681263,364.35052490234375,52290600
2021-02-18 00:00:00-05:00,361.7506089186291,363.5426878534969,360.03280086210617,362.79986572265625,59712800
2021-02-19 00:00:00-05:00,364.05341301185115,364.34125872083973,361.71346939446187,362.1591796875,83241000
2021-02-22 00:00:00-05:00,359.4013902770424,361.7784550408201,359.1042500973584,359.37353515625,67414200
2021-02-23 00:00:00-05:00,357.1728509983925,361.15630279532843,353.0315629822929,359.8099060058594,107284100
2021-02-24 00:00:00-05:00,358.72348094434057,364.20189931472817,357.7392290684119,363.7747497558594,72433900
2021-02-25 00:00:00-05:00,362.51200240283123,363.8769599629682,353.5701404616122,355.0093688964844,146670500
2021-02-26 00:00:00-05:00,356.8850154751008,358.0271036542426,351.20234468696304,353.18011474609375,152701600
2021-03-01 00:00:00-05:00,358.03642977075657,362.9855734404292,353.37516012939244,361.7413024902344,105348800
2021-03-02 00:00:00-05:00,361.9641337209318,362.19626914684636,358.41709761211445,358.91851806640625,79595300
2021-03-03 00:00:00-05:00,358.22212100889243,359.1877840030245,354.06224386816876,354.1643981933594,119940200
2021-03-04 00:00:00-05:00,353.9787373865895,356.5600826850542,345.3061596092031,349.78173828125,183433000
2021-03-05 00:00:00-05:00,353.2729412236846,357.2656872416636,346.01176720058334,356.2164306640625,152039600
2021-03-08 00:00:00-05:00,357.1728776946545,359.9770636155982,354.1644114525265,354.4429626464844,123149200
2021-03-09 00:00:00-05:00,358.2778580660894,362.04773549523804,357.7764375613555,359.5035400390625,113633600
2021-03-10 00:00:00-05:00,361.84345682354007,363.431255369481,360.4320834867978,361.7413024902344,109899400
2021-03-11 00:00:00-05:00,364.201964598063,367.3775617218999,363.7469598417814,365.4090576171875,86245000
2021-03-12 00:00:00-05:00,364.05339494438545,366.0404596864284,363.2455681020347,365.90118408203125,64653600
2021-03-15 00:00:00-04:00,366.15186917399524,368.343242519141,364.0162344057818,368.083251953125,73427200
2021-03-16 00:00:00-04:00,368.6959774993105,369.4016497650806,366.84816065882535,367.6188659667969,73722500
2021-03-17 00:00:00-04:00,366.33759873657715,369.6710604301495,365.1954821103504,368.8725280761719,97959300
2021-03-18 00:00:00-04:00,366.2911796002453,368.37110416522074,362.8277084837041,363.50555419921875,115349100
2021-03-19 00:00:00-04:00,363.20563537867605,364.7800131432064,360.6624031983592,362.8330078125,113624500
2021-03-22 00:00:00-04:00,363.3453133880508,367.10891663764517,363.28942068287944,365.73016357421875,73778600
2021-03-23 00:00:00-04:00,365.0967422553669,366.54068471271836,362.0690971295922,362.85162353515625,90686600
2021-03-24 00:00:00-04:00,364.248968775631,365.87923909623805,360.9604817803928,361.0070495605469,97588600
2021-03-25 00:00:00-04:00,359.5724129695901,363.82972563036685,357.63470442840975,363.03790283203125,116128600
2021-03-26 00:00:00-04:00,364.18376357430776,369.2888490443927,363.58756519155156,368.8882751464844,114409100
2021-03-29 00:00:00-04:00,367.4163152580118,369.60554090899944,365.93510175704296,368.701904296875,108107600
2021-03-30 00:00:00-04:00,367.434905450126,368.3944346099059,366.13066676878134,367.72369384765625,76262200
2021-03-31 00:00:00-04:00,368.29194499569184,370.769958683881,368.263998648555,369.2142028808594,112734200
2021-04-01 00:00:00-04:00,371.1425953951237,373.257306623369,370.9376460344491,373.2013854980469,99682900
2021-04-05 00:00:00-04:00,375.8564291896752,379.0983479190761,375.7819150666603,378.5580139160156,91684800
2021-04-06 00:00:00-04:00,377.9991469225459,379.3778716395841,377.66376224160524,378.3345031738281,62021000
2021-04-07 00:00:00-04:00,378.16672418026496,379.1169284017763,377.71025770566405,378.7722473144531,55836300
2021-04-08 00:00:00-04:00,380.0206514166771,380.626174688792,379.089068404298,380.5702819824219,57863100
2021-04-09 00:00:00-04:00,380.44924276681104,383.5048342531352,380.3281324128653,383.3371276855469,61104600
2021-04-12 00:00:00-04:00,382.74090909191403,383.74700629608895,382.1353857837753,383.47686767578125,56704900
2021-04-13 00:00:00-04:00,383.3742885703342,385.2374542676468,382.99233619082685,384.61328125,56551000
2021-04-14 00:00:00-04:00,384.5853346192152,385.63802778616787,382.75944019749284,383.2997741699219,61659900
2021-04-15 00:00:00-04:00,385.43314308577106,387.6875864651336,385.3865753074208,387.41741943359375,60229800
2021-04-16 00:00:00-04:00,388.70289431348834,389.3177423271958,387.28689879775686,388.71221923828125,82037300
2021-04-19 00:00:00-04:00,387.78079162080644,388.227933315343,385.4797802188034,386.8026123046875,78498500
2021-04-20 00:00:00-04:00,385.59152639170094,386.6907875184191,382.4986639809094,383.9705810546875,81851800
2021-04-21 00:00:00-04:00,383.35565285576473,387.8086175691402,383.21589268995496,387.6036682128906,66793000
2021-04-22 00:00:00-04:00,387.43604432459205,388.2651383615414,383.0017004125384,384.0636901855469,97582800
2021-04-23 00:00:00-04:00,384.6227439417052,389.6346660114109,384.54822979616995,388.22796630859375,73209200
2021-04-26 00:00:00-04:00,388.88006841759574,389.60670212994864,388.2931664903758,389.0384216308594,52182400
2021-04-27 00:00:00-04:00,389.33648125494796,389.53213415675737,387.8179963971385,388.95452880859375,51303100
2021-04-28 00:00:00-04:00,389.2246648182536,390.342575715046,388.3769209336228,388.84271240234375,51238900
2021-04-29 00:00:00-04:00,391.56296041556226,391.9355879172904,387.9484139465216,391.32073974609375,78544300
2021-04-30 00:00:00-04:00,389.057011063111,389.90475500080083,387.8552610382918,388.74957275390625,85527000
2021-05-03 00:00:00-04:00,390.7337803483799,391.1157327210051,389.09421389645087,389.58795166015625,68128300
2021-05-04 00:00:00-04:00,387.6037329855272,388.09747082223015,383.5047736052085,387.18450927734375,101591200
2021-05-05 00:00:00-04:00,388.8241183887439,389.0570141395226,386.7466780571217,387.3056335449219,60162200
2021-05-06 00:00:00-04:00,387.3801805344539,390.5289359008101,385.3772825937991,390.3985290527344,74321400
2021-05-07 00:00:00-04:00,391.1624256128691,393.89195716185367,390.48235974282153,393.2398376464844,67733800
2021-05-10 00:00:00-04:00,393.5937799606252,393.8173507618117,389.2246538329622,389.34576416015625,81852400
2021-05-11 00:00:00-04:00,384.8368977997584,386.85841675179097,382.0048778519801,385.8709411621094,116888000
2021-05-12 00:00:00-04:00,383.09488503627756,384.3618242624742,376.3595297518344,377.6730651855469,134811000
2021-05-13 00:00:00-04:00,379.2194656575238,384.1382223326197,379.17286945378146,382.2098388671875,106394000
2021-05-14 00:00:00-04:00,384.93936652675745,388.92654024691893,384.91142017662577,388.07879638671875,82201600
2021-05-17 00:00:00-04:00,386.97025720812496,387.9018401628468,385.07911651757036,387.0913391113281,65129200
2021-05-18 00:00:00-04:00,387.352244805697,387.59446551118776,383.5979660188922,383.75634765625,59810200
2021-05-19 00:00:00-04:00,379.0798024141684,382.92721668401646,377.5985602871788,382.7502136230469,106467100
2021-05-20 00:00:00-04:00,383.6258484249689,388.12541000565056,383.50476652206805,386.8677673339844,78022200
2021-05-21 00:00:00-04:00,388.3489736323711,389.58799485674376,386.09455884988506,386.551025390625,76578700
2021-05-24 00:00:00-04:00,388.7868558465473,391.5629834929008,388.54463516280316,390.4916687011719,51376700
2021-05-25 00:00:00-04:00,391.57227976579446,391.9262858634761,389.0476977323679,389.6252746582031,57451400
2021-05-26 00:00:00-04:00,390.2122010644439,390.9015634477315,389.17815748951244,390.3985290527344,43088600
2021-05-27 00:00:00-04:00,391.42316045586614,391.9355196277636,390.32387113726895,390.6033630371094,56707700
2021-05-28 00:00:00-04:00,392.1684893742527,392.42933147222897,391.0692282777566,391.3021240234375,58520200
2021-06-01 00:00:00-04:00,393.65904356804924,393.7987753351119,390.5196133395258,390.95745849609375,54216600
2021-06-02 00:00:00-04:00,391.60950638441597,392.41068247668926,390.6034093428114,391.5722351074219,49097100
2021-06-03 00:00:00-04:00,389.2619476298755,391.2555203916502,387.79935555163786,390.1189880371094,58138800
2021-06-04 00:00:00-04:00,391.9635773504691,393.985125124761,390.1842502722685,393.68701171875,55938800
2021-06-07 00:00:00-04:00,393.6776201553933,393.85462318339853,392.37340976192394,393.30499267578125,51555000
2021-06-08 00:00:00-04:00,394.1620257580678,394.2551897336642,391.5629299457471,393.3888244628906,47134300
2021-06-09 00:00:00-04:00,394.2272616788116,394.30180423460956,392.5783701098852,392.80194091796875,48436300
2021-06-10 00:00:00-04:00,394.0223453765083,395.5781015257895,392.7088099094243,394.62786865234375,51020100
2021-06-11 00:00:00-04:00,395.1775688004502,395.39181472194224,393.89197955285624,395.280029296875,45570800
2021-06-14 00:00:00-04:00,395.39171779317087,396.2674079810726,394.1527250628629,396.1649475097656,42358500
2021-06-15 00:00:00-04:00,396.3140447697688,396.3512876197017,394.56266421460623,395.4383544921875,51508500
2021-06-16 00:00:00-04:00,395.5781066988787,395.8016775286566,391.19035858653814,393.2304992675781,80386100
2021-06-17 00:00:00-04:00,392.8205731235447,394.07818729216916,390.63134762723126,393.10003662109375,90949700
2021-06-18 00:00:00-04:00,389.82512979232945,390.5167474088944,387.5913771677302,387.7969970703125,118676300
2021-06-21 00:00:00-04:00,389.55400451756464,393.53553981527546,388.7408804970825,393.3486022949219,72822000
2021-06-22 00:00:00-04:00,393.33932268734105,396.28340358966534,392.6196388178262,395.4515686035156,57700300
2021-06-23 00:00:00-04:00,395.5263737663793,396.3301424887815,394.8908317268986,394.9749450683594,49445400
2021-06-24 00:00:00-04:00,397.115289475811,397.7321206963649,396.86292090837077,397.3115539550781,45110300
2021-06-25 00:00:00-04:00,398.0591985278256,399.17141131218983,397.73207208724824,398.7227783203125,58129500
2021-06-28 00:00:00-04:00,399.24617251742296,399.6947769582962,398.04984647065635,399.52655029296875,53159600
2021-06-29 00:00:00-04:00,399.9098038354574,400.5453458904214,399.20883078354126,399.7415771484375,35970500
2021-06-30 00:00:00-04:00,399.2835611544407,400.75093815402226,399.25552337520446,400.0780029296875,64827900
2021-07-01 00:00:00-04:00,400.83509959729395,402.4520211210759,400.7696685970019,402.2931213378906,53441000
2021-07-02 00:00:00-04:00,403.45206040174946,405.72320623377107,402.3772122424309,405.3680419921875,57697700
2021-07-06 00:00:00-04:00,405.42417215788606,405.6391475232365,401.90062409385945,404.6297302246094,68710400
2021-07-07 00:00:00-04:00,405.31193822358387,406.34003766118167,403.30248799530796,406.05963134765625,63549500
2021-07-08 00:00:00-04:00,400.7509143885333,403.50808611480505,399.57327068511836,402.75103759765625,97595200
2021-07-09 00:00:00-04:00,404.2557870176814,407.3494121346729,402.55475241821676,407.0503234863281,76238600
2021-07-12 00:00:00-04:00,406.9662573135737,408.76076088893643,406.5363351584208,408.5083923339844,52889600
2021-07-13 00:00:00-04:00,407.72328794262097,409.2187027689948,406.85408823599073,407.11578369140625,52911300
2021-07-14 00:00:00-04:00,408.80756397577807,409.2935903149564,406.4803420822194,407.723388671875,64130400
2021-07-15 00:00:00-04:00,406.38679455738685,407.05972983900836,404.43341971053184,406.3307189941406,55126400
2021-07-16 00:00:00-04:00,407.5083537824567,407.555073909898,402.75108678868395,403.14361572265625,75874700
2021-07-19 00:00:00-04:00,398.33022241023,403.20899534087897,394.38608009064285,397.1899719238281,147987000
2021-07-20 00:00:00-04:00,397.85366978150347,404.1531013655724,397.05922782172377,402.8819885253906,99608200
2021-07-21 00:00:00-04:00,404.07824240394586,406.28398573679834,402.83519609526724,406.1437683105469,64724400
2021-07-22 00:00:00-04:00,406.3213579405747,407.23730633204167,405.3400070746696,406.9942932128906,47878500
2021-07-23 00:00:00-04:00,408.91960818789283,411.51788035862415,408.2373460404216,411.1814270019531,63766600
2021-07-26 00:00:00-04:00,410.59258548528925,412.2001513321197,410.54586536220575,412.1907958984375,43719200
2021-07-27 00:00:00-04:00,411.1533260918273,411.18136386724484,407.48956180885915,410.3121643066406,67397100
2021-07-28 00:00:00-04:00,410.93845431834467,411.51792083805464,408.7233839343774,410.1440124511719,52472400
2021-07-29 00:00:00-04:00,411.06927031045103,412.91982079238494,411.05991487644866,411.8450012207031,47435300
2021-07-30 00:00:00-04:00,409.284216981458,411.29366769297104,409.1533549658099,409.8450012207031,68951200
2021-08-02 00:00:00-04:00,411.5553115323718,412.10674026622047,408.62991264660883,408.9850769042969,58783300
2021-08-03 00:00:00-04:00,409.7795060797524,412.43385397257424,407.5924735593852,412.3123474121094,58053900
2021-08-04 00:00:00-04:00,411.03187281061224,412.28427447929056,410.0505220211944,410.2841796875,46732200
2021-08-05 00:00:00-04:00,411.4431070974712,412.96655962509095,411.1253360982536,412.8824462890625,38969700
2021-08-06 00:00:00-04:00,413.20029762470335,413.9853841029397,412.91989126076,413.5647888183594,46930000
2021-08-09 00:00:00-04:00,413.5366870620658,413.85445807390835,412.46186747322616,413.228271484375,41222600
2021-08-10 00:00:00-04:00,413.6768480634151,414.45260745639985,412.99458596031207,413.7422790527344,43339300
2021-08-11 00:00:00-04:00,414.80783999492405,414.8639155599606,413.6862716488568,414.77044677734375,44034300
2021-08-12 00:00:00-04:00,414.62092846348145,416.1537367311729,413.72369084389135,416.0135192871094,38909400
2021-08-13 00:00:00-04:00,416.4621552133837,416.7892817139917,415.9761574416634,416.7705993652344,39470300
2021-08-16 00:00:00-04:00,415.4713908619817,417.8827255582406,413.9199004513762,417.75189208984375,73740000
2021-08-17 00:00:00-04:00,415.2003062311289,415.8732414325838,412.0319231944984,415.0133972167969,92673900
2021-08-18 00:00:00-04:00,414.00406428357036,415.5649103189403,410.22817626839674,410.4711608886719,89351900
2021-08-19 00:00:00-04:00,407.7513077712783,412.30298304453,407.6111188768107,411.10662841796875,92812200
2021-08-20 00:00:00-04:00,411.45246811100355,414.70496457219946,410.96644191047403,414.3778381347656,72008700
2021-08-23 00:00:00-04:00,416.0601886079049,418.92951158354134,414.4526227295589,418.0229187011719,54973000
2021-08-24 00:00:00-04:00,418.6865234375,419.21926979163254,418.1724879522138,418.6865234375,38744700
2021-08-25 00:00:00-04:00,418.87347636542324,420.0791294982954,418.49960124676494,419.5650939941406,40529700
2021-08-26 00:00:00-04:00,419.2846772641112,419.5183349461485,416.9948490937456,417.08831787109375,57829600
2021-08-27 00:00:00-04:00,417.8921363097158,421.19138203158167,417.8360607411706,420.8175354003906,77235100
2021-08-30 00:00:00-04:00,421.4904469021432,423.4531772582027,421.24743377041483,422.6680908203125,48357400
2021-08-31 00:00:00-04:00,422.5746165039233,422.9110698917558,421.4437212534849,422.0418701171875,59300200
2021-09-01 00:00:00-04:00,422.9764722664043,423.4905077483613,422.03248612109024,422.2661437988281,48721400
2021-09-02 00:00:00-04:00,423.6867836507604,424.3690457877398,422.3689509787344,423.5652770996094,42501000
2021-09-03 00:00:00-04:00,422.4344228744772,423.9765579301553,422.0325099688313,423.4624938964844,47170500
2021-09-07 00:00:00-04:00,423.1167444291313,423.2102132231523,421.2755204253354,421.9484558105469,51671500
2021-09-08 00:00:00-04:00,421.41564382630884,422.1446546206983,419.51831615140816,421.434326171875,56181900
2021-09-09 00:00:00-04:00,421.2381203442714,422.98587540724486,419.3875410597101,419.63055419921875,57970400
2021-09-10 00:00:00-04:00,421.5558988174952,421.9764655786585,416.2004538773262,416.32196044921875,89948200
2021-09-13 00:00:00-04:00,419.3126944167152,419.5743898490149,415.0787903327298,417.3873291015625,83738600
2021-09-14 00:00:00-04:00,418.8267538323482,419.032373751366,414.24706856986353,415.1349792480469,78197100
2021-09-15 00:00:00-04:00,415.5555116773011,419.0977701394543,414.4526542585058,418.6024169921875,78792200
2021-09-16 00:00:00-04:00,418.0790011528334,419.0509965202967,414.99470280608074,417.9388122558594,77786700
2021-09-17 00:00:00-04:00,417.168134146106,417.59004823430996,413.51137369740354,413.86767578125,118425000
2021-09-20 00:00:00-04:00,407.75436793021106,409.3295710757895,402.10984707082173,406.9667663574219,166445500
2021-09-21 00:00:00-04:00,409.3015046670298,410.59543194937584,406.0573296672389,406.5823974609375,92526100
2021-09-22 00:00:00-04:00,408.8513325900805,412.58309005146594,406.69480673198865,410.5484313964844,102350100
2021-09-23 00:00:00-04:00,412.4143728690153,417.14001100580157,412.17996661282217,415.5366516113281,76396000
2021-09-24 00:00:00-04:00,413.9051347076099,416.9336734105124,413.68947068134617,416.2210693359375,62094800
2021-09-27 00:00:00-04:00,415.1898062831272,416.3524523571581,414.3365639302642,415.0304260253906,61371100
2021-09-28 00:00:00-04:00,412.2643090052773,412.5924834545763,405.9353407086728,406.66668701171875,130436300
2021-09-29 00:00:00-04:00,408.0449379300146,409.77954952826894,406.78852413499726,407.3511047363281,82329200
2021-09-30 00:00:00-04:00,408.8232729732289,409.5264917761639,402.0348766187246,402.3724365234375,140506000
2021-10-01 00:00:00-04:00,404.09771921406895,408.83271503099166,400.5816247121807,407.15435791015625,129240100
2021-10-04 00:00:00-04:00,405.9916570765266,406.89176913571015,399.76581284989487,401.90362548828125,128570000
2021-10-05 00:00:00-04:00,403.4037355215152,408.3262663404989,402.6067772325321,406.0853576660156,90682500
2021-10-06 00:00:00-04:00,402.4942384202276,407.97934991567206,400.8721656243834,407.7730712890625,113032200
2021-10-07 00:00:00-04:00,411.04546603542565,414.1302318975777,410.867314983928,411.2986145019531,72437500
2021-10-08 00:00:00-04:00,412.0674077940218,412.4518374427157,409.9202387275282,410.5484313964844,74557400
2021-10-11 00:00:00-04:00,409.89219860577384,412.79884218436496,407.5106228023292,407.5762634277344,65233300
2021-10-12 00:00:00-04:00,408.4951467022772,408.89831863461245,405.78539638345933,406.572998046875,71181200
2021-10-13 00:00:00-04:00,407.594929147859,408.8513431322092,404.6226741156243,408.0356140136719,72974000
2021-10-14 00:00:00-04:00,411.69232759288604,415.0490407513381,411.2235151439211,414.8990173339844,70236800
2021-10-15 00:00:00-04:00,417.0087329506892,418.42455590539737,416.38989699593026,418.0588684082031,66260200
2021-10-18 00:00:00-04:00,416.27735526871015,419.6340400404351,415.621006350095,419.2965087890625,62213200
2021-10-19 00:00:00-04:00,420.91862541650084,422.59695355572194,420.3091462784129,422.5313415527344,46996800
2021-10-20 00:00:00-04:00,422.99078957769177,424.49099536699856,422.8782791509517,424.1909484863281,49571600
2021-10-21 00:00:00-04:00,423.5907875561012,425.52229254631413,423.15948811730703,425.2972717285156,41305400
2021-10-22 00:00:00-04:00,424.86592226955133,426.3098724465219,422.91564669810367,424.8565368652344,58845100
2021-10-25 00:00:00-04:00,425.9442668817109,427.4632147429343,424.17217058163135,427.1350402832031,45214500
2021-10-26 00:00:00-04:00,428.68217522735085,429.89169091412384,427.1444564431734,427.5195007324219,56075100
2021-10-27 00:00:00-04:00,427.9789361517596,428.6446418796485,425.55046225853243,425.62548828125,72438000
2021-10-28 00:00:00-04:00,427.0507987156224,429.80741930663703,427.0414419204506,429.732421875,51437900
2021-10-29 00:00:00-04:00,427.43510150597126,430.8949400235168,427.14444004690756,430.6042785644531,70162400
2021-11-01 00:00:00-04:00,431.5887947913139,431.9638676988326,429.6198050970678,431.34503173828125,48433600
2021-11-02 00:00:00-04:00,431.5137556913935,433.3983909976397,431.3824744636354,433.0889587402344,48908400
2021-11-03 00:00:00-04:00,432.5264031559585,436.1362651463071,432.08571825925554,435.73309326171875,52509800
2021-11-04 00:00:00-04:00,436.3331630823048,437.8708818410705,435.9862464051318,437.7864990234375,52847100
2021-11-05 00:00:00-04:00,440.0086692059953,441.2932109079652,437.7958878886841,439.3054504394531,66390600
2021-11-08 00:00:00-05:00,440.4024705143944,440.89941061596096,438.9960330253521,439.68048095703125,50405200
2021-11-09 00:00:00-05:00,440.0460756903901,440.28048188915807,436.8206441062207,438.2270812988281,51149100
2021-11-10 00:00:00-05:00,436.53945827784827,438.2272005366199,433.2202862022842,434.70172119140625,69429700
2021-11-11 00:00:00-05:00,436.1924978999976,436.2675239203641,434.8235734757579,434.8423156738281,34848500
2021-11-12 00:00:00-05:00,436.1081050332003,438.67718819768925,435.161094692695,438.1239929199219,53466700
2021-11-15 00:00:00-05:00,439.40859470618256,439.56797493267015,437.14891501750157,438.2740478515625,46980500
2021-11-16 00:00:00-05:00,438.0114907479462,441.14315465497026,437.9364933419403,440.0086364746094,48857500
2021-11-17 00:00:00-05:00,439.74607145027005,439.9242224676994,438.32089192487604,438.9397277832031,47858300
2021-11-18 00:00:00-05:00,439.97120828973823,440.69319795520033,437.2521011266173,440.4306640625,50625600
2021-11-19 00:00:00-05:00,440.31806790988196,441.5651251990252,439.27731788187225,439.64300537109375,57315600
2021-11-22 00:00:00-05:00,441.5183178536928,444.00301876282515,438.1991168315422,438.4053955078125,72762000
2021-11-23 00:00:00-05:00,438.07713594296996,439.83987544998917,435.4799250989726,438.98663330078125,73206500
2021-11-24 00:00:00-05:00,436.9894233688114,440.2804956589333,436.1736943498332,440.1585998535156,61858800
2021-11-26 00:00:00-05:00,433.50152742675596,434.96422009835896,429.21657442443677,430.34173583984375,112669600
2021-11-29 00:00:00-05:00,435.12360436955294,437.45828126856935,432.9295654860119,435.62054443359375,86268800
2021-11-30 00:00:00-05:00,433.18271599479897,435.0860934508205,426.9006175423312,427.1444091796875,148559600
2021-12-01 00:00:00-05:00,432.84514843479013,435.6861505788109,422.2031006903949,422.3999938964844,131939200
2021-12-02 00:00:00-05:00,422.6157168413784,430.43550572803196,422.22190176024696,428.8696594238281,127637800
2021-12-03 00:00:00-05:00,430.5292522904625,431.58874442702455,420.9185967447433,425.1379089355469,137331600
2021-12-06 00:00:00-05:00,427.6788574056175,432.04819294676213,425.2691545047344,430.1729431152344,98977500
2021-12-07 00:00:00-05:00,435.44247092403845,439.6336562155435,430.0417412560462,439.0710754394531,95484700
2021-12-08 00:00:00-05:00,439.46481188962696,440.68371284123066,437.71142925167635,440.233642578125,72238800
2021-12-09 00:00:00-05:00,438.9490964511675,440.3367916207848,437.0644898372222,437.2613830566406,61272600
2021-12-10 00:00:00-05:00,439.9617692478392,441.52758690349503,437.41142821807136,441.3775634765625,77159800
2021-12-13 00:00:00-05:00,440.86191039613635,441.2088270752524,437.18640772794674,437.46771240234375,87724700
2021-12-14 00:00:00-05:00,434.2046763056092,436.6893763663621,431.541825239176,434.45782470703125,97264100
2021-12-15 00:00:00-05:00,434.51416709666717,441.49007040259744,432.00131048296834,441.2463073730469,116899300
2021-12-16 00:00:00-05:00,443.0934854498481,443.3747615247552,435.80812035524764,437.355224609375,116568600
2021-12-17 00:00:00-05:00,434.28117656754216,437.2827106378424,430.99737826772844,432.700439453125,135511600
2021-12-20 00:00:00-05:00,427.62899715542244,428.4946267975632,424.4863302615028,428.0994567871094,107134800
2021-12-21 00:00:00-05:00,431.51492459595994,435.84315849906136,429.35082200169626,435.7020263671875,69806300
2021-12-22 00:00:00-05:00,435.44800386801643,440.1714079067417,435.25039016185815,440.0585021972656,58890200
2021-12-23 00:00:00-05:00,441.0558332086626,444.2925972471357,440.9523458894644,442.7965393066406,56439700
2021-12-27 00:00:00-05:00,444.17028879957417,449.11011430535285,444.1232543282057,449.0630798339844,56808600
2021-12-28 00:00:00-05:00,449.4958623974338,450.52146074512336,447.9339332846144,448.6960754394531,47274600
2021-12-29 00:00:00-05:00,448.7995600259367,450.28619942831625,447.802188171838,449.27001953125,54503000
2021-12-30 00:00:00-05:00,449.69343150623797,450.7002217741406,447.56697399413,448.02801513671875,55329000
2021-12-31 00:00:00-05:00,447.5387725895835,448.68666632067624,446.6260799179109,446.89892578125,65237400
2022-01-03 00:00:00-05:00,448.15975083339737,449.61819265083415,445.8545162929149,449.4864501953125,72668200
2022-01-04 00:00:00-05:00,450.9072238974489,451.62233155714586,447.4822648058163,449.33587646484375,71178700
2022-01-05 00:00:00-05:00,448.9689713732978,449.7405319442751,440.61360498167255,440.70770263671875,104538900
2022-01-06 00:00:00-05:00,440.2466667010779,443.0035528678846,437.9319849605687,440.293701171875,86858900
2022-01-07 00:00:00-05:00,440.30316424651267,441.47931328156096,437.1981135652395,438.55303955078125,85111600
2022-01-10 00:00:00-05:00,435.36322212037476,438.2235951358121,429.62361061806894,438.0072021484375,119362000
2022-01-11 00:00:00-05:00,437.7437907456816,442.0908322693714,434.75164626994354,441.9967346191406,74303100
2022-01-12 00:00:00-05:00,443.7280727675989,445.24296757937765,441.2346426828555,443.1917419433594,67605400
2022-01-13 00:00:00-05:00,444.29258772329274,444.9418241930247,436.05954567988096,437.08514404296875,91173100
2022-01-14 00:00:00-05:00,433.94247281173614,437.6120514809011,432.7286791584299,437.263916015625,95890900
2022-01-18 00:00:00-05:00,432.578128611285,432.7851319574491,428.4098639787604,429.5201416015625,109709100
2022-01-19 00:00:00-05:00,431.0632487949444,432.455790611051,424.7873060995941,425.0601806640625,109357600
2022-01-20 00:00:00-05:00,426.9420552480534,431.6372325182061,418.2385532953383,420.3556213378906,122379700
2022-01-21 00:00:00-05:00,419.2359760354794,421.58827414534477,412.07559437204594,412.10382080078125,202271200
2022-01-24 00:00:00-05:00,406.5052155318438,414.3618945596718,395.9010692318445,413.8537902832031,251783900
2022-01-25 00:00:00-05:00,407.47441758472695,413.7409421509055,401.9135823339121,408.8011169433594,167997300
2022-01-26 00:00:00-05:00,414.6819173184066,417.80577600170864,403.52260050405795,407.77557373046875,186391100
2022-01-27 00:00:00-05:00,412.36723366568094,415.50048178403745,404.07773829561154,405.761962890625,149878300
2022-01-28 00:00:00-05:00,407.1168944257264,415.88626787051186,402.54404110046244,415.8392333984375,164457400
2022-01-31 00:00:00-05:00,415.1711072435179,423.67702338927,413.82559991033423,423.3288879394531,152251400
2022-02-01 00:00:00-05:00,424.05345661872343,426.8291797344353,420.5344280122152,426.1893615722656,123155400
2022-02-02 00:00:00-05:00,428.58867006151223,431.05387362428513,426.28340667304684,430.3293762207031,117361000
2022-02-03 00:00:00-05:00,424.30741975423217,426.2080657307745,419.3769848400867,420.21441650390625,118024400
2022-02-04 00:00:00-05:00,419.9791728919079,426.02927475983387,417.60803879549576,422.1903381347656,118454400
2022-02-07 00:00:00-05:00,422.95254768054906,424.3450895509773,419.50878037886775,420.8354797363281,84472900
2022-02-08 00:00:00-05:00,420.3368340105605,425.2202068332441,418.9160368655322,424.298095703125,81012000
2022-02-09 00:00:00-05:00,428.32517855026134,430.82802671260504,428.1275935863995,430.50811767578125,92589900
2022-02-10 00:00:00-05:00,424.67435811188443,430.668007266661,420.77896856601785,422.7737121582031,140103700
2022-02-11 00:00:00-05:00,422.858431768966,424.9284364407401,413.00700821201644,414.43719482421875,153214600
2022-02-14 00:00:00-05:00,413.92909493615394,415.5098319487012,409.6196698794952,413.0822448730469,123006300
2022-02-15 00:00:00-05:00,417.5140448697904,419.9133771021189,416.99652213320917,419.7440185546875,88482700
2022-02-16 00:00:00-05:00,417.7021502270157,421.5881501559702,415.8297306709073,420.21441650390625,84863600
2022-02-17 00:00:00-05:00,417.0341632264874,420.186247943638,410.63592485416507,411.23809814453125,102259100
2022-02-18 00:00:00-05:00,411.49214366579196,412.74358216810356,406.3076988713617,408.5753173828125,132642900
2022-02-22 00:00:00-05:00,406.37352124987865,409.77022506154026,400.6997521061171,404.1905822753906,124391800
2022-02-23 00:00:00-05:00,407.0980794779474,407.6626367061376,396.45628627766916,397.0208435058594,132578000
2022-02-24 00:00:00-05:00,386.7365552102814,403.42847944353576,386.3790300752348,402.9956359863281,213942900
2022-02-25 00:00:00-05:00,404.22823397331,411.97200837339045,402.58162557598797,411.8873291015625,121804500
2022-02-28 00:00:00-05:00,406.50529284633944,412.3107765451423,405.25388303089113,410.8335266113281,145615000
2022-03-01 00:00:00-05:00,409.3374953713261,411.3416578546236,401.8759843184385,404.5764465332031,137785900
2022-03-02 00:00:00-05:00,406.825151607102,413.74091213892484,406.0724278778105,412.01904296875,117726500
2022-03-03 00:00:00-05:00,414.446680076633,415.04885343146157,408.17073639481583,409.9678955078125,105501700
2022-03-04 00:00:00-05:00,406.2417642897953,407.76604842308336,402.6004124792588,406.636962890625,113978200
2022-03-07 00:00:00-05:00,406.05365494553234,406.75934432063025,394.58384800510765,394.64971923828125,137896600
2022-03-08 00:00:00-05:00,394.82851645161617,401.97008984857894,390.5943799836052,391.6576232910156,164772700
2022-03-09 00:00:00-05:00,400.02235763522094,404.134169484024,397.8394184443937,402.1582336425781,116990800
2022-03-10 00:00:00-05:00,397.55714383339716,401.23614110856755,395.60004466085365,400.34228515625,93972700
2022-03-11 00:00:00-05:00,402.82627933719436,403.4378710075181,394.7437877372273,395.25189208984375,95636300
2022-03-14 00:00:00-04:00,396.02350128864606,399.46724033893065,391.2248075600843,392.3633117675781,95729200
2022-03-15 00:00:00-04:00,394.969610741959,401.62191584683524,393.6993928949382,400.99151611328125,106219100
2022-03-16 00:00:00-04:00,404.49170046381727,409.939601038674,399.7023972745846,409.8831481933594,144954800
2022-03-17 00:00:00-04:00,407.97305465049794,415.0111389160156,407.5966928036644,415.0111389160156,102676900
2022-03-18 00:00:00-04:00,413.4028311487186,419.8775739934096,412.66663547827596,419.5566711425781,106345500
2022-03-21 00:00:00-04:00,419.3868116069883,421.3877523283893,415.93234592986585,419.43402099609375,88349800
2022-03-22 00:00:00-04:00,420.8214687288552,425.27640505720075,420.8214687288552,424.3420104980469,74650400
2022-03-23 00:00:00-04:00,421.81246957458256,423.30372739490633,418.79216338171153,418.8771057128906,79426100
2022-03-24 00:00:00-04:00,420.8969665486931,425.200884406194,419.7832397355188,425.1914367675781,64736900
2022-03-25 00:00:00-04:00,425.8238364518409,427.5416361124458,423.2471369609336,427.2679138183594,77101300
2022-03-28 00:00:00-04:00,426.6732396590378,430.3070373535156,424.7855555376232,430.3070373535156,68529800
2022-03-29 00:00:00-04:00,434.18626321308204,436.12115693733773,431.5057549157547,435.6303405761719,86581500
2022-03-30 00:00:00-04:00,434.4883159212036,435.30003519309184,430.83565120715195,432.9404296875,79666900
2022-03-31 00:00:00-04:00,432.1759613525289,432.99709953880534,425.82389235149907,426.2769470214844,121699900
2022-04-01 00:00:00-04:00,427.8530688001301,427.99463935727147,423.9172632927216,427.4849853515625,89048800
2022-04-04 00:00:00-04:00,427.683210068739,431.2509323439472,426.86207198374484,431.1470947265625,59601000
2022-04-05 00:00:00-04:00,429.6558116325977,432.119225743506,424.5590699380688,425.70111083984375,74214500
2022-04-06 00:00:00-04:00,421.79370385778503,423.7191214319922,418.5657504830329,421.4444580078125,106898000
2022-04-07 00:00:00-04:00,420.56664291276263,425.38024389891154,418.6223302828864,423.56805419921875,78097200
2022-04-08 00:00:00-04:00,422.8129864370016,425.32361011547357,420.89698794603316,422.4354553222656,79272700
2022-04-11 00:00:00-04:00,419.16972953989875,420.0097628914947,414.7148221783834,415.2150573730469,89770500
2022-04-12 00:00:00-04:00,418.197650318671,420.71772203401963,412.1287510001065,413.6766662597656,84363600
2022-04-13 00:00:00-04:00,413.4311571589825,419.16970449840653,413.25182485427155,418.4146423339844,74070400
2022-04-14 00:00:00-04:00,418.64116191799894,419.7549175134308,413.1008132674667,413.20465087890625,97869500
2022-04-18 00:00:00-04:00,412.2797123367979,415.05461073103595,411.1470901663332,413.37457275390625,66002500
2022-04-19 00:00:00-04:00,413.27073740895713,420.76484688177004,413.1008527235854,420.04754638671875,77821000
2022-04-20 00:00:00-04:00,421.8219041129893,422.43539568830266,418.5750851378038,419.7359924316406,65224400
2022-04-21 00:00:00-04:00,423.3510108398269,424.73846009934624,412.55345319655066,413.45953369140625,85417300
2022-04-22 00:00:00-04:00,412.3740611145033,413.47834025677906,401.5481909244776,402.114501953125,132471800
2022-04-25 00:00:00-04:00,399.87757815067505,404.6156549215308,395.31880487171003,404.4457702636719,119647700
2022-04-26 00:00:00-04:00,401.91623033602906,402.1144578967915,392.70435190748356,392.732666015625,103996300
2022-04-27 00:00:00-04:00,393.8087220181219,399.1697677643689,391.7039722839688,393.8370361328125,122030000
2022-04-28 00:00:00-04:00,398.57515732733924,405.5124037214935,394.1485348093446,403.78515625,105449100
2022-04-29 00:00:00-04:00,399.80207204922027,401.95403088704296,388.11730223189977,388.8629455566406,145491100
2022-05-02 00:00:00-04:00,388.929072135393,392.56287045835074,382.2749671742883,391.2037353515625,158312500
2022-05-03 00:00:00-04:00,391.7039805238848,395.4038260055901,390.14661777180356,392.9970397949219,100028200
2022-05-04 00:00:00-04:00,393.65769528593023,405.53124638806986,390.4769516548114,404.9649353027344,144247900
2022-05-05 00:00:00-04:00,400.7081751004019,401.1329155913623,386.4467339742489,390.5713195800781,172929100
2022-05-06 00:00:00-04:00,388.01353835630266,391.50573725161655,382.9451102963641,388.24005126953125,151770800
2022-05-09 00:00:00-04:00,382.3504193081462,383.5868500864093,374.2333719366594,375.8096008300781,155586100
2022-05-10 00:00:00-04:00,381.7747206128694,383.2754262479383,372.6477827083813,376.677978515625,132497200
2022-05-11 00:00:00-04:00,375.7152782695393,381.35001745771194,369.94838734516037,370.69403076171875,142361000
2022-05-12 00:00:00-04:00,367.5038552140162,373.57275401716174,363.5208397349999,370.30706787109375,125090800
2022-05-13 00:00:00-04:00,374.43168009743755,380.5383410827449,373.3934477808123,379.16033935546875,104174400
2022-05-16 00:00:00-04:00,377.51804786382434,381.2839693671578,375.27169861489534,377.6218566894531,78622400
2022-05-17 00:00:00-04:00,383.7001932426954,385.6256395203469,379.9720047899369,385.3896789550781,83029700
2022-05-18 00:00:00-04:00,380.8402784851767,381.123419587076,368.61751205317614,369.85394287109375,117674500
2022-05-19 00:00:00-04:00,366.79595164216687,372.005979027499,365.3707407010665,367.5887756347656,98510700
2022-05-20 00:00:00-04:00,371.16591037827914,374.7336324078952,359.1696852051724,367.74920654296875,131432200
2022-05-23 00:00:00-04:00,370.7695426186861,375.39439273940906,368.45714636210454,374.6298828125,76414900
2022-05-24 00:00:00-04:00,370.5146324408455,372.9591798912348,365.2291112058376,371.76995849609375,91448800
2022-05-25 00:00:00-04:00,370.2787563943249,377.0178039870792,369.8823587734453,375.0545959472656,91472900
2022-05-26 00:00:00-04:00,376.2815783765453,384.18153289436907,376.073931942696,382.5486755371094,82168300
2022-05-27 00:00:00-04:00,385.0026951176574,392.0531978674875,384.8044963104918,391.93994140625,84768700
2022-05-31 00:00:00-04:00,390.3259001664865,393.07248421298215,387.00358624823434,389.74072265625,95937000
2022-06-01 00:00:00-04:00,391.8549424707136,392.86483164009155,384.0776638781302,386.5882873535156,86585800
2022-06-02 00:00:00-04:00,386.42789374965014,393.9974979722233,384.18154466114504,393.9503173828125,79609600
2022-06-03 00:00:00-04:00,389.240487364167,390.7884022780611,386.51279859544996,387.4849548339844,71874300
2022-06-06 00:00:00-04:00,391.48687393580764,393.21409252066996,387.49441098526677,388.664794921875,57508900
2022-06-07 00:00:00-04:00,385.1819749982957,392.8459684053957,384.7194727728496,392.3929138183594,59272400
2022-06-08 00:00:00-04:00,390.6845434619145,392.46841881070924,387.333915614858,388.1267395019531,64350000
2022-06-09 00:00:00-04:00,386.3523433395128,388.6175587452947,378.89599609375,378.89599609375,86289800
2022-06-10 00:00:00-04:00,372.70437142833873,373.55382355387263,367.862456867888,367.9096374511719,132893900
2022-06-13 00:00:00-04:00,358.5184977773577,360.3684205912054,352.33631352731584,353.94085693359375,170004900
2022-06-14 00:00:00-04:00,355.68695837561785,356.7157429736958,349.77849666174114,352.8742980957031,104011800
2022-06-15 00:00:00-04:00,356.1682732930812,362.34100925128496,351.2225494582893,357.90496826171875,125666800
2022-06-16 00:00:00-04:00,349.70293778443306,350.1087829653544,343.63401132773026,346.0596923828125,134473300
2022-06-17 00:00:00-04:00,346.47397650063243,350.142419392661,343.30792965713135,346.80572509765625,111113900
2022-06-21 00:00:00-04:00,352.521756092844,356.9200870230244,352.4459063417937,355.5361328125,76811900
2022-06-22 00:00:00-04:00,351.3178056312109,358.99595685720385,350.90071887328156,354.8914794921875,90059400
2022-06-23 00:00:00-04:00,357.0243625508475,359.1002793406204,353.46966494173824,358.3703918457031,79292100
2022-06-24 00:00:00-04:00,361.5363809433128,369.77380119326506,361.507944524138,369.7643127441406,98050300
2022-06-27 00:00:00-04:00,370.68380190795756,370.9776545538821,367.2618273862305,368.3519287109375,66009600
2022-06-28 00:00:00-04:00,369.90658420443964,372.68398100101825,360.71175479299797,360.82550048828125,86548900
2022-06-29 00:00:00-04:00,361.3752782573753,362.36109348225904,358.7116273894593,360.5316162109375,65676000
2022-06-30 00:00:00-04:00,356.6451313576215,360.8349471944622,353.1567954408799,357.6025390625,112508300
2022-07-01 00:00:00-04:00,356.9484798436387,361.82079880218214,354.33221338787916,361.3847351074219,74839700
2022-07-05 00:00:00-04:00,356.3039239194396,362.08623764291843,353.4791138897527,362.0672607421875,81438000
2022-07-06 00:00:00-04:00,362.2094581257224,365.7736442291068,359.8302001680812,363.29010009765625,70426200
2022-07-07 00:00:00-04:00,365.06263643850446,369.5273277554807,363.30898013880693,368.7310791015625,64525900
2022-07-08 00:00:00-04:00,367.100746104859,370.2952588737565,365.57460971282467,368.4278564453125,72397800
2022-07-11 00:00:00-04:00,365.7546798643806,366.72154716840924,363.52706364959664,364.21905517578125,58366900
2022-07-12 00:00:00-04:00,363.6692023712076,366.04848886653093,359.2518953418649,360.9960632324219,62219200
2022-07-13 00:00:00-04:00,355.56452982281553,362.02934629353234,355.14744302288534,359.1002502441406,84224600
2022-07-14 00:00:00-04:00,354.15207948496095,359.30876226262916,351.71594911911046,358.2281494140625,89704800
2022-07-15 00:00:00-04:00,362.62649570213034,365.1858892356065,360.7211976903377,365.0721435546875,79060400
2022-07-18 00:00:00-04:00,368.1528836213448,368.825898190188,360.8349458407432,362.0577697753906,63203600
2022-07-19 00:00:00-04:00,365.97267860433266,372.40905889172745,365.31864088700104,371.8403015136719,78506000
2022-07-20 00:00:00-04:00,372.02988023942527,375.62250240338216,370.6648741646818,374.2100830078125,71843800
2022-07-21 00:00:00-04:00,373.63182056702766,378.0680753048155,371.2335862430008,378.02069091796875,64903900
2022-07-22 00:00:00-04:00,378.1439748043947,379.33833343517273,372.29530007355766,374.513427734375,72197300
2022-07-25 00:00:00-04:00,375.13906335562353,375.8215664094441,372.73134023128426,374.96844482421875,53631500
2022-07-26 00:00:00-04:00,373.3285099278068,373.53705331768873,369.6411191276845,370.53216552734375,52946400
2022-07-27 00:00:00-04:00,373.82147154826214,381.89776315262577,373.52761885571124,380.1535949707031,82342100
2022-07-28 00:00:00-04:00,380.9593347805678,385.6135934950256,377.4140966164,384.921630859375,73966600
2022-07-29 00:00:00-04:00,386.3529667558723,391.51913892921795,385.58515437514285,390.5332946777344,87003700
2022-08-01 00:00:00-04:00,387.8411758992656,391.8793213752261,387.1302364241008,389.3768005371094,69997500
2022-08-02 00:00:00-04:00,387.81277563609865,391.4907074923848,385.632572613597,386.8079833984375,63435400
2022-08-03 00:00:00-04:00,388.93122459935086,394.03103437189844,388.64686041910363,392.8651123046875,67820600
2022-08-04 00:00:00-04:00,392.78932847212786,393.4718315474268,390.95985110646615,392.5997619628906,45656600
2022-08-05 00:00:00-04:00,388.3246175842232,392.5807659148732,388.26774474140564,391.9361877441406,56814900
2022-08-08 00:00:00-04:00,393.6234160956121,395.8699797901509,390.3815199643233,391.4811096191406,53886100
2022-08-09 00:00:00-04:00,390.75135154157846,391.25374768614296,388.85551266726645,389.9266662597656,44931800
2022-08-10 00:00:00-04:00,396.9696030117307,398.2587881715667,395.0168917661512,398.1165771484375,68665700
2022-08-11 00:00:00-04:00,400.9603347598482,402.818277227606,397.37720132659865,398.1165771484375,59489700
2022-08-12 00:00:00-04:00,400.0503656332881,404.9605804756404,399.10244636975136,404.8563232421875,61694500
2022-08-15 00:00:00-04:00,402.6476112740378,407.04597006301,402.59073843868015,406.52459716796875,54048300
2022-08-16 00:00:00-04:00,405.4535207281274,409.2451978170758,404.64778356108576,407.3209228515625,59289000
2022-08-17 00:00:00-04:00,403.7282975362389,407.1313242254354,402.42965277199465,404.42974853515625,63563400
2022-08-18 00:00:00-04:00,404.628809463559,406.28766820146114,403.33965312992564,405.6051940917969,49023200
2022-08-19 00:00:00-04:00,402.84675039895933,403.11216664311075,399.28256461046794,400.1546630859375,68016900
2022-08-22 00:00:00-04:00,395.3296712046477,395.50031863762473,390.9218529286444,391.8223876953125,77695600
2022-08-23 00:00:00-04:00,391.3959168557966,393.78469227238185,390.3247632987665,390.87457275390625,49105200
2022-08-24 00:00:00-04:00,390.64704312287796,393.4908012724624,389.96456893805333,392.1258239746094,49177800
2022-08-25 00:00:00-04:00,393.614017515164,397.7090360070508,392.52391605971974,397.6616516113281,50942300
2022-08-26 00:00:00-04:00,397.547891912805,398.0881839321778,384.1442990308555,384.201171875,103087000
2022-08-29 00:00:00-04:00,381.2531682301508,384.70357956798847,380.30524889484775,381.6607666015625,65370800
2022-08-30 00:00:00-04:00,382.8172261577202,383.0542059895712,375.3760536519589,377.470947265625,85652400
2022-08-31 00:00:00-04:00,379.10134082789193,380.3431127380741,374.46603071215685,374.5987243652344,76029700
2022-09-01 00:00:00-04:00,372.428046300128,376.1154375189932,369.7264703742915,375.7742004394531,78740100
2022-09-02 00:00:00-04:00,379.43307616071115,380.6464115154421,370.0012690480302,371.8117980957031,99632100
2022-09-06 00:00:00-04:00,372.6555302445026,373.5939611226999,368.1908383071308,370.4089660644531,76637400
2022-09-07 00:00:00-04:00,370.0960816393788,377.83110568507885,369.8780787401788,377.06329345703125,70964200
2022-09-08 00:00:00-04:00,374.79781566335777,379.98290632149366,373.59393967123003,379.5279235839844,80821700
2022-09-09 00:00:00-04:00,381.7649972904449,386.28659071940456,381.4995810521483,385.4239807128906,76706900
2022-09-12 00:00:00-04:00,387.49043025851944,390.2868036201907,387.1870891554379,389.5663757324219,69256300
2022-09-13 00:00:00-04:00,380.9024232007864,382.1062993004574,371.5085678123265,372.6271057128906,122947100
2022-09-14 00:00:00-04:00,373.92568555402255,375.56559617352946,370.7501504689949,374.0489196777344,85023700
2022-09-15 00:00:00-04:00,372.4943332407687,375.3380909362644,368.53203779447915,369.80224609375,87633800
2022-09-16 00:00:00-04:00,365.629459872336,367.6377713603656,363.6972515966094,366.98101806640625,103084800
2022-09-19 00:00:00-04:00,363.84014194343365,369.8270263671875,363.763980617156,369.8270263671875,73278500
2022-09-20 00:00:00-04:00,366.5051690967704,367.51408871168167,362.83118428153335,365.5819091796875,77274900
2022-09-21 00:00:00-04:00,367.504555601014,370.55036925173334,359.1952455228189,359.20477294921875,106746600
2022-09-22 00:00:00-04:00,358.4337956869669,360.07091552367,355.44511739669144,356.1875305175781,89472600
2022-09-23 00:00:00-04:00,352.7228790149844,352.76095967141856,345.7841825636604,350.2196350097656,122346900
2022-09-26 00:00:00-04:00,348.753848761664,352.37072699861113,345.53671576875286,346.7550354003906,92581200
2022-09-27 00:00:00-04:00,350.2862710344236,352.5515910179344,343.4808127042095,345.869873046875,108294100
2022-09-28 00:00:00-04:00,346.82164844241146,354.3599916328385,345.1274223526463,352.67529296875,110802200
2022-09-29 00:00:00-04:00,349.13453598884,349.42006827966514,342.36715927302765,345.3082580566406,112952300
2022-09-30 00:00:00-04:00,344.36600021604005,348.2779675279083,339.8353891876637,339.9686279296875,153711200
2022-10-03 00:00:00-04:00,343.6806581182504,350.79070306991537,341.9007722856018,348.9441833496094,89756500
2022-10-04 00:00:00-04:00,354.45522944852485,359.78538917158465,348.9061712798272,359.7568359375,103602800
2022-10-05 00:00:00-04:00,355.3975589353477,361.1750432151708,353.0751323104993,358.91925048828125,88065700
2022-10-06 00:00:00-04:00,357.52010776378955,360.4707348086878,354.7217743328191,355.21673583984375,82333500
2022-10-07 00:00:00-04:00,351.19045562386657,355.3022948939197,343.5473981378096,345.3082580566406,107789500
2022-10-10 00:00:00-04:00,346.42189898919605,346.659852271921,340.43501530969775,342.6717529296875,76042800
2022-10-11 00:00:00-04:00,340.9774934330555,345.5366860181765,338.5694076088321,340.5015869140625,92482800
2022-10-12 00:00:00-04:00,340.91091321016154,342.48139902682294,339.1309983011124,339.37847900390625,76991800
2022-10-13 00:00:00-04:00,332.3826842498608,349.8008834901985,331.3356839052994,348.3350830078125,147254500
2022-10-14 00:00:00-04:00,350.7907569397952,352.41837848921915,339.7592450066515,340.39697265625,123737000
2022-10-17 00:00:00-04:00,346.46954168027236,350.24824134925336,340.06382821256403,349.1441345214844,93168200
2022-10-18 00:00:00-04:00,357.0536204628544,357.35820759851316,349.8103083244258,353.2463684082031,97162900
2022-10-19 00:00:00-04:00,351.2095432352664,353.93174409065676,347.93530350478727,350.7431640625,79746900
2022-10-20 00:00:00-04:00,350.29577817467606,354.71220495349155,347.0405645534775,347.8020324707031,88283100
2022-10-21 00:00:00-04:00,347.5259812950986,356.7395247837277,346.02212943460694,356.2541198730469,131038400
2022-10-24 00:00:00-04:00,357.77710987202045,361.74615500669046,355.1310410528587,360.6134948730469,85436900
2022-10-25 00:00:00-04:00,360.53729867069814,366.68600327248134,360.4230857441992,366.3719177246094,78846300
2022-10-26 00:00:00-04:00,363.2308833811119,368.903680899248,362.9739043202817,363.6116027832031,104087300
2022-10-27 00:00:00-04:00,364.61102062179475,366.44801277950654,361.0512201742432,361.669921875,81971800
2022-10-28 00:00:00-04:00,361.5652682350303,370.75025961760167,361.3844214069697,370.27435302734375,100302000
2022-10-31 00:00:00-04:00,367.81865891657014,369.6842044707059,366.69552642305183,367.5997314453125,96631300
2022-11-01 00:00:00-04:00,371.34039469961164,371.5783479860967,364.8204688405162,365.9911804199219,85407600
2022-11-02 00:00:00-04:00,365.4010229977816,369.9031091678092,356.70146685113565,356.80615234375,126990400
2022-11-03 00:00:00-04:00,353.57008917022813,356.1685499468717,351.0192364870028,353.13226318359375,87100100
2022-11-04 00:00:00-04:00,358.8335775577456,360.61346359996287,352.170885136249,358.21490478515625,103505200
2022-11-07 00:00:00-05:00,359.50933724612685,362.231537963315,357.4343915475703,361.64141845703125,68286900
2022-11-08 00:00:00-05:00,362.74546276276726,366.56224244323937,359.5188315812918,363.59259033203125,84641100
2022-11-09 00:00:00-05:00,361.6223724698831,362.77408732506177,355.6069062348671,356.10186767578125,78495500
2022-11-10 00:00:00-05:00,369.35108918360226,376.00428299719744,367.0572450041489,375.671142578125,141455800
2022-11-11 00:00:00-05:00,376.5277303971915,380.1065568499029,374.6431300540452,379.3070373535156,93839900
2022-11-14 00:00:00-05:00,377.5461835918774,380.89655521020984,375.8043493716394,376.08038330078125,71903500
2022-11-15 00:00:00-05:00,381.8199436113178,382.92405065256037,375.48086281508586,379.2881164550781,93194500
2022-11-16 00:00:00-05:00,377.66046061084984,378.6122738619531,375.76636153620575,376.3945617675781,68508500
2022-11-17 00:00:00-05:00,371.64500584373235,375.9186672305997,371.3404476693323,375.24285888671875,74496300
2022-11-18 00:00:00-05:00,378.57415608736795,378.64078997970154,374.10065167393867,376.9465637207031,92922500
2022-11-21 00:00:00-05:00,375.62353581760493,376.7466683045898,373.73893542221714,375.575927734375,51243200
2022-11-22 00:00:00-05:00,377.5176474312929,380.79188693120494,376.1089535381112,380.63006591796875,60429000
2022-11-23 00:00:00-05:00,380.2969884985024,383.5141220670557,380.0685626038953,383.0287170410156,68261600
2022-11-25 00:00:00-05:00,382.4670560829331,383.4950305265415,382.191051189936,382.9429626464844,30545400
2022-11-28 00:00:00-05:00,379.8590951809206,381.4962149118125,376.0708685003482,376.83233642578125,67881600
2022-11-29 00:00:00-05:00,376.96561491269216,378.15538144006086,374.34812855248094,376.1851501464844,52310000
2022-11-30 00:00:00-05:00,376.4325522787015,388.03515625,374.51942770651925,388.03515625,144566700
2022-12-01 00:00:00-05:00,389.0726695441886,390.24341023181614,385.2463909544575,387.7496643066406,76398200
2022-12-02 00:00:00-05:00,382.86679385886526,388.20645105003473,382.76210836744406,387.30224609375,85342700
2022-12-05 00:00:00-05:00,384.48497335823737,385.4177317516839,378.9834939436765,380.3350524902344,77289800
2022-12-06 00:00:00-05:00,380.1732617355015,380.7157732131678,372.76815579992063,374.85260009765625,77972200
2022-12-07 00:00:00-05:00,374.0054742055746,376.5753814167961,373.0822142567911,374.2148742675781,65927900
2022-12-08 00:00:00-05:00,376.09948257287107,378.2124799961138,374.3195674856605,377.1464538574219,60737900
2022-12-09 00:00:00-05:00,375.9090843451082,378.45993659247966,374.205330689029,374.3290710449219,81447700
2022-12-12 00:00:00-05:00,375.119059475854,379.7258605957031,374.4528077117335,379.7258605957031,75405800
2022-12-13 00:00:00-05:00,390.45289389529376,390.70987305621816,379.8401803005343,382.6004333496094,123782500
2022-12-14 00:00:00-05:00,382.2577351529548,385.9603029263179,377.21313615399055,380.15423583984375,108111300
2022-12-15 00:00:00-05:00,375.2999318308924,376.20416598654884,369.1988348015829,370.85498046875,117705900
2022-12-16 00:00:00-05:00,368.302907769073,369.6415593936089,364.34432159505855,366.4765930175781,119858000
2022-12-19 00:00:00-05:00,366.6678648941245,367.0025351167428,361.70526779936387,363.3690185546875,79878100
2022-12-20 00:00:00-05:00,362.61364283927566,365.482194633709,361.2941043449694,363.8662414550781,74427200
2022-12-21 00:00:00-05:00,366.4575070608886,370.4352358837999,365.92204637130624,369.30694580078125,78167400
2022-12-22 00:00:00-05:00,366.26628710078785,369.28783218740784,358.3490843681481,364.03839111328125,100120900
2022-12-23 00:00:00-05:00,363.01521636298173,366.2758070046261,361.4662030943732,366.13238525390625,59857300
2022-12-27 00:00:00-05:00,366.017616610939,366.36182878328543,363.01518537687076,364.6885070800781,51638200
2022-12-28 00:00:00-05:00,364.6216127041186,366.59137848650926,359.9267751898031,360.15625,70911500
2022-12-29 00:00:00-05:00,362.9960715854847,367.50926042450396,362.47015297141144,366.6391296386719,66970900
2022-12-30 00:00:00-05:00,363.9618527124626,365.8168226274327,361.8486652893112,365.67340087890625,84022200
2023-01-03 00:00:00-05:00,367.52838265402187,369.4981190554035,361.2749320892196,364.1339416503906,74850700
2023-01-04 00:00:00-05:00,366.3905568832152,368.9722652057651,363.34989894273167,366.9451599121094,85934100
2023-01-05 00:00:00-05:00,364.9945163658359,365.1092537639918,362.16422021646383,362.7570495605469,76970500
2023-01-06 00:00:00-05:00,365.845539153224,372.1946147969525,362.7857679206914,371.07586669921875,104189600
2023-01-09 00:00:00-05:00,373.2655401902277,376.44964922378716,370.6838609207569,370.8655090332031,73978100
2023-01-10 00:00:00-05:00,370.28225918611713,373.53327899556643,369.34518834804146,373.4663391113281,65358100
2023-01-11 00:00:00-05:00,375.0439955334967,378.26633038365287,374.2312334389066,378.1898193359375,68881100
2023-01-12 00:00:00-05:00,379.289500125456,381.02973273660194,375.22571833967487,379.5667724609375,90157700
2023-01-13 00:00:00-05:00,376.3730941204777,381.61299228704434,376.10536380133436,381.0392761230469,63903900
2023-01-17 00:00:00-05:00,381.0201591163604,382.69348088927234,379.66236518124305,380.34124755859375,62677300
2023-01-18 00:00:00-05:00,381.526947386791,382.58829750949707,374.1356353327088,374.33642578125,99632300
2023-01-19 00:00:00-05:00,372.2997525257694,373.94439001524745,370.29178966269103,371.611328125,86958900
2023-01-20 00:00:00-05:00,373.00734634342695,378.68708106087394,371.36270886328373,378.5340881347656,91806400
2023-01-23 00:00:00-05:00,379.3373361629709,385.00750055643533,378.38115211629884,383.0760192871094,84178800
2023-01-24 00:00:00-05:00,381.4026252152029,383.57315208650715,380.21696655885887,382.664794921875,59524900
2023-01-25 00:00:00-05:00,378.6009940622238,383.1428671935605,376.31570073269967,382.8081970214844,84800300
2023-01-26 00:00:00-05:00,385.4664894027648,387.17806706122406,382.5023129451065,387.0155029296875,72287400
2023-01-27 00:00:00-05:00,385.97318218490153,390.2760095744735,385.762820567528,387.9046630859375,68346200
2023-01-30 00:00:00-05:00,385.1508473703547,387.37877210654403,382.7412745466371,383.0376892089844,74202000
2023-01-31 00:00:00-05:00,383.554027333468,388.7174142189188,383.20978597821664,388.66961669921875,86811800
2023-02-01 00:00:00-05:00,387.4552591361378,395.5445957142965,384.7205872650518,392.8003234863281,101459200
2023-02-02 00:00:00-05:00,396.68245506156615,399.9813013244029,394.78922953717114,398.5183410644531,101654500
2023-02-03 00:00:00-05:00,393.5557615392747,398.70003602985804,393.0776695484089,394.282470703125,94736800
2023-02-06 00:00:00-05:00,391.8346679352162,393.268944002585,390.2187145648804,391.8728942871094,60295300
2023-02-07 00:00:00-05:00,390.95495684586416,398.2410744328294,389.71192928803475,396.998046875,90990700
2023-02-08 00:00:00-05:00,395.0282373142556,396.36688886374986,391.96843733219856,392.6568908691406,76227500
2023-02-09 00:00:00-05:00,396.2522033663381,396.4051963035193,388.0290153704697,389.2529296875,78694900
2023-02-10 00:00:00-05:00,388.0768733919572,390.54384476548904,387.2641402333424,390.161376953125,70769700
2023-02-13 00:00:00-05:00,390.81149214644563,394.875273798094,390.3525133608386,394.74139404296875,64913500
2023-02-14 00:00:00-05:00,393.2211029770664,396.8641617211256,390.6107393049538,394.5597839355469,88389300
2023-02-15 00:00:00-05:00,392.3700513500147,395.9174852871057,391.52860488743005,395.84100341796875,61555700
2023-02-16 00:00:00-05:00,390.8783796232902,394.81785216860595,390.25686599597043,390.3907165527344,76431500
2023-02-17 00:00:00-05:00,388.26803395095567,389.6545122847336,386.34609496505783,389.41546630859375,89257800
2023-02-21 00:00:00-05:00,385.3994444508215,386.45125247879577,381.34523443071777,381.6033935546875,82655900
2023-02-22 00:00:00-05:00,382.01458672604707,383.55405800104023,379.624126941612,381.0775451660156,83742300
2023-02-23 00:00:00-05:00,383.965204449082,384.577176151522,378.88787027584414,383.1046447753906,96242400
2023-02-24 00:00:00-05:00,378.0942481460913,379.84405183245593,376.3922419822525,379.0121765136719,108194400
2023-02-27 00:00:00-05:00,382.3492579579314,383.7070519585176,379.365968807818,380.30303955078125,80444700
2023-02-28 00:00:00-05:00,379.82496053517093,381.78512595829335,378.79226552930106,378.8974609375,96438600
2023-03-01 00:00:00-05:00,378.0846868266854,379.30860107550785,376.1436346387775,377.44403076171875,99706800
2023-03-02 00:00:00-05:00,375.47422825599955,381.22090193596534,375.1395581071414,380.37945556640625,85127800
2023-03-03 00:00:00-05:00,382.1962961869598,386.7286281625777,381.54609807414363,386.4800109863281,90120000
2023-03-06 00:00:00-05:00,387.3022850157021,389.59714976739536,386.3078747490803,386.7477111816406,72795900
2023-03-07 00:00:00-05:00,386.69989002886615,386.9389359941927,380.2073934400801,380.8193359375,108310600
2023-03-08 00:00:00-05:00,380.9340806833584,382.196221130841,379.2129323233864,381.44085693359375,74746600
2023-03-09 00:00:00-05:00,382.2249901315046,383.88877016600645,373.4185434936177,374.4034118652344,111945300
2023-03-10 00:00:00-05:00,373.8583475978051,375.93327957719293,367.4806170891498,369.0009460449219,189253000
2023-03-13 00:00:00-04:00,365.08059523708437,373.28466995051247,363.97141834242984,368.47503662109375,157790000
2023-03-14 00:00:00-04:00,373.3898317252391,376.21058604424246,370.0909854321958,374.5659484863281,149752400
2023-03-15 00:00:00-04:00,368.98181836154816,372.4240570496017,366.89731528704147,372.2232666015625,172996900
2023-03-16 00:00:00-04:00,369.87112981693105,379.09830027770704,369.3643534258748,378.7540588378906,143254200
2023-03-17 00:00:00-04:00,377.4255889740926,378.55818505074,372.9431553160695,374.3253173828125,140553400
2023-03-20 00:00:00-04:00,375.1028011958168,378.33746367070916,374.40214170963634,377.9247131347656,93055800
2023-03-21 00:00:00-04:00,381.28418093617404,383.3670321413763,379.690854100462,382.8871154785156,91524200
2023-03-22 00:00:00-04:00,382.7143506832372,386.3233040523079,376.3218572494295,376.3602294921875,111746600
2023-03-23 00:00:00-04:00,379.22048781510506,383.25179889041164,374.6708879123496,377.37762451171875,119351300
2023-03-24 00:00:00-04:00,376.10099199884445,379.9403243336123,373.7589969312936,379.85394287109375,107682400
2023-03-27 00:00:00-04:00,382.1287722364247,382.89665633801565,379.67160169490063,380.5642395019531,74010400
2023-03-28 00:00:00-04:00,379.8731772141997,380.5642582938647,377.8767370350477,379.71002197265625,62871700
2023-03-29 00:00:00-04:00,383.86599766512563,385.46893163429934,382.6662064369883,385.2289733886719,77497900
2023-03-30 00:00:00-04:00,387.8590304445402,388.10859647318574,385.62263176835995,387.4847106933594,69840000
2023-03-31 00:00:00-04:00,388.4060846284512,393.2436518891425,388.3004877505952,392.94610595703125,112062600
2023-04-03 00:00:00-04:00,392.42779542260035,394.84656445369103,392.03426030988214,394.4434509277344,67391100
2023-04-04 00:00:00-04:00,395.08655642138893,395.37452397054454,390.88248211307797,392.25506591796875,66601500
2023-04-05 00:00:00-04:00,391.5255732993779,392.28384974684195,389.57711302940226,391.22802734375,65200200
2023-04-06 00:00:00-04:00,390.43131081559227,393.03247968178334,389.3850962213968,392.7541198730469,63743300
2023-04-10 00:00:00-04:00,390.2777272293107,393.23402961478297,389.66344926995697,393.1572265625,63681000
2023-04-11 00:00:00-04:00,393.7812271299072,394.6642573806665,392.4950539964702,393.2629089355469,59297900
2023-04-12 00:00:00-04:00,395.3264818376402,395.61444936283374,391.0744279375137,391.659912109375,86420400
2023-04-13 00:00:00-04:00,392.7445509263928,397.21737725795947,391.60234704835096,396.86224365234375,85814800
2023-04-14 00:00:00-04:00,396.22870868146754,398.41712702758065,393.5891675964206,395.89276123046875,78161500
2023-04-17 00:00:00-04:00,395.8064093482449,397.3325406110166,394.577824032139,397.3133544921875,66436400
2023-04-18 00:00:00-04:00,398.8874765900454,399.0218673008723,396.1999552913603,397.572509765625,63560000
2023-04-19 00:00:00-04:00,395.6624479202901,398.4075568472331,395.60486027089866,397.5053405761719,55227300
2023-04-20 00:00:00-04:00,394.69301944461137,397.08302413683805,393.79077385332334,395.33612060546875,75840400
2023-04-21 00:00:00-04:00,395.6336418065236,396.10395069254025,393.6947893230702,395.64324951171875,73457400
2023-04-24 00:00:00-04:00,395.44169241406223,396.47832873039835,394.1075394245126,396.0559997558594,64332100
2023-04-25 00:00:00-04:00,394.0883231137075,394.6450428024144,389.7114858346393,389.7690734863281,97766700
2023-04-26 00:00:00-04:00,390.3833244029181,391.4583328014488,387.56141271088387,388.11810302734375,80447000
2023-04-27 00:00:00-04:00,390.65214704527966,396.11360078097556,390.4025810177756,395.8448486328125,92968400
2023-04-28 00:00:00-04:00,394.9617272106124,399.2329963765921,394.904139565875,399.223388671875,89433100
2023-05-01 00:00:00-04:00,398.7819109693187,400.8455465437123,398.58993260769745,398.8203125,62122300
2023-05-02 00:00:00-04:00,398.11002828382885,398.1580375216088,391.4392047424731,394.337890625,103998500
2023-05-03 00:00:00-04:00,394.837004192524,397.24619509986604,391.3912062306647,391.63116455078125,91531800
2023-05-04 00:00:00-04:00,390.58495750937874,390.91129731617235,387.5230869408355,388.8572692871094,94901900
2023-05-05 00:00:00-04:00,392.48541888407567,397.102214486308,392.2262744508848,396.0559997558594,87891800
2023-05-08 00:00:00-04:00,396.3823627822816,396.64150723066325,394.76024214675766,396.1615905761719,50046800
2023-05-09 00:00:00-04:00,394.61623373049684,395.53766541370464,394.1939047732381,394.42425537109375,49220100
2023-05-10 00:00:00-04:00,397.2558085179079,397.8893020071386,392.44703434025826,396.2671813964844,96142900
2023-05-11 00:00:00-04:00,395.4032868637811,395.8639880395315,393.5028066384593,395.5760498046875,70157100
2023-05-12 00:00:00-04:00,396.8142810526254,397.0254455424627,392.63900049417026,395.0577697753906,70481500
2023-05-15 00:00:00-04:00,395.6624389099318,396.8238288685914,393.75238023444746,396.42071533203125,54289400
2023-05-16 00:00:00-04:00,395.31689334176326,396.2383543170176,393.761968222226,393.7715759277344,57705500
2023-05-17 00:00:00-04:00,395.7871593165039,399.1561533635068,394.14585302223173,398.5514831542969,87287000
2023-05-18 00:00:00-04:00,398.23477512417634,402.8131980774416,398.01403224251106,402.390869140625,97177200
2023-05-19 00:00:00-04:00,403.29311788250186,403.82101441184767,400.58638129995114,401.80535888671875,103793300
2023-05-22 00:00:00-04:00,401.8246282749285,403.5043365562108,400.5864351115969,401.9685974121094,60745400
2023-05-23 00:00:00-04:00,400.32722839371974,401.9013689419868,397.0638012887145,397.45733642578125,86383500
2023-05-24 00:00:00-04:00,395.85441436146004,396.2383417764392,393.4164298740769,394.57781982421875,89213700
2023-05-25 00:00:00-04:00,398.0812240048889,399.4442000783956,395.84482546980115,397.9948425292969,90961600
2023-05-26 00:00:00-04:00,398.64745889564364,403.86895317673464,398.57068513788386,403.1490783691406,93830000
2023-05-30 00:00:00-04:00,405.0783704702366,405.60626696953454,401.9205113036728,403.30267333984375,72216000
2023-05-31 00:00:00-04:00,401.47906649861943,402.3813121326053,399.5018122688516,401.06634521484375,110811800
2023-06-01 00:00:00-04:00,401.29664281865877,405.93265339027886,400.04887142591303,404.8768310546875,88865000
2023-06-02 00:00:00-04:00,407.44922983268606,411.51891359121186,406.92133324219725,410.73187255859375,91426200
2023-06-05 00:00:00-04:00,411.0773899248413,412.3635629860605,409.2441048720611,409.9447937011719,65460200
2023-06-06 00:00:00-04:00,409.53201283462573,411.36526832885664,408.87930404707026,410.8373718261719,64022200
2023-06-07 00:00:00-04:00,411.2309384070294,412.3635345526036,408.9945106484148,409.4168395996094,85373300
2023-06-08 00:00:00-04:00,409.48399798951436,412.34431121135276,408.71614321581194,411.8931884765625,61952800
2023-06-09 00:00:00-04:00,412.6898813507892,414.63834160760314,411.64366666036057,412.6322937011719,85742800
2023-06-12 00:00:00-04:00,413.61140641897026,416.4525049768777,412.89153139542077,416.3757019042969,76104300
2023-06-13 00:00:00-04:00,417.8345851160925,419.76382988102273,417.1722978814529,419.1207580566406,95899700
2023-06-14 00:00:00-04:00,419.45671780561304,421.4243641568749,416.1740753599218,419.619873046875,100612100
2023-06-15 00:00:00-04:00,418.8040313332803,426.06997610483035,418.7080714411939,424.82220458984375,110303100
2023-06-16 00:00:00-04:00,426.80484934957235,427.3732510116979,422.9030966686289,423.3751525878906,114165800
2023-06-20 00:00:00-04:00,421.4387558395076,422.32506614292663,419.1073181445954,421.1786193847656,76160400
2023-06-21 00:00:00-04:00,420.1958856547502,420.9954934589653,418.43284996744785,419.0205383300781,76982300
2023-06-22 00:00:00-04:00,418.0667832912389,420.6390407754928,417.72958794220574,420.5330810546875,70637200
2023-06-23 00:00:00-04:00,417.08416191308544,419.1362056994903,416.64100677536294,417.3539123535156,92074500
2023-06-26 00:00:00-04:00,416.78554609984883,418.7027001286234,415.40789299777055,415.64874267578125,72823600
2023-06-27 00:00:00-04:00,416.5253768197751,420.82212620155866,416.0725783167209,420.20556640625,72813700
2023-06-28 00:00:00-04:00,419.1265614695,421.4290983033547,418.5100016357142,420.41754150390625,75636000
2023-06-29 00:00:00-04:00,420.00325329466176,422.2383451446893,419.5986423394109,422.0745544433594,67882300
2023-06-30 00:00:00-04:00,425.28267848094407,428.0379843526411,424.96474047999936,427.0553283691406,104964000
2023-07-03 00:00:00-04:00,426.70850932168867,427.82602579498047,426.4291155030701,427.5466613769531,32793400
2023-07-05 00:00:00-04:00,425.7354801650757,427.6430199831629,425.7258367708566,426.91082763671875,58418400
2023-07-06 00:00:00-04:00,423.3365733138423,423.99167722455906,421.06293761114665,423.5677795410156,80658300
2023-07-07 00:00:00-04:00,422.5755319557256,426.438769743823,422.2575939538954,422.4984436035156,86134200
2023-07-10 00:00:00-04:00,422.1419392054069,423.74118421139565,421.5735376298801,423.5677795410156,62443500
2023-07-11 00:00:00-04:00,424.32893908451956,426.7566930521444,423.3558970583311,426.2653503417969,64463800
2023-07-12 00:00:00-04:00,430.0515200243212,431.1016209821125,428.62567949600117,429.6950378417969,91924500
2023-07-13 00:00:00-04:00,431.5061931540125,433.8954320784897,431.0726814584312,433.1054382324219,72425200
2023-07-14 00:00:00-04:00,433.991813962652,434.83958003816,432.07463074719146,432.8357238769531,69815800
2023-07-17 00:00:00-04:00,432.6912500682276,435.3887545883977,432.64306249429234,434.3386535644531,52680200
2023-07-18 00:00:00-04:00,434.01112689880694,438.21153123996993,433.5775857110337,437.5660705566406,80668200
2023-07-19 00:00:00-04:00,438.3559839057652,439.7239933832524,437.48890168977437,438.5390319824219,65891700
2023-07-20 00:00:00-04:00,437.5467608684042,438.44271452207744,434.91667207150675,435.62957763671875,70591600
2023-07-21 00:00:00-04:00,437.3444259913096,437.5467608684042,435.61996364299455,435.62957763671875,71275600
2023-07-24 00:00:00-04:00,436.7760157789645,438.38490436691495,435.74517222742827,437.5756530761719,54023400
2023-07-25 00:00:00-04:00,437.3059387900186,440.0227007047043,437.2577512159894,438.7702941894531,55191200
2023-07-26 00:00:00-04:00,437.8358256350003,440.26357987054627,436.78572453865155,438.8377685546875,71052900
2023-07-27 00:00:00-04:00,442.2192143317386,442.6238546795818,435.02262562113657,435.92822265625,92194400
2023-07-28 00:00:00-04:00,439.1941936182639,441.024645224626,435.9282579906258,440.1961364746094,80011800
2023-07-31 00:00:00-04:00,440.6681750532694,441.39072403261815,439.35793761574195,441.0342712402344,62040400
2023-08-01 00:00:00-04:00,439.56991241987384,440.51405372612544,438.81846261305157,439.7722473144531,55291500
2023-08-02 00:00:00-04:00,436.6604623365917,436.92056940230765,432.903213273274,433.6546630859375,93933400
2023-08-03 00:00:00-04:00,431.64118850447414,434.2905350935038,430.99569839924794,432.4118957519531,64276100
2023-08-04 00:00:00-04:00,434.2230076857938,436.32320952695244,429.9358722590493,430.45611572265625,100128900
2023-08-07 00:00:00-04:00,432.28655130575453,434.3674956833761,431.5929031798807,434.2133483886719,58357500
2023-08-08 00:00:00-04:00,431.67964426037906,434.2037733620173,428.9724964679823,432.32513427734375,71361300
2023-08-09 00:00:00-04:00,432.5948520910791,432.7586427817327,428.67381291504086,429.4349060058594,78789600
2023-08-10 00:00:00-04:00,431.7856284811605,435.16716703483127,428.42337671620794,429.5890808105469,93005500
2023-08-11 00:00:00-04:00,427.7200594884635,430.3501481391964,427.1227570858758,429.33856201171875,68690900
2023-08-14 00:00:00-04:00,428.4234238736149,431.7085876464844,428.1151292261153,431.7085876464844,47867400
2023-08-15 00:00:00-04:00,429.93582758422366,430.29230971707324,426.11113445595447,426.6795654296875,75707500
2023-08-16 00:00:00-04:00,426.2653150386881,427.9223617239687,423.44256433778145,423.5485534667969,80107200
2023-08-17 00:00:00-04:00,425.01291328665195,425.273020314269,419.8009235363625,420.3211669921875,95711300
2023-08-18 00:00:00-04:00,417.5080258452247,421.5543115245304,417.1612164787308,420.5234680175781,98852000
2023-08-21 00:00:00-04:00,421.5350602162778,424.00135836533855,419.3867000805202,423.2595520019531,68719000
2023-08-22 00:00:00-04:00,425.03225623516244,425.03225623516244,421.5544008373133,422.1131591796875,64994200
2023-08-23 00:00:00-04:00,423.1728380844883,427.43107286328376,423.0283341735705,426.8144836425781,68441000
2023-08-24 00:00:00-04:00,428.41369725884107,428.92429730681755,420.87027025881116,420.8992004394531,88517300
2023-08-25 00:00:00-04:00,422.62369316256587,425.1477928046301,419.0783933508206,423.8664855957031,102325100
2023-08-28 00:00:00-04:00,426.05336574379237,427.1709115909124,423.8664616174519,426.5543518066406,61595400
2023-08-29 00:00:00-04:00,426.4483889303442,432.999517120143,426.26534084235647,432.7201232910156,83081900
2023-08-30 00:00:00-04:00,433.0572217441067,435.1381658044134,432.3539303318715,434.5023193359375,69053900
2023-08-31 00:00:00-04:00,435.1190142078131,436.255817610441,433.6835595621321,433.8666076660156,66084600
2023-09-01 00:00:00-04:00,436.5833209067049,437.06502016743536,433.2210400744053,434.67578125,58944100
2023-09-05 00:00:00-04:00,434.23263347174435,434.5505420529184,432.72973410501413,432.7971496582031,55166200
2023-09-06 00:00:00-04:00,431.987958395261,432.0939475374288,427.5659620214055,429.88775634765625,70758500
2023-09-07 00:00:00-04:00,426.8915375451562,429.24223247025344,426.5447281630559,428.56787109375,70355400
2023-09-08 00:00:00-04:00,428.61610689052696,430.745209940048,428.2596540497245,429.2134094238281,61659700
2023-09-11 00:00:00-04:00,431.833706419373,432.344306415464,430.1285017684095,432.0360412597656,60180100
2023-09-12 00:00:00-04:00,430.5909909482861,432.1131477113599,429.08809157187744,429.6661071777344,67565400
2023-09-13 00:00:00-04:00,429.8877204342684,431.3231749266096,428.78943192828973,430.1671142578125,60199300
2023-09-14 00:00:00-04:00,432.6334271290332,434.5698383708397,431.332833106535,433.8761901855469,83430800
2023-09-15 00:00:00-04:00,432.2935551441486,432.6222625307114,428.2136712808251,428.6487121582031,111848900
2023-09-18 00:00:00-04:00,428.3393267614431,430.1955896700722,427.86560575276553,428.90008544921875,55752200
2023-09-19 00:00:00-04:00,427.9815868766938,428.5713482483716,425.332573169419,428.0105895996094,66514600
2023-09-20 00:00:00-04:00,429.26743850526196,429.6831540306982,423.87269606637597,424.07574462890625,82562600
2023-09-21 00:00:00-04:00,421.2333589486901,421.4943834516094,416.91177626347593,417.06646728515625,104095800
2023-09-22 00:00:00-04:00,418.0913502784636,419.68655933537104,415.7130085528767,416.1287536621094,100829700
2023-09-25 00:00:00-04:00,414.920205158679,417.9172517040119,414.485134786977,417.87860107421875,70874500
2023-09-26 00:00:00-04:00,414.8428197503268,415.54859200929735,410.90794984146544,411.7394104003906,96168400
2023-09-27 00:00:00-04:00,412.9092244496163,413.4699830924983,408.2686118060124,411.90374755859375,104705800
2023-09-28 00:00:00-04:00,411.35270706101295,415.964317107926,410.762945679416,414.291748046875,92258300
2023-09-29 00:00:00-04:00,417.3371969608053,417.5112133076614,411.7684378270295,413.28631591796875,115111300
2023-10-02 00:00:00-04:00,412.454856073705,414.3691244055631,410.36657139466814,413.1219482421875,83798600
2023-10-03 00:00:00-04:00,410.94667474306095,413.1799731499237,406.2287013020404,407.5918884277344,103760600
2023-10-04 00:00:00-04:00,408.0559059967463,411.30432887204057,406.5960334820363,410.5599060058594,87453000
2023-10-05 00:00:00-04:00,410.269877205424,411.2463514179395,407.1858225474584,410.4052429199219,70142700
2023-10-06 00:00:00-04:00,407.9592644123595,416.81512702154566,406.6347574601129,415.2779235839844,113273300
2023-10-09 00:00:00-04:00,413.3829806224,418.5070215863633,412.8319288458573,417.9366149902344,80374400
2023-10-10 00:00:00-04:00,418.56502711101643,422.70291641435927,418.16863686530417,420.1119079589844,78607300
2023-10-11 00:00:00-04:00,421.17534896503963,422.0841107631383,418.79700772466646,421.832763671875,62451700
2023-10-12 00:00:00-04:00,422.44181666810476,422.818852027092,416.9117385367127,419.26104736328125,81154200
2023-10-13 00:00:00-04:00,420.75969048751125,421.9585387631344,415.6066757486928,417.1728820800781,95143100
2023-10-16 00:00:00-04:00,419.4158131019472,422.6255856986061,419.1741138914331,421.5621032714844,75433200
2023-10-17 00:00:00-04:00,418.43931518310666,423.59235858221746,418.09128250171426,421.542724609375,75324700
2023-10-18 00:00:00-04:00,419.77355201420596,420.73067151213604,414.84288188055683,415.9256896972656,93559800
2023-10-19 00:00:00-04:00,416.64108906158174,418.44899434083845,411.5944086302288,412.2711486816406,121323000
2023-10-20 00:00:00-04:00,411.8361348739324,412.3775387523352,407.09880668145956,407.2051696777344,123919900
2023-10-23 00:00:00-04:00,405.6776368923659,410.3569598965053,403.92773684712256,406.4994201660156,92035100
2023-10-24 00:00:00-04:00,408.61667642933105,410.7146385432617,406.7700909338865,409.56414794921875,78564200
2023-10-25 00:00:00-04:00,407.88192884542195,407.91093157015536,403.17360349885,403.6860046386719,94223200
2023-10-26 00:00:00-04:00,402.6225515026816,403.47330792914914,397.9335809780985,398.8520202636719,115156800
2023-10-27 00:00:00-04:00,400.43756406837696,400.83395429205797,395.6229054415524,397.0440979003906,107367700
2023-10-30 00:00:00-04:00,399.82851071417565,402.84491222424634,398.53300645045545,401.7911071777344,86562700
2023-10-31 00:00:00-04:00,402.36153498192397,404.63351364420447,400.4569438698378,404.3144836425781,79665200
2023-11-01 00:00:00-04:00,405.2812643437381,409.43847913059346,404.7495083565733,408.6263732910156,98068100
2023-11-02 00:00:00-04:00,412.41619465013827,416.61211901779166,412.39686933434086,416.4574279785156,94938900
2023-11-03 00:00:00-04:00,418.7584345746445,421.80383898984763,418.63274625361095,420.2569580078125,100167800
2023-11-06 00:00:00-05:00,421.01096687249964,421.6683815579989,419.2803924905788,421.2236633300781,67831700
2023-11-07 00:00:00-05:00,421.2237277176419,423.0606358569916,420.0829145000172,422.42254638671875,64256100
2023-11-08 00:00:00-05:00,423.02196085453033,423.5440394282341,420.43095231056213,422.73193359375,61746000
2023-11-09 00:00:00-05:00,423.8727133946502,423.9113935278032,419.0097266771128,419.43511962890625,83174400
2023-11-10 00:00:00-05:00,421.5041020397778,426.28972875327344,419.42546520511473,425.9803466796875,89462200
2023-11-13 00:00:00-05:00,424.6461326803493,426.67638218285714,423.863029699829,425.5742492675781,52236100
2023-11-14 00:00:00-05:00,431.50076562505876,435.1165763059157,431.2783917339626,433.83074951171875,97176900
2023-11-15 00:00:00-05:00,435.16489156652574,436.39274237985995,433.8983901244557,434.7491760253906,77327600
2023-11-16 00:00:00-05:00,434.3045010394223,435.60000533429076,433.2410185572766,435.2809753417969,66665800
2023-11-17 00:00:00-05:00,435.2906012114316,436.43144390959674,434.37216191303287,435.8223571777344,83133200
2023-11-20 00:00:00-05:00,435.5710218701185,440.0182936712103,435.56134445939387,439.17718505859375,69936200
2023-11-21 00:00:00-05:00,438.13296253247677,439.05143128536895,436.95346926763995,438.219970703125,49244600
2023-11-22 00:00:00-05:00,439.87321460582723,441.22672421241435,438.81940964411666,439.911865234375,59394900
2023-11-24 00:00:00-05:00,439.9602117787139,440.3759273074353,439.631504418495,440.18255615234375,29737400
2023-11-27 00:00:00-05:00,439.55410942278854,440.3662151022708,439.0030282281884,439.3897705078125,50506000
2023-11-28 00:00:00-05:00,439.00310690168646,441.1203943936042,438.4423777026132,439.82489013671875,62115000
2023-11-29 00:00:00-05:00,441.97117519611106,443.10234049536746,439.1191421839662,439.5155029296875,63146000
2023-11-30 00:00:00-05:00,440.35665713551293,441.59415597189025,438.2876976332808,441.24609375,79752700
2023-12-01 00:00:00-05:00,440.6369952391435,444.3881717849613,440.0472633152973,443.8564453125,89183400
2023-12-04 00:00:00-05:00,440.4726841519421,443.87579870037587,439.25451058722007,441.5264892578125,72430900
2023-12-05 00:00:00-05:00,440.14394887033336,442.3965725770802,439.76688393206007,441.439453125,69793500
2023-12-06 00:00:00-05:00,443.576130069541,443.6051327994251,439.22554356110726,439.6606140136719,69124700
2023-12-07 00:00:00-05:00,441.7391409339485,443.66305717468333,441.13973162302386,443.01531982421875,66995400
2023-12-08 00:00:00-05:00,442.27087844484373,445.451648340426,442.02917923250493,444.919921875,83194400
2023-12-11 00:00:00-05:00,444.4268611503367,446.8245280398024,444.21416465607524,446.6504821777344,65002200
2023-12-12 00:00:00-05:00,446.30247061264276,448.7871457987425,445.30667095693167,448.6904602050781,68327600
2023-12-13 00:00:00-05:00,449.0674408996175,455.12927578193285,448.709730800554,454.8778991699219,93278000
2023-12-14 00:00:00-05:00,456.8115200961749,458.00069086527446,453.66943027540754,456.3377990722656,119026000
2023-12-15 00:00:00-05:00,455.7417134699126,456.9163018501235,453.7420397034311,455.5863952636719,141553700
2023-12-18 00:00:00-05:00,457.1881393985243,459.12957270241793,456.13006180277284,458.1491394042969,70375300
2023-12-19 00:00:00-05:00,458.69270565753243,461.012732509764,458.61506136543755,460.93505859375,55761800
2023-12-20 00:00:00-05:00,460.08088857770923,461.9640813854923,454.12070331796554,454.5478210449219,102921000
2023-12-21 00:00:00-05:00,457.5278204873464,459.1295265010188,455.1107457468796,458.85772705078125,86667500
2023-12-22 00:00:00-05:00,459.98374941589714,461.45925759296136,457.8870276491879,459.7799072265625,67160400
2023-12-26 00:00:00-05:00,460.18768563597195,462.62416447518916,460.1100117084557,461.7214050292969,55387000
2023-12-27 00:00:00-05:00,461.5175394244562,462.70181495571654,460.9836571015111,462.55621337890625,68000300
2023-12-28 00:00:00-05:00,462.91536504878167,463.5657286208665,462.3135254600746,462.7309265136719,77158100
2023-12-29 00:00:00-05:00,462.5367654374911,463.06096072132885,459.4401769650659,461.3913269042969,122283100
2024-01-02 00:00:00-05:00,458.333531951908,459.7993234289346,456.71242227128295,458.8091735839844,123623700
2024-01-03 00:00:00-05:00,456.65418509885427,457.39193916554245,454.4603858132538,455.0622253417969,103585900
2024-01-04 00:00:00-05:00,454.5865557790852,457.1686653982138,453.3731600721968,453.596435546875,84232200
2024-01-05 00:00:00-05:00,453.80034274035296,456.66396886840727,452.7713854034213,454.2177734375,86118900
2024-01-08 00:00:00-05:00,454.71275316529835,460.8476889622242,454.5865552720958,460.70208740234375,74879100
2024-01-09 00:00:00-05:00,458.05202403896755,461.02241437904433,457.54726208619434,460.003173828125,65931400
2024-01-10 00:00:00-05:00,460.2749615048287,463.4686272393253,459.9934454114867,462.60467529296875,67310600
2024-01-11 00:00:00-05:00,463.60455806414546,464.119036700077,458.4306513904914,462.40087890625,77940700
2024-01-12 00:00:00-05:00,463.847256832393,464.5850109920546,461.31370050606375,462.7212219238281,58026400
2024-01-16 00:00:00-05:00,461.3428140279713,462.6532578332319,459.2072255045687,461.0224609375,85014900
2024-01-17 00:00:00-05:00,458.00347884426276,458.9450750603383,456.11056976718885,458.459716796875,68843900
2024-01-18 00:00:00-05:00,460.1294153145847,463.0900892897804,458.58597937392244,462.5367736816406,91856200
2024-01-19 00:00:00-05:00,463.6628015298727,468.58434205067863,462.5853202688259,468.3028259277344,110834500
2024-01-22 00:00:00-05:00,469.83659824827777,471.01115715758357,468.64260604571103,469.2929992675781,75844900
2024-01-23 00:00:00-05:00,469.8365966379768,470.9043613024555,468.74939868030367,470.66168212890625,49945300
2024-01-24 00:00:00-05:00,473.5252343876121,474.45711397403113,470.68104202686277,471.1761169433594,81765000
2024-01-25 00:00:00-05:00,473.30199623812143,474.0106300348732,471.1761540957068,473.73883056640625,72525000
2024-01-26 00:00:00-05:00,473.3117458196852,474.7969411657135,472.2925051479898,473.13702392578125,76641600
2024-01-29 00:00:00-05:00,473.4475958586122,477.029542315143,472.9039969579279,476.8839111328125,61322800
2024-01-30 00:00:00-05:00,476.1947226231299,477.2236798269538,475.7578883130134,476.51507568359375,58618400
2024-01-31 00:00:00-05:00,474.31155855924624,474.75807991768903,468.7202212489611,468.7396545410156,126011100
2024-02-01 00:00:00-05:00,470.43842101293257,474.90372358641025,469.6327095934461,474.8746032714844,91891600
2024-02-02 00:00:00-05:00,475.31139921660196,481.5239798187347,474.971642466127,479.873779296875,99228200
2024-02-05 00:00:00-05:00,479.24284325758833,479.9029234991888,475.8744551474019,478.1264953613281,75757100
2024-02-06 00:00:00-05:00,479.06809742412736,479.8446885622171,477.64114268330553,479.5146484375,55918600
2024-02-07 00:00:00-05:00,481.75695184930976,483.93134756331705,480.8541628931194,483.5139465332031,70556500
2024-02-08 00:00:00-05:00,483.513949705615,484.1060726186496,482.69855130751233,483.7275085449219,52343600
2024-02-09 00:00:00-05:00,484.2322563033971,486.95996752942966,483.89249957484776,486.5231628417969,63979400
2024-02-12 00:00:00-05:00,486.49406987855394,488.75582660767503,485.59128089218916,486.30963134765625,56502300
2024-02-13 00:00:00-05:00,480.0485287007201,482.53356108402113,476.35010044182593,479.6116943359375,113099200
2024-02-14 00:00:00-05:00,482.2423099561509,484.4555426281319,479.9222830533005,483.9701843261719,68387800
2024-02-15 00:00:00-05:00,484.66915861837293,487.4939478237512,484.19348728209525,487.30950927734375,61683000
2024-02-16 00:00:00-05:00,487.00856229426716,488.1442842020213,484.144936285217,484.8826904296875,75532900
2024-02-20 00:00:00-05:00,483.14510603430045,483.8149029118612,479.97087316267243,482.2132263183594,71736700
2024-02-21 00:00:00-05:00,480.9124020985744,482.80528158044035,479.10685392666875,482.64996337890625,59293400
2024-02-22 00:00:00-05:00,489.25094105413393,493.5997329784438,488.2899113619232,492.63873291015625,76402500
2024-02-23 00:00:00-05:00,494.35685563775104,495.1916873577398,492.25041710535265,492.97845458984375,61321800
2024-02-26 00:00:00-05:00,493.4152350521733,493.8520693709636,491.0466841824756,491.1728820800781,50386700
2024-02-27 00:00:00-05:00,491.86214231163,492.30866367947897,489.9692329795254,492.08538818359375,48854500
2024-02-28 00:00:00-05:00,490.53220860244136,492.0174038220213,490.17304819868775,491.43499755859375,56506600
2024-02-29 00:00:00-05:00,493.1920036518268,494.8130838290683,490.5516532421677,493.2016906738281,83924800
2024-03-01 00:00:00-05:00,494.07530115793037,498.25905733264534,493.66758718818903,497.8319396972656,76844800
2024-03-04 00:00:00-05:00,497.0360120116513,499.1424502869192,497.0068620768657,497.2980651855469,49799300
2024-03-05 00:00:00-05:00,495.2984545471132,495.745005535815,490.1245478315941,492.32806396484375,72855600
2024-03-06 00:00:00-05:00,495.5993458504527,497.0748540345267,493.53174438668293,494.8227844238281,68382400
2024-03-07 00:00:00-05:00,498.1135085613306,500.78297909459656,494.88100583529064,499.7345886230469,58652100
2024-03-08 00:00:00-05:00,500.36563844693006,503.0447667007892,496.1624186562773,496.7351379394531,86532500
2024-03-11 00:00:00-04:00,495.5314219659159,496.89041928478855,493.6093924281333,496.3079833984375,62557200
2024-03-12 00:00:00-04:00,498.41446966211043,502.22937893995004,495.90028750048145,501.64697265625,73114400
2024-03-13 00:00:00-04:00,501.9672268025058,502.1419486738022,499.4239541516855,500.860595703125,55104100
2024-03-14 00:00:00-04:00,501.83132111592977,501.9866689472691,496.8321662856789,499.8705139160156,110171800
2024-03-15 00:00:00-04:00,496.80816405826874,498.2590460217431,494.77306623402836,496.4381408691406,107646300
2024-03-18 00:00:00-04:00,500.4985887866016,501.93969410963876,498.97956820958467,499.3885192871094,88893300
2024-03-19 00:00:00-04:00,498.6971800566581,502.44602683293346,497.69420694088996,502.1636657714844,60755300
2024-03-20 00:00:00-04:00,502.22210687375775,506.9446864437559,501.5502289693654,506.808349609375,69594600
2024-03-21 00:00:00-04:00,509.64192900671355,510.34298796408666,508.2007643189091,508.4831848144531,60256100
2024-03-22 00:00:00-04:00,508.3955803879005,508.8824467519345,507.28551081424,507.5192565917969,79070800
2024-03-25 00:00:00-04:00,506.1462159868013,507.2660322991133,505.96120440733904,506.1170349121094,48512100
2024-03-26 00:00:00-04:00,507.5386367689601,507.87947884663447,504.7830162330491,505.1822204589844,65463700
2024-03-27 00:00:00-04:00,508.00609219695343,509.4666912006187,505.8443747669276,509.4277038574219,82999800
2024-03-28 00:00:00-04:00,509.46668962011773,510.8298796934876,509.04799170553036,509.3303527832031,96294900
2024-04-01 00:00:00-04:00,510.07045141241963,510.6059925472889,507.2855305336226,508.44427490234375,62477500
2024-04-02 00:00:00-04:00,504.62721155274875,505.3477642225264,502.9134325371014,505.21148681640625,74230300
2024-04-03 00:00:00-04:00,504.1208992573895,507.266096506351,504.07222450545925,505.7665100097656,59155800
2024-04-04 00:00:00-04:00,509.76856679026787,510.10934946561747,499.2911933332161,499.5930480957031,96858100
2024-04-05 00:00:00-04:00,500.94653513579135,506.7694375345306,500.5083435441168,504.8122253417969,74546500
2024-04-08 00:00:00-04:00,505.5133924018632,506.51630625250846,504.2864795999242,505.0946350097656,48401800
2024-04-09 00:00:00-04:00,506.8278303713481,507.0712635271461,500.8393509659492,505.6788330078125,68049200
2024-04-10 00:00:00-04:00,499.9922448100833,502.6018412987628,498.6388015333815,500.6154479980469,82652800
2024-04-11 00:00:00-04:00,502.1344876196163,505.8346601112469,498.6290735605831,504.3935546875,70099000
2024-04-12 00:00:00-04:00,500.8588329878134,502.270757144988,495.70777921046096,497.4313049316406,92561100
2024-04-15 00:00:00-04:00,501.5989519571189,501.7644698822578,490.3523209615631,491.1994934082031,92101400
2024-04-16 00:00:00-04:00,491.676555438244,493.19557596027215,489.018254666714,490.3035888671875,73484000
2024-04-17 00:00:00-04:00,492.75738492725213,492.9229325491744,486.00942494137024,487.40185546875,75910300
2024-04-18 00:00:00-04:00,488.794360179131,490.8878795783521,485.46418121059236,486.3989562988281,74548100
2024-04-19 00:00:00-04:00,486.32104754330464,487.3142441699,480.8876025986124,482.1534729003906,102212600
2024-04-22 00:00:00-04:00,484.7533503648902,489.18385210193054,482.41639776348796,486.5937194824219,67961000
2024-04-23 00:00:00-04:00,488.5995489497242,492.79633413093177,486.4086505723251,492.3678894042969,64633600
2024-04-24 00:00:00-04:00,493.2540334865075,494.0427545951939,489.914137461728,492.1342468261719,55928100
2024-04-25 00:00:00-04:00,486.0678932982719,491.0241892900092,484.4222826199273,490.2646789550781,69122400
2024-04-26 00:00:00-04:00,493.04956028124485,496.48683553540934,492.41663996726425,494.9093933105469,64306100
2024-04-29 00:00:00-04:00,496.6913201679961,497.33398732987405,493.9259228058318,496.662109375,46415400
2024-04-30 00:00:00-04:00,495.201551843949,496.1752846468065,488.7944030761719,488.7944030761719,77483600
2024-05-01 00:00:00-04:00,488.2101273744075,494.84124497607075,486.7397814235659,487.2071838378906,80242800
2024-05-02 00:00:00-04:00,490.9073316662554,492.6016467604268,486.4281553313073,491.76422119140625,62550200
2024-05-03 00:00:00-04:00,497.7332427499149,499.0867158383158,495.201531622673,497.8598327636719,72756700
2024-05-06 00:00:00-04:00,500.255195688938,503.0400570645358,499.8170040691018,503.0011291503906,47264700
2024-05-07 00:00:00-04:00,503.96513398697067,504.9486136014355,502.8843048675207,503.5561828613281,52561300
2024-05-08 00:00:00-04:00,501.7254700555243,504.14030789046143,501.60862689782874,503.6047668457031,42047200
2024-05-09 00:00:00-04:00,503.78989858456765,506.5455791466874,503.1375142265029,506.506591796875,43643700
2024-05-10 00:00:00-04:00,508.10336653372445,508.911581170476,505.94170885537113,507.15887451171875,52233200
2024-05-13 00:00:00-04:00,508.83376404779614,508.9408603825465,506.0878306657376,507.2270812988281,36716400
2024-05-14 00:00:00-04:00,507.42190503136476,510.0704892557743,506.8863638567624,509.55438232421875,57535900
2024-05-15 00:00:00-04:00,512.0178797101214,516.1562436643347,511.38492968552964,515.8641357421875,59504900
2024-05-16 00:00:00-04:00,515.9614786446474,517.558414507879,514.6566506998298,514.802734375,50244800
2024-05-17 00:00:00-04:00,514.9195214966393,515.6108930215729,513.4686694664939,515.542724609375,59187600
2024-05-20 00:00:00-04:00,515.6595992673854,517.5973177042522,515.2700824401487,516.13671875,37764200
2024-05-21 00:00:00-04:00,515.3772058901883,517.5583573493641,515.1727006539206,517.4025268554688,33437000
2024-05-22 00:00:00-04:00,516.7113097871478,517.4221156794935,513.7413773413039,515.912841796875,48390000
2024-05-23 00:00:00-04:00,518.9605372397859,519.0676335599267,510.9369308576571,512.1444091796875,57211200
2024-05-24 00:00:00-04:00,513.9847589456947,516.3412347653415,513.0402667962413,515.5330200195312,41291100
2024-05-28 00:00:00-04:00,516.3411878885217,516.5748741957514,513.2641596915468,515.8932495117188,36269600
2024-05-29 00:00:00-04:00,511.871810616093,513.4589997088932,511.56995584928654,512.28076171875,45190300
2024-05-30 00:00:00-04:00,510.7422784507473,511.4044095336918,507.6360688600374,508.8824157714844,46377600
2024-05-31 00:00:00-04:00,509.8366558224101,513.6439239713764,504.7439941340697,513.517333984375,90785800
2024-06-03 00:00:00-04:00,515.1241421408643,515.4065032558699,508.87273480704334,513.9361572265625,46835700
2024-06-04 00:00:00-04:00,512.631323194632,515.2506664560023,511.17072418863216,514.5106201171875,34632700
2024-06-05 00:00:00-04:00,516.8280281512839,520.6450429850004,514.8415757760073,520.6255493164062,47610400
2024-06-06 00:00:00-04:00,520.9275073614583,521.3559521321091,518.6879340097541,520.6159057617188,30808500
2024-06-07 00:00:00-04:00,519.6420681166458,522.787264555686,518.5514924537447,519.98291015625,43224500
2024-06-10 00:00:00-04:00,519.1747009286601,521.9108869486413,518.5807383516342,521.5895385742188,35686100
2024-06-11 00:00:00-04:00,520.0414700499772,522.9042467845098,518.0745108271142,522.8458251953125,36383400
2024-06-12 00:00:00-04:00,527.4028194115604,529.8274041983666,526.1077383475028,527.139892578125,63251300
2024-06-13 00:00:00-04:00,528.8830409223657,529.0583057100524,525.4165542247054,528.201416015625,44760900
2024-06-14 00:00:00-04:00,526.6726498510748,528.5519471953481,525.6696764478946,528.5227661132812,40089900
2024-06-17 00:00:00-04:00,527.8410283318889,534.1216160104203,527.3833430672393,532.7291259765625,55839500
2024-06-18 00:00:00-04:00,532.7874995764366,534.2091705580833,532.3688016931667,534.0825805664062,41376400
2024-06-20 00:00:00-04:00,535.0077463215187,535.6698774866474,530.8596351285086,532.6318359375,70328200
2024-06-21 00:00:00-04:00,531.810221745453,533.0313142277637,530.4621308750893,531.9176635742188,64338600
2024-06-24 00:00:00-04:00,531.7417933525489,534.3011982327657,530.0713174980777,530.1885375976562,45528700
2024-06-25 00:00:00-04:00,531.4097461795637,532.5917853363576,529.8956032092343,532.2303466796875,37936200
2024-06-26 00:00:00-04:00,531.1167351250136,533.6077524053179,530.4720243887124,532.8946533203125,38550600
2024-06-27 00:00:00-04:00,532.7578061070262,534.3110621107577,532.0153722749866,533.7346801757812,35041500
2024-06-28 00:00:00-04:00,534.5063503169283,537.5542520433446,530.3937489459842,531.6343383789062,76144500
2024-07-01 00:00:00-04:00,533.0117876323043,533.2560061424955,529.9737236752046,532.728515625,40297800
2024-07-02 00:00:00-04:00,531.126400132376,536.3135986328125,531.0775683576217,536.3135986328125,40434800
2024-07-03 00:00:00-04:00,536.0010100914286,539.068408833479,535.9619565950238,538.7069702148438,32789900
2024-07-05 00:00:00-04:00,539.0098526062544,542.213968717536,538.3748605783948,541.8134765625,41488400
2024-07-08 00:00:00-04:00,542.5949332840256,543.3861988920726,541.3738407022457,542.4386596679688,36110500
2024-07-09 00:00:00-04:00,543.396013525926,544.2947210316149,542.6731362089374,542.9661865234375,27289700
2024-07-10 00:00:00-04:00,544.1872742397521,548.6808713510104,543.8942239279161,548.3389892578125,38701200
2024-07-11 00:00:00-04:00,548.4562180647349,549.3256503566656,542.9759684638211,543.6109008789062,53054200
2024-07-12 00:00:00-04:00,544.7342644743289,550.6345620898736,544.2653840243584,547.0396728515625,53084400
2024-07-15 00:00:00-04:00,549.0325654558818,551.7775792240066,546.6880438244344,548.5441284179688,40584300
2024-07-16 00:00:00-04:00,549.8530882979716,552.090108393895,549.1008762046278,551.7970581054688,36475300
2024-07-17 00:00:00-04:00,545.8772131422685,547.5476892504238,543.7378565645935,544.0602416992188,57119000
2024-07-18 00:00:00-04:00,545.5939606590898,546.5806130354061,537.7008012722223,539.8792114257812,56270400
2024-07-19 00:00:00-04:00,539.644738170822,541.2663824595259,535.2390267295067,536.2940673828125,65509100
2024-07-22 00:00:00-04:00,540.2113152231016,542.4288382548532,538.2771238069361,541.8231811523438,43346700
2024-07-23 00:00:00-04:00,541.7157018138391,543.8648365993427,540.484890622907,540.9733276367188,34439600
2024-07-24 00:00:00-04:00,536.1670544374522,536.4698829953903,527.7952370228695,528.7135009765625,74515300
2024-07-25 00:00:00-04:00,528.8307523766035,534.7994982405838,525.0209792890996,525.958740234375,61158300
2024-07-26 00:00:00-04:00,529.7392217162956,534.5356464631268,528.9674531548811,531.8492431640625,53763800
2024-07-29 00:00:00-04:00,533.3927359573876,534.3988851266782,530.169004207153,532.161865234375,39515800
2024-07-30 00:00:00-04:00,533.6271909452782,534.6822315404584,526.0661958644091,529.4656982421875,46853600
2024-07-31 00:00:00-04:00,536.2843251839307,540.6998152024645,534.9167372159726,538.072021484375,65663400
2024-08-01 00:00:00-04:00,539.7913062018092,542.0381046138815,526.9551667505608,530.452392578125,76428700
2024-08-02 00:00:00-04:00,523.3603002519518,524.5716145988897,516.3756265717791,520.5762329101562,82789100
2024-08-05 00:00:00-04:00,499.80785259777787,511.4717311244644,498.4695101090915,505.41510009765625,146267400
2024-08-06 00:00:00-04:00,507.2124445147762,517.4989554385519,505.8936885816187,510.0747375488281,84826300
2024-08-07 00:00:00-04:00,516.2486605015515,519.2965627450678,506.0696484137689,506.66552734375,70698300
2024-08-08 00:00:00-04:00,511.79399346845105,519.0033278281719,509.7719169059722,518.378173828125,63276600
2024-08-09 00:00:00-04:00,517.5576710131196,522.1489912653111,516.3365783728381,520.6641235351562,45619600
2024-08-12 00:00:00-04:00,521.8559471668351,523.3407552909962,518.6713279832952,520.9376831054688,42542100
2024-08-13 00:00:00-04:00,524.1222955084382,529.7393216479126,523.878076980635,529.5048217773438,52333100
2024-08-14 00:00:00-04:00,530.2960214933445,532.3572709257232,527.6291745808618,531.1752319335938,42446900
2024-08-15 00:00:00-04:00,536.7922160560852,540.562935056648,536.1865589989441,540.2796630859375,60846800
2024-08-16 00:00:00-04:00,538.6679083622046,542.1846909540823,538.5116347380534,541.4910888671875,44430700
2024-08-19 00:00:00-04:00,541.9013070349608,546.66845703125,541.0514314058853,546.66845703125,39121800
2024-08-20 00:00:00-04:00,546.2191462607274,547.8700657821756,544.4412283435015,545.779541015625,33732300
2024-08-21 00:00:00-04:00,546.8248931770081,549.1107454289771,541.9014090213768,547.6552124023438,41514600
2024-08-22 00:00:00-04:00,549.5503421956289,550.1559994238155,542.1456191373768,543.35693359375,56121500
2024-08-23 00:00:00-04:00,546.5903394303513,550.0680084955276,544.4020915801096,549.1301879882812,50639400
2024-08-26 00:00:00-04:00,550.1559102385648,550.8690092024209,546.1214157161334,547.8211669921875,35788600
2024-08-27 00:00:00-04:00,546.5512887213379,549.0618623501647,545.4083627021253,548.5734252929688,32693900
2024-08-28 00:00:00-04:00,548.2315309438809,548.661357929549,542.204174863817,545.3887939453125,41066000
2024-08-29 00:00:00-04:00,547.3522554939839,550.6443160255352,544.294635177053,545.4375610351562,38715200
2024-08-30 00:00:00-04:00,547.8017316610252,551.1524028130747,544.2556737558524,550.6444091796875,62700100
2024-09-03 00:00:00-04:00,547.5086116923438,547.8407751289367,536.8021094517958,539.3126831054688,60600100
2024-09-04 00:00:00-04:00,537.4762066412244,541.6083655035815,536.7533292597282,538.2088623046875,47224900
2024-09-05 00:00:00-04:00,538.1502077884983,540.9928852935313,534.4478166491117,536.8997802734375,44264300
2024-09-06 00:00:00-04:00,537.2221175565589,538.8437022454943,526.9649400293706,527.8636474609375,68493800
2024-09-09 00:00:00-04:00,532.0545552082202,535.0437878658838,530.1300820359571,533.7738037109375,40445800
2024-09-10 00:00:00-04:00,535.678706144088,536.450474898389,530.8138918516801,536.0987548828125,36394600
2024-09-11 00:00:00-04:00,536.0108196239122,542.5167747623394,527.4729497044474,541.5985107421875,75248600
2024-09-12 00:00:00-04:00,542.1748597619055,546.4633510224045,539.9573366553728,546.1605224609375,51819600
2024-09-13 00:00:00-04:00,546.7662020730168,550.0094311099382,546.5122052774053,549.0130004882812,39310500
2024-09-16 00:00:00-04:00,548.7491943236346,550.0875069413107,546.9517795427174,549.8237915039062,36656100
2024-09-17 00:00:00-04:00,552.0314851715059,553.477299266029,547.8211605278194,550.0484619140625,49321000
2024-09-18 00:00:00-04:00,550.702966140304,555.5385046014119,547.8602888957543,548.4171142578125,59044900
2024-09-19 00:00:00-04:00,557.8048475354702,559.6315971955383,554.9426137920285,557.7755126953125,75315500
2024-09-20 00:00:00-04:00,556.4096807844697,557.8500616857909,553.793383536953,556.8114013671875,77503100
2024-09-23 00:00:00-04:00,557.8794446150124,558.8495067502496,556.6643550711399,558.2027587890625,44116900
2024-09-24 00:00:00-04:00,558.9964258828836,559.8587165873663,556.1743944512203,559.7999267578125,46805700
2024-09-25 00:00:00-04:00,559.6432009533316,560.378103761662,557.4580492681129,558.5653076171875,38428600
2024-09-26 00:00:00-04:00,562.8180547288375,563.1414287581459,558.4282537761399,560.7799072265625,48336000
2024-09-27 00:00:00-04:00,561.8478858705382,562.6611352170194,558.9376397719122,559.9664916992188,42100900
2024-09-30 00:00:00-04:00,558.937595094156,562.8179029799776,556.6447321030395,562.2103881835938,63557400
2024-10-01 00:00:00-04:00,561.857759819067,562.5044480240527,554.6066943100618,557.1739501953125,72668800
2024-10-02 00:00:00-04:00,556.2821816369686,558.4280999557304,553.8912957466886,557.4089965820312,38097800
2024-10-03 00:00:00-04:00,555.9391917508498,558.3300776437013,554.1068390984451,556.3899536132812,40846500
2024-10-04 00:00:00-04:00,560.8287828388663,561.8184614824812,556.6643337627131,561.4461059570312,42939100
2024-10-07 00:00:00-04:00,559.7999074826037,560.446655391967,555.2239297880301,556.370361328125,49964700
2024-10-08 00:00:00-04:00,558.9376197622599,562.230029540932,558.0655806170524,561.6322631835938,37398700
2024-10-09 00:00:00-04:00,561.6224751598685,566.0809331902332,561.0247685875196,565.5223999023438,37912200
2024-10-10 00:00:00-04:00,564.1800368650188,565.953600014702,562.9257739624676,564.5327758789062,44138100
2024-10-11 00:00:00-04:00,564.4543586951436,568.6482329129351,564.3171624790748,567.913330078125,42268000
2024-10-14 00:00:00-04:00,569.5201665882303,573.4886890058166,569.0400397275337,572.5578002929688,36217200
2024-10-15 00:00:00-04:00,572.8224884018784,573.1262458468478,566.8942243784207,568.1093139648438,54203600
2024-10-16 00:00:00-04:00,568.1093193754714,571.097912292803,567.3058184280349,570.5785522460938,30725400
2024-10-17 00:00:00-04:00,574.1158386665669,574.3216329805343,570.4413246734956,570.6275024414062,34393700
2024-10-18 00:00:00-04:00,572.3128969974695,573.6063330690159,570.8528997080355,572.8224487304688,37416800
2024-10-21 00:00:00-04:00,572.0973176864316,573.0771881011084,568.912738838732,571.8817749023438,36439000
2024-10-22 00:00:00-04:00,569.3536780068462,572.7342428128154,568.697181591541,571.5780029296875,34183800
2024-10-23 00:00:00-04:00,569.5594810059998,570.0004346494243,562.8571411229607,566.3552856445312,49314600
2024-10-24 00:00:00-04:00,568.3052948235324,568.3837012123148,564.9639626077603,567.5802001953125,34979900
2024-10-25 00:00:00-04:00,569.8044050522926,572.6950344865168,566.443456997856,567.3840942382812,47268200
2024-10-28 00:00:00-04:00,570.8528957024953,570.9802836348513,568.8343651367928,569.1381225585938,30174700
2024-10-29 00:00:00-04:00,568.1778099310847,571.1762108700161,566.7864107519835,570.0592041015625,42899700
2024-10-30 00:00:00-04:00,569.588797638648,571.5779630983764,567.6290569957021,568.3345947265625,41435800
2024-10-31 00:00:00-04:00,563.9742291931302,564.0428273008541,556.9975564307639,557.1935424804688,60182500
2024-11-01 00:00:00-04:00,559.8194973668982,563.9643295266857,559.1335762073604,559.5451049804688,45667500
2024-11-04 00:00:00-05:00,559.6824447031719,560.9758809854616,556.458692175116,558.3400268554688,38217000
2024-11-05 00:00:00-05:00,559.2512590975022,565.1304818819561,559.0357163025479,565.09130859375,39478300
2024-11-06 00:00:00-05:00,577.3396500855225,580.0146771322202,573.6063462638446,579.142578125,68182000
2024-11-07 00:00:00-05:00,581.1414428581493,584.6395866964643,581.0630364952552,583.6204833984375,47233200
2024-11-08 00:00:00-05:00,584.1693851078007,587.5695668763649,584.1693851078007,586.1487426757812,46444900
2024-11-11 00:00:00-05:00,587.7360663213191,588.0888053142032,584.9826328704219,586.7072143554688,37586800
2024-11-12 00:00:00-05:00,586.6288429184635,587.2265495486535,582.4056036057904,584.8847045898438,43006100
2024-11-13 00:00:00-05:00,585.3451927424278,587.1677373847895,582.9837313260188,585.1688232421875,47388600
2024-11-14 00:00:00-05:00,585.2962448517161,585.7763718199695,580.7202664359244,581.4061279296875,38904100
2024-11-15 00:00:00-05:00,577.8491633593196,578.3195418358689,572.1071369723535,573.9591064453125,75988800
2024-11-18 00:00:00-05:00,574.4196493771738,577.6238450144261,573.5574183688442,576.3108520507812,37001700
2024-11-19 00:00:00-05:00,572.9400384688264,579.142574989824,572.2737337790142,578.41748046875,49412000
2024-11-20 00:00:00-05:00,578.4959457161364,578.897666302881,572.8616903884546,578.613525390625,50032600
2024-11-21 00:00:00-05:00,581.4550801704302,583.1404284379229,575.6248397212988,581.7196044921875,46750300
2024-11-22 00:00:00-05:00,581.7098478799927,584.1497754660484,581.2101642027249,583.5226440429688,38226400
2024-11-25 00:00:00-05:00,587.4520080099294,588.7650010479646,583.218960080664,585.5020751953125,42441400
2024-11-26 00:00:00-05:00,586.7463470552605,589.2254477201681,586.0310608458545,588.5591430664062,45621300
2024-11-27 00:00:00-05:00,588.3728890308719,588.7549929605899,585.2569089334798,586.7756958007812,34000200
2024-11-29 00:00:00-05:00,587.5889978813017,591.2047216811674,587.314665296655,590.4208374023438,30177400
2024-12-02 00:00:00-05:00,590.8324390421951,592.1552999944694,590.3425038316959,591.4791870117188,31746000
2024-12-03 00:00:00-05:00,591.2439870884159,591.9984465923378,590.2151351783115,591.7534790039062,26906600
2024-12-04 00:00:00-05:00,593.438872844782,595.6729460981672,592.7725681970518,595.427978515625,42787600
2024-12-05 00:00:00-05:00,595.4279293312596,596.231430112411,594.095320145877,594.4480590820312,28762200
2024-12-06 00:00:00-05:00,595.212464951605,596.8096584526629,594.800936138575,595.5750122070312,31241500
2024-12-09 00:00:00-05:00,595.4574149257465,595.6239761392873,591.9200973185369,592.5079956054688,34742700
2024-12-10 00:00:00-05:00,593.184106485161,593.6054435570935,590.0093361336401,590.6658325195312,37234500
2024-12-11 00:00:00-05:00,593.5860024095599,596.1826234477978,593.3116099521484,595.232177734375,28677700
2024-12-12 00:00:00-05:00,594.3698085144841,594.9380902901107,592.1651000976562,592.1651000976562,31543800
2024-12-13 00:00:00-05:00,594.1934038090473,594.9086900260288,590.6756429397628,592.0474853515625,35904700
2024-12-16 00:00:00-05:00,593.8013634964105,595.5455612250375,593.0272875396962,594.575439453125,43695200
2024-12-17 00:00:00-05:00,592.0279524011855,592.9882063411098,590.7541327283874,592.1259155273438,55773500
2024-12-18 00:00:00-05:00,591.822113059209,594.2031909866316,574.0962907751041,574.4784545898438,108248700
2024-12-19 00:00:00-05:00,579.456068103567,581.0630696987981,574.0569733506421,574.3019409179688,85919500
2024-12-20 00:00:00-05:00,571.9778279294948,585.7225012446567,571.132257605004,581.199951171875,125716700
2024-12-23 00:00:00-05:00,580.9443919924163,585.2801382457641,577.7687172457148,584.680419921875,57635800
2024-12-24 00:00:00-05:00,586.0273454449668,591.2185033240278,585.4472496940897,591.1791381835938,33160100
2024-12-26 00:00:00-05:00,589.4094496188982,592.3392722176656,588.0133673077331,591.218505859375,41219100
2024-12-27 00:00:00-05:00,587.4823797773107,587.7183905820746,580.8165297326684,584.9949951171875,64969300
2024-12-30 00:00:00-05:00,577.9948115421023,581.7799853973963,574.5733451400716,578.3192138671875,56578800
2024-12-31 00:00:00-05:00,579.9807622286955,580.6985158642835,574.583178079053,576.2152709960938,57052700
2025-01-02 00:00:00-05:00,579.4696102256324,581.1803135593343,570.7292291618253,574.799560546875,50204000
2025-01-03 00:00:00-05:00,577.6409845465478,582.6255957493436,576.5594632537445,581.986572265625,37888500
2025-01-06 00:00:00-05:00,586.2337670283534,589.6060270134918,583.608664526265,585.3390502929688,47679400
2025-01-07 00:00:00-05:00,587.3643786767495,587.6888410122485,576.903513754268,578.7223510742188,60393100
2025-01-08 00:00:00-05:00,578.7911287868388,580.6394897953063,575.3500401020275,579.5678100585938,47304700
2025-01-10 00:00:00-05:00,576.0185903209236,576.0874192959229,568.8119506064235,570.7192993164062,73105000
2025-01-13 00:00:00-05:00,566.0788468496604,571.9581742427216,565.6658729466735,571.604248046875,47910100
2025-01-14 00:00:00-05:00,574.5242054496483,575.1534475548353,568.6153544470202,572.3907470703125,48420600
2025-01-15 00:00:00-05:00,580.3937768602567,583.9430001285099,579.2827918470954,582.8025512695312,56900200
2025-01-16 00:00:00-05:00,584.1692088227892,584.3461719512361,580.9837524950591,581.6818237304688,43319700
2025-01-17 00:00:00-05:00,586.9122299431212,589.27179809953,585.5849165977943,587.5217895507812,58070600
2025-01-21 00:00:00-05:00,590.5595911538271,592.9093774154856,588.5932548694913,592.8995361328125,42532900
2025-01-22 00:00:00-05:00,595.7213382459036,597.5893820777127,595.1707663809229,596.2326049804688,48196000
2025-01-23 00:00:00-05:00,595.6033506126263,599.4868774414062,595.3280946897063,599.4868774414062,41152100
2025-01-24 00:00:00-05:00,599.54587252364,600.4995770008244,596.5865262707722,597.73681640625,34604700
2025-01-27 00:00:00-05:00,584.798310310645,589.5961762199101,584.6311885086425,589.2815551757812,70361100
2025-01-28 00:00:00-05:00,590.5104687195756,595.1805175844501,587.1971967465958,594.3448486328125,44433300
2025-01-29 00:00:00-05:00,593.5583671362218,593.9614997638901,589.1341095636221,591.6805419921875,37177400
2025-01-30 00:00:00-05:00,593.7943006280343,596.389819126707,590.6087851839717,594.8560791015625,39281300
2025-01-31 00:00:00-05:00,597.2746343159315,599.6932494996803,590.9331879253342,591.6902465820312,66566900
2025-02-03 00:00:00-05:00,582.6943020815504,590.1860392450765,580.5510025263411,587.70849609375,65857200
2025-02-04 00:00:00-05:00,587.7674745011321,592.1622076462813,587.2267439810199,591.6510009765625,33457800
2025-02-05 00:00:00-05:00,590.5302274178379,594.1974260072697,588.5049031019603,594.0499267578125,30653100
2025-02-06 00:00:00-05:00,595.7901616750784,596.242440705887,592.4867305159943,596.1146240234375,35771500
2025-02-07 00:00:00-05:00,596.6750050236558,597.8941240756534,589.9501076619601,590.6580200195312,50788500
2025-02-10 00:00:00-05:00,593.8631663388722,595.3083949100401,592.5948408497425,594.6693115234375,26048700
2025-02-11 00:00:00-05:00,592.408088766588,595.6623736678141,592.2901133629294,595.1216430664062,30056700
2025-02-12 00:00:00-05:00,589.1144530437037,594.3743794070193,588.4360645213627,593.2044067382812,45076100
2025-02-13 00:00:00-05:00,594.3055902381474,599.6737110792319,593.047165943141,599.4672241210938,40921300
2025-02-14 00:00:00-05:00,599.6736338799176,600.7059485220444,598.8182823186273,599.4376831054688,26910400
2025-02-18 00:00:00-05:00,600.5979135172886,601.1976318359375,598.1399925315113,601.1976318359375,26749000
2025-02-19 00:00:00-05:00,599.8112758662747,602.9082197102092,599.3000091966954,602.61328125,31011100
2025-02-20 00:00:00-05:00,601.2467110134413,601.3843689751305,596.8028311734677,600.1062622070312,36554000
2025-02-21 00:00:00-05:00,599.8898689179181,600.0275268646774,589.3797986977131,589.8419189453125,76519800
2025-02-24 00:00:00-05:00,591.8869960824046,592.8800056614799,586.4500466079941,587.157958984375,50737200
2025-02-25 00:00:00-05:00,587.098968367302,587.8265033006376,579.6366946428752,584.2379150390625,58266500
2025-02-26 00:00:00-05:00,585.8995775558942,589.488166464913,581.8980746927776,584.532958984375,43321600
2025-02-27 00:00:00-05:00,586.8039490929929,587.9542991571739,574.809344386224,575.2025756835938,74196700
2025-02-28 00:00:00-05:00,575.7040488167072,584.7098443771037,572.6365684069419,584.178955078125,88744100
2025-03-03 00:00:00-05:00,586.1452445030724,587.2857532860544,570.1392964764723,573.9441528320312,74249200
2025-03-04 00:00:00-05:00,569.9525173224438,575.5369060706639,562.6180601948478,567.1504516601562,109648200
2025-03-05 00:00:00-05:00,566.9833166199888,575.035467216836,563.434093538414,573.24609375,71230500
2025-03-06 00:00:00-05:00,565.7937090893346,570.4047711019521,560.523941077153,563.0703735351562,80094900
2025-03-07 00:00:00-05:00,561.2907328755356,567.6714847046253,556.1094174114145,566.2261962890625,81158800
2025-03-10 00:00:00-04:00,558.0365509948175,559.9536812738498,546.2385307775894,551.14453125,99326600
2025-03-11 00:00:00-04:00,549.984271043128,554.5265029627828,542.7284855075093,546.5628051757812,88102100
2025-03-12 00:00:00-04:00,552.7076387923001,553.6318192815521,544.3703918307585,549.4631958007812,69588200
2025-03-13 00:00:00-04:00,549.0896174558009,549.6991769603108,540.4279077137791,542.1386108398438,74079400
2025-03-14 00:00:00-04:00,546.7497351697265,554.3398260143258,542.2075022062043,553.3369750976562,62660300
2025-03-17 00:00:00-04:00,553.3173439083719,560.1209127085318,552.8847473951123,557.60400390625,49008700
2025-03-18 00:00:00-04:00,555.2934322950165,555.5097605205915,549.6500559715837,551.5770874023438,66041400
2025-03-19 00:00:00-04:00,553.3566169353411,561.3399385264869,552.1768030039566,557.584228515625,66556000
2025-03-20 00:00:00-04:00,553.8483063542163,560.9664364159598,553.1305525718145,555.971923828125,62958200
2025-03-21 00:00:00-04:00,551.5205297947124,557.0526817242638,550.2878724028328,556.1552734375,83763000
2025-03-24 00:00:00-04:00,562.880651498493,567.1703352751009,562.2890000340255,566.1151733398438,58766800
2025-03-25 00:00:00-04:00,567.3181993393742,568.4127846067184,565.73055113845,567.4760131835938,38355700
2025-03-26 00:00:00-04:00,567.2097001365158,568.3338979913931,559.3206937528307,560.7012939453125,51848300
2025-03-27 00:00:00-04:00,559.3109298319079,562.9793497998379,557.1020172521603,559.2123413085938,42164200
2025-03-28 00:00:00-04:00,557.6837393471919,558.4134627917625,547.3688420558537,547.9506225585938,71662700
2025-03-31 00:00:00-04:00,542.201546342058,552.9305994826874,539.282592409213,551.62890625,95328200
2025-04-01 00:00:00-04:00,549.7158288612504,555.1296497708261,545.998115405224,553.1869506835938,54609600
2025-04-02 00:00:00-04:00,547.3491017135567,559.547472787333,547.1124411566806,556.687744140625,76014500
2025-04-03 00:00:00-04:00,537.5470765410741,540.3673821784607,529.2537841796875,529.2537841796875,125986000
2025-04-04 00:00:00-04:00,516.404523136506,518.5740121118964,498.05273494035157,498.2696838378906,217965100
2025-04-07 00:00:00-04:00,482.40291724281104,515.9114550791749,475.115432610906,497.3821716308594,256611400
2025-04-08 00:00:00-04:00,514.6196148198313,517.6963226160137,482.3733180084264,489.5917663574219,165816600
2025-04-09 00:00:00-04:00,486.59399925019795,541.0084228515625,486.20939567811143,541.0084228515625,241867300
2025-04-10 00:00:00-04:00,524.7865408671853,526.098105010763,502.2535908103832,517.3018798828125,162331200
2025-04-11 00:00:00-04:00,515.7536950429114,528.9874872153164,512.8544826104954,526.5320434570312,97866300
2025-04-14 00:00:00-04:00,536.5017912856171,536.7286411738348,526.453165817952,531.6401977539062,68034000
2025-04-15 00:00:00-04:00,532.1825399641931,535.6931457102869,529.3622343758641,530.151123046875,56892900
2025-04-16 00:00:00-04:00,524.3033174043071,530.4271798145347,513.0713309693746,518.3668212890625,83484800
2025-04-17 00:00:00-04:00,520.3194209498447,523.8004136549424,516.6411308627585,519.1064453125,79868100
2025-04-21 00:00:00-04:00,513.9293002870572,514.4618467446136,501.40552056556845,506.7503356933594,69368100
2025-04-22 00:00:00-04:00,512.9235348557764,521.9564215250564,511.9867032226325,519.9348754882812,75948100
2025-04-23 00:00:00-04:00,532.9320165359907,537.8626460694973,526.4729038847668,527.9915161132812,90590700
2025-04-24 00:00:00-04:00,529.2734571828396,539.8348871004667,528.0211182344198,539.1051635742188,64150400
2025-04-25 00:00:00-04:00,539.0657336001437,543.4046513367819,536.1467793425768,543.0003662109375,61119600
2025-04-28 00:00:00-04:00,543.7400050325934,545.8700106135369,537.4583875113086,543.2074584960938,47613800
2025-04-29 00:00:00-04:00,541.294298062473,547.7435994540236,540.9393072120234,546.6292724609375,47775100
2025-04-30 00:00:00-04:00,539.9729835885655,548.7988227140515,534.0069337400583,546.8462524414062,93101500
2025-05-01 00:00:00-04:00,552.595342895286,556.2440206119321,550.1201573586014,550.7216796875,63186100
2025-05-02 00:00:00-04:00,556.8948640346016,560.4942476694231,554.5774922291787,558.896728515625,60717300
2025-05-05 00:00:00-04:00,554.7648727126054,558.788283367358,553.9069479669498,555.6918334960938,38659200
2025-05-06 00:00:00-04:00,550.1892553966732,555.5340413030556,549.2327420958744,551.0471801757812,48264700
2025-05-07 00:00:00-04:00,552.3784371058738,555.9975022415719,548.3254139860352,553.3645629882812,55588000
2025-05-08 00:00:00-04:00,557.3977713110521,562.3974366423718,553.9069074354913,557.2202758789062,65130800
2025-05-09 00:00:00-04:00,558.6205173502777,559.6263849147109,554.9521583078488,556.51025390625,37603400
2025-05-12 00:00:00-04:00,573.4026196086874,574.9114211824733,569.0340889310521,574.9015502929688,78993600
2025-05-13 00:00:00-04:00,575.3157161654024,580.907093658496,574.7536773375426,578.6981811523438,67947200
2025-05-14 00:00:00-04:00,579.6546629482465,580.8084133986617,577.4161378946785,579.437744140625,66283500
2025-05-15 00:00:00-04:00,577.4357820961777,582.7706958315019,576.9821425909696,582.267822265625,71268100
2025-05-16 00:00:00-04:00,583.0469103495059,586.2518193704545,581.1042713102905,585.9559936523438,76052100
2025-05-19 00:00:00-04:00,579.9405744991373,587.2773530559552,579.9405744991373,586.596923828125,68168500
2025-05-20 00:00:00-04:00,584.8613545300925,585.8079967408526,581.4197250633151,584.6246337890625,60614500
2025-05-21 00:00:00-04:00,580.2759146876367,584.3584902721909,573.7477661832594,574.7733154296875,95197700
2025-05-22 00:00:00-04:00,574.5760959985981,578.4811762683786,573.3434386116112,575.0001831054688,70860400
2025-05-23 00:00:00-04:00,567.988738706783,573.7378691727489,567.6140060747297,571.0753173828125,76029000
2025-05-27 00:00:00-04:00,577.9387671986972,583.1060568711622,570.4047514802384,582.9483032226562,72588500
2025-05-28 00:00:00-04:00,583.3526236048898,584.545857588394,578.8460211072919,579.5757446289062,68445500
2025-05-29 00:00:00-04:00,584.8318350718904,584.9699071457442,577.9388245287198,581.8635864257812,69973300
2025-05-30 00:00:00-04:00,580.7590679776305,582.92855680446,575.148009692676,581.2127075195312,90601200
2025-06-02 00:00:00-04:00,579.605419698203,584.5656021144322,576.9428674958667,584.4867553710938,61630500
2025-06-03 00:00:00-04:00,584.121791379625,588.7960181097066,583.6385391723649,587.8197631835938,63606200
2025-06-04 00:00:00-04:00,588.6776647088699,589.6539195966438,587.2280285207049,587.6619262695312,57314200
2025-06-05 00:00:00-04:00,589.3384339818148,590.6894216670538,582.8497086239531,584.8219604492188,92278700
2025-06-06 00:00:00-04:00,590.3541332655441,592.4940699072976,588.5791185976601,590.8275146484375,66588700
2025-06-09 00:00:00-04:00,591.3993476813894,592.9081490758875,590.1864321834666,591.3599243164062,53016400
2025-06-10 00:00:00-04:00,591.8924637491524,595.0973729509094,590.7781968461302,594.7128295898438,66247000
2025-06-11 00:00:00-04:00,595.8074157747775,596.6653405011278,590.9556931519085,593.0166625976562,73658200
2025-06-12 00:00:00-04:00,591.6854337777163,595.37353515625,591.2022416981604,595.37353515625,64129000
2025-06-13 00:00:00-04:00,590.1963519379123,593.499849631983,587.218232455665,588.7171630859375,89506000
2025-06-16 00:00:00-04:00,592.0700235861916,596.0638215052488,591.8924679557008,594.318359375,79984100
2025-06-17 00:00:00-04:00,591.8826171802143,593.4012293190596,588.4804709653109,589.2398071289062,82209400
2025-06-18 00:00:00-04:00,590.1371267775953,592.8785252065284,588.1944276516227,589.1510009765625,76605000
2025-06-20 00:00:00-04:00,591.8224395288368,592.8906208578056,586.3629131433069,587.7673950195312,94051400
2025-06-23 00:00:00-04:00,588.5190130228361,593.9587392448562,585.4035696790836,593.5730590820312,87426000
2025-06-24 00:00:00-04:00,597.7072691809916,601.1886530620405,596.7973078378046,600.1304321289062,67735300
2025-06-25 00:00:00-04:00,601.247995602986,601.940336500435,598.903972841808,600.4666748046875,62114800
2025-06-26 00:00:00-04:00,602.3161684365299,605.5997923429508,601.7029677445283,605.1646118164062,78548400
2025-06-27 00:00:00-04:00,606.1635425121184,609.6350865938839,604.1360202356653,608.1712646484375,86258400
2025-06-30 00:00:00-04:00,610.6142811588834,612.4340832221852,608.2998981128763,611.0791015625,92502500
2025-07-01 00:00:00-04:00,609.6053849111585,612.0483479268365,608.7746241554748,610.8812866210938,70030100
2025-07-02 00:00:00-04:00,610.4757907292374,613.6901746824169,609.8526899336259,613.650634765625,66510400
2025-07-03 00:00:00-04:00,615.628656191773,619.4167005776212,615.6088560521965,618.4869995117188,51065800
2025-07-07 00:00:00-04:00,616.5286747873084,617.1913758193931,611.0988485499288,613.8780517578125,74814500
2025-07-08 00:00:00-04:00,614.5406899285775,615.2923708557059,612.7307881009865,613.5418090820312,59024600
2025-07-09 00:00:00-04:00,615.945227877469,617.8738099884296,614.1055653060555,617.2210693359375,66113300
2025-07-10 00:00:00-04:00,617.3595500232223,620.000273214104,616.1825885407072,618.9617919921875,57529000
2025-07-11 00:00:00-04:00,615.9154056597896,618.0121678287132,614.7187046395575,616.7857666015625,63670200
2025-07-14 00:00:00-04:00,616.3308874637725,618.3089698632363,614.9858059200452,617.9628295898438,51898500
2025-07-15 00:00:00-04:00,620.6431287961128,620.9793689858044,615.242942324076,615.3220825195312,74317300
2025-07-16 00:00:00-04:00,616.9045519994012,617.883693134462,611.2769051241828,617.3792724609375,88987500
2025-07-17 00:00:00-04:00,617.557284919235,621.5134493059918,617.3396644874989,621.1573486328125,68885700
2025-07-18 00:00:00-04:00,622.4036365954075,622.5717567026577,619.5947932954602,620.7025146484375,65621600
2025-07-21 00:00:00-04:00,621.87939453125,624.6189973413707,621.4541141003111,621.87939453125,63375000
2025-07-22 00:00:00-04:00,622.2058050575365,622.828905853138,619.3277216791315,621.9684448242188,60046300
2025-07-23 00:00:00-04:00,624.6289433239532,627.2598266601562,622.8288811376781,627.2598266601562,70511000
2025-07-24 00:00:00-04:00,627.6454884244192,629.1785504969665,627.0421878119985,627.4674682617188,71307100
2025-07-25 00:00:00-04:00,628.1301809903662,630.5928838363332,627.8829206987424,630.1181030273438,56865400
2025-07-28 00:00:00-04:00,630.4938993278172,631.0477599275997,628.5751571845921,629.9598388671875,54917100
2025-07-29 00:00:00-04:00,631.3543820995848,631.6708825055948,627.3883778702398,628.2982788085938,60556300
2025-07-30 00:00:00-04:00,628.9509803708415,630.6917023127537,624.6189756546709,627.5070190429688,80418900
2025-07-31 00:00:00-04:00,632.4522656090571,632.8379457731452,623.8574957354674,625.1531372070312,103385200
2025-08-01 00:00:00-04:00,619.4364414435403,619.476041722763,612.5032535330552,614.9066162109375,140103600
2025-08-04 00:00:00-04:00,618.8132652256608,624.3024306993746,618.7242853408221,624.2529907226562,73218000
2025-08-05 00:00:00-04:00,624.8662177521945,625.6772386500149,620.168272806011,621.0880737304688,68051400
2025-08-06 00:00:00-04:00,622.1563552914652,626.4982606508958,621.2464542892866,625.8455200195312,64357500
2025-08-07 00:00:00-04:00,629.2674923107387,629.9993730574174,622.2156245224251,625.3212280273438,74205800
2025-08-08 00:00:00-04:00,627.1114011688534,630.6620853000642,626.7949007710238,630.1972045898438,64051600
2025-08-11 00:00:00-04:00,630.4742118551501,631.947873553624,627.70484826023,628.9510498046875,58742300
2025-08-12 00:00:00-04:00,631.2950454377703,635.8050706066525,629.8114837326607,635.6468505859375,64730800
2025-08-13 00:00:00-04:00,637.8425547169825,639.1085564704525,635.6370120856271,637.8228149414062,60092800
2025-08-14 00:00:00-04:00,635.7457174616427,638.5447207235369,635.300697252298,637.882080078125,59327500
2025-08-15 00:00:00-04:00,638.9107148606824,639.0096552004113,635.4787708739423,636.388671875,68592500
2025-08-18 00:00:00-04:00,635.814941575414,636.942462907598,635.1424008771667,636.2501220703125,43804900
2025-08-19 00:00:00-04:00,636.0721245937336,637.0512656505922,631.4829592777961,632.7984008789062,69750700
2025-08-20 00:00:00-04:00,632.3928448945792,632.649944849085,626.0135183173757,631.116943359375,88890300
2025-08-21 00:00:00-04:00,629.3071851926883,630.978606926108,626.8642219548319,628.5851440429688,54805800
2025-08-22 00:00:00-04:00,630.7709103705197,639.4151205943501,630.2664897119097,638.2381591796875,84083200
2025-08-25 00:00:00-04:00,636.9820621561176,638.218363635622,635.3105801411765,635.4292602539062,51274300
2025-08-26 00:00:00-04:00,635.1622594491828,638.4359833484747,634.5391586749303,638.0897827148438,51581600
2025-08-27 00:00:00-04:00,637.5062179210042,640.2755208793137,637.3578376120881,639.5436401367188,48341100
2025-08-28 00:00:00-04:00,640.1470117905141,642.362454403162,638.2678697444891,641.80859375,61519500
2025-08-29 00:00:00-04:00,640.374419619015,640.7404203673219,636.0919150690585,637.98095703125,74522200
2025-09-02 00:00:00-04:00,630.5136938017484,633.4709169972102,627.9619508913343,633.2533569335938,81983500
2025-09-03 00:00:00-04:00,635.6270824559713,637.1502445176759,633.4413400681225,636.6853637695312,70820900
2025-09-04 00:00:00-04:00,637.3579030521721,642.0361089027498,636.4579021356687,642.0064086914062,65219200
2025-09-05 00:00:00-04:00,644.3404973975818,645.0625384730564,636.2798483910566,640.14697265625,85178900
2025-09-08 00:00:00-04:00,641.5118841129237,642.7185457406785,640.1371023874503,641.7196044921875,63133100
2025-09-09 00:00:00-04:00,641.8580441132016,643.7273464852004,640.1272219983028,643.2031860351562,66133900
2025-09-10 00:00:00-04:00,646.4570825189741,647.3768835600082,643.4998590892842,645.0625610351562,78034500
2025-09-11 00:00:00-04:00,647.0108918753651,651.115436538164,646.4273914384058,650.423095703125,69934400
2025-09-12 00:00:00-04:00,650.3934256012134,651.8868873722256,649.7011451004063,650.2055053710938,72780100
2025-09-15 00:00:00-04:00,652.4111340519337,653.795755474802,652.1144337731963,653.6671752929688,63772400
2025-09-16 00:00:00-04:00,654.2210123755038,654.5276730798186,651.9858301119879,652.7671508789062,61169000
2025-09-17 00:00:00-04:00,652.7770367516476,654.4682584259048,647.1295902463727,651.9561157226562,101952200
2025-09-18 00:00:00-04:00,654.6365009878455,657.6036246179045,653.0342590569163,655.00244140625,90459200
2025-09-19 00:00:00-04:00,656.8877828567474,659.0895125014193,654.9438659954435,658.2465209960938,97945600
2025-09-22 00:00:00-04:00,656.7588293222589,661.8069717744121,656.7290467709187,661.3607177734375,69452200
2025-09-23 00:00:00-04:00,661.2416672722171,661.856628548307,656.5406245808955,657.7605590820312,81708900
2025-09-24 00:00:00-04:00,659.0497999269948,659.1489540239103,654.2495430702726,655.6677856445312,68082200
2025-09-25 00:00:00-04:00,652.5338627083877,653.9917550046746,649.0328388399253,652.6429443359375,89622100
2025-09-26 00:00:00-04:00,654.0909412604747,656.9274266555326,652.4743298182361,656.3819580078125,69179200
2025-09-29 00:00:00-04:00,658.9010899003678,659.8135740530697,656.4216318338509,658.2266845703125,73499000
2025-09-30 00:00:00-04:00,657.4828203674869,661.1722852976668,656.173659297658,660.7061157226562,86288000
2025-10-01 00:00:00-04:00,657.7208144097488,663.8698820443607,657.6117327913598,662.9574584960938,72545400
2025-10-02 00:00:00-04:00,664.9410037342527,665.0600128657511,661.3011766397112,663.7210693359375,56896000
2025-10-03 00:00:00-04:00,664.4848020775174,667.1527012490268,662.6698219114437,663.7112426757812,70494400
2025-10-06 00:00:00-04:00,666.1014192164715,666.9841207809839,663.9591941673339,666.0914916992188,54623300
2025-10-07 00:00:00-04:00,667.0138297258598,667.4601442579947,662.1838505424819,663.6219482421875,72020100
2025-10-08 00:00:00-04:00,664.7426772273783,667.6783772359653,663.919480237528,667.5791625976562,60702200
2025-10-09 00:00:00-04:00,667.9957845708525,668.4023890582872,663.7112737749407,665.6452026367188,66501900
2025-10-10 00:00:00-04:00,666.6071968358344,668.4122493878771,647.4757221413303,647.6542358398438,159422600
2025-10-13 00:00:00-04:00,655.2216030747315,659.664772492732,654.3488290056752,657.5919189453125,79560500
2025-10-14 00:00:00-04:00,651.7701536094826,660.3590300864076,647.8030207789583,656.78857421875,88779600
2025-10-15 00:00:00-04:00,661.3408732132422,664.7228272522149,653.5156893256119,659.7044067382812,81702600
2025-10-16 00:00:00-04:00,661.3409444600238,663.2154294168515,651.710706867285,655.2117309570312,110563300
2025-10-17 00:00:00-04:00,654.0810128478913,660.2895852935891,652.7322022395391,658.9308471679688,96500900
2025-10-20 00:00:00-04:00,661.8367798071084,666.6866142382812,661.7872027532737,665.7840576171875,60493400
2025-10-21 00:00:00-04:00,665.9229005771253,667.4601523988813,664.4748753427003,665.7741088867188,56249000
2025-10-22 00:00:00-04:00,666.4783066993808,666.4783066993808,657.8497808005621,662.3128051757812,80564000
2025-10-23 00:00:00-04:00,662.6301900162397,667.1825015615415,662.3128121266341,666.2402954101562,65604500
2025-10-24 00:00:00-04:00,670.9016937183009,672.8951271271609,670.0983517375236,671.6851806640625,74356500
2025-10-27 00:00:00-04:00,677.1201116013259,679.9070199177999,676.5151383891614,679.6094970703125,63339800
2025-10-28 00:00:00-04:00,681.4045622297778,683.2492642554724,679.2028328185232,681.4144897460938,61738100
2025-10-29 00:00:00-04:00,683.0609104229828,684.0328991417463,677.2590027977353,681.7418823242188,85657100
2025-10-30 00:00:00-04:00,678.2805836148408,680.3037996369978,674.2440185546875,674.2440185546875,76335800
2025-10-31 00:00:00-04:00,679.4111219213156,679.4508319897004,673.6587916341136,676.4556274414062,87164100
2025-11-03 00:00:00-05:00,680.0359699637585,680.1649066224819,674.3530715971103,677.7251586914062,57315000
2025-11-04 00:00:00-05:00,670.5545580097922,674.3729598389511,669.0371611161902,669.6917114257812,78427000
2025-11-05 00:00:00-05:00,669.4337786331213,675.2654684624238,668.6304366940664,672.012451171875,74402400
2025-11-06 00:00:00-05:00,670.9115428502156,671.8140994484131,663.2252231578799,664.8021850585938,85035300
2025-11-07 00:00:00-05:00,662.4218719882706,665.5658682287408,655.7769731606511,665.4567260742188,100592400
2025-11-10 00:00:00-05:00,671.6752576501947,676.57466917413,669.4834554774103,675.8407592773438,75842900
2025-11-11 00:00:00-05:00,674.3629519753922,677.9532020666294,673.1529450781785,677.3878784179688,58953400
2025-11-12 00:00:00-05:00,679.1631581075335,679.3318048264125,675.3547447293747,677.7647705078125,62312500
2025-11-13 00:00:00-05:00,674.9085136071693,675.265541055433,665.0105359672095,666.5180053710938,103457800
2025-11-14 00:00:00-05:00,659.9127066954921,670.1082064558575,657.8200586834998,666.4088745117188,96846700
2025-11-17 00:00:00-05:00,664.1971714004484,668.1742314199619,656.7290154076413,660.2002563476562,90456100
2025-11-18 00:00:00-05:00,656.6595496130724,659.6547538697382,650.4708329116884,654.6561889648438,114467500
2025-11-19 00:00:00-05:00,655.3505280387882,661.856623370592,653.3371790986623,657.185302734375,94703000
2025-11-20 00:00:00-05:00,667.3808213360044,670.0090710879778,646.5335791707308,647.1683349609375,165293500
2025-11-21 00:00:00-05:00,649.6675301260088,659.0894699034471,645.5020288545189,653.6148681640625,123956200
2025-11-24 00:00:00-05:00,657.2448196444445,664.5542570793402,656.1538823239337,663.2351684570312,80437900
2025-11-25 00:00:00-05:00,663.135941149376,670.6536740212097,659.020017057554,669.4734497070312,81077100
2025-11-26 00:00:00-05:00,672.0620713400136,676.0986363282427,671.1595147067713,674.09521484375,71879600
2025-11-28 00:00:00-05:00,675.2654787466182,678.0523870500939,674.9084513312986,677.7747192382812,49212000
2025-12-01 00:00:00-05:00,673.232272756968,677.3779187836101,673.1628406770591,674.6802978515625,61201200
2025-12-02 00:00:00-05:00,676.316803165018,678.2012155152329,673.7481184984898,675.9300537109375,62953800
2025-12-03 00:00:00-05:00,674.9779023816353,679.2822075879724,674.105128319461,678.2706298828125,57238500
2025-12-04 00:00:00-05:00,679.6690366334618,679.7384687237238,675.7416137771377,678.7665405273438,61970300
2025-12-05 00:00:00-05:00,679.8375623637357,682.7336127271673,678.9549213715281,680.0557861328125,79241000
2025-12-08 00:00:00-05:00,680.9484564225444,680.9980334759979,675.9696853695019,678.0127563476562,55231500
2025-12-09 00:00:00-05:00,677.5367544682442,679.7583392727543,676.9813582671167,677.4276123046875,58310100
2025-12-10 00:00:00-05:00,676.9515664343469,683.3088703732143,675.711837383319,681.92041015625,85671300
2025-12-11 00:00:00-05:00,679.5104080599091,683.5866227950731,676.5647802535024,683.5072631835938,86173700
2025-12-12 00:00:00-05:00,682.5154459360199,683.2196338188487,673.5893968987631,676.1581420898438,113160300
2025-12-15 00:00:00-05:00,680.1053789946951,680.1252340287925,673.6687159286942,675.1365356445312,90811000
2025-12-16 00:00:00-05:00,673.6488975485244,675.4837328267965,669.4338188610296,673.2918701171875,122030600
2025-12-17 00:00:00-05:00,674.3034691132465,674.8489377460819,665.6848710067972,665.8832397460938,110625200
2025-12-18 00:00:00-05:00,672.0322187932205,675.1464323222394,669.3544527925658,670.9114990234375,108650100
2025-12-19 00:00:00-05:00,673.0134542661981,677.4896664833268,672.8940327515619,676.9923095703125,103599500
2025-12-22 00:00:00-05:00,680.3245290528953,681.7370055876305,676.9922622536055,681.2098388671875,69556700
2025-12-23 00:00:00-05:00,680.3046207584179,684.562024812114,680.2548972126992,684.3233032226562,64840000
2025-12-24 00:00:00-05:00,684.313382495532,687.1781631452748,684.164151137988,686.7305297851562,39445600
2025-12-26 00:00:00-05:00,686.989161229118,688.0037280321676,685.6264081645946,686.660888671875,41613300
2025-12-29 00:00:00-05:00,683.9055083361335,685.5567672531378,682.4433081832867,684.2138671875,62559500
2025-12-30 00:00:00-05:00,683.8159723723246,684.9200900521846,682.9505762759469,683.3782958984375,47160700
2025-12-31 00:00:00-05:00,683.5076844111845,683.726492314561,678.1063955310838,678.3152465820312,74144800
2026-01-02 00:00:00-05:00,682.0852055985325,683.2390468658663,676.2263268834449,679.55859375,89377200
2026-01-05 00:00:00-05:00,682.910839643419,685.7855773037328,682.7517121374489,684.0845947265625,71927200
2026-01-06 00:00:00-05:00,684.2934596862484,688.6602678554459,684.1442890432024,688.1529541015625,69273800
2026-01-07 00:00:00-05:00,688.5309418430683,690.2916046822218,685.6761181181482,685.9347534179688,75588300
2026-01-08 00:00:00-05:00,685.1787573638412,686.9692300361542,683.8557710289468,685.8651123046875,64019200
2026-01-09 00:00:00-05:00,686.9791831428475,691.6344363504869,685.5368360184962,690.4010009765625,80125500
2026-01-12 00:00:00-05:00,687.0289310253164,692.410366767912,686.979207477028,691.4852294921875,63976000
2026-01-13 00:00:00-05:00,691.813478661017,692.4103433578374,687.6953490317495,690.1026000976562,78309700
2026-01-14 00:00:00-05:00,687.347202661372,688.0633674208381,682.4134005947378,686.7105712890625,94676700
2026-01-15 00:00:00-05:00,690.8983886882239,691.7737417111902,687.5959315038539,688.5806884765625,77862000
2026-01-16 00:00:00-05:00,689.9931507530615,690.5800586110835,686.4519720383781,688.0037231445312,79289200
2026-01-20 00:00:00-05:00,677.8874730475171,681.1501633341576,672.9934983300664,673.9981689453125,111623300
2026-01-21 00:00:00-05:00,676.0572511802958,685.0991655259935,674.5452667925615,681.77685546875,127844500
2026-01-22 00:00:00-05:00,686.2033478813381,687.476610793547,683.2888434897402,685.3379516601562,77112200
2026-01-23 00:00:00-05:00,684.5123006998919,687.3074439470811,683.5274830754288,685.5865478515625,63059600
2026-01-26 00:00:00-05:00,686.8399658941375,690.4607389282814,686.2729717064406,689.068115234375,60473800
2026-01-27 00:00:00-05:00,690.5104039402848,692.8480177488461,689.9036431059924,691.8134765625,55506100
2026-01-28 00:00:00-05:00,693.3652237572153,694.1510864943795,690.271678492269,691.7438354492188,61172200
2026-01-29 00:00:00-05:00,692.7087686795362,693.375209936545,681.2098793986574,690.3711547851562,97486200
2026-01-30 00:00:00-05:00,688.1330925763239,690.540343876794,683.4877957603626,688.3121337890625,101835100
2026-02-02 00:00:00-05:00,685.9347490634862,693.2458711004026,685.7755608588325,691.73388671875,79286500
2026-02-03 00:00:00-05:00,692.529690413304,693.2757257351432,680.4140840721383,685.885009765625,107904600
2026-02-04 00:00:00-05:00,686.7006659106327,687.7948875474046,678.1561081391175,682.5626831054688,105204600
2026-02-05 00:00:00-05:00,677.3404209861714,680.0758839506523,672.2176206040476,674.0379638671875,113610800
2026-02-06 00:00:00-05:00,677.8576866055596,688.6503070282812,677.2508650473027,686.96923828125,89127600
2026-02-09 00:00:00-05:00,685.7755337993461,692.1914496038428,684.7012866666231,690.2816162109375,73885200
2026-02-10 00:00:00-05:00,691.276360737094,692.8579216647231,688.0037135108784,688.4613037109375,65185700
2026-02-11 00:00:00-05:00,692.7087599208829,693.4547952732178,685.5368515439336,688.3021850585938,76353900
2026-02-12 00:00:00-05:00,690.5701102294341,691.6742279947084,676.7734344520502,677.668701171875,118829000
2026-02-13 00:00:00-05:00,678.0864377658819,682.6522007204912,673.9384983110481,678.1461181640625,96267500
2026-02-17 00:00:00-05:00,676.5446598627462,681.31927396984,672.2077222570326,679.2402954101562,81354700
2026-02-18 00:00:00-05:00,680.4041503420104,685.507036973797,679.2204384959671,682.662109375,73570300
2026-02-19 00:00:00-05:00,680.2251236342836,682.5527199680946,677.9471901363287,680.8616943359375,58649400
2026-02-20 00:00:00-05:00,678.7131823752115,686.4122580979458,678.126274472082,685.7855834960938,100034000
2026-02-23 00:00:00-05:00,684.1940214696967,686.3525334522094,676.7734345413753,678.7827758789062,90558100
2026-02-24 00:00:00-05:00,678.295350173768,684.7112054782021,676.4053697086953,683.7164916992188,73798700
2026-02-25 00:00:00-05:00,686.53156929616,690.0130676270821,686.4519751919497,689.4859008789062,56369500
2026-02-26 00:00:00-05:00,689.615191050754,689.6350440416309,680.7323436648176,685.6561889648438,71671000
2026-02-27 00:00:00-05:00,679.4790749097389,683.2291046432514,678.0367277603054,682.3637084960938,83308900
2026-03-02 00:00:00-05:00,675.1122534180175,684.9797970984218,674.4358553343317,682.7516479492188,87477200
2026-03-03 00:00:00-05:00,671.4915420947397,679.0016196644848,666.1200629162043,676.7337036132812,105003100
2026-03-04 00:00:00-05:00,678.026802327329,683.4579617719511,676.027417786932,681.50830078125,79182200
2026-03-05 00:00:00-05:00,678.4743840881955,681.9061587313661,672.0385544367263,677.7084350585938,106606500
2026-03-06 00:00:00-05:00,669.8501461298736,672.5358853430707,666.2194774432897,668.8256225585938,100687000
2026-03-09 00:00:00-04:00,662.8673051642795,676.3257505242918,658.888450195908,674.6845092773438,102667700
2026-03-10 00:00:00-04:00,674.1374043547928,679.7476047325034,671.1930903760745,673.6002807617188,81505300
2026-03-11 00:00:00-04:00,673.9982140650914,676.4849986405864,669.7806371390539,672.7548217773438,68441700
2026-03-12 00:00:00-04:00,667.6120785283837,668.0995392824933,662.3500644519811,662.5390625,108882200
2026-03-13 00:00:00-04:00,665.7321452917186,668.7859240392634,657.863924887251,658.7890014648438,97200200
2026-03-16 00:00:00-04:00,664.8468199428278,668.5173163233716,663.5934708305671,665.493408203125,82023100
2026-03-17 00:00:00-04:00,668.8355969918504,670.8747480492216,666.1598145596139,667.2440185546875,87128000
2026-03-18 00:00:00-04:00,664.8268919718373,666.1796881508768,657.6948111200146,657.9335327148438,82062600
2026-03-19 00:00:00-04:00,653.497076818377,659.4753162945015,651.7066041735543,656.3121337890625,111272500
2026-03-20 00:00:00-04:00,654.8230422006715,655.0025723674255,643.063298812559,646.9034423828125,163617500
2026-03-23 00:00:00-04:00,656.3790129905765,660.9173090129275,652.2596206790361,653.6959228515625,134802700
2026-03-24 00:00:00-04:00,649.6463809650626,655.3417305137531,648.2100787416998,651.5015869140625,96457500
2026-03-25 00:00:00-04:00,656.9774239230809,659.1917509309695,652.5588148295345,655.1322021484375,90653800
2026-03-26 00:00:00-04:00,650.3844333840033,653.1672421520028,643.1630473705688,643.432373046875,96494400
2026-03-27 00:00:00-04:00,640.8489947137006,641.0085567819559,631.4831091918358,632.4606323242188,103649400
2026-03-30 00:00:00-04:00,638.4651675144013,638.7245091624994,627.6630399662237,630.3460693359375,99275900
2026-03-31 00:00:00-04:00,637.2981538716512,649.865752001465,636.3405988140365,648.6688842773438,152534100
2026-04-01 00:00:00-04:00,652.219751792706,656.8278752918841,651.3220400966815,653.5562744140625,97841500
2026-04-02 00:00:00-04:00,644.7589215344626,656.5086804928782,643.4522901873171,654.144775390625,68358700
2026-04-06 00:00:00-04:00,654.1746977251443,658.0247645183308,653.8356054757206,657.23681640625,39105800
2026-04-07 00:00:00-04:00,654.9626585699763,657.9150134208243,649.386996170508,657.5260009765625,69980400
2026-04-08 00:00:00-04:00,674.6519776493207,675.3402070755335,669.734652974974,674.27294921875,93606100
2026-04-09 00:00:00-04:00,673.1059235004034,679.4096297331154,672.0386657215836,678.162841796875,57134400
2026-04-10 00:00:00-04:00,679.5692561407437,680.2774536083281,676.7066358948267,677.7140502929688,42253500
2026-04-13 00:00:00-04:00,675.669302461078,684.536473353906,674.8414790590384,684.3369750976562,54185800
2026-04-14 00:00:00-04:00,685.9229138241225,692.7952238870419,685.8929616905456,692.675537109375,63480500
2026-04-15 00:00:00-04:00,693.4734516118131,698.480571570673,692.4161778504387,698.1414184570312,58240400
2026-04-16 00:00:00-04:00,699.2585607342904,700.9741726960574,696.7350934539525,699.8569946289062,49972400
2026-04-17 00:00:00-04:00,704.3255249385737,710.5594650064761,703.9464965121796,708.3152465820312,70661900
2026-04-20 00:00:00-04:00,706.9587079747221,708.0857482546458,704.3254772575062,706.8988037109375,43546800
2026-04-21 00:00:00-04:00,708.4548936431559,709.4523240430285,700.8345107773317,702.2708129882812,58941400
2026-04-22 00:00:00-04:00,707.3278031045794,709.6218808832724,706.4001392457644,709.3825073242188,42518500
2026-04-23 00:00:00-04:00,707.6768673789517,710.5295037064266,700.4754491270062,706.6295776367188,56174000
2026-04-24 00:00:00-04:00,708.9236633096505,712.6340752101273,707.1881441382454,712.10546875,45182000
2026-04-27 00:00:00-04:00,711.3374146094498,713.7911152864904,710.4696550399041,713.332275390625,33135900
2026-04-28 00:00:00-04:00,709.9908768700561,711.0481506026886,707.4274735730012,709.8612060546875,43117400
2026-04-29 00:00:00-04:00,709.1729992133655,710.3699278433978,706.5497524472755,709.7515258789062,41859200
2026-04-30 00:00:00-04:00,712.7936806635566,717.9403946619685,708.6244289610544,716.8132934570312,67240900
2026-05-01 00:00:00-04:00,719.3966516418469,723.0073446973263,718.6186267345964,718.7982177734375,43049800
2026-05-04 00:00:00-04:00,718.2196821209096,720.2644021704073,713.152718877996,716.1649780273438,51950600
2026-05-05 00:00:00-04:00,719.9153564929043,723.1769124909786,719.6360467603954,721.9102172851562,36933200
2026-05-06 00:00:00-04:00,726.288861980811,732.7023927493656,725.9497697512824,731.9443359375,53288900
2026-05-07 00:00:00-04:00,733.161188473549,734.238430329629,727.8748196364371,729.7001342773438,51724600
2026-05-08 00:00:00-04:00,733.0415191543954,736.1834492768152,732.6824588199246,735.724609375,47227100
2026-05-11 00:00:00-04:00,734.5576163199453,738.8864300819614,734.5576163199453,737.4002685546875,44024000
2026-05-12 00:00:00-04:00,734.9964788307154,736.9414802248905,729.9494836014034,736.2831420898438,54185300
2026-05-13 00:00:00-04:00,736.5723674930287,741.9983910774667,733.5800764180441,740.4025268554688,44200200
2026-05-14 00:00:00-04:00,741.7391534739264,747.6040491923611,741.649357949993,746.2474975585938,45307600
2026-05-15 00:00:00-04:00,739.8838927249178,741.5496453663399,736.0637780312098,737.2706298828125,60410800
2026-05-18 00:00:00-04:00,737.9289136337939,739.5147938000424,731.5054597381557,736.751953125,47843900
2026-05-19 00:00:00-04:00,732.8919551385734,735.7545755811656,729.650306265128,731.8446044921875,54255900
2026-05-20 00:00:00-04:00,733.8195334397973,739.9636778498481,732.0042028263388,739.3452758789062,45768000
2026-05-21 00:00:00-04:00,736.7419902854853,742.9559620700644,735.1361419849363,740.8114624023438,43332200
2026-05-22 00:00:00-04:00,744.3224328967863,747.015507083493,742.566945697205,743.7239990234375,41762000
2026-05-26 00:00:00-04:00,748.0827892360243,750.1973368284331,746.4469887578754,748.6613159179688,41123600
2026-05-27 00:00:00-04:00,748.9505199197505,749.4492351039673,746.2973210478585,748.5316162109375,42106300
2026-05-28 00:00:00-04:00,748.3221518516883,753.2095851254732,747.3047533704411,752.6609497070312,41562600
2026-05-29 00:00:00-04:00,753.9576670103595,756.1320579864754,752.7507543048832,754.5361328125,55075700
2026-06-01 00:00:00-04:00,753.4189990020213,758.3264003155792,752.7507376917755,756.5908203125,43634900
2026-06-02 00:00:00-04:00,755.0847737682097,758.4461093852723,754.805464031348,757.6182250976562,31581900
2026-06-03 00:00:00-04:00,756.2018667594974,756.8501599793441,751.6336185743088,752.3018798828125,51402500
2026-06-04 00:00:00-04:00,750.1673635570705,756.3614281257201,749.5389775481502,755.1445922851562,49923000
2026-06-05 00:00:00-04:00,750.3768677170906,750.8855669656407,733.6400171295905,735.65478515625,93989400
2026-06-08 00:00:00-04:00,741.4498108327123,743.4247643242134,736.2931129658897,737.3204345703125,49319100
2026-06-09 00:00:00-04:00,741.7191759970133,744.9807928982774,720.7332622187009,735.1560668945312,87683500
2026-06-10 00:00:00-04:00,731.5054857614351,736.4826536495077,723.4661992814284,723.56591796875,60341300
2026-06-11 00:00:00-04:00,726.8873842592473,738.0984921563339,722.5485255148498,735.8642578125,86330500
2026-06-12 00:00:00-04:00,738.8066884479139,742.5270843334097,733.1412911200548,739.843994140625,57079500
2026-06-15 00:00:00-04:00,749.9179969688896,754.7356026867302,749.8282623277308,752.890380859375,60176400
2026-06-16 00:00:00-04:00,752.6111046530555,753.4988323298886,747.9531216783239,748.4019775390625,67093100
2026-06-17 00:00:00-04:00,749.3594421826946,750.217278570044,737.3204502885575,739.0560302734375,85945200
2026-06-18 00:00:00-04:00,747.760009765625,748.22998046875,743.8599853515625,746.739990234375,80875700
2026-06-22 00:00:00-04:00,747.7000122070312,750.1799926757812,743.1300048828125,744.3900146484375,46628100
2026-06-23 00:00:00-04:00,733.8099975585938,739.6300048828125,732.2999877929688,733.5800170898438,66846800
2026-06-24 00:00:00-04:00,735.1699829101562,739.9500122070312,730.8400268554688,733.239990234375,57439500
2026-06-25 00:00:00-04:00,738.9099731445312,739.3699951171875,729.5999755859375,734.2999877929688,53934400
2026-06-26 00:00:00-04:00,728.9500122070312,736.530029296875,716.5800170898438,728.989990234375,71034000
2026-06-29 00:00:00-04:00,736.530029296875,741.5599975585938,732.0900268554688,741.0,58035200
2026-06-30 00:00:00-04:00,741.2899780273438,748.02001953125,740.8900146484375,746.77001953125,55626000
2026-07-01 00:00:00-04:00,745.0,749.4400024414062,742.3800048828125,745.760009765625,47100900
2026-07-02 00:00:00-04:00,747.4000244140625,751.3099975585938,740.030029296875,744.780029296875,57447800
2026-07-06 00:00:00-04:00,748.739990234375,752.4099731445312,747.4099731445312,751.280029296875,50673300
2026-07-07 00:00:00-04:00,750.219970703125,750.9600219726562,745.2100219726562,747.7100219726562,43721500
2026-07-08 00:00:00-04:00,743.1599731445312,746.1500244140625,739.510009765625,745.4000244140625,43767400
2026-07-09 00:00:00-04:00,747.3499755859375,751.969970703125,745.5900268554688,751.7100219726562,41441700
2026-07-10 00:00:00-04:00,752.0499877929688,755.4199829101562,748.0999755859375,754.9500122070312,42191300
2026-07-13 00:00:00-04:00,752.469970703125,753.9099731445312,748.0,749.1699829101562,44013600
2026-07-14 00:00:00-04:00,750.9099731445312,753.3400268554688,748.6599731445312,751.8300170898438,35143100
2026-07-15 00:00:00-04:00,754.239990234375,755.5800170898438,750.2000122070312,754.8099975585938,43844800
2026-07-16 00:00:00-04:00,752.760009765625,754.5700073242188,747.8800048828125,750.719970703125,46409800
2026-07-17 00:00:00-04:00,742.0800170898438,747.2899780273438,740.7999877929688,743.2899780273438,62651000
2026-07-20 00:00:00-04:00,747.0599975585938,748.72998046875,741.510009765625,742.0900268554688,50422300
2026-07-21 00:00:00-04:00,746.2899780273438,749.0399780273438,744.1799926757812,748.280029296875,34324300
2026-07-22 00:00:00-04:00,746.6199951171875,750.02001953125,746.3699951171875,747.4099731445312,32836200
2026-07-23 00:00:00-04:00,739.3699951171875,742.5599975585938,735.2100219726562,738.1799926757812,55437300
2026-07-24 00:00:00-04:00,738.510009765625,743.719970703125,737.2899780273438,738.9299926757812,44782000
2026-07-27 00:00:00-04:00,744.9099731445312,745.530029296875,735.8699951171875,739.0900268554688,41461200
2026-07-28 00:00:00-04:00,739.1900024414062,742.7899780273438,735.97998046875,740.8599853515625,47322200
2026-07-29 00:00:00-04:00,739.969970703125,742.6799926757812,729.0999755859375,729.4600219726562,70697200
2026-07-30 00:00:00-04:00,736.0499877929688,742.4500122070312,734.5900268554688,741.6900024414062,66811300
2026-07-31 00:00:00-04:00,744.6799926757812,748.9000244140625,737.6799926757812,747.030029296875,62445900
2026-08-03 00:00:00-04:00,749.4400024414062,758.5800170898438,748.7999877929688,757.6699829101562,59927500
2026-08-04 00:00:00-04:00,760.6300048828125,773.4099731445312,760.52001953125,771.3300170898438,69154800
2026-08-05 00:00:00-04:00,775.8499755859375,776.8499755859375,769.510009765625,769.7899780273438,44689100
2026-08-06 00:00:00-04:00,770.2100219726562,771.8200073242188,767.4600219726562,768.5599975585938,38416900
2026-08-07 00:00:00-04:00,771.02001953125,773.9199829101562,769.6099853515625,773.260009765625,43586300
2026-08-10 00:00:00-04:00,772.5999755859375,775.0499877929688,771.6199951171875,773.030029296875,39249500
2026-08-11 00:00:00-04:00,774.530029296875,774.6099853515625,769.2000122070312,770.5599975585938,36740600
2026-08-12 00:00:00-04:00,774.7100219726562,774.9000244140625,771.280029296875,772.489990234375,33179100
2026-08-13 00:00:00-04:00,774.8699951171875,779.3699951171875,774.1099853515625,777.8800048828125,35634500
2026-08-14 00:00:00-04:00,778.5399780273438,778.7999877929688,775.4299926757812,776.3400268554688,31367900
2026-08-17 00:00:00-04:00,776.1799926757812,776.780029296875,772.510009765625,772.6699829101562,34356600
2026-08-18 00:00:00-04:00,768.7000122070312,769.5,766.9199829101562,767.4500122070312,43920900
2026-08-19 00:00:00-04:00,770.3599853515625,772.469970703125,768.0999755859375,769.0599975585938,40306000
2026-08-20 00:00:00-04:00,765.9600219726562,768.1500244140625,762.0399780273438,762.5999755859375,45520300
2026-08-21 00:00:00-04:00,766.0499877929688,767.8499755859375,764.1699829101562,765.719970703125,39188700
2026-08-24 00:00:00-04:00,764.780029296875,765.219970703125,762.0800170898438,763.469970703125,32430900
2026-08-25 00:00:00-04:00,766.1599731445312,766.780029296875,763.0499877929688,765.9099731445312,27422300
2026-08-26 00:00:00-04:00,764.72998046875,767.3499755859375,763.9299926757812,766.0800170898438,28751600
2026-08-27 00:00:00-04:00,768.5,772.3599853515625,767.1599731445312,771.0999755859375,34557100
2026-08-28 00:00:00-04:00,771.760009765625,775.2999877929688,768.3099975585938,769.3499755859375,36744300
2026-08-31 00:00:00-04:00,767.3300170898438,768.0,764.719970703125,767.0499877929688,38777300
