Date,Open,High,Low,Close,Volume
2015-01-01 00:00:00+05:30,978.5075011703269,978.5075011703269,968.5966343879239,970.3310546875,366830
2015-01-02 00:00:00+05:30,972.407814421509,987.6362129731707,972.255376881694,983.2525634765625,925740
2015-01-05 00:00:00+05:30,983.8433013156155,991.0476958589776,962.3633841875323,968.3099365234375,1754242
2015-01-06 00:00:00+05:30,964.0601111689864,964.0601111689864,930.0963111077494,932.6121826171875,2423784
2015-01-07 00:00:00+05:30,941.5318622859832,945.019686008026,917.6885975251638,921.5957641601562,2636332
2015-01-08 00:00:00+05:30,931.0111431723251,933.5270147370503,922.6822625986692,931.5448608398438,1565408
2015-01-09 00:00:00+05:30,935.8142132929771,960.5532157592123,933.908278031688,957.65625,3197642
2015-01-12 00:00:00+05:30,959.4478453278592,963.640903054759,945.4392206493535,956.6651611328125,1596006
2015-01-13 00:00:00+05:30,960.5912623084353,964.5555699752081,945.3819378805123,952.1669921875,1468432
2015-01-14 00:00:00+05:30,959.0668550065359,965.0896304988012,953.1584542702078,961.3348999023438,1787096
2015-01-15 00:00:00+05:30,965.5462440988854,984.1291021327664,961.8296724921092,967.8715209960938,5009920
2015-01-16 00:00:00+05:30,969.625323542429,970.1208852398732,946.9828536623187,965.2225952148438,5293830
2015-01-19 00:00:00+05:30,966.6901971170599,972.4080019107333,954.1110265709783,957.1605224609375,1135074
2015-01-20 00:00:00+05:30,960.5911397001497,964.4030093021344,946.5825189128558,953.138916015625,2058566
2015-01-21 00:00:00+05:30,961.3535588463097,961.3535588463097,948.4884983343894,958.2278442382812,2310480
2015-01-22 00:00:00+05:30,959.2567458227628,961.0673834316076,951.2518216573434,958.1322631835938,2113214
2015-01-23 00:00:00+05:30,958.3041514631371,965.1845956660427,951.4809411501697,954.33984375,3150380
2015-01-27 00:00:00+05:30,959.5918172532822,960.6039471343664,950.8833413490463,955.65771484375,2738736
2015-01-28 00:00:00+05:30,956.0203557862076,972.0240152133267,955.982123506167,969.999755859375,3121980
2015-01-29 00:00:00+05:30,969.3885989446686,981.1144392339411,959.8016216001585,971.9285278320312,3734392
2015-01-30 00:00:00+05:30,978.0587443267037,983.5206446146487,943.4159193002649,948.0184326171875,5817402
2015-02-02 00:00:00+05:30,947.9992714720091,963.0671703320187,940.3793926739271,960.2980346679688,3181802
2015-02-03 00:00:00+05:30,959.3238498061955,979.7009019675544,957.5860534100475,977.1227416992188,2345054
2015-02-04 00:00:00+05:30,980.846924908917,982.2601202863495,955.6764745328792,960.3362426757812,2245418
2015-02-05 00:00:00+05:30,962.5132338495002,989.8990084008068,962.1312841535282,974.8883666992188,4530168
2015-02-06 00:00:00+05:30,975.1178320568417,991.0833522265054,974.2966772928106,983.8071899414062,2136416
2015-02-09 00:00:00+05:30,978.3643715052156,981.2672271627738,954.8744597942764,959.8015747070312,2076432
2015-02-10 00:00:00+05:30,958.6936960880893,964.9003783834803,929.2835707499288,932.3964233398438,3799054
2015-02-11 00:00:00+05:30,937.7053397351609,950.0040976230057,934.7261143463265,939.5577392578125,2937522
2015-02-12 00:00:00+05:30,947.1588876088907,947.1588876088907,934.6309187606582,940.4174194335938,3107980
2015-02-13 00:00:00+05:30,943.4158220915651,973.1124132525446,939.6918122675195,969.6748657226562,4158326
2015-02-16 00:00:00+05:30,977.7915418045004,991.1597855401087,975.8817926994135,987.263916015625,2364392
2015-02-18 00:00:00+05:30,987.3593099232432,1009.4932813042176,979.7966855337285,1006.6859130859375,2660014
2015-02-19 00:00:00+05:30,1006.8196328015065,1026.4136754129754,1006.4376830166805,1024.0264892578125,2618002
2015-02-20 00:00:00+05:30,1030.8059291879617,1030.8059291879617,1009.2066537421163,1021.9255981445312,1801588
2015-02-23 00:00:00+05:30,1020.1880093826632,1039.6674509695279,1020.1880093826632,1029.9849853515625,1614892
2015-02-24 00:00:00+05:30,1028.9725317764176,1042.7227215106236,1023.2432860538318,1033.0784912109375,2199922
2015-02-25 00:00:00+05:30,1035.0841470669093,1039.6675455041059,1018.984997356048,1020.6464233398438,1767994
2015-02-26 00:00:00+05:30,1023.2432332988905,1028.4950416071622,1002.7516694540273,1014.6302490234375,1991994
2015-02-27 00:00:00+05:30,1015.776383861078,1022.0021842932673,999.295287178894,1016.8840942382812,2877376
2015-03-02 00:00:00+05:30,1023.5107613654413,1034.682791934329,1013.1408625987168,1019.57666015625,2176038
2015-03-03 00:00:00+05:30,1024.389440706896,1065.6400222118718,1022.1549969089219,1060.292724609375,3424308
2015-03-04 00:00:00+05:30,1064.8758734295338,1074.0808994487004,1037.241772484623,1048.833984375,3862994
2015-03-05 00:00:00+05:30,1050.361876269788,1058.2682179249093,1024.0264580582966,1029.908447265625,2173514
2015-03-09 00:00:00+05:30,1008.347485858006,1023.5491067568188,996.8889917005287,1010.9447631835938,2883174
2015-03-10 00:00:00+05:30,1011.746670910456,1022.9569335437603,991.2551038101163,1009.3786010742188,3037052
2015-03-11 00:00:00+05:30,1009.1113910840413,1015.9673714765248,992.2292282479712,995.5712890625,2240200
2015-03-12 00:00:00+05:30,1002.1984095587754,1002.5803594985058,989.2885761954858,1000.3460083007812,1827636
2015-03-13 00:00:00+05:30,1007.5833451353302,1008.3281284274486,983.5205131628034,986.327880859375,1586838
2015-03-16 00:00:00+05:30,987.4168422789426,996.889218251691,974.7361245127645,978.6702270507812,1556296
2015-03-17 00:00:00+05:30,986.3854898640109,995.628657605097,976.9322310550529,986.8438110351562,1267318
2015-03-18 00:00:00+05:30,989.6124611211227,992.8590332580043,974.6209368419926,977.5429077148438,1255170
2015-03-19 00:00:00+05:30,983.9028443969668,995.304085076125,980.8854777873107,991.6373291015625,2448964
2015-03-20 00:00:00+05:30,991.5419428262377,999.944840646799,984.9915393250042,997.2520751953125,1963908
2015-03-23 00:00:00+05:30,999.1805460638147,1004.9097923141807,995.3610485635708,999.6197509765625,1566608
2015-03-24 00:00:00+05:30,1004.528021337926,1007.2016700639205,986.2326623555507,989.74658203125,2394878
2015-03-25 00:00:00+05:30,989.7846504326177,998.4167530032024,972.1385887501655,983.0432739257812,2224858
2015-03-26 00:00:00+05:30,975.2324146212756,987.9895002703985,955.2564220124664,959.8780517578125,3091642
2015-03-27 00:00:00+05:30,966.715034511026,982.3367454970931,956.4406212267188,960.5274658203125,2751776
2015-03-30 00:00:00+05:30,964.4231686572232,981.5726760199002,962.5134198083971,979.37646484375,1339006
2015-03-31 00:00:00+05:30,981.4010578435185,981.4010578435185,962.895605612056,975.4808349609375,2427028
2015-04-01 00:00:00+05:30,977.027517083075,979.1664731067298,963.3728127297835,971.16455078125,2075758
2015-04-06 00:00:00+05:30,977.0271499934684,978.8986658739063,954.9123037965121,972.9403076171875,1568542
2015-04-07 00:00:00+05:30,978.727586538349,992.6878752304461,971.6806289289168,987.340576171875,1886922
2015-04-08 00:00:00+05:30,990.7776983714283,1014.6495588757515,989.5745939017925,1008.882080078125,1652134
2015-04-09 00:00:00+05:30,1015.6043424558392,1026.4707937355731,1006.4948040024043,1017.7241821289062,2544450
2015-04-10 00:00:00+05:30,1011.5940677048067,1020.111567083345,1003.7640966313883,1013.5993041992188,1815544
2015-04-13 00:00:00+05:30,1017.5139061323197,1017.8958557967837,1003.7637182116126,1014.267333984375,1308642
2015-04-15 00:00:00+05:30,1013.9617991755424,1036.5732016336021,996.6594599819061,1003.6682739257812,2913934
2015-04-16 00:00:00+05:30,1003.3630470182432,1003.3821631588703,982.1266932718312,986.5,3217570
2015-04-17 00:00:00+05:30,976.6839275606598,977.791544745154,943.4160607502073,945.2685546875,9668742
2015-04-20 00:00:00+05:30,947.2543653440429,948.7248157288382,926.1707607050785,927.679443359375,2890722
2015-04-21 00:00:00+05:30,927.6795815033374,936.5407971494781,917.0613596883755,927.0111694335938,2546032
2015-04-22 00:00:00+05:30,928.7110235588555,944.561941707197,919.5633436628996,933.9055786132812,4186812
2015-04-23 00:00:00+05:30,944.179840705756,947.1590675908839,928.7872461738089,938.5460815429688,4342990
2015-04-24 00:00:00+05:30,937.8010651504463,960.2214926495365,934.8409551392951,952.2196655273438,3625158
2015-04-27 00:00:00+05:30,954.6835204904022,962.513491352596,949.527198215299,954.9508666992188,2733052
2015-04-28 00:00:00+05:30,958.6941527097164,958.6941527097164,937.7251426056177,952.9649047851562,3088298
2015-04-29 00:00:00+05:30,948.7632287496414,952.9646762199498,936.1780024771087,950.023681640625,2019620
2015-04-30 00:00:00+05:30,947.2353206693083,951.0548179300716,927.0302174596482,941.009521484375,3738054
2015-05-04 00:00:00+05:30,951.4369214935732,956.7078472155694,938.5270000149046,947.8275146484375,1890630
2015-05-05 00:00:00+05:30,955.256369851046,968.7964704779321,954.8744200830129,961.6922607421875,3255070
2015-05-06 00:00:00+05:30,960.6037480920397,960.6037480920397,937.9923385562271,940.761474609375,3394406
2015-05-07 00:00:00+05:30,941.4679524351368,975.4042268593247,937.1901336534764,972.1576538085938,3205028
2015-05-08 00:00:00+05:30,977.7914482144624,988.486042179308,961.1002612835058,965.2825927734375,3003664
2015-05-11 00:00:00+05:30,968.2426656803614,978.9563753647038,964.4231679853699,976.2636108398438,2573082
2015-05-12 00:00:00+05:30,977.7914683449396,979.7012173065508,959.8398281057943,963.62109375,2467386
2015-05-13 00:00:00+05:30,972.82630586219,972.82630586219,947.407523704195,960.7566528320312,1863774
2015-05-14 00:00:00+05:30,962.5135939219266,962.5135939219266,949.1453495618999,954.588134765625,1309050
2015-05-15 00:00:00+05:30,960.6036004460575,967.2494886523463,955.2563040618647,959.133056640625,1461454
2015-05-18 00:00:00+05:30,960.260294102731,964.5189982465348,953.767145713387,962.66650390625,4507752
2015-05-19 00:00:00+05:30,962.2842646724528,966.3329697506389,953.633139219331,959.7252197265625,1957722
2015-05-20 00:00:00+05:30,962.5133551473851,981.5726100785001,961.3292736408765,976.6646118164062,1897814
2015-05-21 00:00:00+05:30,976.6458618426784,985.4307092507275,973.2655680402223,976.0729370117188,1579578
2015-05-22 00:00:00+05:30,973.9716605125583,1004.0501970872108,969.8657015515739,999.906005859375,2691632
2015-05-25 00:00:00+05:30,1000.7086465579645,1007.1635619783369,987.6077475351916,993.4515991210938,982978
2015-05-26 00:00:00+05:30,994.9791630988644,1001.949746487177,988.8297344263785,996.44970703125,1961740
2015-05-27 00:00:00+05:30,996.1250291260395,1005.7310288210875,990.0138326283338,998.8941650390625,1620690
2015-05-28 00:00:00+05:30,994.5592245904506,1001.8545043734805,986.2900472430118,996.6981811523438,2763608
2015-05-29 00:00:00+05:30,999.5628297097894,1011.6324831421116,992.0193196269586,997.0037841796875,4423532
2015-06-01 00:00:00+05:30,996.6788581603066,1011.0593236644497,996.2587693421231,999.8490600585938,882264
2015-06-02 00:00:00+05:30,999.1807405070244,1004.5280380479642,989.4410199860271,993.0313110351562,3935820
2015-06-03 00:00:00+05:30,994.5974932688101,1002.8476480242894,989.4411698590064,997.23291015625,1804684
2015-06-04 00:00:00+05:30,999.6004487966468,1001.7775431136076,988.6766516983172,995.22705078125,4131468
2015-06-05 00:00:00+05:30,999.2175573105131,1005.7710675243553,990.7365440925998,992.9917602539062,2308534
2015-06-08 00:00:00+05:30,998.446081289277,998.446081289277,987.5171068070179,993.6080322265625,1570320
2015-06-09 00:00:00+05:30,996.5190548160126,998.4465578233937,983.4120343658213,987.517578125,2578914
2015-06-10 00:00:00+05:30,989.1942511230985,1006.1562725764953,988.3461688736946,1002.5903930664062,2763350
2015-06-11 00:00:00+05:30,1004.4219575946553,1007.3132125100112,985.6288006448416,991.2378540039062,1847336
2015-06-12 00:00:00+05:30,991.4688974203162,998.0417010886,954.8078489774722,965.9873657226562,2571456
2015-06-15 00:00:00+05:30,965.7949842490358,971.6352825806869,956.42729781715,965.6022338867188,2525176
2015-06-16 00:00:00+05:30,963.7514952641384,971.1916756308489,961.6119481213806,968.3775024414062,1267396
2015-06-17 00:00:00+05:30,971.846812953885,974.9886045519249,964.4452217776625,969.0712280273438,1975720
2015-06-18 00:00:00+05:30,969.533709194704,981.5998930667945,966.8352058291522,975.3355102539062,2165046
2015-06-19 00:00:00+05:30,977.2440357410263,984.9540478573263,974.1986186016313,982.8530883789062,1999610
2015-06-22 00:00:00+05:30,981.8699440092234,1002.3014740573149,981.8699440092234,999.0247192382812,1102002
2015-06-23 00:00:00+05:30,1002.3017502528552,1005.3857556382486,989.6573093494673,992.5100708007812,898318
2015-06-24 00:00:00+05:30,994.5913259078287,997.6367423212445,986.4380276850026,990.8519897460938,1170246
2015-06-25 00:00:00+05:30,987.652067009421,991.892571590648,980.770846928814,983.0260620117188,1930992
2015-06-26 00:00:00+05:30,983.1036373350594,1000.8945469660811,983.1036373350594,999.5260009765625,1290102
2015-06-29 00:00:00+05:30,991.5076494385679,1003.8436699603542,980.4822934506744,999.5645751953125,1372756
2015-06-30 00:00:00+05:30,996.5190139606962,997.964641156964,979.1714876054809,983.3927001953125,1549952
2015-07-01 00:00:00+05:30,988.3847885260227,1005.3853998432213,985.6284973347991,999.6414794921875,1279708
2015-07-02 00:00:00+05:30,1002.3017552553098,1003.4389634235744,991.1415295344922,993.724365234375,1445880
2015-07-03 00:00:00+05:30,991.9118126142005,1006.1560334211736,990.7360175833012,1003.804443359375,963470
2015-07-06 00:00:00+05:30,994.7069023964762,1019.6487645045701,994.7069023964762,1015.138427734375,1182338
2015-07-07 00:00:00+05:30,1014.9264320194922,1020.3812263976771,1003.4577922502091,1008.565673828125,1642836
2015-07-08 00:00:00+05:30,1001.5114011513156,1010.6670416464739,994.784433589726,1000.4127807617188,2667850
2015-07-09 00:00:00+05:30,1000.374087315721,1001.6269643036887,966.3150706270405,972.42529296875,3934122
2015-07-10 00:00:00+05:30,986.4957374677576,986.4957374677576,946.4036871759847,953.8631591796875,8263654
2015-07-13 00:00:00+05:30,954.2682629526188,970.9219661789302,954.2682629526188,967.4331665039062,2280308
2015-07-14 00:00:00+05:30,967.9917273005383,969.5337292556168,959.8962170363761,963.5584716796875,1703274
2015-07-15 00:00:00+05:30,964.1367913472515,983.0070227984535,963.7512908309192,981.387939453125,2003660
2015-07-16 00:00:00+05:30,980.5977260403541,986.4381158178168,974.0057231332031,979.2484741210938,1456608
2015-07-17 00:00:00+05:30,981.7925799883761,990.7747594348333,980.4433283926176,988.5773315429688,1070526
2015-07-20 00:00:00+05:30,990.548150839278,998.2360648285463,985.8735294046552,996.4010009765625,853786
2015-07-21 00:00:00+05:30,995.1839004054141,1004.5910530299482,987.1096588166931,989.54345703125,1274500
2015-07-22 00:00:00+05:30,989.3887649297776,992.4793975418191,973.95493718712,976.6592407226562,1320628
2015-07-23 00:00:00+05:30,972.5838839111667,980.4457218521745,959.2555248267834,961.4190063476562,1496780
2015-07-24 00:00:00+05:30,964.8569978259627,972.197251262877,962.77085826082,967.8123779296875,1574972
2015-07-27 00:00:00+05:30,961.186625781183,967.7542192853149,958.5402342006032,964.6829223632812,2003738
2015-07-28 00:00:00+05:30,965.6298928871511,973.1633127356406,962.7903353706419,966.6150512695312,1891188
2015-07-29 00:00:00+05:30,970.0723796481922,971.6370313823182,959.4483292936221,968.4304809570312,2413318
2015-07-30 00:00:00+05:30,972.0233974245639,972.3131442634266,955.3146630501452,958.3472900390625,2770574
2015-07-31 00:00:00+05:30,961.9209513213902,973.1631677633831,960.8006344690488,969.9759521484375,1963776
2015-08-03 00:00:00+05:30,967.136239280896,975.4809856379633,966.1704165228387,969.5315551757812,1179324
2015-08-04 00:00:00+05:30,969.8401745870441,974.7079571659641,960.4137857766891,969.2606811523438,2342692
2015-08-05 00:00:00+05:30,973.5494098317225,985.1392837582906,970.0724476537521,984.0382080078125,988994
2015-08-06 00:00:00+05:30,990.9338314688749,997.887753093218,985.1775674072749,994.140380859375,2211366
2015-08-07 00:00:00+05:30,994.024789282169,994.024789282169,983.9802325307751,985.9312133789062,1188506
2015-08-10 00:00:00+05:30,993.6384533856677,1000.2060481397721,987.6890229241071,993.6771240234375,1431182
2015-08-11 00:00:00+05:30,995.9565036965621,1008.3190359379469,982.0873255657128,1006.0783081054688,2200306
2015-08-12 00:00:00+05:30,1005.6532769199297,1039.7660596036712,1005.228277199813,1032.1553955078125,3479784
2015-08-13 00:00:00+05:30,1031.4984818095975,1036.9070880812583,987.4569735975023,1018.2088012695312,1406426
2015-08-14 00:00:00+05:30,1019.1361900460311,1050.5641008061764,1018.7885315752112,1044.3248291015625,2293964
2015-08-17 00:00:00+05:30,1039.263797523989,1041.8521832514102,1025.7036103712958,1037.1968994140625,773644
2015-08-18 00:00:00+05:30,1045.7543353061426,1062.3664887068758,1039.2254104179615,1058.8895263671875,1916926
2015-08-19 00:00:00+05:30,1062.405464280681,1063.5065403984024,1051.5495743545644,1056.0697021484375,1690070
2015-08-20 00:00:00+05:30,1060.473049078547,1060.473049078547,1032.2710335657116,1038.008056640625,2349298
2015-08-21 00:00:00+05:30,1047.7244467231249,1054.6396994073075,1025.7423601811981,1033.87451171875,3536080
2015-08-24 00:00:00+05:30,1019.5229562399701,1021.8409318888673,992.5185776577855,996.2079467773438,4692344
2015-08-25 00:00:00+05:30,999.7813459250672,1012.9552099914732,979.5377326214265,991.7650146484375,3925800
2015-08-26 00:00:00+05:30,988.2492966035226,1019.5226222924954,970.4394851406805,995.4736328125,3216158
2015-08-27 00:00:00+05:30,1010.2118545523537,1010.2118545523537,983.516572217933,994.662109375,5264798
2015-08-28 00:00:00+05:30,1007.9328792078253,1007.9328792078253,988.1141724547268,993.1944580078125,2744152
2015-08-31 00:00:00+05:30,1000.5923598615891,1000.5923598615891,977.8182784883104,990.567138671875,3692044
2015-09-01 00:00:00+05:30,987.4572438298541,1008.7825926732509,977.4126865764987,980.271484375,2987602
2015-09-02 00:00:00+05:30,988.8870008723951,1012.3565037238894,984.3669673351003,1001.2882080078125,3765950
2015-09-03 00:00:00+05:30,1002.9491966130952,1010.2507802033592,995.2805248561775,1006.6193237304688,2265074
2015-09-04 00:00:00+05:30,1008.8599676633875,1010.2121197729333,980.9476848306201,984.1542358398438,2426396
2015-09-07 00:00:00+05:30,986.298488577516,988.9834577653373,978.4559866279549,981.1796264648438,1759184
2015-09-08 00:00:00+05:30,983.2079405239888,990.5868669210059,974.901861655122,981.3922119140625,1787746
2015-09-09 00:00:00+05:30,990.1420049885696,994.4109597907883,982.8210884645554,985.04248046875,2045076
2015-09-10 00:00:00+05:30,982.0485793247968,996.1495915771002,976.2536427827544,983.362060546875,2665818
2015-09-11 00:00:00+05:30,983.7873596980654,992.2479318969279,981.5080550252854,985.9121704101562,1592672
2015-09-14 00:00:00+05:30,990.9342652549983,990.9342652549983,982.4350239935519,985.7767333984375,1589318
2015-09-15 00:00:00+05:30,985.7767250068271,988.5776113077789,979.7307116156765,980.213623046875,1379900
2015-09-16 00:00:00+05:30,987.0709900094139,990.934281555439,981.6817171664371,985.2745971679688,1756816
2015-09-18 00:00:00+05:30,990.9340951892455,999.047005910093,980.8895390586722,985.6220703125,2455294
2015-09-21 00:00:00+05:30,985.1391964246494,987.8821707382237,978.6488487374204,985.5448608398438,1108840
2015-09-22 00:00:00+05:30,988.0365525891244,993.7928177487073,961.9593415237223,976.17626953125,2081246
2015-09-23 00:00:00+05:30,979.0741453017139,988.1335465007104,970.6908202268015,978.4366455078125,1228352
2015-09-24 00:00:00+05:30,979.537466502096,1000.5924031711413,977.37398574076,996.8836059570312,2354254
2015-09-28 00:00:00+05:30,1002.1378902736734,1011.7961197481691,996.5361171784659,1002.02197265625,2366812
2015-09-29 00:00:00+05:30,998.0233458857438,1017.5908776158632,992.8079028911295,999.9163208007812,3325952
2015-09-30 00:00:00+05:30,1021.3384141129941,1021.3384141129941,993.2329668235677,999.8392333984375,3368336
2015-10-01 00:00:00+05:30,1004.0693894416708,1023.752839370577,1001.4423325447761,1021.68603515625,2834408
2015-10-05 00:00:00+05:30,1024.8151525321564,1070.131573403171,1024.8151525321564,1047.5892333984375,4807306
2015-10-06 00:00:00+05:30,1052.7468510380497,1053.1331801576966,1036.9073571325232,1043.088623046875,3979590
2015-10-07 00:00:00+05:30,1040.7510118771438,1049.6559143721784,1022.5935485074374,1025.2978515625,2065530
2015-10-08 00:00:00+05:30,1031.4987673855644,1034.7246533181378,1012.1823110674826,1017.513671875,2357550
2015-10-09 00:00:00+05:30,1023.9657084024151,1024.0043790560621,1007.5467147758908,1015.9107055664062,2249724
2015-10-12 00:00:00+05:30,1025.7035108985629,1027.7704088080416,999.433138491368,1001.5966186523438,2455912
2015-10-13 00:00:00+05:30,1005.5374676325292,1009.091676726645,991.9387012662492,1003.8955688476562,6179712
2015-10-14 00:00:00+05:30,984.3664286728853,984.3664286728853,958.0960530254142,959.5254516601562,8337128
2015-10-15 00:00:00+05:30,961.9595316200074,967.1749748637303,952.3013033908909,953.3637084960938,3215710
2015-10-16 00:00:00+05:30,958.4437842752701,962.732074823966,954.2328349980722,955.0054931640625,2333828
2015-10-19 00:00:00+05:30,961.9595960140947,963.8719064677438,948.7664930974222,961.4766845703125,3130642
2015-10-20 00:00:00+05:30,964.3740663257635,977.412674132872,964.1229901250797,976.1571044921875,2695084
2015-10-21 00:00:00+05:30,979.3443042619426,982.0486080606936,974.418608057075,977.4126586914062,1929688
2015-10-23 00:00:00+05:30,986.5110208978571,986.5110208978571,978.4966056847086,982.3101806640625,2335398
2015-10-26 00:00:00+05:30,986.8982599512652,986.8982599512652,973.7732090938448,982.0780029296875,1414630
2015-10-27 00:00:00+05:30,979.5614693466225,985.3108988237531,975.805931614508,979.968017578125,1530420
2015-10-28 00:00:00+05:30,971.8184056864179,980.9169224846361,971.8184056864179,979.1940307617188,1255342
2015-10-29 00:00:00+05:30,980.9167388142405,981.6329481816734,964.0748066178917,966.1268310546875,3130316
2015-10-30 00:00:00+05:30,967.9272869520277,972.5345830282597,962.1197232303155,966.06884765625,1516696
2015-11-02 00:00:00+05:30,967.9272007375376,976.7547157130922,963.1069421826928,974.6446533203125,1319294
2015-11-03 00:00:00+05:30,978.7676206816087,986.4336201598064,975.0894986893321,984.7493896484375,1364906
2015-11-04 00:00:00+05:30,985.3499058625835,986.201662907813,975.6706337028331,981.0136108398438,991434
2015-11-05 00:00:00+05:30,979.8513663813542,981.4580865502413,960.1830811371183,961.2090454101562,1596098
2015-11-06 00:00:00+05:30,964.8296606282113,974.9928944129186,961.5193312906533,970.1532592773438,908024
2015-11-09 00:00:00+05:30,965.9913311978582,968.9919054731221,955.7700579279053,956.8347778320312,2021556
2015-11-10 00:00:00+05:30,957.454023774671,959.0220844404902,948.5684727005253,951.723876953125,1361920
2015-11-13 00:00:00+05:30,943.9413624662608,943.9413624662608,924.0020752517186,928.2028198242188,2743232
2015-11-16 00:00:00+05:30,925.3384929534803,925.3384929534803,912.1746817566526,919.3760986328125,2043528
2015-11-17 00:00:00+05:30,921.6597582384375,928.6094526965185,919.530319603566,925.5508422851562,1985028
2015-11-18 00:00:00+05:30,924.9120606384904,924.9120606384904,908.3024751807577,910.4125366210938,1520352
2015-11-19 00:00:00+05:30,915.7947297533434,922.0862569032724,910.6259604082047,914.7106323242188,1866906
2015-11-20 00:00:00+05:30,916.2394375349794,938.3275442958602,914.4777919913336,928.5708618164062,2012126
2015-11-23 00:00:00+05:30,931.2618734224172,934.3978999497867,922.3375682553276,925.7446899414062,1088082
2015-11-24 00:00:00+05:30,921.4857069226962,926.286586123799,915.8523539447846,916.8009033203125,998640
2015-11-26 00:00:00+05:30,920.653583164569,922.3958520969817,905.1474652854079,908.128662109375,2915292
2015-11-27 00:00:00+05:30,909.0769750196123,913.5100614657156,903.0758280380093,911.1483764648438,1737206
2015-11-30 00:00:00+05:30,915.6587267092851,925.8219578196948,909.909203871471,918.9690551757812,4100048
2015-12-01 00:00:00+05:30,914.8456057571282,920.711298554381,912.5807138851601,914.4584350585938,1721994
2015-12-02 00:00:00+05:30,920.6921944776446,920.7309493686433,908.4963138527305,915.7363891601562,1640296
2015-12-03 00:00:00+05:30,913.7231146725114,918.7563352194362,908.6898941255865,910.1417846679688,2283358
2015-12-04 00:00:00+05:30,905.9796221629032,908.8059877522517,898.6621322550799,901.4884033203125,1246092
2015-12-07 00:00:00+05:30,902.9594479955418,907.4893260818623,896.3969238234539,898.1585693359375,1382604
2015-12-08 00:00:00+05:30,898.0040691409207,909.4643645886445,897.191067036486,901.720947265625,1139964
2015-12-09 00:00:00+05:30,905.1664240453752,918.6787394187801,898.2361056947004,916.6847534179688,5282806
2015-12-10 00:00:00+05:30,917.2076852104873,925.8028586280227,910.6257811798506,923.2282104492188,1723988
2015-12-11 00:00:00+05:30,922.6280383536122,926.0931981912403,914.9814148716634,923.78955078125,1652378
2015-12-14 00:00:00+05:30,904.1213164375134,924.1767846275112,902.3403873081344,920.866455078125,2718532
2015-12-15 00:00:00+05:30,920.866267428801,923.4022547901748,914.9038755848735,919.8596801757812,1135868
2015-12-16 00:00:00+05:30,923.0151676576305,934.8238768076128,923.0151676576305,932.4620971679688,1435934
2015-12-17 00:00:00+05:30,935.0170752088217,946.6321941555151,926.6348688452565,944.5995483398438,1618844
2015-12-18 00:00:00+05:30,936.953344169885,942.4511506729996,929.4615513149109,935.7144165039062,3024970
2015-12-21 00:00:00+05:30,936.9339726725531,948.5684742926817,931.8620918306045,947.1746215820312,1610104
2015-12-22 00:00:00+05:30,944.6967618287731,944.6967618287731,929.2099296676457,931.1651611328125,1560858
2015-12-23 00:00:00+05:30,935.0172678814788,942.7606821082405,933.2943771208442,939.19873046875,849834
2015-12-24 00:00:00+05:30,937.3405069188806,943.999825774901,930.7586033180459,942.4705200195312,843160
2015-12-28 00:00:00+05:30,940.05078664397,954.9181088866775,937.0308352285085,953.485595703125,3704198
2015-12-29 00:00:00+05:30,951.801269179855,954.4920870387251,946.9228798274016,950.81396484375,1708524
2015-12-30 00:00:00+05:30,949.7493513367598,952.0529986955543,933.9721412119758,936.295166015625,1605762
2015-12-31 00:00:00+05:30,935.3078919191495,947.9877360505175,932.1137327104843,943.4772338867188,1240318
2016-01-01 00:00:00+05:30,944.3094225918392,944.3094225918392,933.9526054313916,935.559326171875,712262
2016-01-04 00:00:00+05:30,933.1397033944468,934.6303488441339,916.0655271412223,917.4400024414062,1870184
2016-01-05 00:00:00+05:30,923.4022264041478,924.0217374055085,906.3667136319119,909.4447021484375,2678020
2016-01-06 00:00:00+05:30,909.9288391493856,923.8476111759913,909.9288391493856,922.0860595703125,2653228
2016-01-07 00:00:00+05:30,917.5949548732374,922.5894212483355,913.7232462028862,918.0789184570312,3199580
2016-01-08 00:00:00+05:30,923.4025538996209,932.0558609250662,918.5629178728933,928.2809448242188,1907544
2016-01-11 00:00:00+05:30,922.4343880171382,923.0151441900766,909.406129013867,914.6329345703125,2930228
2016-01-12 00:00:00+05:30,914.7686692698808,915.6591812473818,891.1125839233894,900.966064453125,3482594
2016-01-13 00:00:00+05:30,897.0747108408531,900.946418699467,873.1088770056797,882.4396362304688,4746092
2016-01-14 00:00:00+05:30,880.0391197363607,890.0668044085347,871.1341924359049,882.2847290039062,2742052
2016-01-15 00:00:00+05:30,886.1756267282799,887.2790064244334,873.0698617259945,875.431640625,3269408
2016-01-18 00:00:00+05:30,875.7802927222262,887.3566610807476,875.005951172516,881.8394775390625,2213922
2016-01-19 00:00:00+05:30,881.5878818399246,890.4928099393178,878.219514898456,882.4783935546875,967910
2016-01-20 00:00:00+05:30,880.3489521160205,884.6852460144187,868.4240730023374,882.7881469726562,1615954
2016-01-21 00:00:00+05:30,886.8246928993576,888.7263797226542,871.5914897499922,874.9874267578125,2675536
2016-01-22 00:00:00+05:30,882.1670879774022,893.4416137056504,877.1216976810069,890.9965209960938,1343178
2016-01-25 00:00:00+05:30,893.3834503968287,907.7822577561117,889.3471755656818,894.4507446289062,1397560
2016-01-27 00:00:00+05:30,893.422379541505,904.2699520367463,885.6213903681498,900.311279296875,1626986
2016-01-28 00:00:00+05:30,898.6615015350426,911.6242337273804,895.7701241623456,904.7547607421875,3106660
2016-01-29 00:00:00+05:30,915.427935495027,931.4567730823557,906.249243111351,928.0802612304688,2235744
2016-02-01 00:00:00+05:30,928.0026544744895,936.4827352884437,915.5443822912843,932.504638671875,1495274
2016-02-02 00:00:00+05:30,934.9495657878582,944.2641318231045,923.5780141359618,930.71923828125,1475588
2016-02-03 00:00:00+05:30,926.6051569439329,943.0608504164514,916.0486689755633,937.7826538085938,1308692
2016-02-04 00:00:00+05:30,939.956222284906,946.9809962648266,932.232931568899,939.23828125,1250046
2016-02-05 00:00:00+05:30,934.6005437195953,946.9616953353708,934.6005437195953,939.9757690429688,1402996
2016-02-08 00:00:00+05:30,931.4565895239654,936.1332967677331,910.8869231719777,917.0772094726562,1063658
2016-02-09 00:00:00+05:30,905.6862569787047,905.6862569787047,875.4139202080258,885.427001953125,2489610
2016-02-10 00:00:00+05:30,882.9432924280145,888.7260479586723,876.3843230139034,880.5370483398438,1890732
2016-02-11 00:00:00+05:30,884.8836145809255,888.3765762174293,842.8321996448472,853.0394287109375,1962408
2016-02-12 00:00:00+05:30,853.835313526504,870.6791177195474,839.8634629415249,864.1589965820312,2172568
2016-02-15 00:00:00+05:30,873.2407018584663,895.3046214931624,869.3596320724287,880.6729125976562,2479712
2016-02-16 00:00:00+05:30,879.4502028784788,885.6599130488476,870.5237445085737,879.2755737304688,1588702
2016-02-17 00:00:00+05:30,879.0621304912863,884.7478586881015,871.8433042338695,883.1566772460938,1585178
2016-02-18 00:00:00+05:30,886.8245893670507,900.3113090521733,884.1078400779613,898.7977294921875,1529140
2016-02-19 00:00:00+05:30,895.498941552126,903.1252080507838,894.7614812216456,900.2725830078125,879012
2016-02-22 00:00:00+05:30,900.5051977529658,909.3346313264515,894.5865664564535,898.81689453125,1324884
2016-02-23 00:00:00+05:30,896.6240797076546,900.3692738676951,875.8603579180823,878.6741333007812,1306852
2016-02-24 00:00:00+05:30,878.0722796001861,878.0722796001861,854.3007362351476,858.0847778320312,1659328
2016-02-25 00:00:00+05:30,861.519834141325,864.7022922087938,848.2659248305956,858.822509765625,1830556
2016-02-26 00:00:00+05:30,865.3622194666705,875.9187116543785,853.6802548013293,857.9105834960938,1537536
2016-02-29 00:00:00+05:30,868.1953202343652,868.1953202343652,820.8462683485393,844.831298828125,2191718
2016-03-01 00:00:00+05:30,851.1185696531899,886.863258837917,839.0872538030992,883.5836791992188,1999760
2016-03-02 00:00:00+05:30,894.5865337844455,904.2892076866628,875.6663196751215,899.9618530273438,1527486
2016-03-03 00:00:00+05:30,906.6179949800533,927.963880991998,893.0342493360885,921.0361328125,2648284
2016-03-04 00:00:00+05:30,923.6946111567048,923.6946111567048,911.8767725821479,914.9816284179688,1512966
2016-03-08 00:00:00+05:30,908.9853289861051,918.6491541771398,894.276018673025,913.72021484375,1268152
2016-03-09 00:00:00+05:30,908.5583743367371,919.5805738688856,890.7636326922504,914.8651123046875,2017784
2016-03-10 00:00:00+05:30,914.399369293779,915.8741946072105,898.4481362571631,911.3915405273438,1661666
2016-03-11 00:00:00+05:30,908.1706928236642,927.9059784726504,906.2301571552376,917.9703979492188,1530528
2016-03-14 00:00:00+05:30,916.7086310190255,930.6804814494593,908.1702779782047,913.9918823242188,1636742
2016-03-15 00:00:00+05:30,911.6826097933478,917.2907360239205,900.4469330350207,904.2503051757812,1623356
2016-03-16 00:00:00+05:30,898.467822338691,905.0656422003574,895.3241173270532,903.14453125,1918246
2016-03-17 00:00:00+05:30,905.8415747897783,916.6309663963342,905.0653609296328,912.846923828125,2221088
2016-03-18 00:00:00+05:30,915.9324373040137,943.0999248511666,915.9324373040137,941.4893188476562,3204070
2016-03-21 00:00:00+05:30,941.5473294982753,952.7830051845839,939.2186881227643,949.406494140625,2336982
2016-03-22 00:00:00+05:30,947.7576496932126,964.4462569564428,945.6230603921017,959.8278198242188,1951984
2016-03-23 00:00:00+05:30,965.5713729737332,965.5713729737332,953.6953555567774,960.09912109375,2278434
2016-03-28 00:00:00+05:30,966.774446044367,976.923405238463,955.3447149202309,959.9437255859375,3320882
2016-03-29 00:00:00+05:30,961.728992921365,965.202531067944,952.8025333421917,958.3912353515625,1838796
2016-03-30 00:00:00+05:30,958.9734335059884,972.207918521462,954.7431056138909,966.1922607421875,2136504
2016-03-31 00:00:00+05:30,961.8453836401252,989.6726304153898,959.4584692681129,978.1458740234375,4363964
2016-04-01 00:00:00+05:30,972.2080380858993,978.3595719564992,944.6912895996321,952.375732421875,3041400
2016-04-04 00:00:00+05:30,953.1908042093451,965.6102283684244,949.6978411646039,959.1094360351562,1752352
2016-04-05 00:00:00+05:30,958.9348272821792,964.4070793173541,947.7767506513169,955.810546875,1491794
2016-04-06 00:00:00+05:30,958.6241798777123,965.9982120306178,954.490878703601,963.2426147460938,1763150
2016-04-07 00:00:00+05:30,962.5052574518568,964.3293412069764,953.5787974029082,958.9346923828125,2390942
2016-04-08 00:00:00+05:30,957.0715957764942,960.0599998946886,941.9354269868417,943.8953857421875,1399500
2016-04-11 00:00:00+05:30,944.2641678560485,976.8651502234584,936.5020291971414,972.8482055664062,2400648
2016-04-12 00:00:00+05:30,969.4908426538505,979.9697268618784,965.6486230119637,977.3111572265625,1303628
2016-04-13 00:00:00+05:30,981.9112276953007,987.7328357646404,975.1193516144043,980.4364013671875,1601468
2016-04-18 00:00:00+05:30,952.0265342514836,991.031290342912,946.9811429162739,977.9326782226562,7121504
2016-04-20 00:00:00+05:30,983.8123555243526,983.8123555243526,946.981040655662,950.9979858398438,6405024
2016-04-21 00:00:00+05:30,951.2501971231203,957.6151136214035,936.1916275204517,940.926513671875,2525724
2016-04-22 00:00:00+05:30,938.8308253378176,945.1957421847967,933.0868228341596,938.0740356445312,1964126
2016-04-25 00:00:00+05:30,932.3490524997583,953.5979013474544,932.3490524997583,951.3468627929688,2267654
2016-04-26 00:00:00+05:30,950.4740531706461,967.7448148554537,947.7573041415752,966.308837890625,2554368
2016-04-27 00:00:00+05:30,962.5052146397645,975.9337527128232,960.9139382790092,974.5753784179688,1848670
2016-04-28 00:00:00+05:30,970.7718831306926,985.791602373807,969.5299599050072,981.0372924804688,4992744
2016-04-29 00:00:00+05:30,976.8653692517424,986.5680447508659,974.1486201119878,984.0453491210938,2372178
2016-05-02 00:00:00+05:30,981.5226699942789,981.9107770207694,970.2675662260567,980.6300048828125,1116692
2016-05-03 00:00:00+05:30,979.9701237835579,981.9106586821392,959.4004538585962,961.7679443359375,2153118
2016-05-04 00:00:00+05:30,960.1377884744516,967.9582007169255,953.5788186283435,961.7290649414062,1364892
2016-05-05 00:00:00+05:30,961.7290050975707,966.3668641175433,956.1208787197517,958.7406005859375,1246566
2016-05-06 00:00:00+05:30,956.6836649937233,964.1741483395441,943.4880282351892,959.9437255859375,885598
2016-05-09 00:00:00+05:30,959.9436788266278,977.253286456028,953.3458607687435,975.1381225585938,1821276
2016-05-10 00:00:00+05:30,976.0890830022031,983.4436915359175,968.7150501683892,979.1550903320312,1158534
2016-05-11 00:00:00+05:30,970.2676172086806,980.2031955099764,966.3865467398459,977.3699951171875,1598716
2016-05-12 00:00:00+05:30,978.2433375546815,997.3963654556369,978.2433375546815,995.9603881835938,1513082
2016-05-13 00:00:00+05:30,995.4940372079848,995.8821440451029,974.2063392909974,979.3487548828125,1621730
2016-05-16 00:00:00+05:30,985.0156321683984,995.4169194176417,978.9999732642966,990.1192016601562,1111526
2016-05-17 00:00:00+05:30,995.1837486090076,1005.6820597803057,990.4488631198612,997.5123901367188,1756698
2016-05-18 00:00:00+05:30,995.8243706546078,995.8243706546078,980.377693308767,990.0997924804688,1500740
2016-05-19 00:00:00+05:30,991.6133885205065,993.553923527396,980.3971340817599,992.3701782226562,1038792
2016-05-20 00:00:00+05:30,986.6843063061583,995.8048195236611,979.1162208703582,981.638916015625,1230918
2016-05-23 00:00:00+05:30,987.3438254013065,988.0811905145011,962.5825894458226,966.9487915039062,1533016
2016-05-24 00:00:00+05:30,964.0576071764701,965.7070616170902,954.5878360537426,957.7314453125,1339158
2016-05-25 00:00:00+05:30,962.8933341138129,983.0554710307563,962.8933341138129,980.5327758789062,1548678
2016-05-26 00:00:00+05:30,981.9103285845313,995.4552197220489,972.2465059394426,989.1679077148438,1943248
2016-05-27 00:00:00+05:30,990.8953534088704,1001.2578861555683,989.9057563567644,998.4634399414062,1104676
2016-05-30 00:00:00+05:30,1002.4801460482165,1025.3590293855439,1002.0920391391774,1023.2050170898438,1349464
2016-05-31 00:00:00+05:30,1024.6026049142447,1027.319354245457,994.3302552235966,997.2022094726562,3722608
2016-06-01 00:00:00+05:30,997.900673409291,1026.5429882124083,997.8230709618532,1022.0991821289062,1911942
2016-06-02 00:00:00+05:30,1009.0780997610874,1030.1523267181715,1009.0780997610874,1028.5416259765625,1408756
2016-06-03 00:00:00+05:30,1029.027018423444,1031.5885629141526,1017.0345482003524,1020.5469360351562,1554922
2016-06-06 00:00:00+05:30,1027.5856759074088,1034.840144521905,1020.8017482721178,1024.4486083984375,1322026
2016-06-07 00:00:00+05:30,1025.036548209691,1034.8398816853003,1024.6444148706667,1031.7615966796875,1202194
2016-06-08 00:00:00+05:30,1026.3110309613203,1030.7421570527163,1021.7034640060064,1024.6837158203125,938266
2016-06-09 00:00:00+05:30,1028.3305158635003,1028.3305158635003,1001.9791724269728,1010.625732421875,1562138
2016-06-10 00:00:00+05:30,1006.214191116233,1020.82115862172,1001.1948650141909,1002.19482421875,1396832
2016-06-13 00:00:00+05:30,996.018677476719,1001.2536958278068,987.3917440497553,998.7636108398438,1029978
2016-06-14 00:00:00+05:30,1003.449500707729,1003.449500707729,987.4896943568685,993.9991455078125,977570
2016-06-15 00:00:00+05:30,992.0977036545326,1005.7831238019642,988.9606358168897,1002.6265258789062,1270844
2016-06-16 00:00:00+05:30,998.1946986115277,1005.7040111890822,986.7835840577521,1003.1943969726562,1145070
2016-06-17 00:00:00+05:30,1003.4691119814263,1023.467910227246,1003.4691119814263,1020.566162109375,1878988
2016-06-20 00:00:00+05:30,1020.5664694409411,1046.2119566200317,1016.3314093899425,1042.8004150390625,1872838
2016-06-21 00:00:00+05:30,1044.447283277076,1045.0354833615195,1035.7810970719968,1039.6240234375,1027690
2016-06-22 00:00:00+05:30,1039.1531052301823,1050.0151770320608,1031.996673467748,1046.07421875,1761712
2016-06-23 00:00:00+05:30,1041.1146170212805,1042.8792180670794,1029.4682692661554,1037.33056640625,1397014
2016-06-24 00:00:00+05:30,1005.8806897685264,1016.8800479103237,985.8818915964108,1009.3314819335938,3766586
2016-06-27 00:00:00+05:30,998.7639485691188,998.7639485691188,973.5301214682297,978.7063598632812,4272566
2016-06-28 00:00:00+05:30,978.7062573853154,981.4707214721129,964.0207838758827,966.1971435546875,4499524
2016-06-29 00:00:00+05:30,970.5295550483531,985.2345483066615,966.7258826059973,981.4700317382812,2531264
2016-06-30 00:00:00+05:30,988.9603754167583,1004.9985922194481,980.4707261108063,1001.15576171875,5121812
2016-07-01 00:00:00+05:30,1004.6459147387578,1005.6655000191142,978.1181247223158,980.6669921875,2197296
2016-07-04 00:00:00+05:30,986.6076090789932,990.4701612641392,973.2750738211689,978.05908203125,1883484
2016-07-05 00:00:00+05:30,978.0592242860971,979.1768429042443,971.3733298681132,974.5692749023438,1559748
2016-07-07 00:00:00+05:30,975.510272453099,977.1376835586007,950.9235266031185,952.8057861328125,3316800
2016-07-08 00:00:00+05:30,954.8447854357536,957.6093449267609,942.4925838993157,951.5509033203125,2456356
2016-07-11 00:00:00+05:30,952.8840143491263,969.275207076424,951.7076143314114,966.2753295898438,1543632
2016-07-12 00:00:00+05:30,969.2357055096415,970.5297643425624,955.1777863644962,966.5888061523438,1465536
2016-07-13 00:00:00+05:30,971.7065550447926,980.0393897077071,961.2169867044181,977.6278076171875,2102300
2016-07-14 00:00:00+05:30,974.8437728890921,991.7055115191126,968.9617710414105,988.9213256835938,2699988
2016-07-15 00:00:00+05:30,986.9996363873797,991.2346956906476,951.5311942269122,958.9033203125,8336366
2016-07-18 00:00:00+05:30,959.5507330840477,968.1776706107535,953.1197815857018,954.2373046875,2598850
2016-07-19 00:00:00+05:30,951.9039228366325,969.6675867642055,951.9039228366325,967.0794677734375,2362896
2016-07-20 00:00:00+05:30,960.7267133364613,981.3137143365284,960.0012283402815,978.3530883789062,2815252
2016-07-21 00:00:00+05:30,976.2161056577827,987.980107734398,966.3931447766703,982.7059326171875,2527148
2016-07-22 00:00:00+05:30,979.9018804533354,989.7444647320627,977.1961989351427,986.2545166015625,1517216
2016-07-25 00:00:00+05:30,987.591216833458,1007.7204453683488,985.1537099377016,1006.049560546875,1688796
2016-07-26 00:00:00+05:30,1006.049296698318,1009.6073167582457,995.8470924254815,1003.5528564453125,2311290
2016-07-27 00:00:00+05:30,1004.496705586331,1014.4826618393688,1000.565211631003,1013.3622436523438,1750510
2016-07-28 00:00:00+05:30,1014.5220521644883,1033.8060499152643,1013.1657058971921,1029.756591796875,4632080
2016-07-29 00:00:00+05:30,1027.6925340953799,1035.9093181818353,1021.7952930810607,1029.7762451171875,2488084
2016-08-01 00:00:00+05:30,1034.7688295457167,1071.3317099210024,1034.7688295457167,1064.7464599609375,3961704
2016-08-02 00:00:00+05:30,1062.6433541210906,1067.675685066028,1057.4931551565387,1061.188720703125,2578162
2016-08-03 00:00:00+05:30,1055.9995185752475,1061.110461889275,1041.4726642755904,1044.322998046875,2294702
2016-08-04 00:00:00+05:30,1049.7087684044473,1054.8000333091388,1036.4399777925933,1042.632080078125,1415416
2016-08-05 00:00:00+05:30,1051.2422165217079,1055.3310281607678,1034.7692938916277,1041.4921875,1868484
2016-08-08 00:00:00+05:30,1037.9143728474712,1048.9225555897929,1033.6094062932034,1041.6492919921875,2058244
2016-08-09 00:00:00+05:30,1044.9911451809494,1045.6988333247732,1013.8734073738931,1041.924560546875,2261914
2016-08-10 00:00:00+05:30,1042.239222779743,1054.4268560902567,1041.0597743948545,1051.83203125,2062078
2016-08-11 00:00:00+05:30,1047.9592696505847,1067.4004858217527,1047.9592696505847,1065.3953857421875,2233138
2016-08-12 00:00:00+05:30,1063.4691663967565,1079.116532293169,1062.30939482054,1076.6199951171875,2327358
2016-08-16 00:00:00+05:30,1076.4431951955896,1077.22949409639,1051.2226963459216,1058.2403564453125,3183754
2016-08-17 00:00:00+05:30,1061.1104127595531,1061.1104127595531,1029.265305892742,1031.8404541015625,1848566
2016-08-18 00:00:00+05:30,1035.9486607958677,1044.8141988924056,1034.0222671446197,1037.3443603515625,1292064
2016-08-19 00:00:00+05:30,1037.9145917604908,1040.4503866231544,1022.188613097453,1023.5646362304688,2416244
2016-08-22 00:00:00+05:30,1017.4705647554116,1020.0063589831908,997.1447616191384,1002.019775390625,2265274
2016-08-23 00:00:00+05:30,1000.5455974980185,1024.1345627042842,998.6781377525225,1022.601318359375,1503374
2016-08-24 00:00:00+05:30,1018.1781073185938,1022.9745097277989,1010.020259095361,1011.19970703125,1116878
2016-08-25 00:00:00+05:30,1014.3255041749524,1018.139034354365,993.0954354829186,1002.94384765625,1939690
2016-08-26 00:00:00+05:30,1006.3839748609009,1011.396630316295,989.6357700046716,992.6826782226562,1250314
2016-08-29 00:00:00+05:30,996.6139603629756,996.6139603629756,969.8011929540796,983.0896606445312,1488728
2016-08-30 00:00:00+05:30,986.8052451731809,1002.4526144726798,983.3651870475771,1000.2312622070312,1444026
2016-08-31 00:00:00+05:30,1002.5312734383697,1002.5312734383697,983.2080129732516,987.31640625,3231668
2016-09-01 00:00:00+05:30,992.6626590464193,996.6138288270558,977.7820151838799,985.8218994140625,1345736
2016-09-02 00:00:00+05:30,987.5913011458242,990.5005683369134,981.3205873595804,988.692138671875,1742330
2016-09-06 00:00:00+05:30,990.6975030547668,990.7957904413147,975.0108745552312,976.6031494140625,2239066
2016-09-07 00:00:00+05:30,982.7557297644088,982.7557297644088,952.6011840352411,959.5009765625,3854040
2016-09-08 00:00:00+05:30,927.8325746936125,927.8325746936125,898.2480826403522,912.9322509765625,7021516
2016-09-09 00:00:00+05:30,915.919927908455,930.4467757098386,912.1260754621065,924.8640747070312,2742438
2016-09-12 00:00:00+05:30,918.7900220943096,929.3853777779414,913.679080593571,927.458984375,2024454
2016-09-14 00:00:00+05:30,928.618583071092,934.7517501249944,908.1748208696962,915.4284057617188,2069858
2016-09-15 00:00:00+05:30,919.9498701494068,920.7951989044567,910.828823753799,914.8389282226562,2818964
2016-09-16 00:00:00+05:30,918.6725428961861,934.1233395527152,912.1069645464222,928.5012817382812,4358004
2016-09-19 00:00:00+05:30,929.7981094072377,954.1733663980406,923.9008698126887,948.0598754882812,2802546
2016-09-20 00:00:00+05:30,947.8833082378617,950.2028515609119,937.8186440911928,946.1141357421875,1184552
2016-09-21 00:00:00+05:30,946.5856670317561,952.9940206080026,943.8336215927065,948.8265991210938,1678020
2016-09-22 00:00:00+05:30,953.4856737231487,954.566834676757,932.1966700665057,934.9093627929688,2857574
2016-09-23 00:00:00+05:30,936.4820834425202,945.0724381765872,932.2163730904296,942.8118286132812,1800726
2016-09-26 00:00:00+05:30,943.9911499023438,951.0678397558106,941.5928999473915,943.9911499023438,1753476
2016-09-27 00:00:00+05:30,943.9914739896375,962.430150489073,943.9914739896375,957.751708984375,2038792
2016-09-28 00:00:00+05:30,955.7464299579248,958.3019016957801,949.5346486906926,952.6209106445312,1731328
2016-09-29 00:00:00+05:30,957.3187791937471,965.7714912071621,951.2643168892619,958.4196166992188,3603958
2016-09-30 00:00:00+05:30,958.1247863451714,963.1374413096336,952.6403712866849,955.6676025390625,2175364
2016-10-03 00:00:00+05:30,963.2160274066762,966.2235819150826,943.9910601919328,948.1583862304688,1818880
2016-10-04 00:00:00+05:30,951.4216204161521,953.4070442340179,942.7723329578234,945.5833129882812,1780718
2016-10-05 00:00:00+05:30,946.7037234679251,949.6129905369148,934.1622964217909,938.1920776367188,1176354
2016-10-06 00:00:00+05:30,941.5931098175448,944.5023779011347,932.845532910054,939.1359252929688,2267572
2016-10-07 00:00:00+05:30,938.8405839495534,938.8405839495534,927.1247149196029,930.8989868164062,1816512
2016-10-10 00:00:00+05:30,931.7243616296375,938.4078988254656,925.88615290468,935.8131713867188,1202142
2016-10-13 00:00:00+05:30,929.1298018356812,931.7245297426,912.4602131728425,915.6054077148438,5173334
2016-10-14 00:00:00+05:30,910.1406118528203,938.4473609039662,900.7050288357715,930.2698364257812,7741214
2016-10-17 00:00:00+05:30,931.3316931918346,934.0444819855724,921.6995316722092,928.7958984375,2728346
2016-10-18 00:00:00+05:30,934.1230708012913,949.7310843952868,925.7883218578951,943.6372680664062,2128632
2016-10-19 00:00:00+05:30,943.9514393756377,947.4897829634681,931.8817754450033,941.6318969726562,1985058
2016-10-20 00:00:00+05:30,942.3399789169266,947.2347668790024,938.0546878479245,944.0108642578125,1265854
2016-10-21 00:00:00+05:30,943.5586338619286,956.1000623101776,942.8706223580708,954.8223266601562,1259660
2016-10-24 00:00:00+05:30,957.2071119670943,959.8482622185206,947.0958075282446,957.010009765625,1253190
2016-10-25 00:00:00+05:30,948.0620397837918,951.8464423476621,938.6011296154712,945.47998046875,1772466
2016-10-26 00:00:00+05:30,945.5387846300114,947.1746945185654,935.2500105068344,944.6123657226562,1437130
2016-10-27 00:00:00+05:30,938.0882011462684,957.7195997178263,932.4905178565624,953.2257080078125,2941602
2016-10-28 00:00:00+05:30,950.0327155263446,952.0431966988826,941.3602177082618,945.5781860351562,1752102
2016-11-01 00:00:00+05:30,945.9726228130054,945.9726228130054,920.1324957649632,926.3806762695312,2934776
2016-11-02 00:00:00+05:30,922.8327439135973,924.0153574256608,904.6993367286226,908.2669067382812,2325076
2016-11-03 00:00:00+05:30,904.3050400575046,920.4674230750974,900.5600976509892,914.3375244140625,1463310
2016-11-04 00:00:00+05:30,914.5542588660531,920.9206217836168,904.3049438960026,918.713134765625,1183752
2016-11-07 00:00:00+05:30,921.6106374916983,924.3700689181569,890.9218757293818,897.6233520507812,2048052
2016-11-08 00:00:00+05:30,898.9633622676138,909.4295078414885,890.9019019166728,900.0474243164062,1933634
2016-11-09 00:00:00+05:30,859.3655770116609,896.8149943584993,844.7209223036042,855.3644409179688,4500226
2016-11-10 00:00:00+05:30,869.1420169754558,874.1483943940704,843.9129314100802,849.68798828125,2172426
2016-11-11 00:00:00+05:30,846.3765713376588,846.3765713376588,822.3891952408749,828.2825317382812,2398424
2016-11-15 00:00:00+05:30,834.4912120292964,850.515677792348,808.8679273752372,836.2257690429688,6290324
2016-11-16 00:00:00+05:30,845.6084063280101,870.7585852053413,842.8095149054445,863.1505126953125,4019958
2016-11-17 00:00:00+05:30,861.3367673367893,870.6400313294972,839.7146136510494,842.4937744140625,2504688
2016-11-18 00:00:00+05:30,844.3859548780446,847.5395905638636,829.485007014285,837.7239379882812,2140534
2016-11-21 00:00:00+05:30,838.1574335713216,843.5974739130426,829.8003189658666,840.798583984375,1793366
2016-11-22 00:00:00+05:30,840.4439124935964,858.3604860327772,836.5215973472498,841.6265258789062,1318860
2016-11-23 00:00:00+05:30,847.1452228497093,852.6443547688533,838.5515480136755,850.0426635742188,1275808
2016-11-24 00:00:00+05:30,849.4711376562157,870.2457893317406,842.4149164408625,862.6967163085938,3026234
2016-11-25 00:00:00+05:30,871.9803439396644,909.5283221314605,864.1750756814499,906.808349609375,4276148
2016-11-28 00:00:00+05:30,904.3052336855436,914.3377201902376,887.7091837076798,899.8113403320312,1924296
2016-11-29 00:00:00+05:30,896.8149925197265,903.5164671891047,887.9651231604854,890.8428344726562,1442296
2016-11-30 00:00:00+05:30,892.8733294406846,904.6009151143536,883.9249051665244,897.2293090820312,3445832
2016-12-01 00:00:00+05:30,897.6036361578157,902.7282945987695,888.5566622353215,892.2621459960938,1123052
2016-12-02 00:00:00+05:30,890.1139831252503,895.1598212326907,869.2999610829075,875.863525390625,1998032
2016-12-05 00:00:00+05:30,878.6817489582143,882.1704969559912,855.4236856165656,861.73095703125,2249526
2016-12-06 00:00:00+05:30,863.307678534711,868.8068109373887,855.3841312077986,860.2920532226562,1593444
2016-12-07 00:00:00+05:30,860.2329051292772,861.1198651145442,845.8247136759,849.3331909179688,2065706
2016-12-08 00:00:00+05:30,851.6785751910874,866.8554440385101,851.4814729982636,865.5742797851562,3239546
2016-12-09 00:00:00+05:30,869.2208127255403,875.0944205372253,856.7245509019679,865.3773193359375,1588718
2016-12-12 00:00:00+05:30,865.1998163579112,874.1876957183013,852.6640974795758,870.4821166992188,1311758
2016-12-13 00:00:00+05:30,874.3454412789272,874.3454412789272,860.5482859837232,867.3680419921875,2147534
2016-12-14 00:00:00+05:30,872.7689646363272,876.9869345125406,862.9138498594942,870.24609375,1870366
2016-12-15 00:00:00+05:30,868.0382842489264,895.6720574075156,868.0382842489264,890.626220703125,4295410
2016-12-16 00:00:00+05:30,897.603593749298,902.7282519481303,887.748481828467,899.830810546875,1987230
2016-12-19 00:00:00+05:30,898.7861136467245,905.7635129122974,891.4145099453416,902.2944946289062,1334210
2016-12-20 00:00:00+05:30,903.5164665245148,924.4092993019142,901.5651740322454,922.162353515625,2922760
2016-12-21 00:00:00+05:30,923.9364498061099,923.9364498061099,908.8778584018833,912.031494140625,2034902
2016-12-22 00:00:00+05:30,909.0356820676872,916.5255684333792,901.2304128172759,909.705810546875,1868300
2016-12-23 00:00:00+05:30,906.6704879547267,913.6676188943773,898.3133705314135,901.9794921875,1118954
2016-12-26 00:00:00+05:30,893.267397959955,907.3011166715696,893.267397959955,903.9503784179688,897408
2016-12-27 00:00:00+05:30,899.3774041821036,918.4963189762443,899.3774041821036,915.89453125,1294692
2016-12-28 00:00:00+05:30,917.1955757302925,926.3411007307486,907.912040660586,911.95263671875,1350418
2016-12-29 00:00:00+05:30,907.8528006512907,930.2829941812771,907.8528006512907,927.050537109375,1963516
2016-12-30 00:00:00+05:30,928.3121622698169,937.6548861515695,924.6657705516595,932.510498046875,1405748
2017-01-02 00:00:00+05:30,932.9240650512761,936.2748020688183,927.3262862171675,930.8544921875,823132
2017-01-03 00:00:00+05:30,930.8150324081023,934.9344486658945,923.7390834904643,933.574462890625,1475324
2017-01-04 00:00:00+05:30,934.1459945724914,941.6950653419822,929.6521036443739,938.0092163085938,1420066
2017-01-05 00:00:00+05:30,939.7834766237224,942.1289740222317,914.7120332978001,920.2308959960938,2216404
2017-01-06 00:00:00+05:30,914.9486098355694,918.2402557823929,889.7589817364558,899.3380737304688,3009896
2017-01-09 00:00:00+05:30,896.8150752891466,911.1247152991663,889.7193955725733,908.1287231445312,1854578
2017-01-10 00:00:00+05:30,908.2471759362459,918.4176713733821,903.319619643189,912.721435546875,1533914
2017-01-11 00:00:00+05:30,912.5834564679939,918.3388809102879,898.865120033944,916.2889404296875,1931296
2017-01-12 00:00:00+05:30,916.2889848972652,930.3227048741062,908.2472508601444,924.1534423828125,2570374
2017-01-13 00:00:00+05:30,925.5918505680967,929.5141647581469,882.170278187242,886.6838989257812,10235580
2017-01-16 00:00:00+05:30,886.9599771744114,896.3814246576484,878.2874796198172,890.3304443359375,3364808
2017-01-17 00:00:00+05:30,888.8917021015745,901.8610880940482,888.0639303837578,898.2935180664062,3009956
2017-01-18 00:00:00+05:30,897.9975918891405,905.8816796142427,893.0503075933777,904.738525390625,3136574
2017-01-19 00:00:00+05:30,904.6993766794659,904.7584688611449,899.9491929479792,903.12255859375,2251676
2017-01-20 00:00:00+05:30,901.5454793418165,906.6701366358452,892.872982382691,900.8950805664062,2037246
2017-01-23 00:00:00+05:30,895.4199555938602,914.5934071816315,893.3642646237009,911.9051513671875,2318546
2017-01-24 00:00:00+05:30,910.8379161584681,918.3491663351223,905.3033107651441,916.5109252929688,2282638
2017-01-25 00:00:00+05:30,918.1906618735813,932.9759196205641,916.3918966236921,930.2086181640625,4111648
2017-01-27 00:00:00+05:30,927.0658200164195,940.388381248441,927.0658200164195,932.1062622070312,2871658
2017-01-30 00:00:00+05:30,925.4650203054599,929.7938527632228,916.4317156957106,922.2628173828125,2577956
2017-01-31 00:00:00+05:30,917.1629147573906,921.9266466134992,869.7432393945443,881.5042724609375,4666804
2017-02-01 00:00:00+05:30,877.6300581842802,885.5168495391208,852.1511327802501,857.0333862304688,4864152
2017-02-02 00:00:00+05:30,857.8833140977987,877.2346402844602,851.1429385004249,872.7476196289062,6009482
2017-02-03 00:00:00+05:30,873.5581883757441,886.7226591047648,866.1655577791082,882.5914916992188,2153372
2017-02-06 00:00:00+05:30,892.6525526164858,892.8502170435488,875.6336261431952,885.8331298828125,2408910
2017-02-07 00:00:00+05:30,887.1176835856714,890.5175493215997,880.0017663376581,887.3549194335938,1814638
2017-02-08 00:00:00+05:30,887.4735168282026,902.3774886641688,887.1375452833186,897.7718505859375,2212584
2017-02-09 00:00:00+05:30,899.3732109954201,920.3256418449837,897.4756130492726,916.0956420898438,4033202
2017-02-10 00:00:00+05:30,913.6049368952545,958.4549738840691,913.6049368952545,947.978759765625,5782160
2017-02-13 00:00:00+05:30,947.2079170024011,960.2537689477598,941.8117168495173,954.4226684570312,3819812
2017-02-14 00:00:00+05:30,956.5571934261941,956.5571934261941,947.9983643973214,951.2598266601562,2033328
2017-02-15 00:00:00+05:30,947.6034097202098,959.8586060912263,938.9457450837989,954.2053833007812,1924972
2017-02-16 00:00:00+05:30,972.5087931518741,979.6247111505463,962.8628095822221,967.666015625,4175680
2017-02-17 00:00:00+05:30,977.2530981699033,978.6763208997919,949.5800735453511,951.9124755859375,2723324
2017-02-20 00:00:00+05:30,958.6721696854457,1010.064904555181,951.9911527587014,989.1915283203125,3973948
2017-02-21 00:00:00+05:30,993.8566712325538,998.5610456682547,970.5915311536552,974.6239624023438,5501112
2017-02-22 00:00:00+05:30,974.8413608276743,976.4622476994189,948.8484892542991,953.3355102539062,4505496
2017-02-23 00:00:00+05:30,954.7192691511141,985.6537547871699,954.7192691511141,981.1272583007812,4853352
2017-02-27 00:00:00+05:30,980.0598459702362,989.1128385399865,976.4821003725895,984.3096313476562,2139892
2017-02-28 00:00:00+05:30,984.1713165453347,984.3689809993506,968.5558246780759,974.9799194335938,2354828
2017-03-01 00:00:00+05:30,980.3756728678204,989.0729048741235,976.461957071305,980.2373657226562,1130374
2017-03-02 00:00:00+05:30,983.0642848909137,992.2754668947375,976.4820977905566,988.8953857421875,1544942
2017-03-03 00:00:00+05:30,985.1592832903387,988.2032954804893,978.59678717895,985.9697265625,1013970
2017-03-06 00:00:00+05:30,980.4157114983569,981.997027162064,970.3546098911908,977.4507446289062,1400694
2017-03-07 00:00:00+05:30,981.5620480097709,990.298854957247,978.4587741781919,988.2431640625,1511672
2017-03-08 00:00:00+05:30,989.1125633881768,996.2284811103939,985.2383222140296,993.1448974609375,1791510
2017-03-09 00:00:00+05:30,993.9164289137664,997.8104584136881,989.9236636735378,996.1303100585938,858468
2017-03-10 00:00:00+05:30,996.0706808174216,1007.9107614246451,993.8370147445219,1005.0248413085938,1171420
2017-03-14 00:00:00+05:30,1010.7767757083506,1022.7749478351872,1008.5036349271671,1015.0067749023438,3402294
2017-03-15 00:00:00+05:30,1016.785613889601,1016.8448745997928,985.8907085902222,987.64990234375,3022496
2017-03-16 00:00:00+05:30,990.694050644582,998.995956096911,990.694050644582,996.5844116210938,1571818
2017-03-17 00:00:00+05:30,1006.5073632213205,1006.5073632213205,992.1766908266728,998.501953125,2593152
2017-03-20 00:00:00+05:30,998.5806818172756,998.5806818172756,974.880741488549,980.4153442382812,3487540
2017-03-21 00:00:00+05:30,981.2061827360263,985.1594711435043,974.4855924433139,983.064208984375,3373700
2017-03-22 00:00:00+05:30,980.4748025599463,986.7408033994043,976.4424676184516,980.0004272460938,1888716
2017-03-23 00:00:00+05:30,981.2061695480091,982.4119417992497,967.4487067717287,972.6473388671875,2620638
2017-03-24 00:00:00+05:30,976.3833472954233,976.3833472954233,958.0005532426093,959.5422973632812,5099814
2017-03-27 00:00:00+05:30,959.4434626392512,964.6025241309073,951.1613414176078,953.5531005859375,2181270
2017-03-28 00:00:00+05:30,952.7427842651642,965.9467327934501,952.7427842651642,960.6295776367188,1153158
2017-03-29 00:00:00+05:30,963.0212143473908,968.8721014552979,958.9098323341836,966.4210815429688,1717764
2017-03-30 00:00:00+05:30,966.5395467706705,974.4856959198011,962.6258294380185,964.997802734375,2986086
2017-03-31 00:00:00+05:30,963.9698914775655,964.9385244352766,954.7192343965802,961.3607788085938,1867044
2017-04-03 00:00:00+05:30,962.6258553703902,962.6258553703902,952.0310217247468,953.4146728515625,1196888
2017-04-05 00:00:00+05:30,956.6561075430374,956.6561075430374,946.8124592039873,949.2832641601562,2905568
2017-04-06 00:00:00+05:30,948.7889300811089,952.7422172897802,945.8437504138091,948.8087158203125,1720704
2017-04-07 00:00:00+05:30,946.772961295975,961.9338602915716,945.6858070307735,960.2734985351562,2277012
2017-04-10 00:00:00+05:30,961.4397835173908,968.160374109412,950.7659043418276,957.5853271484375,2543264
2017-04-11 00:00:00+05:30,955.6285316842249,965.8280362062038,951.1612959867714,956.419189453125,1557784
2017-04-12 00:00:00+05:30,957.684343003883,959.8586521417659,942.0688501045421,946.1209716796875,1050538
2017-04-13 00:00:00+05:30,948.7893354581339,952.347295466102,917.5781389136275,920.5825805664062,2500472
2017-04-17 00:00:00+05:30,921.2742390333914,922.2625610785765,907.3388981962818,915.126953125,2270882
2017-04-18 00:00:00+05:30,921.1164894317291,922.7768517833265,910.0670641513747,912.7355346679688,1730620
2017-04-19 00:00:00+05:30,894.8270334372271,928.509038984444,890.5970331875906,908.9204711914062,5626812
2017-04-20 00:00:00+05:30,911.351474947678,921.9067342918526,905.6784682293921,919.3370971679688,1268842
2017-04-21 00:00:00+05:30,920.7605388294203,923.3498657971014,909.6517586249266,913.5260009765625,1161154
2017-04-24 00:00:00+05:30,909.2565744725878,924.931328552262,902.3383179276876,920.3653564453125,2000020
2017-04-25 00:00:00+05:30,920.3255996258517,926.8287401654015,910.3237600174722,913.8026733398438,3148710
2017-04-26 00:00:00+05:30,925.0691748473084,926.6307039375878,910.4617984194389,913.3477172851562,2187438
2017-04-27 00:00:00+05:30,911.6481922283518,920.2465954551348,900.4207940135308,910.3040161132812,5773186
2017-04-28 00:00:00+05:30,906.8844302361274,908.7622423737131,896.6058795882899,898.6417846679688,2540510
2017-05-02 00:00:00+05:30,906.884375649693,910.047006427896,901.3497717878379,905.2634887695312,2382696
2017-05-03 00:00:00+05:30,907.2798265090148,927.0462715309976,896.8036106473638,924.0022583007812,3514406
2017-05-04 00:00:00+05:30,929.0030427789695,929.0228285252969,912.7352986645311,921.1558227539062,2708208
2017-05-05 00:00:00+05:30,912.4191064947614,922.1046646009667,910.2447975321439,917.3607177734375,1682474
2017-05-08 00:00:00+05:30,917.558301036773,927.994944527539,916.2536964714681,926.0380859375,1071782
2017-05-09 00:00:00+05:30,926.6310171516243,933.3713931908786,922.1243069725367,930.0308837890625,1790270
2017-05-10 00:00:00+05:30,930.999586155752,931.4541757974297,915.5817586143191,922.0848999023438,1206388
2017-05-11 00:00:00+05:30,927.9554404549759,932.9760976092829,918.2500977635432,928.8053588867188,2071302
2017-05-12 00:00:00+05:30,926.3744979530596,936.8901918175671,917.183098376134,933.2333984375,2314446
2017-05-15 00:00:00+05:30,938.945843276303,940.0724728929171,925.7023232323286,934.9925537109375,1817604
2017-05-16 00:00:00+05:30,940.8826149033378,962.6257005418603,938.2931917650391,960.31298828125,3601026
2017-05-17 00:00:00+05:30,962.0329229637846,972.8056359906033,957.8819693204233,970.6708984375,2876198
2017-05-18 00:00:00+05:30,968.5556095694425,1016.7857256377984,965.4918112126412,1002.6329345703125,5138594
2017-05-19 00:00:00+05:30,1002.6331891935064,1004.352908604578,982.7876966811518,991.1488647460938,1786044
2017-05-22 00:00:00+05:30,992.2756914994682,1009.5713335325764,992.2756914994682,1000.7160034179688,1663940
2017-05-23 00:00:00+05:30,1001.446977366271,1013.6823854067494,993.8566830992277,996.9006958007812,2748596
2017-05-24 00:00:00+05:30,1002.0794293798663,1015.9949833900608,1000.0434282157227,1011.7056274414062,2534548
2017-05-25 00:00:00+05:30,1018.762507206734,1042.699689804961,1015.2045473445452,1037.5802001953125,4094094
2017-05-26 00:00:00+05:30,1037.7380288237919,1038.469425659955,1013.8798987738413,1019.2564086914062,1362550
2017-05-29 00:00:00+05:30,1019.5533657927384,1026.4716224431352,1013.6234315209699,1017.1221313476562,1749290
2017-05-30 00:00:00+05:30,1012.0420705451635,1018.3475477362098,998.2055578619288,1008.523681640625,927634
2017-05-31 00:00:00+05:30,1001.3682386058924,1016.9837322596361,999.3915938395958,1006.7447509765625,2502730
2017-06-01 00:00:00+05:30,1000.1820408839924,1013.6232224610895,1000.1820408839924,1009.5118408203125,1080064
2017-06-02 00:00:00+05:30,1010.5596910239362,1024.6334411219007,1009.0772073696223,1013.979248046875,1355648
2017-06-05 00:00:00+05:30,1014.0187055254005,1035.7222251776734,1012.101321608417,1029.416748046875,1500188
2017-06-06 00:00:00+05:30,1040.1103830309225,1070.926252879125,1039.7150541130088,1065.8067626953125,5946720
2017-06-07 00:00:00+05:30,1066.2017971046475,1067.387783530793,1018.5844613980773,1033.8836669921875,4927776
2017-06-08 00:00:00+05:30,1027.0641639800808,1029.8116796806366,994.4495398352168,996.861083984375,3330714
2017-06-09 00:00:00+05:30,996.2286301480854,1007.0606012505081,982.7874502175159,991.08935546875,3148034
2017-06-12 00:00:00+05:30,987.1360826344179,993.4217723876735,976.6202972126783,983.2618408203125,1626506
2017-06-13 00:00:00+05:30,985.3805679034182,991.8165611577047,978.1850911398232,980.0039672851562,1175414
2017-06-14 00:00:00+05:30,981.3830070778249,989.7777293379611,981.3830070778249,987.4591674804688,1489142
2017-06-15 00:00:00+05:30,986.9797672705549,987.2595719059207,961.3958445871546,963.874267578125,2997198
2017-06-16 00:00:00+05:30,965.3733911709905,973.3883745129676,954.0005567865286,959.2772216796875,2450426
2017-06-19 00:00:00+05:30,966.1525476609819,977.9252243873507,961.455500661225,972.06884765625,1644742
2017-06-20 00:00:00+05:30,971.7890166674655,978.9844927267063,951.5217786195819,977.385498046875,1670958
2017-06-21 00:00:00+05:30,975.3869800800613,976.2464008811012,958.2777135334449,961.9154663085938,1657818
2017-06-22 00:00:00+05:30,962.9947235563862,971.7891959176318,953.4007537077547,957.3383178710938,5775882
2017-06-23 00:00:00+05:30,959.1573033594156,964.9736683530542,941.0087455211509,944.0867919921875,1424756
2017-06-27 00:00:00+05:30,939.6491994447513,953.2805696166018,932.0539752263692,936.5511474609375,1974330
2017-06-28 00:00:00+05:30,939.369544560499,942.6075484595834,933.4133272489938,939.4295654296875,1789726
2017-06-29 00:00:00+05:30,943.0072751447317,948.2240157067987,928.6563344549727,932.7137451171875,2471826
2017-06-30 00:00:00+05:30,929.1761336399825,950.2029609600311,928.6565382412731,944.3466796875,1753848
2017-07-03 00:00:00+05:30,942.3673173118973,952.6209275318289,936.6509903670943,948.8433227539062,1475956
2017-07-04 00:00:00+05:30,948.7233172987312,951.581480586291,939.4291628836218,946.1449584960938,1215134
2017-07-05 00:00:00+05:30,943.7267967715404,945.4057218749172,937.4107474827402,941.8079833984375,815856
2017-07-06 00:00:00+05:30,943.0072180105901,944.1664502453006,935.4520063404537,938.4301147460938,1026788
2017-07-07 00:00:00+05:30,939.4095148522242,941.9878746399653,929.6156709739776,932.1940307617188,1232090
2017-07-10 00:00:00+05:30,961.7951561404134,977.3453380392305,950.9819367155371,973.3678588867188,783608
2017-07-11 00:00:00+05:30,969.7906099245656,1005.2883236567827,969.7906099245656,989.6981201171875,3537504
2017-07-12 00:00:00+05:30,992.3761319320171,992.6959504058988,971.4293394238575,975.1669311523438,2646450
2017-07-13 00:00:00+05:30,977.3858252829662,988.1790429854775,970.0304863310757,977.9454345703125,3131960
2017-07-14 00:00:00+05:30,952.6013959076188,969.3908456046897,949.4034054891291,958.3777465820312,4508432
2017-07-17 00:00:00+05:30,958.4774375037799,968.2313643308753,952.2813326600327,957.5780029296875,2211822
2017-07-18 00:00:00+05:30,957.857850849538,976.5861173111697,957.857850849538,962.73486328125,1908002
2017-07-19 00:00:00+05:30,965.5931976973881,983.3820187686089,965.4333372201088,979.2246704101562,3915576
2017-07-20 00:00:00+05:30,979.0846845458292,982.1427236284205,971.5893950346588,977.2658081054688,1182504
2017-07-21 00:00:00+05:30,973.3483697995827,999.37205720723,973.2085162685302,995.854248046875,2148416
2017-07-24 00:00:00+05:30,994.9719107556841,1018.2226645122633,994.9719107556841,1014.4945068359375,2271402
2017-07-25 00:00:00+05:30,1012.5106652734717,1034.258147641515,1009.5641930304727,1030.8507080078125,2678832
2017-07-26 00:00:00+05:30,1026.2404636150236,1032.2535913315178,1021.0290862607285,1024.636962890625,1459826
2017-07-27 00:00:00+05:30,1019.105127536555,1036.182453785039,988.758888107999,994.8521728515625,4255304
2017-07-28 00:00:00+05:30,994.5711965022923,999.4017613877818,978.9370664484474,995.8941040039062,1382752
2017-07-31 00:00:00+05:30,990.5624732949764,1009.8044800607225,987.355472167352,998.9006958007812,2019662
2017-08-01 00:00:00+05:30,1002.1878383387215,1010.5059973969328,998.579962120702,1002.8492431640625,1747460
2017-08-02 00:00:00+05:30,1002.1880306157746,1005.3950323137451,986.9547725504149,991.6851196289062,1251024
2017-08-03 00:00:00+05:30,994.1701851769583,1002.989436819657,988.7383083412269,997.9584350585938,1882548
2017-08-04 00:00:00+05:30,998.4999961644337,1013.5328165924656,997.3775259984891,1011.3280029296875,1387890
2017-08-07 00:00:00+05:30,1008.8021793241182,1010.2052421604523,994.6512688579708,1003.5707397460938,1885520
2017-08-08 00:00:00+05:30,1006.9980290647358,1013.652593404754,1000.7043109570564,1003.4102172851562,1073958
2017-08-09 00:00:00+05:30,1002.187911112597,1011.3479477681313,999.5020670847979,1006.9984130859375,992946
2017-08-10 00:00:00+05:30,1005.7957685061358,1010.4459594734192,996.7159853517232,1006.7778930664062,1526172
2017-08-11 00:00:00+05:30,1002.1476194891593,1016.2183745930215,995.3728694731647,1000.6043090820312,1394736
2017-08-14 00:00:00+05:30,1003.3901548811024,1006.156153315525,987.3551544035778,989.9207153320312,786504
2017-08-16 00:00:00+05:30,995.773990842682,1019.7463472332494,988.2375175537854,999.121337890625,1373340
2017-08-17 00:00:00+05:30,1002.4684320642406,1004.1922147213762,986.9947105513559,996.4352416992188,1752374
2017-08-18 00:00:00+05:30,991.7650601052297,1022.1914429710059,990.7227456313694,1007.7199096679688,2837356
2017-08-21 00:00:00+05:30,1004.3929246357754,1021.8309977635569,999.9031414734137,1013.7333374023438,2304834
2017-08-22 00:00:00+05:30,1011.4081258098146,1018.0225665850273,998.9809946563844,1001.2058715820312,1131326
2017-08-23 00:00:00+05:30,1004.1920620436615,1008.9224074987236,991.424151767525,997.9584350585938,1562272
2017-08-24 00:00:00+05:30,1001.2656719343167,1009.3833923383056,996.6355451669518,1000.8247680664062,1623908
2017-08-28 00:00:00+05:30,1004.032084496307,1004.3527063665736,986.5538862901295,997.096923828125,2036796
2017-08-29 00:00:00+05:30,994.972099041144,1000.5843510099498,987.7362831788093,990.5023803710938,1312602
2017-08-30 00:00:00+05:30,994.5713802889478,998.1792571219186,986.1931276803514,995.9945068359375,970782
2017-08-31 00:00:00+05:30,996.1746377768324,1003.9515756803298,988.8185404384484,1000.724609375,1784664
2017-09-01 00:00:00+05:30,994.1703040037592,1001.4061195403477,976.7522995015448,984.7296752929688,1702330
2017-09-04 00:00:00+05:30,983.3869842839172,986.5538591902368,977.3337296650944,984.629638671875,1062544
2017-09-05 00:00:00+05:30,986.1526545372212,998.1789064218215,976.9525914194796,995.9140014648438,1165994
2017-09-06 00:00:00+05:30,989.419943688449,992.1058854387861,982.1440990009561,983.4268798828125,1228764
2017-09-07 00:00:00+05:30,985.3512991523902,989.5203623279281,982.5652359236461,986.1931762695312,870636
2017-09-08 00:00:00+05:30,983.647436002272,991.7651580925608,983.1664053783117,990.4022216796875,1021134
2017-09-11 00:00:00+05:30,990.6428215388014,995.3531053616709,982.1442864706731,983.9281616210938,732764
2017-09-12 00:00:00+05:30,991.724925620911,1000.9851800913027,984.9501752039771,997.5576782226562,1396460
2017-09-13 00:00:00+05:30,1002.1876244082958,1014.8752805853508,992.2459036001885,997.858154296875,1278980
2017-09-14 00:00:00+05:30,994.9716821117107,1001.2253708329621,990.9228057400219,996.9559936523438,1081510
2017-09-15 00:00:00+05:30,1001.7872133365535,1009.0029675742717,996.1749600405503,1004.6134033203125,2944072
2017-09-18 00:00:00+05:30,1004.1723144777045,1009.78456728783,997.878593400334,1001.8071899414062,726600
2017-09-19 00:00:00+05:30,1004.1923577461255,1004.1923577461255,998.7805426444996,1001.4864501953125,782754
2017-09-20 00:00:00+05:30,1007.8002340706946,1007.8002340706946,991.8855085004437,999.6023559570312,1334642
2017-09-21 00:00:00+05:30,998.6000517329279,1018.6237456959444,994.1703617969075,1012.1696166992188,2438740
2017-09-22 00:00:00+05:30,1010.1654747150719,1012.9716013855912,998.9810947048322,1003.6312866210938,2435396
2017-09-25 00:00:00+05:30,1000.8049067184411,1015.81766198316,999.2815615266464,1006.497314453125,1599558
2017-09-26 00:00:00+05:30,1006.1965483300096,1012.7708611312966,988.5580431003201,992.0255737304688,1449230
2017-09-27 00:00:00+05:30,998.1790959849386,1007.0785044956423,991.6648749770048,1000.1834716796875,2010356
2017-09-28 00:00:00+05:30,1000.0631634778119,1007.8000730317101,982.9458150651366,992.7471923828125,4332866
2017-09-29 00:00:00+05:30,993.7692257175562,995.7736009206977,970.718910881429,976.5115356445312,1985014
2017-10-03 00:00:00+05:30,978.1354514091395,983.8679861286766,972.9441373373246,981.5228271484375,1923006
2017-10-04 00:00:00+05:30,981.9839647927917,983.7477765889907,972.1223953660565,979.0575561523438,1300778
2017-10-05 00:00:00+05:30,978.5364301438899,979.5185548770949,971.881862220667,973.9664916992188,1684686
2017-10-06 00:00:00+05:30,974.1260697773323,984.1479429231896,973.3443832459265,980.8005981445312,1389188
2017-10-09 00:00:00+05:30,978.5566438417708,989.340149968492,978.5566438417708,983.7880859375,1773616
2017-10-10 00:00:00+05:30,984.1487581812053,990.1418237130465,982.6454759640242,985.8524780273438,1222010
2017-10-11 00:00:00+05:30,986.1533755917385,1007.9810191482221,984.8505306849607,1002.3287353515625,1527746
2017-10-12 00:00:00+05:30,1007.399284636913,1024.2360414832124,1004.9940336588702,1021.5100708007812,5006356
2017-10-13 00:00:00+05:30,1021.5096742092276,1045.8628309070257,1011.4076435974491,1025.6788330078125,4066320
2017-10-16 00:00:00+05:30,1024.2558598763026,1038.2664238989535,1024.2558598763026,1036.021484375,1218590
2017-10-17 00:00:00+05:30,1036.2625640133404,1048.268758672312,1033.2760628515837,1040.0909423828125,1443016
2017-10-18 00:00:00+05:30,1040.27063118457,1047.7469108310684,1034.257506148821,1036.9033203125,1514144
2017-10-19 00:00:00+05:30,1039.0684170136326,1040.5917621989777,1030.65003863505,1035.8212890625,86822
2017-10-23 00:00:00+05:30,1035.8611869127262,1053.9005651677853,1021.2091834449168,1037.424560546875,1886088
2017-10-24 00:00:00+05:30,1050.2926525069392,1050.653400911372,1029.8680878651805,1033.6162109375,1339020
2017-10-25 00:00:00+05:30,1036.4705118570196,1050.7403211146982,1027.0243000948942,1028.993896484375,1105106
2017-10-26 00:00:00+05:30,1019.024852868739,1032.7117274990417,1012.110953684309,1020.5322265625,3007552
2017-10-27 00:00:00+05:30,1020.1904546241658,1042.3588564935703,1017.0953337862545,1038.801513671875,1409270
2017-10-30 00:00:00+05:30,1039.4852663155082,1053.1521259654412,1037.7567909089832,1051.6246337890625,1137252
2017-10-31 00:00:00+05:30,1045.6352695746052,1061.191350425162,1045.6352695746052,1054.7598876953125,1592634
2017-11-01 00:00:00+05:30,1054.760097151616,1055.905740932408,1036.6113489113418,1046.258544921875,741882
2017-11-02 00:00:00+05:30,1048.52923447318,1074.8580306617916,1047.825793353637,1055.6239013671875,1468422
2017-11-03 00:00:00+05:30,1058.1363692199907,1059.8648444605535,1046.238222019567,1053.1922607421875,666886
2017-11-06 00:00:00+05:30,1053.1521988317922,1073.974082542836,1049.8359753049365,1071.4617919921875,1377000
2017-11-07 00:00:00+05:30,1073.2501057397662,1112.6428062500647,1071.6623583566645,1089.348876953125,2696892
2017-11-08 00:00:00+05:30,1094.5544551870287,1109.0252448993801,1092.64511487776,1099.3780517578125,1402252
2017-11-09 00:00:00+05:30,1105.4079461156175,1105.4079461156175,1093.0675933989805,1099.941162109375,1152432
2017-11-10 00:00:00+05:30,1094.233089473735,1095.7605816653206,1082.6364158606607,1088.82666015625,1356566
2017-11-13 00:00:00+05:30,1086.1333986872844,1116.421509940075,1086.1333986872844,1109.0052490234375,1496996
2017-11-14 00:00:00+05:30,1108.040696506363,1108.040696506363,1088.3242214544075,1091.17822265625,1657252
2017-11-15 00:00:00+05:30,1087.721054112077,1107.4174072722735,1085.8519496483436,1087.439697265625,6670834
2017-11-16 00:00:00+05:30,1089.3290050254757,1110.6332254189629,1080.0636593591548,1104.06103515625,1653482
2017-11-17 00:00:00+05:30,1104.6441488807395,1104.6441488807395,1086.7566401007223,1088.243896484375,1325464
2017-11-20 00:00:00+05:30,1091.338776471145,1096.1221373786789,1083.420058014992,1086.696044921875,1014498
2017-11-21 00:00:00+05:30,1085.7114586483526,1085.7114586483526,1071.6426318980039,1074.436279296875,1527740
2017-11-22 00:00:00+05:30,1074.4560026819813,1089.2081474013066,1074.214783628875,1077.531005859375,1822624
2017-11-23 00:00:00+05:30,1077.67184727382,1082.4954437554634,1072.8482507921767,1077.7723388671875,793470
2017-11-24 00:00:00+05:30,1078.0738211011137,1086.474879110199,1074.4963596070222,1080.5057373046875,2287512
2017-11-27 00:00:00+05:30,1080.4856484386034,1083.6611436419103,1070.114896024986,1079.6214599609375,1856786
2017-11-28 00:00:00+05:30,1079.6816253748414,1086.2738343169442,1073.2501637195928,1079.4002685546875,911716
2017-11-29 00:00:00+05:30,1076.2649045508074,1082.4953829898504,1065.2108299008926,1068.48681640625,1447532
2017-11-30 00:00:00+05:30,1066.6780525823413,1072.0242251014456,1054.3578222026688,1059.9853515625,4299962
2017-12-01 00:00:00+05:30,1059.181316852754,1072.446206209923,1053.7547712066391,1057.1513671875,1031144
2017-12-04 00:00:00+05:30,1053.9560629435473,1068.6278388006945,1046.2985822182334,1058.116455078125,1259104
2017-12-05 00:00:00+05:30,1057.5736211040949,1065.8943061354585,1056.4279775849689,1059.402587890625,1167914
2017-12-06 00:00:00+05:30,1059.5834586269586,1063.201156323333,1050.2779754735948,1058.4981689453125,1407518
2017-12-07 00:00:00+05:30,1058.096490756319,1063.5832945025404,1051.1424503295443,1052.046875,1326300
2017-12-08 00:00:00+05:30,1052.3480216867072,1063.2011143473417,1043.9067273951025,1045.715576171875,1385548
2017-12-11 00:00:00+05:30,1048.4692431121805,1074.315607683233,1048.4692431121805,1069.6729736328125,1008002
2017-12-12 00:00:00+05:30,1069.6324328936873,1070.0343992344967,1048.0869977717805,1049.996337890625,1882246
2017-12-13 00:00:00+05:30,1049.695013609477,1065.793787493924,1045.5146023203206,1056.5284423828125,2961458
2017-12-14 00:00:00+05:30,1057.9757961176697,1057.9757961176697,1017.4174167444463,1028.14990234375,5504150
2017-12-15 00:00:00+05:30,1030.5413171199675,1038.8620016426328,1019.7284606434287,1023.2456665039062,2718138
2017-12-18 00:00:00+05:30,1019.7886336337132,1040.670765964381,1002.644807998812,1037.274169921875,2180664
2017-12-19 00:00:00+05:30,1035.465316778451,1044.2282028287618,1030.9230773997917,1035.1839599609375,1801952
2017-12-20 00:00:00+05:30,1037.8771298239335,1042.1982681452375,1025.2754453254172,1040.6707763671875,1577570
2017-12-21 00:00:00+05:30,1039.8867022692937,1048.3279936290367,1037.0930564227324,1043.3837890625,1293648
2017-12-22 00:00:00+05:30,1046.7205979695027,1070.7983481997503,1041.1734415327196,1063.9046630859375,3665664
2017-12-26 00:00:00+05:30,1079.6816360854677,1081.1890099258699,1057.8147054952258,1064.98974609375,2175786
2017-12-27 00:00:00+05:30,1064.9900675515032,1068.6278838116466,1049.3334928306579,1053.1119384765625,739284
2017-12-28 00:00:00+05:30,1048.6501485911797,1066.6180302076573,1047.3838953264237,1055.94580078125,2605088
2017-12-29 00:00:00+05:30,1054.397753224411,1088.8863803913368,1052.5687870840327,1085.791259765625,2609542
2018-01-01 00:00:00+05:30,1078.1947780880776,1083.2193594103608,1059.1817427372873,1063.442626953125,1351760
2018-01-02 00:00:00+05:30,1069.2305821583045,1073.0894987018266,1053.2323004370921,1057.6539306640625,1920290
2018-01-03 00:00:00+05:30,1057.9756441347124,1072.84840204998,1057.6540513633315,1060.648681640625,1257120
2018-01-04 00:00:00+05:30,1065.2110625073851,1070.0346597715693,1061.1913981205646,1068.0650634765625,913082
2018-01-05 00:00:00+05:30,1065.2108341171913,1085.1081685657955,1065.2108341171913,1080.9678955078125,1153706
2018-01-08 00:00:00+05:30,1085.309378817508,1096.1022168947281,1078.0137272477698,1091.09765625,1242220
2018-01-09 00:00:00+05:30,1091.3386780663845,1093.7504762499568,1075.8830910005904,1088.9268798828125,2149396
2018-01-10 00:00:00+05:30,1089.7310264309663,1131.9375029249727,1083.1588358366498,1128.1590576171875,3365850
2018-01-11 00:00:00+05:30,1129.5256007757905,1134.3089617523021,1118.3509150625578,1121.687255859375,2520744
2018-01-12 00:00:00+05:30,1127.5154404309558,1127.5154404309558,1101.608732737084,1115.9991455078125,3360314
2018-01-15 00:00:00+05:30,1116.3209439806606,1128.7216466249279,1099.3982174910507,1103.8399658203125,1457214
2018-01-16 00:00:00+05:30,1107.8194894923236,1150.2872038897715,1105.6287920594552,1145.946044921875,4267752
2018-01-17 00:00:00+05:30,1153.64349899042,1175.7516496679368,1150.4880236846457,1161.2607421875,4280806
2018-01-18 00:00:00+05:30,1164.4967638106318,1178.9675554907087,1152.859855128504,1173.0184326171875,2209478
2018-01-19 00:00:00+05:30,1177.9828923641137,1198.6640482166383,1167.1699351264942,1189.5394287109375,1820000
2018-01-22 00:00:00+05:30,1193.0445565272053,1263.031649136002,1177.3306971200586,1255.658203125,4367110
2018-01-23 00:00:00+05:30,1255.0738660764937,1266.1139175438598,1245.0412115589659,1249.8560791015625,3239610
2018-01-24 00:00:00+05:30,1245.0214851587637,1313.1350588992666,1242.059986938684,1279.1085205078125,5621538
2018-01-25 00:00:00+05:30,1279.2689740414855,1281.2030066524162,1241.3945540226196,1257.531494140625,3833844
2018-01-29 00:00:00+05:30,1261.7019109839762,1299.4152103913075,1257.914507547802,1288.87890625,3141060
2018-01-30 00:00:00+05:30,1281.284074258828,1290.8735785135636,1266.6580760015029,1270.3448486328125,1574758
2018-01-31 00:00:00+05:30,1263.9587842536969,1269.1967390497755,1248.4867109728978,1254.02685546875,3043214
2018-02-01 00:00:00+05:30,1258.7204855182592,1285.3131718320253,1244.537739158054,1264.6031494140625,2400630
2018-02-02 00:00:00+05:30,1257.1087908897723,1285.3131547879402,1250.4404537514738,1270.6669921875,2456490
2018-02-05 00:00:00+05:30,1253.079593841633,1284.5073135585612,1239.7228523095441,1250.3397216796875,2757742
2018-02-06 00:00:00+05:30,1212.7874913169103,1239.8434918503494,1202.7145055086303,1207.6502685546875,2657306
2018-02-07 00:00:00+05:30,1219.6372534107852,1221.248931314202,1187.5849894327778,1190.647216796875,2180324
2018-02-08 00:00:00+05:30,1200.5991374859293,1219.878871012135,1192.2385595505882,1198.3629150390625,2755004
2018-02-09 00:00:00+05:30,1188.6128651932459,1206.3413282673146,1167.1170643683188,1197.356201171875,2102458
2018-02-12 00:00:00+05:30,1200.0153671942778,1218.1669133784421,1190.848947036439,1195.583251953125,1974562
2018-02-14 00:00:00+05:30,1196.6705920221405,1198.463563639419,1165.444339200014,1173.220703125,2847532
2018-02-15 00:00:00+05:30,1181.3395854022488,1185.7918647107938,1170.5212578903547,1178.8818359375,2465236
2018-02-16 00:00:00+05:30,1177.7335986787832,1208.597269110477,1177.7335986787832,1181.782958984375,2515756
2018-02-19 00:00:00+05:30,1186.5979016316069,1189.9421530825043,1166.5324912952385,1177.9754638671875,1568224
2018-02-20 00:00:00+05:30,1179.7484121635962,1202.734991575767,1179.7080808620176,1186.497314453125,1889068
2018-02-21 00:00:00+05:30,1198.2825807115348,1233.9812873930496,1192.6618734179792,1225.802001953125,3089228
2018-02-22 00:00:00+05:30,1229.7098936665188,1240.5887164479723,1217.8237724793753,1228.984619140625,3463010
2018-02-23 00:00:00+05:30,1228.9044620234652,1244.6183223575358,1205.5754625674135,1239.2998046875,3362500
2018-02-26 00:00:00+05:30,1238.9778110014759,1245.001439547007,1217.3007161303074,1221.5313720703125,1363882
2018-02-27 00:00:00+05:30,1225.2781628983298,1240.4078093451787,1221.6518875066545,1225.8221435546875,1717800
2018-02-28 00:00:00+05:30,1222.8605716577117,1234.5250704516168,1217.400993253774,1222.8807373046875,2706864
2018-03-01 00:00:00+05:30,1228.501618656308,1233.4172171352113,1216.8169525556084,1223.9486083984375,1718124
2018-03-05 00:00:00+05:30,1228.501699241021,1254.5504086162466,1222.0348208355592,1251.40771484375,2858168
2018-03-06 00:00:00+05:30,1257.914871724676,1259.9294695333317,1220.9066706320557,1226.003662109375,1906764
2018-03-07 00:00:00+05:30,1236.9628476742953,1244.6183180670678,1216.212493714938,1219.818603515625,1917772
2018-03-08 00:00:00+05:30,1230.8788279543041,1230.8788279543041,1203.7220910879141,1210.35009765625,1951826
2018-03-09 00:00:00+05:30,1210.7726878336202,1234.2225751255194,1199.5715098497485,1222.4976806640625,1872436
2018-03-12 00:00:00+05:30,1226.083590940236,1242.5629531271338,1223.0616957933244,1229.770263671875,2091340
2018-03-13 00:00:00+05:30,1178.4991220511822,1184.4623498991791,1157.184721370753,1163.14794921875,88067154
2018-03-14 00:00:00+05:30,1165.6259150019807,1177.753830957804,1158.4136955028403,1163.188232421875,3668668
2018-03-15 00:00:00+05:30,1166.4520626977842,1169.4941248839793,1150.5770722456396,1156.2581787109375,2348906
2018-03-16 00:00:00+05:30,1155.895285806267,1157.1846083144326,1130.1890063795206,1138.5294189453125,7197482
2018-03-19 00:00:00+05:30,1139.8592001087293,1147.5146701695514,1136.232924816761,1140.6650390625,3489940
2018-03-20 00:00:00+05:30,1136.2330965315218,1157.66839626746,1135.8301769937448,1154.3040771484375,4024984
2018-03-21 00:00:00+05:30,1157.3863880801432,1162.1408583646873,1148.320698356278,1151.0404052734375,3907678
2018-03-22 00:00:00+05:30,1152.329837494425,1158.7765507987456,1137.2606844931909,1140.806396484375,2326094
2018-03-23 00:00:00+05:30,1128.980316884259,1141.9140707828917,1127.388804705208,1135.4874267578125,3654122
2018-03-26 00:00:00+05:30,1135.8297645641974,1139.214248104979,1120.740453027308,1135.02392578125,2964210
2018-03-27 00:00:00+05:30,1138.2473039894192,1153.5582411758255,1137.4616308339157,1147.3935546875,2494574
2018-03-28 00:00:00+05:30,1142.638858082582,1158.3930428124206,1138.2470768504654,1147.9775390625,6865654
2018-04-02 00:00:00+05:30,1144.2913120957455,1174.1073533264093,1144.2913120957455,1172.3546142578125,1662988
2018-04-03 00:00:00+05:30,1165.2830355327494,1180.5133075362983,1165.2830355327494,1172.9989013671875,1937290
2018-04-04 00:00:00+05:30,1180.3323295555824,1182.1656326747377,1165.2430162560809,1172.858154296875,2841820
2018-04-05 00:00:00+05:30,1179.1641620910016,1194.152748830181,1176.6660806959758,1191.8157958984375,1809424
2018-04-06 00:00:00+05:30,1190.224058662598,1192.641575369428,1179.1639394026524,1188.7332763671875,1129018
2018-04-09 00:00:00+05:30,1184.4623386650962,1194.0518416632056,1174.5102474939242,1178.09619140625,1235866
2018-04-10 00:00:00+05:30,1178.8215320560664,1191.5336616376105,1178.8215320560664,1183.6163330078125,1184532
2018-04-11 00:00:00+05:30,1188.8542624220727,1218.831432522288,1186.8396650129448,1214.459716796875,3124416
2018-04-12 00:00:00+05:30,1212.7877639681801,1269.1964971760024,1211.9617592724035,1264.8651123046875,6114360
2018-04-13 00:00:00+05:30,1269.1962250918768,1305.7813296032466,1261.9840065254639,1270.52587890625,8179118
2018-04-16 00:00:00+05:30,1255.4975475264873,1289.3226302643748,1253.3822195019322,1284.36669921875,6270274
2018-04-17 00:00:00+05:30,1284.366018443321,1287.3073498112756,1268.0679479762196,1275.8846435546875,3301724
2018-04-18 00:00:00+05:30,1275.6432646602998,1286.7033863683405,1267.5244752704175,1272.8631591796875,2433066
2018-04-19 00:00:00+05:30,1281.2432800821325,1296.2721924301427,1275.5420102785183,1285.776123046875,4820952
2018-04-20 00:00:00+05:30,1309.4886263954877,1378.9318548997987,1305.459430621963,1370.9136962890625,18465662
2018-04-23 00:00:00+05:30,1379.5962300070978,1433.5471063131013,1365.715674294292,1373.411376953125,15185910
2018-04-24 00:00:00+05:30,1373.9554157158307,1387.3121570224719,1346.7583510352388,1364.144287109375,8314336
2018-04-25 00:00:00+05:30,1363.8825566984547,1403.3686691228118,1355.8443320573008,1398.2314453125,8196574
2018-04-26 00:00:00+05:30,1396.9216639529584,1434.3931709467931,1396.9216639529584,1426.0325927734375,12135034
2018-04-27 00:00:00+05:30,1420.2909491896528,1427.9464181356395,1377.9844102776206,1390.857666015625,4501330
2018-04-30 00:00:00+05:30,1390.8576826219416,1429.9610322998847,1385.075847922997,1423.1517333984375,3458558
2018-05-02 00:00:00+05:30,1422.5069592024429,1423.1919025170716,1398.6541501027582,1410.1171875,3158046
2018-05-03 00:00:00+05:30,1414.166730521867,1420.6940060545555,1398.2916448871472,1402.9051513671875,3761550
2018-05-04 00:00:00+05:30,1406.9950029290562,1409.0096005850255,1398.1307732427906,1402.462158203125,2347244
2018-05-07 00:00:00+05:30,1406.189042542965,1406.189042542965,1374.3180710276933,1378.367431640625,3484426
2018-05-08 00:00:00+05:30,1383.9071471292636,1404.7783902695642,1368.5962109955353,1386.526123046875,2992820
2018-05-09 00:00:00+05:30,1386.123355603004,1408.1026294252106,1386.123355603004,1405.90673828125,2615050
2018-05-10 00:00:00+05:30,1411.4070940587626,1414.711014873003,1386.1238909337626,1390.576171875,3858678
2018-05-11 00:00:00+05:30,1391.7645299586134,1404.174470345948,1387.0503914392903,1392.87255859375,2627876
2018-05-14 00:00:00+05:30,1392.8924102845165,1398.533282064668,1374.2775530838164,1383.4439697265625,2433894
2018-05-15 00:00:00+05:30,1390.0722785687797,1408.52601138996,1383.5046710281147,1403.1268310546875,1952890
2018-05-16 00:00:00+05:30,1402.1395471451533,1413.8443770651052,1400.2458453677705,1407.76025390625,1648450
2018-05-17 00:00:00+05:30,1415.4361373875943,1423.5750921861388,1400.5482804894532,1406.9144287109375,2968048
2018-05-18 00:00:00+05:30,1402.4822718033292,1417.3499626049904,1393.2956871592442,1411.0443115234375,1874996
2018-05-21 00:00:00+05:30,1421.7819512025735,1447.2867739926724,1417.4908980827452,1433.0838623046875,3446178
2018-05-22 00:00:00+05:30,1433.5878336434405,1440.4173006982044,1407.6800855538734,1413.804443359375,1857416
2018-05-23 00:00:00+05:30,1420.2915187836209,1428.3499103795561,1402.5630572725627,1408.2442626953125,1507298
2018-05-24 00:00:00+05:30,1414.247439240066,1456.5539865677601,1411.165144425227,1452.0009765625,2962316
2018-05-25 00:00:00+05:30,1460.5831202884478,1480.648530138903,1439.4500131597324,1444.7886962890625,3769772
2018-05-28 00:00:00+05:30,1457.1584304833448,1457.1584304833448,1404.5774336139748,1411.0443115234375,3716798
2018-05-29 00:00:00+05:30,1422.265412865826,1427.9466168005888,1405.3831262416631,1419.686767578125,3525312
2018-05-30 00:00:00+05:30,1413.8647728664048,1423.5146757753396,1403.1672398493124,1415.8995361328125,3779106
2018-05-31 00:00:00+05:30,1408.952063994696,1429.3063419644507,1402.5329430582474,1414.6805419921875,5049371
2018-06-01 00:00:00+05:30,1425.2029999513818,1428.0469055955266,1394.5701131166174,1407.692626953125,1603856
2018-06-04 00:00:00+05:30,1417.890170101315,1421.140348141662,1391.563708136993,1417.28076171875,1681483
2018-06-05 00:00:00+05:30,1417.077356176516,1423.4964764233107,1390.3852939323742,1398.8763427734375,2449568
2018-06-06 00:00:00+05:30,1400.0140379975192,1409.6833364491736,1393.6761518359167,1402.24853515625,2236512
2018-06-07 00:00:00+05:30,1401.6391643021136,1421.140230935882,1400.6641506454469,1410.2115478515625,2414762
2018-06-08 00:00:00+05:30,1409.7643035406818,1427.8840803735952,1409.7643035406818,1419.5960693359375,2582138
2018-06-11 00:00:00+05:30,1419.5965105316034,1432.5159882323574,1416.265097838343,1421.7091064453125,2179378
2018-06-12 00:00:00+05:30,1427.6410173248,1450.3922685969083,1424.3908385716416,1447.14208984375,4608875
2018-06-13 00:00:00+05:30,1475.5806415928982,1488.2969813868667,1460.9548422819555,1482.1622314453125,5370983
2018-06-14 00:00:00+05:30,1486.9564642871533,1488.8253563489875,1449.5794165509735,1452.4639892578125,3819998
2018-06-15 00:00:00+05:30,1462.5798726124792,1500.8506927749966,1453.316846915091,1495.122314453125,9183574
2018-06-18 00:00:00+05:30,1517.792614815664,1517.792614815664,1480.5781324102356,1486.14404296875,4674987
2018-06-19 00:00:00+05:30,1480.5779670377028,1494.2693219005848,1479.643521033695,1482.4874267578125,3245034
2018-06-20 00:00:00+05:30,1488.5813720611059,1492.0753527295012,1477.6932570349393,1480.821533203125,3107695
2018-06-21 00:00:00+05:30,1488.5811957301726,1488.5811957301726,1476.8805376729517,1478.302490234375,2910659
2018-06-22 00:00:00+05:30,1484.5188166882754,1484.5188166882754,1462.214509610102,1470.5430908203125,2949458
2018-06-25 00:00:00+05:30,1472.2494970538287,1480.740547967085,1467.4554643482893,1478.2216796875,2083217
2018-06-26 00:00:00+05:30,1481.2684870610742,1512.1451752170374,1479.6433982107603,1504.832275390625,4679712
2018-06-27 00:00:00+05:30,1511.3328527608653,1531.76836789243,1504.2230879965332,1509.707763671875,4081208
2018-06-28 00:00:00+05:30,1515.3954158744275,1520.270682627911,1483.949984989482,1497.275634765625,4888125
2018-06-29 00:00:00+05:30,1499.06317456116,1517.3454234533938,1496.9505789711227,1501.37890625,3506276
2018-07-02 00:00:00+05:30,1504.8321287405154,1509.544925622171,1495.9753755319098,1504.303955078125,2650290
2018-07-03 00:00:00+05:30,1511.2920669117902,1527.5023888111675,1508.935767268261,1522.7490234375,3242233
2018-07-04 00:00:00+05:30,1527.5025660286801,1527.5025660286801,1509.017176951682,1516.330078125,2700614
2018-07-05 00:00:00+05:30,1521.8957783266026,1533.6776730333488,1513.0390238474681,1527.827392578125,2472571
2018-07-06 00:00:00+05:30,1529.8994845714906,1560.8980789599261,1528.9244707875107,1554.3570556640625,3713781
2018-07-09 00:00:00+05:30,1563.3358130310673,1563.6608507091291,1524.7399444661112,1530.021484375,6151747
2018-07-10 00:00:00+05:30,1542.2093381869806,1542.9406480162554,1520.067502325234,1523.60205078125,5303302
2018-07-11 00:00:00+05:30,1543.8343949979226,1623.4637480030785,1539.0810299876762,1608.7567138671875,22903802
2018-07-12 00:00:00+05:30,1612.088278011324,1617.6948548640974,1592.9934823796377,1601.8095703125,6921701
2018-07-13 00:00:00+05:30,1604.7754318443006,1623.3827212459826,1603.9628873218478,1609.73193359375,4148185
2018-07-16 00:00:00+05:30,1616.9634297168438,1621.8386963391056,1606.7659573569247,1616.3133544921875,2582159
2018-07-17 00:00:00+05:30,1619.4071399562956,1635.6907713284052,1612.8936874074518,1630.1136474609375,3315492
2018-07-18 00:00:00+05:30,1632.4342574853924,1637.889234949955,1622.704826229409,1628.56689453125,2013869
2018-07-19 00:00:00+05:30,1630.0730022079795,1636.871398860349,1603.9377920725024,1613.219482421875,1746318
2018-07-20 00:00:00+05:30,1616.0690856910858,1628.3632080342638,1615.3363023699897,1625.594970703125,1934995
2018-07-23 00:00:00+05:30,1629.1776580868805,1636.464544888573,1616.964932014265,1632.963623046875,2086201
2018-07-24 00:00:00+05:30,1640.5762243914926,1640.5762243914926,1615.4587373099307,1627.54931640625,2038423
2018-07-25 00:00:00+05:30,1629.910351812629,1629.991750104482,1602.6352650851063,1613.301025390625,1535492
2018-07-26 00:00:00+05:30,1607.9682881613,1616.150854914705,1591.806799489638,1599.6229248046875,3503036
2018-07-27 00:00:00+05:30,1596.488160971844,1599.5820911759656,1579.756786727936,1582.565673828125,2033977
2018-07-30 00:00:00+05:30,1581.955019606516,1591.4809056000822,1572.6326790349274,1583.2576904296875,1579251
2018-07-31 00:00:00+05:30,1581.1407375986512,1585.2116457799043,1569.742194691143,1579.6751708984375,2204803
2018-08-01 00:00:00+05:30,1587.6136594492061,1613.3418821909443,1587.4916116969662,1609.230224609375,2425180
2018-08-02 00:00:00+05:30,1612.0796830181614,1616.1505913086114,1583.5833249850123,1586.3515625,1509287
2018-08-03 00:00:00+05:30,1592.9466480352874,1613.749032210038,1592.9466480352874,1611.632080078125,1505131
2018-08-06 00:00:00+05:30,1625.9208224000113,1627.5084369283113,1605.769825727803,1608.4566650390625,1532249
2018-08-07 00:00:00+05:30,1610.6142473394457,1611.3877796100214,1596.2032705735496,1601.7803955078125,1353521
2018-08-08 00:00:00+05:30,1605.5665826150107,1610.6959679432464,1597.4247642447522,1607.1949462890625,1315062
2018-08-09 00:00:00+05:30,1612.0796383056008,1612.73102336897,1600.6810954084906,1607.4794921875,2060297
2018-08-10 00:00:00+05:30,1612.853034801882,1625.513598704025,1605.606897918885,1622.745361328125,2784105
2018-08-13 00:00:00+05:30,1626.5721666016502,1631.8235985746676,1620.2215098733134,1628.4854736328125,3559575
2018-08-14 00:00:00+05:30,1621.8498244266373,1648.3921259730055,1614.033700571942,1631.253662109375,3311765
2018-08-16 00:00:00+05:30,1628.607806970134,1644.6878966579307,1624.2926039065417,1635.2840576171875,2152065
2018-08-17 00:00:00+05:30,1639.6398427129798,1646.1940453370053,1631.620172620249,1638.7442626953125,1213731
2018-08-20 00:00:00+05:30,1647.9034014737472,1647.9034014737472,1631.3754768127044,1636.464111328125,1587032
2018-08-21 00:00:00+05:30,1636.6275233746073,1647.903921139306,1631.6202855549254,1642.73388671875,1376866
2018-08-23 00:00:00+05:30,1646.926544140668,1659.3020644344833,1644.8910901852773,1656.94091796875,3046791
2018-08-24 00:00:00+05:30,1656.9412354068522,1665.8158362300385,1653.6031101579708,1663.373291015625,1570533
2018-08-27 00:00:00+05:30,1663.3735846354602,1676.400494745185,1656.860129580598,1669.8055419921875,1532702
2018-08-28 00:00:00+05:30,1673.1431292146028,1686.9842159283003,1670.700584500421,1684.7044677734375,1987983
2018-08-29 00:00:00+05:30,1687.3915879238525,1690.729812432814,1665.4900801259103,1686.9844970703125,1525867
2018-08-30 00:00:00+05:30,1683.727524793335,1697.568611795988,1681.6920708223565,1695.45166015625,2408020
2018-08-31 00:00:00+05:30,1695.370618370859,1703.2681412209804,1688.6128704074154,1692.1951904296875,2504554
2018-09-03 00:00:00+05:30,1697.4059862307363,1701.6396911619165,1667.7696541628318,1671.4334716796875,1439711
2018-09-04 00:00:00+05:30,1677.051719136399,1713.6491514603656,1674.731221485746,1708.8861083984375,4420803
2018-09-05 00:00:00+05:30,1709.7815996697277,1715.684417097159,1689.4678056571895,1692.8873291015625,1681106
2018-09-06 00:00:00+05:30,1689.4274586023835,1694.7196410028248,1677.4590243132848,1689.6717529296875,2238097
2018-09-07 00:00:00+05:30,1692.9278927731216,1696.7545066560112,1681.6106489196945,1693.375732421875,1312182
2018-09-10 00:00:00+05:30,1697.080081827635,1704.4077163757247,1688.8162179305464,1694.1083984375,1530539
2018-09-11 00:00:00+05:30,1700.8256790599228,1700.8256790599228,1662.7219333308021,1666.0194091796875,3679745
2018-09-12 00:00:00+05:30,1670.9856066838292,1684.4601525022167,1660.9303848928198,1664.1463623046875,2307661
2018-09-14 00:00:00+05:30,1664.1874305988808,1686.6181766713619,1643.1408530786239,1681.61083984375,3642038
2018-09-17 00:00:00+05:30,1685.3560887967326,1691.7067456978882,1672.777021512128,1688.73486328125,1033857
2018-09-18 00:00:00+05:30,1687.7984613393019,1692.5207543869633,1675.260144175502,1685.966552734375,1456507
2018-09-19 00:00:00+05:30,1686.9029957056869,1700.8255823762865,1682.7915371137751,1691.7880859375,1301268
2018-09-21 00:00:00+05:30,1691.0556602111185,1726.879660716313,1669.1947985747088,1712.346435546875,4508530
2018-09-24 00:00:00+05:30,1721.9942026247852,1799.748550781129,1708.2751622097858,1789.9376220703125,3032226
2018-09-25 00:00:00+05:30,1795.1889413074498,1800.8882125423004,1753.5843805579257,1777.521240234375,2868778
2018-09-26 00:00:00+05:30,1780.6154964198631,1790.385677470178,1738.3595428871888,1744.099365234375,1970951
2018-09-27 00:00:00+05:30,1743.895952944357,1799.097519848309,1738.929563129496,1782.1219482421875,3311802
2018-09-28 00:00:00+05:30,1773.2879145524562,1783.0580958998528,1757.6964129955088,1777.9287109375,2904371
2018-10-01 00:00:00+05:30,1783.7905264422086,1853.036716654167,1783.3428855472928,1836.427490234375,3772208
2018-10-03 00:00:00+05:30,1832.152900185342,1835.979513962809,1755.0499421698917,1760.9527587890625,3902322
2018-10-04 00:00:00+05:30,1755.864612338569,1755.9051624101398,1674.242883962389,1681.1226806640625,4762419
2018-10-05 00:00:00+05:30,1669.072499545426,1726.065219042099,1645.3798317464348,1711.9390869140625,3417624
2018-10-08 00:00:00+05:30,1711.9391380925622,1727.8564306970902,1667.5662337293368,1691.5032958984375,2010154
2018-10-09 00:00:00+05:30,1693.7831272247354,1716.0101305586036,1671.6779728717622,1703.10546875,1867130
2018-10-10 00:00:00+05:30,1709.7815618752118,1714.625903212226,1651.974661449907,1663.8616943359375,2749573
2018-10-11 00:00:00+05:30,1616.1505975739453,1638.9476840888424,1580.3266044791073,1612.0389404296875,4700256
2018-10-12 00:00:00+05:30,1610.4517097797645,1610.4517097797645,1549.3880706324023,1561.8450927734375,9373289
2018-10-15 00:00:00+05:30,1579.512587863074,1592.1731537733363,1563.2289529366506,1587.247314453125,2638151
2018-10-16 00:00:00+05:30,1594.1679239064588,1605.4850705164768,1575.4417429821235,1597.6689453125,2815425
2018-10-17 00:00:00+05:30,1603.938208785532,1619.4076635910776,1563.2291171919906,1570.8824462890625,2779207
2018-10-19 00:00:00+05:30,1570.5564933789678,1570.5564933789678,1522.5605220998796,1557.6923828125,3428776
2018-10-22 00:00:00+05:30,1558.343939103143,1559.9723026758736,1536.3202820269921,1549.387939453125,1778496
2018-10-23 00:00:00+05:30,1540.4134024481332,1548.5723717407611,1498.8026590557313,1504.2283935546875,2752811
2018-10-24 00:00:00+05:30,1511.0812871245587,1528.990177054453,1477.670262718494,1508.184814453125,2735913
2018-10-25 00:00:00+05:30,1504.513618646283,1531.3566418484263,1489.052414952808,1511.856689453125,2507233
2018-10-26 00:00:00+05:30,1512.5908147958319,1512.5908147958319,1461.3524654915461,1467.879638671875,2285970
2018-10-29 00:00:00+05:30,1475.7124384026326,1532.2132893553683,1455.8453721025055,1526.5428466796875,2609483
2018-10-30 00:00:00+05:30,1523.278971888138,1557.873008094611,1505.3292464561407,1545.9609375,2404883
2018-10-31 00:00:00+05:30,1550.2038410122611,1586.0217286265831,1530.173535754157,1581.330322265625,2769190
2018-11-01 00:00:00+05:30,1585.8173065922156,1586.3883943231272,1551.2641085502053,1579.3717041015625,2769759
2018-11-02 00:00:00+05:30,1578.1074700391334,1594.7517838275335,1554.2833245358752,1561.1776123046875,1818635
2018-11-05 00:00:00+05:30,1558.3628465440224,1572.5186357280909,1537.7614528920662,1542.7384033203125,1713366
2018-11-06 00:00:00+05:30,1545.3082621903886,1580.7997666282356,1542.860572229158,1576.8834228515625,1398710
2018-11-07 00:00:00+05:30,1582.839552226376,1590.1826223140242,1580.39186219716,1584.59375,144530
2018-11-09 00:00:00+05:30,1599.9731996450676,1600.7482615604024,1554.2829909861568,1557.709716796875,2570479
2018-11-12 00:00:00+05:30,1557.1385349369336,1587.8162246920037,1557.1385349369336,1562.3194580078125,2552008
2018-11-13 00:00:00+05:30,1562.44201857157,1582.02353734218,1552.6512591862652,1578.7191162109375,1418432
2018-11-14 00:00:00+05:30,1570.6007613126721,1574.5986740789979,1525.7264538465959,1534.415771484375,2422318
2018-11-15 00:00:00+05:30,1520.8313366101377,1549.3877190035685,1515.6095781959875,1528.052001953125,1829123
2018-11-16 00:00:00+05:30,1541.22892402582,1550.040648554564,1525.9308603278403,1539.270751953125,1829729
2018-11-19 00:00:00+05:30,1549.3879547920515,1556.2006728519038,1521.0763769207638,1552.2027587890625,1740628
2018-11-20 00:00:00+05:30,1551.8354312161005,1551.8354312161005,1529.1534644647745,1532.4578857421875,1190182
2018-11-21 00:00:00+05:30,1526.5424372186724,1526.5832718846616,1467.4307723131203,1478.404541015625,3840461
2018-11-22 00:00:00+05:30,1484.9319058404233,1507.450633504146,1476.7321046535349,1478.853515625,3194219
2018-11-26 00:00:00+05:30,1484.1160270367793,1517.5677901530564,1455.9675922194242,1506.226806640625,4333177
2018-11-27 00:00:00+05:30,1512.6724033847622,1548.4902865773565,1497.4559107992152,1542.2486572265625,3344839
2018-11-28 00:00:00+05:30,1541.228738313286,1622.8184015379172,1535.9254102036848,1618.6573486328125,5313249
2018-11-29 00:00:00+05:30,1629.3455939314704,1629.3455939314704,1584.9200616171597,1599.606201171875,4035441
2018-11-30 00:00:00+05:30,1604.052904309031,1624.4503217086879,1599.0351197093623,1605.888671875,5268901
2018-12-03 00:00:00+05:30,1618.738642008431,1623.6340209661178,1605.9291069078465,1617.4332275390625,1610576
2018-12-04 00:00:00+05:30,1617.9231706435357,1647.6218307098504,1608.1324101555265,1640.6458740234375,3270615
2018-12-05 00:00:00+05:30,1636.6884926215819,1646.4792513012724,1619.5546649321236,1637.3004150390625,2501539
2018-12-06 00:00:00+05:30,1630.1618173217453,1645.6638566256058,1615.1492961818092,1625.8375244140625,2321216
2018-12-07 00:00:00+05:30,1619.5955603714392,1634.9751911218666,1609.7639666563025,1627.8768310546875,1680420
2018-12-10 00:00:00+05:30,1611.3958268487213,1640.7681052115336,1599.157377530883,1612.048583984375,2010786
2018-12-11 00:00:00+05:30,1607.3163146972656,1639.9521789550781,1599.9732452392577,1631.793212890625,2942014
2018-12-12 00:00:00+05:30,1632.6907293386212,1649.7429888559395,1619.5139788208407,1645.5003662109375,2219993
2018-12-13 00:00:00+05:30,1651.37482094435,1656.025392014432,1610.9879367364717,1617.5966796875,3748429
2018-12-14 00:00:00+05:30,1617.9231173288495,1630.9366295432937,1611.5999180553756,1623.430419921875,2473761
2018-12-17 00:00:00+05:30,1630.9774969018758,1635.791307332345,1619.5549431466852,1627.142822265625,1227921
2018-12-18 00:00:00+05:30,1625.1844258873195,1633.4249614678824,1612.538028832998,1621.8800048828125,1768742
2018-12-19 00:00:00+05:30,1619.3916249401511,1619.3916249401511,1599.1981839227888,1606.0516357421875,2498833
2018-12-20 00:00:00+05:30,1594.099126396338,1611.3145280791773,1587.7350918421264,1594.3031005859375,1940277
2018-12-21 00:00:00+05:30,1589.3666192886026,1590.9984125322255,1539.2298117169944,1546.77685546875,3729956
2018-12-24 00:00:00+05:30,1554.9356393086,1581.9417944036566,1554.2828822490105,1565.2974853515625,1864116
2018-12-26 00:00:00+05:30,1567.9899066843539,1567.9899066843539,1525.9304029909943,1541.3916015625,2446614
2018-12-27 00:00:00+05:30,1557.547182339972,1584.226971135367,1527.4405668059758,1557.50634765625,4968201
2018-12-28 00:00:00+05:30,1562.4419128685624,1566.521395669786,1544.4921885431795,1546.980712890625,2239130
2018-12-31 00:00:00+05:30,1556.7305722141268,1557.5464687404444,1538.9032530334343,1544.532958984375,1879740
2019-01-01 00:00:00+05:30,1546.9400222148975,1558.3625751215475,1537.9651592168152,1552.4881591796875,1094883
2019-01-02 00:00:00+05:30,1554.2832832794077,1578.311402334442,1550.2037995962596,1569.2142333984375,2100463
2019-01-03 00:00:00+05:30,1565.7054666453357,1586.8779421059842,1544.5737262538062,1550.16259765625,2611668
2019-01-04 00:00:00+05:30,1550.2035784354694,1551.1826145410423,1502.0656778419468,1531.3155517578125,4280862
2019-01-07 00:00:00+05:30,1543.5131631721638,1557.383404792139,1534.7014404219508,1548.4901123046875,1856423
2019-01-08 00:00:00+05:30,1554.6095176218348,1555.4254142827472,1536.5782213350228,1544.941162109375,1691756
2019-01-09 00:00:00+05:30,1556.2410518995136,1565.705431671352,1523.034003569803,1539.555908203125,2414376
2019-01-10 00:00:00+05:30,1542.0445825034474,1554.2830315709352,1527.4400133635615,1540.861572265625,3053461
2019-01-11 00:00:00+05:30,1525.726891905948,1529.8063755741455,1497.1705062285637,1503.33056640625,9209862
2019-01-14 00:00:00+05:30,1509.4086370779762,1510.224533638559,1476.7727746546686,1479.4244384765625,3615370
2019-01-15 00:00:00+05:30,1476.77313431041,1525.1965870547697,1475.1413407918349,1523.9320068359375,7711653
2019-01-16 00:00:00+05:30,1525.7267166784081,1529.8061998780831,1506.9610939599038,1525.84912109375,2359280
2019-01-17 00:00:00+05:30,1535.5381837190698,1551.8910930238521,1530.0599990260628,1548.8658447265625,2625816
2019-01-18 00:00:00+05:30,1537.991108099646,1556.9604428209059,1533.9028808053886,1554.057861328125,1683728
2019-01-21 00:00:00+05:30,1555.1615861274604,1579.6909486846757,1549.8059687117088,1560.6397705078125,2409803
2019-01-22 00:00:00+05:30,1559.3316726202504,1568.448439670701,1545.3499548951518,1555.0799560546875,2457093
2019-01-23 00:00:00+05:30,1554.3441440450533,1558.514116263241,1528.997132753419,1533.575927734375,2578169
2019-01-24 00:00:00+05:30,1541.0980192786692,1557.8188270189476,1533.0850548014835,1554.7935791015625,1962927
2019-01-25 00:00:00+05:30,1555.1620352440523,1582.144341849233,1554.34438958935,1570.5338134765625,2327080
2019-01-28 00:00:00+05:30,1580.508505896839,1604.2202217121562,1574.3761655997741,1598.4967041015625,2769033
2019-01-29 00:00:00+05:30,1604.2205010648486,1626.3378521784484,1583.4932072134445,1621.1866455078125,2557626
2019-01-30 00:00:00+05:30,1618.6108399337782,1626.70554948613,1598.2106267994745,1620.0826416015625,2429575
2019-01-31 00:00:00+05:30,1624.6615301293548,1651.4394189626391,1623.0262392082382,1646.8197021484375,4094319
2019-02-01 00:00:00+05:30,1643.0584877941712,1663.7040348540381,1633.73730995163,1659.779296875,3064163
2019-02-04 00:00:00+05:30,1659.7793211193145,1680.6292798407644,1654.0967252350133,1676.3775634765625,1590764
2019-02-05 00:00:00+05:30,1676.1734135755582,1680.2616414135473,1658.1852110884058,1671.71728515625,1111404
2019-02-06 00:00:00+05:30,1676.0913143538373,1706.3034731798118,1668.8552719529946,1696.4508056640625,1789812
2019-02-07 00:00:00+05:30,1696.4099994983333,1715.379335156047,1690.0732468794095,1703.07373046875,1339945
2019-02-08 00:00:00+05:30,1696.6141978664282,1708.4700561165791,1676.990708348937,1685.494140625,1684474
2019-02-11 00:00:00+05:30,1684.349312437854,1713.7845431406513,1675.273369789651,1689.17333984375,1778730
2019-02-12 00:00:00+05:30,1692.5262877179755,1692.5262877179755,1650.0087191376206,1677.481689453125,2422903
2019-02-14 00:00:00+05:30,1684.3903711832547,1696.6141294448032,1662.3139463663827,1671.7576904296875,1724085
2019-02-15 00:00:00+05:30,1675.3555484828507,1677.808484864231,1644.2440987882471,1659.574951171875,1930065
2019-02-18 00:00:00+05:30,1666.034566150645,1669.5913043597725,1604.7520716081435,1611.007080078125,2942184
2019-02-19 00:00:00+05:30,1610.76149173917,1611.5791371664486,1546.985148411426,1557.4510498046875,4408554
2019-02-20 00:00:00+05:30,1565.7914475489417,1581.163225965955,1538.236828578843,1565.5870361328125,4645778
2019-02-21 00:00:00+05:30,1565.5867078359042,1586.2322565356594,1551.1144225328453,1565.136962890625,4683919
2019-02-22 00:00:00+05:30,1567.590102380854,1578.0560059715024,1557.6966105956224,1574.499267578125,2271955
2019-02-25 00:00:00+05:30,1580.1001094614314,1627.1147310883562,1578.464818274408,1623.149169921875,2934880
2019-02-26 00:00:00+05:30,1622.208787841229,1672.2078336986876,1612.6014525301734,1666.9339599609375,6453309
2019-02-27 00:00:00+05:30,1667.9971644054112,1696.5738406067812,1653.27954236654,1682.796630859375,4732082
2019-02-28 00:00:00+05:30,1684.3498402491023,1693.6301971297414,1616.9758266770887,1621.759033203125,8454295
2019-03-01 00:00:00+05:30,1631.2438733025924,1639.3794069942485,1619.2244232504481,1631.530029296875,4148548
2019-03-05 00:00:00+05:30,1639.3792643791505,1641.0145554159376,1616.1581116947236,1625.56103515625,2449622
2019-03-06 00:00:00+05:30,1626.5423001466781,1647.5557504390983,1623.0673066283823,1634.9639892578125,2635047
2019-03-07 00:00:00+05:30,1639.3791521518826,1654.9553381350763,1635.4544140081723,1646.1656494140625,2539884
2019-03-08 00:00:00+05:30,1655.7318205031058,1662.2729832507723,1643.5080625424928,1653.8511962890625,2031071
2019-03-11 00:00:00+05:30,1658.9208707075254,1662.273197084902,1638.2753231293682,1647.39208984375,3111689
2019-03-12 00:00:00+05:30,1646.7787714834344,1655.5684596065014,1637.7437498142363,1645.470458984375,2658550
2019-03-13 00:00:00+05:30,1645.920029392066,1648.2912207824443,1617.7930104180564,1635.699462890625,1833163
2019-03-14 00:00:00+05:30,1639.3385120501555,1641.6688818672492,1619.7559397795474,1624.9888916015625,1905495
2019-03-15 00:00:00+05:30,1634.391763641615,1691.6677764178055,1627.9323436219988,1667.9560546875,5184318
2019-03-18 00:00:00+05:30,1670.449748708238,1688.110971274051,1644.2850928302823,1653.933349609375,2349915
2019-03-19 00:00:00+05:30,1659.8203572578184,1659.8203572578184,1631.2845094788747,1653.933349609375,2373993
2019-03-20 00:00:00+05:30,1658.1850266155136,1671.9215105470748,1635.2909532697372,1647.5965576171875,3091165
2019-03-22 00:00:00+05:30,1647.5558549349569,1648.3735005205326,1621.6365297963093,1639.910888671875,3148149
2019-03-25 00:00:00+05:30,1641.668924455215,1641.668924455215,1616.648888502491,1622.413330078125,2429205
2019-03-26 00:00:00+05:30,1622.2090263134126,1631.1622065698173,1600.991160878227,1621.105224609375,2316539
2019-03-27 00:00:00+05:30,1630.3850826717908,1633.6556645828678,1603.4027819054072,1609.0445556640625,2266166
2019-03-28 00:00:00+05:30,1618.9381329387961,1647.228648027092,1613.0511251067528,1635.536376953125,4054489
2019-04-01 00:00:00+05:30,1643.467510034232,1667.9559536551715,1642.0366303613166,1661.1695556640625,2095740
2019-04-02 00:00:00+05:30,1665.6253114559402,1705.608188767324,1665.5435668835278,1700.1300048828125,3719663
2019-04-03 00:00:00+05:30,1704.7905434227569,1708.5517918559444,1682.7959635020754,1700.1300048828125,2939886
2019-04-04 00:00:00+05:30,1699.1899065231974,1700.457296965243,1641.341587530284,1647.1468505859375,4397518
2019-04-05 00:00:00+05:30,1658.7165710851511,1679.7708429957183,1650.6627828355502,1674.7833251953125,3152103
2019-04-08 00:00:00+05:30,1683.5318270007092,1696.6141529997435,1662.0277137157063,1693.13916015625,2194294
2019-04-09 00:00:00+05:30,1692.5262122868978,1715.420286655996,1682.4282103509045,1710.1055908203125,2690970
2019-04-10 00:00:00+05:30,1703.1551418690074,1705.1992550973666,1664.7258131758517,1668.2008056640625,3313062
2019-04-11 00:00:00+05:30,1672.0846970915409,1680.2611503780522,1646.4515360003725,1651.2347412109375,3422442
2019-04-12 00:00:00+05:30,1666.3615197290349,1667.1791652244856,1641.0145093700553,1647.1468505859375,3198471
2019-04-15 00:00:00+05:30,1692.5262073107713,1733.2449936716205,1668.814487498205,1727.9302978515625,9189201
2019-04-16 00:00:00+05:30,1733.4087484065524,1762.8030690981168,1729.7702652502742,1743.0570068359375,5771952
2019-04-18 00:00:00+05:30,1757.8559931674574,1762.0260650954594,1728.6660885328963,1757.978759765625,3413728
2019-04-22 00:00:00+05:30,1756.3027553909565,1779.196832276872,1754.3404857917958,1767.300048828125,2007135
2019-04-23 00:00:00+05:30,1768.567013515787,1770.6111270311774,1744.896218931658,1762.0667724609375,2163524
2019-04-24 00:00:00+05:30,1764.4789265527436,1794.731808982054,1762.9254800059155,1785.2879638671875,3003071
2019-04-25 00:00:00+05:30,1778.379023037087,1802.9083888720813,1772.6964265427448,1794.73193359375,4211526
2019-04-26 00:00:00+05:30,1801.27287511611,1834.7554154171667,1793.2189878144995,1830.3402099609375,2716958
2019-04-30 00:00:00+05:30,1830.3405694749063,1853.561624307298,1823.4315041859434,1848.165283203125,3488395
2019-05-02 00:00:00+05:30,1843.7912057576373,1847.3887672865058,1807.896636411728,1811.412353515625,2457699
2019-05-03 00:00:00+05:30,1786.5549261440256,1787.4134936069904,1737.496209636638,1743.2197265625,3780886
2019-05-06 00:00:00+05:30,1725.2323858631173,1770.202898290829,1724.0059173423617,1764.3568115234375,2891422
2019-05-07 00:00:00+05:30,1766.1554801435987,1786.0243088445047,1748.7805105342543,1759.532470703125,2201698
2019-05-08 00:00:00+05:30,1758.7555864239744,1772.6555608401563,1741.9120081655785,1760.268310546875,1824895
2019-05-09 00:00:00+05:30,1753.849679983683,1785.8197003854289,1746.5727145396402,1776.3758544921875,2264162
2019-05-10 00:00:00+05:30,1778.3790579747667,1792.2790322210064,1738.1918593404541,1746.327392578125,2039633
2019-05-13 00:00:00+05:30,1744.037859602081,1771.837806731228,1734.7575032857749,1740.5628662109375,1701744
2019-05-14 00:00:00+05:30,1745.6730357027425,1765.9506827862879,1694.4476281098177,1710.800537109375,2456110
2019-05-15 00:00:00+05:30,1714.6025020162517,1736.6789290808388,1704.3819339307947,1713.294189453125,2346876
2019-05-16 00:00:00+05:30,1713.7849807350326,1736.6790549051573,1698.2906383189918,1724.2099609375,1946529
2019-05-17 00:00:00+05:30,1727.3579450283173,1745.6731241879988,1708.879077073966,1713.335205078125,1947908
2019-05-20 00:00:00+05:30,1737.496746044209,1759.0825081233388,1676.1733314779428,1752.9910888671875,2625116
2019-05-21 00:00:00+05:30,1756.3432017879077,1756.8745914377412,1719.140336926846,1725.02734375,1863157
2019-05-22 00:00:00+05:30,1725.2322780938514,1735.0031034414174,1696.6146810638586,1702.1337890625,2595795
2019-05-23 00:00:00+05:30,1715.4200955168005,1729.606323438016,1676.1731152571217,1679.484619140625,2541294
2019-05-24 00:00:00+05:30,1692.5262880325317,1692.5262880325317,1661.6601685285568,1674.5380859375,2274208
2019-05-27 00:00:00+05:30,1680.097855007058,1691.6674578936509,1668.0784074035155,1680.3839111328125,2329820
2019-05-28 00:00:00+05:30,1684.349659998493,1715.0113649741938,1672.0849780082128,1695.59228515625,5872979
2019-05-29 00:00:00+05:30,1700.7023460690818,1736.4334083196165,1698.331254377069,1723.228515625,3281320
2019-05-30 00:00:00+05:30,1735.8612966081596,1763.2933414786523,1728.8294658646198,1754.9124755859375,4971725
2019-05-31 00:00:00+05:30,1766.114044473817,1802.867164873382,1759.7772926938762,1795.9990234375,4265370
2019-06-03 00:00:00+05:30,1799.6385347490723,1837.7816342039082,1787.0875909715398,1833.4073486328125,3682419
2019-06-04 00:00:00+05:30,1833.1588943743766,1833.1588943743766,1792.7700518274592,1799.4466552734375,2408658
2019-06-06 00:00:00+05:30,1812.552594375828,1812.552594375828,1773.812270621547,1785.4344482421875,3735467
2019-06-07 00:00:00+05:30,1791.946195848731,1804.9695801135804,1765.6523096238786,1798.334228515625,2659446
2019-06-10 00:00:00+05:30,1810.656459856108,1842.9264408329957,1801.4247648635305,1839.3408203125,2080593
2019-06-11 00:00:00+05:30,1843.8746872517263,1866.0885150516772,1838.929113660528,1856.8980712890625,3048937
2019-06-12 00:00:00+05:30,1850.4687734527374,1868.5200364499642,1829.037954695601,1863.574462890625,2404448
2019-06-13 00:00:00+05:30,1866.1303332447362,1883.4398460531017,1848.862073809298,1857.97021484375,3320916
2019-06-14 00:00:00+05:30,1860.5659154645352,1865.3879299960927,1841.4018186500264,1858.2991943359375,2131408
2019-06-17 00:00:00+05:30,1859.5355653263427,1864.481138638381,1847.5425097974717,1853.9305419921875,1489497
2019-06-18 00:00:00+05:30,1849.6444945605404,1862.8326906001876,1839.0938974816422,1855.290771484375,1877447
2019-06-19 00:00:00+05:30,1858.7113176615476,1876.0208243892162,1848.9437297994339,1862.7501220703125,1652817
2019-06-20 00:00:00+05:30,1838.1048387312856,1882.6150007454064,1823.2681180599118,1877.628173828125,2199377
2019-06-21 00:00:00+05:30,1883.4394150717071,1889.6213825172379,1847.9961350506642,1854.4666748046875,3871804
2019-06-24 00:00:00+05:30,1858.010684977964,1879.3179448026533,1855.249527160256,1875.6087646484375,1382424
2019-06-25 00:00:00+05:30,1871.0755439632362,1874.7434711921023,1855.0024280569442,1869.26220703125,1386077
2019-06-26 00:00:00+05:30,1866.9543201855304,1868.4380327401498,1854.590384290262,1858.05224609375,1762224
2019-06-27 00:00:00+05:30,1858.7110523067117,1866.1294112737896,1847.4187016817777,1856.691650390625,2813464
2019-06-28 00:00:00+05:30,1862.8329652552322,1864.4402366373592,1831.9231262299795,1835.797119140625,2372928
2019-07-01 00:00:00+05:30,1842.2260071924761,1858.711251104713,1818.8170413314547,1845.9764404296875,2769940
2019-07-02 00:00:00+05:30,1850.3863175692059,1860.359971682247,1826.9360958782574,1856.3211669921875,1771746
2019-07-03 00:00:00+05:30,1856.4038253392423,1861.8440379324004,1839.7537643144108,1844.4107666015625,1656881
2019-07-04 00:00:00+05:30,1841.4014635918943,1856.2381808455443,1838.186922014613,1848.53125,984140
2019-07-05 00:00:00+05:30,1852.1173157670073,1854.5901025704347,1763.9212531114356,1782.9617919921875,4088470
2019-07-08 00:00:00+05:30,1771.339533196909,1804.1452102152548,1757.4095819969782,1793.0999755859375,2788062
2019-07-09 00:00:00+05:30,1791.9462455777516,1792.2758700043757,1734.7012689181383,1758.4400634765625,3977224
2019-07-10 00:00:00+05:30,1714.4659218150111,1753.9069611357615,1707.2948786392255,1737.7100830078125,6343581
2019-07-11 00:00:00+05:30,1754.0302931533683,1754.8545555091735,1719.4525275745275,1733.0528564453125,2400346
2019-07-12 00:00:00+05:30,1732.6817675562752,1747.2299158696032,1725.2634072577368,1737.2152099609375,1560725
2019-07-15 00:00:00+05:30,1751.5575599340386,1775.1315445291712,1729.302475643112,1768.6197509765625,2900415
2019-07-16 00:00:00+05:30,1756.4741853168775,1761.844402722597,1734.9933156939994,1739.950439453125,2735399
2019-07-17 00:00:00+05:30,1741.6032490277041,1755.648436519863,1728.4669484674107,1749.2454833984375,1802969
2019-07-18 00:00:00+05:30,1748.377858240154,1748.377858240154,1701.9461634427546,1706.8619384765625,3072096
2019-07-19 00:00:00+05:30,1715.9913008847695,1732.5150495692642,1704.011583088511,1715.949951171875,1953177
2019-07-22 00:00:00+05:30,1715.9916049825565,1749.4108522781232,1709.2169071625256,1743.173095703125,1920167
2019-07-23 00:00:00+05:30,1758.0440960646122,1759.7791702951542,1736.976317265304,1745.279541015625,3538588
2019-07-24 00:00:00+05:30,1743.2559786682018,1752.1788458196413,1715.5786918030906,1732.350341796875,2413196
2019-07-25 00:00:00+05:30,1742.346869905961,1763.9104459699872,1728.838824282406,1758.04443359375,2544464
2019-07-26 00:00:00+05:30,1759.6142161939722,1759.6142161939722,1730.862850226117,1742.4708251953125,1720592
2019-07-29 00:00:00+05:30,1743.9164169504468,1769.6934236768266,1737.7200114053599,1759.7791748046875,1647090
2019-07-30 00:00:00+05:30,1759.7793188911514,1805.2196299423313,1751.889188176534,1800.3863525390625,2851672
2019-07-31 00:00:00+05:30,1794.2729916895667,1827.2791472816064,1773.9486952385316,1822.322021484375,3000677
2019-08-01 00:00:00+05:30,1817.612281111397,1832.0705606202375,1789.728456344347,1801.1298828125,2375236
2019-08-02 00:00:00+05:30,1795.3056769972998,1825.8746185752564,1789.1092699206868,1821.9915771484375,2500816
2019-08-05 00:00:00+05:30,1817.5297669192068,1860.7807624258626,1813.9773220997204,1857.7652587890625,3039682
2019-08-06 00:00:00+05:30,1844.711607706655,1860.5330186558822,1827.07242277703,1829.9227294921875,2885467
2019-08-07 00:00:00+05:30,1842.3975603695048,1849.4201519673259,1823.6018005047488,1828.72412109375,2165362
2019-08-08 00:00:00+05:30,1841.4894190764085,1884.5338727398262,1833.2275432643091,1865.6142578125,2073298
2019-08-09 00:00:00+05:30,1867.1834404997912,1873.7102399855503,1851.7751268612124,1855.8233642578125,1744550
2019-08-13 00:00:00+05:30,1854.7908379303376,1855.8235722498978,1812.9031742701552,1817.157958984375,1647281
2019-08-14 00:00:00+05:30,1801.9977936747064,1832.3601869407044,1790.6788625754111,1821.247802734375,1945002
2019-08-16 00:00:00+05:30,1851.816506784154,1851.816506784154,1770.7262876272093,1788.778564453125,3755507
2019-08-19 00:00:00+05:30,1801.0890127914788,1806.0461385147582,1782.6649885120983,1787.0438232421875,974884
2019-08-20 00:00:00+05:30,1794.4788978989225,1821.7430800493205,1789.9348675405229,1806.6651611328125,1843611
2019-08-21 00:00:00+05:30,1805.1783252025102,1819.2648623205198,1802.9476593092436,1806.2110595703125,1214408
2019-08-22 00:00:00+05:30,1806.8722253792553,1847.0661701951378,1792.8270366131615,1830.8316650390625,2131601
2019-08-23 00:00:00+05:30,1829.9639657760692,1867.1010536206072,1829.0964285584644,1857.0216064453125,2826425
2019-08-26 00:00:00+05:30,1856.4431803276052,1885.359740768845,1838.267056621683,1880.6505126953125,2345475
2019-08-27 00:00:00+05:30,1875.4458390970826,1879.452929611897,1841.5721477301308,1847.7685546875,3432106
2019-08-28 00:00:00+05:30,1850.6600459138103,1860.6981436054766,1830.8315454218766,1850.0404052734375,1294621
2019-08-29 00:00:00+05:30,1835.9533179821078,1857.434187083181,1835.9533179821078,1845.2479248046875,1670652
2019-08-30 00:00:00+05:30,1851.4859829296054,1872.1406681474725,1832.4836725291675,1866.8531494140625,2583625
2019-09-03 00:00:00+05:30,1875.445912271156,1897.091987745604,1848.1403708724472,1860.244140625,2545060
2019-09-04 00:00:00+05:30,1871.314324218416,1875.44526091647,1844.8763293508712,1855.1209716796875,2228092
2019-09-05 00:00:00+05:30,1852.477660020146,1861.9374670026295,1823.643795584955,1830.2532958984375,2055943
2019-09-06 00:00:00+05:30,1830.8312193366041,1845.2894983701738,1811.4985154826486,1815.5467529296875,1890550
2019-09-09 00:00:00+05:30,1817.6122704579398,1819.9669852179413,1800.9233254067346,1803.4432373046875,1703945
2019-09-11 00:00:00+05:30,1806.0455390271372,1813.4812251439002,1773.4524885565042,1779.6075439453125,2627440
2019-09-12 00:00:00+05:30,1780.4339932392181,1788.6958679178224,1751.8066781602242,1762.753662109375,2118859
2019-09-13 00:00:00+05:30,1763.9102590698024,1782.8712212792739,1747.8409530227407,1769.6522216796875,2291174
2019-09-16 00:00:00+05:30,1784.523503121526,1795.6356837389635,1756.8048744411801,1776.302978515625,2597948
2019-09-17 00:00:00+05:30,1780.392683258006,1781.7146639184555,1739.6204518327272,1753.706787109375,2796530
2019-09-18 00:00:00+05:30,1756.8049628926003,1770.4784059196234,1745.8579788691952,1766.84326171875,1454663
2019-09-19 00:00:00+05:30,1763.9100249524165,1764.5710151858502,1727.5577808784556,1736.6044921875,1652691
2019-09-20 00:00:00+05:30,1739.0417831622347,1759.2833745272367,1699.4674872575129,1706.44873046875,6941979
2019-09-23 00:00:00+05:30,1734.1675939117206,1734.1675939117206,1631.7203420560497,1665.4288330078125,6323401
2019-09-24 00:00:00+05:30,1664.7675729732368,1702.7721925051321,1663.1151982109807,1689.3052978515625,4620978
2019-09-25 00:00:00+05:30,1706.0769954517564,1728.3840554407138,1701.987408128296,1725.4510498046875,4002232
2019-09-26 00:00:00+05:30,1733.2587155895571,1740.777102695534,1704.4248518561399,1724.7491455078125,4234281
2019-09-27 00:00:00+05:30,1722.6009713856226,1722.7661685476858,1694.8409901571774,1698.765380859375,2046795
2019-09-30 00:00:00+05:30,1703.4748445923617,1738.2985684053685,1701.946316974838,1734.41552734375,2620039
2019-10-01 00:00:00+05:30,1731.6476573478951,1731.6476573478951,1685.1746102833129,1701.9049072265625,3342877
2019-10-03 00:00:00+05:30,1710.2082829706271,1719.4201937641512,1690.5037294461258,1702.1529541015625,2317618
2019-10-04 00:00:00+05:30,1702.4416055446927,1725.0377068374726,1697.7735263461316,1717.9326171875,2163251
2019-10-07 00:00:00+05:30,1718.4699534860652,1730.4496719118092,1686.2486418582014,1691.7840576171875,2177916
2019-10-09 00:00:00+05:30,1701.9457262367907,1701.9457262367907,1665.180393801093,1668.9808349609375,2066920
2019-10-10 00:00:00+05:30,1675.5083933732892,1684.6378063706798,1649.9791772681604,1656.0516357421875,2881452
2019-10-11 00:00:00+05:30,1595.3678309686954,1648.2438232949494,1590.410706688109,1641.5103759765625,12593069
2019-10-14 00:00:00+05:30,1648.2437385963012,1679.4323105922965,1625.9366804799604,1669.724609375,3510704
2019-10-15 00:00:00+05:30,1678.813182035574,1691.2059958793407,1671.129597111248,1683.1920166015625,2261310
2019-10-16 00:00:00+05:30,1683.770209559005,1698.641585305846,1665.5940836461991,1690.710205078125,3034082
2019-10-17 00:00:00+05:30,1701.3539055228232,1721.6282321030355,1688.9359217406661,1715.672607421875,3818774
2019-10-18 00:00:00+05:30,1721.206089014165,1743.507768848983,1710.6465424557957,1737.9747314453125,3087901
2019-10-22 00:00:00+05:30,1757.1084437147176,1783.7184994728973,1723.3601761521732,1732.9481201171875,5552505
2019-10-23 00:00:00+05:30,1740.2131657375228,1760.3608618275866,1733.8774381923618,1748.745361328125,2348134
2019-10-24 00:00:00+05:30,1760.4875009850055,1773.1589561264523,1741.3114067858423,1758.7979736328125,2798671
2019-10-25 00:00:00+05:30,1768.9352916744936,1799.3467866603016,1752.9270598676942,1795.0806884765625,3954245
2019-10-27 00:00:00+05:30,1798.5018777030496,1798.5018777030496,1781.4376925869728,1787.2664794921875,224405
2019-10-29 00:00:00+05:30,1792.1664944495649,1859.916513467583,1792.1664944495649,1854.1300048828125,5064173
2019-10-30 00:00:00+05:30,1879.5992676865128,1909.1659977400086,1838.9239772665176,1903.083740234375,5195136
2019-10-31 00:00:00+05:30,1900.7178626418627,1930.2423055266822,1889.7359372132653,1917.3173828125,4879261
2019-11-01 00:00:00+05:30,1912.544777604509,1921.83717714234,1854.2560895944775,1859.2401123046875,4172620
2019-11-04 00:00:00+05:30,1864.3937157281448,1883.1474309317314,1842.34529794373,1853.3695068359375,2646411
2019-11-05 00:00:00+05:30,1855.945538852381,1867.7722286766566,1832.29215920383,1860.042724609375,2693475
2019-11-06 00:00:00+05:30,1858.4799181088647,1867.6034062278034,1840.7398825269163,1848.76513671875,2540719
2019-11-07 00:00:00+05:30,1862.2812656333895,1862.2812656333895,1837.5296521088892,1846.1041259765625,1915598
2019-11-08 00:00:00+05:30,1849.694597490534,1849.694597490534,1794.2780187465435,1799.3043212890625,2788759
2019-11-11 00:00:00+05:30,1803.5705199738165,1806.9495748121751,1766.4009167518739,1774.8062744140625,2983768
2019-11-13 00:00:00+05:30,1789.2093418916652,1844.794829172217,1789.2093418916652,1840.402099609375,3823365
2019-11-14 00:00:00+05:30,1847.920269050342,1858.4798134449154,1813.4538748982343,1855.776611328125,2995915
2019-11-15 00:00:00+05:30,1855.1008144907337,1868.1946499299897,1832.0810070249447,1836.8961181640625,2724180
2019-11-18 00:00:00+05:30,1840.2329686034113,1848.1315908665597,1815.1858100214924,1818.438232421875,1611089
2019-11-19 00:00:00+05:30,1818.7758848042495,1820.1696621359235,1778.2272352591476,1781.4373779296875,2975313
2019-11-20 00:00:00+05:30,1792.5459451827005,1803.570150583197,1769.3572273519933,1781.2261962890625,2894129
2019-11-21 00:00:00+05:30,1784.14104805839,1796.474681360557,1780.2550522943784,1789.294189453125,2052574
2019-11-22 00:00:00+05:30,1771.4693632203796,1779.916999668736,1740.635490183878,1750.0968017578125,3742049
2019-11-25 00:00:00+05:30,1752.504422326229,1761.2898815439894,1733.6238727804964,1758.37548828125,2737010
2019-11-26 00:00:00+05:30,1765.429273822161,1772.2294557394196,1719.1361877694555,1728.9354248046875,6561580
2019-11-27 00:00:00+05:30,1733.4553174416326,1750.0971230518799,1728.8513959802856,1735.3983154296875,2907521
2019-11-28 00:00:00+05:30,1746.1687660934626,1769.2729284688687,1740.213141037318,1754.869873046875,2924429
2019-11-29 00:00:00+05:30,1761.332480471128,1761.332480471128,1728.2177815589432,1734.51123046875,2064271
2019-12-02 00:00:00+05:30,1740.2130723497235,1746.7177110321272,1703.0434727461372,1707.3095703125,3809860
2019-12-03 00:00:00+05:30,1712.9274367553062,1741.902875002857,1697.9751594353745,1732.6104736328125,4664774
2019-12-04 00:00:00+05:30,1734.299593611867,1758.797736921533,1727.9638668938499,1755.841064453125,3334301
2019-12-05 00:00:00+05:30,1759.6428228377881,1796.6435148974879,1747.2671168778966,1791.997314453125,3902721
2019-12-06 00:00:00+05:30,1794.278008513421,1797.6570631433897,1774.8484443911004,1793.940185546875,1829461
2019-12-09 00:00:00+05:30,1797.6149354840888,1797.6149354840888,1734.7223171220257,1740.5933837890625,2244747
2019-12-10 00:00:00+05:30,1740.2133217928972,1740.9314534755335,1692.272979068748,1700.3826904296875,4520045
2019-12-11 00:00:00+05:30,1710.9843729546972,1730.0760114412146,1695.2295097459264,1724.9229736328125,4943024
2019-12-12 00:00:00+05:30,1732.6949090323626,1760.1918024977156,1676.0111822179515,1707.1829833984375,7137306
2019-12-13 00:00:00+05:30,1708.9568295135223,1754.9118886510507,1695.440611385882,1749.7166748046875,5711133
2019-12-16 00:00:00+05:30,1770.6248328582344,1804.4153831036206,1757.3620831351507,1796.601318359375,5574177
2019-12-17 00:00:00+05:30,1796.3900912983001,1832.2925502120916,1790.0543632546899,1828.8712158203125,6059673
2019-12-18 00:00:00+05:30,1836.5167128349888,1861.394968363656,1818.7766709906766,1831.2369384765625,8251081
2019-12-19 00:00:00+05:30,1841.4157775161148,1889.3138334540502,1831.0674231857718,1883.0203857421875,6251505
2019-12-20 00:00:00+05:30,1875.3754630149288,1897.930613146204,1865.4494892805028,1877.8251953125,5548338
2019-12-23 00:00:00+05:30,1866.9278237724077,1893.9179834153683,1866.9278237724077,1885.2591552734375,2247329
2019-12-24 00:00:00+05:30,1891.4262044883703,1895.2699211409908,1867.8994494617552,1871.6588134765625,1805896
2019-12-26 00:00:00+05:30,1872.3338673595715,1882.9779706862714,1854.4249211791025,1860.1270751953125,1880367
2019-12-27 00:00:00+05:30,1865.2380227285648,1880.7815904215245,1838.2055876165568,1857.2127685546875,2720261
2019-12-30 00:00:00+05:30,1864.393380033765,1879.599125770334,1839.1350293344701,1844.2879638671875,2288830
2019-12-31 00:00:00+05:30,1849.1874528973021,1855.9455614506044,1822.5351210419956,1826.1253662109375,1909289
2020-01-01 00:00:00+05:30,1831.4469537049656,1844.8786085535207,1819.620266734546,1831.109130859375,1354908
2020-01-02 00:00:00+05:30,1841.5423711167566,1841.5423711167566,1815.5658903808576,1822.7041015625,2380752
2020-01-03 00:00:00+05:30,1828.0690274601495,1877.9100961385918,1828.0690274601495,1859.029541015625,4655761
2020-01-06 00:00:00+05:30,1862.70394554869,1880.4017036924106,1848.2584038826742,1858.8602294921875,3023209
2020-01-07 00:00:00+05:30,1858.9023072303519,1870.8556297088255,1844.7947963173629,1863.421875,2429317
2020-01-08 00:00:00+05:30,1862.7035866506797,1909.1655808755265,1860.2115754813844,1905.1529541015625,5197454
2020-01-09 00:00:00+05:30,1899.6622032186847,1902.3654055725954,1866.9276127240882,1870.6024169921875,3734173
2020-01-10 00:00:00+05:30,1882.1336750820392,1887.2022576899801,1865.2383997222364,1869.9268798828125,1915807
2020-01-13 00:00:00+05:30,1873.5590015426556,1874.4881177425082,1845.5549649245393,1850.3280029296875,2843893
2020-01-14 00:00:00+05:30,1854.2558686014722,1883.6536794293395,1854.2558686014722,1864.3084716796875,2948452
2020-01-15 00:00:00+05:30,1869.4624544833227,1884.6682042260702,1853.5808523926619,1881.20458984375,2620681
2020-01-16 00:00:00+05:30,1881.246790228981,1899.8738741293057,1871.1519036000054,1891.25732421875,3117214
2020-01-17 00:00:00+05:30,1892.9039164457324,1903.7169310870152,1869.461728034991,1874.6148681640625,3281059
2020-01-20 00:00:00+05:30,1854.171767292639,1894.12913165127,1821.4794532687185,1833.4329833984375,5817599
2020-01-21 00:00:00+05:30,1833.0944813818378,1847.1176377166823,1823.0418784157969,1834.0238037109375,1902980
2020-01-22 00:00:00+05:30,1842.4291796901189,1866.9273210064937,1836.2623649381242,1864.3084716796875,1773686
2020-01-23 00:00:00+05:30,1870.9981260366733,1877.729207318235,1848.8996407777402,1855.0380859375,2069866
2020-01-24 00:00:00+05:30,1855.0375086709391,1855.0375086709391,1837.2995657262059,1848.64501953125,1319430
2020-01-27 00:00:00+05:30,1853.9797688839938,1857.1548267861479,1833.0667621770376,1836.6651611328125,1549101
2020-01-28 00:00:00+05:30,1840.6863801114412,1852.3706312258857,1822.0593790247567,1848.9415283203125,1743024
2020-01-29 00:00:00+05:30,1850.0001583525982,1851.6511469003092,1820.3662885391698,1824.2611083984375,2306761
2020-01-30 00:00:00+05:30,1828.8332708664082,1833.066681215636,1799.1993984218136,1810.079345703125,2098567
2020-01-31 00:00:00+05:30,1811.3911966562785,1815.582437480852,1753.9863284914206,1760.2940673828125,3287223
2020-02-03 00:00:00+05:30,1822.0595603262486,1858.212838327261,1772.2746202170779,1780.1488037109375,4728073
2020-02-04 00:00:00+05:30,1802.5856168247205,1809.1050255765638,1766.6863899014625,1784.5936279296875,3509339
2020-02-05 00:00:00+05:30,1790.7322131522592,1826.038806934932,1781.6727581912035,1817.445068359375,2439322
2020-02-06 00:00:00+05:30,1816.1333086785744,1840.8563874361641,1791.1561839205242,1802.0361328125,2640065
2020-02-07 00:00:00+05:30,1811.052600816632,1821.212783710414,1794.1189626603289,1808.978271484375,2083442
2020-02-10 00:00:00+05:30,1812.6613123185796,1834.759793997909,1794.119060212999,1830.4840087890625,2383032
2020-02-11 00:00:00+05:30,1831.3731026494938,1841.3639912457854,1818.3342829843193,1823.244873046875,1335820
2020-02-12 00:00:00+05:30,1821.2977180427963,1850.0001549251233,1820.3662851665972,1837.9349365234375,1620407
2020-02-13 00:00:00+05:30,1839.7969588314284,1860.1596950600604,1838.145970858166,1855.8839111328125,1645948
2020-02-14 00:00:00+05:30,1852.539942232048,1872.860307229109,1838.1463503591299,1849.322509765625,1500115
2020-02-17 00:00:00+05:30,1860.1180104042821,1877.0940261368148,1854.4029068064367,1865.4521484375,1774724
2020-02-18 00:00:00+05:30,1862.6579063678857,1880.4806026788863,1850.8891099984337,1876.0355224609375,2486223
2020-02-19 00:00:00+05:30,1876.0359019591497,1888.1011221342226,1854.657178491038,1859.6103515625,1760463
2020-02-20 00:00:00+05:30,1866.5099702827165,1874.8920371593028,1821.424165829301,1826.123291015625,2317278
2020-02-24 00:00:00+05:30,1825.4463483876807,1844.8776584815464,1783.7048854430448,1791.02880859375,3092877
2020-02-25 00:00:00+05:30,1791.1559424180696,1842.9304689892313,1787.3458730534364,1825.573486328125,2674567
2020-02-26 00:00:00+05:30,1823.7529652461767,1832.1350340739677,1788.9966290002187,1798.013916015625,2686842
2020-02-27 00:00:00+05:30,1794.9231097726379,1794.9231097726379,1766.347597920889,1782.6885986328125,2349001
2020-02-28 00:00:00+05:30,1750.9381917091303,1752.208214575457,1684.8970026601398,1693.4908447265625,4298076
2020-03-02 00:00:00+05:30,1722.9978636323435,1739.0424461311534,1681.2563998447122,1694.4647216796875,2667076
2020-03-03 00:00:00+05:30,1710.2972240123977,1744.1644957750195,1703.5237696598733,1724.013427734375,2757585
2020-03-04 00:00:00+05:30,1740.7779118358399,1773.3327881545006,1714.530774060105,1763.8076171875,3237002
2020-03-05 00:00:00+05:30,1765.9244388490056,1818.4610933163913,1764.527496365066,1799.241455078125,3937056
2020-03-06 00:00:00+05:30,1776.339083414552,1798.0563970556243,1753.9867581850333,1791.9603271484375,2595027
2020-03-09 00:00:00+05:30,1756.8649194977118,1761.0135780696148,1638.3294550496732,1669.9530029296875,4940975
2020-03-11 00:00:00+05:30,1636.636321432878,1682.6111958082988,1625.6294553290875,1654.16259765625,6796449
2020-03-12 00:00:00+05:30,1612.0824021004496,1615.807823280451,1488.7631577604227,1498.5,8728786
2020-03-13 00:00:00+05:30,1429.1145277232897,1540.961196063312,1275.1454310842842,1529.3616943359375,8029720
2020-03-16 00:00:00+05:30,1485.92694713623,1559.7999534824614,1418.9120444904488,1436.3114013671875,7844271
2020-03-17 00:00:00+05:30,1464.7598078857718,1465.6064898556479,1374.2918600754497,1403.7987060546875,5713248
2020-03-18 00:00:00+05:30,1419.716553764198,1450.832120219064,1378.1867563784579,1400.7508544921875,7258778
2020-03-19 00:00:00+05:30,1330.218453737501,1437.4666269722372,1319.173852491675,1395.5908203125,5135111
2020-03-20 00:00:00+05:30,1390.1752863044503,1594.0108037441826,1387.616681483031,1532.988037109375,8547498
2020-03-23 00:00:00+05:30,1381.6463108913158,1492.5191629998783,1379.7273576817445,1424.0338134765625,7003490
2020-03-24 00:00:00+05:30,1409.83334995614,1509.5762110720134,1392.6053555898582,1452.56201171875,6350865
2020-03-25 00:00:00+05:30,1449.875955977972,1543.6914590118408,1432.8185917899957,1492.7752685546875,2765520
2020-03-26 00:00:00+05:30,1562.1133259460546,1562.4971790901059,1469.10811408077,1527.4442138671875,4556067
2020-03-27 00:00:00+05:30,1552.2198330771273,1577.8058742816952,1492.860238304503,1556.0577392578125,4331250
2020-03-30 00:00:00+05:30,1506.165076400847,1624.7137432296793,1504.075591183426,1516.825927734375,8513547
2020-03-31 00:00:00+05:30,1567.0599369510269,1582.0703953517955,1518.105285027599,1557.4224853515625,3927593
2020-04-01 00:00:00+05:30,1557.2520289759525,1564.7998915386968,1451.581640767877,1457.3385009765625,4941878
2020-04-03 00:00:00+05:30,1483.990582092841,1483.990582092841,1407.2324485363147,1410.814453125,5735369
2020-04-07 00:00:00+05:30,1458.4046313279796,1523.0946638897606,1454.1402903007047,1514.0115966796875,5427577
2020-04-08 00:00:00+05:30,1501.0477984254007,1540.27972952061,1450.7285824554583,1454.5238037109375,6285615
2020-04-09 00:00:00+05:30,1492.903240486403,1517.0821395350658,1476.485526080959,1506.2933349609375,5307397
2020-04-13 00:00:00+05:30,1501.9010888734324,1524.0756648590707,1489.1080642663333,1500.4085693359375,2990438
2020-04-15 00:00:00+05:30,1522.3697061328662,1545.3971470659685,1473.585687725952,1479.854248046875,4761399
2020-04-16 00:00:00+05:30,1458.3619956778816,1505.2271676211903,1428.596977587081,1463.5645751953125,6245533
2020-04-17 00:00:00+05:30,1535.1626984690183,1579.4691580392125,1495.0778946756607,1540.450439453125,9895823
2020-04-20 00:00:00+05:30,1560.7486357074638,1560.7486357074638,1537.2947627665046,1551.068603515625,3244282
2020-04-21 00:00:00+05:30,1505.3123746692006,1530.5572525952164,1473.50034912997,1481.9864501953125,5122541
2020-04-22 00:00:00+05:30,1481.9865572839917,1526.6341900077705,1466.2084944263695,1509.150390625,3829836
2020-04-23 00:00:00+05:30,1518.1050125095667,1620.4491706562792,1501.7725697833482,1601.8992919921875,5934366
2020-04-24 00:00:00+05:30,1569.8742209031711,1579.4689867279417,1541.8149445790734,1550.9832763671875,2987102
2020-04-27 00:00:00+05:30,1562.710293037946,1599.1277200042246,1556.4843141374452,1566.3775634765625,3374741
2020-04-28 00:00:00+05:30,1590.5991823150816,1593.157786897894,1562.9662319987297,1585.524658203125,2678505
2020-04-29 00:00:00+05:30,1598.2748910789992,1631.1529994524578,1577.8487408118829,1625.2681884765625,4241510
2020-04-30 00:00:00+05:30,1688.678914924604,1733.0280581448462,1656.4404576320915,1718.0601806640625,5915544
2020-05-04 00:00:00+05:30,1676.7389408258857,1676.7389408258857,1632.0913097901657,1646.41943359375,3729348
2020-05-05 00:00:00+05:30,1667.4423175582585,1686.1201488300956,1643.4767459765271,1648.3807373046875,2905528
2020-05-06 00:00:00+05:30,1654.3935402262186,1666.248323228811,1614.9909725357868,1623.5196533203125,3517431
2020-05-07 00:00:00+05:30,1628.9781121379376,1649.830696065595,1606.2491558769693,1613.3280029296875,3166754
2020-05-08 00:00:00+05:30,1653.7967140002902,1654.1378821039598,1608.7226502287158,1614.8206787109375,2686530
2020-05-11 00:00:00+05:30,1628.1253119564062,1664.286942640589,1628.1253119564062,1650.5557861328125,2449841
2020-05-12 00:00:00+05:30,1648.9354681998118,1668.636703628184,1629.1915477156854,1662.6666259765625,3256595
2020-05-13 00:00:00+05:30,1700.6191157730445,1700.6191157730445,1642.3255976967826,1662.79443359375,2656665
2020-05-14 00:00:00+05:30,1628.9781976457855,1640.1507498024264,1612.8589684806122,1622.4537353515625,2263146
2020-05-15 00:00:00+05:30,1634.095398763768,1635.2894350128163,1590.7696544803578,1614.3941650390625,3173682
2020-05-18 00:00:00+05:30,1626.4194013748595,1665.6086473518733,1596.6542850584005,1659.340087890625,3727694
2020-05-19 00:00:00+05:30,1623.008076755361,1677.1225188056428,1623.008076755361,1661.9415283203125,3198693
2020-05-20 00:00:00+05:30,1663.093025314906,1674.0950461505058,1647.4854952795333,1666.163330078125,2778505
2020-05-21 00:00:00+05:30,1659.6812403942886,1704.0303793976302,1655.5448511361433,1698.2308349609375,3400908
2020-05-22 00:00:00+05:30,1686.2058541475913,1733.0283435021838,1672.687912742942,1723.0924072265625,3663418
2020-05-26 00:00:00+05:30,1718.5291824694216,1726.2049951950914,1641.7710552127228,1657.1226806640625,4575317
2020-05-27 00:00:00+05:30,1670.7688729293916,1714.2651529290847,1655.6304617530277,1710.2567138671875,3482160
2020-05-28 00:00:00+05:30,1695.9284491242158,1717.6765886528392,1681.259157439061,1709.40380859375,3475681
2020-05-29 00:00:00+05:30,1690.3844944738016,1707.9962407301268,1673.6683013241882,1682.154296875,7237735
2020-06-01 00:00:00+05:30,1697.2074096515555,1756.9081728051276,1689.6168632286274,1744.328369140625,3747773
2020-06-02 00:00:00+05:30,1757.0789638427254,1774.8186634393649,1739.8937534889687,1745.9490966796875,2443886
2020-06-03 00:00:00+05:30,1755.1016533426744,1765.2805344909555,1727.857870222522,1750.2259521484375,3699799
2020-06-04 00:00:00+05:30,1750.7390880419011,1796.287814773662,1750.7390880419011,1789.0599365234375,4048593
2020-06-05 00:00:00+05:30,1789.10268982106,1794.5770070725391,1745.221904268795,1752.0220947265625,3573289
2020-06-08 00:00:00+05:30,1777.683351391746,1792.0108847182523,1763.869126672349,1772.1234130859375,2957841
2020-06-09 00:00:00+05:30,1764.724804188766,1792.4388794215986,1762.286901134979,1772.38037109375,2909439
2020-06-10 00:00:00+05:30,1776.6569885092654,1823.6598110088175,1773.620364975039,1803.7723388671875,5168397
2020-06-11 00:00:00+05:30,1796.2879264299108,1800.5648024452203,1763.612635439315,1768.616455078125,2269513
2020-06-12 00:00:00+05:30,1720.33055980954,1752.8348173969925,1720.159526535973,1744.5377197265625,2842642
2020-06-15 00:00:00+05:30,1744.1953368488598,1761.2173221373507,1711.5627560630367,1736.325927734375,2399022
2020-06-16 00:00:00+05:30,1766.3495514760434,1774.0051167245538,1737.2667985703847,1749.9263916015625,2146528
2020-06-17 00:00:00+05:30,1750.0974900536958,1761.0891438440908,1733.4604857880236,1751.63720703125,2703527
2020-06-18 00:00:00+05:30,1749.2423198450656,1761.3886061675973,1732.3058487716403,1743.3402099609375,1944389
2020-06-19 00:00:00+05:30,1746.6759479748573,1787.7339526285268,1738.1221970053427,1748.89990234375,5681758
2020-06-22 00:00:00+05:30,1753.5192692262176,1755.4438635461001,1727.1309635456812,1734.658203125,3196138
2020-06-23 00:00:00+05:30,1733.8455344865868,1748.38691292086,1719.3041560523134,1740.9451904296875,4205944
2020-06-24 00:00:00+05:30,1739.8327684497906,1765.7078624741791,1737.7798475448421,1746.8468017578125,2560937
2020-06-25 00:00:00+05:30,1740.6884620999253,1762.072841241202,1718.6625515844103,1724.5218505859375,3043931
2020-06-26 00:00:00+05:30,1732.1345841192513,1823.6597201690092,1727.8148980813817,1812.41162109375,6300722
2020-06-29 00:00:00+05:30,1803.1308124034804,1819.89624884091,1788.846089194922,1797.6990966796875,3076341
2020-06-30 00:00:00+05:30,1796.287817087347,1806.4666978514458,1774.9462488364122,1781.019287109375,3071725
2020-07-01 00:00:00+05:30,1778.9235826385732,1808.2201802900945,1778.7525493821536,1789.487548828125,2503466
2020-07-02 00:00:00+05:30,1797.9988656228843,1851.8875090739984,1794.5773644513852,1845.1727294921875,3758699
2020-07-03 00:00:00+05:30,1850.7326134263144,1886.1024642593381,1847.824421050447,1881.526123046875,4185208
2020-07-06 00:00:00+05:30,1886.1023364232426,1941.6161039716267,1886.1023364232426,1935.8851318359375,5190366
2020-07-07 00:00:00+05:30,1945.9779742102994,1969.6718181079564,1909.3250747677398,1941.615478515625,5630055
2020-07-08 00:00:00+05:30,1941.7014497480034,1945.4650166024567,1888.3261277898566,1897.99169921875,2793358
2020-07-09 00:00:00+05:30,1906.6314250896387,1919.889741414847,1874.1699762404173,1885.5465087890625,3443998
2020-07-10 00:00:00+05:30,1886.3161161203443,1924.4659326896792,1861.2963920997026,1900.943115234375,9610320
2020-07-13 00:00:00+05:30,1898.93310546875,1920.2746767570843,1890.3793527414134,1898.93310546875,2963503
2020-07-14 00:00:00+05:30,1890.3790977537085,1915.1849773169924,1851.8872156727507,1857.83203125,2976738
2020-07-15 00:00:00+05:30,1868.9947474626927,1933.1478852474534,1865.6588678306166,1910.822509765625,5569321
2020-07-16 00:00:00+05:30,1923.767370336447,2000.066521833748,1903.2781313510932,1915.83740234375,8582118
2020-07-17 00:00:00+05:30,1917.7664794783207,1923.6817237458743,1877.516572204934,1886.6895751953125,4509135
2020-07-20 00:00:00+05:30,1886.9038476891508,1909.1076756706116,1878.1594918906717,1892.819091796875,2952646
2020-07-21 00:00:00+05:30,1911.765535909535,1919.181044963241,1887.0325213773183,1907.52197265625,2665286
2020-07-22 00:00:00+05:30,1912.623122450519,1912.623122450519,1872.50171701776,1878.2884521484375,2861534
2020-07-23 00:00:00+05:30,1878.2879995781861,1878.2879995781861,1854.3266773002174,1861.3564453125,2265766
2020-07-24 00:00:00+05:30,1847.0396882719926,1854.3266863459364,1821.8353315951642,1849.5257568359375,3665100
2020-07-27 00:00:00+05:30,1856.041174058831,1898.9058663003746,1854.7552332915848,1891.8760986328125,4248480
2020-07-28 00:00:00+05:30,1898.9063953375296,1988.9222741232816,1898.9063953375296,1980.135009765625,8092319
2020-07-29 00:00:00+05:30,1964.917692844595,2007.7823894598785,1925.5250785152048,1951.243896484375,6090431
2020-07-30 00:00:00+05:30,1959.6882580000727,2021.4992387139448,1947.9862786970998,1954.20166015625,7098496
2020-07-31 00:00:00+05:30,1974.47683527032,2001.6103192883236,1935.2985365108568,1955.8306884765625,4723290
2020-08-03 00:00:00+05:30,1963.5890531771101,1975.0769186658217,1912.365735301378,1932.46923828125,4012337
2020-08-04 00:00:00+05:30,1937.441192618266,1945.756901095364,1907.5217210016162,1928.6539306640625,2927928
2020-08-05 00:00:00+05:30,1937.484555228618,1971.7763172680627,1931.4834968717153,1937.055908203125,3800641
2020-08-06 00:00:00+05:30,1950.343340919558,1988.4929139617207,1942.0705396990495,1978.7198486328125,4748047
2020-08-07 00:00:00+05:30,1978.6339889344054,1995.7798640551541,1960.630820057619,1967.789306640625,3165491
2020-08-10 00:00:00+05:30,1987.207716203962,1993.2087748810231,1951.2442707064945,1957.031005859375,2929353
2020-08-11 00:00:00+05:30,1957.2015174327273,1982.0630347369538,1950.8576277717366,1954.5438232421875,2774423
2020-08-12 00:00:00+05:30,1961.7888835700248,1968.6899330934443,1925.953951140897,1935.2127685546875,3415751
2020-08-13 00:00:00+05:30,1948.629163112408,1971.7760999377642,1929.3400490912775,1932.726318359375,2695682
2020-08-14 00:00:00+05:30,1952.0585439368213,1955.7449501969384,1914.423419014507,1922.1817626953125,2270405
2020-08-17 00:00:00+05:30,1940.0561552172792,1946.0572127013804,1918.83813054135,1931.8260498046875,2625630
2020-08-18 00:00:00+05:30,1939.8846228642929,1962.3456805368155,1927.4538616726006,1945.8427734375,3493374
2020-08-19 00:00:00+05:30,1951.501258456139,1958.573933875812,1931.0547130682417,1934.5697021484375,2843005
2020-08-20 00:00:00+05:30,1934.912544753965,1951.672684199287,1920.3814534135006,1931.3548583984375,2895164
2020-08-21 00:00:00+05:30,1937.4843712440008,1946.9146049093479,1921.238692380574,1927.7113037109375,1975294
2020-08-24 00:00:00+05:30,1929.426072038383,1937.4416458231585,1911.7657308938603,1927.2828369140625,2167966
2020-08-25 00:00:00+05:30,1924.6248318345497,1928.9113013932013,1914.8088584052919,1922.610107421875,1663419
2020-08-26 00:00:00+05:30,1922.053106517466,1937.3985850661563,1900.1492034301464,1931.9119873046875,2618149
2020-08-27 00:00:00+05:30,1942.6277613224509,1960.9310677716903,1921.838386559843,1927.539306640625,3579393
2020-08-28 00:00:00+05:30,1944.6856821145025,1954.587469960892,1916.1379585292202,1919.0955810546875,2941136
2020-08-31 00:00:00+05:30,1920.3385099401928,1951.372510071133,1910.0509822083702,1935.1268310546875,6018154
2020-09-01 00:00:00+05:30,1945.1997262812397,1952.9153708544134,1921.4527287327448,1925.7821044921875,3610908
2020-09-02 00:00:00+05:30,1926.3392484566268,1944.9853893796048,1921.752642716391,1941.8990478515625,2084137
2020-09-03 00:00:00+05:30,1944.342532641267,1992.3509902373478,1944.342532641267,1971.3472900390625,4654146
2020-09-04 00:00:00+05:30,1950.343497414646,1992.5652192817543,1940.013064722135,1962.1741943359375,5231303
2020-09-07 00:00:00+05:30,1962.3453851962058,2009.067894367544,1957.5017592499119,1994.9654541015625,4620401
2020-09-08 00:00:00+05:30,2002.5954408287039,2049.317953642136,1994.9656096122972,2013.0972900390625,7453998
2020-09-09 00:00:00+05:30,1993.2084793100607,2022.3564742763153,1988.922009462082,1995.480224609375,3866535
2020-09-10 00:00:00+05:30,2001.7810115108412,2013.3544777444156,1992.6080097635381,1998.4803466796875,2308813
2020-09-11 00:00:00+05:30,1998.3089169312864,2042.9311005383001,1997.6230400395843,2035.30126953125,4145424
2020-09-14 00:00:00+05:30,2043.8748208970546,2148.1645579804117,2041.945909291565,2135.8623046875,7512131
2020-09-15 00:00:00+05:30,2135.8623046875,2175.8122909924314,2112.8869916712433,2135.8623046875,7318770
2020-09-16 00:00:00+05:30,2133.761862190042,2149.7505208908246,2123.774470797287,2145.806884765625,3074003
2020-09-17 00:00:00+05:30,2126.0888144315936,2139.591192990988,2100.884458174163,2109.75732421875,4828176
2020-09-18 00:00:00+05:30,2130.3755260448897,2143.5777695284337,2088.710955175567,2100.284423828125,4183256
2020-09-21 00:00:00+05:30,2113.230074583063,2147.436027364296,2102.2137610623663,2113.4873046875,4598809
2020-09-22 00:00:00+05:30,2130.3751648804437,2190.385732905245,2107.228231499449,2162.909423828125,7499613
2020-09-23 00:00:00+05:30,2151.8084770708465,2160.2529087986136,2065.2217614596293,2115.33056640625,7502280
2020-09-24 00:00:00+05:30,2100.3700631724664,2100.3700631724664,1974.005025540892,1999.4237060546875,8424708
2020-09-25 00:00:00+05:30,2030.0719464456893,2091.797106979511,2016.4410572145775,2076.623046875,8228267
2020-09-28 00:00:00+05:30,2091.797376265644,2095.226552292309,2028.3576197723414,2080.052490234375,4347166
2020-09-29 00:00:00+05:30,2087.382596318132,2152.708364039755,2080.052689997132,2133.29052734375,6995811
2020-09-30 00:00:00+05:30,2133.8046771202826,2147.521380548939,2108.943152155844,2136.6337890625,3917166
2020-10-01 00:00:00+05:30,2151.8078171247416,2177.526635656113,2136.6337560512884,2163.33837890625,2610337
2020-10-05 00:00:00+05:30,2246.1103891317093,2338.783958754555,2231.579296985746,2319.666259765625,17412105
2020-10-06 00:00:00+05:30,2345.5563627715733,2345.5563627715733,2271.9148925581817,2326.953125,9846367
2020-10-07 00:00:00+05:30,2350.700098184519,2374.704329675827,2317.265632893054,2345.513427734375,9656101
2020-10-08 00:00:00+05:30,2400.4224271381877,2473.2923936763113,2400.4224271381877,2422.454833984375,19839329
2020-10-09 00:00:00+05:30,2408.9959271272833,2426.0132952436484,2383.277109399946,2411.52490234375,7739245
2020-10-12 00:00:00+05:30,2413.710840706438,2446.7166540139137,2401.06575638734,2426.1416015625,4623203
2020-10-13 00:00:00+05:30,2439.001358145839,2447.488484775687,2410.882073914188,2423.184326171875,4209878
2020-10-14 00:00:00+05:30,2446.817026444454,2446.817026444454,2399.9383960375526,2418.92236328125,4395936
2020-10-15 00:00:00+05:30,2420.1280703092193,2434.548968629276,2347.8083414205767,2359.517333984375,6629355
2020-10-16 00:00:00+05:30,2367.6967904007324,2386.250079946753,2351.5109012734006,2379.061279296875,5273773
2020-10-19 00:00:00+05:30,2388.2728214599206,2388.2728214599206,2330.244935758179,2334.506591796875,3331194
2020-10-20 00:00:00+05:30,2346.086360712737,2376.133401035261,2340.0166273556647,2358.1396484375,3406273
2020-10-21 00:00:00+05:30,2358.1397514864802,2366.749243094682,2292.7507047607205,2303.38330078125,4570143
2020-10-22 00:00:00+05:30,2290.9858149552647,2313.0690777980003,2271.2701624060755,2299.724365234375,5262294
2020-10-23 00:00:00+05:30,2314.059191346406,2326.28462736434,2298.8204332723008,2313.1982421875,3499091
2020-10-26 00:00:00+05:30,2315.909736932558,2333.12871705465,2299.1643208023493,2314.403076171875,2672752
2020-10-27 00:00:00+05:30,2324.3471864953563,2340.1885648616803,2259.216475254929,2264.425048828125,3537502
2020-10-28 00:00:00+05:30,2281.5144986779515,2286.6371024006153,2243.6327485112233,2257.580078125,3569445
2020-10-29 00:00:00+05:30,2245.35508294559,2285.8196875845633,2238.682727925334,2266.577392578125,3105968
2020-10-30 00:00:00+05:30,2269.548489359754,2302.4797994398205,2257.064724754239,2294.30078125,3427003
2020-11-02 00:00:00+05:30,2290.1247211167292,2294.300408538687,2238.5108620158076,2242.42822265625,2571196
2020-11-03 00:00:00+05:30,2241.9115731885104,2294.4294710243394,2239.3718152497363,2267.395751953125,2879269
2020-11-04 00:00:00+05:30,2247.07694053225,2343.374172424832,2247.07694053225,2284.226806640625,4893928
2020-11-05 00:00:00+05:30,2311.647621994637,2333.17134286982,2296.1505429645053,2312.250244140625,2816502
2020-11-06 00:00:00+05:30,2323.7008546207003,2335.96937524995,2308.4621026144646,2330.975830078125,3884421
2020-11-09 00:00:00+05:30,2351.337648996007,2362.4438058429355,2320.343488277951,2347.46337890625,3646592
2020-11-10 00:00:00+05:30,2322.151950901146,2335.884047483179,2271.48522072707,2281.1708984375,4760020
2020-11-11 00:00:00+05:30,2296.969157957218,2318.3638276224265,2275.8328150660113,2314.05908203125,3242441
2020-11-12 00:00:00+05:30,2312.5093308688784,2335.754957054083,2291.6313147580927,2299.63818359375,2437505
2020-11-13 00:00:00+05:30,2286.4654696117364,2294.343069445796,2269.4617256505835,2287.41259765625,2548093
2020-11-14 00:00:00+05:30,2305.578976784706,2315.0925079317017,2290.1680694553174,2299.035888671875,298819
2020-11-17 00:00:00+05:30,2320.258178442934,2320.258178442934,2281.558552533044,2295.333740234375,2827273
2020-11-18 00:00:00+05:30,2290.985798174845,2293.7407935486212,2244.5376313401994,2261.412109375,2893762
2020-11-19 00:00:00+05:30,2270.322262951934,2304.028328512575,2265.0275112621366,2270.236083984375,4167501
2020-11-20 00:00:00+05:30,2285.8198609740625,2303.8997920778124,2262.1868502126913,2290.33984375,2711471
2020-11-23 00:00:00+05:30,2315.9522017599456,2350.390152715484,2294.428482412734,2345.439697265625,3706418
2020-11-24 00:00:00+05:30,2354.1787360458343,2361.582981128241,2328.8669208719984,2343.546142578125,3120516
2020-11-25 00:00:00+05:30,2349.530133195957,2352.930840159304,2314.403367289931,2325.681884765625,3302249
2020-11-26 00:00:00+05:30,2312.508933127224,2351.2085472853,2307.3432393078774,2342.2978515625,2341099
2020-11-27 00:00:00+05:30,2328.867134250973,2339.80114493148,2297.916058553336,2307.0419921875,6086808
2020-12-01 00:00:00+05:30,2306.4825783892575,2355.4704968169954,2259.5177641778523,2347.635986328125,3605017
2020-12-02 00:00:00+05:30,2340.92061902529,2371.6564600684815,2326.671869283608,2367.22265625,2509032
2020-12-03 00:00:00+05:30,2388.1866135317773,2388.1866135317773,2325.2513607241167,2332.698486328125,2852548
2020-12-04 00:00:00+05:30,2333.8605983467037,2358.010259908781,2323.7013580772364,2348.281494140625,2686527
2020-12-07 00:00:00+05:30,2337.4765194002043,2362.4440402335767,2329.857036724004,2357.02001953125,1996400
2020-12-08 00:00:00+05:30,2359.000581353689,2415.4358380300796,2352.5003734796765,2408.3330078125,4277818
2020-12-09 00:00:00+05:30,2423.5719992908907,2445.0957293023553,2404.7601751838006,2419.9560546875,3659996
2020-12-10 00:00:00+05:30,2426.154567677844,2434.1614363591725,2393.6537391008965,2397.140625,2127801
2020-12-11 00:00:00+05:30,2404.372596916649,2417.286833886007,2380.1369629478827,2396.5380859375,1795408
2020-12-14 00:00:00+05:30,2412.3791247326753,2414.1010227517563,2372.9907075461942,2408.677001953125,2483658
2020-12-15 00:00:00+05:30,2398.603625274493,2406.0938386343532,2371.91420948716,2377.553466796875,2365509
2020-12-16 00:00:00+05:30,2392.5772064159487,2427.7039667062795,2376.606560858527,2422.882568359375,2565149
2020-12-17 00:00:00+05:30,2420.127397590094,2456.8898741844782,2414.9617041053766,2443.545166015625,2863460
2020-12-18 00:00:00+05:30,2469.2016917298365,2495.0301613086003,2450.43296179741,2463.175048828125,6076692
2020-12-21 00:00:00+05:30,2463.1757190987637,2485.129924214814,2397.743578360733,2428.005859375,2705195
2020-12-22 00:00:00+05:30,2439.929392236456,2482.675424717114,2426.7137414089384,2473.075927734375,2881737
2020-12-23 00:00:00+05:30,2476.1326515629303,2513.110372629727,2467.006507208422,2504.28564453125,2790988
2020-12-24 00:00:00+05:30,2504.5015621777106,2515.1343703156017,2482.28902776922,2504.802978515625,1807144
2020-12-28 00:00:00+05:30,2505.3621230484123,2539.5417635820504,2498.474529582987,2522.064453125,2108994
2020-12-29 00:00:00+05:30,2513.971022036555,2541.521389401339,2513.971022036555,2523.010986328125,1994151
2020-12-30 00:00:00+05:30,2526.368973799279,2537.819638953184,2498.4743068283597,2504.75927734375,2637968
2020-12-31 00:00:00+05:30,2496.751742137695,2501.056486520691,2449.399553924739,2464.681396484375,4040956
2021-01-01 00:00:00+05:30,2479.533184282421,2531.1901256216383,2478.672235260101,2521.073974609375,2681440
2021-01-04 00:00:00+05:30,2539.7999106315733,2626.5405346980588,2532.008279036698,2616.811767578125,5113293
2021-01-05 00:00:00+05:30,2616.9411700789765,2681.210941269064,2616.9411700789765,2662.915771484375,5801309
2021-01-06 00:00:00+05:30,2668.94156818368,2680.5643782386737,2614.8739356671163,2627.185546875,3726716
2021-01-07 00:00:00+05:30,2647.418187574669,2652.4548233256423,2583.062249518992,2611.086181640625,3717827
2021-01-08 00:00:00+05:30,2660.3320661499156,2693.0481239213386,2634.503599488266,2686.935302734375,5879039
2021-01-11 00:00:00+05:30,2780.865584960239,2780.865584960239,2709.019424811484,2734.76171875,9508039
2021-01-12 00:00:00+05:30,2734.7621582868046,2763.6470471892667,2711.9900930361964,2733.384765625,3611458
2021-01-13 00:00:00+05:30,2733.5128524415877,2735.2347503013934,2691.5415921088234,2719.694580078125,3572801
2021-01-14 00:00:00+05:30,2721.462889940996,2817.6413724222707,2691.617285579722,2804.012451171875,6931542
2021-01-15 00:00:00+05:30,2790.4700598815957,2824.1109663222087,2768.9053762658186,2789.046875,4131692
2021-01-18 00:00:00+05:30,2803.4088639168835,2809.231328480403,2749.4108120240853,2779.040771484375,4160906
2021-01-19 00:00:00+05:30,2788.745285260134,2828.4243088054377,2787.882697791758,2812.638916015625,2975735
2021-01-20 00:00:00+05:30,2820.6614419334096,2870.648351056477,2818.160022139407,2854.1298828125,3453446
2021-01-21 00:00:00+05:30,2850.852187112454,2854.4318416277288,2813.8472611143934,2823.982666015625,2778546
2021-01-22 00:00:00+05:30,2796.421887265517,2868.1029813523014,2796.421887265517,2849.21240234375,3052459
2021-01-25 00:00:00+05:30,2854.259009732699,2880.869919684752,2828.1225650480674,2839.034423828125,2272887
2021-01-27 00:00:00+05:30,2846.538163774744,2852.1018098854183,2783.5692892427573,2812.9404296875,2786662
2021-01-28 00:00:00+05:30,2786.1574631585613,2824.973898403804,2746.3059650919727,2757.303955078125,3083938
2021-01-29 00:00:00+05:30,2768.948610007639,2774.8142462015344,2674.0208284781415,2683.811279296875,5445659
2021-02-01 00:00:00+05:30,2674.0212094804033,2730.089396130799,2625.8026531981222,2707.964111328125,3985846
2021-02-02 00:00:00+05:30,2737.852699851867,2780.9820744557087,2717.150600042023,2763.255859375,2881837
2021-02-03 00:00:00+05:30,2771.493218222829,2791.3327277214676,2728.0618599311533,2760.32275390625,2505866
2021-02-04 00:00:00+05:30,2774.1238997219257,2792.928344786841,2739.577236594088,2750.31640625,2057261
2021-02-05 00:00:00+05:30,2759.3738955726767,2765.3258749331653,2699.035949619647,2724.0078125,2366135
2021-02-08 00:00:00+05:30,2751.22313203677,2782.7075792289133,2721.593163935313,2772.44287109375,2526592
2021-02-09 00:00:00+05:30,2755.9671666238105,2799.7866553978947,2729.2269531135325,2740.354248046875,2658751
2021-02-10 00:00:00+05:30,2747.3411731650913,2777.014098773205,2723.4475416582923,2771.75244140625,2127983
2021-02-11 00:00:00+05:30,2773.2181195445305,2776.927286986236,2747.383672493421,2765.454833984375,1165882
2021-02-12 00:00:00+05:30,2746.650832906159,2799.52748410672,2744.7531826922145,2752.343994140625,2777404
2021-02-15 00:00:00+05:30,2768.043101041877,2768.043101041877,2701.235745785617,2708.395263671875,2630853
2021-02-16 00:00:00+05:30,2717.15087078366,2732.3754572987605,2674.021491882332,2681.6123046875,3435770
2021-02-17 00:00:00+05:30,2678.4199325093405,2702.3567302902675,2627.0528162339115,2650.817138671875,3678426
2021-02-18 00:00:00+05:30,2643.8303988706775,2672.209440285452,2614.5024270724384,2637.231689453125,4189909
2021-02-19 00:00:00+05:30,2637.7923377748643,2662.936676901493,2601.6929699093357,2649.7392578125,3725028
2021-02-22 00:00:00+05:30,2670.57107987573,2670.57107987573,2538.724487383171,2551.922119140625,5366696
2021-02-23 00:00:00+05:30,2561.8847554976905,2611.9148281639755,2560.1595805781635,2570.68310546875,3832829
2021-02-24 00:00:00+05:30,2563.6096502829137,2590.6518484285643,2519.7469985099015,2542.993896484375,3774549
2021-02-25 00:00:00+05:30,2565.334612192327,2613.55315768681,2560.5472105924123,2583.707763671875,4224073
2021-02-26 00:00:00+05:30,2553.2586180761905,2563.9116563447387,2484.251628398456,2496.586669921875,5553153
2021-03-01 00:00:00+05:30,2523.9311176442743,2557.572031379109,2503.0565414965754,2522.37841796875,3265871
2021-03-02 00:00:00+05:30,2553.258975752009,2609.3271627195363,2542.907925850312,2593.239990234375,3306469
2021-03-03 00:00:00+05:30,2617.9530124881944,2642.968049510322,2585.0883451289606,2638.741455078125,3509857
2021-03-04 00:00:00+05:30,2607.602012509075,2658.02020976572,2601.6070715025844,2630.633056640625,3916760
2021-03-05 00:00:00+05:30,2601.649925333204,2642.2776652670846,2584.829471136932,2594.7060546875,3203686
2021-03-08 00:00:00+05:30,2601.563537985365,2616.227523444832,2584.311790385993,2593.757080078125,2003125
2021-03-09 00:00:00+05:30,2593.7573332178704,2645.469409575345,2580.9480357307766,2631.711181640625,1942397
2021-03-10 00:00:00+05:30,2652.4561674575993,2668.155215500938,2639.5173568846353,2648.962646484375,3053778
2021-03-12 00:00:00+05:30,2652.4561803119,2688.6848500917695,2623.4301993562667,2637.7490234375,2938317
2021-03-15 00:00:00+05:30,2623.129003220811,2673.159086149718,2623.129003220811,2644.822998046875,3097083
2021-03-16 00:00:00+05:30,2639.517400627141,2709.3869788790357,2639.517400627141,2682.68994140625,4894756
2021-03-17 00:00:00+05:30,2678.3338785345964,2721.463248559308,2661.340948863385,2685.19140625,3838390
2021-03-18 00:00:00+05:30,2696.404981132121,2714.0880224400876,2576.5916781654355,2619.24658203125,3656306
2021-03-19 00:00:00+05:30,2613.6399845393075,2673.158518840698,2592.075298198224,2631.064208984375,5776626
2021-03-22 00:00:00+05:30,2629.7705068209143,2708.050323567808,2603.8497099558917,2699.596923828125,2821646
2021-03-23 00:00:00+05:30,2708.5250103130106,2733.5400502171756,2693.731717503306,2710.767822265625,3305973
2021-03-24 00:00:00+05:30,2683.6819378774467,2719.134365061862,2683.638766387938,2692.2216796875,2207104
2021-03-25 00:00:00+05:30,2684.5443124607837,2700.6316929172795,2630.8914213311755,2643.700927734375,3179786
2021-03-26 00:00:00+05:30,2665.9556395899776,2689.547489004796,2624.8966060749212,2645.383056640625,3697370
2021-03-30 00:00:00+05:30,2659.357110741005,2750.3169153067583,2640.2938438418096,2724.525634765625,4694008
2021-03-31 00:00:00+05:30,2721.463619102992,2764.5929950000286,2701.6241061903556,2741.173828125,3530069
2021-04-01 00:00:00+05:30,2752.603218933267,2773.2189771703447,2712.837848584987,2730.089599609375,4285076
2021-04-05 00:00:00+05:30,2735.2646286513113,2814.622668965383,2718.012880756948,2793.834228515625,5317862
2021-04-06 00:00:00+05:30,2824.973803883292,2824.973803883292,2786.157369936804,2816.089111328125,2291562
2021-04-07 00:00:00+05:30,2811.1721651917283,2827.173202604607,2790.2975935030586,2821.8681640625,2491268
2021-04-08 00:00:00+05:30,2820.6612782316224,2876.7294687775106,2817.2540995400586,2861.5048828125,2578118
2021-04-09 00:00:00+05:30,2893.118353143342,2893.420342992683,2853.4393298146024,2865.731201171875,2911129
2021-04-12 00:00:00+05:30,2865.7314277949345,2879.403524412328,2771.666215324672,2800.43359375,3791828
2021-04-13 00:00:00+05:30,2772.355844796707,2772.355844796707,2650.7741954640505,2677.514404296875,8654596
2021-04-15 00:00:00+05:30,2726.0353041877324,2792.411369848915,2663.1957209025627,2776.6259765625,6062760
2021-04-16 00:00:00+05:30,2785.2946139374144,2800.821186576273,2745.2706442609606,2756.095947265625,3224657
2021-04-19 00:00:00+05:30,2733.53968922068,2750.7914386004254,2704.2980582590685,2727.3291015625,2679106
2021-04-20 00:00:00+05:30,2781.844332141803,2782.146321965287,2696.750170373957,2712.44921875,3141893
2021-04-22 00:00:00+05:30,2715.4250580742028,2715.4250580742028,2678.5494477715747,2690.237548828125,1988980
2021-04-23 00:00:00+05:30,2678.333689003708,2690.40991175606,2666.3006377368515,2682.21533203125,1615309
2021-04-26 00:00:00+05:30,2675.789171703827,2719.737955733293,2663.712948620964,2674.7109375,2490260
2021-04-27 00:00:00+05:30,2679.196990771921,2705.1609608500166,2676.6092280635125,2701.624267578125,1471417
2021-04-28 00:00:00+05:30,2717.1073298168585,2718.013088769156,2684.372177800576,2694.8095703125,1639037
2021-04-29 00:00:00+05:30,2713.35515029315,2723.490552768404,2678.765309523526,2687.175537109375,1621395
2021-04-30 00:00:00+05:30,2673.158674481998,2701.667233603313,2605.0142616765515,2618.513671875,3072305
2021-05-03 00:00:00+05:30,2609.2408297283305,2635.2047975682726,2591.212835317542,2619.67822265625,1545831
2021-05-04 00:00:00+05:30,2641.932588331327,2665.3949222272317,2617.952617786294,2630.67578125,1990777
2021-05-05 00:00:00+05:30,2648.1430714400576,2673.503054401822,2632.961450376518,2670.3115234375,1939289
2021-05-06 00:00:00+05:30,2678.7651081458753,2703.3488484717996,2651.5936056803803,2683.8974609375,1791671
2021-05-07 00:00:00+05:30,2702.4862453182805,2725.6468005693077,2684.1994350905716,2702.39990234375,1912540
2021-05-10 00:00:00+05:30,2713.6569210585,2729.3991418750993,2695.585756267013,2713.268798828125,2137153
2021-05-11 00:00:00+05:30,2695.585750619421,2698.25985592109,2666.387081531657,2693.515625,2415625
2021-05-12 00:00:00+05:30,2691.272945509579,2691.272945509579,2648.661208109403,2663.3251953125,1978558
2021-05-14 00:00:00+05:30,2672.7271561501516,2672.7271561501516,2622.2657914140586,2632.185546875,2043935
2021-05-17 00:00:00+05:30,2635.2040839861247,2652.6283045505916,2618.8149260169803,2647.92724609375,2890462
2021-05-18 00:00:00+05:30,2674.020799535241,2694.722896047772,2655.043877732088,2664.35986328125,2098538
2021-05-19 00:00:00+05:30,2660.2200481753935,2689.5480253602063,2645.6424025764795,2658.494873046875,1986041
2021-05-20 00:00:00+05:30,2645.64203321326,2664.3601386258806,2632.7032215557847,2639.517578125,2329027
2021-05-21 00:00:00+05:30,2640.379742850694,2663.8420754481285,2635.290561983907,2657.2001953125,1685566
2021-05-24 00:00:00+05:30,2658.063232421875,2678.3340375368884,2649.8686516306993,2658.063232421875,1652260
2021-05-25 00:00:00+05:30,2680.1665788575788,2711.5883248095797,2671.585276336339,2699.236328125,1841613
2021-05-26 00:00:00+05:30,2704.43702261754,2743.44332582837,2690.394795786189,2737.80908203125,1923753
2021-05-27 00:00:00+05:30,2740.7998947132687,2789.167759579833,2740.669958334037,2756.44580078125,5959785
2021-05-28 00:00:00+05:30,2764.680391926616,2772.0482500019803,2718.0027593529935,2724.89404296875,1763701
2021-05-31 00:00:00+05:30,2730.4418480607005,2748.081453855223,2711.89226428172,2738.373046875,1652799
2021-06-01 00:00:00+05:30,2746.5642636676007,2747.734325938931,2714.839048376546,2733.0419921875,1377441
2021-06-02 00:00:00+05:30,2731.1789473459676,2738.633360645288,2700.103831442523,2712.629150390625,2240078
2021-06-03 00:00:00+05:30,2734.3855066677797,2734.3855066677797,2706.7342420318428,2722.85693359375,1281706
2021-06-04 00:00:00+05:30,2711.3717184393636,2736.379179711541,2708.7712979932903,2725.02392578125,1836060
2021-06-07 00:00:00+05:30,2726.107262347712,2765.5035872962007,2716.2257499250245,2759.21923828125,2559821
2021-06-08 00:00:00+05:30,2772.0480711734235,2800.6526947971643,2762.6865156629224,2773.91162109375,2574057
2021-06-09 00:00:00+05:30,2775.5149585481604,2791.1174786149522,2761.8193708316544,2773.998046875,1710925
2021-06-10 00:00:00+05:30,2782.4501531684887,2794.585449786669,2767.7144358464125,2788.344482421875,1874324
2021-06-11 00:00:00+05:30,2783.7932334575407,2868.263508106389,2783.3164474250875,2837.751953125,3452954
2021-06-14 00:00:00+05:30,2842.2595999383007,2868.003720504315,2834.761805496382,2839.962646484375,1847360
2021-06-15 00:00:00+05:30,2858.7290139704332,2858.7290139704332,2818.4658777931895,2828.174072265625,1304985
2021-06-16 00:00:00+05:30,2827.6103771033627,2855.8681501125543,2819.722351048015,2838.228759765625,1635552
2021-06-17 00:00:00+05:30,2830.557731356494,2891.7109961422934,2825.7902937443487,2875.848388671875,2273413
2021-06-18 00:00:00+05:30,2904.5827872718105,2910.737200128449,2838.792236575542,2858.1220703125,3380431
2021-06-21 00:00:00+05:30,2830.1245314068024,2848.3274763254985,2818.5959573004056,2837.145751953125,1130569
2021-06-22 00:00:00+05:30,2863.929787012964,2883.9097269133786,2847.460457123967,2861.502685546875,1708688
2021-06-23 00:00:00+05:30,2885.600136660066,2885.600136660066,2822.669871800225,2827.00390625,1467104
2021-06-24 00:00:00+05:30,2846.593547120891,2932.4074208008446,2841.8261096942265,2924.259521484375,4155204
2021-06-25 00:00:00+05:30,2925.6894244497503,2946.8394240778416,2903.8025544497928,2930.500244140625,2722861
2021-06-28 00:00:00+05:30,2939.774555421513,2939.774555421513,2889.0663698127387,2892.31689453125,1355238
2021-06-29 00:00:00+05:30,2896.8685694266683,2917.9320187641097,2883.4330628958146,2895.871826171875,1497322
2021-06-30 00:00:00+05:30,2900.335598187766,2931.5406434760985,2893.8345470860304,2900.118896484375,1693146
2021-07-01 00:00:00+05:30,2910.7371261210815,2914.2043531921013,2888.503617177266,2896.434814453125,990310
2021-07-02 00:00:00+05:30,2887.3332807186644,2894.874457109893,2856.3015567820694,2882.5224609375,1682274
2021-07-05 00:00:00+05:30,2896.8687167421804,2924.606538087408,2862.196440060646,2878.665771484375,1972858
2021-07-06 00:00:00+05:30,2871.73124699857,2884.733350441063,2822.4100192558253,2827.7841796875,2159420
2021-07-07 00:00:00+05:30,2838.7916736710627,2845.4660423044647,2809.840417281791,2838.748291015625,2640710
2021-07-08 00:00:00+05:30,2858.7291063276816,2858.7291063276816,2801.433086588135,2824.490234375,2485811
2021-07-09 00:00:00+05:30,2817.12238849086,2844.8602089313854,2774.648850941305,2780.846435546875,6365067
2021-07-12 00:00:00+05:30,2804.1196529106564,2804.986459603983,2763.6832053160747,2767.800537109375,1892226
2021-07-13 00:00:00+05:30,2785.9172333767738,2785.9172333767738,2752.1117660147033,2762.990234375,1809339
2021-07-14 00:00:00+05:30,2762.5134715755094,2792.8517117716633,2760.7798578500147,2786.39404296875,2044279
2021-07-15 00:00:00+05:30,2803.81124948361,2807.503217958564,2774.6228962360215,2782.397705078125,2232968
2021-07-16 00:00:00+05:30,2791.1281405842824,2797.0788098448206,2772.8854729987643,2775.31787109375,1256526
2021-07-19 00:00:00+05:30,2762.4619088965896,2779.662185840611,2758.9871140426317,2766.4580078125,1597058
2021-07-20 00:00:00+05:30,2766.4574129478538,2792.865763325552,2741.74277019569,2784.873779296875,1811945
2021-07-22 00:00:00+05:30,2771.1482833453642,2801.509254252244,2771.1482833453642,2794.03857421875,2859334
2021-07-23 00:00:00+05:30,2805.8966321307703,2815.930143928845,2785.612433872691,2790.99853515625,1776193
2021-07-26 00:00:00+05:30,2779.835544562506,2800.901485798644,2771.8870371361213,2777.707275390625,1259611
2021-07-27 00:00:00+05:30,2779.835278038972,2788.5222632828436,2746.0862555326894,2765.02392578125,1121367
2021-07-28 00:00:00+05:30,2769.4107846512215,2783.7008323872246,2721.111063799001,2777.924072265625,1660654
2021-07-29 00:00:00+05:30,2780.052678048742,2801.943840221094,2771.4091694472813,2776.18701171875,1731997
2021-07-30 00:00:00+05:30,2796.3400368818106,2800.2491795242363,2747.1283593393214,2751.55859375,2999943
2021-08-02 00:00:00+05:30,2762.461109566621,2801.4655856823283,2751.168029558959,2796.687744140625,2608669
2021-08-03 00:00:00+05:30,2805.027244694332,2858.017849193048,2796.296783011644,2853.58740234375,3804735
2021-08-04 00:00:00+05:30,2866.705324099397,2871.2225143143883,2832.99977665973,2844.07568359375,2929598
2021-08-05 00:00:00+05:30,2844.9878853404775,2879.735828978224,2834.129152953682,2852.7626953125,2534521
2021-08-06 00:00:00+05:30,2842.859484842023,2887.5539828638334,2836.300768366551,2875.218505859375,2292362
2021-08-09 00:00:00+05:30,2887.4669563649913,2898.8469919313166,2875.39213164299,2886.424560546875,1510489
2021-08-10 00:00:00+05:30,2880.2570387080414,2910.053229734612,2880.2570387080414,2896.154052734375,2040777
2021-08-11 00:00:00+05:30,2910.140545485884,2918.8275321888273,2890.2474307699995,2905.10205078125,1929707
2021-08-12 00:00:00+05:30,2889.2911701909447,2925.776506675617,2889.2911701909447,2911.66015625,1310205
2021-08-13 00:00:00+05:30,2919.4785717498116,3023.0708709928867,2916.6553015398326,3008.650390625,4363584
2021-08-16 00:00:00+05:30,3005.6966863671473,3035.536563448586,2985.28227245685,3016.9462890625,2083489
2021-08-17 00:00:00+05:30,3024.8954190032327,3093.2619550301024,3008.303191243384,3086.529541015625,4336019
2021-08-18 00:00:00+05:30,3104.597920810114,3122.9708074862524,3072.2389047937404,3093.044189453125,2631309
2021-08-20 00:00:00+05:30,3045.6567137951697,3105.596905823654,3040.4445231839973,3092.132080078125,2836148
2021-08-23 00:00:00+05:30,3109.940503893269,3190.729461117312,3094.2169768470135,3159.8037109375,3744176
2021-08-24 00:00:00+05:30,3176.8307793682116,3185.821894709705,3122.4501621886025,3138.78173828125,2511141
2021-08-25 00:00:00+05:30,3136.001643795692,3212.229938599867,3133.4390255895655,3178.56787109375,2123263
2021-08-26 00:00:00+05:30,3179.436550700011,3203.4127144407685,3168.9252138816178,3189.730712890625,1902533
2021-08-27 00:00:00+05:30,3184.648780586405,3239.811136714947,3171.7052574467757,3231.688720703125,3944728
2021-08-30 00:00:00+05:30,3227.2146023966848,3249.2361919871105,3203.4123507283152,3215.3134765625,2033114
2021-08-31 00:00:00+05:30,3222.3506626628596,3304.6165938520867,3217.181948152087,3289.283935546875,3207480
2021-09-01 00:00:00+05:30,3297.5794411765964,3315.5614573561893,3220.2652761964287,3227.17138671875,2643336
2021-09-02 00:00:00+05:30,3243.720707324722,3352.438256803053,3233.2963236911123,3332.9794921875,3403717
2021-09-03 00:00:00+05:30,3322.772385614903,3350.4837881277463,3305.0075403754054,3337.583740234375,1746812
2021-09-06 00:00:00+05:30,3344.2282695737613,3368.4650827752403,3313.2157783547914,3346.226318359375,1723693
2021-09-07 00:00:00+05:30,3356.651431363143,3361.820145679296,3308.2214838221244,3314.866943359375,1585039
2021-09-08 00:00:00+05:30,3309.7415614728015,3314.085054335627,3262.8318385542893,3278.5986328125,4147175
2021-09-09 00:00:00+05:30,3292.1067510211997,3308.612022962336,3270.649939914643,3293.58349609375,1441148
2021-09-13 00:00:00+05:30,3272.3868587098586,3346.5736169166,3272.3868587098586,3340.449462890625,1691473
2021-09-14 00:00:00+05:30,3344.445625451803,3384.8835815661164,3322.771641085691,3375.67529296875,1991188
2021-09-15 00:00:00+05:30,3372.3746023512094,3457.4201024494814,3358.388471374295,3435.311767578125,2461369
2021-09-16 00:00:00+05:30,3413.984978155691,3458.9401238604128,3381.0613910627826,3390.790771484375,2946666
2021-09-17 00:00:00+05:30,3405.2980386219065,3427.015500602913,3305.3977135092737,3325.24755859375,6477148
2021-09-20 00:00:00+05:30,3308.8723784015588,3362.731682014291,3307.8734600232196,3321.468505859375,2002008
2021-09-21 00:00:00+05:30,3351.438754448293,3363.2096613345666,3319.8614796911293,3355.73876953125,1568129
2021-09-22 00:00:00+05:30,3355.3475863065564,3385.187461325402,3346.6171249272134,3355.04345703125,1744067
2021-09-23 00:00:00+05:30,3361.8639263604864,3369.6822145613246,3331.459472246115,3361.21240234375,2003869
2021-09-24 00:00:00+05:30,3379.2370506238785,3426.494162590542,3348.83260415297,3362.992431640625,2320754
2021-09-27 00:00:00+05:30,3387.92431758242,3391.399111754299,3303.573604226205,3333.15283203125,1673362
2021-09-28 00:00:00+05:30,3344.4887714625593,3344.4887714625593,3258.7048062205004,3282.94140625,2253075
2021-09-29 00:00:00+05:30,3266.132485042677,3306.2663111425195,3233.425861046127,3294.017578125,2489161
2021-09-30 00:00:00+05:30,3305.3973338425376,3305.3973338425376,3257.7058776440495,3279.814208984375,2252412
2021-10-01 00:00:00+05:30,3285.200640749703,3309.7413740348698,3235.9019995485273,3240.419189453125,1578374
2021-10-04 00:00:00+05:30,3235.7284709822225,3286.851254497421,3220.6564659820315,3277.8603515625,1356860
2021-10-05 00:00:00+05:30,3261.0943406416723,3335.8024155737935,3250.3225635085573,3329.982177734375,1877966
2021-10-06 00:00:00+05:30,3332.32761162696,3350.9611529611852,3296.710971356703,3310.523193359375,1678154
2021-10-07 00:00:00+05:30,3327.115296164053,3387.055493405651,3318.4717883990315,3381.75634765625,1647233
2021-10-08 00:00:00+05:30,3409.6412690064817,3466.0197111429757,3387.9238086943383,3418.892822265625,2934339
2021-10-11 00:00:00+05:30,3261.9628843462647,3264.1346306074806,3179.436526420061,3201.67529296875,11845402
2021-10-12 00:00:00+05:30,3219.396829075969,3220.2655276267183,3153.8970431833336,3173.2255859375,5752877
2021-10-13 00:00:00+05:30,3170.749655733795,3192.857991053429,3166.4061630547076,3175.266845703125,3545655
2021-10-14 00:00:00+05:30,3155.0737640746165,3194.240197007957,3140.4515866145366,3143.2802734375,6442299
2021-10-18 00:00:00+05:30,3136.31810253628,3179.1835977264323,3134.577371767137,3174.35302734375,3590107
2021-10-19 00:00:00+05:30,3193.370649232762,3211.7354441500183,3155.248602254649,3163.038330078125,3135441
2021-10-20 00:00:00+05:30,3143.7593878979965,3159.425962920744,3114.4281204926015,3141.017822265625,2933693
2021-10-21 00:00:00+05:30,3136.883670314862,3139.7992665819975,3056.070167017759,3074.5654296875,4871211
2021-10-22 00:00:00+05:30,3098.5003387692245,3099.893008187751,3033.2229439917833,3045.277587890625,2691670
2021-10-25 00:00:00+05:30,3048.889547465273,3058.942308854021,3002.7601880545794,3040.142333984375,2595594
2021-10-26 00:00:00+05:30,3041.491784387086,3071.5193896414444,3024.519659678101,3031.134521484375,3878763
2021-10-27 00:00:00+05:30,3031.4826995436415,3056.0705221856474,3031.4826995436415,3037.357666015625,2510813
2021-10-28 00:00:00+05:30,3061.9454848556675,3061.9454848556675,2972.297848431525,2978.085693359375,2424942
2021-10-29 00:00:00+05:30,2959.2853297841493,3012.3340478217433,2947.0130950983553,2957.283447265625,3960501
2021-11-01 00:00:00+05:30,2992.2725316859896,3034.963994875041,2970.513397796722,3025.738037109375,2020718
2021-11-02 00:00:00+05:30,3041.056967898401,3058.116216195204,3019.9506051418084,3032.52734375,3087414
2021-11-03 00:00:00+05:30,3049.9342708836666,3063.5989646219014,3016.729917190848,3039.533447265625,1537639
2021-11-04 00:00:00+05:30,3057.5497421995287,3057.8108942881813,3050.63038055364,3053.80712890625,328991
2021-11-08 00:00:00+05:30,3088.056149799711,3088.056149799711,3029.9157040300906,3048.672119140625,2526082
2021-11-09 00:00:00+05:30,3053.2416288846557,3076.7414931890703,3042.7972447493607,3051.23974609375,1782692
2021-11-10 00:00:00+05:30,3044.5379763984556,3063.4248618840948,3029.0454307612417,3032.614013671875,1516489
2021-11-11 00:00:00+05:30,3028.8713475755,3055.0258682331873,2990.5752730659246,3036.00830078125,1284514
2021-11-12 00:00:00+05:30,3051.500550347196,3076.001247008398,3033.832093367419,3068.951416015625,1747259
2021-11-15 00:00:00+05:30,3070.6484191597583,3106.8556964004206,3070.6484191597583,3092.668701171875,1809157
2021-11-16 00:00:00+05:30,3106.333875700264,3112.034811133801,3082.8340116924446,3095.3671875,2013204
2021-11-17 00:00:00+05:30,3090.3192548089405,3100.9812302018886,3051.8489368672776,3065.339599609375,1632914
2021-11-18 00:00:00+05:30,3059.4642841407654,3064.425535995087,3004.152743208787,3025.12841796875,2136598
2021-11-22 00:00:00+05:30,3027.478349628783,3060.1606067143043,2994.317561657031,3010.071044921875,3167936
2021-11-23 00:00:00+05:30,2998.4087961663104,3029.6983897266873,2966.0312458584126,3015.163330078125,2153461
2021-11-24 00:00:00+05:30,3022.0829202611835,3040.230125174157,2980.131347413317,2996.929443359375,2161746
2021-11-25 00:00:00+05:30,2997.450919820738,3014.074981759771,2988.877949258958,2999.191650390625,1849619
2021-11-26 00:00:00+05:30,2981.000988929402,3037.574730325143,2969.5991191284234,3000.0185546875,1941251
2021-11-29 00:00:00+05:30,3000.2796653058103,3071.8238631118234,2964.8558400184647,3048.019287109375,2981745
2021-11-30 00:00:00+05:30,3038.44554802296,3101.764629552227,3038.44554802296,3071.64990234375,5588446
2021-12-01 00:00:00+05:30,3076.741243695098,3124.6113337667334,3076.741243695098,3113.992919921875,2102118
2021-12-02 00:00:00+05:30,3123.9152323855865,3175.092756819471,3110.772843260999,3170.65380859375,3152938
2021-12-03 00:00:00+05:30,3173.743920998995,3190.7160465699467,3160.166348037167,3168.521728515625,2486263
2021-12-06 00:00:00+05:30,3168.5215187563167,3183.7964732572673,3065.426784803744,3077.9599609375,1849642
2021-12-07 00:00:00+05:30,3100.6761833719834,3131.5741495501466,3067.4282735320944,3119.82421875,1484458
2021-12-08 00:00:00+05:30,3134.185649600943,3173.743712566218,3134.185649600943,3156.72802734375,1428660
2021-12-09 00:00:00+05:30,3142.018648297052,3163.560188891332,3103.7225761294426,3134.838134765625,1567957
2021-12-10 00:00:00+05:30,3120.2599998939336,3169.87082834413,3111.6434673176273,3165.344970703125,1510718
2021-12-13 00:00:00+05:30,3176.8334371989795,3187.2778211020996,3134.7947494906152,3141.714111328125,1883864
2021-12-14 00:00:00+05:30,3137.6673609293484,3163.7783237110075,3113.0359768736716,3154.0302734375,1747007
2021-12-15 00:00:00+05:30,3150.722093052357,3153.333188709583,3096.88991925595,3107.508544921875,1603233
2021-12-16 00:00:00+05:30,3117.647865739565,3140.6689807088314,3107.203484279801,3117.2998046875,2072320
2021-12-17 00:00:00+05:30,3135.491383100008,3178.0088182880068,3110.4248168450613,3119.6943359375,4333992
2021-12-20 00:00:00+05:30,3123.7408108360028,3138.5370197477364,3055.1124274458575,3095.802001953125,2312310
2021-12-21 00:00:00+05:30,3118.2143081191102,3169.1742414013142,3104.0708713088916,3140.539306640625,2340989
2021-12-22 00:00:00+05:30,3154.203891564243,3165.344610059244,3138.754907271951,3160.078857421875,1224328
2021-12-23 00:00:00+05:30,3175.0931217159045,3194.676344094909,3159.4265438127013,3187.887451171875,1792861
2021-12-24 00:00:00+05:30,3207.2954263918227,3224.70272857034,3172.306791511299,3195.023193359375,2209923
2021-12-27 00:00:00+05:30,3195.1110213296242,3220.351615069357,3179.5315674317108,3216.957275390625,1534135
2021-12-28 00:00:00+05:30,3229.0552079698964,3242.110687247403,3214.998893611058,3226.052490234375,1456218
2021-12-29 00:00:00+05:30,3213.6066609317045,3237.7157401092845,3207.296511756607,3215.739013671875,1456923
2021-12-30 00:00:00+05:30,3204.1195040416433,3255.1663458319385,3202.94442584533,3249.7265625,1966475
2021-12-31 00:00:00+05:30,3257.6037965827786,3272.574039584694,3247.5945940680917,3253.730712890625,1207141
2022-01-03 00:00:00+05:30,3263.8703881386696,3333.4996230856277,3259.5185609544847,3322.837646484375,2346158
2022-01-04 00:00:00+05:30,3334.4563570429486,3384.9808892481374,3317.5711438865596,3381.1513671875,2488606
2022-01-05 00:00:00+05:30,3363.9620338385444,3368.3138605317376,3318.180732029534,3360.43701171875,1733031
2022-01-06 00:00:00+05:30,3317.8325190610126,3337.8509209336266,3283.0179071086413,3313.872314453125,1810293
2022-01-07 00:00:00+05:30,3324.7958836123003,3363.875205729341,3304.2551748321043,3353.953125,2460591
2022-01-10 00:00:00+05:30,3462.3134841433975,3462.3134841433975,3360.480734609768,3376.88720703125,3937092
2022-01-11 00:00:00+05:30,3356.129351952171,3416.184571165008,3356.129351952171,3408.26416015625,1906106
2022-01-12 00:00:00+05:30,3416.1840637185605,3419.6655251847706,3339.200289545301,3359.523193359375,3203744
2022-01-13 00:00:00+05:30,3410.091351901108,3414.4431785370202,3356.999066942974,3392.596923828125,6684507
2022-01-14 00:00:00+05:30,3375.146411994142,3461.4430528434973,3359.653866015669,3453.740234375,3348123
2022-01-17 00:00:00+05:30,3475.1077846169696,3518.8872054066355,3448.6487622565855,3498.12890625,3442604
2022-01-18 00:00:00+05:30,3511.010733077322,3517.756065446516,3464.0545586313738,3473.280517578125,2389041
2022-01-19 00:00:00+05:30,3498.0416342208123,3498.0416342208123,3409.5443196960337,3413.16259765625,3102539
2022-01-20 00:00:00+05:30,3409.1079518748434,3417.8268980433213,3322.7903848069127,3336.348388671875,6176776
2022-01-21 00:00:00+05:30,3319.3032369219345,3358.1461897142185,3288.0023012626775,3342.408447265625,3112358
2022-01-24 00:00:00+05:30,3348.075453230145,3356.489151449722,3260.9732629131663,3288.219970703125,3258414
2022-01-25 00:00:00+05:30,3286.6076260352775,3321.3961452874414,3245.3669571958144,3286.956298828125,3330501
2022-01-27 00:00:00+05:30,3253.038860524102,3255.1313224875653,3160.7053044667646,3181.761474609375,5718297
2022-01-28 00:00:00+05:30,3178.9284407068867,3251.9932675177347,3178.9284407068867,3217.33544921875,3143862
2022-01-31 00:00:00+05:30,3268.7328671273835,3276.579918555537,3244.6684909350897,3257.6162109375,2739393
2022-02-01 00:00:00+05:30,3287.042386870769,3320.174379099175,3257.7466454386495,3313.765869140625,2105169
2022-02-02 00:00:00+05:30,3337.5260181924546,3369.0015056035154,3313.766884903713,3362.20068359375,1984212
2022-02-03 00:00:00+05:30,3357.6666174504307,3385.1313015453898,3327.1939390990083,3334.648681640625,1960538
2022-02-04 00:00:00+05:30,3326.5402918909444,3334.7360179114785,3286.1715198488655,3326.19140625,2307366
2022-02-07 00:00:00+05:30,3305.352873326484,3340.9262203657618,3274.9672572822224,3294.89013671875,1919149
2022-02-08 00:00:00+05:30,3305.832014247331,3312.9378700936186,3244.31980762492,3263.893798828125,2946443
2022-02-09 00:00:00+05:30,3269.6056660386375,3293.9750843631887,3266.2053612919385,3278.80419921875,1638721
2022-02-10 00:00:00+05:30,3304.3066986400545,3304.3066986400545,3276.580403583315,3287.348388671875,2112459
2022-02-11 00:00:00+05:30,3271.7847587121223,3271.7847587121223,3217.2913416782762,3221.607177734375,3851488
2022-02-14 00:00:00+05:30,3246.9357944321227,3307.3145011357815,3234.729268889145,3255.436767578125,5951745
2022-02-15 00:00:00+05:30,3300.9929474963374,3343.715782791456,3267.8609527776734,3328.71923828125,3931683
2022-02-16 00:00:00+05:30,3351.5635338648667,3360.3697562876455,3318.431532229366,3324.6220703125,3256906
2022-02-17 00:00:00+05:30,3334.9971738861013,3343.7161207459344,3294.8900183308697,3299.423828125,3134372
2022-02-18 00:00:00+05:30,3286.1710113776135,3327.1064235629706,3276.231497285131,3307.881103515625,3688883
2022-02-21 00:00:00+05:30,3321.9192936476043,3337.439064154171,3230.849921464297,3242.925537109375,7465922
2022-02-22 00:00:00+05:30,3182.4154755643576,3198.022304668423,3112.6639034971936,3126.962890625,5408531
2022-02-23 00:00:00+05:30,3148.4119344468936,3158.7873968002073,3100.1524750080293,3107.258544921875,2426203
2022-02-24 00:00:00+05:30,3028.962533260586,3037.550782181064,2956.682539532843,2965.880859375,5039136
2022-02-25 00:00:00+05:30,3023.7314223598487,3077.7889045358324,3018.5000531170117,3069.723876953125,2549723
2022-02-28 00:00:00+05:30,3042.912584919786,3107.2148207758987,3013.180889703397,3098.88818359375,3288942
2022-03-02 00:00:00+05:30,3097.4055122433483,3114.3638193433144,3056.862414053534,3091.868896484375,2761341
2022-03-03 00:00:00+05:30,3106.429888039803,3120.162228552476,3077.8753387197994,3090.34326171875,1928039
2022-03-04 00:00:00+05:30,3052.939424780361,3104.9914980604067,3040.3405883905943,3072.8623046875,2370257
2022-03-07 00:00:00+05:30,3008.036538077574,3093.4822136519515,2991.9501243817053,3038.465576171875,3054130
2022-03-08 00:00:00+05:30,3016.7559553338515,3146.6682782658586,3016.7559553338515,3138.777587890625,3300992
2022-03-09 00:00:00+05:30,3143.180493415946,3185.9033350740265,3136.2489729035888,3167.244873046875,2719654
2022-03-10 00:00:00+05:30,3212.0604115144542,3212.0604115144542,3151.899670907913,3157.08740234375,2005441
2022-03-11 00:00:00+05:30,3141.654443106479,3173.565872904547,3132.5868237611335,3138.07958984375,1623423
2022-03-14 00:00:00+05:30,3121.382892115444,3180.9769774502593,3121.382892115444,3176.312255859375,1765688
2022-03-15 00:00:00+05:30,3190.2626259339454,3190.2626259339454,3126.0910925046414,3133.502197265625,3651133
2022-03-16 00:00:00+05:30,3174.1329640538497,3198.1100706357697,3152.98951552252,3187.56005859375,3090475
2022-03-17 00:00:00+05:30,3223.0464856446897,3234.729791118925,3191.3966610184343,3202.251708984375,3600452
2022-03-21 00:00:00+05:30,3222.523182319606,3238.1736514139975,3151.8997034863028,3162.100830078125,2413831
2022-03-22 00:00:00+05:30,3173.696684055792,3235.6012072887484,3160.618263654463,3226.838623046875,2907611
2022-03-23 00:00:00+05:30,3232.986013538086,3251.9933633104097,3217.2919066762506,3236.822265625,1596195
2022-03-24 00:00:00+05:30,3226.010330100435,3276.7545581252484,3221.6508566813804,3269.474365234375,1879046
2022-03-25 00:00:00+05:30,3278.237187540887,3295.3264108407147,3201.597719435667,3232.50634765625,1690133
2022-03-28 00:00:00+05:30,3221.651100344847,3237.3452058404378,3192.181015230141,3232.72412109375,1760990
2022-03-29 00:00:00+05:30,3221.433123484478,3245.1922553919017,3218.163518176117,3230.67529296875,2689063
2022-03-30 00:00:00+05:30,3259.1429663483013,3259.1429663483013,3231.4166674002768,3253.519287109375,1583455
2022-03-31 00:00:00+05:30,3260.886166604706,3273.6593387691028,3243.6226090320506,3260.842529296875,2168110
2022-04-01 00:00:00+05:30,3267.861749927253,3280.9401720854466,3250.467491029845,3277.234619140625,1387014
2022-04-04 00:00:00+05:30,3280.067982512089,3295.7620876915726,3258.3578888264396,3287.348388671875,1472994
2022-04-05 00:00:00+05:30,3288.786867502642,3344.239456565145,3288.786867502642,3326.10400390625,2314947
2022-04-06 00:00:00+05:30,3321.308450856893,3321.308450856893,3253.1697538188087,3274.269775390625,2051729
2022-04-07 00:00:00+05:30,3265.6810007410068,3265.6810007410068,3207.700013810216,3212.190185546875,2494829
2022-04-08 00:00:00+05:30,3217.291851009464,3230.370273168039,3175.87684750731,3213.4990234375,2296773
2022-04-11 00:00:00+05:30,3217.2912972094496,3236.7782280173724,3187.734153364789,3222.871337890625,2291660
2022-04-12 00:00:00+05:30,3211.1885435471963,3260.0146522734094,3180.9774739188283,3218.2509765625,4483476
2022-04-13 00:00:00+05:30,3232.1133680019534,3234.598352823879,3187.254432214075,3192.83447265625,1621672
2022-04-18 00:00:00+05:30,3147.5401125729736,3147.5401125729736,3071.2493203707204,3076.08837890625,3820792
2022-04-19 00:00:00+05:30,3095.2269131732996,3107.0411317106586,2998.577277794845,3027.1318359375,3170014
2022-04-20 00:00:00+05:30,3051.6308885934754,3111.9223108607353,3034.1929978015123,3101.154541015625,2640370
2022-04-21 00:00:00+05:30,3121.3829461849764,3177.184205558116,3110.3969880999252,3163.800537109375,2280996
2022-04-22 00:00:00+05:30,3122.342380367201,3153.64331680634,3113.9721056051544,3149.763427734375,1581465
2022-04-25 00:00:00+05:30,3102.2013489316732,3124.8706111779416,3080.491256003329,3093.65673828125,1960694
2022-04-26 00:00:00+05:30,3117.1542787359804,3128.270936257901,3067.4562804026878,3092.000244140625,1943469
2022-04-27 00:00:00+05:30,3091.738940916967,3111.312936478098,3057.1247601525597,3104.99169921875,1727648
2022-04-28 00:00:00+05:30,3128.358292147701,3142.65728057788,3084.8071929445496,3125.13232421875,1703660
2022-04-29 00:00:00+05:30,3136.2052227522518,3159.092458531303,3083.7608419130784,3092.348876953125,2051115
2022-05-02 00:00:00+05:30,3068.9822217914025,3093.4389119139187,3045.3103646568115,3088.599853515625,1324161
2022-05-04 00:00:00+05:30,3085.199647886039,3091.259273972882,3021.376993207293,3033.975830078125,2305825
2022-05-05 00:00:00+05:30,3062.181404468486,3080.403918216015,3038.8582216741816,3063.314697265625,1612262
2022-05-06 00:00:00+05:30,3015.8836567465128,3029.398024101116,2985.803290699171,2992.86572265625,2010812
2022-05-09 00:00:00+05:30,2962.6983211124834,3013.2682159401834,2918.1009903888535,3003.7646484375,2481830
2022-05-10 00:00:00+05:30,2994.08677114572,3020.941173809357,2983.6240334480644,2998.228271484375,1622685
2022-05-11 00:00:00+05:30,2994.9583637197297,3006.6853051327807,2948.878642613765,2974.90478515625,1841769
2022-05-12 00:00:00+05:30,2945.2596725500885,3007.774466721294,2920.933900720268,2971.983154296875,2807195
2022-05-13 00:00:00+05:30,2994.958519542189,2999.230718747237,2948.8787960387763,2977.433349609375,2187823
2022-05-16 00:00:00+05:30,2977.520446813198,2990.5988675166236,2935.32082782278,2944.214111328125,1195813
2022-05-17 00:00:00+05:30,2938.285429213155,3022.8592234664716,2921.1962062592934,3009.43212890625,1754076
2022-05-18 00:00:00+05:30,3021.114884769775,3047.2717235989503,3001.9768402660748,3006.990234375,1866781
2022-05-19 00:00:00+05:30,2961.8260731069436,2968.8012301822614,2816.2196691596782,2844.07666015625,4642963
2022-05-20 00:00:00+05:30,2885.971870225431,2889.372174896334,2851.139714546002,2871.149658203125,3065125
2022-05-23 00:00:00+05:30,2881.437735548261,2911.1692180116047,2848.4800723039907,2896.21630859375,2293690
2022-05-24 00:00:00+05:30,2890.4616510569685,2898.9192000018056,2855.9783857074317,2866.789794921875,1711510
2022-05-25 00:00:00+05:30,2890.357885421766,2890.357885421766,2768.523667729061,2780.461181640625,3548046
2022-05-26 00:00:00+05:30,2800.956986475671,2845.284259373515,2791.7843560328024,2832.5126953125,2813186
2022-05-27 00:00:00+05:30,2855.554301399254,2878.112892084147,2834.4878731863514,2862.664306640625,3103153
2022-05-30 00:00:00+05:30,2894.001175549496,2972.6492762308844,2884.6530318120685,2962.6865234375,2094624
2022-05-31 00:00:00+05:30,2944.165004523289,2969.839714625581,2918.5781569271903,2953.118408203125,4840965
2022-06-01 00:00:00+05:30,2973.8772519538998,2973.8772519538998,2931.788329574225,2945.08642578125,1493835
2022-06-02 00:00:00+05:30,2944.911151142661,3012.499275922984,2937.274613670097,3004.599365234375,2657939
2022-06-03 00:00:00+05:30,3036.5503533099322,3052.262528156964,3011.797340038392,3019.6533203125,1913622
2022-06-06 00:00:00+05:30,3000.2100992010983,3030.931969731244,2964.3532017342663,3011.5771484375,1084210
2022-06-07 00:00:00+05:30,2985.3324048192408,3000.9567154912565,2945.7889201087964,2951.669921875,2308256
2022-06-08 00:00:00+05:30,2966.986795089598,2996.655390105723,2937.4499938250347,2988.05322265625,2185707
2022-06-09 00:00:00+05:30,2971.244853926674,3016.8887925985164,2943.2441388071375,3008.198974609375,1279197
2022-06-10 00:00:00+05:30,2968.6111594481968,2978.266606743859,2942.2781213691173,2949.21240234375,1527582
2022-06-13 00:00:00+05:30,2887.8560463627555,2890.4893497484964,2802.229755076651,2826.061279296875,3030921
2022-06-14 00:00:00+05:30,2800.0792606285445,2843.002020001427,2786.6493705312914,2818.117431640625,2611493
2022-06-15 00:00:00+05:30,2825.095932347547,2838.70133453844,2809.734994390088,2814.38720703125,1404536
2022-06-16 00:00:00+05:30,2843.9675291414705,2848.224788477131,2750.0903105068783,2757.9462890625,2032028
2022-06-17 00:00:00+05:30,2714.0580800045273,2737.5383690213844,2654.2382892194128,2711.3369140625,5240434
2022-06-20 00:00:00+05:30,2715.813514020202,2755.0936222142564,2693.869319498384,2731.96435546875,1502769
2022-06-21 00:00:00+05:30,2747.4134022673966,2841.9928891984864,2743.375584391192,2819.346435546875,2964461
2022-06-22 00:00:00+05:30,2808.769602974753,2853.228678625004,2793.935410204661,2829.002197265625,3336315
2022-06-23 00:00:00+05:30,2829.002415981901,2912.4343096965986,2829.002415981901,2904.35888671875,3692578
2022-06-24 00:00:00+05:30,2930.8670987174446,2936.1337062623097,2876.884371382577,2890.57763671875,2132118
2022-06-27 00:00:00+05:30,2940.522851458248,2951.845973136868,2902.339942790059,2909.53759765625,2037686
2022-06-28 00:00:00+05:30,2902.778403463079,2922.9670648721058,2872.5832738577947,2912.5654296875,1400046
2022-06-29 00:00:00+05:30,2871.178449917376,2925.600053064694,2871.178449917376,2888.294921875,2133994
2022-06-30 00:00:00+05:30,2872.0565922599853,2906.2016781293732,2857.1345378380965,2867.755615234375,2719603
2022-07-01 00:00:00+05:30,2861.5228509461544,2925.599896381452,2854.54464022768,2909.887939453125,1502879
2022-07-04 00:00:00+05:30,2907.167492895693,2912.390169414773,2830.8456113873167,2839.623291015625,2622535
2022-07-05 00:00:00+05:30,2857.134368050925,2872.0564215860604,2814.9575797580337,2823.164794921875,2170627
2022-07-06 00:00:00+05:30,2825.0959473592156,2868.9843417565935,2810.832219180068,2862.181640625,2182144
2022-07-07 00:00:00+05:30,2871.1787636386753,2913.66264372781,2865.956087561214,2885.96923828125,1989921
2022-07-08 00:00:00+05:30,2896.6335590805816,2901.0223978064614,2852.745171821785,2866.306640625,2136916
2022-07-11 00:00:00+05:30,2814.255085372196,2830.8010937637823,2726.3467278233516,2733.193359375,6974600
2022-07-12 00:00:00+05:30,2734.158936312343,2752.8554340083,2703.7443666293075,2707.650390625,3734815
2022-07-13 00:00:00+05:30,2724.591492698478,2729.858099965292,2664.025509130116,2667.317138671875,3863530
2022-07-14 00:00:00+05:30,2689.539400531471,2690.419485413844,2611.2118460002866,2639.154541015625,4764908
2022-07-15 00:00:00+05:30,2656.5799405130747,2665.688689015533,2598.890340539718,2635.501953125,4574806
2022-07-18 00:00:00+05:30,2660.4964567532797,2707.976990638422,2652.839761660094,2696.139892578125,3202795
2022-07-19 00:00:00+05:30,2666.701122969062,2709.7371858696033,2666.701122969062,2705.600830078125,1865074
2022-07-20 00:00:00+05:30,2735.127885487383,2791.585245676255,2726.547057742832,2785.292724609375,3402251
2022-07-21 00:00:00+05:30,2787.228784035556,2802.1902268295585,2767.0308792365477,2796.293701171875,2420640
2022-07-22 00:00:00+05:30,2803.070211178946,2813.6312292430425,2766.5466903739457,2790.7490234375,2075886
2022-07-25 00:00:00+05:30,2785.468640525085,2804.3464181965073,2771.475376902359,2787.0087890625,1797504
2022-07-26 00:00:00+05:30,2785.2045320841903,2788.9008455480016,2725.1827872039253,2742.25634765625,2639367
2022-07-27 00:00:00+05:30,2741.4639092816847,2811.078696744049,2737.0634856712804,2806.458251953125,1389808
2022-07-28 00:00:00+05:30,2830.3528264453307,2872.5968984818282,2817.7235231303016,2869.5166015625,2106333
2022-07-29 00:00:00+05:30,2895.4794676833635,2919.505829643421,2882.2781935145945,2905.952392578125,2430257
2022-08-01 00:00:00+05:30,2928.0419799310016,2928.0419799310016,2878.757233650227,2903.2236328125,1306913
2022-08-02 00:00:00+05:30,2895.4792807916037,2915.6331387759437,2879.3296371550764,2897.0634765625,1269114
2022-08-03 00:00:00+05:30,2886.677927084893,2947.40377372174,2884.081720092872,2939.04296875,2895824
2022-08-04 00:00:00+05:30,2948.284247964706,2981.6393778391775,2910.748715052076,2952.640625,2150567
2022-08-05 00:00:00+05:30,2958.1408845663077,2972.0462668986875,2952.6844019677515,2961.529296875,1106933
2022-08-08 00:00:00+05:30,2961.4854873266017,2973.718580659818,2935.96302696034,2969.80224609375,1068836
2022-08-10 00:00:00+05:30,2979.086528663496,2979.086528663496,2935.082296334641,2952.02392578125,1878359
2022-08-11 00:00:00+05:30,2992.2884233473337,3017.5468150068145,2970.3303498018386,3012.09033203125,1449248
2022-08-12 00:00:00+05:30,3009.0097797642084,3009.0097797642084,2975.7865802362476,2993.65234375,1472354
2022-08-16 00:00:00+05:30,3001.969610403311,3005.3580232327295,2981.2876151396117,2985.864013671875,839942
2022-08-17 00:00:00+05:30,2979.1752345613872,3008.0858922168222,2966.854046980335,2993.256591796875,1622326
2022-08-18 00:00:00+05:30,2983.4878523567468,2985.248022181146,2958.845474815157,2975.787109375,1430659
2022-08-19 00:00:00+05:30,2980.8471762972567,3011.2101014765467,2966.98584088932,2979.7470703125,1398410
2022-08-22 00:00:00+05:30,2961.4854176096087,2978.295123607797,2945.995838840667,2952.28857421875,1536532
2022-08-23 00:00:00+05:30,2921.8374306422184,2941.155248644901,2877.877238729922,2890.7265625,1849256
2022-08-24 00:00:00+05:30,2897.2386589564026,2911.32001331342,2860.45107772581,2864.983642578125,1691923
2022-08-25 00:00:00+05:30,2883.157513491952,2885.0496096749976,2829.2523249384167,2832.28857421875,1946930
2022-08-26 00:00:00+05:30,2846.458193615582,2866.436074774527,2831.0567102540363,2835.80908203125,1457962
2022-08-29 00:00:00+05:30,2750.2647412404017,2765.8421977619005,2711.5410136837368,2756.909423828125,2539173
2022-08-30 00:00:00+05:30,2776.6677926566595,2839.5938614918264,2765.314783665754,2826.08447265625,3431525
2022-09-01 00:00:00+05:30,2807.4706096920486,2807.4706096920486,2746.7447563789606,2756.16162109375,3546935
2022-09-02 00:00:00+05:30,2783.707937331414,2783.707937331414,2746.1283631926813,2755.01708984375,2052900
2022-09-05 00:00:00+05:30,2749.0764010065686,2770.4625015188517,2739.0435216869405,2757.6572265625,2147912
2022-09-06 00:00:00+05:30,2759.505765046165,2764.214304458055,2733.851380237327,2752.069091796875,1936453
2022-09-07 00:00:00+05:30,2730.022918646201,2782.73990969169,2730.022918646201,2771.9150390625,1291534
2022-09-08 00:00:00+05:30,2789.868662483827,2801.7498066300514,2781.1559093890387,2789.560546875,1346113
2022-09-09 00:00:00+05:30,2811.8710957340245,2845.754362458832,2788.548847209157,2831.804931640625,1561185
2022-09-12 00:00:00+05:30,2851.3869871393563,2877.701654619494,2838.273808049508,2854.0712890625,1785928
2022-09-13 00:00:00+05:30,2872.1130614855856,2872.1130614855856,2838.2738396110262,2842.102294921875,1972678
2022-09-14 00:00:00+05:30,2759.066122177662,2764.698579511597,2740.4083655364684,2746.216796875,5090269
2022-09-15 00:00:00+05:30,2754.6653975512245,2761.4860546857367,2728.2628538047275,2732.09130859375,2138023
2022-09-16 00:00:00+05:30,2707.140883675961,2723.2905259336594,2640.2544379154365,2647.9111328125,5322221
2022-09-19 00:00:00+05:30,2671.937886976144,2677.2183966341995,2629.517835695995,2665.601318359375,2072220
2022-09-20 00:00:00+05:30,2684.2584586980124,2710.6169537047986,2666.656763886878,2675.7216796875,1544295
2022-09-21 00:00:00+05:30,2664.8966169537493,2676.6896666312164,2638.626001280077,2641.310302734375,2253818
2022-09-22 00:00:00+05:30,2631.4539421397903,2666.6132921396306,2622.0370763565347,2646.767333984375,2017983
2022-09-23 00:00:00+05:30,2643.7748504500028,2660.056419935131,2621.772729524154,2624.45703125,2652374
2022-09-26 00:00:00+05:30,2604.9194100878144,2663.00501422092,2575.2165443379304,2635.326171875,2925489
2022-09-27 00:00:00+05:30,2648.527090847732,2662.256499568145,2619.1323446991073,2655.61181640625,2227447
2022-09-28 00:00:00+05:30,2622.652760305555,2684.214650414333,2622.652760305555,2671.62939453125,2739767
2022-09-29 00:00:00+05:30,2687.7786894960236,2689.4069321463035,2631.4532683670955,2637.8779296875,2493902
2022-09-30 00:00:00+05:30,2632.2019134840502,2657.5922330079447,2596.3384551119543,2644.259033203125,2817353
2022-10-03 00:00:00+05:30,2635.8539282558045,2658.4720642332236,2617.372147790572,2627.009033203125,1763331
2022-10-04 00:00:00+05:30,2666.6127334648536,2726.502543409668,2660.4961874523647,2720.473876953125,2145875
2022-10-06 00:00:00+05:30,2737.944059176487,2749.3851626060255,2721.61844169452,2729.979248046875,1790816
2022-10-07 00:00:00+05:30,2725.9740888040915,2732.662818040391,2691.3869342064163,2697.371337890625,1939879
2022-10-10 00:00:00+05:30,2649.055370612203,2752.0252969781927,2644.6549464085288,2744.588623046875,3064063
2022-10-11 00:00:00+05:30,2728.263141363747,2767.8669611577366,2687.2072674564333,2701.464599609375,4730645
2022-10-12 00:00:00+05:30,2714.97390779249,2736.9760309872313,2694.8640961111873,2728.92333984375,1665247
2022-10-13 00:00:00+05:30,2728.923464967713,2737.0642509230306,2686.3274384554156,2731.167724609375,2054781
2022-10-14 00:00:00+05:30,2767.866621375349,2772.2670452567086,2702.740347931223,2727.5146484375,2245977
2022-10-17 00:00:00+05:30,2711.191188700507,2760.3829006019378,2710.132396730235,2745.691650390625,1517005
2022-10-18 00:00:00+05:30,2779.442189863882,2784.1629159418735,2760.5155551789203,2774.765625,1793722
2022-10-19 00:00:00+05:30,2787.3834440777728,2787.3834440777728,2745.91240201647,2754.603759765625,1194289
2022-10-20 00:00:00+05:30,2739.7361768798914,2788.266125262627,2739.7361768798914,2785.8837890625,1587601
2022-10-21 00:00:00+05:30,2786.324298557894,2788.6183117668575,2759.1474909324643,2768.323974609375,1021913
2022-10-24 00:00:00+05:30,2797.177599655719,2804.1481776168825,2783.853839012355,2789.765625,260949
2022-10-25 00:00:00+05:30,2806.354036786087,2809.66289628552,2780.4566102689723,2790.11865234375,2069643
2022-10-27 00:00:00+05:30,2788.882786261024,2800.618249230053,2765.6326663428144,2785.970947265625,2438421
2022-10-28 00:00:00+05:30,2779.442240260462,2804.5895748151993,2775.0304271806835,2791.133544921875,1355739
2022-10-31 00:00:00+05:30,2822.678020775369,2822.678020775369,2803.971976319488,2817.51611328125,1919414
2022-11-01 00:00:00+05:30,2836.354077010689,2878.7957967468583,2826.603928917729,2876.23681640625,2991060
2022-11-02 00:00:00+05:30,2885.3251479156916,2885.3251479156916,2843.0159124546703,2860.354248046875,1405955
2022-11-03 00:00:00+05:30,2848.310478720669,2848.310478720669,2819.148353296513,2829.51611328125,1422652
2022-11-04 00:00:00+05:30,2838.559982987403,2841.251231526313,2793.6917665316887,2838.912841796875,1464013
2022-11-07 00:00:00+05:30,2849.1483497272793,2861.3249946157302,2819.2363488543742,2853.29541015625,1474498
2022-11-09 00:00:00+05:30,2867.50165781084,2867.50165781084,2825.015774743182,2837.721923828125,1162267
2022-11-10 00:00:00+05:30,2797.0895129768896,2845.61945720835,2797.0895129768896,2828.545654296875,1573092
2022-11-11 00:00:00+05:30,2884.972741372326,2948.502846331555,2872.1343229110385,2925.8701171875,3265394
2022-11-14 00:00:00+05:30,2932.9727051440004,2955.0317658024237,2919.737268748946,2943.119873046875,1342074
2022-11-15 00:00:00+05:30,2930.3257883875335,2947.046514255534,2904.7372765347063,2940.561279296875,1400708
2022-11-16 00:00:00+05:30,2946.1207035803,2971.709221625976,2930.7235177024486,2960.6357421875,1748235
2022-11-17 00:00:00+05:30,2947.0912069717638,2964.738459708122,2927.4586383025658,2955.032470703125,1417986
2022-11-18 00:00:00+05:30,2955.9147721418635,2967.1648955283736,2930.326256203919,2950.13525390625,1164540
2022-11-21 00:00:00+05:30,2931.6496896547724,2941.5321075260067,2887.972741682489,2897.237548828125,1304194
2022-11-22 00:00:00+05:30,2894.1490222996185,2928.5169988553193,2872.3105502563512,2924.987548828125,1149739
2022-11-23 00:00:00+05:30,2938.267096023946,2938.267096023946,2903.8549588633055,2919.119873046875,1150011
2022-11-24 00:00:00+05:30,2926.1346994104915,2993.8118614360064,2919.1199604786734,2982.517578125,1296591
2022-11-25 00:00:00+05:30,2985.0327653272407,3002.9889309440055,2954.1500734010056,2990.900390625,1588981
2022-11-28 00:00:00+05:30,2970.032447243622,3015.032938868525,2969.635427166336,2995.841552734375,2195437
2022-11-29 00:00:00+05:30,2985.0323478503824,3025.6210229911208,2985.0323478503824,2997.6943359375,1576028
2022-11-30 00:00:00+05:30,2985.0328115260754,3013.1800935776782,2977.9739104051155,2991.915283203125,3410702
2022-12-01 00:00:00+05:30,3022.0916277039573,3070.6215662510285,3017.679815108769,3066.783203125,2180856
2022-12-02 00:00:00+05:30,3051.297846000532,3060.827188659679,3011.5032111008086,3034.576904296875,2411749
2022-12-05 00:00:00+05:30,3029.150602395043,3034.577045852439,3006.2091763355406,3022.8857421875,1475065
2022-12-06 00:00:00+05:30,3000.07664261676,3007.047220155349,2971.7968815829117,2987.10595703125,1166999
2022-12-07 00:00:00+05:30,2972.061936190009,2994.473859666086,2959.4441081486752,2982.9150390625,1167505
2022-12-08 00:00:00+05:30,2964.737940576892,2982.914693880783,2946.6053484812223,2956.399658203125,1285619
2022-12-09 00:00:00+05:30,2977.1796968244453,2977.1796968244453,2890.928753775441,2905.3994140625,1797896
2022-12-12 00:00:00+05:30,2872.5312544502576,2908.2669373884346,2855.413507309817,2899.84033203125,1527610
2022-12-13 00:00:00+05:30,2891.67804747704,2943.9580202787447,2883.3839269897835,2940.119873046875,1378016
2022-12-14 00:00:00+05:30,2954.8555977030205,2979.7381772420185,2947.8848046662138,2969.458740234375,1213311
2022-12-15 00:00:00+05:30,2963.679209913898,2968.929223708033,2910.86972808808,2916.29638671875,1415694
2022-12-16 00:00:00+05:30,2889.7375400691258,2904.7377043992556,2845.7958391238103,2859.075439453125,2703680
2022-12-19 00:00:00+05:30,2847.384289941205,2863.7079990716397,2818.7075036309825,2825.369384765625,2120965
2022-12-20 00:00:00+05:30,2822.589610027799,2866.7960620653575,2791.4863286526675,2862.340087890625,1529971
2022-12-21 00:00:00+05:30,2866.7956690407614,2896.8401542703996,2858.854406799651,2884.0458984375,1432566
2022-12-22 00:00:00+05:30,2906.5018913277986,2906.5018913277986,2863.3544539726518,2876.23681640625,1384101
2022-12-23 00:00:00+05:30,2838.56029430426,2882.54615313989,2838.56029430426,2848.5751953125,1360281
2022-12-26 00:00:00+05:30,2848.575232221792,2887.09027146601,2845.6633927147495,2870.237060546875,870157
2022-12-27 00:00:00+05:30,2884.6194199757956,2888.6783736131365,2851.354397062912,2876.060546875,835883
2022-12-28 00:00:00+05:30,2867.5018256081944,2881.884378094464,2846.501554071851,2873.943115234375,910795
2022-12-29 00:00:00+05:30,2851.0013089364893,2886.6486646301387,2848.2658992590823,2884.22216796875,1037927
2022-12-30 00:00:00+05:30,2899.487268690152,2910.9138197149614,2864.325037715745,2873.58984375,1163131
2023-01-02 00:00:00+05:30,2877.3842299429016,2882.546136946802,2854.6192334296225,2877.78125,709547
2023-01-03 00:00:00+05:30,2869.4429764459805,2929.443629089992,2863.531190519576,2921.811279296875,1245178
2023-01-04 00:00:00+05:30,2917.708161297688,2935.9290769595705,2899.6197292688294,2924.722900390625,1231668
2023-01-05 00:00:00+05:30,2938.4440618611807,2944.7089228612836,2895.8700638839987,2921.591064453125,1826057
2023-01-06 00:00:00+05:30,2911.7963885995287,2913.1640936237372,2823.560134399543,2833.75146484375,2488376
2023-01-09 00:00:00+05:30,2849.148585709542,2935.6201129314486,2842.221953738348,2929.3994140625,2885060
2023-01-10 00:00:00+05:30,2898.5609212000154,2910.0316341301827,2850.119304301601,2899.796142578125,3864655
2023-01-11 00:00:00+05:30,2903.0608113950348,2955.4730552710416,2886.3398704670703,2937.119873046875,2720512
2023-01-12 00:00:00+05:30,2937.3849869866353,2955.914600902742,2925.5172535387624,2942.105712890625,2250391
2023-01-13 00:00:00+05:30,2949.649997353469,2981.5033749797517,2916.2085393039592,2977.576904296875,1742837
2023-01-16 00:00:00+05:30,2993.324159475769,3025.8112471276013,2976.223361566918,3008.71044921875,1843607
2023-01-17 00:00:00+05:30,3005.0549468178974,3051.800290054043,2996.9331766913624,3048.73193359375,1688475
2023-01-18 00:00:00+05:30,3050.1760059457965,3076.3009900989787,3043.182259186601,3059.2001953125,2421189
2023-01-19 00:00:00+05:30,3050.175820908443,3056.492753081922,3033.029862151857,3043.94921875,1585044
2023-01-20 00:00:00+05:30,3036.639312309069,3063.3959420455194,3028.1566635753697,3034.9248046875,1529349
2023-01-23 00:00:00+05:30,3057.3954283238595,3085.370416009231,3028.1571422247093,3081.67041015625,1067916
2023-01-24 00:00:00+05:30,3090.784799878651,3115.1049457004037,3083.8362182605956,3100.982177734375,1387863
2023-01-25 00:00:00+05:30,3091.055812758132,3099.80923290407,3072.736663184384,3095.071533203125,874110
2023-01-27 00:00:00+05:30,3091.6874086767493,3109.7357881786565,3052.251743528508,3078.1962890625,1785879
2023-01-30 00:00:00+05:30,3086.272889450756,3120.9708549193124,3055.1845998762938,3098.5908203125,1953798
2023-01-31 00:00:00+05:30,3112.4428172521584,3112.4428172521584,3024.005764167,3030.954345703125,2820375
2023-02-01 00:00:00+05:30,3034.834977460141,3085.3704394695874,3027.615625744506,3075.759765625,2205161
2023-02-02 00:00:00+05:30,3092.5900055158118,3130.49160464965,3086.3634023563964,3122.730712890625,1813847
2023-02-03 00:00:00+05:30,3162.0758544483574,3162.0758544483574,3115.9621601108056,3142.493408203125,1804469
2023-02-06 00:00:00+05:30,3134.2363491995434,3134.2363491995434,3101.4787169293004,3122.324462890625,1138714
2023-02-07 00:00:00+05:30,3130.4008630130397,3152.149246830875,3123.6327212004912,3133.69482421875,1455647
2023-02-08 00:00:00+05:30,3138.658461421749,3194.4729446376878,3138.658461421749,3176.605224609375,1986946
2023-02-09 00:00:00+05:30,3172.0034306622993,3201.422384177392,3163.250008643965,3195.3310546875,1655427
2023-02-10 00:00:00+05:30,3176.51431195934,3196.683461129444,3165.820560594796,3192.351806640625,1187821
2023-02-13 00:00:00+05:30,3202.6849319015614,3202.6849319015614,3134.461969485681,3142.583740234375,1087939
2023-02-14 00:00:00+05:30,3162.9786498154,3180.8917554026953,3153.954459659008,3158.556884765625,1579818
2023-02-15 00:00:00+05:30,3146.7350075745903,3181.929348066534,3122.504969647513,3177.101318359375,1429449
2023-02-16 00:00:00+05:30,3183.0123357780853,3226.148009166878,3182.8318960368056,3210.85205078125,1618931
2023-02-17 00:00:00+05:30,3182.0646250812088,3193.570467173406,3149.442266805479,3159.504150390625,1061369
2023-02-20 00:00:00+05:30,3160.2713747659004,3178.319754975871,3135.951226496393,3147.005859375,1296082
2023-02-21 00:00:00+05:30,3153.0518176626792,3166.497771917962,3108.6076842854936,3114.247802734375,1139541
2023-02-22 00:00:00+05:30,3081.7153719826138,3110.6379417299486,3063.7121590290617,3069.623046875,1218430
2023-02-23 00:00:00+05:30,3087.174617184888,3115.5104784820846,3075.443173155831,3080.67724609375,1441570
2023-02-24 00:00:00+05:30,3088.5289980581183,3098.861651446193,3052.2517986673643,3068.630615234375,977592
2023-02-27 00:00:00+05:30,3059.2004305919913,3059.2004305919913,2992.4214241424907,3006.724853515625,1128022
2023-02-28 00:00:00+05:30,3003.701626574845,3061.0052327901076,2977.892355176233,2989.578857421875,4116217
2023-03-01 00:00:00+05:30,2998.7384391945475,3058.2980952242915,2991.5190869485177,3055.320068359375,1669307
2023-03-02 00:00:00+05:30,3033.029821695641,3041.061261510807,2994.2258102904307,2997.339111328125,1556538
2023-03-03 00:00:00+05:30,3026.7130393735433,3030.322715031711,3006.047734357381,3016.019287109375,1043190
2023-03-06 00:00:00+05:30,3033.8422880766893,3072.6914693231265,3031.22536115521,3042.821533203125,1334132
2023-03-08 00:00:00+05:30,3035.7375059029696,3064.614913806922,3005.8224042793245,3059.561279296875,1844590
2023-03-09 00:00:00+05:30,3054.6879538516177,3054.6879538516177,3005.8220589057696,3011.236572265625,1648500
2023-03-10 00:00:00+05:30,2989.624376867276,3011.5983717594013,2968.959066023951,3005.958251953125,1024404
2023-03-13 00:00:00+05:30,3007.7623794090946,3040.9714410429538,2952.7148231102783,2961.69384765625,1901233
2023-03-14 00:00:00+05:30,2959.934084802029,2981.9530185255367,2896.223220337673,2901.231689453125,2670334
2023-03-15 00:00:00+05:30,2932.8617458363906,2942.2018705999863,2880.521443910695,2886.748046875,1780522
2023-03-16 00:00:00+05:30,2894.960227384223,2905.608815924938,2862.4731425382656,2874.20458984375,1901060
2023-03-17 00:00:00+05:30,2843.0710795687405,2907.0524989935184,2837.2053560273353,2869.060791015625,6739966
2023-03-20 00:00:00+05:30,2860.3520931076205,2860.3520931076205,2793.031772654829,2836.573486328125,2289468
2023-03-21 00:00:00+05:30,2836.5733568003143,2848.7108468749984,2795.1973623365025,2803.00341796875,1815297
2023-03-22 00:00:00+05:30,2824.616398697249,2836.753889168361,2803.003509518878,2825.293212890625,1123939
2023-03-23 00:00:00+05:30,2810.944823053039,2839.326076534462,2798.4012872223343,2819.743408203125,1372218
2023-03-24 00:00:00+05:30,2841.6269006823486,2860.668028367099,2802.9132164379207,2815.998291015625,1329577
2023-03-27 00:00:00+05:30,2829.0837247587583,2845.1016629132937,2802.913572280926,2817.623046875,1524217
2023-03-28 00:00:00+05:30,2821.864106617975,2842.2136983642395,2806.6582589143677,2811.84716796875,1303530
2023-03-29 00:00:00+05:30,2823.6689236329594,2842.6197217781473,2801.1987796733742,2832.602783203125,1740616
2023-03-31 00:00:00+05:30,2878.670916779496,2899.4717149761873,2844.4241660768575,2893.064453125,2382581
2023-04-03 00:00:00+05:30,2910.256032039784,2910.256032039784,2864.0522245407105,2887.74072265625,1521830
2023-04-05 00:00:00+05:30,2874.655829017467,2945.8116578814243,2874.655829017467,2923.6572265625,2655065
2023-04-06 00:00:00+05:30,2910.3008553601517,2939.4941939275836,2901.2766666613607,2906.42041015625,1703464
2023-04-10 00:00:00+05:30,2905.7892047556925,2952.7149931554736,2901.2771097172517,2944.9541015625,2203187
2023-04-11 00:00:00+05:30,2945.4957273871946,2953.572333679193,2880.6568316583844,2900.1943359375,2348779
2023-04-12 00:00:00+05:30,2912.9635630873936,2942.7433920921726,2886.838575342086,2925.32666015625,2417727
2023-04-13 00:00:00+05:30,2896.764537538864,2914.8129147197915,2869.6919717674728,2877.678466796875,4174070
2023-04-17 00:00:00+05:30,2828.2710691965544,2854.7117658395036,2770.6515362079326,2833.14404296875,5505048
2023-04-18 00:00:00+05:30,2847.086786804494,2848.801515098883,2807.064636248936,2825.248291015625,2617302
2023-04-19 00:00:00+05:30,2825.247727657412,2833.5951017629236,2771.779412441025,2788.11328125,3298034
2023-04-20 00:00:00+05:30,2788.4744781128575,2809.230113386837,2777.6454510133904,2801.830322265625,2419999
2023-04-21 00:00:00+05:30,2806.523039363576,2855.6597089636048,2798.2208287767953,2852.4111328125,1929184
2023-04-24 00:00:00+05:30,2843.612470588807,2870.5495443318514,2821.09694130206,2864.999755859375,1640676
2023-04-25 00:00:00+05:30,2872.3996967152325,2879.7994885025946,2840.3638219953486,2866.082763671875,2024090
2023-04-26 00:00:00+05:30,2870.5953767215574,2895.321573826427,2870.5953767215574,2886.07177734375,2000029
2023-04-27 00:00:00+05:30,2874.2041193174095,2887.018423289877,2861.2543203233117,2876.8662109375,2434446
2023-04-28 00:00:00+05:30,2888.1013760571154,2912.3314117884297,2884.356425727405,2905.112060546875,2931312
2023-05-02 00:00:00+05:30,2919.3251374002,2919.3251374002,2896.7646649318835,2905.247314453125,2321159
2023-05-03 00:00:00+05:30,2902.1797112754293,2902.1797112754293,2863.5109662368286,2869.602294921875,2468285
2023-05-04 00:00:00+05:30,2869.8272809192304,2909.8044809182966,2867.8871684758333,2906.42041015625,1953253
2023-05-05 00:00:00+05:30,2905.788985628069,2927.447040179334,2896.809961242115,2915.44482421875,1710027
2023-05-08 00:00:00+05:30,2928.3499294526296,2937.2388455625774,2915.9868320573555,2933.403564453125,928235
2023-05-09 00:00:00+05:30,2935.2078913616624,2976.177622538405,2929.2518383140277,2962.866943359375,1107375
2023-05-10 00:00:00+05:30,2968.9584975056696,2983.8484109430083,2947.3456066100516,2966.07080078125,1559987
2023-05-11 00:00:00+05:30,2986.1043045039883,2986.7359537053417,2952.714803365684,2961.874267578125,1719623
2023-05-12 00:00:00+05:30,2959.166638227262,2968.9579707256435,2941.8854056430387,2954.7900390625,1027479
2023-05-15 00:00:00+05:30,2963.5436844116543,2970.7630356526083,2931.372538570999,2937.418701171875,1150390
2023-05-16 00:00:00+05:30,2938.456635647952,2964.446346309158,2933.2677265181874,2940.21630859375,986306
2023-05-17 00:00:00+05:30,2938.2310945607733,2959.93431554151,2886.161562402632,2895.591796875,1588815
2023-05-18 00:00:00+05:30,2911.1587181306295,2913.865975306526,2883.228892329398,2887.605712890625,1369364
2023-05-19 00:00:00+05:30,2896.765155186877,2918.8744219476494,2890.49338684266,2908.361328125,1152449
2023-05-22 00:00:00+05:30,2914.8129497334676,2985.6076660126437,2903.1266694318583,2976.80908203125,1333243
2023-05-23 00:00:00+05:30,2983.397162487744,3003.2052151323046,2969.048788762343,2975.320556640625,1687418
2023-05-24 00:00:00+05:30,2956.324611866416,2993.5042301988665,2956.324611866416,2981.005859375,1016555
2023-05-25 00:00:00+05:30,2972.5681528543437,2983.3971807335947,2948.293170151878,2972.116943359375,1374917
2023-05-26 00:00:00+05:30,2972.1169557498865,3012.861085188572,2969.860908265637,3004.0625,1791115
2023-05-29 00:00:00+05:30,3032.8499743215725,3042.95702357488,2988.811880806644,2996.34716796875,1210372
2023-05-30 00:00:00+05:30,2991.5187038651916,3002.302565838326,2979.200773799653,2992.6015625,1344224
2023-05-31 00:00:00+05:30,2986.1042492714746,3002.9794392550057,2946.5330909329136,2968.507080078125,5815424
2023-06-01 00:00:00+05:30,2990.6159485818102,3014.0788377378535,2975.72603815586,2999.64013671875,1177314
2023-06-02 00:00:00+05:30,3001.671487107062,3010.3797431667695,2975.6817733469197,2983.03662109375,2030661
2023-06-05 00:00:00+05:30,2991.518798732182,3002.347826057909,2964.491395428479,2967.965576171875,1861468
2023-06-06 00:00:00+05:30,2959.9340095974917,2967.920505036819,2906.3304147456515,2916.888671875,2022849
2023-06-07 00:00:00+05:30,2935.5686573495286,2958.896273847872,2924.739630639355,2955.33154296875,1567196
2023-06-08 00:00:00+05:30,2942.7882185183284,2950.9099891306146,2917.520487724549,2920.6337890625,1759366
2023-06-09 00:00:00+05:30,2928.3498614294867,2932.86195674756,2892.569033684028,2896.133544921875,1775689
2023-06-12 00:00:00+05:30,2901.2768888171727,2936.832106886092,2897.667213061257,2930.06396484375,2324605
2023-06-13 00:00:00+05:30,2941.885742306206,2946.3978370029945,2922.9349445796934,2927.17626953125,1371928
2023-06-14 00:00:00+05:30,2927.176702001411,2938.141225924814,2911.0686537442966,2933.8095703125,1658544
2023-06-15 00:00:00+05:30,2950.4006679163926,2952.3552093195044,2918.3083232724543,2924.035888671875,2273810
2023-06-16 00:00:00+05:30,2906.4895735209416,2908.6713974620043,2869.2152311642453,2886.397705078125,4156189
2023-06-19 00:00:00+05:30,2900.1259479423184,2922.7632059010452,2886.4889920742507,2918.672119140625,1468186
2023-06-20 00:00:00+05:30,2921.9451044006205,2938.7640167937166,2910.171910116586,2934.400146484375,1528452
2023-06-21 00:00:00+05:30,2954.6733500744476,2965.0373462739954,2930.990462369648,2962.128173828125,1645987
2023-06-22 00:00:00+05:30,2963.7648075039565,2970.719565585934,2936.5819000456095,2944.218505859375,1529603
2023-06-23 00:00:00+05:30,2943.1277797551047,2954.1281240159633,2917.535626765662,2924.08154296875,1119505
2023-06-26 00:00:00+05:30,2913.762857251765,2921.8540288219324,2884.670685198081,2899.8076171875,1978803
2023-06-27 00:00:00+05:30,2911.034983956594,2917.989741403973,2893.125162893644,2906.8076171875,863542
2023-06-28 00:00:00+05:30,2916.490450350226,2937.354949548723,2903.2170571492807,2923.263427734375,1575872
2023-06-30 00:00:00+05:30,2927.4000459558824,3009.2217863707983,2922.0362650887305,3002.176025390625,2672406
2023-07-03 00:00:00+05:30,3013.130987303054,3017.2220741820643,2971.720052392161,2974.947509765625,1687264
2023-07-04 00:00:00+05:30,2991.0393151357075,3013.767577408775,2979.4934022921266,3008.176513671875,1656681
2023-07-05 00:00:00+05:30,3018.31307903841,3026.495253047851,3004.676122356007,3018.267578125,1453008
2023-07-06 00:00:00+05:30,3006.085313308048,3025.9951812448,3001.9487253976645,3020.949462890625,1848238
2023-07-07 00:00:00+05:30,3001.948608480936,3051.859779118901,3001.948608480936,3026.722412109375,1789326
2023-07-10 00:00:00+05:30,3022.6312796193856,3022.6312796193856,2968.4925202267236,2974.629150390625,1407431
2023-07-11 00:00:00+05:30,2995.5847665765177,2995.5847665765177,2964.4925502644905,2975.038330078125,1110172
2023-07-12 00:00:00+05:30,2982.811311383607,2990.266136197233,2954.764772000077,2963.674072265625,1515240
2023-07-13 00:00:00+05:30,2985.583996893055,3061.4508783669453,2975.356280703942,3036.995361328125,4585146
2023-07-14 00:00:00+05:30,3059.223633971811,3204.548209497131,3047.4049393977743,3195.27490234375,6306101
2023-07-17 00:00:00+05:30,3191.0472847754263,3227.321494187628,3161.091486422009,3174.41015625,2743228
2023-07-18 00:00:00+05:30,3160.137072859517,3203.775329331685,3150.136639084645,3179.092529296875,2600090
2023-07-19 00:00:00+05:30,3181.9561925165294,3197.2751275399046,3132.5448697161914,3154.727783203125,2405370
2023-07-20 00:00:00+05:30,3147.4816096060504,3170.9979886535184,3131.940584552698,3156.77880859375,1715404
2023-07-21 00:00:00+05:30,3102.772940548675,3130.892412746542,3061.755687476042,3070.18701171875,3770223
2023-07-24 00:00:00+05:30,3081.762606135278,3111.3405552900845,3073.6503948838067,3094.295654296875,1680132
2023-07-25 00:00:00+05:30,3096.8020315497083,3105.2789734494727,3081.0331349031017,3098.305908203125,1272980
2023-07-26 00:00:00+05:30,3099.400300884362,3118.0859374639376,3085.408771798231,3088.416748046875,1066803
2023-07-27 00:00:00+05:30,3094.4780014441108,3109.699914070163,3085.454295510359,3096.25537109375,1701769
2023-07-28 00:00:00+05:30,3085.4082996318757,3093.3382557772507,3036.187605930215,3058.427978515625,2599831
2023-07-31 00:00:00+05:30,3066.6317666989726,3123.3722948817326,3063.4415361987367,3118.632568359375,2743678
2023-08-01 00:00:00+05:30,3112.753500683223,3153.770750326194,3112.753500683223,3146.5244140625,1956167
2023-08-02 00:00:00+05:30,3130.9380706417523,3141.3746384347655,3111.477796074465,3136.133544921875,1914899
2023-08-03 00:00:00+05:30,3117.311399129482,3129.388702064706,3069.9136819497357,3099.035888671875,2026351
2023-08-04 00:00:00+05:30,3100.2208356691253,3163.7975804799803,3100.2208356691253,3138.777099609375,2248493
2023-08-07 00:00:00+05:30,3148.2563099923013,3179.292741496562,3136.680374620139,3175.6923828125,1853889
2023-08-08 00:00:00+05:30,3175.6921726071587,3181.06990066204,3150.67169533121,3163.4326171875,1634225
2023-08-09 00:00:00+05:30,3158.2370582327517,3160.1512856075137,3121.9141376043485,3156.049560546875,1794589
2023-08-10 00:00:00+05:30,3144.6553057336196,3158.2364816641084,3126.471039124413,3137.45458984375,1096701
2023-08-11 00:00:00+05:30,3133.80930927876,3159.8322990598804,3111.8422029571116,3143.562255859375,1679974
2023-08-14 00:00:00+05:30,3136.178979187144,3149.213394617888,3109.1076379281085,3144.519287109375,1190425
2023-08-16 00:00:00+05:30,3144.655548093036,3159.2394578812937,3131.165387032337,3152.31201171875,1328445
2023-08-17 00:00:00+05:30,3149.2132599891765,3154.499972197025,3111.112748256115,3131.6669921875,1843241
2023-08-18 00:00:00+05:30,3108.1957927852245,3108.1957927852245,3059.4308441300896,3069.0927734375,2526749
2023-08-21 00:00:00+05:30,3076.2937232176655,3107.968154886351,3073.559239908139,3100.5849609375,1375579
2023-08-22 00:00:00+05:30,3099.081055570498,3109.1074942796968,3067.224369814653,3082.810791015625,1222012
2023-08-23 00:00:00+05:30,3088.143022258699,3100.9039438382806,3077.205089476201,3097.48583984375,1330046
2023-08-24 00:00:00+05:30,3106.3730455778173,3110.9761369975763,3079.1194508870794,3087.915283203125,1152881
2023-08-25 00:00:00+05:30,3076.2934297630904,3086.1376132448922,3053.7339446114943,3082.035888671875,1158046
2023-08-28 00:00:00+05:30,3093.61170332989,3093.61170332989,3062.7121350822867,3076.794677734375,1037485
2023-08-29 00:00:00+05:30,3081.8084975473785,3089.556200731551,3067.178966440109,3077.342041015625,944517
2023-08-30 00:00:00+05:30,3097.2581115677926,3106.464294438142,3083.6313141767887,3090.83203125,1188200
2023-08-31 00:00:00+05:30,3099.9928470608975,3114.941268101216,3047.7185475864435,3059.704833984375,3417652
2023-09-01 00:00:00+05:30,3068.0901446211,3089.0545157816123,3059.7044406634573,3080.121826171875,1277950
2023-09-04 00:00:00+05:30,3079.028080349797,3129.023637156642,3071.7817443830672,3115.943603515625,1828332
2023-09-05 00:00:00+05:30,3117.310690729968,3141.9210382883625,3103.7749105597304,3125.833251953125,1501842
2023-09-06 00:00:00+05:30,3130.071933045149,3139.095639063221,3097.349371389577,3126.334716796875,1314818
2023-09-07 00:00:00+05:30,3127.155409983017,3153.771005173287,3119.4077066466084,3149.44140625,1885092
2023-09-08 00:00:00+05:30,3149.441245179643,3158.3283161992513,3131.029101522507,3137.272705078125,1518917
2023-09-11 00:00:00+05:30,3155.594221035914,3177.1965979731763,3140.098813249198,3172.593505859375,1783604
2023-09-12 00:00:00+05:30,3182.9384041965895,3272.1736158051285,3174.7349547012377,3263.879150390625,4476016
2023-09-13 00:00:00+05:30,3255.0380406666054,3271.2170677568156,3231.247945622234,3252.07568359375,1754929
2023-09-14 00:00:00+05:30,3254.0814991767784,3279.284237076875,3231.7954996316766,3244.966552734375,2604721
2023-09-15 00:00:00+05:30,3252.075846625595,3288.079880546778,3247.153642645778,3279.830810546875,2952897
2023-09-18 00:00:00+05:30,3263.1959666407256,3298.9721261758623,3258.820748484001,3286.98583984375,1395753
2023-09-20 00:00:00+05:30,3263.1498144834586,3304.1670607548986,3263.1498144834586,3286.894287109375,1649396
2023-09-21 00:00:00+05:30,3270.943558229628,3285.937597907689,3215.752523000923,3267.981201171875,2004073
2023-09-22 00:00:00+05:30,3266.796010717758,3312.1428582437647,3249.52323591542,3284.706787109375,1989083
2023-09-25 00:00:00+05:30,3283.658719154224,3299.6098718496296,3243.689598958607,3260.55224609375,1238778
2023-09-26 00:00:00+05:30,3251.8470578789015,3276.7762927297,3223.0437498344627,3268.344970703125,1726062
2023-09-27 00:00:00+05:30,3272.264954709884,3294.1408207023737,3241.000651722388,3271.626953125,1541134
2023-09-28 00:00:00+05:30,3281.38005186612,3283.9322808574702,3215.160068443675,3223.72802734375,1755753
2023-09-29 00:00:00+05:30,3224.1377902043046,3252.6219888175337,3195.2890828619466,3216.299072265625,2243791
2023-10-03 00:00:00+05:30,3221.403759691803,3221.403759691803,3172.0920416447743,3202.85498046875,1948148
2023-10-04 00:00:00+05:30,3177.7430606044213,3233.982222159653,3169.539610773689,3224.639404296875,1788138
2023-10-05 00:00:00+05:30,3239.4511904452584,3303.2558002739493,3236.8989615455466,3271.672607421875,2990768
2023-10-06 00:00:00+05:30,3273.176643439127,3313.2367809094894,3258.638351141779,3300.885986328125,2075691
2023-10-09 00:00:00+05:30,3322.4429058385053,3353.388098061812,3309.636364246382,3316.3359375,4233074
2023-10-10 00:00:00+05:30,3317.885464751515,3325.13180122624,3282.610673537835,3307.72216796875,1848148
2023-10-11 00:00:00+05:30,3326.954825968897,3326.954825968897,3285.937574689828,3290.40380859375,2426417
2023-10-12 00:00:00+05:30,3258.592598284596,3271.0344082830998,3224.9585427168286,3229.0146484375,4241281
2023-10-13 00:00:00+05:30,3217.575179804026,3260.4154159090654,3213.017707877958,3254.809814453125,2890357
2023-10-16 00:00:00+05:30,3250.3892477395666,3258.2735858136334,3207.6402465342494,3212.152099609375,1671104
2023-10-17 00:00:00+05:30,3217.5754919446927,3221.3581049971613,3193.284253235353,3196.65673828125,1672065
2023-10-18 00:00:00+05:30,3200.2568789933416,3210.9213191020513,3175.646529881174,3178.60888671875,1408245
2023-10-19 00:00:00+05:30,3170.613253198206,3177.3301625630156,3154.5293497866223,3157.956298828125,1514545
2023-10-20 00:00:00+05:30,3153.1578999999892,3198.028165823499,3147.355068054905,3193.504638671875,1481211
2023-10-23 00:00:00+05:30,3173.811234327899,3179.2486146541296,3108.288023694424,3116.37548828125,1106272
2023-10-25 00:00:00+05:30,3098.418430452583,3129.9463572629693,3086.2641415822154,3098.052978515625,1518537
2023-10-26 00:00:00+05:30,3077.9022236248165,3083.065403130757,3043.1300770713924,3049.298583984375,1984471
2023-10-27 00:00:00+05:30,3061.4070309033023,3072.3732650438515,3049.5269439177077,3062.275146484375,1108851
2023-10-30 00:00:00+05:30,3061.407015378283,3091.42717042924,3046.5569067215974,3087.49755859375,910972
2023-10-31 00:00:00+05:30,3106.1862890625,3106.1862890625,3061.4532301686027,3078.542236328125,999811
2023-11-01 00:00:00+05:30,3065.9765288100825,3081.14657643751,3025.767000563393,3043.72412109375,1563475
2023-11-02 00:00:00+05:30,3055.193202126613,3085.1218868690776,3055.193202126613,3070.637451171875,1245384
2023-11-03 00:00:00+05:30,3090.6506520884154,3096.0422952066797,3056.1984407717223,3062.229736328125,1402598
2023-11-06 00:00:00+05:30,3084.253541799562,3100.063241613325,3069.631895379179,3089.05126953125,1099852
2023-11-07 00:00:00+05:30,3086.99533768145,3110.8925036423684,3076.0291020236123,3080.095703125,1191144
2023-11-08 00:00:00+05:30,3081.009254460664,3108.8817673622384,3079.273023228274,3090.2392578125,992899
2023-11-09 00:00:00+05:30,3098.0531123476367,3099.3324172908847,3054.14243153224,3059.0771484375,2112352
2023-11-10 00:00:00+05:30,3050.441278848814,3059.0771449775716,3036.139568807074,3046.283203125,1338557
2023-11-13 00:00:00+05:30,3066.890289328859,3066.890289328859,3040.388555601047,3044.546630859375,1030990
2023-11-15 00:00:00+05:30,3091.656388968657,3118.980506329132,3066.9366189744665,3111.030029296875,2059802
2023-11-16 00:00:00+05:30,3134.5609961485866,3225.3066282942846,3120.076339309424,3196.520263671875,3951984
2023-11-17 00:00:00+05:30,3196.520287698974,3220.874376961997,3191.6768229615204,3200.723876953125,2021292
2023-11-20 00:00:00+05:30,3190.4886676051424,3229.4644012541794,3190.4886676051424,3216.396484375,1475621
2023-11-21 00:00:00+05:30,3216.396747586853,3234.1711418231757,3199.398994448308,3207.806396484375,1807236
2023-11-22 00:00:00+05:30,3198.485265113703,3228.3224741290987,3181.2135339255397,3226.037841796875,1798051
2023-11-23 00:00:00+05:30,3225.9009601530765,3238.694901638103,3198.485371256592,3206.024658203125,2729804
2023-11-24 00:00:00+05:30,3193.2303056888272,3202.643034620084,3155.5338758084054,3159.28076171875,1989733
2023-11-28 00:00:00+05:30,3159.2809411434473,3181.350399374295,3137.25699707058,3171.20654296875,1689195
2023-11-29 00:00:00+05:30,3181.12233920591,3214.9349006970383,3176.370348158616,3211.051025390625,1441634
2023-11-30 00:00:00+05:30,3197.9828327668433,3213.7010597281014,3181.122289556821,3187.15380859375,3266235
2023-12-01 00:00:00+05:30,3198.4855376057844,3213.975301516175,3189.3927447706055,3209.1318359375,1172141
2023-12-04 00:00:00+05:30,3239.2893064920568,3242.1680776265407,3196.6581485570823,3209.86328125,1625213
2023-12-05 00:00:00+05:30,3233.21185109275,3233.21185109275,3201.0442707403495,3227.36328125,1377656
2023-12-06 00:00:00+05:30,3228.2771864947563,3301.6138895051217,3221.4688031800893,3293.61767578125,1896572
2023-12-07 00:00:00+05:30,3294.440005254403,3317.788993602691,3282.285715953096,3303.487060546875,1967653
2023-12-08 00:00:00+05:30,3320.0280706858707,3330.994307087806,3291.744363920943,3314.270751953125,1641155
2023-12-11 00:00:00+05:30,3310.798134264676,3338.3052003851135,3303.578784394247,3329.0751953125,1102503
2023-12-12 00:00:00+05:30,3325.4654041320105,3379.7939215758247,3318.2003172411905,3355.759765625,2236866
2023-12-13 00:00:00+05:30,3329.6692134701866,3335.5635208236113,3256.0583081354866,3283.9765625,3850968
2023-12-14 00:00:00+05:30,3317.2861268874835,3361.15106740831,3315.0929691048923,3351.3271484375,3290396
2023-12-15 00:00:00+05:30,3350.824789993706,3560.3255927142964,3350.824789993706,3528.386474609375,8531230
2023-12-18 00:00:00+05:30,3525.7363506427123,3590.528439137833,3500.19398079059,3526.741455078125,2521612
2023-12-19 00:00:00+05:30,3513.7645660221524,3522.9945699903956,3463.5026541544753,3487.445556640625,2004435
2023-12-20 00:00:00+05:30,3497.543479836221,3562.9296988605265,3442.072653930527,3454.40966796875,2586083
2023-12-21 00:00:00+05:30,3432.660113142662,3478.763949441548,3420.871499435154,3461.218017578125,1517562
2023-12-22 00:00:00+05:30,3472.6410167486597,3514.6325128426206,3437.9146065811733,3494.573486328125,2413058
2023-12-26 00:00:00+05:30,3490.7808875582864,3503.711816102494,3463.6392795100446,3468.57421875,1285231
2023-12-27 00:00:00+05:30,3471.7275030067567,3489.273435762688,3443.3980603657433,3482.87646484375,1293976
2023-12-28 00:00:00+05:30,3494.5739961540417,3507.3679386085805,3465.4221736618024,3472.550048828125,1682889
2023-12-29 00:00:00+05:30,3465.33055833123,3493.2945492321064,3441.0219794117156,3466.60986328125,1574996
2024-01-01 00:00:00+05:30,3463.50204090052,3501.8838577126107,3447.9665436194364,3482.784423828125,825907
2024-01-02 00:00:00+05:30,3482.7847145273954,3482.7847145273954,3442.7121774818215,3457.2880859375,1344068
2024-01-03 00:00:00+05:30,3442.483985684402,3446.9162616362587,3369.4214885871284,3373.716552734375,1803075
2024-01-04 00:00:00+05:30,3382.854638422133,3398.6185993899944,3336.4766083282793,3350.91552734375,3598144
2024-01-05 00:00:00+05:30,3358.409607550091,3424.8924099852666,3358.2726188503784,3415.890869140625,1963127
2024-01-08 00:00:00+05:30,3415.890793989658,3417.5815111616193,3356.0334267910252,3361.42529296875,1067805
2024-01-09 00:00:00+05:30,3390.3486750012953,3429.09617357813,3365.4919196193155,3372.02587890625,1370944
2024-01-10 00:00:00+05:30,3372.1170435014856,3407.9857681511967,3370.289337786851,3393.181396484375,1292227
2024-01-11 00:00:00+05:30,3403.188362082459,3447.9671563203865,3387.6528620407294,3413.743408203125,1777909
2024-01-12 00:00:00+05:30,3516.505979741258,3568.824058571868,3492.3803522837784,3548.30810546875,6813450
2024-01-15 00:00:00+05:30,3618.85751219593,3623.4267767315314,3550.3185441619166,3567.4990234375,2801505
2024-01-16 00:00:00+05:30,3563.1126115927123,3563.1126115927123,3523.405745987789,3528.660400390625,1432672
2024-01-17 00:00:00+05:30,3490.0045245140536,3573.1194082779125,3484.1102174250937,3549.953369140625,3458696
2024-01-18 00:00:00+05:30,3562.1990189583394,3572.068676049219,3529.3003107278364,3566.40283203125,2239110
2024-01-19 00:00:00+05:30,3630.2663071081665,3647.3364255507404,3602.705775133821,3628.471923828125,2941975
2024-01-23 00:00:00+05:30,3588.8561772055014,3620.051529496022,3536.17360896319,3550.43701171875,2618854
2024-01-24 00:00:00+05:30,3570.451409769425,3573.8101208438484,3501.98717363284,3535.299072265625,2657709
2024-01-25 00:00:00+05:30,3533.550617096936,3552.9673375818998,3477.2332310375527,3506.312255859375,2205154
2024-01-29 00:00:00+05:30,3497.5706396876776,3515.2388107673146,3479.2123039200633,3497.754638671875,1646747
2024-01-30 00:00:00+05:30,3503.689267668841,3540.8202098796714,3484.8708260966287,3497.33984375,1411621
2024-01-31 00:00:00+05:30,3507.140432085803,3528.12148113154,3493.5671947757637,3511.511474609375,2459358
2024-02-01 00:00:00+05:30,3515.2384129880293,3593.3649569612444,3501.481176697016,3546.663818359375,2363107
2024-02-02 00:00:00+05:30,3565.896430136547,3666.522292350957,3563.089715877142,3649.866455078125,2826510
2024-02-05 00:00:00+05:30,3665.2346789670332,3701.123243486168,3646.002179128385,3656.30859375,1691523
2024-02-06 00:00:00+05:30,3678.1168503309354,3818.8183032267325,3671.6753146911265,3806.02734375,4474396
2024-02-07 00:00:00+05:30,3821.6716355150297,3823.512074540079,3748.92823811736,3757.624267578125,2124267
2024-02-08 00:00:00+05:30,3763.697529491343,3826.272451742055,3760.062707616723,3804.279296875,2345173
2024-02-09 00:00:00+05:30,3806.533154346177,3850.8879065348438,3772.89931699453,3803.910888671875,2100596
2024-02-12 00:00:00+05:30,3800.5065922172184,3827.745179692485,3778.007045373113,3791.94873046875,1013716
2024-02-13 00:00:00+05:30,3796.3198278378054,3837.3154280400877,3755.8759998910355,3818.450927734375,1257415
2024-02-14 00:00:00+05:30,3779.3413678448446,3786.6110118014235,3726.4287482560744,3772.991943359375,1391283
2024-02-15 00:00:00+05:30,3798.6654985616456,3815.505333032775,3757.2556275744187,3775.84423828125,1091582
2024-02-16 00:00:00+05:30,3785.092771105926,3817.024566750078,3772.9919748251077,3798.94189453125,1307556
2024-02-19 00:00:00+05:30,3794.110709187132,3798.941861408623,3731.489953932272,3776.396484375,772291
2024-02-20 00:00:00+05:30,3756.4282382838423,3771.059638965151,3690.0803202172415,3709.082763671875,1193648
2024-02-21 00:00:00+05:30,3692.840871691211,3739.174013609637,3663.0258496095253,3673.05615234375,1885939
2024-02-22 00:00:00+05:30,3654.1917205441428,3768.2528853223134,3654.1917205441428,3761.029296875,2982052
2024-02-23 00:00:00+05:30,3800.5065425299695,3800.5065425299695,3723.5761023123614,3728.821533203125,2538072
2024-02-26 00:00:00+05:30,3714.0053720028695,3726.8884431644256,3665.003690620523,3681.84375,1379284
2024-02-27 00:00:00+05:30,3679.957687485479,3794.985122078048,3679.957687485479,3776.94873046875,2960475
2024-02-28 00:00:00+05:30,3768.850920451233,3823.4197548467,3762.7773821335977,3790.338134765625,1939225
2024-02-29 00:00:00+05:30,3771.979390861673,3807.96005993707,3740.277876873748,3768.390625,3772719
2024-03-01 00:00:00+05:30,3779.5255936695676,3809.708612609149,3760.752981650241,3767.70068359375,2043265
2024-03-04 00:00:00+05:30,3777.5010270993284,3789.371768720034,3750.722549928762,3755.1396484375,1749271
2024-03-05 00:00:00+05:30,3737.9318050462825,3739.7722441428095,3662.4738020886766,3692.012939453125,2070859
2024-03-06 00:00:00+05:30,3675.4024369976914,3747.1334961978687,3642.6425356235145,3740.0478515625,1744204
2024-03-07 00:00:00+05:30,3740.692545932794,3794.985500474008,3715.57050678028,3780.814208984375,2688905
2024-03-11 00:00:00+05:30,3762.777145723229,3821.671187622541,3762.777145723229,3793.466552734375,2304068
2024-03-12 00:00:00+05:30,3793.4670286122573,3892.482738841845,3792.270473640545,3857.790283203125,4039801
2024-03-13 00:00:00+05:30,3869.5235097595055,3902.65141614508,3802.255365539155,3817.9912109375,2837260
2024-03-14 00:00:00+05:30,3822.0859739649068,3887.9275013882175,3760.0169871413627,3871.915771484375,2919608
2024-03-15 00:00:00+05:30,3858.1124699951356,3900.8105660856863,3843.75695554138,3882.63623046875,3373143
2024-03-18 00:00:00+05:30,3878.9549508514497,3915.3036183228055,3789.3256682682727,3821.211181640625,1526904
2024-03-19 00:00:00+05:30,3728.0389511805306,3734.2504323086932,3650.1424666014186,3659.98876953125,8931209
2024-03-20 00:00:00+05:30,3667.994768950826,3697.441791681991,3644.2530619412323,3654.099365234375,1817913
2024-03-21 00:00:00+05:30,3671.7214372024437,3688.607328281086,3633.026166760164,3655.985595703125,3829582
2024-03-22 00:00:00+05:30,3586.095026445395,3623.824022104687,3547.4458113797787,3598.885986328125,5852485
2024-03-26 00:00:00+05:30,3565.850574289269,3631.8302677248153,3562.5837501208753,3568.151123046875,3440925
2024-03-27 00:00:00+05:30,3578.2734848298974,3584.2549115114957,3523.8884231366437,3534.470947265625,1968575
2024-03-28 00:00:00+05:30,3542.9369266623094,3602.65907796181,3534.1027302458065,3567.046630859375,4311783
2024-04-01 00:00:00+05:30,3586.7397916990376,3619.499698426505,3577.8597626675746,3604.27001953125,1569676
2024-04-02 00:00:00+05:30,3579.653802211397,3597.9202488822098,3564.0100709420926,3573.948486328125,2142666
2024-04-03 00:00:00+05:30,3543.7651451703696,3663.3936751293795,3543.7651451703696,3632.38232421875,3973090
2024-04-04 00:00:00+05:30,3658.7004031789797,3707.241978924869,3621.2935725878497,3683.91455078125,3394637
2024-04-05 00:00:00+05:30,3660.633172890031,3682.718440901434,3644.5293316317166,3661.783447265625,1636819
2024-04-08 00:00:00+05:30,3665.2341685019233,3710.9229755652163,3644.0691205793664,3655.617919921875,2302538
2024-04-09 00:00:00+05:30,3666.1543123632814,3695.463391899339,3611.9074203697137,3631.692138671875,1876992
2024-04-10 00:00:00+05:30,3640.755756416513,3671.859215464032,3605.4194231451925,3666.751953125,2101965
2024-04-12 00:00:00+05:30,3654.191918795021,3693.163307517169,3630.7263197194047,3682.16650390625,4354821
2024-04-15 00:00:00+05:30,3682.166211852168,3739.9560412971437,3606.3862709398386,3626.76904296875,4200329
2024-04-16 00:00:00+05:30,3590.695798755203,3615.265609749519,3554.6693021208157,3563.825439453125,3051420
2024-04-18 00:00:00+05:30,3567.5074789450923,3621.984435687468,3542.845548119093,3553.88818359375,3476284
2024-04-19 00:00:00+05:30,3531.802482817412,3545.1917216335364,3497.6622490979976,3520.94384765625,2957749
2024-04-22 00:00:00+05:30,3530.8823684558647,3568.6113695261515,3507.8768799983727,3556.280517578125,1728883
2024-04-23 00:00:00+05:30,3567.737068587587,3584.2549637317557,3552.5995026977444,3565.574462890625,1807586
2024-04-24 00:00:00+05:30,3579.653877353025,3587.0156333989953,3519.3334438187635,3525.406982421875,1317312
2024-04-25 00:00:00+05:30,3507.1401450879403,3564.6078018941175,3506.95614613986,3544.869140625,2856271
2024-04-26 00:00:00+05:30,3547.5837045158246,3567.5065891802196,3499.1802992219073,3516.48046875,2039178
2024-04-29 00:00:00+05:30,3531.802085484041,3568.426862829934,3514.5019156929066,3561.43310546875,1110693
2024-04-30 00:00:00+05:30,3563.089785398555,3572.0619252249066,3506.036178297648,3515.83642578125,2203078
2024-05-02 00:00:00+05:30,3476.63503445836,3562.261496663186,3476.63503445836,3555.083740234375,2491044
2024-05-03 00:00:00+05:30,3579.7917453667596,3582.966682325397,3494.625611625741,3536.771484375,2962234
2024-05-06 00:00:00+05:30,3545.605343342577,3625.6183751303724,3545.605343342577,3608.226318359375,2053831
2024-05-07 00:00:00+05:30,3617.198604098228,3669.8351109068294,3601.278762922236,3661.507080078125,2062112
2024-05-08 00:00:00+05:30,3644.9890493847392,3666.4302063725313,3624.3762246560705,3659.66650390625,1247685
2024-05-09 00:00:00+05:30,3645.9098580917957,3654.191834044049,3598.1044973888866,3644.25341796875,1726486
2024-05-10 00:00:00+05:30,3646.4619361248674,3656.5843507790987,3575.098867879944,3583.24267578125,1672489
2024-05-13 00:00:00+05:30,3574.5921104880094,3639.467575487213,3561.2489297434927,3632.842041015625,931326
2024-05-14 00:00:00+05:30,3621.9836417268198,3631.001836986879,3582.322094809196,3589.9599609375,1058317
2024-05-15 00:00:00+05:30,3592.9972050666793,3613.656088871118,3566.3108383239633,3570.81982421875,1115021
2024-05-16 00:00:00+05:30,3606.691138597264,3623.746152107256,3562.5702354838822,3615.821044921875,2599399
2024-05-17 00:00:00+05:30,3632.5515570276343,3633.4784647992665,3550.0567653523444,3553.857177734375,2765804
2024-05-21 00:00:00+05:30,3550.6128766567804,3563.7285306494523,3531.564877355128,3540.972900390625,1908117
2024-05-22 00:00:00+05:30,3554.6913678959663,3560.484541572459,3538.5168722503677,3551.91064453125,1311168
2024-05-23 00:00:00+05:30,3560.2062401149506,3619.5747261448155,3545.885560785401,3608.868896484375,2095742
2024-05-24 00:00:00+05:30,3594.780437128097,3599.92482105189,3563.311960285678,3568.1318359375,1309452
2024-05-27 00:00:00+05:30,3573.2294672441094,3622.6800874842297,3560.5772666527496,3565.860595703125,1841538
2024-05-28 00:00:00+05:30,3576.0105212093163,3587.1334155210093,3550.057101148699,3559.2333984375,1801993
2024-05-29 00:00:00+05:30,3567.5756380844864,3567.5756380844864,3522.2499334071467,3525.633056640625,1568095
2024-05-30 00:00:00+05:30,3500.930948347214,3517.0590544137885,3443.8797249385125,3463.0205078125,2919230
2024-05-31 00:00:00+05:30,3466.6348590080306,3475.718599887057,3386.689068476094,3402.6318359375,10956800
2024-06-03 00:00:00+05:30,3459.9610350847533,3477.340554094406,3425.8507871826455,3432.2001953125,2156773
2024-06-04 00:00:00+05:30,3429.5587856451884,3471.269635740873,3328.989291525593,3443.46240234375,3395997
2024-06-05 00:00:00+05:30,3444.389229413079,3507.2336206771465,3429.5587052821297,3472.613525390625,2799670
2024-06-06 00:00:00+05:30,3504.6383361596722,3559.233114194575,3468.0254786409455,3550.427490234375,4328036
2024-06-07 00:00:00+05:30,3556.8232840964106,3628.8439736397468,3556.8232840964106,3609.33251953125,4552445
2024-06-10 00:00:00+05:30,3610.305486125325,3620.4086895219543,3561.086596810267,3576.65869140625,1734661
2024-06-11 00:00:00+05:30,3563.960611925237,3596.3559953752433,3560.2529805994373,3570.541748046875,1419898
2024-06-12 00:00:00+05:30,3591.2112432293293,3608.9152715121113,3547.6929702664606,3551.5859375,2177001
2024-06-13 00:00:00+05:30,3574.8976680710653,3605.670958498831,3570.448465845115,3594.68701171875,1932323
2024-06-14 00:00:00+05:30,3604.7443844726295,3604.7443844726295,3548.2030094526167,3551.95703125,1860730
2024-06-18 00:00:00+05:30,3546.395689059985,3561.179823442644,3517.661546809407,3536.24609375,1774045
2024-06-19 00:00:00+05:30,3547.8786522964565,3553.625661858595,3515.714995969622,3523.825439453125,1509050
2024-06-20 00:00:00+05:30,3518.542084048452,3531.4724028758133,3503.757949581445,3510.431640625,2846526
2024-06-21 00:00:00+05:30,3547.2761188024833,3594.363079879569,3520.4421834921905,3532.2138671875,4642195
2024-06-24 00:00:00+05:30,3530.359880582307,3575.0831793648726,3514.185385660008,3537.821533203125,1702154
2024-06-25 00:00:00+05:30,3538.0072761024458,3566.416911288198,3515.668706319215,3557.889404296875,1338808
2024-06-26 00:00:00+05:30,3563.497327360351,3584.3063639061556,3560.2531497961004,3574.017822265625,1639845
2024-06-27 00:00:00+05:30,3550.9837890347926,3653.8705550444147,3539.0267689087714,3646.59423828125,4526556
2024-06-28 00:00:00+05:30,3631.4395370159273,3670.555002133022,3612.94777109011,3618.787109375,2731571
2024-07-01 00:00:00+05:30,3600.109652784797,3709.2066482395257,3600.109652784797,3687.42431640625,2658723
2024-07-02 00:00:00+05:30,3701.699052905465,3729.320724102144,3691.4566765329196,3723.75927734375,2307449
2024-07-03 00:00:00+05:30,3726.1690969595234,3731.8233246647856,3665.920094147989,3675.4208984375,1821198
2024-07-04 00:00:00+05:30,3707.4921862442698,3751.5203059355035,3691.039573096493,3727.0498046875,2518001
2024-07-05 00:00:00+05:30,3716.900368316538,3732.4260743437953,3696.508396221036,3718.56884765625,1668616
2024-07-08 00:00:00+05:30,3728.023114490228,3736.5970115088844,3687.285562563459,3701.328125,1758882
2024-07-09 00:00:00+05:30,3693.727708193667,3714.0732898340816,3684.551411180989,3694.191162109375,1305801
2024-07-10 00:00:00+05:30,3692.5226544204043,3710.6901382951037,3616.794330433944,3623.421630859375,2669716
2024-07-11 00:00:00+05:30,3643.6744309405326,3689.092911509367,3610.8619865173036,3636.907958984375,4872189
2024-07-12 00:00:00+05:30,3689.092963601374,3892.9665108049144,3681.0289111762886,3878.135986328125,13509164
2024-07-15 00:00:00+05:30,3926.1029828505975,3930.088504778696,3853.201332828978,3864.463623046875,4848030
2024-07-16 00:00:00+05:30,3867.0595933422346,3887.961184556231,3841.9402998086507,3873.038330078125,2029521
2024-07-18 00:00:00+05:30,3855.936610046835,4008.8764034741735,3855.936610046835,4000.116943359375,5613364
2024-07-19 00:00:00+05:30,4011.125849383663,4049.5425931032996,3981.2566440139753,3997.18994140625,3903354
2024-07-22 00:00:00+05:30,3994.9145068230564,4013.495719745839,3962.443655783337,3983.208251953125,1896386
2024-07-23 00:00:00+05:30,3979.1666292711343,4052.2838814085662,3963.6511354841136,3997.14404296875,2365208
2024-07-24 00:00:00+05:30,3983.3474471890877,4031.287066378296,3965.3237617134737,4000.767333984375,1809793
2024-07-25 00:00:00+05:30,3990.3153350812427,4034.9102445303465,3970.991055777116,4015.864501953125,2810342
2024-07-26 00:00:00+05:30,4041.4130950421622,4108.723708392576,4029.3815803480725,4076.578125,3552210
2024-07-29 00:00:00+05:30,4101.8026818187545,4116.66765190009,4060.924014095079,4070.3076171875,1746803
2024-07-30 00:00:00+05:30,4079.5973785353585,4086.007804826651,4020.3230504270045,4055.674072265625,1797906
2024-07-31 00:00:00+05:30,4041.4139618583135,4100.87384543508,4036.7686584538783,4074.25634765625,2330091
2024-08-01 00:00:00+05:30,4087.309021156136,4105.797235952523,4055.3956995339786,4085.17236328125,2202244
2024-08-02 00:00:00+05:30,4055.3500872010236,4086.0090912967016,3967.0893178346782,3979.21337890625,2811282
2024-08-05 00:00:00+05:30,3938.2880347144414,3938.2880347144414,3818.903743027533,3860.293212890625,2787771
2024-08-06 00:00:00+05:30,3875.065586406783,3956.1723973259723,3865.6352581703713,3875.2978515625,2203067
2024-08-07 00:00:00+05:30,3928.0680935195514,3943.8158516524645,3883.7517228332504,3902.47265625,1237666
2024-08-08 00:00:00+05:30,3884.402501608471,3931.7845938309133,3864.8922283404063,3876.5517578125,2441283
2024-08-09 00:00:00+05:30,3917.848430860645,3951.898410084894,3907.210505857532,3928.764892578125,1302536
2024-08-12 00:00:00+05:30,3929.926507307199,3938.288053067427,3889.3731010986708,3898.01318359375,936912
2024-08-13 00:00:00+05:30,3914.1326781305343,3933.6429525764734,3886.260857493479,3899.221435546875,1495593
2024-08-14 00:00:00+05:30,3910.4154116465866,4000.720268326334,3891.0444106465065,3990.546875,3226545
2024-08-16 00:00:00+05:30,4041.4140425715414,4112.951716428554,4018.2805218840263,4102.7783203125,3457058
2024-08-19 00:00:00+05:30,4107.376754658791,4175.430440991918,4078.901139092339,4171.48193359375,2055210
2024-08-20 00:00:00+05:30,4185.417806867609,4241.161440255413,4180.772504085293,4202.41943359375,2212298
2024-08-21 00:00:00+05:30,4197.4965812266555,4236.51713377458,4173.851803046981,4228.6201171875,1896990
2024-08-22 00:00:00+05:30,4236.516374666815,4237.39916370202,4178.171549911448,4182.630859375,1829872
2024-08-23 00:00:00+05:30,4180.773068059991,4186.347432150737,4138.965337379391,4147.23388671875,1809253
2024-08-26 00:00:00+05:30,4170.552295527457,4229.222371308714,4166.836053784951,4183.04833984375,1844164
2024-08-27 00:00:00+05:30,4185.4182168111465,4190.06352004845,4168.509131570201,4178.125,930697
2024-08-28 00:00:00+05:30,4179.611593409034,4238.83920976465,4141.101848062617,4186.3935546875,1848058
2024-08-29 00:00:00+05:30,4143.611160232403,4232.800996865208,4143.611160232403,4191.736328125,2133641
2024-08-30 00:00:00+05:30,4180.772468175268,4266.47830377286,4169.437748026632,4230.70947265625,3637222
2024-09-02 00:00:00+05:30,4251.381655472286,4262.530383589784,4191.921772178967,4200.32958984375,1216500
2024-09-03 00:00:00+05:30,4200.329136859027,4232.706988670382,4176.9633540945715,4192.24658203125,1717263
2024-09-04 00:00:00+05:30,4159.357482985526,4168.694359320059,4121.962798795058,4161.494140625,1265505
2024-09-05 00:00:00+05:30,4163.120285213532,4179.843374955519,4138.1749189531665,4158.4287109375,1688793
2024-09-06 00:00:00+05:30,4156.570844055927,4198.378570967705,4125.029055295338,4140.5908203125,1649179
2024-09-09 00:00:00+05:30,4138.964928860649,4171.714314661398,4116.202944403391,4133.9013671875,1184938
2024-09-10 00:00:00+05:30,4127.305445435125,4217.88885396822,4125.447324234446,4188.06591796875,1385591
2024-09-11 00:00:00+05:30,4200.701434505407,4226.622135770557,4154.062408672436,4161.587890625,1325919
2024-09-12 00:00:00+05:30,4190.295114701829,4211.05970757852,4116.945606864631,4197.216796875,2742216
2024-09-13 00:00:00+05:30,4208.643999833735,4224.438028089181,4185.417487693372,4201.76904296875,1458786
2024-09-16 00:00:00+05:30,4205.857591838961,4223.556015887551,4175.616848928026,4193.0830078125,1155120
2024-09-17 00:00:00+05:30,4193.083413338136,4214.033551710522,4149.185293074418,4186.0224609375,1699364
2024-09-18 00:00:00+05:30,4178.03182491242,4178.03182491242,4014.47088636393,4037.836669921875,2961779
2024-09-19 00:00:00+05:30,4078.621993722427,4108.491652642897,3978.0511914620456,3991.38330078125,2927551
2024-09-20 00:00:00+05:30,4010.6613336102855,4023.4826411815384,3927.603412493341,3980.931396484375,5447908
2024-09-23 00:00:00+05:30,3994.9607224434812,4003.6938016662916,3951.2948726865407,3965.6953125,1702319
2024-09-24 00:00:00+05:30,3950.0404365312907,3986.5990621222545,3939.216971195143,3968.29638671875,3012026
2024-09-25 00:00:00+05:30,3950.6905998877737,3985.2981043185428,3939.2166117170595,3971.50146484375,2713073
2024-09-26 00:00:00+05:30,3957.798205900553,4010.5686671887433,3957.798205900553,3987.99267578125,3964251
2024-09-27 00:00:00+05:30,4027.47756855055,4067.4271730367495,3995.006720191253,4003.04345703125,3012477
2024-09-30 00:00:00+05:30,3982.789937420948,3993.799396652073,3957.844568692927,3965.6953125,2503416
2024-10-01 00:00:00+05:30,3953.66354966123,3991.011966244493,3941.9577493270317,3983.71875,1823365
2024-10-03 00:00:00+05:30,3960.2139962956594,3975.4505001458124,3911.3453156377354,3932.4814453125,3350119
2024-10-04 00:00:00+05:30,3925.280756694985,3993.1021756864016,3924.3979677304274,3950.59765625,2965463
2024-10-07 00:00:00+05:30,3970.7119044131277,3992.4055595878863,3929.368708787632,3969.736572265625,1472619
2024-10-08 00:00:00+05:30,3969.504022912318,3975.821452918664,3905.7241096750513,3951.526611328125,1541867
2024-10-09 00:00:00+05:30,3957.798231053306,3990.315352669941,3945.4419062961365,3951.24853515625,1082504
2024-10-10 00:00:00+05:30,3951.526558479922,3989.2465053830083,3900.7534930523875,3927.51025390625,2378875
2024-10-11 00:00:00+05:30,3849.0977975212186,3941.028518940875,3820.7151796266107,3854.858154296875,5759183
2024-10-14 00:00:00+05:30,3846.311174442351,3869.909224735711,3829.7740759707513,3843.19873046875,2137590
2024-10-15 00:00:00+05:30,3837.995460690613,3874.1362795372975,3804.5030088222256,3824.75634765625,2759474
2024-10-16 00:00:00+05:30,3795.2124356440127,3823.0842527968452,3778.67511210238,3804.45654296875,2359151
2024-10-17 00:00:00+05:30,3821.0405029589083,3836.9742562004353,3802.5987849412795,3817.51025390625,2522659
2024-10-18 00:00:00+05:30,3809.127538516671,3861.4214601065487,3799.814268251349,3839.90771484375,2361000
2024-10-21 00:00:00+05:30,3848.802801800323,3855.6481475353057,3790.501629279664,3799.67529296875,1595450
2024-10-22 00:00:00+05:30,3786.7761613201965,3808.941792786158,3731.222588221232,3739.744140625,1928049
2024-10-23 00:00:00+05:30,3724.936169449571,3831.0606256089795,3720.791581721823,3787.009033203125,1966476
2024-10-24 00:00:00+05:30,3729.034017325969,3798.8835556125446,3729.034017325969,3769.919189453125,2676744
2024-10-25 00:00:00+05:30,3778.440830569176,3810.990668738502,3755.762923689694,3778.906494140625,1759676
2024-10-28 00:00:00+05:30,3789.5234771784344,3850.106352412569,3772.8062006829505,3809.919677734375,1532534
2024-10-29 00:00:00+05:30,3814.576544255364,3821.701106275593,3781.2815973687175,3795.39111328125,1445885
2024-10-30 00:00:00+05:30,3795.158291397516,3824.960761415852,3781.234995410785,3804.1455078125,1935002
2024-10-31 00:00:00+05:30,3790.501112565659,3798.2311725944933,3688.0551365503707,3695.9248046875,3740372
2024-11-01 00:00:00+05:30,3715.855640568731,3724.3305810268316,3703.003280699814,3710.593505859375,154895
2024-11-04 00:00:00+05:30,3693.9228999424704,3717.7647384247807,3644.51594943524,3691.92041015625,2269192
2024-11-05 00:00:00+05:30,3670.453574014962,3712.2700726947464,3670.453574014962,3698.626220703125,967590
2024-11-06 00:00:00+05:30,3728.6617654032125,3864.821532718559,3702.258547649724,3855.36865234375,3792017
2024-11-07 00:00:00+05:30,3883.3546808183637,3916.975224376799,3804.517707610648,3865.845458984375,3724349
2024-11-08 00:00:00+05:30,3869.664484727288,3883.4015608162717,3834.8793231384825,3862.2138671875,1648039
2024-11-11 00:00:00+05:30,3844.7047206230945,3943.5181622491855,3834.8789468568493,3910.36328125,1406487
2024-11-12 00:00:00+05:30,3926.4751190486577,3928.3377732797053,3878.3721644817633,3909.15234375,1587640
2024-11-13 00:00:00+05:30,3891.1780687289943,3908.5472291817673,3847.358853332509,3865.333740234375,1098813
2024-11-14 00:00:00+05:30,3851.037346821025,3874.3205230412245,3833.761411965451,3861.188720703125,1825432
2024-11-18 00:00:00+05:30,3923.6812860911455,3923.6812860911455,3716.181551430071,3743.469482421875,3313944
2024-11-19 00:00:00+05:30,3743.8418634756777,3848.383334503383,3738.440347986104,3762.142578125,1776233
2024-11-21 00:00:00+05:30,3767.124986745769,3811.409636894372,3747.660340835974,3793.15576171875,2384347
2024-11-22 00:00:00+05:30,3791.4328432690386,3962.750655117127,3775.6002816538157,3953.111328125,3096553
2024-11-25 00:00:00+05:30,3986.080344448122,4030.8772729139196,3960.189630652715,4018.77001953125,4052167
2024-11-26 00:00:00+05:30,4024.310731522724,4066.7329532289605,4014.0197491006056,4053.78759765625,2060669
2024-11-27 00:00:00+05:30,4059.6086406624336,4076.7913536382084,4027.1049595017485,4035.021240234375,1558993
2024-11-28 00:00:00+05:30,4022.4023078590976,4041.9137952346705,3942.3081660494468,3953.390869140625,2558544
2024-11-29 00:00:00+05:30,3930.2005178866866,4003.496145463694,3907.5226111522825,3977.55859375,2017425
2024-12-02 00:00:00+05:30,3976.76648289637,3993.7168170183645,3939.559785541823,3982.959716796875,1670944
2024-12-03 00:00:00+05:30,4018.0715527591838,4027.9900963818563,3972.529744122267,4007.26806640625,2010905
2024-12-04 00:00:00+05:30,4017.3258027448396,4085.6855752155147,3994.508288951376,4055.37060546875,3302642
2024-12-05 00:00:00+05:30,4098.584281260393,4180.727516616581,4060.586315983135,4157.49072265625,3746747
2024-12-06 00:00:00+05:30,4147.199308267314,4158.375232745017,4109.713394915021,4140.21435546875,1842087
2024-12-09 00:00:00+05:30,4126.198190317889,4162.47310676674,4112.321053205062,4146.40771484375,2066639
2024-12-10 00:00:00+05:30,4122.194381179075,4185.198584263352,4109.109414059275,4128.15478515625,2087828
2024-12-11 00:00:00+05:30,4127.502533877997,4143.148648906342,4104.358962055129,4123.40478515625,1635256
2024-12-12 00:00:00+05:30,4125.825703197917,4177.002312539005,4122.054010099808,4149.01611328125,1914642
2024-12-13 00:00:00+05:30,4130.389146191078,4186.221930852545,4092.6235608796533,4166.6640625,1967048
2024-12-16 00:00:00+05:30,4152.787550664486,4167.6887843067,4095.045270300907,4111.99560546875,1646224
2024-12-17 00:00:00+05:30,4107.153170844404,4128.527313123141,4021.471063878942,4031.25,3225027
2024-12-18 00:00:00+05:30,4015.6033671632454,4062.448939888911,3995.020946646264,4049.270751953125,1575404
2024-12-19 00:00:00+05:30,3987.9426274375915,4064.3114493548924,3969.3160855065425,3978.5361328125,3015763
2024-12-20 00:00:00+05:30,4031.7151268140337,4081.0754644719555,3867.3358891418975,3883.913330078125,4116989
2024-12-23 00:00:00+05:30,3911.620704363013,3927.4068826253215,3832.3182826130205,3872.73779296875,2195338
2024-12-24 00:00:00+05:30,3872.7376155550933,3928.338029883583,3872.7376155550933,3892.48193359375,1181886
2024-12-26 00:00:00+05:30,3892.482098814087,3911.527922278893,3858.628263566546,3882.79638671875,1208464
2024-12-27 00:00:00+05:30,3877.1150885157394,3893.832593461187,3862.446685286308,3878.838134765625,858100
2024-12-30 00:00:00+05:30,3865.938711530591,3910.9216276232846,3829.6169553875666,3873.202880859375,1527169
2024-12-31 00:00:00+05:30,3851.0376939335874,3855.6479451405453,3755.1576110916253,3813.598388671875,1555429
2025-01-01 00:00:00+05:30,3813.2261358114647,3850.1067852265496,3804.8908025424075,3830.036865234375,763161
2025-01-02 00:00:00+05:30,3837.0680112666887,3895.7416240603297,3815.6011015015547,3888.989501953125,1720835
2025-01-03 00:00:00+05:30,3892.9011567771527,3892.9011567771527,3811.270194517517,3818.34814453125,1791953
2025-01-06 00:00:00+05:30,3823.563603014824,3864.681605615779,3787.148620607623,3813.78466796875,2085593
2025-01-07 00:00:00+05:30,3832.364669490885,3856.020287112112,3736.065309985075,3751.6650390625,2669054
2025-01-08 00:00:00+05:30,3757.8118581960475,3842.655853224678,3741.839688389106,3826.264404296875,2181277
2025-01-09 00:00:00+05:30,3819.3726136468736,3853.5988861539504,3748.8711943929684,3761.49072265625,2392472
2025-01-10 00:00:00+05:30,3911.574279957844,4001.9130192806797,3883.6344636724307,3972.7158203125,7894300
2025-01-13 00:00:00+05:30,3953.4839382998034,4026.0810749677194,3937.0924887364367,3996.418212890625,4003771
2025-01-14 00:00:00+05:30,4006.569685669616,4017.6523885968354,3929.3159111555674,3942.3544921875,3441709
2025-01-15 00:00:00+05:30,3928.3377943076216,3964.1475039910265,3918.512475086078,3957.767822265625,1653474
2025-01-16 00:00:00+05:30,3967.454105878668,3999.1192325453053,3903.9842444070855,3917.441650390625,2637705
2025-01-17 00:00:00+05:30,3945.5156582213353,3946.179768328342,3888.7499900580783,3911.750244140625,1761466
2025-01-20 00:00:00+05:30,3932.142300220547,3932.142300220547,3858.446917151911,3867.64697265625,1287799
2025-01-21 00:00:00+05:30,3884.2452782424407,3899.136119079718,3822.3105229606576,3827.859130859375,1971591
2025-01-22 00:00:00+05:30,3841.2796202434547,3948.598240960883,3835.7784821299006,3942.385986328125,2409223
2025-01-23 00:00:00+05:30,3953.1984717808796,3975.3452017162494,3926.6887142484056,3931.810791015625,1822998
2025-01-24 00:00:00+05:30,3892.4966488174464,3962.682991900412,3892.4966488174464,3938.35498046875,1910099
2025-01-27 00:00:00+05:30,3890.59942943467,3942.1485418020825,3832.7905934392124,3855.6484375,1551782
2025-01-28 00:00:00+05:30,3861.007499214359,3890.5995312485556,3820.6977771085412,3832.079345703125,2468272
2025-01-29 00:00:00+05:30,3845.0734688360117,3896.148353343233,3845.0734688360117,3888.512939453125,1217089
2025-01-30 00:00:00+05:30,3888.6078230102007,3917.061745659292,3849.3415023779007,3888.75,1531251
2025-01-31 00:00:00+05:30,3898.187645857167,3915.6869946237944,3874.713158208757,3900.4638671875,1492943
2025-02-01 00:00:00+05:30,3901.032713879516,3922.752448425496,3846.9702619730892,3863.236328125,437172
2025-02-03 00:00:00+05:30,3823.1642266792337,3866.8885186427515,3792.623725946494,3858.96875,1265713
2025-02-04 00:00:00+05:30,3873.242905885086,3906.5815588564824,3856.5026066809596,3895.389404296875,2547132
2025-02-05 00:00:00+05:30,3936.126163727403,3936.126163727403,3865.939817675396,3880.26171875,1693912
2025-02-06 00:00:00+05:30,3893.824170580454,3926.166886912974,3842.7495210483457,3872.341552734375,2284536
2025-02-07 00:00:00+05:30,3879.218228908592,3879.218228908592,3801.444171507491,3821.7412109375,1548940
2025-02-10 00:00:00+05:30,3831.7949614241543,3843.176530616503,3807.4669498989556,3828.902099609375,1339511
2025-02-11 00:00:00+05:30,3811.307781294286,3831.794697050472,3751.1752541669844,3759.28466796875,1810908
2025-02-12 00:00:00+05:30,3766.446193388272,3814.4858114252734,3737.0910418049134,3746.57568359375,1678002
2025-02-13 00:00:00+05:30,3763.5057059907817,3779.1078947757164,3701.144188811121,3708.636962890625,2277310
2025-02-14 00:00:00+05:30,3722.7215010647665,3744.536174828968,3699.009899147157,3732.06396484375,1681975
2025-02-17 00:00:00+05:30,3657.7517993998813,3731.257767104663,3657.467213858333,3703.278076171875,1799806
2025-02-18 00:00:00+05:30,3697.492313192335,3722.1523795147264,3665.33947318774,3673.591064453125,2149879
2025-02-19 00:00:00+05:30,3672.6430537431497,3675.251330310773,3573.95530675462,3589.08349609375,4366672
2025-02-20 00:00:00+05:30,3567.6478288188787,3592.782128290818,3557.9735409942346,3584.625244140625,2888572
2025-02-21 00:00:00+05:30,3581.495307989525,3620.2873962692524,3580.451904877241,3590.885009765625,1833931
2025-02-24 00:00:00+05:30,3550.2433706104594,3569.260122487774,3480.8633130033377,3486.1748046875,2508516
2025-02-25 00:00:00+05:30,3438.1824887498096,3469.4818051991183,3434.625748244206,3442.498046875,4101954
2025-02-27 00:00:00+05:30,3425.5677363307773,3450.512388419143,3415.1346312530945,3426.3740234375,3823856
2025-02-28 00:00:00+05:30,3400.1963006835795,3414.470731581497,3278.8403664103434,3303.737548828125,7085018
2025-03-03 00:00:00+05:30,3305.397532195103,3341.6762855972443,3297.0035319217445,3313.03271484375,4990439
2025-03-04 00:00:00+05:30,3294.964557324782,3367.9962990962294,3285.764501101665,3350.02294921875,2797737
2025-03-05 00:00:00+05:30,3339.400041837824,3414.8029405590255,3339.400041837824,3364.249755859375,2501894
2025-03-06 00:00:00+05:30,3373.6866911774378,3423.433585251506,3353.863884772035,3415.98828125,2786513
2025-03-07 00:00:00+05:30,3414.4707542689284,3438.1823567291294,3390.1899807262357,3425.093505859375,2051315
2025-03-10 00:00:00+05:30,3420.6362559634954,3435.4323906202376,3397.968053420582,3404.654541015625,1004626
2025-03-11 00:00:00+05:30,3374.6352261327497,3403.8004968476407,3355.3338893126197,3391.043701171875,1995450
2025-03-12 00:00:00+05:30,3381.2746199098347,3385.305592458114,3307.15224085139,3325.5048828125,3174167
2025-03-13 00:00:00+05:30,3321.8059194545594,3342.672130004524,3304.5439188567675,3330.10498046875,1693004
2025-03-17 00:00:00+05:30,3309.190792582095,3348.504577841753,3298.141279950849,3317.4423828125,2690906
2025-03-18 00:00:00+05:30,3317.4423828125,3317.4423828125,3317.4423828125,3317.4423828125,0
2025-03-19 00:00:00+05:30,3364.2020435877325,3364.2020435877325,3284.2939459919426,3316.873779296875,3051244
2025-03-20 00:00:00+05:30,3331.0061697900233,3394.505799750347,3331.0061697900233,3379.52001953125,2845192
2025-03-21 00:00:00+05:30,3295.912959410607,3429.8835221492395,3286.4283178007922,3393.69970703125,4161925
2025-03-24 00:00:00+05:30,3414.470721860925,3461.6568103088644,3382.792113898217,3441.9287109375,1834751
2025-03-25 00:00:00+05:30,3457.1517113972473,3518.8018790902024,3450.5124625687754,3469.24462890625,3135390
2025-03-26 00:00:00+05:30,3459.7601257453803,3490.822326860632,3438.9888533482517,3448.426025390625,1734499
2025-03-27 00:00:00+05:30,3428.555452249772,3474.2239048124366,3424.4295409023484,3463.031982421875,2528474
2025-03-28 00:00:00+05:30,3462.8424183134416,3472.279589767322,3406.7880975546004,3420.3037109375,2051919
2025-04-01 00:00:00+05:30,3388.577422151902,3399.2951120927096,3343.335733852344,3367.80615234375,2618493
2025-04-02 00:00:00+05:30,3361.3565515448827,3380.4207713370747,3348.1255245230677,3361.30908203125,1764313
2025-04-03 00:00:00+05:30,3311.088041352429,3321.521146037298,3221.1261324235493,3227.765380859375,4537821
2025-04-04 00:00:00+05:30,3189.3056688327865,3224.446080623458,3125.663631237096,3129.362548828125,5317367
2025-04-07 00:00:00+05:30,2940.238860434007,3121.7748058386424,2898.5539074179674,3105.319091796875,6623955
2025-04-08 00:00:00+05:30,3131.875989149625,3176.4063332063806,3087.535291604866,3123.244873046875,5557558
2025-04-09 00:00:00+05:30,3092.5147195117684,3101.4776590955953,3046.5142098890965,3079.28369140625,2990265
2025-04-11 00:00:00+05:30,3120.020055994998,3128.9355257101774,3040.7758359181594,3064.961669921875,7108961
2025-04-15 00:00:00+05:30,3143.5890530173965,3143.5890530173965,3071.695665599668,3080.80078125,3512160
2025-04-16 00:00:00+05:30,3080.801013758816,3109.1602290119804,3062.5905495252055,3105.081787109375,2384391
2025-04-17 00:00:00+05:30,3078.2407727362947,3133.3466391684096,3052.1580054430433,3128.888671875,2932346
2025-04-21 00:00:00+05:30,3120.5420796132057,3181.1488478659085,3114.8512945544117,3150.418701171875,2432946
2025-04-22 00:00:00+05:30,3151.3669464223676,3162.0844056249766,3125.189244347029,3143.58935546875,2710498
2025-04-23 00:00:00+05:30,3191.581874951358,3244.6009284823726,3165.3094642241085,3237.108154296875,3543923
2025-04-24 00:00:00+05:30,3225.8214222352462,3236.633820616935,3213.1118640484187,3226.295654296875,2252175
2025-04-25 00:00:00+05:30,3243.747204561521,3298.568475558524,3229.5202431380058,3270.30419921875,2742991
2025-04-28 00:00:00+05:30,3257.9741879514845,3279.5992157727555,3229.520264912607,3266.0361328125,1593296
2025-04-29 00:00:00+05:30,3276.943382576269,3314.881945616226,3253.6110736832507,3293.54150390625,1578332
2025-04-30 00:00:00+05:30,3293.06738873724,3329.014085869881,3192.53019311335,3275.71044921875,2809332
2025-05-02 00:00:00+05:30,3293.0674491310842,3311.562499608635,3243.7473145242825,3254.180419921875,1721761
2025-05-05 00:00:00+05:30,3272.2013429677813,3323.892639545098,3268.786779377753,3276.27978515625,1284443
2025-05-06 00:00:00+05:30,3281.68603515625,3294.0160693923863,3259.871359200009,3281.68603515625,1324763
2025-05-07 00:00:00+05:30,3244.3163408615387,3281.211501134211,3244.3163408615387,3267.5537109375,1477128
2025-05-08 00:00:00+05:30,3270.304189784248,3297.809648457028,3251.9987864937443,3271.15771484375,2543591
2025-05-09 00:00:00+05:30,3223.8296054868374,3268.5970664946117,3222.976080385976,3263.001220703125,2531757
2025-05-12 00:00:00+05:30,3324.3666713915923,3443.3989159735165,3321.7109255991563,3433.8193359375,2228678
2025-05-13 00:00:00+05:30,3433.819342081611,3436.2854413701325,3329.5832299005933,3333.851318359375,3062887
2025-05-14 00:00:00+05:30,3339.5418020394927,3377.480362698845,3327.7809408585326,3365.814208984375,2119499
2025-05-15 00:00:00+05:30,3380.326007773164,3414.4707149223877,3332.9977424314357,3395.406494140625,3548330
2025-05-16 00:00:00+05:30,3408.6851728219754,3408.6851728219754,3363.3487722739774,3377.765380859375,1666727
2025-05-19 00:00:00+05:30,3367.0478467189873,3367.0478467189873,3323.133908772587,3337.455810546875,2537377
2025-05-20 00:00:00+05:30,3349.785756293493,3374.6354708973113,3313.9337648440714,3318.01220703125,2038374
2025-05-21 00:00:00+05:30,3327.212262398612,3354.7177229486574,3318.012206388427,3344.094970703125,1440153
2025-05-22 00:00:00+05:30,3314.8821689714327,3317.5379148748953,3273.4343323692665,3297.809814453125,2034383
2025-05-23 00:00:00+05:30,3297.8098235860703,3352.820743852965,3286.9974249846496,3333.47216796875,1274331
2025-05-26 00:00:00+05:30,3339.54242872468,3362.3055693919314,3329.2042616284266,3355.00244140625,967470
2025-05-27 00:00:00+05:30,3349.9755052710357,3357.5632187597585,3303.5956991946746,3318.3916015625,2467680
2025-05-28 00:00:00+05:30,3338.59317566322,3347.1293513964497,3312.9846484635304,3317.4423828125,1222933
2025-05-29 00:00:00+05:30,3324.0822341714443,3350.4495836467595,3306.820233088302,3317.822509765625,3188072
2025-05-30 00:00:00+05:30,3310.139637529337,3325.97894134562,3275.1414056184462,3284.910400390625,3404365
2025-06-02 00:00:00+05:30,3272.201121116267,3281.6857620470387,3242.41944121709,3272.011474609375,1877585
2025-06-03 00:00:00+05:30,3268.4070961095445,3294.4898573234195,3225.2519821011338,3229.709716796875,2848125
2025-06-04 00:00:00+05:30,3242.9152450223373,3248.465279476926,3224.7342507303856,3235.164306640625,2544807
2025-06-05 00:00:00+05:30,3262.0530702216233,3262.0530702216233,3218.7057063727016,3225.786865234375,3584683
2025-06-06 00:00:00+05:30,3225.7868448606714,3244.7331673196672,3213.9212139850256,3238.322021484375,2070390
2025-06-09 00:00:00+05:30,3253.440592826736,3285.9749987550035,3244.7327613227562,3274.396484375,1718678
2025-06-10 00:00:00+05:30,3291.7168496023487,3335.5426613582063,3275.6409764041855,3313.629638671875,2419874
2025-06-11 00:00:00+05:30,3320.423693236899,3338.604687522634,3300.424692969312,3322.24169921875,2847013
2025-06-12 00:00:00+05:30,3322.2416207116808,3324.9209717927824,3275.640909498604,3286.166748046875,4060134
2025-06-13 00:00:00+05:30,3246.933943792306,3301.76403815699,3246.933943792306,3297.1708984375,2178493
2025-06-16 00:00:00+05:30,3291.7166438153617,3357.742355566309,3278.511454741814,3345.58984375,1934088
2025-06-17 00:00:00+05:30,3358.6991651797816,3368.268108670322,3337.743272382211,3363.770751953125,2111940
2025-06-18 00:00:00+05:30,3367.4074309500347,3385.492643029953,3294.6834510545355,3302.62548828125,2696327
2025-06-19 00:00:00+05:30,3301.2857490610854,3302.2426434811027,3265.88065552043,3276.406494140625,2672768
2025-06-20 00:00:00+05:30,3277.3633274014865,3297.7452248908758,3263.871022884297,3287.60205078125,2351248
2025-06-23 00:00:00+05:30,3267.7945867055305,3277.3635313225304,3224.73433592903,3247.317138671875,3123421
2025-06-24 00:00:00+05:30,3286.549557502439,3293.726265410323,3236.2168192617623,3244.254638671875,3403048
2025-06-25 00:00:00+05:30,3260.426516604334,3301.2858630262535,3253.441140373699,3296.31005859375,1757699
2025-06-26 00:00:00+05:30,3296.3098921986184,3302.625255099875,3268.081507258558,3293.439208984375,2879106
2025-06-27 00:00:00+05:30,3306.0702704397795,3316.978773543857,3283.1048040170426,3292.76953125,1778433
2025-06-30 00:00:00+05:30,3291.6210940950255,3315.5434551196317,3282.1479325760038,3312.7685546875,1468351
2025-07-01 00:00:00+05:30,3306.0700701470973,3334.776901436363,3266.35895353028,3281.860595703125,2375183
2025-07-02 00:00:00+05:30,3336.8820295980254,3339.4655976963195,3272.57877409358,3275.736572265625,3090585
2025-07-03 00:00:00+05:30,3282.147812903343,3287.2193999790024,3251.144527592608,3254.20654296875,2531870
2025-07-04 00:00:00+05:30,3261.096050751665,3279.2770439923584,3243.967734776887,3272.387451171875,1109320
2025-07-07 00:00:00+05:30,3270.95207089655,3278.415893704088,3261.478676465787,3264.636474609375,1639174
2025-07-08 00:00:00+05:30,3258.2253086430815,3277.363195918518,3247.125240576613,3259.37353515625,2325242
2025-07-09 00:00:00+05:30,3263.0097947012437,3266.837372173034,3221.8633368794976,3237.939208984375,2034938
2025-07-10 00:00:00+05:30,3234.303008112803,3252.484001353674,3211.33754296644,3236.216796875,3035012
2025-07-11 00:00:00+05:30,3157.6556670087216,3191.242753149758,3120.5283520064395,3125.217041015625,7635550
2025-07-14 00:00:00+05:30,3125.217267735536,3130.9586344245786,3062.062234156067,3083.78369140625,3924009
2025-07-15 00:00:00+05:30,3067.8036497758007,3118.901720676558,3067.8036497758007,3112.10791015625,2590889
2025-07-16 00:00:00+05:30,3098.377172901335,3115.5636150516416,3092.2323599696115,3104.234130859375,2540733
2025-07-17 00:00:00+05:30,3095.5933632665156,3112.779808234124,3076.390526695053,3081.287109375,2947640
2025-07-18 00:00:00+05:30,3096.4571730230687,3100.105758589483,3059.9717861781455,3062.756103515625,3432645
2025-07-21 00:00:00+05:30,3062.8521341278406,3070.1493050764375,3026.3667482040605,3032.319580078125,3844346
2025-07-22 00:00:00+05:30,3033.6640625,3053.3469689942053,3028.8633535989743,3033.6640625,3198036
2025-07-23 00:00:00+05:30,3033.6641973444102,3055.1712804131353,3031.7439136986445,3052.386962890625,1922875
2025-07-24 00:00:00+05:30,3038.944885626984,3047.2019644087272,3014.8452328363246,3022.5263671875,2934778
2025-07-25 00:00:00+05:30,3014.845292873372,3031.0715957495104,3001.019344529776,3010.812744140625,2568917
2025-07-28 00:00:00+05:30,2986.041003699968,2993.72213811463,2947.539223682625,2956.564697265625,3374473
2025-07-29 00:00:00+05:30,2938.033682139132,2951.475666305782,2919.9829708048537,2934.193115234375,4785312
2025-07-30 00:00:00+05:30,2938.033974050545,2946.6752504448114,2925.7441118523307,2931.88916015625,2880121
2025-07-31 00:00:00+05:30,2920.4633903186314,2937.8420514011964,2894.827650050853,2915.7587890625,2968371
2025-08-01 00:00:00+05:30,2909.133383273443,2915.758501968501,2880.4252388236764,2883.3056640625,2053847
2025-08-04 00:00:00+05:30,2889.1625521624956,2956.660327755159,2872.360072011628,2951.859619140625,2519252
2025-08-05 00:00:00+05:30,2951.859809051624,2954.836342347973,2920.751308991888,2941.7783203125,1927996
2025-08-06 00:00:00+05:30,2940.9142942671037,2944.562879940478,2905.3890481398157,2911.43798828125,1487081
2025-08-07 00:00:00+05:30,2895.7876067904904,2929.9687479023937,2890.890789951502,2925.552001953125,2543076
2025-08-08 00:00:00+05:30,2926.6083584758467,2937.841970823321,2904.4289887975438,2915.37451171875,2762140
2025-08-11 00:00:00+05:30,2915.3746004762743,2928.3365153663553,2900.876599282036,2919.599365234375,1884215
2025-08-12 00:00:00+05:30,2919.791194448837,2972.9829560524563,2906.253101394714,2914.414306640625,3358232
2025-08-13 00:00:00+05:30,2915.0864995163706,2923.0554886191444,2907.8854362960733,2915.182373046875,2148166
2025-08-14 00:00:00+05:30,2913.0700372499637,2934.0970475783347,2898.7640190971856,2901.83642578125,3342174
2025-08-18 00:00:00+05:30,2925.072007661826,2927.4723621732833,2883.6898021204543,2891.178955078125,2945609
2025-08-19 00:00:00+05:30,2891.1790271854784,2904.429031301108,2891.083153648401,2895.979736328125,2650784
2025-08-20 00:00:00+05:30,2890.890836056874,2979.7039520714934,2890.890836056874,2975.095458984375,4952358
2025-08-21 00:00:00+05:30,3005.2438266480435,3005.2438266480435,2960.2132701020532,2978.93603515625,3230726
2025-08-22 00:00:00+05:30,2962.997485687316,2972.3108139224278,2928.4323821601793,2932.27294921875,1593791
2025-08-25 00:00:00+05:30,2964.245782645686,3026.366909314735,2954.4523833109183,3015.42138671875,3448370
2025-08-26 00:00:00+05:30,3004.283909445262,3035.9685911364395,2995.6426326203955,3031.35986328125,5522097
2025-08-28 00:00:00+05:30,3019.6456977878825,3021.0859103623443,2963.477407383879,2970.390380859375,3116051
2025-08-29 00:00:00+05:30,2969.7184911417403,2990.841610057071,2954.548204311535,2961.749267578125,2271789
2025-09-01 00:00:00+05:30,2966.8382982161247,3006.3002217717835,2966.8382982161247,2988.53759765625,1246862
2025-09-02 00:00:00+05:30,2996.698656186325,3029.247369338668,2979.416103841445,2987.481201171875,2185229
2025-09-03 00:00:00+05:30,3005.1475613511693,3016.6692623196923,2964.917715899919,2974.0390625,1799774
2025-09-04 00:00:00+05:30,2991.8017155695825,2993.7219990840686,2967.6061901689773,2972.310791015625,1481391
2025-09-05 00:00:00+05:30,2973.6550115959403,2979.703716897792,2907.8853038462717,2926.800048828125,2802055
2025-09-08 00:00:00+05:30,2928.432609909376,2942.7386295513115,2895.7877873726816,2898.668212890625,2626187
2025-09-09 00:00:00+05:30,2911.246178939102,2938.034042622692,2909.997947659983,2927.8564453125,2489301
2025-09-10 00:00:00+05:30,2934.5773210773896,2998.2347696750494,2931.696895660388,2986.041015625,2079428
2025-09-11 00:00:00+05:30,3013.885194748687,3013.885194748687,2986.137189714118,2999.675048828125,2263446
2025-09-12 00:00:00+05:30,3018.685897890405,3023.198517586115,2996.6026359147436,3008.50830078125,1447167
2025-09-15 00:00:00+05:30,3009.0844623500607,3009.0844623500607,2972.5990732086116,2987.865234375,1732539
2025-09-16 00:00:00+05:30,3003.323408916267,3024.4465275211764,2985.176823514983,3020.31787109375,2573429
2025-09-17 00:00:00+05:30,3026.366894691811,3055.5551110798156,3017.1494398273812,3046.337890625,2418271
2025-09-18 00:00:00+05:30,3058.0514988629902,3075.334050504916,3035.392059613066,3050.082275390625,2633138
2025-09-19 00:00:00+05:30,3043.6495079786732,3053.730996885227,3018.685821162444,3042.88134765625,4901694
2025-09-22 00:00:00+05:30,2971.6391408137306,2983.0647355072842,2942.834884198412,2951.2841796875,3634901
2025-09-23 00:00:00+05:30,2947.6353061603577,2957.9087764692863,2930.352753876681,2940.338134765625,3177741
2025-09-24 00:00:00+05:30,2928.432470591566,2935.153463147022,2912.1100600997443,2914.414306640625,1625714
2025-09-25 00:00:00+05:30,2901.548445826189,2908.845617084501,2833.3783797594588,2839.523193359375,4974361
2025-09-26 00:00:00+05:30,2823.7769658283983,2837.0269692313786,2776.057966398974,2783.547119140625,3934636
2025-09-29 00:00:00+05:30,2799.773476015783,2812.5434087793974,2778.6503565122343,2780.666748046875,3110035
2025-09-30 00:00:00+05:30,2794.9727356006983,2799.101392157332,2770.105157137798,2773.2734375,2253458
2025-10-01 00:00:00+05:30,2775.7699233020426,2808.222762784315,2752.342557318892,2798.045166015625,1952902
2025-10-03 00:00:00+05:30,2807.454332770607,2807.454332770607,2775.8657645822723,2786.235107421875,2899519
2025-10-06 00:00:00+05:30,2786.331441741774,2874.2805224330996,2780.18662812204,2869.28759765625,2112774
2025-10-07 00:00:00+05:30,2875.624405031906,2884.7457512248284,2837.6988077034384,2855.17333984375,3062943
2025-10-08 00:00:00+05:30,2856.4219038307547,2921.711547346886,2849.7009111158586,2906.541259765625,4121889
2025-10-09 00:00:00+05:30,2913.070135429991,2943.794672125363,2899.628150625765,2939.666015625,3211304
2025-10-10 00:00:00+05:30,2928.4324419455565,2947.635277630445,2887.0502372807746,2907.597412109375,8817365
2025-10-13 00:00:00+05:30,2906.349233459963,2914.5104387736105,2878.6971026918,2887.33837890625,2866865
2025-10-14 00:00:00+05:30,2900.5884226064827,2906.5412549765147,2837.699133735008,2842.307861328125,3611416
2025-10-15 00:00:00+05:30,2863.220385125294,2871.6047262713414,2843.9459294866183,2862.06396484375,4282226
2025-10-16 00:00:00+05:30,2862.1601270799792,2867.075207263124,2836.332545372744,2862.93115234375,3251495
2025-10-17 00:00:00+05:30,2862.2568312933195,2880.374867719902,2848.1863837329993,2854.73974609375,4374683
2025-10-20 00:00:00+05:30,2877.1943748710046,2913.333979311689,2870.4483153754104,2905.81689453125,3133039
2025-10-21 00:00:00+05:30,2921.140221212513,2921.814780103732,2887.313457420898,2897.625244140625,310644
2025-10-23 00:00:00+05:30,2944.1731825516827,2985.613263353556,2925.958915568601,2961.712890625,5564758
2025-10-24 00:00:00+05:30,2968.2662739630537,2977.9035021252716,2947.3535359078196,2952.07568359375,2684318
2025-10-27 00:00:00+05:30,2955.2558763824863,2981.9509500743798,2949.184375870237,2972.98828125,1946312
2025-10-28 00:00:00+05:30,2964.4114953280427,2978.096312781555,2929.9101701396817,2946.968017578125,3470737
2025-10-29 00:00:00+05:30,2946.96788369373,2964.4113606511696,2935.596142774,2946.678955078125,2895420
2025-10-30 00:00:00+05:30,2938.487165302022,2952.653842834952,2922.778437237614,2925.187744140625,2241536
2025-10-31 00:00:00+05:30,2924.898585437403,2956.1231088421955,2915.357824198127,2947.064208984375,1868085
2025-11-03 00:00:00+05:30,2936.3668007969727,2947.0642176101555,2900.805524854993,2907.35888671875,2194877
2025-11-04 00:00:00+05:30,2910.0574685167057,2919.4055326440953,2868.039060214524,2881.723876953125,2670720
2025-11-06 00:00:00+05:30,2881.627605776501,2914.2977142131544,2881.531139384038,2901.6728515625,2542721
2025-11-07 00:00:00+05:30,2892.1320716871546,2895.023240036059,2853.1012989769483,2883.265869140625,1830520
2025-11-10 00:00:00+05:30,2884.422275161144,2937.3305615709287,2883.4585523829414,2915.4541015625,1556656
2025-11-11 00:00:00+05:30,2934.5359333014544,2944.847720230334,2908.5154176367123,2936.46337890625,2806868
2025-11-12 00:00:00+05:30,2948.991669923252,3022.619995280987,2946.1969680097523,3018.18701171875,4460315
2025-11-13 00:00:00+05:30,3018.186949242595,3018.2831803470704,2989.4679642954256,2993.03369140625,1740435
2025-11-14 00:00:00+05:30,2977.9034333434784,3000.1655239975616,2965.6642009169345,2993.322998046875,2210794
2025-11-17 00:00:00+05:30,2993.323082448971,3010.188231818854,2974.626953832486,2989.660888671875,2232853
2025-11-18 00:00:00+05:30,2989.4680176661295,2992.3591859617445,2966.338671301208,2975.108642578125,2548350
2025-11-19 00:00:00+05:30,2984.6495543039355,3040.5454775036865,2971.639296317787,3033.51025390625,3151053
2025-11-20 00:00:00+05:30,3033.79944214396,3049.7008686990343,3024.2586803244717,3030.715576171875,2700767
2025-11-21 00:00:00+05:30,3030.715536432949,3055.0013041600305,3021.463703354114,3036.30517578125,4177037
2025-11-24 00:00:00+05:30,3043.4364388360186,3063.578150159984,3017.415924634444,3027.245849609375,6703764
2025-11-25 00:00:00+05:30,3031.197695489111,3035.534448554938,3001.9968444557608,3006.04443359375,2737920
2025-11-26 00:00:00+05:30,3005.658657913636,3062.71099952004,3003.923909850209,3048.15869140625,2508527
2025-11-27 00:00:00+05:30,3064.6384631299097,3064.6384631299097,3011.6337098367826,3022.81298828125,2836233
2025-11-28 00:00:00+05:30,3026.0897270293826,3033.124950840084,3011.6338843843378,3023.680419921875,1616690
2025-12-01 00:00:00+05:30,3024.0657566161144,3039.581788202742,3008.935355329588,3019.72900390625,1747647
2025-12-02 00:00:00+05:30,3017.416350282513,3029.9447477765,3007.2007935969305,3021.94580078125,2512003
2025-12-03 00:00:00+05:30,3026.0892756240173,3095.380843586067,3025.125552924774,3064.63818359375,3952112
2025-12-04 00:00:00+05:30,3078.130714428876,3132.0991928283806,3071.7700496468055,3112.0537109375,5025905
2025-12-05 00:00:00+05:30,3112.824571063191,3152.915532717371,3105.5001838412545,3120.72705078125,5244013
2025-12-08 00:00:00+05:30,3125.353065437683,3141.6398867746047,3092.2010949656524,3119.0888671875,2544725
2025-12-09 00:00:00+05:30,3112.824602659864,3116.390329915732,3065.794883587669,3091.911865234375,2734893
2025-12-10 00:00:00+05:30,3108.005961204973,3108.005961204973,3062.8074569989867,3073.504638671875,1386849
2025-12-11 00:00:00+05:30,3088.73179730002,3092.0083609433445,3038.714674477584,3076.10693359375,1914362
2025-12-12 00:00:00+05:30,3081.696505591174,3106.0787407149996,3070.131831409176,3103.66943359375,1146554
2025-12-15 00:00:00+05:30,3094.610369719165,3120.727116365754,3081.31094805451,3113.017333984375,1562190
2025-12-16 00:00:00+05:30,3103.187500999765,3103.187500999765,3075.3360054304358,3088.828125,1734623
2025-12-17 00:00:00+05:30,3084.394687896739,3119.474102184826,3084.394687896739,3101.067138671875,1376350
2025-12-18 00:00:00+05:30,3110.897128527372,3168.5277977297296,3104.1510690788923,3161.78173828125,2307422
2025-12-19 00:00:00+05:30,3179.3215200364916,3197.5357868591873,3159.854366515901,3162.938232421875,3902511
2025-12-22 00:00:00+05:30,3189.9226061933546,3207.8479451634685,3171.6118722000997,3204.281982421875,2632816
2025-12-23 00:00:00+05:30,3199.4631245744913,3199.4631245744913,3174.0209376032617,3189.92236328125,2365420
2025-12-24 00:00:00+05:30,3184.2368148202168,3206.4024407323423,3176.5270318942603,3198.59619140625,1367708
2025-12-26 00:00:00+05:30,3192.910060559104,3199.5596536775915,3153.108262388808,3161.0107421875,1176664
2025-12-29 00:00:00+05:30,3161.010777477703,3168.7205598617948,3125.2565675579217,3133.544677734375,2079473
2025-12-30 00:00:00+05:30,3132.099002526,3148.9641510011397,3121.9799134409154,3129.01513671875,2807593
2025-12-31 00:00:00+05:30,3122.461816571668,3128.2441532690227,3082.4673210816295,3089.887939453125,3362634
2026-01-01 00:00:00+05:30,3098.368779137981,3116.775978595714,3082.1781891606697,3110.31884765625,1255735
2026-01-02 00:00:00+05:30,3116.679314934201,3136.242933448354,3102.7053353217875,3132.7734375,1184324
2026-01-05 00:00:00+05:30,3122.94369701057,3129.207895137578,3075.2394189664337,3099.428955078125,2341703
2026-01-06 00:00:00+05:30,3093.5499289616628,3144.819930571793,3088.7313153651494,3137.6884765625,2912325
2026-01-07 00:00:00+05:30,3125.2565425983025,3180.8635358265738,3106.271250685878,3176.044921875,1989442
2026-01-08 00:00:00+05:30,3167.66037916829,3167.66037916829,3066.565951499233,3087.67138671875,4159336
2026-01-09 00:00:00+05:30,3075.239584998998,3112.5356118812538,3075.239584998998,3091.43017578125,1938673
2026-01-12 00:00:00+05:30,3086.804068110982,3134.026484388671,3059.145271347969,3122.076416015625,2228342
2026-01-13 00:00:00+05:30,3127.2804209827063,3161.0107182814413,3094.0319850739534,3149.446044921875,5645341
2026-01-14 00:00:00+05:30,3141.736098705462,3141.736098705462,3067.529448521315,3076.684814453125,3539511
2026-01-15 00:00:00+05:30,3076.684814453125,3076.684814453125,3076.684814453125,3076.684814453125,0
2026-01-16 00:00:00+05:30,3159.0110444402844,3161.464149941515,3111.519017760894,3146.54931640625,4293470
2026-01-19 00:00:00+05:30,3128.2002715520307,3159.600023336744,3092.973770842994,3104.258056640625,3387562
2026-01-20 00:00:00+05:30,3092.4832014713097,3100.7255406282875,3033.118044759914,3044.10791015625,4499273
2026-01-21 00:00:00+05:30,3041.8509292683366,3079.6287553253787,3024.188569033875,3064.027099609375,2015150
2026-01-22 00:00:00+05:30,3090.9130188550284,3100.7254411371077,3063.7326570458863,3091.305419921875,2269827
2026-01-23 00:00:00+05:30,3130.457047950816,3134.578217290946,3092.875423666008,3103.178466796875,2068857
2026-01-27 00:00:00+05:30,3115.4440572399217,3115.4440572399217,3071.2881572160486,3098.762939453125,4279874
2026-01-28 00:00:00+05:30,3116.425451779539,3145.0776781720924,3111.1268393421374,3140.073486328125,2751234
2026-01-29 00:00:00+05:30,3140.07335254898,3140.07335254898,3066.9708064954257,3085.41796875,2457641
2026-01-30 00:00:00+05:30,3082.082073579965,3082.082073579965,3034.001200735196,3065.302734375,3022068
2026-02-02 00:00:00+05:30,3138.0126916764966,3138.0126916764966,3075.2131881532646,3110.1455078125,2636272
2026-02-03 00:00:00+05:30,3287.1616459496977,3287.1616459496977,3126.532332237451,3164.80078125,4366060
2026-02-04 00:00:00+05:30,3061.475843095512,3061.475843095512,2929.9893806035893,2942.84375,10852595
2026-02-05 00:00:00+05:30,2933.9143670738968,2972.869637012123,2916.5464269268496,2935.38623046875,3521545
2026-02-06 00:00:00+05:30,2920.765595757455,2929.0079343210614,2861.302223276454,2886.422119140625,4687389
2026-02-09 00:00:00+05:30,2903.5941220720847,2921.15826303242,2882.3991930324937,2892.8984375,2380318
2026-02-10 00:00:00+05:30,2894.468444356794,2955.109263473934,2888.2865702537815,2928.61572265625,3547763
2026-02-11 00:00:00+05:30,2924.1019081110685,2941.76426862986,2849.723697569715,2855.21875,3363513
2026-02-12 00:00:00+05:30,2815.9690535680857,2825.977676593803,2688.603761759382,2698.514404296875,10612156
2026-02-13 00:00:00+05:30,2536.5113141072056,2662.110326952746,2536.5113141072056,2641.700439453125,11168735
2026-02-16 00:00:00+05:30,2649.3540277067937,2668.7826718221954,2620.898002964758,2655.830322265625,2918730
2026-02-17 00:00:00+05:30,2665.0538469624375,2708.228504276998,2644.6439610469733,2666.427490234375,4209118
2026-02-18 00:00:00+05:30,2678.7913077273606,2678.7913077273606,2607.4550449905755,2644.349609375,2950820
2026-02-19 00:00:00+05:30,2657.2039438116426,2697.140454434555,2616.5806115438327,2627.66845703125,3238849
2026-02-20 00:00:00+05:30,2616.973184248376,2651.905505554349,2597.838959616639,2635.81298828125,2293482
2026-02-23 00:00:00+05:30,2635.616634548502,2653.2789947204583,2610.3005370564806,2626.0986328125,4699596
2026-02-24 00:00:00+05:30,2591.460746119642,2597.8388206557183,2513.255787797201,2525.423095703125,7798833
2026-02-25 00:00:00+05:30,2547.3048106742554,2604.4130601353972,2546.3235684513456,2579.980224609375,3621285
2026-02-26 00:00:00+05:30,2600.292061423079,2620.8981494569975,2585.573427113137,2598.03515625,3464267
2026-02-27 00:00:00+05:30,2631.299321894741,2638.168017666852,2576.8403768444346,2587.92822265625,5083717
2026-03-02 00:00:00+05:30,2543.37985460111,2574.5834053591284,2531.8993684474203,2564.4765625,3374385
2026-03-04 00:00:00+05:30,2575.7609535201655,2585.5733762002424,2531.997452542583,2539.2587890625,3446434
2026-03-05 00:00:00+05:30,2551.229777430436,2560.551578540278,2498.6350985020495,2530.427490234375,2960636
2026-03-06 00:00:00+05:30,2523.7550365456814,2570.069622274581,2505.7002751879877,2509.625244140625,3998643
2026-03-09 00:00:00+05:30,2482.54302502939,2511.9802941008847,2458.0119674698108,2479.99169921875,3653428
2026-03-10 00:00:00+05:30,2493.3365235176843,2497.45769299971,2443.39138949283,2465.9599609375,4323710
2026-03-11 00:00:00+05:30,2461.053921737681,2473.711851651557,2413.954291083466,2418.6640625,2720664
2026-03-12 00:00:00+05:30,2413.6596961153996,2426.513825649523,2390.3060830242093,2396.5859375,2752075
2026-03-13 00:00:00+05:30,2391.287343235487,2400.0203033629555,2352.0376535639975,2365.284423828125,2466488
2026-03-16 00:00:00+05:30,2364.793830777467,2379.5124645789865,2321.7173916761253,2364.0087890625,3807907
2026-03-17 00:00:00+05:30,2374.6063631722786,2374.6063631722786,2315.7318252423875,2346.837158203125,2993367
2026-03-18 00:00:00+05:30,2364.793804301608,2436.326267951688,2364.793804301608,2395.01611328125,3082388
2026-03-19 00:00:00+05:30,2371.6624152761565,2378.5311107279285,2306.115387909886,2311.806640625,2757060
2026-03-20 00:00:00+05:30,2341.2440023374425,2362.6351312433567,2319.8528734315287,2345.7578125,4206320
2026-03-23 00:00:00+05:30,2320.6378037995523,2361.6537756859007,2303.956686393805,2339.085205078125,3860515
2026-03-24 00:00:00+05:30,2359.0045869106293,2389.7172776589064,2334.47353068287,2353.803955078125,3420182
2026-03-25 00:00:00+05:30,2355.864368126978,2376.1762738846405,2325.3478785890734,2332.80517578125,5843778
2026-03-27 00:00:00+05:30,2358.8080275261386,2376.6668272056972,2340.262645780238,2344.97265625,4979411
2026-03-30 00:00:00+05:30,2330.5484146912077,2353.0187649541185,2302.1903717438945,2314.652099609375,6804756
2026-04-01 00:00:00+05:30,2383.437228779803,2425.6306420517385,2352.9205014959025,2363.02734375,4132661
2026-04-02 00:00:00+05:30,2341.24390183887,2423.570027038862,2331.1370592120925,2404.730224609375,5378361
2026-04-06 00:00:00+05:30,2427.593337237373,2435.4432752720936,2402.2772391631793,2427.4951171875,2572417
2026-04-07 00:00:00+05:30,2414.837240451596,2496.182129281132,2402.0810908677395,2492.1591796875,4516550
2026-04-08 00:00:00+05:30,2523.755016821873,2531.899375247164,2492.453485493659,2511.195068359375,4769337
2026-04-09 00:00:00+05:30,2506.0927992754805,2556.136155878084,2483.622446743067,2540.436279296875,5628261
2026-04-10 00:00:00+05:30,2517.671257898199,2517.671257898199,2454.1849361455575,2476.94970703125,10480239
2026-04-13 00:00:00+05:30,2443.195026142192,2457.9136601554055,2423.6684008424363,2426.2197265625,3739587
2026-04-15 00:00:00+05:30,2454.9699887251027,2510.9990192902537,2446.629429262826,2506.975830078125,5261384
2026-04-16 00:00:00+05:30,2523.754997213638,2545.3423261167095,2510.0176060935014,2528.56298828125,3905403
2026-04-17 00:00:00+05:30,2521.7923752088177,2540.435976426315,2507.9567647966655,2533.07666015625,2718206
2026-04-20 00:00:00+05:30,2538.571963483115,2545.3424392975157,2513.15764504414,2531.212646484375,2288558
2026-04-21 00:00:00+05:30,2511.9802240950007,2564.9673069470045,2511.9802240950007,2561.532958984375,2719959
2026-04-22 00:00:00+05:30,2531.6050998221144,2531.6050998221144,2456.6382849386455,2490.883544921875,5232045
2026-04-23 00:00:00+05:30,2481.5617226658205,2511.4896121641627,2469.0999936393873,2474.496826171875,2509050
2026-04-24 00:00:00+05:30,2441.3307179215667,2458.0118361710306,2343.991534636913,2351.939453125,5107719
2026-04-27 00:00:00+05:30,2351.9393059532576,2412.874541687738,2351.9393059532576,2401.6884765625,5853425
2026-04-28 00:00:00+05:30,2398.155951805419,2440.349366669426,2381.867235359066,2398.8427734375,4508363
2026-04-29 00:00:00+05:30,2405.024637022461,2441.2323784506298,2401.688509360205,2428.280029296875,2835961
2026-04-30 00:00:00+05:30,2432.4995485090735,2444.2744555611544,2392.26861608113,2427.4951171875,3970446
2026-05-01 00:00:00+05:30,2427.4951171875,2427.4951171875,2427.4951171875,2427.4951171875,0
2026-05-04 00:00:00+05:30,2447.2181772447047,2451.4375668418284,2379.512461835769,2385.6943359375,2632358
2026-05-05 00:00:00+05:30,2384.418837601779,2414.248508305356,2366.9526763935437,2381.76953125,3385720
2026-05-06 00:00:00+05:30,2396.0953597954776,2424.6496051586114,2361.3594798924314,2389.71728515625,3147628
2026-05-07 00:00:00+05:30,2392.4647422177254,2393.9366055534624,2353.018852732181,2356.35498046875,5829594
2026-05-08 00:00:00+05:30,2353.018651512491,2361.8498307717123,2330.5483023329007,2349.486083984375,3792199
2026-05-11 00:00:00+05:30,2326.5252955775945,2369.699953108347,2326.5252955775945,2348.014404296875,1975188
2026-05-12 00:00:00+05:30,2330.450360002076,2330.450360002076,2240.176072372522,2257.151611328125,6347884
2026-05-13 00:00:00+05:30,2262.7444282326155,2265.8843552424923,2226.4384681959255,2230.167236328125,3171843
2026-05-14 00:00:00+05:30,2222.513720137884,2222.513720137884,2165.012827845418,2203.8701171875,5633313
2026-05-15 00:00:00+05:30,2209.7575636145925,2261.665183205434,2209.7575636145925,2221.532470703125,3410637
2026-05-18 00:00:00+05:30,2221.5322685970373,2249.8900714309348,2209.953563101145,2240.3720703125,3773336
2026-05-19 00:00:00+05:30,2256.857213357978,2333.0017090765828,2254.0117066090534,2283.448974609375,10394707
2026-05-20 00:00:00+05:30,2280.308816116464,2298.0693970332622,2274.3233820043192,2283.7431640625,2537422
2026-05-21 00:00:00+05:30,2287.275643394801,2292.0836345084317,2270.594525446405,2283.546875,3299087
2026-05-22 00:00:00+05:30,2287.373709336333,2296.1066687906364,2264.805139514887,2273.83251953125,2617262
2026-05-25 00:00:00+05:30,2312.3217190072714,2313.415817804508,2280.496215777924,2295.61328125,3298364
2026-05-26 00:00:00+05:30,2295.613098349941,2315.205623652634,2260.008270887014,2263.78759765625,3587597
2026-05-27 00:00:00+05:30,2262.5943570616037,2283.0821217701528,2248.571147658945,2271.744140625,2653950
2026-05-28 00:00:00+05:30,2271.744140625,2271.744140625,2271.744140625,2271.744140625,0
2026-05-29 00:00:00+05:30,2278.507085795833,2321.2726050840133,2222.81245602518,2246.58203125,16331582
2026-06-01 00:00:00+05:30,2271.5452382799426,2322.267132829976,2267.5670504720965,2284.8720703125,7505095
2026-06-02 00:00:00+05:30,2307.34897134468,2443.9996279549005,2303.569644295269,2433.556884765625,11306127
2026-06-03 00:00:00+05:30,2379.9508308808004,2379.9508308808004,2212.6680838914085,2229.475830078125,15660062
2026-06-04 00:00:00+05:30,2229.4759194813155,2240.8139007540485,2204.5129359355733,2228.77978515625,4867263
2026-06-05 00:00:00+05:30,2250.560184151513,2259.4117976453776,2180.0469028924485,2186.9091796875,5019717
2026-06-08 00:00:00+05:30,2158.1668832997775,2165.128711955583,2131.6125282744956,2139.668212890625,6536734
2026-06-09 00:00:00+05:30,2162.145087858845,2162.145087858845,2121.169801728995,2139.2705078125,4148655
2026-06-10 00:00:00+05:30,2139.568864676436,2168.907999188303,2133.1043096144995,2142.154541015625,2848650
2026-06-11 00:00:00+05:30,2115.4013888441136,2142.8509821277357,2098.494090484758,2123.95458984375,3079815
2026-06-12 00:00:00+05:30,2138.276030955957,2156.177876796519,2126.3414670622496,2149.61376953125,2124656
2026-06-15 00:00:00+05:30,2180.046856932239,2180.046856932239,2147.525221086398,2150.21044921875,3337083
2026-06-16 00:00:00+05:30,2155.183285992923,2196.954258771743,2148.818282502735,2187.0087890625,3079898
2026-06-17 00:00:00+05:30,2196.9542720106556,2218.8343055028395,2188.6994835403766,2210.8779296875,2865010
2026-06-18 00:00:00+05:30,2196.9542695909468,2201.927004470057,2170.101501243751,2191.285400390625,3735188
2026-06-19 00:00:00+05:30,2093.521413717831,2126.341464384191,2048.6672473500757,2113.412353515625,13286502
2026-06-22 00:00:00+05:30,2120.5729308842238,2145.237743488044,2109.434053749718,2116.197021484375,4566101
2026-06-23 00:00:00+05:30,2099.4885101234904,2102.4721508294924,2043.7938836114508,2048.368896484375,6392736
2026-06-24 00:00:00+05:30,2049.7612582514666,2109.1356624395376,2049.7612582514666,2097.49951171875,4747277
2026-06-25 00:00:00+05:30,2121.965363861958,2136.78401555451,2076.61392807904,2083.27734375,4738903
2026-06-26 00:00:00+05:30,2083.27734375,2083.27734375,2083.27734375,2083.27734375,0
2026-06-29 00:00:00+05:30,2078.6031371123327,2093.521341445675,2059.706744956766,2086.4599609375,3412470
2026-06-30 00:00:00+05:30,2078.60311543387,2092.8251853118586,2007.791421498655,2020.422119140625,6848411
2026-07-01 00:00:00+05:30,2028.776408877907,2040.8104030555382,1966.0205187179013,1971.788818359375,4658295
2026-07-02 00:00:00+05:30,1997.0503819057583,2065.5745732846704,1991.580373389582,2056.82275390625,6040621
2026-07-03 00:00:00+05:30,2088.5485393778363,2105.0581154318793,2073.6303355251375,2082.083984375,4028819
2026-07-06 00:00:00+05:30,2078.6031065753987,2081.5867473982344,2039.4180542258837,2046.3798828125,2567386
2026-07-07 00:00:00+05:30,2038.8212111731864,2111.124724588052,2037.8266642409067,2084.669921875,4769048
2026-07-08 00:00:00+05:30,2082.5813599967723,2098.1956989000228,2037.6278854106638,2046.2803955078125,3666985
2026-07-09 00:00:00+05:30,2046.280350211656,2053.7394523387943,2005.006651774823,2038.323974609375,3791498
2026-07-10 00:00:00+05:30,2093.7200783959847,2121.666943317309,2053.341620075063,2057.717529296875,6714551
2026-07-13 00:00:00+05:30,2063.684994131224,2192.8765503750355,2053.8390761022306,2169.604248046875,12382622
2026-07-14 00:00:00+05:30,2170.996422535663,2215.850586742918,2167.1177865856457,2188.60009765625,9546290
2026-07-15 00:00:00+05:30,2174.10009765625,2202.89990234375,2145.39990234375,2189.199951171875,5426489
2026-07-16 00:00:00+05:30,2206.0,2231.39990234375,2187.800048828125,2201.0,5197595
2026-07-17 00:00:00+05:30,2224.800048828125,2275.0,2215.10009765625,2269.0,5615138
2026-07-20 00:00:00+05:30,2280.10009765625,2283.39990234375,2245.10009765625,2251.10009765625,2202693
2026-07-21 00:00:00+05:30,2245.10009765625,2259.89990234375,2218.5,2221.10009765625,2382160
2026-07-22 00:00:00+05:30,2216.0,2226.800048828125,2201.0,2208.300048828125,1599665
2026-07-23 00:00:00+05:30,2204.0,2250.0,2193.60009765625,2242.89990234375,2503539
2026-07-24 00:00:00+05:30,2205.10009765625,2264.300048828125,2205.10009765625,2254.300048828125,3211699
2026-07-27 00:00:00+05:30,2286.0,2315.0,2272.39990234375,2295.60009765625,4007292
2026-07-28 00:00:00+05:30,2325.0,2417.39990234375,2323.0,2398.0,8248513
2026-07-29 00:00:00+05:30,2440.0,2475.5,2415.10009765625,2446.60009765625,7169419
2026-07-30 00:00:00+05:30,2440.0,2495.0,2423.0,2431.800048828125,4901582
2026-07-31 00:00:00+05:30,2385.0,2391.0,2326.10009765625,2365.60009765625,4343683
2026-08-03 00:00:00+05:30,2383.89990234375,2473.699951171875,2383.0,2473.699951171875,3036839
2026-08-04 00:00:00+05:30,2463.10009765625,2467.39990234375,2435.10009765625,2460.0,2792792
2026-08-05 00:00:00+05:30,2460.0,2460.89990234375,2408.0,2413.0,3014409
2026-08-06 00:00:00+05:30,2417.0,2434.5,2368.5,2373.0,2729141
2026-08-07 00:00:00+05:30,2375.0,2457.699951171875,2375.0,2452.699951171875,4547979
2026-08-10 00:00:00+05:30,2452.699951171875,2472.89990234375,2423.5,2425.699951171875,2322023
2026-08-11 00:00:00+05:30,2438.0,2456.60009765625,2428.0,2445.699951171875,1514105
2026-08-12 00:00:00+05:30,2445.699951171875,2445.800048828125,2300.10009765625,2349.699951171875,7022647
2026-08-13 00:00:00+05:30,2349.699951171875,2375.0,2332.300048828125,2375.0,2123494
2026-08-14 00:00:00+05:30,2375.10009765625,2390.0,2333.39990234375,2361.0,2232160
2026-08-17 00:00:00+05:30,2351.0,2361.10009765625,2310.60009765625,2313.199951171875,2237636
2026-08-18 00:00:00+05:30,2300.0,2307.0,2280.0,2280.0,1797822
2026-08-19 00:00:00+05:30,2293.60009765625,2308.199951171875,2258.300048828125,2289.0,3368922
2026-08-20 00:00:00+05:30,2319.39990234375,2329.0,2288.10009765625,2298.0,2047848
2026-08-21 00:00:00+05:30,2290.10009765625,2307.199951171875,2263.300048828125,2302.0,2066749
2026-08-24 00:00:00+05:30,2302.39990234375,2321.60009765625,2279.5,2284.10009765625,1542723
2026-08-25 00:00:00+05:30,2305.0,2313.5,2262.0,2296.199951171875,3041609
2026-08-26 00:00:00+05:30,2305.10009765625,2306.300048828125,2266.39990234375,2270.0,1660737
2026-08-27 00:00:00+05:30,2270.0,2283.60009765625,2243.89990234375,2248.39990234375,1709113
2026-08-28 00:00:00+05:30,2272.0,2348.5,2263.300048828125,2342.0,4054069
2026-08-31 00:00:00+05:30,2342.0,2399.300048828125,2306.199951171875,2399.300048828125,2905846
2026-09-01 00:00:00+05:30,2355.0,2372.0,2325.0,2369.0,2678034
2026-09-02 00:00:00+05:30,2347.89990234375,2363.0,2303.5,2348.0,2533005
2026-09-03 00:00:00+05:30,2353.60009765625,2353.60009765625,2316.10009765625,2320.10009765625,1892786
2026-09-04 00:00:00+05:30,2330.0,2363.89990234375,2302.39990234375,2304.0,2564322
2026-09-07 00:00:00+05:30,2290.10009765625,2299.89990234375,2260.10009765625,2270.0,2297551
2026-09-08 00:00:00+05:30,2270.0,2274.5,2244.0,2255.5,2142654
